Project: Evolutionary Intensity Measures for More Accurate and Informative Liquefaction Hazard Evaluation,,,,
Exp8: 72 to 94% Relative Density Cyclic Simple Shear Tests under Modulated Sine Loadings,,,,
Operator: Wing Shun Kwan,,,,
Date: 2013-08-07,,,,
,,,,
Time [sec],Shear Strain [%],Shear Stress [kPa],Effective Vertical Stress [kPa],Excess Pore Pressure [kPa]
0.001,0,-0.032956547,103.4079683,0
0.013,0,-0.032956547,103.4141568,-0.1
0.026,0,-0.032956547,103.4141568,-0.1
0.038,0,-0.032956547,103.3846444,-0.2
0.051,0,-0.065913094,103.3141568,0
0.064,0,-0.032956547,103.3203453,-0.1
0.076,0,-0.032956547,103.3141568,0
0.089,0,-0.032956547,103.3141568,0
0.102,0.000871031,-0.032956547,103.3141568,0
0.115,0,-0.032956547,103.4141568,-0.1
0.127,0.000871031,-0.032956547,103.4141568,-0.1
0.14,0,-0.032956547,103.3784559,-0.1
0.153,0.000871031,0,103.4722674,-0.1
0.165,0,0,103.3722674,0
0.178,0.000871031,0,103.4141568,-0.1
0.191,0,0,103.4141568,-0.1
0.203,0,0,103.4141568,-0.1
0.216,0,-0.032956547,103.4141568,-0.1
0.229,0.000871031,-0.032956547,103.3784559,-0.1
0.242,0,0,103.3784559,-0.1
0.254,0.000871031,0,103.4141568,-0.1
0.267,0,0,103.4079683,0
0.28,0,0,103.4141568,-0.1
0.292,0,-0.032956547,103.3784559,-0.1
0.305,0,-0.032956547,103.4141568,-0.1
0.318,0,-0.032956547,103.3784559,-0.1
0.33,0,-0.032956547,103.2784559,0
0.343,0,0,103.2846444,-0.1
0.356,0,-0.032956547,103.2784559,0
0.369,0.000871031,-0.032956547,103.2784559,0
0.381,0.000871031,-0.032956547,103.3141568,0
0.394,0.000871031,-0.032956547,103.3784559,-0.1
0.407,0,0,103.4141568,-0.1
0.419,0,0,103.4141568,-0.1
0.432,-0.000435515,0,103.4141568,-0.1
0.445,0,0,103.4079683,0
0.458,0,0,103.4141568,-0.1
0.47,0.000871031,0,103.3784559,-0.1
0.483,0.000871031,-0.032956547,103.4141568,-0.1
0.496,0.000871031,-0.032956547,103.4141568,-0.1
0.508,0,0,103.4141568,-0.1
0.521,0.000871031,0,103.4079683,0
0.534,0,0,103.3784559,-0.1
0.546,0.000871031,-0.032956547,103.3722674,0
0.559,0,-0.032956547,103.3784559,-0.1
0.572,0.000871031,0,103.3722674,0
0.585,0,0,103.3784559,-0.1
0.597,0,0,103.2784559,0
0.61,0,-0.032956547,103.2784559,0
0.623,0,0,103.2784559,0
0.635,0,-0.032956547,103.4141568,-0.1
0.648,0,-0.032956547,103.3141568,0
0.661,0,-0.032956547,103.4141568,-0.1
0.673,0,-0.032956547,103.3203453,-0.1
0.686,0,-0.032956547,103.3203453,-0.1
0.699,0,-0.032956547,103.3203453,-0.1
0.712,0.000871031,-0.032956547,103.3141568,0
0.724,0,0,103.3141568,0
0.737,0.000871031,0,103.4079683,0
0.75,0,0,103.4722674,-0.1
0.762,0.000871031,0,103.5660789,-0.1
0.775,0,0,103.4141568,-0.1
0.788,0.000871031,0,103.4079683,0
0.801,0,0,103.4141568,-0.1
0.813,0.000871031,0,103.4141568,-0.1
0.826,0,0,103.4141568,-0.1
0.839,0,0,103.3784559,-0.1
0.851,0,0,103.3784559,-0.1
0.864,0.000871031,0,103.4141568,-0.1
0.877,0,0,103.4141568,-0.1
0.889,0.000871031,0,103.3141568,0
0.902,0,0,103.3141568,0
0.915,0,0,103.3203453,-0.1
0.928,0.000871031,0,103.3141568,0
0.94,0,-0.032956547,103.3203453,-0.1
0.953,0.000871031,0,103.3141568,0
0.966,0,0,103.2846444,-0.1
0.978,0,-0.032956547,103.2784559,0
0.991,0,0,103.2846444,-0.1
1.004,0,-0.032956547,103.3141568,0
1.016,0,-0.032956547,103.2846444,-0.1
1.029,0.000871031,-0.032956547,103.3784559,-0.1
1.042,0,-0.032956547,103.4079683,0
1.055,0.000871031,-0.032956547,103.4141568,-0.1
1.067,0,-0.032956547,103.4141568,-0.1
1.08,0.000871031,-0.032956547,103.3784559,-0.1
1.093,0,-0.032956547,103.3722674,0
1.105,0.000871031,-0.032956547,103.5079683,-0.1
1.118,0,-0.032956547,103.5079683,-0.1
1.131,0,0,103.4141568,-0.1
1.144,0,0,103.4079683,0
1.156,0.000871031,0,103.4141568,-0.1
1.169,0,0,103.4079683,0
1.182,0,0,103.4141568,-0.1
1.194,0,0,103.3784559,-0.1
1.207,0,-0.032956547,103.4141568,-0.1
1.22,0.000871031,0,103.4141568,-0.1
1.232,0,-0.032956547,103.3141568,0
1.245,0,-0.032956547,103.3141568,0
1.258,0,-0.032956547,103.2784559,0
1.271,0,0,103.3784559,-0.1
1.283,0,0,103.4141568,-0.1
1.296,0,0,103.4141568,-0.1
1.309,0,0,103.3141568,0
1.321,0,0,103.3141568,0
1.334,0,0,103.4079683,0
1.347,0,0,103.4079683,0
1.359,0,0,103.4079683,0
1.372,0.000871031,0,103.5079683,-0.1
1.385,0,0,103.5079683,-0.1
1.398,0.000871031,-0.032956547,103.5079683,-0.1
1.41,0,-0.032956547,103.4079683,0
1.423,0.000871031,0,103.4722674,-0.1
1.436,0,0,103.4141568,-0.1
1.448,0.000871031,0,103.4141568,-0.1
1.461,0.000871031,0,103.4141568,-0.1
1.474,0.000871031,0,103.5079683,-0.1
1.487,0,0,103.5079683,-0.1
1.499,0.000871031,-0.032956547,103.4079683,0
1.512,0,0,103.4079683,0
1.525,0.000871031,0,103.4079683,0
1.537,0.000871031,-0.032956547,103.4141568,-0.1
1.55,0.000871031,-0.032956547,103.3141568,0
1.563,0.000871031,-0.032956547,103.3141568,0
1.575,0.000871031,-0.032956547,103.2784559,0
1.588,0.000871031,0,103.4141568,-0.1
1.601,0,0,103.4141568,-0.1
1.614,0,0,103.3784559,-0.1
1.626,0.000871031,0,103.4141568,-0.1
1.639,0.000871031,0,103.4141568,-0.1
1.652,0.000871031,0,103.4141568,-0.1
1.664,0.000871031,0,103.3141568,0
1.677,0,0,103.2784559,0
1.69,0.000871031,0,103.3141568,0
1.702,0,0,103.2784559,0
1.715,0.000871031,0,103.3141568,0
1.728,0,0,103.4079683,0
1.741,0.000871031,0,103.4079683,0
1.753,0,0,103.4722674,-0.1
1.766,0,0,103.3722674,0
1.779,0,0,103.3722674,0
1.791,0,0,103.4141568,-0.1
1.804,0,0,103.4141568,-0.1
1.817,0.000871031,0,103.3141568,0
1.83,0,-0.032956547,103.4079683,0
1.842,0,0,103.3141568,0
1.855,0,0,103.2784559,0
1.868,0.000871031,0,103.2846444,-0.1
1.88,0.000871031,0,103.4079683,0
1.893,0.000871031,0,103.4141568,-0.1
1.906,0.000871031,0,103.4079683,0
1.918,0.000871031,0,103.4141568,-0.1
1.931,0,0,103.3079683,0.1
1.944,0,0,103.2846444,-0.1
1.957,0,0,103.2784559,0
1.969,0,-0.032956547,103.2846444,-0.1
1.982,0,0,103.3141568,0
1.995,-0.000435515,0,103.3141568,0
2.007,0,0,103.3141568,0
2.02,0,0,103.3141568,0
2.033,0,0,103.5141568,-0.2
2.045,0,0,103.3722674,0
2.058,0.000871031,0,103.3784559,-0.1
2.071,0.000871031,0,103.3784559,-0.1
2.084,0.000871031,0,103.3784559,-0.1
2.096,0,0,103.3722674,0
2.109,0,-0.032956547,103.4141568,-0.1
2.122,0.000871031,0,103.3722674,0
2.134,0,-0.032956547,103.3784559,-0.1
2.147,0,-0.032956547,103.3722674,0
2.16,0,-0.032956547,103.3784559,-0.1
2.173,0,0,103.3722674,0
2.185,0,0,103.4141568,-0.1
2.198,0,0,103.4079683,0
2.211,0,0,103.4141568,-0.1
2.223,0,0,103.4079683,0
2.236,0,0,103.4141568,-0.1
2.249,0,0,103.3141568,0
2.261,-0.000435515,0,103.3203453,-0.1
2.274,0,0,103.3141568,0
2.287,-0.000435515,0,103.4079683,0
2.3,0,0,103.3722674,0
2.312,0,0,103.5079683,-0.1
2.325,0,-0.032956547,103.4141568,-0.1
2.338,0,-0.032956547,103.4141568,-0.1
2.35,0.000871031,-0.032956547,103.3784559,-0.1
2.363,0,0,103.3784559,-0.1
2.376,0.000871031,0,103.2784559,0
2.388,0,0,103.3722674,0
2.401,0.000871031,0,103.4079683,0
2.414,0,0,103.4722674,-0.1
2.427,0.000871031,0,103.4722674,-0.1
2.439,0,0,103.4079683,0
2.452,0.000871031,0,103.4141568,-0.1
2.465,0,0,103.3784559,-0.1
2.477,0,0,103.3722674,0
2.49,0,0,103.4079683,0
2.503,0.000871031,0,103.4079683,0
2.516,0.000871031,0,103.4141568,-0.1
2.528,0.000871031,0,103.3784559,-0.1
2.541,0.000871031,-0.032956547,103.3784559,-0.1
2.554,0.000871031,-0.032956547,103.4141568,-0.1
2.566,0.000871031,0,103.4079683,0
2.579,0,0,103.3784559,-0.1
2.592,0.000871031,0,103.3722674,0
2.604,0.000871031,0,103.4141568,-0.1
2.617,0.000871031,0,103.4141568,-0.1
2.63,0.000871031,0,103.3203453,-0.1
2.643,0.000871031,0,103.2141568,0.1
2.655,0,-0.032956547,103.3846444,-0.2
2.668,0.000871031,-0.032956547,103.2784559,0
2.681,0,-0.032956547,103.3784559,-0.1
2.693,0.000871031,-0.032956547,103.3722674,0
2.706,0,-0.032956547,103.3784559,-0.1
2.719,0.000871031,0,103.3722674,0
2.731,0,0,103.3784559,-0.1
2.744,0.000871031,0,103.2784559,0
2.757,0,-0.032956547,103.2784559,0
2.77,0,-0.032956547,103.2784559,0
2.782,0,0,103.3784559,-0.1
2.795,0,0,103.3722674,0
2.808,0,0,103.3722674,0
2.82,0,0,103.2784559,0
2.833,0.000871031,-0.032956547,103.2784559,0
2.846,0.000871031,-0.032956547,103.2846444,-0.1
2.859,0.000871031,0,103.2784559,0
2.871,0.000871031,0,103.4141568,-0.1
2.884,0.000871031,0,103.4079683,0
2.897,0.000871031,0,103.4141568,-0.1
2.909,0.000871031,-0.032956547,103.4079683,0
2.922,0,-0.032956547,103.3846444,-0.2
2.935,0,-0.032956547,103.3722674,0
2.947,0,0,103.4141568,-0.1
2.96,0.000871031,0,103.4079683,0
2.973,0,0,103.4141568,-0.1
2.986,0.000871031,-0.032956547,103.3722674,0
2.998,0.000871031,-0.032956547,103.3784559,-0.1
3.011,0.000871031,-0.032956547,103.3722674,0
3.024,0,0,103.3722674,0
3.036,0.000871031,0,103.4722674,-0.1
3.049,0,0,103.3722674,0
3.062,0,-0.032956547,103.2784559,0
3.074,0,0,103.3141568,0
3.087,0,0,103.4203453,-0.2
3.1,0,0,103.2784559,0
3.113,0,-0.032956547,103.2846444,-0.1
3.125,0.000871031,-0.032956547,103.2784559,0
3.138,0,-0.032956547,103.3203453,-0.1
3.151,0.000871031,-0.032956547,103.2784559,0
3.163,0,-0.032956547,103.2846444,-0.1
3.176,0.000871031,-0.032956547,103.3784559,-0.1
3.189,0,-0.032956547,103.3784559,-0.1
3.201,0.000871031,-0.032956547,103.3784559,-0.1
3.214,0,-0.032956547,103.3784559,-0.1
3.227,0.000871031,-0.032956547,103.3784559,-0.1
3.24,0,-0.032956547,103.3784559,-0.1
3.252,0.000871031,-0.032956547,103.2784559,0
3.265,0.000871031,-0.032956547,103.4079683,0
3.278,0.000871031,-0.032956547,103.4079683,0
3.29,0,-0.032956547,103.4079683,0
3.303,0.000871031,-0.032956547,103.4141568,-0.1
3.316,0,-0.032956547,103.3722674,0
3.329,0.000871031,-0.032956547,103.3784559,-0.1
3.341,0,-0.032956547,103.3784559,-0.1
3.354,0.000871031,-0.032956547,103.3784559,-0.1
3.367,0,-0.032956547,103.3784559,-0.1
3.379,0.000871031,-0.032956547,103.3784559,-0.1
3.392,0,-0.032956547,103.3784559,-0.1
3.405,0,-0.032956547,103.3784559,-0.1
3.417,0,-0.032956547,103.4141568,-0.1
3.43,0,-0.032956547,103.4141568,-0.1
3.443,0,-0.032956547,103.4141568,-0.1
3.456,0,-0.032956547,103.4079683,0
3.468,0.000871031,-0.032956547,103.4141568,-0.1
3.481,0,0,103.3141568,0
3.494,0,0,103.2784559,0
3.506,0,-0.032956547,103.3722674,0
3.519,0,-0.032956547,103.3784559,-0.1
3.532,0,-0.032956547,103.3784559,-0.1
3.545,0.000871031,-0.032956547,103.2784559,0
3.557,0,-0.032956547,103.2846444,-0.1
3.57,0.000871031,-0.032956547,103.2784559,0
3.583,0.000871031,-0.032956547,103.3784559,-0.1
3.595,0.000871031,-0.032956547,103.3141568,0
3.608,0.000871031,-0.032956547,103.2846444,-0.1
3.621,0.000871031,-0.032956547,103.3722674,0
3.633,0,-0.032956547,103.4722674,-0.1
3.646,0.000871031,-0.032956547,103.4660789,0
3.659,0,-0.032956547,103.4722674,-0.1
3.672,0.000871031,-0.032956547,103.4722674,-0.1
3.684,0,-0.032956547,103.3784559,-0.1
3.697,0,-0.032956547,103.3722674,0
3.71,0,-0.032956547,103.3784559,-0.1
3.722,0.000871031,-0.032956547,103.3722674,0
3.735,0,-0.032956547,103.2784559,0
3.748,0,-0.032956547,103.4079683,0
3.76,0,-0.032956547,103.4141568,-0.1
3.773,0,-0.032956547,103.3722674,0
3.786,0,-0.065913094,103.3722674,0
3.799,0,-0.065913094,103.3784559,-0.1
3.811,0.000871031,-0.065913094,103.2784559,0
3.824,0,-0.065913094,103.3784559,-0.1
3.837,0.000871031,-0.032956547,103.2784559,0
3.849,0,-0.032956547,103.4141568,-0.1
3.862,0.000871031,-0.032956547,103.3784559,-0.1
3.875,0,-0.065913094,103.2784559,0
3.887,0.000871031,-0.065913094,103.2784559,0
3.9,0,-0.065913094,103.4203453,-0.2
3.913,0.000871031,-0.065913094,103.4079683,0
3.926,0,-0.065913094,103.3784559,-0.1
3.938,0.000871031,-0.065913094,103.4079683,0
3.951,0,-0.065913094,103.3784559,-0.1
3.964,0,-0.032956547,103.3722674,0
3.976,0,-0.032956547,103.4079683,0
3.989,0,-0.065913094,103.4141568,-0.1
4.002,0,-0.032956547,103.4141568,-0.1
4.015,0,-0.032956547,103.4141568,-0.1
4.027,0.000871031,-0.032956547,103.4141568,-0.1
4.04,0,-0.032956547,103.2784559,0
4.053,0.000871031,-0.032956547,103.4079683,0
4.065,0.000871031,-0.065913094,103.3784559,-0.1
4.078,0.000871031,-0.065913094,103.4079683,0
4.091,0,-0.065913094,103.3846444,-0.2
4.103,0,-0.065913094,103.3141568,0
4.116,-0.000435515,-0.065913094,103.2784559,0
4.129,0,-0.032956547,103.3722674,0
4.142,0,-0.032956547,103.3784559,-0.1
4.154,0,-0.065913094,103.3141568,0
4.167,0,-0.065913094,103.3141568,0
4.18,0.000871031,-0.065913094,103.3141568,0
4.192,0,-0.065913094,103.4141568,-0.1
4.205,0.000871031,-0.065913094,103.5141568,-0.2
4.218,0,-0.065913094,103.4079683,0
4.23,0.000871031,-0.032956547,103.4141568,-0.1
4.243,0,-0.065913094,103.4079683,0
4.256,0.000871031,-0.065913094,103.4141568,-0.1
4.269,0,-0.065913094,103.3722674,0
4.281,0.000871031,-0.065913094,103.3784559,-0.1
4.294,0.000871031,-0.065913094,103.4141568,-0.1
4.307,0.000871031,-0.065913094,103.3784559,-0.1
4.319,0.000871031,-0.065913094,103.4141568,-0.1
4.332,0.000871031,-0.032956547,103.4141568,-0.1
4.345,0,-0.032956547,103.3784559,-0.1
4.358,0,-0.032956547,103.2846444,-0.1
4.37,0,-0.032956547,103.2784559,0
4.383,0,-0.032956547,103.3203453,-0.1
4.396,0,-0.032956547,103.6079683,-0.2
4.408,0,-0.065913094,103.3722674,0
4.421,0,-0.065913094,103.4722674,-0.1
4.434,0,-0.032956547,103.2784559,0
4.446,0,-0.032956547,103.2784559,0
4.459,0,-0.032956547,103.3784559,-0.1
4.472,0,-0.032956547,103.3784559,-0.1
4.485,0,-0.032956547,103.3784559,-0.1
4.497,0,-0.065913094,103.3784559,-0.1
4.51,0,-0.065913094,103.4141568,-0.1
4.523,0.000871031,-0.032956547,103.4141568,-0.1
4.535,0.000871031,-0.032956547,103.4141568,-0.1
4.548,0.000871031,-0.065913094,103.4141568,-0.1
4.561,0,-0.065913094,103.4141568,-0.1
4.573,0.000871031,-0.032956547,103.4141568,-0.1
4.586,0,-0.032956547,103.4141568,-0.1
4.599,0.000871031,-0.032956547,103.3784559,-0.1
4.612,0,-0.032956547,103.4141568,-0.1
4.624,0.000871031,-0.032956547,103.4141568,-0.1
4.637,0.000871031,-0.065913094,103.3784559,-0.1
4.65,0.000871031,-0.065913094,103.3784559,-0.1
4.662,0.000871031,-0.032956547,103.3784559,-0.1
4.675,0.000871031,-0.032956547,103.3784559,-0.1
4.688,0,-0.032956547,103.2784559,0
4.701,0,-0.032956547,103.2784559,0
4.713,0,-0.032956547,103.2784559,0
4.726,0.000871031,-0.032956547,103.4141568,-0.1
4.739,0.000871031,-0.065913094,103.4141568,-0.1
4.751,0.000871031,-0.065913094,103.4141568,-0.1
4.764,0.000871031,-0.065913094,103.3722674,0
4.777,0,-0.065913094,103.3722674,0
4.789,0.000871031,-0.065913094,103.3722674,0
4.802,0,-0.032956547,103.3784559,-0.1
4.815,0.000871031,-0.065913094,103.3722674,0
4.828,0,-0.032956547,103.5079683,-0.1
4.84,0.000871031,-0.032956547,103.5017798,0
4.853,0,-0.032956547,103.4722674,-0.1
4.866,0.000871031,-0.032956547,103.2784559,0
4.878,0,-0.032956547,103.2784559,0
4.891,0.000871031,-0.032956547,103.3722674,0
4.904,0,-0.032956547,103.3784559,-0.1
4.916,0,-0.032956547,103.3722674,0
4.929,0,-0.032956547,103.3722674,0
4.942,0.000871031,-0.032956547,103.3784559,-0.1
4.955,0.000871031,-0.032956547,103.4079683,0
4.967,0.000871031,-0.032956547,103.4141568,-0.1
4.98,0.000871031,-0.032956547,103.4141568,-0.1
4.993,0.000871031,-0.032956547,103.3784559,-0.1
5.005,0.000871031,-0.032956547,103.2722674,0.1
5.018,0.000871031,-0.032956547,103.3784559,-0.1
5.031,0.000871031,-0.032956547,103.3722674,0
5.044,0.000871031,-0.032956547,103.3784559,-0.1
5.056,0.000871031,0,103.3722674,0
5.069,0,-0.032956547,103.3203453,-0.1
5.082,0,0,103.4141568,-0.1
5.094,0,0,103.3203453,-0.1
5.107,0,0,103.4079683,0
5.12,0,-0.032956547,103.2784559,0
5.132,0,-0.032956547,103.2784559,0
5.145,0,0,103.2784559,0
5.158,0,0,103.5079683,-0.1
5.171,0,0,103.5079683,-0.1
5.183,0.000871031,0,103.5079683,-0.1
5.196,0.000871031,0,103.3722674,0
5.209,0.000871031,0,103.3784559,-0.1
5.221,0.000871031,0,103.2722674,0.1
5.234,0.000871031,0,103.3846444,-0.2
5.247,0.000871031,0,103.4141568,-0.1
5.259,0.000871031,0,103.4141568,-0.1
5.272,0.000871031,0,103.4079683,0
5.285,0,0,103.4141568,-0.1
5.298,0,0,103.4079683,0
5.31,0,0,103.3141568,0
5.323,0,0,103.3141568,0
5.336,0,0,103.4141568,-0.1
5.348,0,0,103.2784559,0
5.361,0,0,103.2846444,-0.1
5.374,0,0,103.2846444,-0.1
5.387,0,0,103.2846444,-0.1
5.399,0.000871031,0,103.2784559,0
5.412,0,0,103.4141568,-0.1
5.425,0.000871031,0,103.3141568,0
5.437,0.000871031,0,103.2784559,0
5.45,0.000871031,0.032956547,103.4141568,-0.1
5.463,0,0.032956547,103.4141568,-0.1
5.475,0.000871031,0.032956547,103.2784559,0
5.488,0,0.032956547,103.3722674,0
5.501,0.000871031,0.032956547,103.4079683,0
5.514,0,0.032956547,103.5079683,-0.1
5.526,0.000871031,0.032956547,103.4141568,-0.1
5.539,0,0.032956547,103.4141568,-0.1
5.552,0.000871031,0.032956547,103.4141568,-0.1
5.564,0,0.032956547,103.4141568,-0.1
5.577,0.000871031,0.032956547,103.4141568,-0.1
5.59,0,0.032956547,103.4141568,-0.1
5.602,0,0.032956547,103.4079683,0
5.615,0,0.032956547,103.4141568,-0.1
5.628,0.000871031,0.032956547,103.4141568,-0.1
5.641,0.000871031,0.032956547,103.3141568,0
5.653,0.000871031,0.032956547,103.3141568,0
5.666,0.000871031,0.065913094,103.3141568,0
5.679,0.000871031,0.065913094,103.3141568,0
5.691,0.000871031,0.032956547,103.2784559,0
5.704,0,0.065913094,103.3141568,0
5.717,0.000871031,0.065913094,103.3141568,0
5.73,0.000871031,0.065913094,103.3203453,-0.1
5.742,0.000871031,0.032956547,103.2784559,0
5.755,0.000871031,0.032956547,103.3784559,-0.1
5.768,0.000871031,0.065913094,103.3141568,0
5.78,0,0.065913094,103.3203453,-0.1
5.793,0.000871031,0.065913094,103.3141568,0
5.806,0,0.065913094,103.4141568,-0.1
5.818,0.000871031,0.065913094,103.4017798,0.1
5.831,0,0.065913094,103.3784559,-0.1
5.844,0.000871031,0.065913094,103.4141568,-0.1
5.857,0,0.065913094,103.3203453,-0.1
5.869,0,0.065913094,103.3722674,0
5.882,0,0.065913094,103.3784559,-0.1
5.895,0,0.065913094,103.5079683,-0.1
5.907,0.000871031,0.065913094,103.4079683,0
5.92,0.000871031,0.065913094,103.4079683,0
5.933,0.000871031,0.065913094,103.4141568,-0.1
5.945,0.000871031,0.065913094,103.4141568,-0.1
5.958,0.000871031,0.100090254,103.3141568,0
5.971,0.000871031,0.065913094,103.3141568,0
5.984,0.000871031,0.065913094,103.3141568,0
5.996,0,0.065913094,103.3203453,-0.1
6.009,0,0.065913094,103.3141568,0
6.022,0,0.065913094,103.3203453,-0.1
6.034,0.000871031,0.065913094,103.4079683,0
6.047,0,0.065913094,103.4141568,-0.1
6.06,0.000871031,0.065913094,103.4017798,0.1
6.073,0,0.100090254,103.4079683,0
6.085,0.000871031,0.100090254,103.5017798,0
6.098,0,0.100090254,103.4141568,-0.1
6.111,0,0.100090254,103.4141568,-0.1
6.123,-0.000435515,0.100090254,103.4141568,-0.1
6.136,0,0.100090254,103.3203453,-0.1
6.149,-0.000435515,0.100090254,103.2203453,0
6.161,0,0.100090254,103.3141568,0
6.174,0,0.100090254,103.3379574,0
6.187,0,0.100090254,103.3141568,0
6.2,0,0.100090254,103.4141568,-0.1
6.212,0,0.100090254,103.3203453,-0.1
6.225,0,0.100090254,103.4079683,0
6.238,0.000871031,0.100090254,103.4141568,-0.1
6.25,0.000871031,0.100090254,103.4079683,0
6.263,0,0.100090254,103.4141568,-0.1
6.276,0.000871031,0.100090254,103.4079683,0
6.288,0,0.100090254,103.4141568,-0.1
6.301,0,0.100090254,103.4079683,0
6.314,0,0.100090254,103.3203453,-0.1
6.327,0.000871031,0.100090254,103.3141568,0
6.339,0,0.100090254,103.3203453,-0.1
6.352,0.000871031,0.133046802,103.4141568,-0.1
6.365,0,0.133046802,103.4079683,0
6.377,0.000871031,0.133046802,103.4141568,-0.1
6.39,0,0.133046802,103.4079683,0
6.403,0,0.133046802,103.4141568,-0.1
6.416,0,0.133046802,103.4141568,-0.1
6.428,0.000871031,0.100090254,103.3141568,0
6.441,0,0.133046802,103.4079683,0
6.454,0,0.133046802,103.3141568,0
6.466,0,0.133046802,103.3141568,0
6.479,0,0.133046802,103.3379574,0
6.492,0,0.133046802,103.3141568,0
6.504,0.000871031,0.133046802,103.4141568,-0.1
6.517,0,0.100090254,103.4079683,0
6.53,0,0.100090254,103.4079683,0
6.543,0,0.133046802,103.4141568,-0.1
6.555,0,0.133046802,103.3141568,0
6.568,0,0.133046802,103.3203453,-0.1
6.581,0,0.133046802,103.3141568,0
6.593,0,0.133046802,103.3141568,0
6.606,0,0.133046802,103.3141568,0
6.619,0,0.133046802,103.4379574,-0.1
6.631,0,0.133046802,103.4317689,0
6.644,0,0.133046802,103.4317689,0
6.657,0,0.133046802,103.4317689,0
6.67,0.000871031,0.133046802,103.3379574,0
6.682,0.000871031,0.133046802,103.3141568,0
6.695,0.000871031,0.133046802,103.4141568,-0.1
6.708,0,0.133046802,103.3141568,0
6.72,0.000871031,0.133046802,103.4141568,-0.1
6.733,0,0.133046802,103.4141568,-0.1
6.746,0.000871031,0.100090254,103.3141568,0
6.759,0.000871031,0.100090254,103.4141568,-0.1
6.771,0.000871031,0.133046802,103.3141568,0
6.784,0,0.133046802,103.4141568,-0.1
6.797,0.000871031,0.133046802,103.4079683,0
6.809,0,0.133046802,103.4141568,-0.1
6.822,0.000871031,0.133046802,103.4079683,0
6.835,0,0.133046802,103.4141568,-0.1
6.847,0,0.133046802,103.4079683,0
6.86,0,0.133046802,103.3141568,0
6.873,0,0.133046802,103.3141568,0
6.886,0,0.133046802,103.3203453,-0.1
6.898,0,0.133046802,103.3141568,0
6.911,0,0.133046802,103.3141568,0
6.924,0.000871031,0.133046802,103.3141568,0
6.936,0.000871031,0.100090254,103.4141568,-0.1
6.949,0.000871031,0.100090254,103.4141568,-0.1
6.962,0.000871031,0.100090254,103.3141568,0
6.974,0.000871031,0.100090254,103.3141568,0
6.987,0.000871031,0.100090254,103.3141568,0
7,0,0.100090254,103.3203453,-0.1
7.013,0.000871031,0.133046802,103.4079683,0
7.025,0,0.133046802,103.4141568,-0.1
7.038,0.000871031,0.100090254,103.4079683,0
7.051,0,0.100090254,103.3203453,-0.1
7.063,0,0.100090254,103.3141568,0
7.076,0,0.100090254,103.3141568,0
7.089,0.000871031,0.100090254,103.4141568,-0.1
7.102,0.000871031,0.100090254,103.4141568,-0.1
7.114,0.000871031,0.100090254,103.4141568,-0.1
7.127,0.000871031,0.100090254,103.4379574,-0.1
7.14,0.000871031,0.100090254,103.3379574,0
7.152,0.000871031,0.100090254,103.3379574,0
7.165,0.000871031,0.100090254,103.3441459,-0.1
7.178,0.000871031,0.100090254,103.4141568,-0.1
7.19,0,0.100090254,103.3203453,-0.1
7.203,0.000871031,0.100090254,103.3141568,0
7.216,0,0.100090254,103.3203453,-0.1
7.229,0,0.100090254,103.3141568,0
7.241,-0.000435515,0.100090254,103.3203453,-0.1
7.254,0,0.100090254,103.4141568,-0.1
7.267,0,0.100090254,103.4079683,0
7.279,0,0.100090254,103.4141568,-0.1
7.292,0,0.065913094,103.4141568,-0.1
7.305,0.000871031,0.065913094,103.4141568,-0.1
7.317,0,0.100090254,103.4079683,0
7.33,0.000871031,0.100090254,103.4379574,-0.1
7.343,0.000871031,0.100090254,103.4317689,0
7.356,0.000871031,0.065913094,103.4141568,-0.1
7.368,0.000871031,0.065913094,103.4079683,0
7.381,0.000871031,0.065913094,103.4141568,-0.1
7.394,0.000871031,0.065913094,103.4141568,-0.1
7.406,0.000871031,0.065913094,103.3203453,-0.1
7.419,0,0.065913094,103.3141568,0
7.432,0,0.065913094,103.3203453,-0.1
7.445,0,0.065913094,103.3141568,0
7.457,0,0.032956547,103.3203453,-0.1
7.47,0,0.032956547,103.3141568,0
7.483,0,0.032956547,103.3141568,0
7.495,0,0.032956547,103.3141568,0
7.508,0,0.065913094,103.4141568,-0.1
7.521,0.000871031,0.032956547,103.4079683,0
7.533,0,0.065913094,103.4141568,-0.1
7.546,0,0.032956547,103.4079683,0
7.559,0,0.032956547,103.4141568,-0.1
7.572,0,0.032956547,103.4141568,-0.1
7.584,0,0.032956547,103.3141568,0
7.597,0.000871031,0,103.4141568,-0.1
7.61,0,0,103.4079683,0
7.622,0.000871031,0,103.5079683,-0.1
7.635,0,0,103.4141568,-0.1
7.648,0.000871031,0,103.5079683,-0.1
7.66,0.000871031,0,103.4079683,0
7.673,0.000871031,0,103.4141568,-0.1
7.686,0,0,103.4141568,-0.1
7.699,0.000871031,0,103.4141568,-0.1
7.711,0,0,103.4141568,-0.1
7.724,0.000871031,0.032956547,103.4141568,-0.1
7.737,0,0.032956547,103.4141568,-0.1
7.749,0.000871031,0,103.4141568,-0.1
7.762,0.000871031,0,103.3141568,0
7.775,0.000871031,-0.032956547,103.3141568,0
7.788,0,-0.032956547,103.3141568,0
7.8,0.000871031,-0.032956547,103.3141568,0
7.813,0,-0.032956547,103.3141568,0
7.826,0,-0.032956547,103.3141568,0
7.838,0,-0.032956547,103.3141568,0
7.851,0,-0.065913094,103.3141568,0
7.864,0,-0.065913094,103.4141568,-0.1
7.876,0,-0.065913094,103.4141568,-0.1
7.889,0.000871031,-0.065913094,103.4141568,-0.1
7.902,0.000871031,-0.065913094,103.4141568,-0.1
7.915,0.000871031,-0.065913094,103.4079683,0
7.927,0,-0.065913094,103.4141568,-0.1
7.94,0,-0.065913094,103.4079683,0
7.953,0,-0.065913094,103.4203453,-0.2
7.965,0,-0.065913094,103.3141568,0
7.978,0,-0.065913094,103.3203453,-0.1
7.991,0,-0.065913094,103.4141568,-0.1
8.003,-0.000435515,-0.100090254,103.4141568,-0.1
8.016,0,-0.100090254,103.4079683,0
8.029,0,-0.133046802,103.3203453,-0.1
8.042,0,-0.133046802,103.3203453,-0.1
8.054,0,-0.133046802,103.3141568,0
8.067,0,-0.133046802,103.3141568,0
8.08,0,-0.133046802,103.3141568,0
8.092,0,-0.133046802,103.5141568,-0.2
8.105,0,-0.133046802,103.5079683,-0.1
8.118,0,-0.133046802,103.4141568,-0.1
8.131,0.000871031,-0.133046802,103.4079683,0
8.143,0.000871031,-0.133046802,103.4203453,-0.2
8.156,0.000871031,-0.133046802,103.4079683,0
8.169,0.000871031,-0.133046802,103.4203453,-0.2
8.181,0.000871031,-0.133046802,103.4079683,0
8.194,0,-0.133046802,103.4141568,-0.1
8.207,0.000871031,-0.133046802,103.4079683,0
8.219,0,-0.133046802,103.4141568,-0.1
8.232,0,-0.133046802,103.4141568,-0.1
8.245,0,-0.166003349,103.4141568,-0.1
8.258,0.000871031,-0.166003349,103.4141568,-0.1
8.27,0,-0.166003349,103.4141568,-0.1
8.283,0.000871031,-0.198959896,103.4141568,-0.1
8.296,0.000871031,-0.198959896,103.4141568,-0.1
8.308,0.000871031,-0.198959896,103.4141568,-0.1
8.321,0.000871031,-0.166003349,103.4141568,-0.1
8.334,0,-0.166003349,103.4141568,-0.1
8.346,0,-0.198959896,103.4079683,0
8.359,0.000871031,-0.198959896,103.4141568,-0.1
8.372,0.000871031,-0.198959896,103.4141568,-0.1
8.385,0.000871031,-0.198959896,103.4203453,-0.2
8.397,0.000871031,-0.198959896,103.4141568,-0.1
8.41,0,-0.198959896,103.4203453,-0.2
8.423,0.000871031,-0.198959896,103.4141568,-0.1
8.435,0.000871031,-0.198959896,103.4203453,-0.2
8.448,0.000871031,-0.198959896,103.4141568,-0.1
8.461,0.000871031,-0.198959896,103.3203453,-0.1
8.474,0.000871031,-0.198959896,103.3203453,-0.1
8.486,0,-0.231916443,103.4141568,-0.1
8.499,0.000871031,-0.231916443,103.3141568,0
8.512,0.000871031,-0.231916443,103.4141568,-0.1
8.524,0.000871031,-0.231916443,103.5079683,-0.1
8.537,0,-0.231916443,103.5141568,-0.2
8.55,0.000871031,-0.231916443,103.4141568,-0.1
8.562,0,-0.231916443,103.4141568,-0.1
8.575,0.000871031,-0.26487299,103.4141568,-0.1
8.588,0,-0.26487299,103.5079683,-0.1
8.601,0.000871031,-0.26487299,103.5079683,-0.1
8.613,0,-0.26487299,103.5079683,-0.1
8.626,0.000871031,-0.26487299,103.4141568,-0.1
8.639,0,-0.26487299,103.4141568,-0.1
8.651,0.000871031,-0.26487299,103.4141568,-0.1
8.664,0,-0.26487299,103.4203453,-0.2
8.677,0.000871031,-0.26487299,103.3141568,0
8.689,0,-0.26487299,103.4141568,-0.1
8.702,0.000871031,-0.26487299,103.3141568,0
8.715,0.000871031,-0.26487299,103.4141568,-0.1
8.728,0.000871031,-0.26487299,103.4141568,-0.1
8.74,0.000871031,-0.26487299,103.4141568,-0.1
8.753,0.000871031,-0.299050151,103.4141568,-0.1
8.766,0.000871031,-0.299050151,103.4141568,-0.1
8.778,0.000871031,-0.299050151,103.4141568,-0.1
8.791,0.000871031,-0.332006698,103.4141568,-0.1
8.804,0.000871031,-0.299050151,103.4141568,-0.1
8.817,0.000871031,-0.299050151,103.5141568,-0.2
8.829,0.000871031,-0.299050151,103.4141568,-0.1
8.842,0.000871031,-0.299050151,103.5079683,-0.1
8.855,0.000871031,-0.299050151,103.5079683,-0.1
8.867,0.001306546,-0.299050151,103.4079683,0
8.88,0.000871031,-0.299050151,103.4141568,-0.1
8.893,0.000871031,-0.299050151,103.4141568,-0.1
8.905,0.000871031,-0.299050151,103.4141568,-0.1
8.918,0.000871031,-0.299050151,103.4079683,0
8.931,0.000871031,-0.299050151,103.4141568,-0.1
8.944,0.000871031,-0.299050151,103.4722674,-0.1
8.956,0,-0.299050151,103.4784559,-0.2
8.969,0.000871031,-0.299050151,103.4079683,0
8.982,0,-0.332006698,103.5141568,-0.2
8.994,0,-0.332006698,103.4079683,0
9.007,0.000871031,-0.332006698,103.4141568,-0.1
9.02,0.000871031,-0.299050151,103.3784559,-0.1
9.032,0,-0.299050151,103.3784559,-0.1
9.045,0.000871031,-0.332006698,103.3784559,-0.1
9.058,0.000871031,-0.332006698,103.4141568,-0.1
9.071,0.000871031,-0.332006698,103.4141568,-0.1
9.083,0.000871031,-0.332006698,103.4141568,-0.1
9.096,0.000871031,-0.332006698,103.4203453,-0.2
9.109,0.000871031,-0.332006698,103.4141568,-0.1
9.121,0.000871031,-0.332006698,103.4203453,-0.2
9.134,0.000871031,-0.299050151,103.4141568,-0.1
9.147,0,-0.299050151,103.4203453,-0.2
9.16,0.000871031,-0.299050151,103.2784559,0
9.172,0,-0.299050151,103.4203453,-0.2
9.185,0.000871031,-0.299050151,103.4079683,0
9.198,0,-0.332006698,103.4141568,-0.1
9.21,0.000871031,-0.332006698,103.5079683,-0.1
9.223,0,-0.332006698,103.4141568,-0.1
9.236,0.000871031,-0.332006698,103.5079683,-0.1
9.248,0.000871031,-0.332006698,103.5141568,-0.2
9.261,0.000871031,-0.332006698,103.4141568,-0.1
9.274,0.000871031,-0.332006698,103.4141568,-0.1
9.287,0.000871031,-0.332006698,103.3141568,0
9.299,0.000871031,-0.332006698,103.3141568,0
9.312,0.000871031,-0.299050151,103.3203453,-0.1
9.325,0.000871031,-0.332006698,103.4141568,-0.1
9.337,0.000871031,-0.332006698,103.3784559,-0.1
9.35,0.000871031,-0.332006698,103.4079683,0
9.363,0.000871031,-0.332006698,103.4141568,-0.1
9.375,0.000871031,-0.332006698,103.4079683,0
9.388,0,-0.332006698,103.4141568,-0.1
9.401,0.000871031,-0.299050151,103.4141568,-0.1
9.414,0.000871031,-0.299050151,103.4141568,-0.1
9.426,0.000871031,-0.299050151,103.3784559,-0.1
9.439,0,-0.332006698,103.4141568,-0.1
9.452,0.000871031,-0.332006698,103.4141568,-0.1
9.464,0,-0.299050151,103.4079683,0
9.477,0.000871031,-0.299050151,103.3784559,-0.1
9.49,0.000871031,-0.299050151,103.3722674,0
9.503,0.000871031,-0.299050151,103.3784559,-0.1
9.515,0,-0.299050151,103.3784559,-0.1
9.528,0.000871031,-0.26487299,103.3784559,-0.1
9.541,0,-0.26487299,103.3722674,0
9.553,0.000871031,-0.26487299,103.3722674,0
9.566,0.000871031,-0.26487299,103.3722674,0
9.579,0.000871031,-0.26487299,103.4079683,0
9.591,0.000871031,-0.26487299,103.3722674,0
9.604,0.000871031,-0.26487299,103.3784559,-0.1
9.617,0.000871031,-0.26487299,103.3784559,-0.1
9.63,0.000871031,-0.26487299,103.3784559,-0.1
9.642,0.000871031,-0.231916443,103.2784559,0
9.655,0.000871031,-0.231916443,103.2784559,0
9.668,0.000871031,-0.231916443,103.2784559,0
9.68,0,-0.231916443,103.2784559,0
9.693,0,-0.231916443,103.3784559,-0.1
9.706,0,-0.231916443,103.2784559,0
9.718,0,-0.231916443,103.3784559,-0.1
9.731,0.000871031,-0.231916443,103.2784559,0
9.744,0.000871031,-0.231916443,103.3784559,-0.1
9.757,0.000871031,-0.231916443,103.3722674,0
9.769,0.000871031,-0.231916443,103.3784559,-0.1
9.782,0.000871031,-0.198959896,103.3784559,-0.1
9.795,0.000871031,-0.198959896,103.3784559,-0.1
9.807,0.001306546,-0.198959896,103.3784559,-0.1
9.82,0.001306546,-0.198959896,103.3784559,-0.1
9.833,0.000871031,-0.198959896,103.3784559,-0.1
9.846,0.001306546,-0.198959896,103.3784559,-0.1
9.858,0.000871031,-0.198959896,103.3784559,-0.1
9.871,0.000871031,-0.198959896,103.3722674,0
9.884,0,-0.198959896,103.3784559,-0.1
9.896,0.000871031,-0.198959896,103.3784559,-0.1
9.909,0.000871031,-0.198959896,103.2784559,0
9.922,0.000871031,-0.166003349,103.3784559,-0.1
9.934,0,-0.166003349,103.3784559,-0.1
9.947,0.000871031,-0.166003349,103.4079683,0
9.96,0.000871031,-0.166003349,103.3784559,-0.1
9.973,0.000871031,-0.133046802,103.3722674,0
9.985,0.000871031,-0.133046802,103.2784559,0
9.998,0,-0.133046802,103.2784559,0
10.011,0,-0.100090254,103.3784559,-0.1
10.023,0,-0.100090254,103.3784559,-0.1
10.036,0.000871031,-0.100090254,103.3784559,-0.1
10.049,0.000871031,-0.100090254,103.4141568,-0.1
10.061,0.000871031,-0.100090254,103.4079683,0
10.074,0.000871031,-0.100090254,103.4141568,-0.1
10.087,0.000871031,-0.100090254,103.4079683,0
10.1,0.000871031,-0.100090254,103.4141568,-0.1
10.112,0.000871031,-0.100090254,103.3784559,-0.1
10.125,0,-0.065913094,103.2846444,-0.1
10.138,0.000871031,-0.065913094,103.2784559,0
10.15,0,-0.032956547,103.2784559,0
10.163,0,-0.032956547,103.3141568,0
10.176,0,-0.032956547,103.2203453,0
10.189,0.000871031,-0.032956547,103.3141568,0
10.201,0.000871031,0,103.3203453,-0.1
10.214,0.000871031,0,103.2846444,-0.1
10.227,0.000871031,0,103.2784559,0
10.239,0.000871031,0,103.2846444,-0.1
10.252,0.000871031,0,103.2784559,0
10.265,0.000871031,0,103.2784559,0
10.277,0.000871031,0.032956547,103.4079683,0
10.29,0.000871031,0.032956547,103.5079683,-0.1
10.303,0.000871031,0.032956547,103.4017798,0.1
10.316,0.000871031,0.032956547,103.4722674,-0.1
10.328,0.000871031,0.032956547,103.2722674,0.1
10.341,0,0.032956547,103.2784559,0
10.354,0.000871031,0.032956547,103.4079683,0
10.366,0.000871031,0.065913094,103.4141568,-0.1
10.379,0.000871031,0.065913094,103.3141568,0
10.392,0.000871031,0.065913094,103.4141568,-0.1
10.404,0.000871031,0.065913094,103.4141568,-0.1
10.417,0,0.100090254,103.4141568,-0.1
10.43,0.000871031,0.100090254,103.3141568,0
10.443,0.000871031,0.100090254,103.3141568,0
10.455,0.000871031,0.100090254,103.4141568,-0.1
10.468,0.000871031,0.133046802,103.3141568,0
10.481,0.000871031,0.133046802,103.3141568,0
10.493,0.000871031,0.133046802,103.3141568,0
10.506,0.000871031,0.166003349,103.3141568,0
10.519,0.000871031,0.166003349,103.3079683,0.1
10.532,0.000871031,0.166003349,103.3141568,0
10.544,0.000871031,0.166003349,103.3141568,0
10.557,0.000871031,0.166003349,103.3203453,-0.1
10.57,0.000871031,0.198959896,103.3141568,0
10.582,0.000871031,0.198959896,103.3203453,-0.1
10.595,0.000871031,0.198959896,103.3141568,0
10.608,0.000871031,0.231916443,103.3141568,0
10.62,0,0.231916443,103.3141568,0
10.633,0,0.231916443,103.3141568,0
10.646,0.000871031,0.231916443,103.3141568,0
10.659,0,0.231916443,103.3141568,0
10.671,0.000871031,0.231916443,103.3141568,0
10.684,0,0.26487299,103.3141568,0
10.697,0.000871031,0.26487299,103.3141568,0
10.709,0,0.26487299,103.3141568,0
10.722,0.000871031,0.26487299,103.3141568,0
10.735,0,0.26487299,103.2141568,0.1
10.747,0.000871031,0.299050151,103.3141568,0
10.76,0.000871031,0.299050151,103.3141568,0
10.773,0.000871031,0.299050151,103.3141568,0
10.786,0.000871031,0.299050151,103.3141568,0
10.798,0.000871031,0.299050151,103.3141568,0
10.811,0.000871031,0.299050151,103.3141568,0
10.824,0.001306546,0.299050151,103.3141568,0
10.836,0.000871031,0.299050151,103.4079683,0
10.849,0.000871031,0.332006698,103.3079683,0.1
10.862,0.000871031,0.332006698,103.4079683,0
10.875,0.001306546,0.332006698,103.3379574,0
10.887,0.000871031,0.364963245,103.3379574,0
10.9,0.000871031,0.364963245,103.3379574,0
10.913,0.000871031,0.364963245,103.3379574,0
10.925,0.000871031,0.364963245,103.3141568,0
10.938,0.000871031,0.364963245,103.3141568,0
10.951,0.000871031,0.397919792,103.3141568,0
10.963,0.000871031,0.397919792,103.3079683,0.1
10.976,0.000871031,0.397919792,103.3141568,0
10.989,0.000871031,0.397919792,103.3141568,0
11.002,0.000871031,0.397919792,103.3379574,0
11.014,0.001306546,0.430876339,103.3379574,0
11.027,0.000871031,0.430876339,103.2441459,0
11.04,0.001306546,0.430876339,103.3141568,0
11.052,0.000871031,0.463832887,103.3203453,-0.1
11.065,0.000871031,0.463832887,103.2141568,0.1
11.078,0,0.463832887,103.3379574,0
11.09,0.000871031,0.463832887,103.3317689,0.1
11.103,0,0.463832887,103.3379574,0
11.116,0.000871031,0.463832887,103.3317689,0.1
11.129,0.000871031,0.463832887,103.3379574,0
11.141,0.000871031,0.463832887,103.3317689,0.1
11.154,0,0.463832887,103.3379574,0
11.167,0,0.463832887,103.3379574,0
11.179,0,0.463832887,103.3379574,0
11.192,0.000871031,0.463832887,103.3379574,0
11.205,0.000871031,0.498010047,103.2379574,0.1
11.218,0.000871031,0.498010047,103.2441459,0
11.23,0.000871031,0.498010047,103.2379574,0.1
11.243,0.000871031,0.498010047,103.3441459,-0.1
11.256,0.000871031,0.530966594,103.3317689,0.1
11.268,0.000871031,0.530966594,103.3441459,-0.1
11.281,0.000871031,0.530966594,103.2317689,0.2
11.294,0,0.563923141,103.3441459,-0.1
11.306,0.000871031,0.563923141,103.3317689,0.1
11.319,0,0.563923141,103.3379574,0
11.332,0.000871031,0.563923141,103.3317689,0.1
11.345,0,0.563923141,103.3379574,0
11.357,0.000871031,0.563923141,103.3379574,0
11.37,0,0.563923141,103.3379574,0
11.383,0.000871031,0.530966594,103.3141568,0
11.395,0,0.530966594,103.3141568,0
11.408,0.000871031,0.530966594,103.3317689,0.1
11.421,0.000871031,0.530966594,103.3317689,0.1
11.433,0.000871031,0.563923141,103.3379574,0
11.446,0,0.563923141,103.2379574,0.1
11.459,0,0.563923141,103.2441459,0
11.472,0.000871031,0.530966594,103.3317689,0.1
11.484,0.000871031,0.563923141,103.3379574,0
11.497,0.000871031,0.530966594,103.3317689,0.1
11.51,0,0.563923141,103.3379574,0
11.522,0.000871031,0.563923141,103.3317689,0.1
11.535,0.000871031,0.563923141,103.3379574,0
11.548,0.000871031,0.563923141,103.3317689,0.1
11.561,0,0.563923141,103.3441459,-0.1
11.573,0.000871031,0.563923141,103.2379574,0.1
11.586,0,0.563923141,103.2379574,0.1
11.599,0.000871031,0.563923141,103.4317689,0
11.611,0,0.563923141,103.4317689,0
11.624,0.000871031,0.563923141,103.3317689,0.1
11.637,0,0.563923141,103.3379574,0
11.649,0,0.563923141,103.3379574,0
11.662,0,0.563923141,103.2379574,0.1
11.675,0.000871031,0.563923141,103.3379574,0
11.688,0,0.563923141,103.3379574,0
11.7,0.000871031,0.563923141,103.2379574,0.1
11.713,0,0.530966594,103.3379574,0
11.726,0.000871031,0.530966594,103.3379574,0
11.738,0,0.563923141,103.2441459,0
11.751,0.000871031,0.563923141,103.2379574,0.1
11.764,0.000871031,0.530966594,103.3379574,0
11.776,0.000871031,0.563923141,103.2379574,0.1
11.789,0.000871031,0.563923141,103.2441459,0
11.802,0.000871031,0.530966594,103.2379574,0.1
11.815,0,0.563923141,103.3379574,0
11.827,0.000871031,0.530966594,103.3379574,0
11.84,0,0.530966594,103.4317689,0
11.853,0,0.530966594,103.3317689,0.1
11.865,0,0.530966594,103.4317689,0
11.878,0,0.530966594,103.3379574,0
11.891,0.000871031,0.530966594,103.3379574,0
11.904,0.000871031,0.530966594,103.3317689,0.1
11.916,0.000871031,0.530966594,103.3317689,0.1
11.929,0,0.530966594,103.3379574,0
11.942,0.000871031,0.530966594,103.2379574,0.1
11.954,0.000871031,0.530966594,103.3441459,-0.1
11.967,0.000871031,0.530966594,103.2141568,0.1
11.98,0,0.530966594,103.2203453,0
11.992,0.000871031,0.498010047,103.2379574,0.1
12.005,0,0.498010047,103.2441459,0
12.018,0.000871031,0.498010047,103.3379574,0
12.031,0,0.498010047,103.3441459,-0.1
12.043,0.000871031,0.498010047,103.3379574,0
12.056,0,0.498010047,103.3441459,-0.1
12.069,0.000871031,0.498010047,103.3317689,0.1
12.081,0,0.463832887,103.3203453,-0.1
12.094,0,0.463832887,103.2141568,0.1
12.107,0,0.463832887,103.2141568,0.1
12.119,0,0.463832887,103.3079683,0.1
12.132,0,0.430876339,103.3141568,0
12.145,0,0.430876339,103.3141568,0
12.158,0.000871031,0.430876339,103.3141568,0
12.17,0.000871031,0.430876339,103.3141568,0
12.183,0.000871031,0.430876339,103.3079683,0.1
12.196,0.000871031,0.430876339,103.4141568,-0.1
12.208,0.000871031,0.397919792,103.4079683,0
12.221,0.000871031,0.397919792,103.3203453,-0.1
12.234,0.000871031,0.397919792,103.3141568,0
12.247,0.000871031,0.364963245,103.3379574,0
12.259,0.000871031,0.364963245,103.3141568,0
12.272,0.000871031,0.364963245,103.3141568,0
12.285,0.000871031,0.364963245,103.3079683,0.1
12.297,0,0.364963245,103.3141568,0
12.31,0.000871031,0.332006698,103.3141568,0
12.323,0.000871031,0.332006698,103.3141568,0
12.335,0.000871031,0.332006698,103.3141568,0
12.348,0.000871031,0.332006698,103.3141568,0
12.361,0.000871031,0.299050151,103.3141568,0
12.374,0.000871031,0.299050151,103.3141568,0
12.386,0.000871031,0.299050151,103.4141568,-0.1
12.399,0.000871031,0.26487299,103.4079683,0
12.412,0.000871031,0.26487299,103.3141568,0
12.424,0.000871031,0.26487299,103.4079683,0
12.437,0.000871031,0.231916443,103.4141568,-0.1
12.45,0.000871031,0.231916443,103.3079683,0.1
12.462,0,0.231916443,103.3141568,0
12.475,0,0.231916443,103.3141568,0
12.488,0,0.231916443,103.3141568,0
12.501,0.000871031,0.198959896,103.3141568,0
12.513,0,0.198959896,103.3203453,-0.1
12.526,0,0.198959896,103.3141568,0
12.539,0,0.198959896,103.3203453,-0.1
12.551,0.000871031,0.166003349,103.3203453,-0.1
12.564,0,0.166003349,103.3141568,0
12.577,0.000871031,0.133046802,103.4141568,-0.1
12.59,0.000871031,0.133046802,103.4141568,-0.1
12.602,0.000871031,0.133046802,103.4141568,-0.1
12.615,0.000871031,0.133046802,103.3141568,0
12.628,0.000871031,0.133046802,103.3203453,-0.1
12.64,0.000871031,0.100090254,103.3141568,0
12.653,0.000871031,0.100090254,103.3141568,0
12.666,0.000871031,0.065913094,103.3141568,0
12.678,0.000871031,0.065913094,103.4141568,-0.1
12.691,0.000871031,0.065913094,103.4141568,-0.1
12.704,0.001306546,0.065913094,103.4141568,-0.1
12.717,0.000871031,0.032956547,103.4141568,-0.1
12.729,0.000871031,0.032956547,103.4141568,-0.1
12.742,0.000871031,0,103.4141568,-0.1
12.755,0.000871031,0,103.4141568,-0.1
12.767,0.000871031,0,103.4141568,-0.1
12.78,0.000871031,-0.032956547,103.4141568,-0.1
12.793,0.000871031,-0.032956547,103.4141568,-0.1
12.805,0.000871031,-0.065913094,103.4141568,-0.1
12.818,0,-0.065913094,103.3784559,-0.1
12.831,0,-0.065913094,103.3784559,-0.1
12.844,0.000871031,-0.100090254,103.3784559,-0.1
12.856,0.000871031,-0.100090254,103.3722674,0
12.869,0.000871031,-0.133046802,103.3784559,-0.1
12.882,0,-0.133046802,103.4141568,-0.1
12.894,0.000871031,-0.166003349,103.4141568,-0.1
12.907,0.000871031,-0.166003349,103.4141568,-0.1
12.92,0.000871031,-0.166003349,103.4141568,-0.1
12.932,0.000871031,-0.198959896,103.3141568,0
12.945,0.001306546,-0.198959896,103.2784559,0
12.958,0.000871031,-0.231916443,103.2846444,-0.1
12.971,0.000871031,-0.231916443,103.3784559,-0.1
12.983,0.000871031,-0.231916443,103.3784559,-0.1
12.996,0.001306546,-0.26487299,103.3722674,0
13.009,0.000871031,-0.26487299,103.3784559,-0.1
13.021,0.001306546,-0.299050151,103.3722674,0
13.034,0.000871031,-0.299050151,103.3784559,-0.1
13.047,0.000871031,-0.332006698,103.3722674,0
13.06,0.000871031,-0.364963245,103.4722674,-0.1
13.072,0.000871031,-0.364963245,103.4722674,-0.1
13.085,0.000871031,-0.364963245,103.3784559,-0.1
13.098,0.000871031,-0.397919792,103.4722674,-0.1
13.11,0.000871031,-0.430876339,103.3784559,-0.1
13.123,0.000871031,-0.430876339,103.3784559,-0.1
13.136,0.000871031,-0.430876339,103.2784559,0
13.148,0.000871031,-0.430876339,103.3784559,-0.1
13.161,0.000871031,-0.430876339,103.3722674,0
13.174,0.000871031,-0.463832887,103.3784559,-0.1
13.187,0.000871031,-0.463832887,103.4722674,-0.1
13.199,0.000871031,-0.463832887,103.3784559,-0.1
13.212,0.000871031,-0.463832887,103.3784559,-0.1
13.225,0.000871031,-0.498010047,103.3846444,-0.2
13.237,0.001306546,-0.498010047,103.3784559,-0.1
13.25,0.000871031,-0.530966594,103.2846444,-0.1
13.263,0.001306546,-0.530966594,103.2784559,0
13.275,0.000871031,-0.530966594,103.2846444,-0.1
13.288,0.000871031,-0.563923141,103.3784559,-0.1
13.301,0.000871031,-0.563923141,103.3784559,-0.1
13.314,0.001306546,-0.563923141,103.3784559,-0.1
13.326,0.001306546,-0.563923141,103.3427551,-0.1
13.339,0.001306546,-0.596879688,103.3427551,-0.1
13.352,0.000871031,-0.596879688,103.3427551,-0.1
13.364,0.000871031,-0.629836235,103.3784559,-0.1
13.377,0.001306546,-0.629836235,103.3722674,0
13.39,0.001306546,-0.662792783,103.4784559,-0.2
13.403,0.001306546,-0.662792783,103.3722674,0
13.415,0.000871031,-0.662792783,103.3846444,-0.2
13.428,0.000871031,-0.662792783,103.4722674,-0.1
13.441,0.000871031,-0.662792783,103.4427551,-0.2
13.453,0.000871031,-0.696969943,103.4365666,-0.1
13.466,0.000871031,-0.696969943,103.4427551,-0.2
13.479,0.000871031,-0.696969943,103.4365666,-0.1
13.491,0.000871031,-0.696969943,103.4427551,-0.2
13.504,0.001306546,-0.72992649,103.3427551,-0.1
13.517,0.000871031,-0.72992649,103.3427551,-0.1
13.53,0.001306546,-0.72992649,103.3427551,-0.1
13.542,0.000871031,-0.72992649,103.4427551,-0.2
13.555,0.001306546,-0.72992649,103.3427551,-0.1
13.568,0.000871031,-0.762883037,103.2784559,0
13.58,0.001306546,-0.762883037,103.2489436,-0.1
13.593,0.001306546,-0.795839584,103.3427551,-0.1
13.606,0.001306546,-0.795839584,103.3489436,-0.2
13.618,0.001306546,-0.795839584,103.3427551,-0.1
13.631,0.001306546,-0.828796131,103.3489436,-0.2
13.644,0.001306546,-0.828796131,103.4365666,-0.1
13.657,0.002177577,-0.828796131,103.4784559,-0.2
13.669,0.002177577,-0.828796131,103.4365666,-0.1
13.682,0.002177577,-0.828796131,103.3427551,-0.1
13.695,0.001306546,-0.828796131,103.3427551,-0.1
13.707,0.001306546,-0.828796131,103.4427551,-0.2
13.72,0.001306546,-0.862973292,103.4722674,-0.1
13.733,0.001306546,-0.862973292,103.4722674,-0.1
13.746,0.001306546,-0.862973292,103.3722674,0
13.758,0.001306546,-0.895929839,103.4427551,-0.2
13.771,0.001306546,-0.895929839,103.4427551,-0.2
13.784,0.001306546,-0.895929839,103.3427551,-0.1
13.796,0.001306546,-0.895929839,103.3427551,-0.1
13.809,0.001306546,-0.895929839,103.3427551,-0.1
13.822,0.001306546,-0.895929839,103.3427551,-0.1
13.834,0.001306546,-0.928886386,103.3427551,-0.1
13.847,0.001306546,-0.928886386,103.3427551,-0.1
13.86,0.001306546,-0.928886386,103.3427551,-0.1
13.873,0.002177577,-0.928886386,103.3427551,-0.1
13.885,0.001306546,-0.928886386,103.3427551,-0.1
13.898,0.002177577,-0.928886386,103.3427551,-0.1
13.911,0.001306546,-0.928886386,103.3427551,-0.1
13.923,0.002177577,-0.928886386,103.3427551,-0.1
13.936,0.001306546,-0.961842933,103.3489436,-0.2
13.949,0.002177577,-0.928886386,103.3427551,-0.1
13.962,0.002177577,-0.928886386,103.3427551,-0.1
13.974,0.002177577,-0.928886386,103.3427551,-0.1
13.987,0.001306546,-0.928886386,103.3427551,-0.1
14,0.002177577,-0.928886386,103.3427551,-0.1
14.012,0.002177577,-0.961842933,103.3427551,-0.1
14.025,0.002177577,-0.961842933,103.3427551,-0.1
14.038,0.002177577,-0.961842933,103.3427551,-0.1
14.05,0.002177577,-0.961842933,103.3427551,-0.1
14.063,0.001306546,-0.961842933,103.3427551,-0.1
14.076,0.002177577,-0.961842933,103.4427551,-0.2
14.089,0.002177577,-0.99479948,103.3427551,-0.1
14.101,0.002177577,-0.99479948,103.4427551,-0.2
14.114,0.002177577,-0.99479948,103.4365666,-0.1
14.127,0.002177577,-0.99479948,103.4427551,-0.2
14.139,0.002613092,-0.961842933,103.4365666,-0.1
14.152,0.002177577,-0.961842933,103.4784559,-0.2
14.165,0.002177577,-0.961842933,103.3722674,0
14.177,0.002177577,-0.961842933,103.3427551,-0.1
14.19,0.002177577,-0.961842933,103.3365666,0
14.203,0.001306546,-0.928886386,103.3489436,-0.2
14.216,0.002177577,-0.928886386,103.2427551,0
14.228,0.002177577,-0.961842933,103.2489436,-0.1
14.241,0.002177577,-0.928886386,103.2427551,0
14.254,0.002177577,-0.928886386,103.3427551,-0.1
14.266,0.002177577,-0.928886386,103.3427551,-0.1
14.279,0.002177577,-0.928886386,103.3070542,-0.1
14.292,0.002177577,-0.928886386,103.3427551,-0.1
14.304,0.001306546,-0.928886386,103.3365666,0
14.317,0.002177577,-0.928886386,103.3427551,-0.1
14.33,0.002177577,-0.928886386,103.4365666,-0.1
14.343,0.002177577,-0.928886386,103.3427551,-0.1
14.355,0.002177577,-0.928886386,103.3365666,0
14.368,0.002177577,-0.928886386,103.3427551,-0.1
14.381,0.002177577,-0.895929839,103.3365666,0
14.393,0.002177577,-0.895929839,103.4427551,-0.2
14.406,0.002613092,-0.895929839,103.3427551,-0.1
14.419,0.001306546,-0.895929839,103.3489436,-0.2
14.432,0.002177577,-0.895929839,103.3365666,0
14.444,0.001306546,-0.895929839,103.3427551,-0.1
14.457,0.002177577,-0.895929839,103.3365666,0
14.47,0.001306546,-0.895929839,103.4427551,-0.2
14.482,0.002177577,-0.895929839,103.3365666,0
14.495,0.001306546,-0.862973292,103.3427551,-0.1
14.508,0.002177577,-0.862973292,103.3427551,-0.1
14.52,0.002177577,-0.828796131,103.2427551,0
14.533,0.002177577,-0.828796131,103.2427551,0
14.546,0.002177577,-0.828796131,103.2427551,0
14.559,0.002177577,-0.795839584,103.2489436,-0.1
14.571,0.002177577,-0.795839584,103.3427551,-0.1
14.584,0.002613092,-0.795839584,103.3427551,-0.1
14.597,0.002177577,-0.762883037,103.3365666,0
14.609,0.002177577,-0.762883037,103.4365666,-0.1
14.622,0.002177577,-0.762883037,103.430378,0
14.635,0.002177577,-0.72992649,103.3427551,-0.1
14.647,0.002177577,-0.72992649,103.3365666,0
14.66,0.002177577,-0.72992649,103.3427551,-0.1
14.673,0.001306546,-0.72992649,103.3427551,-0.1
14.686,0.002177577,-0.696969943,103.2489436,-0.1
14.698,0.002177577,-0.696969943,103.2427551,0
14.711,0.002177577,-0.696969943,103.3427551,-0.1
14.724,0.002177577,-0.662792783,103.3722674,0
14.736,0.002177577,-0.662792783,103.3427551,-0.1
14.749,0.002177577,-0.662792783,103.3427551,-0.1
14.762,0.002177577,-0.629836235,103.3427551,-0.1
14.775,0.002177577,-0.629836235,103.3365666,0
14.787,0.002177577,-0.629836235,103.3365666,0
14.8,0.002177577,-0.596879688,103.3365666,0
14.813,0.001306546,-0.596879688,103.3427551,-0.1
14.825,0.002177577,-0.596879688,103.2427551,0
14.838,0.002177577,-0.563923141,103.3427551,-0.1
14.851,0.002613092,-0.563923141,103.3427551,-0.1
14.863,0.002177577,-0.530966594,103.2427551,0
14.876,0.002613092,-0.530966594,103.2427551,0
14.889,0.002177577,-0.498010047,103.2784559,0
14.902,0.002613092,-0.498010047,103.2784559,0
14.914,0.002177577,-0.463832887,103.2784559,0
14.927,0.002177577,-0.463832887,103.3722674,0
14.94,0.001306546,-0.430876339,103.3784559,-0.1
14.952,0.002177577,-0.430876339,103.2784559,0
14.965,0.002177577,-0.397919792,103.2784559,0
14.978,0.002177577,-0.397919792,103.2784559,0
14.99,0.002177577,-0.364963245,103.2846444,-0.1
15.003,0.002177577,-0.364963245,103.1784559,0.1
15.016,0.002177577,-0.332006698,103.2846444,-0.1
15.029,0.002177577,-0.332006698,103.2784559,0
15.041,0.002177577,-0.299050151,103.3722674,0
15.054,0.002177577,-0.299050151,103.3722674,0
15.067,0.002177577,-0.26487299,103.3722674,0
15.079,0.002177577,-0.26487299,103.3784559,-0.1
15.092,0.002613092,-0.231916443,103.2784559,0
15.105,0.002177577,-0.198959896,103.2784559,0
15.118,0.002613092,-0.166003349,103.3722674,0
15.13,0.002177577,-0.133046802,103.3784559,-0.1
15.143,0.002177577,-0.133046802,103.3722674,0
15.156,0.002177577,-0.133046802,103.3784559,-0.1
15.168,0.002177577,-0.100090254,103.3660789,0.1
15.181,0.002177577,-0.065913094,103.3784559,-0.1
15.194,0.002177577,-0.065913094,103.3079683,0.1
15.206,0.001306546,-0.032956547,103.2784559,0
15.219,0.002177577,-0.032956547,103.3079683,0.1
15.232,0.002177577,0,103.3141568,0
15.245,0.002177577,0,103.2141568,0.1
15.257,0.002177577,0.032956547,103.2203453,0
15.27,0.002177577,0.032956547,103.2203453,0
15.283,0.002177577,0.065913094,103.1784559,0.1
15.295,0.002177577,0.100090254,103.2784559,0
15.308,0.002177577,0.100090254,103.3141568,0
15.321,0.002177577,0.133046802,103.3141568,0
15.333,0.002177577,0.133046802,103.3141568,0
15.346,0.002177577,0.166003349,103.3203453,-0.1
15.359,0.002177577,0.166003349,103.3141568,0
15.372,0.002177577,0.198959896,103.3141568,0
15.384,0.002177577,0.198959896,103.3079683,0.1
15.397,0.002177577,0.231916443,103.2203453,0
15.41,0.002177577,0.231916443,103.2141568,0.1
15.422,0.002177577,0.26487299,103.2203453,0
15.435,0.002177577,0.299050151,103.2141568,0.1
15.448,0.002177577,0.332006698,103.2141568,0.1
15.461,0.002177577,0.332006698,103.3141568,0
15.473,0.002177577,0.364963245,103.3079683,0.1
15.486,0.002177577,0.364963245,103.3317689,0.1
15.499,0.002177577,0.397919792,103.4079683,0
15.511,0.002177577,0.397919792,103.3141568,0
15.524,0.002177577,0.397919792,103.3079683,0.1
15.537,0.002177577,0.430876339,103.3141568,0
15.549,0.001306546,0.430876339,103.2079683,0.2
15.562,0.001306546,0.463832887,103.2141568,0.1
15.575,0.001306546,0.463832887,103.2379574,0.1
15.588,0.001306546,0.498010047,103.2379574,0.1
15.6,0.001306546,0.530966594,103.2379574,0.1
15.613,0.001306546,0.563923141,103.2141568,0.1
15.626,0.001306546,0.596879688,103.2379574,0.1
15.638,0.001306546,0.596879688,103.2379574,0.1
15.651,0.002177577,0.629836235,103.2379574,0.1
15.664,0.001306546,0.629836235,103.2379574,0.1
15.676,0.002177577,0.629836235,103.2317689,0.2
15.689,0.001306546,0.662792783,103.2317689,0.2
15.702,0.001306546,0.696969943,103.2379574,0.1
15.715,0.001306546,0.72992649,103.2379574,0.1
15.727,0.002177577,0.72992649,103.1441459,0.1
15.74,0.001306546,0.72992649,103.1379574,0.2
15.753,0.002177577,0.762883037,103.2379574,0.1
15.765,0.001306546,0.762883037,103.2379574,0.1
15.778,0.002177577,0.795839584,103.2379574,0.1
15.791,0.001306546,0.795839584,103.2379574,0.1
15.804,0.002177577,0.828796131,103.2379574,0.1
15.816,0.001306546,0.862973292,103.2674698,0.2
15.829,0.002177577,0.862973292,103.2736583,0.1
15.842,0.001306546,0.895929839,103.2736583,0.1
15.854,0.002177577,0.895929839,103.1736583,0.2
15.867,0.001306546,0.928886386,103.1379574,0.2
15.88,0.002177577,0.928886386,103.1379574,0.2
15.892,0.001306546,0.961842933,103.1379574,0.2
15.905,0.001306546,0.961842933,103.1379574,0.2
15.918,0.001306546,0.99479948,103.0441459,0.2
15.931,0.001306546,0.99479948,103.0379574,0.3
15.943,0.000871031,1.027756028,103.0441459,0.2
15.956,0.001306546,1.027756028,103.1736583,0.2
15.969,0.001306546,1.061933188,103.0441459,0.2
15.981,0.001306546,1.061933188,103.0379574,0.3
15.994,0.001306546,1.061933188,103.0379574,0.3
16.007,0.001306546,1.061933188,103.0379574,0.3
16.019,0.001306546,1.094889735,103.0736583,0.3
16.032,0.001306546,1.094889735,103.2674698,0.2
16.045,0.002177577,1.127846282,103.2674698,0.2
16.058,0.001306546,1.127846282,103.2317689,0.2
16.07,0.002177577,1.160802829,103.1317689,0.3
16.083,0.001306546,1.160802829,103.1379574,0.2
16.096,0.001306546,1.160802829,103.1317689,0.3
16.108,0.001306546,1.160802829,103.1379574,0.2
16.121,0.002177577,1.193759376,103.1317689,0.3
16.134,0.001306546,1.193759376,103.0379574,0.3
16.147,0.002177577,1.226715924,103.0317689,0.4
16.159,0.001306546,1.226715924,103.0736583,0.3
16.172,0.002177577,1.226715924,103.0317689,0.4
16.185,0.002177577,1.260893084,103.0379574,0.3
16.197,0.002177577,1.260893084,103.0379574,0.3
16.21,0.001306546,1.260893084,103.0379574,0.3
16.223,0.001306546,1.293849631,103.0379574,0.3
16.235,0.001306546,1.293849631,102.9441459,0.3
16.248,0.001306546,1.326806178,102.9798468,0.3
16.261,0.001306546,1.326806178,102.9379574,0.4
16.274,0.001306546,1.326806178,102.9441459,0.3
16.286,0.001306546,1.326806178,102.9379574,0.4
16.299,0.001306546,1.326806178,102.9441459,0.3
16.312,0.001306546,1.326806178,102.9379574,0.4
16.324,0.001306546,1.359762725,102.9441459,0.3
16.337,0.001306546,1.392719272,102.9379574,0.4
16.35,0.001306546,1.359762725,102.9441459,0.3
16.362,0.002177577,1.359762725,102.9379574,0.4
16.375,0.001306546,1.359762725,102.9441459,0.3
16.388,0.001306546,1.392719272,102.9379574,0.4
16.401,0.001306546,1.392719272,102.9441459,0.3
16.413,0.001306546,1.392719272,103.0379574,0.3
16.426,0.001306546,1.392719272,103.0379574,0.3
16.439,0.002177577,1.392719272,102.9441459,0.3
16.451,0.001306546,1.426896432,102.9379574,0.4
16.464,0.002177577,1.426896432,102.9441459,0.3
16.477,0.002177577,1.426896432,102.9379574,0.4
16.49,0.002177577,1.426896432,103.0379574,0.3
16.502,0.002177577,1.426896432,103.0317689,0.4
16.515,0.002177577,1.426896432,103.0379574,0.3
16.528,0.001306546,1.426896432,102.9317689,0.5
16.54,0.001306546,1.426896432,102.9441459,0.3
16.553,0.001306546,1.426896432,102.9379574,0.4
16.566,0.001306546,1.426896432,103.0441459,0.2
16.578,0.001306546,1.426896432,103.0317689,0.4
16.591,0.001306546,1.426896432,103.0379574,0.3
16.604,0.001306546,1.426896432,103.1317689,0.3
16.617,0.001306546,1.426896432,103.0379574,0.3
16.629,0.002177577,1.426896432,102.9379574,0.4
16.642,0.001306546,1.45985298,103.0379574,0.3
16.655,0.001306546,1.45985298,103.0379574,0.3
16.667,0.001306546,1.45985298,103.0317689,0.4
16.68,0.001306546,1.45985298,103.0317689,0.4
16.693,0.001306546,1.45985298,103.0379574,0.3
16.705,0.001306546,1.45985298,103.0379574,0.3
16.718,0.001306546,1.45985298,103.0379574,0.3
16.731,0.001306546,1.426896432,103.0379574,0.3
16.744,0.001306546,1.426896432,103.0379574,0.3
16.756,0.002177577,1.392719272,103.0379574,0.3
16.769,0.001306546,1.426896432,103.0141568,0.3
16.782,0.001306546,1.392719272,103.0141568,0.3
16.794,0.001306546,1.392719272,102.9141568,0.4
16.807,0.002177577,1.392719272,103.0141568,0.3
16.82,0.001306546,1.392719272,103.0379574,0.3
16.833,0.002177577,1.392719272,102.9441459,0.3
16.845,0.001306546,1.392719272,102.9379574,0.4
16.858,0.002177577,1.392719272,103.0379574,0.3
16.871,0.001306546,1.359762725,103.0379574,0.3
16.883,0.001306546,1.359762725,103.0379574,0.3
16.896,0.001306546,1.359762725,103.0379574,0.3
16.909,0.001306546,1.359762725,103.0141568,0.3
16.921,0.001306546,1.326806178,103.0379574,0.3
16.934,0.001306546,1.326806178,103.0379574,0.3
16.947,0.001306546,1.326806178,103.0317689,0.4
16.96,0.001306546,1.293849631,103.0141568,0.3
16.972,0.001306546,1.293849631,103.0141568,0.3
16.985,0.001306546,1.260893084,103.0141568,0.3
16.998,0.002177577,1.260893084,102.9203453,0.3
17.01,0.001306546,1.260893084,102.9203453,0.3
17.023,0.002177577,1.260893084,103.0141568,0.3
17.036,0.001306546,1.226715924,103.0141568,0.3
17.048,0.002177577,1.226715924,103.0141568,0.3
17.061,0.001306546,1.193759376,103.1141568,0.2
17.074,0.002177577,1.193759376,103.1079683,0.3
17.087,0.001306546,1.160802829,103.0141568,0.3
17.099,0.002177577,1.160802829,103.0079683,0.4
17.112,0.001306546,1.160802829,103.1141568,0.2
17.125,0.002177577,1.127846282,103.1079683,0.3
17.137,0.002177577,1.094889735,103.1079683,0.3
17.15,0.002177577,1.094889735,103.1079683,0.3
17.163,0.002177577,1.061933188,103.1079683,0.3
17.176,0.002177577,1.061933188,103.1141568,0.2
17.188,0.001306546,1.027756028,103.0784559,0.2
17.201,0.002177577,1.027756028,103.0784559,0.2
17.214,0.002177577,0.99479948,103.0141568,0.3
17.226,0.001306546,0.99479948,103.0141568,0.3
17.239,0.002177577,0.99479948,103.0141568,0.3
17.252,0.002177577,0.961842933,103.0203453,0.2
17.264,0.002177577,0.928886386,102.9784559,0.3
17.277,0.002177577,0.928886386,102.9846444,0.2
17.29,0.002177577,0.928886386,102.9784559,0.3
17.303,0.001306546,0.928886386,102.9846444,0.2
17.315,0.001306546,0.895929839,102.9784559,0.3
17.328,0.000871031,0.862973292,102.9846444,0.2
17.341,0.001306546,0.828796131,103.0722674,0.3
17.353,0.001306546,0.795839584,103.0784559,0.2
17.366,0.001306546,0.795839584,102.9784559,0.3
17.379,0.001306546,0.762883037,102.9846444,0.2
17.391,0.001306546,0.762883037,103.0784559,0.2
17.404,0.001306546,0.72992649,103.1722674,0.2
17.417,0.002177577,0.696969943,103.1784559,0.1
17.43,0.002177577,0.662792783,103.0784559,0.2
17.442,0.002177577,0.629836235,103.0784559,0.2
17.455,0.001306546,0.629836235,103.0722674,0.3
17.468,0.002177577,0.596879688,103.0784559,0.2
17.48,0.002177577,0.563923141,103.1722674,0.2
17.493,0.002177577,0.530966594,103.0846444,0.1
17.506,0.002177577,0.530966594,103.0365666,0.3
17.519,0.001306546,0.498010047,103.1427551,0.1
17.531,0.002177577,0.463832887,103.1365666,0.2
17.544,0.001306546,0.430876339,103.1427551,0.1
17.557,0.002177577,0.397919792,103.0427551,0.2
17.569,0.002177577,0.397919792,103.0489436,0.1
17.582,0.002177577,0.364963245,103.0427551,0.2
17.595,0.001306546,0.332006698,103.1427551,0.1
17.607,0.002177577,0.332006698,103.1427551,0.1
17.62,0.001306546,0.299050151,103.1427551,0.1
17.633,0.002177577,0.26487299,103.1427551,0.1
17.646,0.001306546,0.231916443,103.1427551,0.1
17.658,0.002177577,0.198959896,103.1427551,0.1
17.671,0.002177577,0.198959896,103.1427551,0.1
17.684,0.002177577,0.166003349,103.1427551,0.1
17.696,0.002177577,0.166003349,103.1427551,0.1
17.709,0.002177577,0.133046802,103.1427551,0.1
17.722,0.002177577,0.100090254,103.1427551,0.1
17.734,0.002177577,0.065913094,103.1427551,0.1
17.747,0.001306546,0.032956547,103.1427551,0.1
17.76,0.002177577,0.032956547,103.1070542,0.1
17.773,0.001306546,0,103.1070542,0.1
17.785,0.002177577,-0.032956547,103.1070542,0.1
17.798,0.002177577,-0.065913094,103.1070542,0.1
17.811,0.002177577,-0.100090254,103.1070542,0.1
17.823,0.002177577,-0.133046802,103.1070542,0.1
17.836,0.002177577,-0.166003349,103.2008657,0.1
17.849,0.002177577,-0.166003349,103.2008657,0.1
17.862,0.002177577,-0.198959896,103.2070542,0
17.874,0.002613092,-0.231916443,103.2070542,0
17.887,0.002177577,-0.26487299,103.1070542,0.1
17.9,0.002613092,-0.299050151,103.2070542,0
17.912,0.002177577,-0.332006698,103.3008657,0
17.925,0.002613092,-0.364963245,103.2008657,0.1
17.938,0.002613092,-0.397919792,103.2070542,0
17.95,0.002613092,-0.430876339,103.2008657,0.1
17.963,0.002613092,-0.430876339,103.2070542,0
17.976,0.002613092,-0.498010047,103.2070542,0
17.989,0.002177577,-0.498010047,103.2070542,0
18.001,0.002613092,-0.530966594,103.2008657,0.1
18.014,0.002613092,-0.563923141,103.2070542,0
18.027,0.002613092,-0.596879688,103.2070542,0
18.039,0.002613092,-0.629836235,103.1894421,-0.1
18.052,0.002613092,-0.662792783,103.2070542,0
18.065,0.002613092,-0.662792783,103.2132427,-0.1
18.077,0.002613092,-0.696969943,103.2070542,0
18.09,0.002613092,-0.72992649,103.2132427,-0.1
18.103,0.002613092,-0.762883037,103.2070542,0
18.116,0.002613092,-0.762883037,103.2132427,-0.1
18.128,0.002613092,-0.795839584,103.2070542,0
18.141,0.002613092,-0.828796131,103.2132427,-0.1
18.154,0.002613092,-0.862973292,103.2070542,0
18.166,0.002613092,-0.862973292,103.2070542,0
18.179,0.003484123,-0.928886386,103.2070542,0
18.192,0.003484123,-0.928886386,103.2070542,0
18.205,0.003484123,-0.961842933,103.2070542,0
18.217,0.003919639,-0.961842933,103.1832536,0
18.23,0.003919639,-0.99479948,103.2132427,-0.1
18.243,0.00479067,-1.027756028,103.2070542,0
18.255,0.003919639,-1.061933188,103.2132427,-0.1
18.268,0.003919639,-1.094889735,103.2070542,0
18.281,0.003484123,-1.127846282,103.2894421,-0.2
18.293,0.003919639,-1.127846282,103.3008657,0
18.306,0.003484123,-1.160802829,103.2832536,-0.1
18.319,0.003919639,-1.193759376,103.2770651,0
18.332,0.003484123,-1.226715924,103.3070542,-0.1
18.344,0.003919639,-1.226715924,103.3070542,-0.1
18.357,0.003919639,-1.260893084,103.2832536,-0.1
18.37,0.003919639,-1.293849631,103.2832536,-0.1
18.382,0.003484123,-1.293849631,103.2832536,-0.1
18.395,0.003919639,-1.326806178,103.2832536,-0.1
18.408,0.003919639,-1.359762725,103.2832536,-0.1
18.42,0.003484123,-1.392719272,103.2832536,-0.1
18.433,0.003919639,-1.42567582,103.2770651,0
18.446,0.003919639,-1.42567582,103.2832536,-0.1
18.459,0.003919639,-1.45985298,103.2770651,0
18.471,0.003484123,-1.45985298,103.2832536,-0.1
18.484,0.003919639,-1.492809527,103.2832536,-0.1
18.497,0.003919639,-1.525766074,103.2894421,-0.2
18.509,0.00479067,-1.525766074,103.1832536,0
18.522,0.003919639,-1.558722621,103.1894421,-0.1
18.535,0.00479067,-1.591679168,103.1832536,0
18.548,0.003919639,-1.591679168,103.1894421,-0.1
18.56,0.00479067,-1.625856329,103.2832536,-0.1
18.573,0.003919639,-1.658812876,103.2832536,-0.1
18.586,0.00479067,-1.658812876,103.2832536,-0.1
18.598,0.00479067,-1.658812876,103.2832536,-0.1
18.611,0.00479067,-1.691769423,103.2832536,-0.1
18.624,0.00479067,-1.72472597,103.2770651,0
18.636,0.00479067,-1.72472597,103.2832536,-0.1
18.649,0.00479067,-1.757682517,103.2832536,-0.1
18.662,0.00479067,-1.757682517,103.2832536,-0.1
18.675,0.00479067,-1.790639065,103.2832536,-0.1
18.687,0.00479067,-1.824816225,103.2832536,-0.1
18.7,0.00479067,-1.824816225,103.2770651,0
18.713,0.00479067,-1.824816225,103.3770651,-0.1
18.725,0.00479067,-1.857772772,103.3770651,-0.1
18.738,0.00479067,-1.857772772,103.3770651,-0.1
18.751,0.00479067,-1.890729319,103.1832536,0
18.763,0.00479067,-1.890729319,103.1832536,0
18.776,0.00479067,-1.923685866,103.2832536,-0.1
18.789,0.00479067,-1.923685866,103.2770651,0
18.802,0.00479067,-1.923685866,103.3770651,-0.1
18.814,0.00479067,-1.923685866,103.2832536,-0.1
18.827,0.00479067,-1.956642413,103.1832536,0
18.84,0.00479067,-1.956642413,103.2832536,-0.1
18.852,0.005226185,-1.989598961,103.2832536,-0.1
18.865,0.005226185,-1.989598961,103.2832536,-0.1
18.878,0.006097216,-2.023776121,103.2132427,-0.1
18.891,0.00479067,-2.023776121,103.3427551,-0.1
18.903,0.005226185,-2.023776121,103.3427551,-0.1
18.916,0.005226185,-2.023776121,103.2427551,0
18.929,0.005226185,-2.023776121,103.3427551,-0.1
18.941,0.00479067,-2.056732668,103.3427551,-0.1
18.954,0.005226185,-2.056732668,103.3365666,0
18.967,0.005226185,-2.056732668,103.3784559,-0.1
18.979,0.006097216,-2.056732668,103.4722674,-0.1
18.992,0.005226185,-2.056732668,103.3427551,-0.1
19.005,0.006097216,-2.089689215,103.3784559,-0.1
19.018,0.005226185,-2.089689215,103.3784559,-0.1
19.03,0.005226185,-2.089689215,103.3784559,-0.1
19.043,0.005226185,-2.089689215,103.3427551,-0.1
19.056,0.005226185,-2.089689215,103.3365666,0
19.068,0.005226185,-2.089689215,103.3784559,-0.1
19.081,0.005226185,-2.089689215,103.3784559,-0.1
19.094,0.005226185,-2.089689215,103.3784559,-0.1
19.106,0.005226185,-2.089689215,103.3784559,-0.1
19.119,0.005226185,-2.089689215,103.3784559,-0.1
19.132,0.006097216,-2.056732668,103.2427551,0
19.145,0.006097216,-2.056732668,103.3427551,-0.1
19.157,0.006097216,-2.056732668,103.2070542,0
19.17,0.006097216,-2.056732668,103.3070542,-0.1
19.183,0.005226185,-2.089689215,103.3070542,-0.1
19.195,0.006097216,-2.089689215,103.2070542,0
19.208,0.006097216,-2.089689215,103.2132427,-0.1
19.221,0.006532731,-2.089689215,103.2070542,0
19.234,0.006097216,-2.056732668,103.2070542,0
19.246,0.006097216,-2.056732668,103.3008657,0
19.259,0.005226185,-2.056732668,103.3070542,-0.1
19.272,0.006097216,-2.056732668,103.2070542,0
19.284,0.006097216,-2.023776121,103.2070542,0
19.297,0.006097216,-2.023776121,103.2070542,0
19.31,0.006097216,-2.023776121,103.2070542,0
19.322,0.006097216,-2.023776121,103.3008657,0
19.335,0.006097216,-2.023776121,103.3008657,0
19.348,0.006097216,-2.023776121,103.3008657,0
19.361,0.006097216,-1.989598961,103.2008657,0.1
19.373,0.006097216,-1.989598961,103.2070542,0
19.386,0.006097216,-1.989598961,103.2427551,0
19.399,0.006097216,-1.956642413,103.1489436,0
19.411,0.006097216,-1.956642413,103.2365666,0.1
19.424,0.006097216,-1.923685866,103.2489436,-0.1
19.437,0.006097216,-1.923685866,103.3365666,0
19.449,0.005226185,-1.923685866,103.2427551,0
19.462,0.006097216,-1.890729319,103.2365666,0.1
19.475,0.005226185,-1.857772772,103.2427551,0
19.488,0.006097216,-1.824816225,103.2365666,0.1
19.5,0.005226185,-1.824816225,103.2427551,0
19.513,0.006097216,-1.824816225,103.2427551,0
19.526,0.006097216,-1.824816225,103.2427551,0
19.538,0.006097216,-1.790639065,103.2427551,0
19.551,0.006097216,-1.790639065,103.2427551,0
19.564,0.006097216,-1.757682517,103.2427551,0
19.577,0.006097216,-1.72472597,103.2427551,0
19.589,0.006097216,-1.691769423,103.1489436,0
19.602,0.006097216,-1.691769423,103.1427551,0.1
19.615,0.006097216,-1.658812876,103.1489436,0
19.627,0.006097216,-1.625856329,103.1427551,0.1
19.64,0.006097216,-1.625856329,103.1489436,0
19.653,0.006097216,-1.591679168,103.1427551,0.1
19.665,0.006097216,-1.558722621,103.1846444,0
19.678,0.006097216,-1.525766074,103.1427551,0.1
19.691,0.006097216,-1.525766074,103.1784559,0.1
19.704,0.006097216,-1.492809527,103.2722674,0.1
19.716,0.006097216,-1.492809527,103.2784559,0
19.729,0.006097216,-1.45985298,103.1784559,0.1
19.742,0.006097216,-1.42567582,103.1784559,0.1
19.754,0.006097216,-1.392719272,103.1784559,0.1
19.767,0.005226185,-1.359762725,103.0784559,0.2
19.78,0.005226185,-1.293849631,103.1784559,0.1
19.792,0.005226185,-1.260893084,103.1784559,0.1
19.805,0.006097216,-1.226715924,103.1722674,0.2
19.818,0.005226185,-1.226715924,103.1784559,0.1
19.831,0.006097216,-1.193759376,103.2141568,0.1
19.843,0.005226185,-1.160802829,103.2141568,0.1
19.856,0.006097216,-1.127846282,103.2141568,0.1
19.869,0.005226185,-1.094889735,103.1784559,0.1
19.881,0.006097216,-1.061933188,103.2141568,0.1
19.894,0.006097216,-1.061933188,103.2141568,0.1
19.907,0.006097216,-0.99479948,103.2141568,0.1
19.92,0.006097216,-0.961842933,103.2141568,0.1
19.932,0.006532731,-0.961842933,103.2141568,0.1
19.945,0.006097216,-0.928886386,103.1141568,0.2
19.958,0.006097216,-0.895929839,103.1141568,0.2
19.97,0.005226185,-0.862973292,103.1141568,0.2
19.983,0.006097216,-0.828796131,103.1141568,0.2
19.996,0.005226185,-0.828796131,103.1141568,0.2
20.008,0.006097216,-0.795839584,103.1141568,0.2
20.021,0.005226185,-0.762883037,103.1203453,0.1
20.034,0.005226185,-0.72992649,103.1141568,0.2
20.047,0.005226185,-0.662792783,103.1379574,0.2
20.059,0.005226185,-0.629836235,103.2317689,0.2
20.072,0.005226185,-0.596879688,103.2317689,0.2
20.085,0.005226185,-0.563923141,103.2317689,0.2
20.097,0.005226185,-0.498010047,103.1379574,0.2
20.11,0.005226185,-0.463832887,103.1379574,0.2
20.123,0.005226185,-0.397919792,103.1379574,0.2
20.135,0.005226185,-0.364963245,103.1379574,0.2
20.148,0.006097216,-0.332006698,103.1317689,0.3
20.161,0.005226185,-0.332006698,103.1736583,0.2
20.174,0.006097216,-0.26487299,103.1674698,0.3
20.186,0.005226185,-0.231916443,103.1736583,0.2
20.199,0.006097216,-0.198959896,103.1674698,0.3
20.212,0.005226185,-0.166003349,103.1736583,0.2
20.224,0.006097216,-0.133046802,103.1674698,0.3
20.237,0.005226185,-0.100090254,103.0736583,0.3
20.25,0.005226185,-0.065913094,103.0736583,0.3
20.263,0.005226185,0,103.0736583,0.3
20.275,0.005226185,0.032956547,103.0736583,0.3
20.288,0.005226185,0.065913094,102.9798468,0.3
20.301,0.005226185,0.100090254,102.9798468,0.3
20.313,0.005226185,0.133046802,102.9798468,0.3
20.326,0.005226185,0.166003349,102.9798468,0.3
20.339,0.006097216,0.198959896,102.9736583,0.4
20.351,0.006097216,0.26487299,102.9736583,0.4
20.364,0.006097216,0.299050151,103.0031706,0.5
20.377,0.005226185,0.332006698,102.9798468,0.3
20.39,0.005226185,0.364963245,102.9736583,0.4
20.402,0.005226185,0.397919792,102.9798468,0.3
20.415,0.005226185,0.430876339,103.0093591,0.4
20.428,0.00479067,0.463832887,103.0155476,0.3
20.44,0.005226185,0.530966594,103.0031706,0.5
20.453,0.00479067,0.563923141,103.1031706,0.4
20.466,0.00479067,0.596879688,103.0969821,0.5
20.478,0.00479067,0.662792783,103.0093591,0.4
20.491,0.00479067,0.696969943,103.0093591,0.4
20.504,0.00479067,0.72992649,103.0331597,0.4
20.517,0.005226185,0.762883037,102.9093591,0.5
20.529,0.00479067,0.828796131,103.0093591,0.4
20.542,0.005226185,0.862973292,103.0093591,0.4
20.555,0.00479067,0.895929839,102.9331597,0.5
20.567,0.00479067,0.928886386,102.9393482,0.4
20.58,0.00479067,0.961842933,102.8331597,0.6
20.593,0.005226185,0.99479948,102.9393482,0.4
20.606,0.00479067,1.027756028,102.9331597,0.5
20.618,0.00479067,1.061933188,102.9393482,0.4
20.631,0.00479067,1.094889735,102.9331597,0.5
20.644,0.00479067,1.127846282,102.9331597,0.5
20.656,0.00479067,1.160802829,102.8331597,0.6
20.669,0.00479067,1.193759376,102.8393482,0.5
20.682,0.00479067,1.260893084,102.8331597,0.6
20.694,0.00479067,1.293849631,102.8393482,0.5
20.707,0.005226185,1.326806178,102.8331597,0.6
20.72,0.00479067,1.359762725,102.8331597,0.6
20.733,0.005226185,1.426896432,102.8331597,0.6
20.745,0.00479067,1.45985298,102.8331597,0.6
20.758,0.005226185,1.492809527,102.8331597,0.6
20.771,0.00479067,1.492809527,102.8331597,0.6
20.783,0.00479067,1.525766074,102.8331597,0.6
20.796,0.00479067,1.558722621,102.8331597,0.6
20.809,0.00479067,1.591679168,102.7331597,0.7
20.821,0.00479067,1.625856329,102.7331597,0.7
20.834,0.00479067,1.658812876,102.7331597,0.7
20.847,0.003919639,1.72472597,102.7331597,0.7
20.86,0.00479067,1.757682517,102.7331597,0.7
20.872,0.00479067,1.790639065,102.7331597,0.7
20.885,0.00479067,1.790639065,102.7331597,0.7
20.898,0.00479067,1.824816225,102.6750491,0.7
20.91,0.00479067,1.857772772,102.6331597,0.8
20.923,0.00479067,1.890729319,102.7331597,0.7
20.936,0.00479067,1.923685866,102.7269712,0.8
20.949,0.00479067,1.956642413,102.6331597,0.8
20.961,0.00479067,1.989598961,102.6688606,0.8
20.974,0.00479067,2.023776121,102.6688606,0.8
20.987,0.00479067,2.056732668,102.6688606,0.8
20.999,0.00479067,2.089689215,102.7688606,0.7
21.012,0.00479067,2.089689215,102.6688606,0.8
21.025,0.00479067,2.122645762,102.6688606,0.8
21.037,0.003919639,2.155602309,102.6331597,0.8
21.05,0.003919639,2.18977947,102.6331597,0.8
21.063,0.00479067,2.18977947,102.6688606,0.8
21.076,0.00479067,2.222736017,102.6688606,0.8
21.088,0.00479067,2.255692564,102.6688606,0.8
21.101,0.00479067,2.288649111,102.5688606,0.9
21.114,0.003919639,2.288649111,102.5688606,0.9
21.126,0.00479067,2.321605658,102.5626721,1
21.139,0.003919639,2.354562206,102.5688606,0.9
21.152,0.00479067,2.354562206,102.6626721,0.9
21.164,0.003919639,2.388739366,102.6688606,0.8
21.177,0.00479067,2.421695913,102.6564836,1
21.19,0.003919639,2.45465246,102.5688606,0.9
21.203,0.00479067,2.487609007,102.5269712,1
21.215,0.00479067,2.487609007,102.5331597,0.9
21.228,0.00479067,2.520565554,102.5269712,1
21.241,0.003919639,2.553522102,102.5331597,0.9
21.253,0.003919639,2.553522102,102.5269712,1
21.266,0.00479067,2.587699262,102.5331597,0.9
21.279,0.00479067,2.587699262,102.5331597,0.9
21.292,0.00479067,2.587699262,102.5331597,0.9
21.304,0.00479067,2.620655809,102.4331597,1
21.317,0.005226185,2.653612356,102.4331597,1
21.33,0.00479067,2.653612356,102.4393482,0.9
21.342,0.00479067,2.653612356,102.4331597,1
21.355,0.00479067,2.653612356,102.4331597,1
21.368,0.00479067,2.686568903,102.4269712,1.1
21.38,0.00479067,2.686568903,102.4393482,0.9
21.393,0.00479067,2.71952545,102.4269712,1.1
21.406,0.003919639,2.71952545,102.4393482,0.9
21.419,0.00479067,2.71952545,102.4331597,1
21.431,0.003919639,2.752481998,102.3393482,1
21.444,0.00479067,2.752481998,102.2393482,1.1
21.457,0.003919639,2.786659158,102.3393482,1
21.469,0.00479067,2.786659158,102.3331597,1.1
21.482,0.003919639,2.786659158,102.3331597,1.1
21.495,0.00479067,2.786659158,102.4331597,1
21.507,0.003919639,2.786659158,102.4269712,1.1
21.52,0.00479067,2.786659158,102.4269712,1.1
21.533,0.00479067,2.786659158,102.4269712,1.1
21.546,0.00479067,2.819615705,102.4331597,1
21.558,0.00479067,2.819615705,102.4269712,1.1
21.571,0.003919639,2.819615705,102.4331597,1
21.584,0.00479067,2.819615705,102.4269712,1.1
21.596,0.003919639,2.819615705,102.4331597,1
21.609,0.00479067,2.819615705,102.4269712,1.1
21.622,0.00479067,2.819615705,102.4331597,1
21.635,0.00479067,2.819615705,102.3331597,1.1
21.647,0.00479067,2.819615705,102.3331597,1.1
21.66,0.00479067,2.819615705,102.3331597,1.1
21.673,0.003919639,2.819615705,102.3093591,1.1
21.685,0.00479067,2.819615705,102.3093591,1.1
21.698,0.003919639,2.819615705,102.3093591,1.1
21.711,0.00479067,2.819615705,102.3093591,1.1
21.723,0.00479067,2.819615705,102.3093591,1.1
21.736,0.00479067,2.819615705,102.3093591,1.1
21.749,0.00479067,2.786659158,102.3093591,1.1
21.762,0.00479067,2.786659158,102.3093591,1.1
21.774,0.00479067,2.786659158,102.3093591,1.1
21.787,0.00479067,2.752481998,102.3093591,1.1
21.8,0.003919639,2.752481998,102.3093591,1.1
21.812,0.00479067,2.71952545,102.4093591,1
21.825,0.003919639,2.71952545,102.3093591,1.1
21.838,0.00479067,2.71952545,102.3093591,1.1
21.85,0.003919639,2.686568903,102.3093591,1.1
21.863,0.00479067,2.653612356,102.3093591,1.1
21.876,0.003919639,2.653612356,102.3093591,1.1
21.889,0.00479067,2.653612356,102.3093591,1.1
21.901,0.00479067,2.653612356,102.3736583,1
21.914,0.00479067,2.620655809,102.3093591,1.1
21.927,0.00479067,2.587699262,102.4093591,1
21.939,0.00479067,2.587699262,102.3736583,1
21.952,0.003919639,2.587699262,102.3736583,1
21.965,0.00479067,2.553522102,102.3674698,1.1
21.978,0.00479067,2.520565554,102.4674698,1
21.99,0.003919639,2.520565554,102.4674698,1
22.003,0.00479067,2.487609007,102.2798468,1
22.016,0.00479067,2.45465246,102.3736583,1
22.028,0.00479067,2.421695913,102.3736583,1
22.041,0.00479067,2.388739366,102.3736583,1
22.054,0.00479067,2.388739366,102.3736583,1
22.066,0.00479067,2.354562206,102.3736583,1
22.079,0.005226185,2.321605658,102.3736583,1
22.092,0.00479067,2.288649111,102.3736583,1
22.105,0.00479067,2.288649111,102.3736583,1
22.117,0.00479067,2.255692564,102.3379574,1
22.13,0.00479067,2.222736017,102.3379574,1
22.143,0.00479067,2.18977947,102.3798468,0.9
22.155,0.005226185,2.155602309,102.3736583,1
22.168,0.00479067,2.122645762,102.3736583,1
22.181,0.00479067,2.089689215,102.3379574,1
22.193,0.00479067,2.056732668,102.3441459,0.9
22.206,0.00479067,2.023776121,102.3379574,1
22.219,0.00479067,1.989598961,102.4379574,0.9
22.232,0.005226185,1.956642413,102.4736583,0.9
22.244,0.00479067,1.923685866,102.4379574,0.9
22.257,0.00479067,1.890729319,102.5317689,0.9
22.27,0.00479067,1.857772772,102.5079683,0.9
22.282,0.00479067,1.790639065,102.5379574,0.8
22.295,0.00479067,1.757682517,102.5317689,0.9
22.308,0.00479067,1.72472597,102.5379574,0.8
22.32,0.005226185,1.658812876,102.5079683,0.9
22.333,0.005226185,1.625856329,102.5141568,0.8
22.346,0.005226185,1.591679168,102.5079683,0.9
22.359,0.00479067,1.558722621,102.5141568,0.8
22.371,0.005226185,1.558722621,102.5141568,0.8
22.384,0.005226185,1.492809527,102.5141568,0.8
22.397,0.005226185,1.45985298,102.5141568,0.8
22.409,0.005226185,1.426896432,102.5141568,0.8
22.422,0.005226185,1.392719272,102.5141568,0.8
22.435,0.00479067,1.326806178,102.5141568,0.8
22.448,0.005226185,1.293849631,102.4846444,0.7
22.46,0.005226185,1.260893084,102.4846444,0.7
22.473,0.005226185,1.226715924,102.4846444,0.7
22.486,0.005226185,1.160802829,102.4784559,0.8
22.498,0.005226185,1.127846282,102.4784559,0.8
22.511,0.005226185,1.061933188,102.4722674,0.9
22.524,0.005226185,1.027756028,102.5846444,0.6
22.536,0.005226185,0.99479948,102.5784559,0.7
22.549,0.005226185,0.928886386,102.5846444,0.6
22.562,0.005226185,0.895929839,102.5722674,0.8
22.575,0.005226185,0.862973292,102.6784559,0.6
22.587,0.005226185,0.795839584,102.5722674,0.8
22.6,0.005226185,0.762883037,102.6784559,0.6
22.613,0.005226185,0.696969943,102.6722674,0.7
22.625,0.005226185,0.662792783,102.6784559,0.6
22.638,0.006097216,0.629836235,102.6784559,0.6
22.651,0.005226185,0.563923141,102.6784559,0.6
22.663,0.006097216,0.530966594,102.6784559,0.6
22.676,0.005226185,0.463832887,102.6427551,0.6
22.689,0.006097216,0.430876339,102.6427551,0.6
22.702,0.005226185,0.364963245,102.5427551,0.7
22.714,0.006097216,0.332006698,102.5489436,0.6
22.727,0.005226185,0.26487299,102.5427551,0.7
22.74,0.006097216,0.231916443,102.6489436,0.5
22.752,0.006097216,0.198959896,102.6365666,0.7
22.765,0.006097216,0.133046802,102.7427551,0.5
22.778,0.006097216,0.100090254,102.7365666,0.6
22.791,0.006097216,0.032956547,102.6489436,0.5
22.803,0.006097216,0,102.6427551,0.6
22.816,0.006097216,-0.032956547,102.6427551,0.6
22.829,0.006097216,-0.100090254,102.7008657,0.6
22.841,0.006097216,-0.133046802,102.7070542,0.5
22.854,0.006097216,-0.198959896,102.7008657,0.6
22.867,0.006097216,-0.231916443,102.7008657,0.6
22.879,0.006097216,-0.299050151,102.7008657,0.6
22.892,0.006097216,-0.364963245,102.7070542,0.5
22.905,0.006097216,-0.397919792,102.7070542,0.5
22.918,0.006097216,-0.463832887,102.7070542,0.5
22.93,0.006532731,-0.498010047,102.7070542,0.5
22.943,0.006097216,-0.563923141,102.6070542,0.6
22.956,0.006532731,-0.596879688,102.6132427,0.5
22.968,0.006097216,-0.629836235,102.6070542,0.6
22.981,0.006532731,-0.696969943,102.7070542,0.5
22.994,0.006097216,-0.72992649,102.7070542,0.5
23.007,0.006532731,-0.795839584,102.7427551,0.5
23.019,0.006097216,-0.828796131,102.7070542,0.5
23.032,0.006532731,-0.895929839,102.7070542,0.5
23.045,0.006532731,-0.928886386,102.7070542,0.5
23.057,0.006532731,-0.99479948,102.7427551,0.5
23.07,0.006532731,-1.027756028,102.8070542,0.4
23.083,0.006532731,-1.094889735,102.7070542,0.5
23.095,0.006532731,-1.160802829,102.7132427,0.4
23.108,0.006532731,-1.193759376,102.7070542,0.5
23.121,0.006532731,-1.260893084,102.7070542,0.5
23.134,0.007403762,-1.293849631,102.8070542,0.4
23.146,0.006532731,-1.359762725,102.8070542,0.4
23.159,0.006532731,-1.392719272,102.8008657,0.5
23.172,0.006532731,-1.45985298,102.8365666,0.5
23.184,0.006532731,-1.492809527,102.8365666,0.5
23.197,0.006532731,-1.558722621,102.8365666,0.5
23.21,0.007403762,-1.591679168,102.8427551,0.4
23.222,0.007403762,-1.658812876,102.8427551,0.4
23.235,0.006532731,-1.691769423,102.8427551,0.4
23.248,0.007403762,-1.757682517,102.8427551,0.4
23.261,0.006532731,-1.824816225,102.8427551,0.4
23.273,0.007403762,-1.857772772,102.8365666,0.5
23.286,0.006532731,-1.923685866,102.8489436,0.3
23.299,0.007403762,-1.956642413,102.8427551,0.4
23.311,0.006532731,-2.023776121,102.9427551,0.3
23.324,0.007403762,-2.056732668,102.9365666,0.4
23.337,0.006532731,-2.122645762,102.9427551,0.3
23.35,0.007403762,-2.155602309,102.8427551,0.4
23.362,0.007403762,-2.18977947,102.8427551,0.4
23.375,0.007403762,-2.255692564,102.8427551,0.4
23.388,0.006532731,-2.288649111,102.8427551,0.4
23.4,0.007403762,-2.321605658,102.8427551,0.4
23.413,0.007403762,-2.354562206,102.8427551,0.4
23.426,0.008274793,-2.421695913,102.9427551,0.3
23.438,0.008274793,-2.45465246,102.9365666,0.4
23.451,0.008274793,-2.520565554,102.8427551,0.4
23.464,0.008274793,-2.553522102,102.8365666,0.5
23.477,0.008274793,-2.620655809,102.8489436,0.3
23.489,0.008274793,-2.653612356,102.8427551,0.4
23.502,0.008274793,-2.686568903,102.8489436,0.3
23.515,0.008274793,-2.71952545,102.8365666,0.5
23.527,0.007403762,-2.752481998,102.8846444,0.3
23.54,0.007403762,-2.786659158,102.8784559,0.4
23.553,0.007403762,-2.819615705,102.8846444,0.3
23.565,0.008274793,-2.885528799,102.8722674,0.5
23.578,0.007403762,-2.918485347,102.8784559,0.4
23.591,0.008274793,-2.952662507,102.8784559,0.4
23.604,0.008274793,-2.985619054,102.8427551,0.4
23.616,0.008274793,-3.018575601,102.8427551,0.4
23.629,0.008274793,-3.018575601,102.7427551,0.5
23.642,0.008274793,-3.051532148,102.6070542,0.6
23.654,0.008710308,-3.051532148,102.6070542,0.6
23.667,0.008710308,-3.084488695,102.5132427,0.6
23.68,0.008710308,-3.117445243,102.5070542,0.7
23.692,0.008710308,-3.151622403,102.5132427,0.6
23.705,0.008710308,-3.18457895,102.5770651,0.7
23.718,0.008710308,-3.217535497,102.5832536,0.6
23.731,0.008710308,-3.250492044,102.6008657,0.7
23.743,0.008710308,-3.250492044,102.4832536,0.7
23.756,0.009581339,-3.283448591,102.4770651,0.8
23.769,0.008710308,-3.316405139,102.4832536,0.7
23.781,0.008710308,-3.350582299,102.4770651,0.8
23.794,0.008710308,-3.383538846,102.3832536,0.8
23.807,0.009581339,-3.416495393,102.4008657,0.9
23.82,0.008710308,-3.416495393,102.4070542,0.8
23.832,0.009581339,-3.44945194,102.4008657,0.9
23.845,0.008710308,-3.482408487,102.4070542,0.8
23.858,0.009581339,-3.515365035,102.3070542,0.9
23.87,0.009581339,-3.549542195,102.3070542,0.9
23.883,0.009581339,-3.549542195,102.3070542,0.9
23.896,0.009581339,-3.582498742,102.3070542,0.9
23.908,0.009581339,-3.615455289,102.3070542,0.9
23.921,0.009581339,-3.615455289,102.3070542,0.9
23.934,0.009581339,-3.615455289,102.3070542,0.9
23.947,0.009581339,-3.615455289,102.3427551,0.9
23.959,0.010016854,-3.648411836,102.2427551,1
23.972,0.009581339,-3.648411836,102.2427551,1
23.985,0.010016854,-3.681368384,102.2427551,1
23.997,0.009581339,-3.715545544,102.2427551,1
24.01,0.010016854,-3.715545544,102.1427551,1.1
24.023,0.009581339,-3.748502091,102.1489436,1
24.035,0.010016854,-3.748502091,102.1784559,1.1
24.048,0.010016854,-3.748502091,102.1784559,1.1
24.061,0.010016854,-3.748502091,102.1784559,1.1
24.074,0.009581339,-3.748502091,102.1784559,1.1
24.086,0.010016854,-3.748502091,102.1784559,1.1
24.099,0.009581339,-3.781458638,102.1784559,1.1
24.112,0.010016854,-3.781458638,102.2722674,1.1
24.124,0.010016854,-3.781458638,102.2722674,1.1
24.137,0.010016854,-3.781458638,102.2722674,1.1
24.15,0.010016854,-3.781458638,102.1784559,1.1
24.163,0.010016854,-3.781458638,102.1784559,1.1
24.175,0.010016854,-3.781458638,102.1784559,1.1
24.188,0.010887885,-3.781458638,102.1784559,1.1
24.201,0.010887885,-3.748502091,102.1784559,1.1
24.213,0.010016854,-3.781458638,102.1784559,1.1
24.226,0.010887885,-3.781458638,102.1722674,1.2
24.239,0.010887885,-3.748502091,102.2141568,1.1
24.251,0.011323401,-3.748502091,102.1141568,1.2
24.264,0.010887885,-3.748502091,102.1203453,1.1
24.277,0.011323401,-3.715545544,102.1141568,1.2
24.29,0.010016854,-3.715545544,102.1203453,1.1
24.302,0.010887885,-3.715545544,102.1079683,1.3
24.315,0.010887885,-3.715545544,102.1141568,1.2
24.328,0.010887885,-3.681368384,102.1079683,1.3
24.34,0.010887885,-3.681368384,102.1141568,1.2
24.353,0.010887885,-3.648411836,102.1079683,1.3
24.366,0.010887885,-3.648411836,102.1141568,1.2
24.378,0.010887885,-3.615455289,102.0141568,1.3
24.391,0.010887885,-3.582498742,102.0203453,1.2
24.404,0.010887885,-3.582498742,102.0141568,1.3
24.417,0.010887885,-3.549542195,102.1141568,1.2
24.429,0.010887885,-3.515365035,102.1141568,1.2
24.442,0.011323401,-3.515365035,102.1317689,1.3
24.455,0.011323401,-3.482408487,102.0379574,1.3
24.467,0.011323401,-3.44945194,102.0379574,1.3
24.48,0.010887885,-3.416495393,102.0441459,1.2
24.493,0.011323401,-3.383538846,102.0379574,1.3
24.506,0.010887885,-3.350582299,102.0441459,1.2
24.518,0.011323401,-3.316405139,102.0317689,1.4
24.531,0.010887885,-3.283448591,102.0379574,1.3
24.544,0.010887885,-3.250492044,102.0317689,1.4
24.556,0.010887885,-3.217535497,102.0379574,1.3
24.569,0.010887885,-3.18457895,102.0317689,1.4
24.582,0.010016854,-3.151622403,102.0379574,1.3
24.594,0.010887885,-3.084488695,101.9379574,1.4
24.607,0.010887885,-3.051532148,102.0736583,1.3
24.62,0.010887885,-3.018575601,102.0736583,1.3
24.633,0.010887885,-2.952662507,102.0674698,1.4
24.645,0.010887885,-2.918485347,102.0736583,1.3
24.658,0.010887885,-2.885528799,102.0674698,1.4
24.671,0.010887885,-2.819615705,101.9736583,1.4
24.683,0.010887885,-2.786659158,101.9736583,1.4
24.696,0.010887885,-2.752481998,101.9736583,1.4
24.709,0.010887885,-2.686568903,101.9736583,1.4
24.721,0.010887885,-2.653612356,101.9798468,1.3
24.734,0.010887885,-2.620655809,101.9736583,1.4
24.747,0.010016854,-2.587699262,101.8798468,1.4
24.76,0.010887885,-2.520565554,101.8736583,1.5
24.772,0.010016854,-2.487609007,101.8798468,1.4
24.785,0.010887885,-2.421695913,101.8798468,1.4
24.798,0.010887885,-2.388739366,101.8798468,1.4
24.81,0.010887885,-2.321605658,101.9093591,1.5
24.823,0.010016854,-2.255692564,102.0093591,1.4
24.836,0.010887885,-2.222736017,101.9093591,1.5
24.849,0.010887885,-2.155602309,101.9093591,1.5
24.861,0.010887885,-2.089689215,101.9093591,1.5
24.874,0.010016854,-2.056732668,102.0031706,1.5
24.887,0.010887885,-1.989598961,102.0031706,1.5
24.899,0.010016854,-1.956642413,101.9031706,1.6
24.912,0.010016854,-1.890729319,101.9093591,1.5
24.925,0.010016854,-1.857772772,101.9093591,1.5
24.937,0.010887885,-1.790639065,102.0031706,1.5
24.95,0.010016854,-1.72472597,101.9031706,1.6
24.963,0.010887885,-1.658812876,101.9031706,1.6
24.976,0.010016854,-1.591679168,101.9093591,1.5
24.988,0.010887885,-1.525766074,101.8093591,1.6
25.001,0.010016854,-1.492809527,101.9093591,1.5
25.014,0.010016854,-1.42567582,101.8031706,1.7
25.026,0.010016854,-1.359762725,101.8331597,1.6
25.039,0.010016854,-1.326806178,101.8331597,1.6
25.052,0.010016854,-1.260893084,101.8331597,1.6
25.064,0.010016854,-1.193759376,101.8331597,1.6
25.077,0.010016854,-1.127846282,101.7393482,1.6
25.09,0.010016854,-1.061933188,101.7331597,1.7
25.103,0.009581339,-0.99479948,101.6393482,1.7
25.115,0.009581339,-0.928886386,101.7331597,1.7
25.128,0.010016854,-0.895929839,101.7331597,1.7
25.141,0.009581339,-0.828796131,101.7331597,1.7
25.153,0.010016854,-0.762883037,101.7331597,1.7
25.166,0.009581339,-0.696969943,101.8269712,1.7
25.179,0.010016854,-0.629836235,101.8207827,1.8
25.192,0.009581339,-0.563923141,101.9207827,1.7
25.204,0.010016854,-0.498010047,101.6331597,1.8
25.217,0.009581339,-0.430876339,101.7331597,1.7
25.23,0.010016854,-0.364963245,101.7331597,1.7
25.242,0.009581339,-0.299050151,101.6331597,1.8
25.255,0.010016854,-0.231916443,101.6331597,1.8
25.268,0.009581339,-0.166003349,101.6331597,1.8
25.28,0.010016854,-0.100090254,101.6626721,1.9
25.293,0.009581339,-0.065913094,101.6688606,1.8
25.306,0.009581339,0,101.5688606,1.9
25.319,0.009581339,0.065913094,101.5750491,1.8
25.331,0.009581339,0.166003349,101.5688606,1.9
25.344,0.009581339,0.231916443,101.5750491,1.8
25.357,0.009581339,0.299050151,101.5045615,2
25.369,0.009581339,0.364963245,101.5045615,2
25.382,0.009581339,0.430876339,101.4688606,2
25.395,0.010016854,0.498010047,101.4688606,2
25.407,0.009581339,0.563923141,101.5045615,2
25.42,0.009581339,0.629836235,101.5045615,2
25.433,0.009581339,0.696969943,101.51075,1.9
25.446,0.009581339,0.762883037,101.5045615,2
25.458,0.009581339,0.828796131,101.5045615,2
25.471,0.009581339,0.895929839,101.498373,2.1
25.484,0.009581339,0.928886386,101.41075,2
25.496,0.009581339,0.99479948,101.4340738,2.2
25.509,0.009581339,1.061933188,101.4402623,2.1
25.522,0.009581339,1.127846282,101.5340738,2.1
25.535,0.008710308,1.193759376,101.5402623,2
25.547,0.009581339,1.260893084,101.4402623,2.1
25.56,0.008710308,1.326806178,101.4402623,2.1
25.573,0.009581339,1.392719272,101.4402623,2.1
25.585,0.008710308,1.45985298,101.4640629,2.1
25.598,0.009581339,1.525766074,101.3402623,2.2
25.611,0.009581339,1.591679168,101.3640629,2.2
25.623,0.009581339,1.691769423,101.3640629,2.2
25.636,0.008710308,1.757682517,101.3578744,2.3
25.649,0.009581339,1.824816225,101.3640629,2.2
25.662,0.009581339,1.890729319,101.2935753,2.4
25.674,0.008710308,1.956642413,101.3640629,2.2
25.687,0.009581339,2.023776121,101.3578744,2.3
25.7,0.008710308,2.089689215,101.3935753,2.3
25.712,0.008710308,2.155602309,101.3935753,2.3
25.725,0.008710308,2.222736017,101.3997638,2.2
25.738,0.008710308,2.288649111,101.1997638,2.4
25.75,0.008710308,2.354562206,101.1997638,2.4
25.763,0.009581339,2.421695913,101.1997638,2.4
25.776,0.008710308,2.487609007,101.3354647,2.3
25.789,0.008710308,2.553522102,101.2292762,2.5
25.801,0.008710308,2.620655809,101.1997638,2.4
25.814,0.008710308,2.653612356,101.2354647,2.4
25.827,0.008710308,2.71952545,101.1354647,2.5
25.839,0.009581339,2.786659158,101.1416532,2.4
25.852,0.008710308,2.852572252,101.0354647,2.6
25.865,0.009581339,2.918485347,101.1416532,2.4
25.878,0.008710308,2.985619054,101.1354647,2.5
25.89,0.008710308,3.051532148,101.0354647,2.6
25.903,0.008710308,3.117445243,101.0354647,2.6
25.916,0.009581339,3.18457895,100.9416532,2.6
25.928,0.008710308,3.217535497,100.9416532,2.6
25.941,0.009581339,3.283448591,100.9416532,2.6
25.954,0.008710308,3.350582299,100.9354647,2.7
25.966,0.009581339,3.383538846,100.9354647,2.7
25.979,0.009581339,3.416495393,101.0292762,2.7
25.992,0.008710308,3.482408487,100.9354647,2.7
26.005,0.008710308,3.549542195,100.9292762,2.8
26.017,0.008710308,3.582498742,100.8354647,2.8
26.03,0.008710308,3.648411836,100.7997638,2.8
26.043,0.008710308,3.715545544,100.8354647,2.8
26.055,0.008710308,3.748502091,100.8935753,2.8
26.068,0.008710308,3.781458638,100.8873868,2.9
26.081,0.008710308,3.814415185,100.7935753,2.9
26.093,0.008710308,3.88032828,100.7935753,2.9
26.106,0.008710308,3.91450544,100.7935753,2.9
26.119,0.008274793,3.980418534,100.6997638,2.9
26.132,0.008710308,4.013375081,100.6997638,2.9
26.144,0.008274793,4.046331628,100.5997638,3
26.157,0.008710308,4.079288176,100.5997638,3
26.17,0.008710308,4.113465336,100.5997638,3
26.182,0.008710308,4.146421883,100.4640629,3.1
26.195,0.008710308,4.17937843,100.4640629,3.1
26.208,0.009581339,4.212334977,100.4640629,3.1
26.221,0.008710308,4.245291525,100.4702514,3
26.233,0.009581339,4.312425232,100.4640629,3.1
26.246,0.008710308,4.345381779,100.3640629,3.2
26.259,0.009581339,4.378338326,100.3640629,3.2
26.271,0.008710308,4.378338326,100.3702514,3.1
26.284,0.009581339,4.444251421,100.2640629,3.3
26.297,0.008710308,4.444251421,100.3640629,3.2
26.309,0.009581339,4.478428581,100.2402623,3.3
26.322,0.009581339,4.511385128,100.2402623,3.3
26.335,0.009581339,4.544341675,100.3402623,3.2
26.348,0.009581339,4.544341675,100.4278853,3.3
26.36,0.009581339,4.577298222,100.4340738,3.2
26.373,0.009581339,4.610254769,100.3340738,3.3
26.386,0.009581339,4.610254769,100.3402623,3.2
26.398,0.009581339,4.643211317,100.198373,3.4
26.411,0.008710308,4.643211317,100.2402623,3.3
26.424,0.009581339,4.677388477,100.198373,3.4
26.436,0.008710308,4.677388477,100.2045615,3.3
26.449,0.009581339,4.710345024,100.098373,3.5
26.462,0.008710308,4.710345024,100.1045615,3.4
26.475,0.008710308,4.710345024,100.098373,3.5
26.487,0.008710308,4.743301571,100.1045615,3.4
26.5,0.008710308,4.743301571,100.1045615,3.4
26.513,0.008710308,4.743301571,99.9750491,3.4
26.525,0.008710308,4.776258118,100.01075,3.4
26.538,0.008710308,4.776258118,100.01075,3.4
26.551,0.008710308,4.776258118,100.1045615,3.4
26.564,0.009581339,4.776258118,100.098373,3.5
26.576,0.009581339,4.809214666,100.0688606,3.4
26.589,0.009581339,4.776258118,100.0626721,3.5
26.602,0.008710308,4.776258118,100.0688606,3.4
26.614,0.008710308,4.776258118,100.0626721,3.5
26.627,0.008710308,4.776258118,100.0688606,3.4
26.64,0.009581339,4.776258118,100.0626721,3.5
26.652,0.009581339,4.776258118,99.9688606,3.5
26.665,0.009581339,4.776258118,99.96267209,3.6
26.678,0.008710308,4.776258118,99.9688606,3.5
26.691,0.008710308,4.743301571,99.96267209,3.6
26.703,0.008710308,4.743301571,100.0688606,3.4
26.716,0.008710308,4.743301571,99.9688606,3.5
26.729,0.008274793,4.743301571,100.0688606,3.4
26.741,0.008710308,4.743301571,100.0626721,3.5
26.754,0.008274793,4.710345024,99.9688606,3.5
26.767,0.008710308,4.710345024,99.93315972,3.5
26.779,0.008710308,4.677388477,99.93315972,3.5
26.792,0.008710308,4.677388477,99.93934823,3.4
26.805,0.008710308,4.643211317,99.9688606,3.5
26.818,0.009581339,4.643211317,99.9688606,3.5
26.83,0.008710308,4.610254769,99.93315972,3.5
26.843,0.008710308,4.577298222,99.93315972,3.5
26.856,0.008710308,4.544341675,100.0269712,3.5
26.868,0.008710308,4.544341675,99.93315972,3.5
26.881,0.008710308,4.511385128,100.0331597,3.4
26.894,0.009581339,4.478428581,99.93315972,3.5
26.907,0.008710308,4.444251421,100.0331597,3.4
26.919,0.009581339,4.411294873,100.0331597,3.4
26.932,0.008710308,4.378338326,100.0269712,3.5
26.945,0.008710308,4.345381779,100.0331597,3.4
26.957,0.008710308,4.312425232,100.0031706,3.5
26.97,0.008710308,4.279468685,100.0093591,3.4
26.983,0.008710308,4.245291525,100.0093591,3.4
26.995,0.009581339,4.212334977,100.0093591,3.4
27.008,0.009581339,4.17937843,100.0093591,3.4
27.021,0.009581339,4.146421883,100.0093591,3.4
27.034,0.008710308,4.113465336,100.0093591,3.4
27.046,0.008710308,4.079288176,100.0093591,3.4
27.059,0.008710308,4.046331628,100.0093591,3.4
27.072,0.008710308,3.980418534,100.0093591,3.4
27.084,0.009581339,3.947461987,100.0093591,3.4
27.097,0.008710308,3.91450544,100.0155476,3.3
27.11,0.009581339,3.847371732,99.97365827,3.4
27.122,0.008710308,3.814415185,99.97984677,3.3
27.135,0.010016854,3.748502091,99.97365827,3.4
27.148,0.009581339,3.715545544,99.97984677,3.3
27.161,0.009581339,3.648411836,99.97365827,3.4
27.173,0.008710308,3.615455289,99.97984677,3.3
27.186,0.009581339,3.549542195,99.93795739,3.4
27.199,0.009581339,3.515365035,99.9441459,3.3
27.211,0.009581339,3.44945194,99.93795739,3.4
27.224,0.009581339,3.383538846,100.0379574,3.3
27.237,0.009581339,3.316405139,100.0317689,3.4
27.25,0.009581339,3.283448591,100.1317689,3.3
27.262,0.009581339,3.217535497,100.0317689,3.4
27.275,0.009581339,3.18457895,100.0379574,3.3
27.288,0.009581339,3.117445243,100.0141568,3.3
27.3,0.009581339,3.051532148,100.0379574,3.3
27.313,0.009581339,2.985619054,100.0141568,3.3
27.326,0.009581339,2.952662507,100.1141568,3.2
27.338,0.009581339,2.885528799,100.1141568,3.2
27.351,0.010016854,2.819615705,100.1079683,3.3
27.364,0.010016854,2.71952545,100.1141568,3.2
27.377,0.010016854,2.653612356,100.0784559,3.2
27.389,0.010016854,2.587699262,100.0846444,3.1
27.402,0.010016854,2.553522102,100.0722674,3.3
27.415,0.010016854,2.45465246,100.0846444,3.1
27.427,0.010016854,2.388739366,100.0722674,3.3
27.44,0.010016854,2.321605658,100.0784559,3.2
27.453,0.010887885,2.255692564,100.0722674,3.3
27.465,0.010016854,2.18977947,100.0846444,3.1
27.478,0.010887885,2.122645762,100.0784559,3.2
27.491,0.010016854,2.056732668,100.0784559,3.2
27.504,0.010887885,1.989598961,100.0784559,3.2
27.516,0.010016854,1.923685866,100.1784559,3.1
27.529,0.010887885,1.857772772,100.1784559,3.1
27.542,0.010887885,1.790639065,100.1784559,3.1
27.554,0.011323401,1.72472597,100.1784559,3.1
27.567,0.011323401,1.658812876,100.1784559,3.1
27.58,0.011323401,1.558722621,100.0846444,3.1
27.593,0.011323401,1.492809527,100.1784559,3.1
27.605,0.011323401,1.426896432,100.1784559,3.1
27.618,0.011323401,1.359762725,100.2722674,3.1
27.631,0.011323401,1.260893084,100.2784559,3
27.643,0.011323401,1.193759376,100.2722674,3.1
27.656,0.010887885,1.127846282,100.2784559,3
27.669,0.011323401,1.061933188,100.2722674,3.1
27.681,0.011323401,0.99479948,100.3784559,2.9
27.694,0.011323401,0.895929839,100.4079683,3
27.707,0.010887885,0.828796131,100.4141568,2.9
27.72,0.012194431,0.72992649,100.4079683,3
27.732,0.011323401,0.662792783,100.4141568,2.9
27.745,0.012194431,0.596879688,100.4141568,2.9
27.758,0.011323401,0.498010047,100.4141568,2.9
27.77,0.012194431,0.430876339,100.4141568,2.9
27.783,0.011323401,0.364963245,100.4141568,2.9
27.796,0.011323401,0.26487299,100.4141568,2.9
27.808,0.011323401,0.198959896,100.5079683,2.9
27.821,0.012194431,0.133046802,100.5079683,2.9
27.834,0.012194431,0.032956547,100.5079683,2.9
27.847,0.012194431,-0.032956547,100.5141568,2.8
27.859,0.012194431,-0.133046802,100.5317689,2.9
27.872,0.012194431,-0.198959896,100.5379574,2.8
27.885,0.012194431,-0.299050151,100.5379574,2.8
27.897,0.012194431,-0.364963245,100.5379574,2.8
27.91,0.012194431,-0.463832887,100.5379574,2.8
27.923,0.012194431,-0.530966594,100.5379574,2.8
27.936,0.012194431,-0.629836235,100.6379574,2.7
27.948,0.012194431,-0.696969943,100.6379574,2.7
27.961,0.012194431,-0.762883037,100.6379574,2.7
27.974,0.012194431,-0.862973292,100.6379574,2.7
27.986,0.012194431,-0.961842933,100.6379574,2.7
27.999,0.012194431,-1.027756028,100.6379574,2.7
28.012,0.012194431,-1.127846282,100.7379574,2.6
28.024,0.011323401,-1.193759376,100.8317689,2.6
28.037,0.012194431,-1.293849631,100.7379574,2.6
28.05,0.012194431,-1.392719272,100.7379574,2.6
28.063,0.012629947,-1.45985298,100.7379574,2.6
28.075,0.012194431,-1.525766074,100.8379574,2.5
28.088,0.012629947,-1.625856329,100.8379574,2.5
28.101,0.012194431,-1.691769423,100.8379574,2.5
28.113,0.012629947,-1.790639065,100.8379574,2.5
28.126,0.012194431,-1.857772772,100.8736583,2.5
28.139,0.012629947,-1.956642413,100.8674698,2.6
28.151,0.012194431,-2.056732668,100.8736583,2.5
28.164,0.012629947,-2.122645762,100.8674698,2.6
28.177,0.012194431,-2.222736017,100.8736583,2.5
28.19,0.012629947,-2.288649111,100.8674698,2.6
28.202,0.012629947,-2.388739366,100.8736583,2.5
28.215,0.012629947,-2.487609007,100.8736583,2.5
28.228,0.012629947,-2.587699262,100.8736583,2.5
28.24,0.012629947,-2.686568903,100.8736583,2.5
28.253,0.012629947,-2.786659158,100.8736583,2.5
28.266,0.012629947,-2.885528799,100.9093591,2.5
28.279,0.012629947,-2.985619054,100.8736583,2.5
28.291,0.012629947,-3.051532148,100.9736583,2.4
28.304,0.012629947,-3.151622403,101.0031706,2.5
28.317,0.012629947,-3.217535497,101.0031706,2.5
28.329,0.013500978,-3.283448591,100.9674698,2.5
28.342,0.013500978,-3.383538846,100.8736583,2.5
28.355,0.013936493,-3.44945194,100.9736583,2.4
28.367,0.013936493,-3.549542195,100.9736583,2.4
28.38,0.013936493,-3.615455289,100.9674698,2.5
28.393,0.013500978,-3.681368384,100.9736583,2.4
28.406,0.013936493,-3.748502091,100.8379574,2.5
28.418,0.013500978,-3.847371732,100.8441459,2.4
28.431,0.013936493,-3.88032828,100.8379574,2.5
28.444,0.013500978,-3.947461987,100.8379574,2.5
28.456,0.013500978,-4.013375081,100.8379574,2.5
28.469,0.013500978,-4.079288176,100.8379574,2.5
28.482,0.013936493,-4.146421883,100.8379574,2.5
28.494,0.013936493,-4.212334977,100.8379574,2.5
28.507,0.013936493,-4.312425232,100.8379574,2.5
28.52,0.013936493,-4.378338326,100.8379574,2.5
28.533,0.013936493,-4.444251421,100.7141568,2.6
28.545,0.013936493,-4.511385128,100.7141568,2.6
28.558,0.014807524,-4.577298222,100.7203453,2.5
28.571,0.014807524,-4.643211317,100.7079683,2.7
28.583,0.013936493,-4.710345024,100.5784559,2.7
28.596,0.014807524,-4.776258118,100.6722674,2.7
28.609,0.014807524,-4.842171213,100.7141568,2.6
28.622,0.015243039,-4.876348373,100.6722674,2.7
28.634,0.015243039,-4.942261467,100.6784559,2.6
28.647,0.015243039,-5.008174562,100.5722674,2.8
28.66,0.014807524,-5.075308269,100.5784559,2.7
28.672,0.015243039,-5.141221363,100.5784559,2.7
28.685,0.015243039,-5.207134458,100.6141568,2.7
28.698,0.015243039,-5.274268165,100.5784559,2.7
28.71,0.015243039,-5.340181259,100.5722674,2.8
28.723,0.01611407,-5.373137807,100.5784559,2.7
28.736,0.01611407,-5.440271514,100.4784559,2.8
28.749,0.01611407,-5.473228061,100.4846444,2.7
28.761,0.01611407,-5.539141155,100.3784559,2.9
28.774,0.016549586,-5.572097703,100.3846444,2.8
28.787,0.016549586,-5.63923141,100.4079683,3
28.799,0.016549586,-5.672187957,100.4141568,2.9
28.812,0.016549586,-5.705144504,100.5079683,2.9
28.825,0.017420616,-5.771057599,100.3784559,2.9
28.837,0.016549586,-5.805234759,100.4722674,2.9
28.85,0.017420616,-5.838191306,100.4784559,2.8
28.863,0.016549586,-5.871147853,100.4722674,2.9
28.876,0.016549586,-5.9041044,100.3784559,2.9
28.888,0.017420616,-5.937060947,100.3722674,3
28.901,0.017420616,-6.004194655,100.3784559,2.9
28.914,0.018291647,-6.037151202,100.3722674,3
28.926,0.018291647,-6.070107749,100.3784559,2.9
28.939,0.018291647,-6.103064296,100.2784559,3
28.952,0.018291647,-6.136020844,100.3141568,3
28.965,0.018727163,-6.168977391,100.3141568,3
28.977,0.018291647,-6.168977391,100.3079683,3.1
28.99,0.018727163,-6.203154551,100.3079683,3.1
29.003,0.018727163,-6.236111098,100.3079683,3.1
29.015,0.019598193,-6.236111098,100.3141568,3
29.028,0.019598193,-6.269067645,100.2141568,3.1
29.041,0.019598193,-6.269067645,100.2141568,3.1
29.053,0.019598193,-6.269067645,100.2141568,3.1
29.066,0.020033709,-6.269067645,100.2141568,3.1
29.079,0.019598193,-6.302024192,100.1141568,3.2
29.092,0.020033709,-6.302024192,100.1379574,3.2
29.104,0.020033709,-6.302024192,100.1441459,3.1
29.117,0.020033709,-6.33498074,100.1441459,3.1
29.13,0.019598193,-6.33498074,100.1441459,3.1
29.142,0.020033709,-6.33498074,100.1379574,3.2
29.155,0.020033709,-6.302024192,100.1379574,3.2
29.168,0.020033709,-6.302024192,100.1379574,3.2
29.18,0.020033709,-6.302024192,100.1379574,3.2
29.193,0.020033709,-6.302024192,100.1379574,3.2
29.206,0.020033709,-6.302024192,100.0379574,3.3
29.219,0.02090474,-6.269067645,100.0379574,3.3
29.231,0.020033709,-6.269067645,100.0379574,3.3
29.244,0.020033709,-6.269067645,100.1379574,3.2
29.257,0.02090474,-6.236111098,100.1379574,3.2
29.269,0.02090474,-6.236111098,100.0379574,3.3
29.282,0.02090474,-6.203154551,100.0379574,3.3
29.295,0.02090474,-6.203154551,100.0379574,3.3
29.308,0.02090474,-6.168977391,100.1379574,3.2
29.32,0.02090474,-6.136020844,100.0379574,3.3
29.333,0.02090474,-6.103064296,100.0736583,3.3
29.346,0.02090474,-6.070107749,100.0736583,3.3
29.358,0.021340255,-6.037151202,99.97365827,3.4
29.371,0.02090474,-5.970017495,100.0736583,3.3
29.384,0.021340255,-5.937060947,100.0736583,3.3
29.396,0.02090474,-5.9041044,100.0736583,3.3
29.409,0.021340255,-5.871147853,99.97365827,3.4
29.422,0.02090474,-5.838191306,99.97365827,3.4
29.435,0.02090474,-5.805234759,100.0093591,3.4
29.447,0.02090474,-5.771057599,99.97365827,3.4
29.46,0.02090474,-5.738101051,100.0093591,3.4
29.473,0.02090474,-5.705144504,100.0031706,3.5
29.485,0.02090474,-5.63923141,100.0674698,3.4
29.498,0.021340255,-5.572097703,100.0674698,3.4
29.511,0.02090474,-5.539141155,100.0093591,3.4
29.523,0.02090474,-5.473228061,100.0031706,3.5
29.536,0.02090474,-5.406094354,100.0093591,3.4
29.549,0.02090474,-5.340181259,100.0031706,3.5
29.562,0.02090474,-5.274268165,100.0093591,3.4
29.574,0.02090474,-5.207134458,100.0031706,3.5
29.587,0.020033709,-5.17417791,99.90935914,3.5
29.6,0.02090474,-5.108264816,99.90317063,3.6
29.612,0.020033709,-5.075308269,99.91554765,3.4
29.625,0.02090474,-5.042351722,99.90935914,3.5
29.638,0.020033709,-4.975218014,99.91554765,3.4
29.651,0.02090474,-4.90930492,99.90317063,3.6
29.663,0.02090474,-4.842171213,99.90935914,3.5
29.676,0.02090474,-4.776258118,99.90935914,3.5
29.689,0.02090474,-4.710345024,99.90935914,3.5
29.701,0.02090474,-4.610254769,99.80935914,3.6
29.714,0.02090474,-4.544341675,99.80317063,3.7
29.727,0.02090474,-4.478428581,99.80935914,3.6
29.739,0.02090474,-4.411294873,99.80317063,3.7
29.752,0.02090474,-4.345381779,99.80935914,3.6
29.765,0.02090474,-4.279468685,99.80317063,3.7
29.778,0.02090474,-4.17937843,99.80935914,3.6
29.79,0.02090474,-4.113465336,99.80317063,3.7
29.803,0.020033709,-4.046331628,99.70935914,3.7
29.816,0.02090474,-3.947461987,99.70317063,3.8
29.828,0.020033709,-3.88032828,99.80935914,3.6
29.841,0.020033709,-3.781458638,99.70317063,3.8
29.854,0.019598193,-3.715545544,99.70935914,3.7
29.866,0.020033709,-3.615455289,99.70317063,3.8
29.879,0.020033709,-3.549542195,99.60935914,3.8
29.892,0.020033709,-3.482408487,99.60935914,3.8
29.905,0.019598193,-3.383538846,99.51554765,3.8
29.917,0.020033709,-3.283448591,99.50935914,3.9
29.93,0.020033709,-3.217535497,99.51554765,3.8
29.943,0.020033709,-3.117445243,99.50935914,3.9
29.955,0.019598193,-3.018575601,99.50935914,3.9
29.968,0.020033709,-2.918485347,99.50935914,3.9
29.981,0.019598193,-2.819615705,99.50935914,3.9
29.994,0.019598193,-2.686568903,99.50935914,3.9
30.006,0.018727163,-2.587699262,99.62697121,3.9
30.019,0.019598193,-2.520565554,99.62697121,3.9
30.032,0.019598193,-2.421695913,99.52697121,4
30.044,0.020033709,-2.321605658,99.53315972,3.9
30.057,0.019598193,-2.222736017,99.52697121,4
30.07,0.019598193,-2.155602309,99.52697121,4
30.082,0.019598193,-2.056732668,99.43315972,4
30.095,0.019598193,-1.956642413,99.43315972,4
30.108,0.018727163,-1.857772772,99.43315972,4
30.121,0.019598193,-1.790639065,99.43315972,4
30.133,0.018727163,-1.658812876,99.4688606,4
30.146,0.018727163,-1.558722621,99.3688606,4.1
30.159,0.018727163,-1.492809527,99.3688606,4.1
30.171,0.019598193,-1.392719272,99.3688606,4.1
30.184,0.019598193,-1.293849631,99.2688606,4.2
30.197,0.019598193,-1.193759376,99.31074998,4.1
30.209,0.019598193,-1.094889735,99.31074998,4.1
30.222,0.019598193,-0.99479948,99.31074998,4.1
30.235,0.019598193,-0.895929839,99.34026234,4.2
30.248,0.018727163,-0.795839584,99.34645085,4.1
30.26,0.019598193,-0.696969943,99.34026234,4.2
30.273,0.018727163,-0.596879688,99.34645085,4.1
30.286,0.019598193,-0.463832887,99.24026234,4.3
30.298,0.018727163,-0.364963245,99.27025143,4.2
30.311,0.019598193,-0.26487299,99.45168591,4.3
30.324,0.018727163,-0.166003349,99.35787442,4.3
30.337,0.019598193,-0.065913094,99.35168591,4.4
30.349,0.018727163,0.032956547,99.16406292,4.4
30.362,0.018727163,0.133046802,99.19357529,4.5
30.375,0.018727163,0.231916443,99.2997638,4.3
30.387,0.018727163,0.332006698,99.29357529,4.4
30.4,0.018291647,0.397919792,99.1997638,4.4
30.413,0.018727163,0.530966594,99.23546467,4.4
30.425,0.018291647,0.629836235,99.23546467,4.4
30.438,0.018727163,0.72992649,99.13546467,4.5
30.451,0.018727163,0.828796131,99.13546467,4.5
30.464,0.018727163,0.961842933,99.13546467,4.5
30.476,0.018727163,1.061933188,99.15926525,4.5
30.489,0.018727163,1.160802829,99.16545376,4.4
30.502,0.019598193,1.293849631,99.05926525,4.6
30.514,0.018727163,1.392719272,99.06545376,4.5
30.527,0.019598193,1.492809527,99.09496613,4.6
30.54,0.018727163,1.591679168,99.10115463,4.5
30.552,0.018727163,1.72472597,98.98877762,4.8
30.565,0.018291647,1.824816225,99.03685551,4.6
30.578,0.018727163,1.956642413,98.98877762,4.8
30.591,0.018291647,2.056732668,99.00115463,4.6
30.603,0.018291647,2.155602309,98.930667,4.8
30.616,0.018291647,2.255692564,98.93685551,4.7
30.629,0.018291647,2.388739366,98.92447849,4.9
30.641,0.018291647,2.487609007,98.92447849,4.9
30.654,0.018291647,2.620655809,99.01828999,4.9
30.667,0.018291647,2.71952545,98.92447849,4.9
30.68,0.018291647,2.819615705,98.82447849,5
30.692,0.018291647,2.952662507,98.82447849,5
30.705,0.018291647,3.051532148,98.730667,5
30.718,0.018291647,3.18457895,98.72447849,5.1
30.73,0.018291647,3.283448591,98.630667,5.1
30.743,0.018291647,3.416495393,98.62447849,5.2
30.756,0.018291647,3.515365035,98.530667,5.2
30.768,0.018727163,3.615455289,98.52447849,5.3
30.781,0.018727163,3.715545544,98.430667,5.3
30.794,0.018291647,3.814415185,98.42447849,5.4
30.807,0.017420616,3.91450544,98.29496613,5.4
30.819,0.018291647,4.013375081,98.29496613,5.4
30.832,0.018291647,4.146421883,98.20115463,5.4
30.845,0.018291647,4.245291525,98.19496613,5.5
30.857,0.017420616,4.345381779,98.19496613,5.5
30.87,0.018291647,4.411294873,98.18877762,5.6
30.883,0.017420616,4.511385128,98.09496613,5.6
30.895,0.018291647,4.610254769,98.05926525,5.6
30.908,0.018291647,4.710345024,97.95926525,5.7
30.921,0.018291647,4.776258118,97.95926525,5.7
30.934,0.017420616,4.876348373,97.85307675,5.9
30.946,0.018291647,4.975218014,97.85926525,5.8
30.959,0.017420616,5.042351722,97.75926525,5.9
30.972,0.018291647,5.141221363,97.65926525,6
30.984,0.017420616,5.207134458,97.65926525,6
30.997,0.018291647,5.307224712,97.63546467,6
31.01,0.017420616,5.373137807,97.63546467,6
31.023,0.018291647,5.440271514,97.53546467,6.1
31.035,0.017420616,5.539141155,97.52927616,6.2
31.048,0.017420616,5.60505425,97.49357529,6.2
31.061,0.017420616,5.672187957,97.49357529,6.2
31.073,0.017420616,5.771057599,97.3997638,6.2
31.086,0.017420616,5.838191306,97.39357529,6.3
31.099,0.017420616,5.9041044,97.29357529,6.4
31.111,0.018291647,5.970017495,97.25787442,6.4
31.124,0.017420616,6.037151202,97.15787442,6.5
31.137,0.017420616,6.103064296,97.16406292,6.4
31.15,0.017420616,6.168977391,97.06406292,6.5
31.162,0.017420616,6.203154551,97.04026234,6.5
31.175,0.017420616,6.269067645,96.94026234,6.6
31.188,0.018291647,6.33498074,96.94026234,6.6
31.2,0.017420616,6.402114447,96.94026234,6.6
31.213,0.018291647,6.468027541,96.93407383,6.7
31.226,0.017420616,6.500984088,96.83407383,6.8
31.238,0.018291647,6.533940636,96.79837296,6.8
31.251,0.017420616,6.601074343,96.70456147,6.8
31.264,0.017420616,6.63403089,96.70456147,6.8
31.277,0.017420616,6.699943985,96.70456147,6.8
31.289,0.018291647,6.767077692,96.60456147,6.9
31.302,0.017420616,6.800034239,96.60456147,6.9
31.315,0.017420616,6.832990786,96.50456147,7
31.327,0.016549586,6.898903881,96.4688606,7
31.34,0.017420616,6.966037588,96.46267209,7.1
31.353,0.016549586,6.998994135,96.4688606,7
31.366,0.017420616,6.998994135,96.3688606,7.1
31.378,0.016549586,7.031950682,96.3688606,7.1
31.391,0.017420616,7.064907229,96.46267209,7.1
31.404,0.016549586,7.097863777,96.4688606,7
31.416,0.016549586,7.132040937,96.3688606,7.1
31.429,0.016549586,7.197954031,96.3688606,7.1
31.442,0.016549586,7.197954031,96.2688606,7.2
31.454,0.017420616,7.230910578,96.36267209,7.2
31.467,0.016549586,7.263867126,96.32697121,7.2
31.48,0.017420616,7.263867126,96.22697121,7.3
31.493,0.017420616,7.296823673,96.23315972,7.2
31.505,0.017420616,7.331000833,96.12697121,7.4
31.518,0.016549586,7.331000833,96.13315972,7.3
31.531,0.017420616,7.331000833,96.12697121,7.4
31.543,0.016549586,7.331000833,96.10935914,7.3
31.556,0.017420616,7.331000833,96.20317063,7.3
31.569,0.016549586,7.331000833,96.10935914,7.3
31.581,0.016549586,7.36395738,96.10317063,7.4
31.594,0.016549586,7.36395738,96.10935914,7.3
31.607,0.016549586,7.36395738,96.00935914,7.4
31.62,0.016549586,7.36395738,96.00935914,7.4
31.632,0.016549586,7.396913927,96.00317063,7.5
31.645,0.016549586,7.36395738,96.00935914,7.4
31.658,0.016549586,7.36395738,96.00935914,7.4
31.67,0.016549586,7.36395738,96.00935914,7.4
31.683,0.016549586,7.36395738,96.00935914,7.4
31.696,0.017420616,7.36395738,96.00317063,7.5
31.708,0.016549586,7.331000833,96.00935914,7.4
31.721,0.016549586,7.331000833,96.00317063,7.5
31.734,0.016549586,7.296823673,96.00935914,7.4
31.747,0.016549586,7.296823673,96.00317063,7.5
31.759,0.016549586,7.263867126,96.00935914,7.4
31.772,0.016549586,7.230910578,95.96746976,7.5
31.785,0.01611407,7.230910578,95.97365827,7.4
31.797,0.016549586,7.197954031,95.96746976,7.5
31.81,0.01611407,7.164997484,95.97365827,7.4
31.823,0.016549586,7.132040937,95.97365827,7.4
31.836,0.016549586,7.097863777,95.97365827,7.4
31.848,0.017420616,7.064907229,95.97365827,7.4
31.861,0.016549586,7.031950682,95.97365827,7.4
31.874,0.017420616,6.998994135,95.97984677,7.3
31.886,0.017420616,6.966037588,95.97365827,7.4
31.899,0.017420616,6.931860428,95.97365827,7.4
31.912,0.016549586,6.865947333,95.97365827,7.4
31.924,0.017420616,6.800034239,96.03795739,7.3
31.937,0.016549586,6.767077692,96.03176889,7.4
31.95,0.017420616,6.732900532,96.03795739,7.3
31.963,0.016549586,6.699943985,96.06746976,7.4
31.975,0.016549586,6.63403089,96.07365827,7.3
31.988,0.016549586,6.568117796,95.96746976,7.5
32.001,0.016549586,6.533940636,96.07365827,7.3
32.013,0.016549586,6.468027541,96.17365827,7.2
32.026,0.01611407,6.435070994,96.16746976,7.3
32.039,0.016549586,6.33498074,96.13176889,7.3
32.051,0.016549586,6.302024192,96.13176889,7.3
32.064,0.016549586,6.236111098,96.13176889,7.3
32.077,0.016549586,6.168977391,96.13795739,7.2
32.09,0.016549586,6.103064296,96.13795739,7.2
32.102,0.016549586,6.037151202,96.03795739,7.3
32.115,0.016549586,5.970017495,96.23795739,7.1
32.128,0.016549586,5.871147853,96.23176889,7.2
32.14,0.016549586,5.805234759,96.23795739,7.1
32.153,0.016549586,5.738101051,96.23795739,7.1
32.166,0.017420616,5.672187957,96.23795739,7.1
32.179,0.017420616,5.572097703,96.23795739,7.1
32.191,0.018291647,5.506184608,96.23795739,7.1
32.204,0.017420616,5.406094354,96.23795739,7.1
32.217,0.018291647,5.340181259,96.33795739,7
32.229,0.017420616,5.274268165,96.33795739,7
32.242,0.018291647,5.17417791,96.33795739,7
32.255,0.017420616,5.108264816,96.31415681,7
32.267,0.018291647,5.008174562,96.21415681,7.1
32.28,0.017420616,4.942261467,96.32034532,6.9
32.293,0.017420616,4.842171213,96.31415681,7
32.306,0.017420616,4.743301571,96.41415681,6.9
32.318,0.018291647,4.677388477,96.4079683,7
32.331,0.018291647,4.577298222,96.51415681,6.8
32.344,0.018291647,4.478428581,96.41415681,6.9
32.356,0.017420616,4.411294873,96.41415681,6.9
32.369,0.017420616,4.312425232,96.5079683,6.9
32.382,0.018291647,4.212334977,96.51415681,6.8
32.395,0.018291647,4.113465336,96.5079683,6.9
32.407,0.018291647,4.013375081,96.51415681,6.8
32.42,0.018291647,3.91450544,96.51415681,6.8
32.433,0.018291647,3.814415185,96.47845594,6.8
32.445,0.018291647,3.715545544,96.51415681,6.8
32.458,0.018727163,3.615455289,96.51415681,6.8
32.471,0.018291647,3.515365035,96.47845594,6.8
32.483,0.018727163,3.416495393,96.47845594,6.8
32.496,0.018727163,3.283448591,96.57845594,6.7
32.509,0.019598193,3.18457895,96.6079683,6.8
32.522,0.018727163,3.084488695,96.67845594,6.6
32.534,0.019598193,2.985619054,96.71415681,6.6
32.547,0.018727163,2.885528799,96.71415681,6.6
32.56,0.019598193,2.752481998,96.71415681,6.6
32.572,0.019598193,2.653612356,96.81415681,6.5
32.585,0.019598193,2.553522102,96.8079683,6.6
32.598,0.019598193,2.45465246,96.8079683,6.6
32.61,0.019598193,2.321605658,96.81415681,6.5
32.623,0.019598193,2.222736017,96.8079683,6.6
32.636,0.019598193,2.089689215,96.91415681,6.4
32.649,0.019598193,1.989598961,96.9079683,6.5
32.661,0.019598193,1.890729319,96.91415681,6.4
32.674,0.020033709,1.790639065,96.9079683,6.5
32.687,0.019598193,1.658812876,97.01415681,6.3
32.699,0.020033709,1.558722621,97.0079683,6.4
32.712,0.020033709,1.45985298,97.02034532,6.2
32.725,0.020033709,1.326806178,97.01415681,6.3
32.738,0.020033709,1.226715924,97.02034532,6.2
32.75,0.020033709,1.127846282,97.01415681,6.3
32.763,0.020033709,0.99479948,97.1441459,6.1
32.776,0.020033709,0.862973292,97.13795739,6.2
32.788,0.020033709,0.762883037,97.33795739,6
32.801,0.02090474,0.629836235,97.33176889,6.1
32.814,0.02090474,0.498010047,97.23795739,6.1
32.826,0.021340255,0.364963245,97.33795739,6
32.839,0.02090474,0.231916443,97.33795739,6
32.852,0.021340255,0.133046802,97.33795739,6
32.865,0.021340255,0,97.43795739,5.9
32.877,0.021340255,-0.100090254,97.43795739,5.9
32.89,0.021340255,-0.231916443,97.43176889,6
32.903,0.021340255,-0.397919792,97.57365827,5.8
32.915,0.021340255,-0.530966594,97.56746976,5.9
32.928,0.021340255,-0.629836235,97.53795739,5.8
32.941,0.021340255,-0.762883037,97.57365827,5.8
32.953,0.021340255,-0.895929839,97.57984677,5.7
32.966,0.021340255,-1.061933188,97.66746976,5.8
32.979,0.021340255,-1.193759376,97.67365827,5.7
32.992,0.021340255,-1.326806178,97.67365827,5.7
33.004,0.021340255,-1.45985298,97.67365827,5.7
33.017,0.021340255,-1.591679168,97.67365827,5.7
33.03,0.021340255,-1.72472597,97.67984677,5.6
33.042,0.021340255,-1.890729319,97.67365827,5.7
33.055,0.021340255,-2.023776121,97.77365827,5.6
33.068,0.022211286,-2.155602309,97.77365827,5.6
33.08,0.022211286,-2.288649111,97.77365827,5.6
33.093,0.022211286,-2.421695913,97.86746976,5.6
33.106,0.022211286,-2.553522102,97.86746976,5.6
33.119,0.022646801,-2.686568903,97.86746976,5.6
33.131,0.022211286,-2.852572252,97.87365827,5.5
33.144,0.022646801,-2.985619054,97.77365827,5.6
33.157,0.022211286,-3.117445243,97.87365827,5.5
33.169,0.022646801,-3.250492044,97.87365827,5.5
33.182,0.022646801,-3.383538846,97.86746976,5.6
33.195,0.023517832,-3.515365035,98.00935914,5.4
33.208,0.022646801,-3.681368384,97.97365827,5.4
33.22,0.023517832,-3.814415185,97.87365827,5.5
33.233,0.022646801,-3.947461987,97.87365827,5.5
33.246,0.023517832,-4.046331628,97.87365827,5.5
33.258,0.023517832,-4.146421883,97.90935914,5.5
33.271,0.023517832,-4.279468685,97.90935914,5.5
33.284,0.023517832,-4.378338326,98.00317063,5.5
33.296,0.023953348,-4.511385128,97.90935914,5.5
33.309,0.023953348,-4.610254769,97.90935914,5.5
33.322,0.024824378,-4.743301571,97.90935914,5.5
33.335,0.023953348,-4.876348373,97.90935914,5.5
33.347,0.023953348,-5.008174562,97.90935914,5.5
33.36,0.024824378,-5.108264816,97.90317063,5.6
33.373,0.024824378,-5.241311618,97.80935914,5.6
33.385,0.025259894,-5.373137807,97.80935914,5.6
33.398,0.024824378,-5.506184608,97.90935914,5.5
33.411,0.025259894,-5.60505425,97.90935914,5.5
33.423,0.024824378,-5.738101051,97.90935914,5.5
33.436,0.025259894,-5.838191306,97.90317063,5.6
33.449,0.024824378,-5.970017495,97.90935914,5.5
33.462,0.025259894,-6.103064296,97.80317063,5.7
33.474,0.025259894,-6.236111098,97.90935914,5.5
33.487,0.026130925,-6.33498074,97.80317063,5.7
33.5,0.025259894,-6.435070994,97.80935914,5.6
33.512,0.026130925,-6.568117796,97.76746976,5.7
33.525,0.026130925,-6.699943985,97.80935914,5.6
33.538,0.02656644,-6.800034239,97.76746976,5.7
33.551,0.02656644,-6.898903881,97.77365827,5.6
33.563,0.02656644,-7.031950682,97.76746976,5.7
33.576,0.02656644,-7.132040937,97.67365827,5.7
33.589,0.027437471,-7.230910578,97.67365827,5.7
33.601,0.027437471,-7.331000833,97.66746976,5.8
33.614,0.028308502,-7.429870474,97.57365827,5.8
33.627,0.028744017,-7.529960729,97.57365827,5.8
33.639,0.028744017,-7.62883037,97.57984677,5.7
33.652,0.029615048,-7.728920625,97.53176889,5.9
33.665,0.029615048,-7.794833719,97.5441459,5.7
33.678,0.029615048,-7.894923974,97.53176889,5.9
33.69,0.029615048,-7.960837068,97.52034532,5.7
33.703,0.030921594,-8.05970671,97.5079683,5.9
33.716,0.030050563,-8.126840417,97.52034532,5.7
33.728,0.03135711,-8.225710059,97.5079683,5.9
33.741,0.030921594,-8.292843766,97.51415681,5.8
33.754,0.03135711,-8.391713407,97.5079683,5.9
33.766,0.03135711,-8.457626502,97.5079683,5.9
33.779,0.03222814,-8.524760209,97.5017798,6
33.792,0.03222814,-8.590673304,97.6079683,5.8
33.805,0.032663656,-8.657807011,97.41415681,5.9
33.817,0.032663656,-8.723720105,97.41415681,5.9
33.83,0.033534687,-8.7896332,97.41415681,5.9
33.843,0.033534687,-8.822589747,97.4079683,6
33.855,0.033534687,-8.889723454,97.41415681,5.9
33.868,0.033534687,-8.922680001,97.4079683,6
33.881,0.033970202,-8.955636548,97.41415681,5.9
33.894,0.033970202,-9.021549643,97.33176889,6.1
33.906,0.034841233,-9.055726803,97.33795739,6
33.919,0.034841233,-9.121639897,97.33176889,6.1
33.932,0.034841233,-9.154596445,97.33795739,6
33.944,0.035276748,-9.187552992,97.33176889,6.1
33.957,0.035276748,-9.221730152,97.23795739,6.1
33.97,0.036147779,-9.254686699,97.23795739,6.1
33.982,0.036147779,-9.254686699,97.23795739,6.1
33.995,0.036147779,-9.287643246,97.23795739,6.1
34.008,0.036147779,-9.320599793,97.1441459,6.1
34.021,0.03701881,-9.353556341,97.13795739,6.2
34.033,0.03701881,-9.386512888,97.13795739,6.2
34.046,0.037454325,-9.386512888,97.13795739,6.2
34.059,0.03701881,-9.420690048,97.17365827,6.2
34.071,0.037454325,-9.420690048,97.13795739,6.2
34.084,0.037454325,-9.420690048,97.03795739,6.3
34.097,0.037454325,-9.420690048,97.03795739,6.3
34.109,0.03701881,-9.420690048,97.07984677,6.2
34.122,0.037454325,-9.420690048,97.07365827,6.3
34.135,0.038325356,-9.453646595,97.07365827,6.3
34.148,0.038325356,-9.453646595,97.06746976,6.4
34.16,0.038325356,-9.420690048,97.26746976,6.2
34.173,0.038325356,-9.420690048,97.26746976,6.2
34.186,0.038325356,-9.420690048,97.07365827,6.3
34.198,0.038760872,-9.386512888,97.07365827,6.3
34.211,0.038760872,-9.386512888,97.07365827,6.3
34.224,0.038760872,-9.386512888,97.07365827,6.3
34.237,0.038325356,-9.386512888,97.07365827,6.3
34.249,0.038325356,-9.353556341,97.06746976,6.4
34.262,0.038325356,-9.353556341,97.07365827,6.3
34.275,0.038760872,-9.320599793,97.07365827,6.3
34.287,0.038760872,-9.254686699,97.10935914,6.3
34.3,0.038760872,-9.221730152,97.06746976,6.4
34.313,0.039631902,-9.187552992,97.00935914,6.4
34.325,0.038760872,-9.154596445,97.00935914,6.4
34.338,0.039631902,-9.121639897,97.00935914,6.4
34.351,0.039631902,-9.08868335,97.00935914,6.4
34.364,0.039631902,-9.055726803,97.00935914,6.4
34.376,0.039631902,-8.988593096,97.00935914,6.4
34.389,0.040067418,-8.922680001,97.00935914,6.4
34.402,0.039631902,-8.889723454,97.00935914,6.4
34.414,0.039631902,-8.856766907,97.00935914,6.4
34.427,0.038760872,-8.7896332,96.90935914,6.5
34.44,0.039631902,-8.723720105,96.90935914,6.5
34.452,0.038760872,-8.657807011,96.90935914,6.5
34.465,0.039631902,-8.590673304,96.90935914,6.5
34.478,0.038760872,-8.524760209,96.90935914,6.5
34.491,0.038760872,-8.457626502,97.00317063,6.5
34.503,0.038760872,-8.35875686,97.00317063,6.5
34.516,0.038760872,-8.292843766,96.99698213,6.6
34.529,0.038760872,-8.225710059,96.90317063,6.6
34.541,0.038760872,-8.159796964,96.90317063,6.6
34.554,0.038760872,-8.09388387,96.90317063,6.6
34.567,0.038760872,-7.993793615,96.90317063,6.6
34.58,0.038760872,-7.927880521,96.90317063,6.6
34.592,0.038760872,-7.860746814,96.90935914,6.5
34.605,0.038760872,-7.794833719,96.80935914,6.6
34.618,0.038325356,-7.694743465,96.80935914,6.6
34.63,0.038760872,-7.62883037,96.80935914,6.6
34.643,0.038325356,-7.529960729,96.80935914,6.6
34.656,0.038760872,-7.429870474,96.70935914,6.7
34.668,0.038325356,-7.331000833,96.71554765,6.6
34.681,0.038325356,-7.230910578,96.70935914,6.7
34.694,0.037454325,-7.132040937,96.71554765,6.6
34.707,0.038325356,-7.031950682,96.70935914,6.7
34.719,0.037454325,-6.931860428,96.60935914,6.8
34.732,0.038325356,-6.800034239,96.60935914,6.8
34.745,0.037454325,-6.699943985,96.61554765,6.7
34.757,0.037454325,-6.601074343,96.60935914,6.8
34.77,0.037454325,-6.500984088,96.60935914,6.8
34.783,0.037454325,-6.402114447,96.60935914,6.8
34.795,0.037454325,-6.302024192,96.60317063,6.9
34.808,0.037454325,-6.203154551,96.60317063,6.9
34.821,0.037454325,-6.103064296,96.46746976,7
34.834,0.037454325,-6.004194655,96.50935914,6.9
34.846,0.037454325,-5.871147853,96.50317063,7
34.859,0.037454325,-5.738101051,96.50935914,6.9
34.872,0.037454325,-5.63923141,96.36746976,7.1
34.884,0.03701881,-5.506184608,96.27984677,7
34.897,0.037454325,-5.373137807,96.27365827,7.1
34.91,0.03701881,-5.241311618,96.17984677,7.1
34.923,0.037454325,-5.108264816,96.17365827,7.2
34.935,0.03701881,-4.975218014,96.20935914,7.2
34.948,0.037454325,-4.876348373,96.20317063,7.3
34.961,0.03701881,-4.743301571,96.20935914,7.2
34.973,0.037454325,-4.610254769,96.01554765,7.3
34.986,0.03701881,-4.478428581,96.00935914,7.4
34.999,0.03701881,-4.378338326,96.10935914,7.3
35.011,0.03701881,-4.245291525,96.10317063,7.4
35.024,0.03701881,-4.113465336,96.10317063,7.4
35.037,0.03701881,-3.947461987,96.00317063,7.5
35.05,0.03701881,-3.814415185,95.91554765,7.4
35.062,0.03701881,-3.681368384,95.90935914,7.5
35.075,0.03701881,-3.549542195,95.90935914,7.5
35.088,0.036147779,-3.416495393,95.90317063,7.6
35.1,0.036147779,-3.283448591,95.93315972,7.5
35.113,0.036147779,-3.117445243,95.82697121,7.7
35.126,0.03701881,-2.952662507,95.83315972,7.6
35.138,0.036147779,-2.819615705,95.83315972,7.6
35.151,0.036147779,-2.686568903,95.8688606,7.6
35.164,0.036147779,-2.553522102,95.7688606,7.7
35.177,0.036147779,-2.421695913,95.7688606,7.7
35.189,0.036147779,-2.288649111,95.7688606,7.7
35.202,0.036147779,-2.155602309,95.79837296,7.8
35.215,0.036147779,-2.023776121,95.79837296,7.8
35.227,0.035276748,-1.890729319,95.80456147,7.7
35.24,0.036147779,-1.757682517,95.70456147,7.8
35.253,0.036147779,-1.625856329,95.74026234,7.8
35.266,0.036147779,-1.492809527,95.74026234,7.8
35.278,0.035276748,-1.359762725,95.73407383,7.9
35.291,0.036147779,-1.193759376,95.75787442,7.9
35.304,0.035276748,-1.061933188,95.65787442,8
35.316,0.036147779,-0.928886386,95.65787442,8
35.329,0.036147779,-0.762883037,95.66406292,7.9
35.342,0.036147779,-0.629836235,95.5997638,8
35.354,0.035276748,-0.463832887,95.5059523,8
35.367,0.036147779,-0.299050151,95.53546467,8.1
35.38,0.035276748,-0.166003349,95.53546467,8.1
35.393,0.036147779,0,95.53546467,8.1
35.405,0.036147779,0.133046802,95.55926525,8.1
35.418,0.036147779,0.299050151,95.55307675,8.2
35.431,0.035276748,0.498010047,95.49496613,8.2
35.443,0.036147779,0.662792783,95.49496613,8.2
35.456,0.036147779,0.828796131,95.58877762,8.2
35.469,0.036147779,0.961842933,95.52447849,8.3
35.481,0.036147779,1.160802829,95.430667,8.3
35.494,0.036147779,1.326806178,95.330667,8.4
35.507,0.035276748,1.525766074,95.230667,8.5
35.52,0.035276748,1.72472597,95.32447849,8.5
35.532,0.035276748,1.890729319,95.22447849,8.6
35.545,0.035276748,2.089689215,95.030667,8.7
35.558,0.035276748,2.255692564,94.930667,8.8
35.57,0.035276748,2.421695913,94.79496613,8.9
35.583,0.035276748,2.587699262,94.79496613,8.9
35.596,0.035276748,2.786659158,94.69496613,9
35.609,0.035276748,2.952662507,94.59496613,9.1
35.621,0.035276748,3.117445243,94.45926525,9.2
35.634,0.035276748,3.283448591,94.45926525,9.2
35.647,0.035276748,3.44945194,94.36545376,9.2
35.659,0.035276748,3.615455289,94.25926525,9.4
35.672,0.034841233,3.781458638,94.16545376,9.4
35.685,0.035276748,3.947461987,94.13546467,9.5
35.697,0.034841233,4.113465336,94.03546467,9.6
35.71,0.034841233,4.279468685,93.8997638,9.7
35.723,0.034841233,4.444251421,93.8997638,9.7
35.736,0.034841233,4.577298222,93.7997638,9.8
35.748,0.034841233,4.743301571,93.7997638,9.8
35.761,0.035276748,4.876348373,93.67025143,9.8
35.774,0.035276748,5.042351722,93.56406292,10
35.786,0.035276748,5.17417791,93.47025143,10
35.799,0.035276748,5.307224712,93.55787442,10.1
35.812,0.034841233,5.440271514,93.54026234,10
35.824,0.034841233,5.60505425,93.52788533,10.2
35.837,0.034841233,5.738101051,93.34026234,10.2
35.85,0.034841233,5.871147853,93.29218445,10.4
35.863,0.033970202,6.004194655,93.20456147,10.3
35.875,0.034841233,6.136020844,93.09837296,10.5
35.888,0.033970202,6.269067645,93.10456147,10.4
35.901,0.034841233,6.402114447,92.99837296,10.6
35.913,0.033970202,6.533940636,92.90456147,10.6
35.926,0.033970202,6.666987437,92.7688606,10.7
35.939,0.033970202,6.800034239,92.7688606,10.7
35.952,0.033970202,6.931860428,92.6688606,10.8
35.964,0.033970202,7.031950682,92.5688606,10.9
35.977,0.033970202,7.164997484,92.5750491,10.8
35.99,0.033970202,7.263867126,92.43315972,11
36.002,0.033970202,7.396913927,92.4688606,11
36.015,0.033970202,7.529960729,92.43315972,11
36.028,0.033970202,7.62883037,92.33934823,11
36.04,0.033970202,7.761877172,92.23315972,11.2
36.053,0.033970202,7.860746814,92.13934823,11.2
36.066,0.033970202,7.993793615,92.12697121,11.4
36.079,0.033970202,8.09388387,92.13315972,11.3
36.091,0.033534687,8.225710059,92.02697121,11.5
36.104,0.033534687,8.325800313,92.03315972,11.4
36.117,0.033534687,8.424669955,91.93315972,11.5
36.129,0.033534687,8.524760209,91.83934823,11.5
36.142,0.033534687,8.623629851,91.82697121,11.7
36.155,0.032663656,8.723720105,91.83315972,11.6
36.167,0.032663656,8.822589747,91.72697121,11.8
36.18,0.032663656,8.922680001,91.63315972,11.8
36.193,0.033534687,9.055726803,91.50935914,11.9
36.206,0.032663656,9.154596445,91.60935914,11.8
36.218,0.033534687,9.221730152,91.52697121,12
36.231,0.033534687,9.320599793,91.50317063,12
36.244,0.033534687,9.420690048,91.40317063,12.1
36.256,0.032663656,9.519559689,91.30935914,12.1
36.269,0.033534687,9.585472784,91.32697121,12.2
36.282,0.032663656,9.685563038,91.33315972,12.1
36.295,0.032663656,9.751476133,91.32697121,12.2
36.307,0.032663656,9.851566387,91.23315972,12.2
36.32,0.032663656,9.917479482,91.22697121,12.3
36.333,0.032663656,9.984613189,91.13315972,12.3
36.345,0.032663656,10.05052628,91.10935914,12.3
36.358,0.03222814,10.11643938,91.03315972,12.4
36.371,0.032663656,10.21652963,91.12697121,12.4
36.383,0.03222814,10.28244273,91.02697121,12.5
36.396,0.03222814,10.34835582,91.02697121,12.5
36.409,0.03135711,10.41548953,90.93315972,12.5
36.422,0.03222814,10.48140262,90.93315972,12.5
36.434,0.03135711,10.51435917,90.83315972,12.6
36.447,0.03222814,10.54731572,90.83315972,12.6
36.46,0.03135711,10.61444942,90.83315972,12.6
36.472,0.03135711,10.64740597,90.83315972,12.6
36.485,0.03135711,10.71331907,90.73315972,12.7
36.498,0.03135711,10.71331907,90.63315972,12.8
36.51,0.03135711,10.74749623,90.63315972,12.8
36.523,0.03135711,10.74749623,90.63315972,12.8
36.536,0.03135711,10.78045277,90.62697121,12.9
36.549,0.030921594,10.78045277,90.6688606,12.8
36.561,0.030921594,10.78045277,90.66267209,12.9
36.574,0.030050563,10.78045277,90.60456147,12.9
36.587,0.030050563,10.78045277,90.59837296,13
36.599,0.029615048,10.78045277,90.66406292,12.9
36.612,0.029615048,10.78045277,90.59357529,13.1
36.625,0.028744017,10.74749623,90.63546467,13
36.638,0.028744017,10.74749623,90.52927616,13.2
36.65,0.028308502,10.78045277,90.55926525,13.1
36.663,0.028308502,10.78045277,90.55307675,13.2
36.676,0.028308502,10.81340932,90.55926525,13.1
36.688,0.028308502,10.84636587,90.55307675,13.2
36.701,0.028308502,10.84636587,90.55926525,13.1
36.714,0.028308502,10.84636587,90.45926525,13.2
36.726,0.028308502,10.84636587,90.45926525,13.2
36.739,0.027437471,10.84636587,90.45926525,13.2
36.752,0.028308502,10.81340932,90.55307675,13.2
36.765,0.027437471,10.81340932,90.53546467,13.1
36.777,0.028308502,10.78045277,90.62927616,13.1
36.79,0.028308502,10.74749623,90.63546467,13
36.803,0.028308502,10.74749623,90.62927616,13.1
36.815,0.028308502,10.71331907,90.63546467,13
36.828,0.028308502,10.64740597,90.52927616,13.2
36.841,0.027437471,10.61444942,90.6059523,12.9
36.853,0.028308502,10.54731572,90.55787442,13.1
36.866,0.027437471,10.51435917,90.66406292,12.9
36.879,0.027437471,10.44844608,90.65787442,13
36.892,0.027437471,10.34835582,90.66406292,12.9
36.904,0.027437471,10.28244273,90.64026234,12.9
36.917,0.02656644,10.24948618,90.64026234,12.9
36.93,0.027437471,10.18357308,90.64026234,12.9
36.942,0.027437471,10.11643938,90.64026234,12.9
36.955,0.027437471,10.05052628,90.61074998,12.8
36.968,0.027437471,9.984613189,90.6688606,12.8
36.981,0.027437471,9.917479482,90.6750491,12.7
36.993,0.027437471,9.81860984,90.6688606,12.8
37.006,0.027437471,9.751476133,90.8688606,12.6
37.019,0.027437471,9.685563038,90.86267209,12.7
37.031,0.027437471,9.585472784,90.83315972,12.6
37.044,0.027437471,9.519559689,90.82697121,12.7
37.057,0.02656644,9.453646595,90.80935914,12.6
37.069,0.027437471,9.353556341,90.90317063,12.6
37.082,0.027437471,9.287643246,90.90935914,12.5
37.095,0.028308502,9.187552992,90.86746976,12.6
37.108,0.027437471,9.121639897,90.97365827,12.4
37.12,0.028308502,9.021549643,90.87365827,12.5
37.133,0.027437471,8.922680001,90.93795739,12.4
37.146,0.028308502,8.822589747,90.93795739,12.4
37.158,0.027437471,8.723720105,90.93795739,12.4
37.171,0.028308502,8.590673304,90.91415681,12.4
37.184,0.027437471,8.491803662,90.91415681,12.4
37.196,0.028308502,8.35875686,90.87845594,12.4
37.209,0.027437471,8.258666606,90.97845594,12.3
37.222,0.028308502,8.126840417,90.97845594,12.3
37.235,0.028308502,8.026750163,90.97845594,12.3
37.247,0.028744017,7.894923974,90.94275506,12.3
37.26,0.028308502,7.794833719,91.07226743,12.3
37.273,0.028744017,7.661786918,91.07226743,12.3
37.285,0.028744017,7.562917276,91.17226743,12.2
37.298,0.028744017,7.462827022,91.14275506,12.1
37.311,0.028744017,7.331000833,91.04275506,12.2
37.324,0.029615048,7.230910578,91.04275506,12.2
37.336,0.028744017,7.097863777,91.04894357,12.1
37.349,0.029615048,6.966037588,91.14275506,12.1
37.362,0.029615048,6.832990786,91.27845594,12
37.374,0.029615048,6.699943985,91.27845594,12
37.387,0.029615048,6.568117796,91.24275506,12
37.4,0.030050563,6.435070994,91.34275506,11.9
37.412,0.029615048,6.302024192,91.37845594,11.9
37.425,0.030050563,6.168977391,91.47226743,11.9
37.438,0.030050563,6.037151202,91.57226743,11.8
37.451,0.030050563,5.871147853,91.47226743,11.9
37.463,0.030921594,5.738101051,91.47845594,11.8
37.476,0.030921594,5.60505425,91.47845594,11.8
37.489,0.030921594,5.473228061,91.47845594,11.8
37.501,0.03135711,5.340181259,91.57845594,11.7
37.514,0.03222814,5.207134458,91.57226743,11.8
37.527,0.03222814,5.075308269,91.67845594,11.6
37.539,0.032663656,4.942261467,91.57845594,11.7
37.552,0.03222814,4.776258118,91.71415681,11.6
37.565,0.03222814,4.643211317,91.71415681,11.6
37.578,0.03222814,4.511385128,91.71415681,11.6
37.59,0.032663656,4.345381779,91.71415681,11.6
37.603,0.03222814,4.17937843,91.71415681,11.6
37.616,0.033534687,4.046331628,91.81415681,11.5
37.628,0.032663656,3.88032828,91.81415681,11.5
37.641,0.033534687,3.748502091,92.0079683,11.4
37.654,0.033534687,3.582498742,92.03795739,11.3
37.667,0.033534687,3.416495393,92.02558038,11.5
37.679,0.033534687,3.250492044,92.13795739,11.2
37.692,0.033970202,3.084488695,92.13176889,11.3
37.705,0.033970202,2.918485347,92.13795739,11.2
37.717,0.033970202,2.71952545,92.13176889,11.3
37.73,0.034841233,2.553522102,92.26746976,11.2
37.743,0.034841233,2.354562206,92.27365827,11.1
37.755,0.035276748,2.18977947,92.27365827,11.1
37.768,0.035276748,1.989598961,92.33795739,11
37.781,0.035276748,1.790639065,92.43176889,11
37.794,0.035276748,1.591679168,92.43795739,10.9
37.806,0.036147779,1.392719272,92.56746976,10.9
37.819,0.035276748,1.160802829,92.57365827,10.8
37.832,0.03701881,0.961842933,92.66746976,10.8
37.844,0.036147779,0.762883037,92.67365827,10.7
37.857,0.03701881,0.530966594,92.76746976,10.7
37.87,0.03701881,0.332006698,92.77365827,10.6
37.882,0.037454325,0.100090254,92.77365827,10.6
37.895,0.03701881,-0.100090254,92.77984677,10.5
37.908,0.037454325,-0.299050151,92.90935914,10.5
37.921,0.037454325,-0.530966594,92.90935914,10.5
37.933,0.037454325,-0.72992649,92.97365827,10.4
37.946,0.037454325,-0.961842933,92.96746976,10.5
37.959,0.037454325,-1.160802829,93.07365827,10.3
37.971,0.038325356,-1.392719272,93.06746976,10.4
37.984,0.038325356,-1.591679168,93.07365827,10.3
37.997,0.038325356,-1.824816225,93.06746976,10.4
38.01,0.037454325,-2.023776121,93.07365827,10.3
38.022,0.038325356,-2.222736017,93.16746976,10.3
38.035,0.038325356,-2.421695913,93.07365827,10.3
38.048,0.038325356,-2.653612356,93.16746976,10.3
38.06,0.038325356,-2.885528799,93.17365827,10.2
38.073,0.038760872,-3.084488695,93.16746976,10.3
38.086,0.038760872,-3.283448591,93.10935914,10.3
38.098,0.038760872,-3.515365035,93.20935914,10.2
38.111,0.039631902,-3.715545544,93.10935914,10.3
38.124,0.040067418,-3.91450544,93.10935914,10.3
38.137,0.040067418,-4.113465336,93.10935914,10.3
38.149,0.040067418,-4.312425232,93.10935914,10.3
38.162,0.040067418,-4.478428581,93.10935914,10.3
38.175,0.040938449,-4.610254769,93.10935914,10.3
38.187,0.040938449,-4.809214666,93.10935914,10.3
38.2,0.041373964,-4.975218014,93.01554765,10.3
38.213,0.041373964,-5.17417791,92.90935914,10.5
38.225,0.042244995,-5.340181259,93.01554765,10.3
38.238,0.041373964,-5.539141155,93.00935914,10.4
38.251,0.042244995,-5.705144504,93.00935914,10.4
38.264,0.042244995,-5.871147853,93.00935914,10.4
38.276,0.04268051,-6.070107749,93.00935914,10.4
38.289,0.04268051,-6.236111098,93.00935914,10.4
38.302,0.04268051,-6.435070994,93.00935914,10.4
38.314,0.04268051,-6.63403089,93.00935914,10.4
38.327,0.04268051,-6.832990786,93.10317063,10.4
38.34,0.043551541,-6.998994135,93.10317063,10.4
38.353,0.043987056,-7.197954031,93.00935914,10.4
38.365,0.043987056,-7.396913927,93.00935914,10.4
38.378,0.043987056,-7.595873823,92.90935914,10.5
38.391,0.044858087,-7.761877172,92.90935914,10.5
38.403,0.043987056,-7.960837068,93.00317063,10.5
38.416,0.044858087,-8.126840417,93.00317063,10.5
38.429,0.044858087,-8.325800313,93.00317063,10.5
38.441,0.045293603,-8.524760209,92.90935914,10.5
38.454,0.046164634,-8.690763558,92.90935914,10.5
38.467,0.047035664,-8.889723454,92.90935914,10.5
38.48,0.047035664,-9.08868335,92.90935914,10.5
38.492,0.048342211,-9.287643246,92.90935914,10.5
38.505,0.048342211,-9.453646595,92.93315972,10.5
38.518,0.048777726,-9.619649944,92.93315972,10.5
38.53,0.048777726,-9.78443268,92.93315972,10.5
38.543,0.050084272,-9.950436029,92.93315972,10.5
38.556,0.050084272,-10.11643938,92.83315972,10.6
38.568,0.051390818,-10.24948618,92.83315972,10.6
38.581,0.050955303,-10.38253298,92.83934823,10.5
38.594,0.052261849,-10.51435917,92.83315972,10.6
38.607,0.052261849,-10.64740597,92.82697121,10.7
38.619,0.052697365,-10.74749623,92.92697121,10.6
38.632,0.053568396,-10.87932241,92.83315972,10.6
38.645,0.054003911,-10.97941267,92.82697121,10.7
38.657,0.054003911,-11.11123886,92.83315972,10.6
38.67,0.054874942,-11.21132911,92.82697121,10.7
38.683,0.055310457,-11.31019875,92.82697121,10.7
38.696,0.056181488,-11.41028901,92.83315972,10.6
38.708,0.057052519,-11.54333581,92.80317063,10.7
38.721,0.057052519,-11.64220545,92.80935914,10.6
38.734,0.057488034,-11.74229571,92.70317063,10.8
38.746,0.058359065,-11.84116535,92.70935914,10.7
38.759,0.05879458,-11.9412556,92.70935914,10.7
38.772,0.059665611,-12.0071687,92.60935914,10.8
38.784,0.060101127,-12.10725895,92.60317063,10.9
38.797,0.060101127,-12.20612859,92.57365827,10.8
38.81,0.060972157,-12.30621885,92.57365827,10.8
38.823,0.061407673,-12.37213194,92.47984677,10.8
38.835,0.062278704,-12.4722222,92.47365827,10.9
38.848,0.062714219,-12.53813529,92.47365827,10.9
38.861,0.06358525,-12.60404838,92.57365827,10.8
38.873,0.06358525,-12.70413864,92.57365827,10.8
38.886,0.064020765,-12.77005173,92.47365827,10.9
38.899,0.064891796,-12.80300828,92.46746976,11
38.911,0.065327312,-12.87014199,92.56746976,10.9
38.924,0.066198342,-12.93605508,92.46746976,11
38.937,0.067069373,-12.96901163,92.37365827,11
38.95,0.067069373,-13.03614534,92.36746976,11.1
38.962,0.067504889,-13.06910188,92.47365827,10.9
38.975,0.068375919,-13.13501498,92.36128125,11.2
38.988,0.068375919,-13.16797153,92.37365827,11
39,0.068811435,-13.16797153,92.36746976,11.1
39.013,0.068375919,-13.20092807,92.37365827,11
39.026,0.068811435,-13.23510523,92.26746976,11.2
39.039,0.068811435,-13.26806178,92.30935914,11.1
39.051,0.069682466,-13.26806178,92.30935914,11.1
39.064,0.069682466,-13.30101833,92.27365827,11.1
39.077,0.070117981,-13.33397487,92.20935914,11.2
39.089,0.070117981,-13.33397487,92.20935914,11.2
39.102,0.070989012,-13.36693142,92.21554765,11.1
39.115,0.071424527,-13.36693142,92.17365827,11.2
39.127,0.072295558,-13.39988797,92.17984677,11.1
39.14,0.072295558,-13.36693142,92.17365827,11.2
39.153,0.072295558,-13.36693142,92.20935914,11.2
39.166,0.072295558,-13.36693142,92.20317063,11.3
39.178,0.072295558,-13.36693142,92.20935914,11.2
39.191,0.072731074,-13.33397487,92.20317063,11.3
39.204,0.072731074,-13.33397487,92.11554765,11.2
39.216,0.072731074,-13.30101833,92.10935914,11.3
39.229,0.073602104,-13.26806178,92.20935914,11.2
39.242,0.073602104,-13.26806178,92.10317063,11.4
39.254,0.073602104,-13.23510523,92.20935914,11.2
39.267,0.07403762,-13.20092807,92.20317063,11.3
39.28,0.07403762,-13.16797153,92.20317063,11.3
39.293,0.073602104,-13.13501498,92.10317063,11.4
39.305,0.07403762,-13.10205843,92.10935914,11.3
39.318,0.07403762,-13.06910188,92.03315972,11.4
39.331,0.07403762,-13.03614534,92.03315972,11.4
39.343,0.07403762,-12.96901163,92.03315972,11.4
39.356,0.073602104,-12.90309854,92.03315972,11.4
39.369,0.07403762,-12.83718544,92.03315972,11.4
39.382,0.073602104,-12.77005173,92.03315972,11.4
39.394,0.07403762,-12.70413864,92.03315972,11.4
39.407,0.073602104,-12.63700493,92.03315972,11.4
39.42,0.07403762,-12.57109184,92.02697121,11.5
39.432,0.07403762,-12.50517874,92.03315972,11.4
39.445,0.07403762,-12.43804504,92.02697121,11.5
39.458,0.07403762,-12.33917539,92.0688606,11.4
39.47,0.074908651,-12.23908514,92.06267209,11.5
39.483,0.07403762,-12.1402155,91.9688606,11.5
39.496,0.07403762,-12.04012524,91.9688606,11.5
39.509,0.073602104,-11.90829906,91.93315972,11.5
39.521,0.07403762,-11.8082088,91.93315972,11.5
39.534,0.073602104,-11.74229571,91.93315972,11.5
39.547,0.07403762,-11.64220545,91.9688606,11.5
39.559,0.073602104,-11.54333581,91.9688606,11.5
39.572,0.073602104,-11.44324556,92.02697121,11.5
39.585,0.073602104,-11.34437591,92.02697121,11.5
39.597,0.073602104,-11.24428566,92.02697121,11.5
39.61,0.072731074,-11.14541602,91.92697121,11.6
39.623,0.073602104,-11.01236922,91.92697121,11.6
39.636,0.073602104,-10.91227896,91.92697121,11.6
39.648,0.072731074,-10.78045277,91.90317063,11.6
39.661,0.072731074,-10.64740597,91.90317063,11.6
39.674,0.072295558,-10.51435917,91.80935914,11.6
39.686,0.072295558,-10.38253298,91.80317063,11.7
39.699,0.072295558,-10.24948618,91.77365827,11.6
39.712,0.072295558,-10.11643938,91.66746976,11.8
39.725,0.072295558,-9.984613189,91.67365827,11.7
39.737,0.072295558,-9.81860984,91.66746976,11.8
39.75,0.071424527,-9.685563038,91.67984677,11.6
39.763,0.071424527,-9.519559689,91.66746976,11.8
39.775,0.070989012,-9.386512888,91.57984677,11.7
39.788,0.070989012,-9.221730152,91.43795739,11.9
39.801,0.070117981,-9.055726803,91.4441459,11.8
39.813,0.070117981,-8.889723454,91.53176889,11.9
39.826,0.069682466,-8.723720105,91.53795739,11.8
39.839,0.069682466,-8.557716756,91.43176889,12
39.852,0.069682466,-8.424669955,91.47365827,11.9
39.864,0.069682466,-8.258666606,91.33795739,12
39.877,0.069682466,-8.09388387,91.33795739,12
39.89,0.069682466,-7.927880521,91.23795739,12.1
39.902,0.068811435,-7.761877172,91.27365827,12.1
39.915,0.068811435,-7.62883037,91.23795739,12.1
39.928,0.068811435,-7.462827022,91.16746976,12.3
39.94,0.068811435,-7.296823673,91.1441459,12.1
39.953,0.068811435,-7.164997484,91.13176889,12.3
39.966,0.068375919,-6.998994135,91.03795739,12.3
39.979,0.068811435,-6.832990786,91.02558038,12.5
39.991,0.068375919,-6.666987437,90.97365827,12.4
40.004,0.068375919,-6.500984088,90.96746976,12.5
40.017,0.067504889,-6.367937287,90.87365827,12.5
40.029,0.068375919,-6.203154551,90.86746976,12.6
40.042,0.068375919,-6.070107749,90.67365827,12.7
40.055,0.068375919,-5.871147853,90.67365827,12.7
40.068,0.068375919,-5.705144504,90.67365827,12.7
40.08,0.068375919,-5.539141155,90.57365827,12.8
40.093,0.068375919,-5.373137807,90.56746976,12.9
40.106,0.068375919,-5.241311618,90.60935914,12.8
40.118,0.067504889,-5.075308269,90.50317063,13
40.131,0.068375919,-4.90930492,90.50935914,12.9
40.144,0.068375919,-4.710345024,90.50317063,13
40.156,0.068375919,-4.577298222,90.40935914,13
40.169,0.068375919,-4.378338326,90.30935914,13.1
40.182,0.068375919,-4.212334977,90.30935914,13.1
40.195,0.068375919,-4.046331628,90.20317063,13.3
40.207,0.068375919,-3.847371732,90.20935914,13.2
40.22,0.068375919,-3.648411836,90.13315972,13.3
40.233,0.068375919,-3.416495393,90.13315972,13.3
40.245,0.068811435,-3.217535497,90.03315972,13.4
40.258,0.068375919,-2.952662507,90.03315972,13.4
40.271,0.068811435,-2.686568903,89.93315972,13.5
40.283,0.068375919,-2.421695913,89.9688606,13.5
40.296,0.068375919,-2.18977947,89.8688606,13.6
40.309,0.068375919,-1.923685866,89.90456147,13.6
40.322,0.068375919,-1.691769423,89.84026234,13.7
40.334,0.068375919,-1.42567582,89.84026234,13.7
40.347,0.068811435,-1.193759376,89.76406292,13.8
40.36,0.068375919,-0.961842933,89.76406292,13.8
40.372,0.068811435,-0.72992649,89.6997638,13.9
40.385,0.068375919,-0.463832887,89.73546467,13.9
40.398,0.068811435,-0.198959896,89.63546467,14
40.411,0.068375919,0.032956547,89.65926525,14
40.423,0.068811435,0.26487299,89.59496613,14.1
40.436,0.068375919,0.530966594,89.49496613,14.2
40.449,0.068375919,0.795839584,89.78258911,14.1
40.461,0.068375919,1.061933188,89.48877762,14.3
40.474,0.068375919,1.359762725,89.28877762,14.5
40.487,0.068375919,1.625856329,89.19496613,14.5
40.499,0.068811435,1.890729319,88.99496613,14.7
40.512,0.068375919,2.155602309,88.86545376,14.7
40.525,0.068375919,2.421695913,88.75926525,14.9
40.538,0.068375919,2.686568903,88.63546467,15
40.55,0.068375919,2.918485347,88.43546467,15.2
40.563,0.068375919,3.151622403,88.43546467,15.2
40.576,0.068375919,3.416495393,88.29357529,15.4
40.588,0.067504889,3.648411836,88.1997638,15.4
40.601,0.068375919,3.88032828,87.9997638,15.6
40.614,0.068375919,4.079288176,87.86406292,15.7
40.626,0.067504889,4.312425232,87.84026234,15.7
40.639,0.068375919,4.544341675,87.74026234,15.8
40.652,0.067504889,4.776258118,87.64026234,15.9
40.665,0.068375919,4.975218014,87.54026234,16
40.677,0.067504889,5.207134458,87.40456147,16.1
40.69,0.068375919,5.406094354,87.30456147,16.2
40.703,0.068375919,5.63923141,87.31074998,16.1
40.715,0.068375919,5.871147853,87.20456147,16.3
40.728,0.067504889,6.070107749,87.0688606,16.4
40.741,0.068375919,6.269067645,87.06267209,16.5
40.754,0.067504889,6.468027541,86.9688606,16.5
40.766,0.067504889,6.666987437,86.86267209,16.7
40.779,0.067504889,6.865947333,86.8688606,16.6
40.792,0.067504889,7.097863777,86.76267209,16.8
40.804,0.067504889,7.296823673,86.6688606,16.8
40.817,0.067504889,7.495783569,86.66267209,16.9
40.83,0.067504889,7.694743465,86.5688606,16.9
40.842,0.067504889,7.927880521,86.46267209,17.1
40.855,0.067504889,8.126840417,86.46267209,17.1
40.868,0.067504889,8.325800313,86.3688606,17.1
40.881,0.067504889,8.524760209,86.2688606,17.2
40.893,0.067504889,8.723720105,86.1688606,17.3
40.906,0.067504889,8.922680001,86.0688606,17.4
40.919,0.067069373,9.08868335,86.11074998,17.3
40.931,0.067504889,9.287643246,86.09837296,17.5
40.944,0.067069373,9.453646595,86.11074998,17.3
40.957,0.067069373,9.652606491,85.99837296,17.6
40.969,0.067069373,9.851566387,86.04026234,17.5
40.982,0.067069373,10.05052628,86.03407383,17.6
40.995,0.067069373,10.21652963,85.94026234,17.6
41.008,0.067069373,10.41548953,85.93407383,17.7
41.02,0.066198342,10.58149288,85.85787442,17.8
41.033,0.067069373,10.74749623,85.85787442,17.8
41.046,0.067069373,10.91227896,85.75787442,17.9
41.058,0.066198342,11.07828231,85.66406292,17.9
41.071,0.066198342,11.24428566,85.76406292,17.8
41.084,0.066198342,11.41028901,85.8059523,17.7
41.096,0.065327312,11.57629236,85.79357529,17.9
41.109,0.066198342,11.74229571,85.7997638,17.8
41.122,0.066198342,11.87412189,85.79357529,17.9
41.135,0.065327312,12.0071687,85.83546467,17.8
41.147,0.065327312,12.1402155,85.75307675,18
41.16,0.064891796,12.2732623,85.75926525,17.9
41.173,0.064891796,12.37213194,85.68877762,18.1
41.185,0.064020765,12.4722222,85.730667,18
41.198,0.06358525,12.60404838,85.66017937,18.2
41.211,0.062714219,12.70413864,85.56636787,18.2
41.224,0.062278704,12.77005173,85.52586933,18.3
41.236,0.060972157,12.87014199,85.48537078,18.4
41.249,0.060972157,12.96901163,85.42107166,18.5
41.262,0.060101127,13.10205843,85.36296104,18.5
41.274,0.059665611,13.23510523,85.4924734,18.5
41.287,0.058359065,13.39988797,85.3924734,18.6
41.3,0.058359065,13.53293477,85.3924734,18.6
41.312,0.057488034,13.69893812,85.41008548,18.7
41.325,0.057488034,13.79902837,85.41008548,18.7
41.338,0.057052519,13.93085456,85.34578635,18.8
41.351,0.057052519,14.06390136,85.35197486,18.7
41.363,0.056181488,14.19694817,85.21008548,18.9
41.376,0.056181488,14.29581781,85.31008548,18.8
41.389,0.055310457,14.39590806,85.31008548,18.8
41.401,0.056181488,14.4947777,85.15197486,18.9
41.414,0.054874942,14.56191141,85.15197486,18.9
41.427,0.054874942,14.66078105,85.05197486,19
41.439,0.054003911,14.72669415,85.11008548,19
41.452,0.054003911,14.79382785,85.14578635,19
41.465,0.054003911,14.85974095,85.01008548,19.1
41.478,0.053568396,14.92687466,85.01008548,19.1
41.49,0.052697365,14.9598312,85.01627399,19
41.503,0.052697365,15.0257443,84.91008548,19.2
41.516,0.052261849,15.05870084,84.8924734,19.1
41.528,0.052261849,15.12583455,84.7924734,19.2
41.541,0.051390818,15.1587911,84.7924734,19.2
41.554,0.051390818,15.19174765,84.7924734,19.2
41.567,0.051390818,15.22470419,84.7924734,19.2
41.579,0.051390818,15.25766074,84.75677253,19.2
41.592,0.051390818,15.29061729,84.75677253,19.2
41.605,0.050955303,15.29061729,84.65677253,19.3
41.617,0.051390818,15.32479445,84.62107166,19.3
41.63,0.050955303,15.32479445,84.72726016,19.1
41.643,0.050955303,15.32479445,84.72107166,19.2
41.655,0.050955303,15.32479445,84.68537078,19.2
41.668,0.050955303,15.32479445,84.68537078,19.2
41.681,0.050084272,15.32479445,84.6615702,19.2
41.694,0.050955303,15.32479445,84.6615702,19.2
41.706,0.050084272,15.29061729,84.81968082,19.1
41.719,0.050084272,15.29061729,84.71349231,19.3
41.732,0.050084272,15.29061729,84.81968082,19.1
41.744,0.050084272,15.25766074,84.59016846,19.2
41.757,0.049648757,15.22470419,84.69016846,19.1
41.77,0.050084272,15.19174765,84.66017937,19.2
41.783,0.049648757,15.19174765,84.66636787,19.1
41.795,0.050084272,15.12583455,84.630667,19.1
41.808,0.049648757,15.09165739,84.530667,19.2
41.821,0.049648757,15.05870084,84.630667,19.1
41.833,0.050084272,15.0257443,84.59496613,19.1
41.846,0.050084272,14.9598312,84.60115463,19
41.859,0.050084272,14.8926975,84.55926525,19.1
41.871,0.050084272,14.8267844,84.54165318,19
41.884,0.050084272,14.76087131,84.53546467,19.1
41.897,0.049648757,14.66078105,84.64165318,18.9
41.91,0.049648757,14.59486796,84.5997638,19
41.922,0.048777726,14.52773425,84.57025143,18.9
41.935,0.049648757,14.42886461,84.54026234,19
41.948,0.049648757,14.36295152,84.54645085,18.9
41.96,0.049648757,14.26286126,84.50456147,19
41.973,0.049648757,14.19694817,84.51074998,18.9
41.986,0.049648757,14.09685791,84.4688606,19
41.998,0.049648757,13.99798827,84.4688606,19
42.011,0.049648757,13.93085456,84.53315972,18.9
42.024,0.049648757,13.83198492,84.50935914,18.9
42.037,0.050084272,13.69893812,84.60935914,18.8
42.049,0.049648757,13.60006848,84.56746976,18.9
42.062,0.050084272,13.49997822,84.63795739,18.7
42.075,0.050084272,13.36693142,84.53176889,18.9
42.087,0.050084272,13.26806178,84.61415681,18.7
42.1,0.050084272,13.13501498,84.6079683,18.8
42.113,0.050084272,13.00196818,84.61415681,18.7
42.126,0.050084272,12.90309854,84.67226743,18.7
42.138,0.050084272,12.77005173,84.57845594,18.7
42.151,0.050084272,12.63700493,84.67226743,18.7
42.164,0.050084272,12.50517874,84.68464444,18.5
42.176,0.050084272,12.37213194,84.67845594,18.6
42.189,0.049648757,12.23908514,84.68464444,18.5
42.202,0.050084272,12.0743024,84.67845594,18.6
42.214,0.050084272,11.9412556,84.68464444,18.5
42.227,0.050084272,11.8082088,84.67845594,18.6
42.24,0.050084272,11.675162,84.77845594,18.5
42.253,0.050955303,11.51037926,84.68464444,18.5
42.265,0.050955303,11.37733246,84.68464444,18.5
42.278,0.051390818,11.21132911,84.87845594,18.4
42.291,0.051390818,11.07828231,84.87226743,18.5
42.303,0.051390818,10.91227896,84.97226743,18.4
42.316,0.051390818,10.74749623,84.87226743,18.5
42.329,0.052261849,10.61444942,84.87845594,18.4
42.341,0.052261849,10.44844608,84.97845594,18.3
42.354,0.052697365,10.28244273,84.97845594,18.3
42.367,0.052697365,10.14939592,84.97845594,18.3
42.38,0.053568396,9.950436029,84.97845594,18.3
42.392,0.053568396,9.78443268,84.97845594,18.3
42.405,0.054003911,9.619649944,85.07845594,18.2
42.418,0.054874942,9.453646595,85.11415681,18.2
42.43,0.055310457,9.254686699,85.21415681,18.1
42.443,0.055310457,9.08868335,85.2079683,18.2
42.456,0.056181488,8.889723454,85.17845594,18.1
42.468,0.056181488,8.690763558,85.17845594,18.1
42.481,0.057052519,8.491803662,85.17845594,18.1
42.494,0.057052519,8.292843766,85.17845594,18.1
42.507,0.057488034,8.09388387,85.17845594,18.1
42.519,0.058359065,7.894923974,85.17845594,18.1
42.532,0.058359065,7.694743465,85.17845594,18.1
42.545,0.05879458,7.495783569,85.37845594,17.9
42.557,0.059665611,7.263867126,85.37226743,18
42.57,0.060101127,7.031950682,85.37226743,18
42.583,0.060101127,6.800034239,85.37845594,17.9
42.596,0.060972157,6.533940636,85.37226743,18
42.608,0.061407673,6.302024192,85.37845594,17.9
42.621,0.062278704,6.037151202,85.47226743,17.9
42.634,0.062278704,5.805234759,85.47845594,17.8
42.646,0.062714219,5.539141155,85.5079683,17.9
42.659,0.062714219,5.274268165,85.61415681,17.7
42.672,0.064020765,4.975218014,85.57226743,17.8
42.684,0.064020765,4.643211317,85.71415681,17.6
42.697,0.064891796,4.312425232,85.7079683,17.7
42.71,0.065327312,4.013375081,85.71415681,17.6
42.723,0.066198342,3.715545544,85.83176889,17.6
42.735,0.066198342,3.416495393,85.83795739,17.5
42.748,0.067069373,3.117445243,85.93795739,17.4
42.761,0.067069373,2.852572252,85.97365827,17.4
42.773,0.067504889,2.553522102,86.07365827,17.3
42.786,0.068375919,2.288649111,86.07365827,17.3
42.799,0.068375919,1.989598961,86.17365827,17.2
42.811,0.068811435,1.72472597,86.20935914,17.2
42.824,0.068811435,1.426896432,86.31554765,17
42.837,0.069682466,1.160802829,86.30935914,17.1
42.85,0.069682466,0.895929839,86.31554765,17
42.862,0.070117981,0.629836235,86.30935914,17.1
42.875,0.069682466,0.364963245,86.31554765,17
42.888,0.070117981,0.100090254,86.40935914,17
42.9,0.070117981,-0.133046802,86.40935914,17
42.913,0.070989012,-0.397919792,86.59698213,17
42.926,0.070117981,-0.662792783,86.60317063,16.9
42.939,0.070989012,-0.928886386,86.56746976,16.9
42.951,0.070989012,-1.193759376,86.57365827,16.8
42.964,0.071424527,-1.45985298,86.56746976,16.9
42.977,0.071424527,-1.72472597,86.57365827,16.8
42.989,0.072295558,-1.989598961,86.56746976,16.9
43.002,0.072731074,-2.255692564,86.56746976,16.9
43.015,0.072731074,-2.520565554,86.57365827,16.8
43.027,0.073602104,-2.752481998,86.57365827,16.8
43.04,0.073602104,-3.018575601,86.47365827,16.9
43.053,0.07403762,-3.283448591,86.47365827,16.9
43.066,0.07403762,-3.549542195,86.47984677,16.8
43.078,0.074908651,-3.814415185,86.37365827,17
43.091,0.074908651,-4.079288176,86.41554765,16.9
43.104,0.074908651,-4.345381779,86.40317063,17.1
43.116,0.075344166,-4.577298222,86.40935914,17
43.129,0.076215197,-4.842171213,86.40317063,17.1
43.142,0.076215197,-5.075308269,86.31554765,17
43.154,0.077086228,-5.340181259,86.30935914,17.1
43.167,0.076215197,-5.60505425,86.31554765,17
43.18,0.077086228,-5.871147853,86.40935914,17
43.193,0.077086228,-6.168977391,86.43315972,17
43.205,0.077521743,-6.468027541,86.42697121,17.1
43.218,0.077521743,-6.732900532,86.42697121,17.1
43.231,0.078392774,-7.031950682,86.42697121,17.1
43.243,0.078392774,-7.296823673,86.43315972,17
43.256,0.07969932,-7.595873823,86.42697121,17.1
43.269,0.07969932,-7.860746814,86.33315972,17.1
43.282,0.080134836,-8.126840417,86.33315972,17.1
43.294,0.080134836,-8.391713407,86.33315972,17.1
43.307,0.081005866,-8.657807011,86.33315972,17.1
43.32,0.081005866,-8.955636548,86.4688606,17
43.332,0.082312413,-9.254686699,86.4688606,17
43.345,0.082747928,-9.552516237,86.50456147,17
43.358,0.083618959,-9.851566387,86.40456147,17.1
43.37,0.084054474,-10.14939592,86.40456147,17.1
43.383,0.084925505,-10.41548953,86.44026234,17.1
43.396,0.08536102,-10.68036252,86.44026234,17.1
43.409,0.086232051,-10.94645612,86.44026234,17.1
43.421,0.087103082,-11.14541602,86.46406292,17.1
43.434,0.087538598,-11.37733246,86.46406292,17.1
43.447,0.088409628,-11.6092489,86.44026234,17.1
43.459,0.088845144,-11.84116535,86.34026234,17.2
43.472,0.089716175,-12.04012524,86.46406292,17.1
43.485,0.09015169,-12.23908514,86.46406292,17.1
43.497,0.091458236,-12.43804504,86.46406292,17.1
43.51,0.092329267,-12.63700493,86.46406292,17.1
43.523,0.093635813,-12.83718544,86.53407383,17.1
43.536,0.094071329,-13.03614534,86.54026234,17
43.548,0.09581339,-13.23510523,86.43407383,17.2
43.561,0.096248906,-13.43406513,86.44026234,17.1
43.574,0.097555452,-13.60006848,86.44026234,17.1
43.586,0.098426483,-13.79902837,86.34026234,17.2
43.599,0.099733029,-13.96381111,86.34026234,17.2
43.612,0.100168544,-14.12981446,86.44026234,17.1
43.625,0.101475091,-14.26286126,86.34026234,17.2
43.637,0.102346122,-14.42886461,86.24645085,17.2
43.65,0.103652668,-14.56191141,86.35787442,17.3
43.663,0.104088183,-14.6937376,86.26406292,17.3
43.675,0.105830245,-14.8267844,86.35787442,17.3
43.688,0.107136791,-14.9598312,86.26406292,17.3
43.701,0.108443337,-15.12583455,86.25787442,17.4
43.713,0.108878853,-15.25766074,86.26406292,17.3
43.726,0.11105643,-15.42366409,86.1997638,17.4
43.739,0.111491945,-15.55671089,86.33546467,17.3
43.752,0.112798491,-15.68975769,86.32927616,17.4
43.764,0.114105038,-15.82158388,86.23546467,17.4
43.777,0.115847099,-15.95463068,86.23546467,17.4
43.79,0.117153645,-16.08767749,86.25307675,17.5
43.802,0.118460192,-16.18654713,86.15926525,17.5
43.815,0.119766738,-16.31959393,86.05926525,17.6
43.828,0.121073284,-16.45264073,86.06545376,17.5
43.84,0.122815346,-16.55151037,86.15307675,17.6
43.853,0.123686377,-16.68455717,86.05926525,17.6
43.866,0.125863954,-16.78342681,85.99496613,17.7
43.879,0.126299469,-16.88351707,85.90115463,17.7
43.891,0.127606015,-16.94943016,85.89496613,17.8
43.904,0.128477046,-17.04952042,85.80115463,17.8
43.917,0.130219108,-17.11543351,85.830667,17.9
43.929,0.131090139,-17.21552377,85.86636787,17.9
43.942,0.132396685,-17.31439341,85.76636787,18
43.955,0.1328322,-17.3803065,85.76636787,18
43.968,0.134138746,-17.44744021,85.69016846,18.1
43.98,0.135880808,-17.54630985,85.69016846,18.1
43.993,0.136316324,-17.61344356,85.69016846,18.1
44.006,0.137187354,-17.67935665,85.69016846,18.1
44.018,0.138493901,-17.77944691,85.69016846,18.1
44.031,0.139800447,-17.81240346,85.61968082,18.3
44.044,0.140235962,-17.87831655,85.62586933,18.2
44.056,0.141542508,-17.94422964,85.61349231,18.4
44.069,0.142413539,-17.9784068,85.71968082,18.2
44.082,0.143720086,-18.01136335,85.61968082,18.3
44.095,0.144155601,-18.0443199,85.59016846,18.2
44.107,0.145026632,-18.07727645,85.58397995,18.3
44.12,0.145897663,-18.11023299,85.49016846,18.3
44.133,0.147204209,-18.11023299,85.49016846,18.3
44.145,0.147204209,-18.14318954,85.46636787,18.3
44.158,0.148510755,-18.14318954,85.46017937,18.4
44.171,0.148510755,-18.14318954,85.46017937,18.4
44.183,0.149817301,-18.14318954,85.430667,18.3
44.196,0.149817301,-18.14318954,85.430667,18.3
44.209,0.150252817,-18.11023299,85.430667,18.3
44.222,0.150252817,-18.11023299,85.38877762,18.4
44.234,0.151123848,-18.07727645,85.39496613,18.3
44.247,0.151123848,-18.0443199,85.39496613,18.3
44.26,0.151559363,-18.0443199,85.29496613,18.4
44.272,0.151559363,-18.01136335,85.25926525,18.4
44.285,0.151559363,-17.9784068,85.35926525,18.3
44.298,0.151559363,-17.94422964,85.35926525,18.3
44.311,0.151559363,-17.9112731,85.35926525,18.3
44.323,0.152430394,-17.84536,85.35307675,18.4
44.336,0.152430394,-17.77944691,85.33546467,18.3
44.349,0.152430394,-17.7123132,85.33546467,18.3
44.361,0.152430394,-17.64640011,85.33546467,18.3
44.374,0.152430394,-17.54630985,85.43546467,18.2
44.387,0.152430394,-17.48039676,85.2997638,18.3
44.399,0.152430394,-17.41448366,85.2997638,18.3
44.412,0.152430394,-17.34734996,85.2997638,18.3
44.425,0.152430394,-17.24848031,85.26406292,18.3
44.438,0.152430394,-17.14839006,85.16406292,18.4
44.45,0.152430394,-17.01534326,85.27025143,18.2
44.463,0.152430394,-16.88351707,85.24026234,18.3
44.476,0.152865909,-16.75047027,85.34026234,18.2
44.488,0.152430394,-16.61742347,85.34026234,18.2
44.501,0.152430394,-16.55151037,85.44026234,18.1
44.514,0.152430394,-16.45264073,85.39837296,18.2
44.526,0.152430394,-16.35255048,85.49837296,18.1
44.539,0.152430394,-16.25246022,85.39837296,18.2
44.552,0.152430394,-16.12063403,85.49837296,18.1
44.565,0.151559363,-16.02054378,85.49837296,18.1
44.577,0.152430394,-15.85454043,85.3688606,18.1
44.59,0.151559363,-15.72271424,85.4688606,18
44.603,0.151559363,-15.55671089,85.43315972,18
44.615,0.151123848,-15.42366409,85.43315972,18
44.628,0.151123848,-15.25766074,85.30935914,18.1
44.641,0.151123848,-15.09165739,85.27365827,18.1
44.654,0.150252817,-14.92687466,85.27365827,18.1
44.666,0.150252817,-14.76087131,85.33795739,18
44.679,0.150252817,-14.59486796,85.2079683,18.2
44.692,0.149817301,-14.46182116,85.21415681,18.1
44.704,0.149817301,-14.29581781,85.2079683,18.2
44.717,0.14894627,-14.09685791,85.17845594,18.1
44.73,0.14894627,-13.93085456,84.97845594,18.3
44.742,0.148510755,-13.73189467,84.97845594,18.3
44.755,0.148510755,-13.53293477,84.97845594,18.3
44.768,0.148510755,-13.33397487,84.97845594,18.3
44.781,0.147639724,-13.16797153,84.87845594,18.4
44.793,0.147639724,-12.96901163,84.87845594,18.4
44.806,0.147204209,-12.77005173,84.87845594,18.4
44.819,0.147204209,-12.57109184,84.77845594,18.5
44.831,0.146333178,-12.37213194,84.77845594,18.5
44.844,0.147204209,-12.17317205,84.71415681,18.6
44.857,0.145897663,-11.97421215,84.71415681,18.6
44.869,0.145897663,-11.74229571,84.61415681,18.7
44.882,0.144155601,-11.51037926,84.61415681,18.7
44.895,0.144155601,-11.27724221,84.6079683,18.8
44.908,0.143720086,-11.07828231,84.5079683,18.9
44.92,0.143720086,-10.84636587,84.4079683,19
44.933,0.143720086,-10.64740597,84.31415681,19
44.946,0.143720086,-10.41548953,84.31415681,19
44.958,0.142849055,-10.21652963,84.2079683,19.2
44.971,0.143720086,-9.984613189,84.13795739,19.2
44.984,0.142849055,-9.78443268,84.03795739,19.3
44.997,0.142849055,-9.552516237,84.03795739,19.3
45.009,0.142849055,-9.353556341,83.93176889,19.5
45.022,0.142849055,-9.121639897,83.8441459,19.4
45.035,0.142413539,-8.922680001,83.77365827,19.6
45.047,0.141542508,-8.723720105,83.77984677,19.5
45.06,0.142413539,-8.491803662,83.67365827,19.7
45.073,0.141542508,-8.292843766,83.57984677,19.7
45.085,0.141542508,-8.09388387,83.47365827,19.9
45.098,0.141106993,-7.860746814,83.47984677,19.8
45.111,0.141106993,-7.62883037,83.37365827,20
45.124,0.141106993,-7.36395738,83.27365827,20.1
45.136,0.141106993,-7.132040937,83.30935914,20.1
45.149,0.141106993,-6.865947333,83.20935914,20.2
45.162,0.141106993,-6.601074343,83.11554765,20.2
45.174,0.141106993,-6.33498074,83.00935914,20.4
45.187,0.141106993,-6.070107749,82.91554765,20.4
45.2,0.141106993,-5.805234759,82.80935914,20.6
45.212,0.141106993,-5.506184608,82.80317063,20.7
45.225,0.141542508,-5.17417791,82.69698213,20.9
45.238,0.141542508,-4.842171213,82.70935914,20.7
45.251,0.141542508,-4.511385128,82.42697121,21.1
45.263,0.141542508,-4.17937843,82.33934823,21
45.276,0.141542508,-3.814415185,82.23315972,21.2
45.289,0.141542508,-3.416495393,82.13315972,21.3
45.301,0.141542508,-2.985619054,82.0688606,21.4
45.314,0.141542508,-2.587699262,82.0688606,21.4
45.327,0.141542508,-2.18977947,82.00456147,21.5
45.34,0.141542508,-1.790639065,81.90456147,21.6
45.352,0.141542508,-1.42567582,81.94026234,21.6
45.365,0.141542508,-1.061933188,81.86406292,21.7
45.378,0.141542508,-0.696969943,81.7997638,21.8
45.39,0.141542508,-0.364963245,81.83546467,21.8
45.403,0.142413539,-0.032956547,81.73546467,21.9
45.416,0.141542508,0.26487299,81.54165318,22
45.428,0.142413539,0.596879688,81.56545376,22
45.441,0.142413539,0.928886386,81.45926525,22.2
45.454,0.142413539,1.226715924,81.49496613,22.2
45.467,0.142413539,1.591679168,81.45926525,22.2
45.479,0.142849055,1.956642413,81.25926525,22.4
45.492,0.142413539,2.288649111,81.13546467,22.5
45.505,0.142849055,2.620655809,80.9997638,22.6
45.517,0.142849055,2.952662507,80.76406292,22.8
45.53,0.142849055,3.283448591,80.64026234,22.9
45.543,0.142849055,3.615455289,80.50456147,23
45.555,0.143720086,3.91450544,80.3688606,23.1
45.568,0.142849055,4.212334977,80.33315972,23.1
45.581,0.143720086,4.511385128,80.23315972,23.2
45.594,0.142849055,4.809214666,80.00935914,23.4
45.606,0.143720086,5.075308269,79.97365827,23.4
45.619,0.143720086,5.373137807,79.87365827,23.5
45.632,0.143720086,5.672187957,79.83176889,23.6
45.644,0.143720086,5.937060947,79.83795739,23.5
45.657,0.143720086,6.236111098,79.73176889,23.7
45.67,0.143720086,6.533940636,79.63795739,23.7
45.683,0.143720086,6.800034239,79.53795739,23.8
45.695,0.144155601,7.097863777,79.43795739,23.9
45.708,0.144155601,7.396913927,79.43795739,23.9
45.721,0.144155601,7.694743465,79.33176889,24.1
45.733,0.144155601,7.960837068,79.33795739,24
45.746,0.144155601,8.258666606,79.23795739,24.1
45.759,0.144155601,8.557716756,79.13795739,24.2
45.771,0.145026632,8.822589747,79.17365827,24.2
45.784,0.144155601,9.121639897,79.17365827,24.2
45.797,0.145026632,9.386512888,79.07365827,24.3
45.81,0.144155601,9.652606491,79.07365827,24.3
45.822,0.144155601,9.950436029,79.00935914,24.4
45.835,0.144155601,10.21652963,79.03315972,24.4
45.848,0.144155601,10.48140262,79.02697121,24.5
45.86,0.143720086,10.74749623,79.0688606,24.4
45.873,0.144155601,11.04532576,79.09837296,24.5
45.886,0.143720086,11.27724221,79.00456147,24.5
45.898,0.143720086,11.54333581,79.06406292,24.5
45.911,0.143720086,11.77525225,78.9997638,24.6
45.924,0.143720086,12.0071687,78.94165318,24.6
45.937,0.142849055,12.20612859,78.99496613,24.7
45.949,0.142849055,12.40508849,78.87255638,24.8
45.962,0.142849055,12.57109184,78.92586933,24.9
45.975,0.142413539,12.83718544,78.99155929,24.8
45.987,0.141542508,13.10205843,78.95058402,25.1
46,0.140235962,13.39988797,78.96296104,24.9
46.013,0.140235962,13.66598157,78.8924734,25.1
46.026,0.139800447,13.93085456,78.92246249,25
46.038,0.138929416,14.19694817,78.95197486,25.1
46.051,0.13762287,14.42886461,78.95816337,25
46.064,0.13762287,14.66078105,78.98767573,25.1
46.076,0.136316324,14.8926975,78.98767573,25.1
46.089,0.135880808,15.12583455,78.98148723,25.2
46.102,0.134138746,15.357751,79.02337661,25.1
46.114,0.133703231,15.55671089,79.02337661,25.1
46.127,0.132396685,15.75567079,78.94717719,25.2
46.14,0.132396685,15.95463068,79.23480017,25.1
46.153,0.131090139,16.15359058,79.13480017,25.2
46.165,0.130219108,16.35255048,78.94717719,25.2
46.178,0.128912562,16.55151037,78.97668955,25.3
46.191,0.128477046,16.71751372,78.98287806,25.2
46.203,0.127606015,16.88351707,78.91239043,25.4
46.216,0.126299469,17.08247697,78.92476744,25.2
46.229,0.125863954,17.24848031,78.91857894,25.3
46.241,0.124992923,17.44744021,78.91857894,25.3
46.254,0.123686377,17.61344356,78.91239043,25.4
46.267,0.12237983,17.77944691,78.81857894,25.4
46.28,0.1215088,17.94422964,78.83619101,25.5
46.292,0.121073284,18.11023299,78.84237952,25.4
46.305,0.119766738,18.24327979,78.74237952,25.5
46.318,0.118460192,18.3763266,78.74856802,25.4
46.33,0.117589161,18.54232995,78.77808039,25.5
46.343,0.116282615,18.67415613,78.7842689,25.4
46.356,0.115847099,18.80720294,78.77808039,25.5
46.369,0.114105038,18.90607258,78.77808039,25.5
46.381,0.114105038,19.03911938,78.77808039,25.5
46.394,0.112798491,19.13920963,78.81378126,25.5
46.407,0.112362976,19.27103582,78.81378126,25.5
46.419,0.11105643,19.37112608,78.81378126,25.5
46.432,0.110185399,19.46999572,78.81378126,25.5
46.445,0.108878853,19.57008597,78.94948214,25.4
46.457,0.108878853,19.66895561,78.94948214,25.4
46.47,0.107572306,19.76904587,78.94948214,25.4
46.483,0.107136791,19.86913612,78.84948214,25.5
46.496,0.10626576,19.93504922,78.84948214,25.5
46.508,0.105830245,20.03391886,78.84948214,25.5
46.521,0.104959214,20.10105257,78.84948214,25.5
46.534,0.104959214,20.16696566,78.84948214,25.5
46.546,0.103652668,20.23287876,78.84948214,25.5
46.559,0.102781637,20.30001246,78.84948214,25.5
46.572,0.102346122,20.33296901,78.81378126,25.5
46.584,0.102346122,20.3988821,78.81378126,25.5
46.597,0.101475091,20.43183865,78.81378126,25.5
46.61,0.101039575,20.46601581,78.81996977,25.4
46.623,0.100168544,20.49897236,78.81996977,25.4
46.635,0.100168544,20.53192891,78.77808039,25.5
46.648,0.099733029,20.56488545,78.87189188,25.5
46.661,0.099733029,20.56488545,78.97189188,25.4
46.673,0.099733029,20.56488545,78.93619101,25.4
46.686,0.098861998,20.597842,78.93619101,25.4
46.699,0.098861998,20.56488545,78.91239043,25.4
46.712,0.098426483,20.56488545,78.91857894,25.3
46.724,0.098426483,20.53192891,78.91239043,25.4
46.737,0.097555452,20.49897236,78.88287806,25.3
46.75,0.098426483,20.46601581,78.84717719,25.3
46.762,0.097555452,20.46601581,78.84717719,25.3
46.775,0.097555452,20.3988821,78.94098868,25.3
46.788,0.097555452,20.3988821,78.92337661,25.2
46.8,0.097555452,20.36592556,78.9171881,25.3
46.813,0.097119937,20.30001246,78.88767573,25.2
46.826,0.097555452,20.26705592,78.88767573,25.2
46.839,0.097119937,20.19992221,78.85816337,25.1
46.851,0.097119937,20.13400911,78.85197486,25.2
46.864,0.096248906,20.06809602,78.81627399,25.2
46.877,0.097119937,19.96800576,78.7924734,25.2
46.889,0.097119937,19.90209267,78.8924734,25.1
46.902,0.097119937,19.80200242,78.85677253,25.1
46.915,0.097119937,19.70313277,78.82107166,25.1
46.927,0.097119937,19.60304252,78.82107166,25.1
46.94,0.097119937,19.50417288,78.88537078,25
46.953,0.097119937,19.40408262,78.76775871,25
46.966,0.097555452,19.30521298,78.82586933,25
46.978,0.097119937,19.17216618,78.89016846,24.9
46.991,0.097555452,19.07207593,78.96017937,24.9
47.004,0.097119937,18.97320628,78.930667,24.8
47.016,0.097555452,18.84015948,78.98258911,24.9
47.029,0.097119937,18.70711268,78.85926525,24.8
47.042,0.097555452,18.60824304,78.82927616,24.9
47.055,0.097119937,18.47519624,78.8997638,24.7
47.067,0.097119937,18.34214944,78.76406292,24.8
47.08,0.097119937,18.21032325,78.70456147,24.8
47.093,0.097555452,18.0443199,78.7688606,24.7
47.105,0.097119937,17.87831655,78.83315972,24.6
47.118,0.097555452,17.74526975,78.83315972,24.6
47.131,0.097119937,17.5792664,78.80935914,24.6
47.143,0.097555452,17.41448366,78.87365827,24.5
47.156,0.098426483,17.28143686,78.73795739,24.6
47.169,0.097555452,17.11543351,78.7441459,24.5
47.182,0.097555452,16.94943016,78.72034532,24.5
47.194,0.098426483,16.78342681,78.78464444,24.4
47.207,0.097555452,16.61742347,78.77845594,24.5
47.22,0.098426483,16.45264073,78.78464444,24.4
47.232,0.098426483,16.25246022,78.77845594,24.5
47.245,0.098426483,16.08767749,78.78464444,24.4
47.258,0.098861998,15.92167414,78.77845594,24.5
47.27,0.098861998,15.75567079,78.77845594,24.5
47.283,0.098861998,15.55671089,78.77845594,24.5
47.296,0.098861998,15.39070754,78.87845594,24.4
47.309,0.099733029,15.19174765,78.77845594,24.5
47.321,0.099733029,14.99278775,78.87845594,24.4
47.334,0.101039575,14.8267844,78.77845594,24.5
47.347,0.101039575,14.62782451,78.77845594,24.5
47.359,0.101475091,14.42886461,78.77845594,24.5
47.372,0.101475091,14.19694817,78.77845594,24.5
47.385,0.102781637,13.99798827,78.77845594,24.5
47.398,0.102781637,13.79902837,78.87845594,24.4
47.41,0.103652668,13.56589132,78.87845594,24.4
47.423,0.103652668,13.30101833,78.87226743,24.5
47.436,0.104088183,13.03614534,78.97226743,24.4
47.448,0.104959214,12.77005173,78.77845594,24.5
47.461,0.10626576,12.4722222,78.77845594,24.5
47.474,0.107136791,12.1402155,78.87226743,24.5
47.486,0.107572306,11.84116535,78.87845594,24.4
47.499,0.108443337,11.51037926,78.87845594,24.4
47.512,0.108878853,11.17837257,78.87845594,24.4
47.525,0.110185399,10.84636587,78.87845594,24.4
47.537,0.11105643,10.48140262,78.87845594,24.4
47.55,0.112362976,10.14939592,78.87845594,24.4
47.563,0.112798491,9.81860984,78.77845594,24.5
47.575,0.114105038,9.453646595,78.87845594,24.4
47.588,0.114976068,9.08868335,78.91415681,24.4
47.601,0.116282615,8.756676652,78.91415681,24.4
47.613,0.117153645,8.391713407,78.91415681,24.4
47.626,0.118460192,8.026750163,78.91415681,24.4
47.639,0.118895707,7.661786918,78.91415681,24.4
47.652,0.120202253,7.331000833,78.82034532,24.4
47.664,0.121073284,6.966037588,78.9441459,24.3
47.677,0.12237983,6.601074343,78.93795739,24.4
47.69,0.122815346,6.236111098,79.03795739,24.3
47.702,0.124121892,5.9041044,79.03795739,24.3
47.715,0.124121892,5.572097703,79.07365827,24.3
47.728,0.125863954,5.241311618,79.06746976,24.4
47.741,0.126299469,4.876348373,79.17365827,24.2
47.753,0.127606015,4.544341675,79.16746976,24.3
47.766,0.127606015,4.212334977,79.17365827,24.2
47.779,0.128477046,3.847371732,79.30317063,24.2
47.791,0.128912562,3.482408487,79.30935914,24.1
47.804,0.129783592,3.151622403,79.40317063,24.1
47.817,0.130219108,2.786659158,79.40935914,24
47.829,0.130219108,2.421695913,79.40317063,24.1
47.842,0.131090139,2.089689215,79.40935914,24
47.855,0.131525654,1.72472597,79.40935914,24
47.868,0.131525654,1.359762725,79.40935914,24
47.88,0.132396685,0.99479948,79.40935914,24
47.893,0.1328322,0.662792783,79.37365827,24
47.906,0.133703231,0.299050151,79.37365827,24
47.918,0.134138746,-0.065913094,79.47365827,23.9
47.931,0.134138746,-0.430876339,79.47365827,23.9
47.944,0.135009777,-0.762883037,79.46746976,24
47.956,0.135009777,-1.127846282,79.47365827,23.9
47.969,0.135880808,-1.45985298,79.27365827,24.1
47.982,0.136316324,-1.824816225,79.27984677,24
47.995,0.137187354,-2.155602309,79.27365827,24.1
48.007,0.137187354,-2.487609007,79.37365827,24
48.02,0.138493901,-2.819615705,79.36746976,24.1
48.033,0.138493901,-3.151622403,79.37365827,24
48.045,0.138929416,-3.482408487,79.30935914,24.1
48.058,0.139800447,-3.781458638,79.30935914,24.1
48.071,0.140235962,-4.113465336,79.30935914,24.1
48.084,0.141106993,-4.444251421,79.20935914,24.2
48.096,0.141542508,-4.743301571,79.20935914,24.2
48.109,0.142413539,-5.075308269,79.32697121,24.2
48.122,0.142849055,-5.406094354,79.23315972,24.2
48.134,0.143720086,-5.738101051,79.22697121,24.3
48.147,0.143720086,-6.136020844,79.13315972,24.3
48.16,0.144155601,-6.533940636,79.12697121,24.4
48.172,0.145897663,-6.931860428,79.13934823,24.2
48.185,0.146333178,-7.331000833,79.03315972,24.4
48.198,0.146333178,-7.728920625,79.03934823,24.3
48.211,0.147639724,-8.126840417,79.12697121,24.4
48.223,0.147639724,-8.524760209,79.1688606,24.3
48.236,0.148510755,-8.922680001,79.0688606,24.4
48.249,0.14894627,-9.353556341,79.11074998,24.3
48.261,0.150252817,-9.78443268,79.20456147,24.3
48.274,0.150252817,-10.21652963,79.24026234,24.3
48.287,0.152430394,-10.61444942,79.36406292,24.2
48.299,0.152865909,-11.01236922,79.35787442,24.3
48.312,0.15373694,-11.34437591,79.2997638,24.3
48.325,0.154607971,-11.675162,79.29357529,24.4
48.338,0.155914517,-11.97421215,79.34165318,24.2
48.35,0.156350032,-12.2732623,79.33546467,24.3
48.363,0.157221063,-12.53813529,79.45926525,24.2
48.376,0.157656579,-12.83718544,79.55307675,24.2
48.388,0.158527609,-13.13501498,79.45926525,24.2
48.401,0.158963125,-13.43406513,79.58258911,24.3
48.414,0.160269671,-13.73189467,79.59496613,24.1
48.427,0.161140702,-13.99798827,79.58877762,24.2
48.439,0.162447248,-14.26286126,79.630667,24.1
48.452,0.162882764,-14.52773425,79.76017937,24.1
48.465,0.164624825,-14.79382785,79.79016846,24
48.477,0.165931371,-15.05870084,79.68397995,24.2
48.49,0.167673433,-15.29061729,79.72586933,24.1
48.503,0.168979979,-15.55671089,79.7615702,24.1
48.515,0.170286526,-15.82158388,79.78537078,24.1
48.528,0.172464103,-16.08767749,79.72107166,24.2
48.541,0.173770649,-16.35255048,79.75677253,24.2
48.554,0.175948226,-16.58446692,79.75677253,24.2
48.566,0.177254772,-16.81638336,79.81627399,24.2
48.579,0.179867865,-17.08247697,79.85197486,24.2
48.592,0.181174411,-17.31439341,79.78767573,24.3
48.604,0.183787503,-17.54630985,79.7533657,24.3
48.617,0.18596508,-17.74526975,79.78906657,24.3
48.63,0.188578173,-17.9784068,79.84237952,24.4
48.642,0.190320234,-18.21032325,79.87808039,24.4
48.655,0.192933327,-18.44223969,79.90759276,24.5
48.668,0.195110904,-18.67415613,79.97328272,24.4
48.681,0.198595027,-18.94024974,80.00898359,24.4
48.693,0.20120812,-19.17216618,79.94468447,24.5
48.706,0.204692243,-19.40408262,80.06229654,24.5
48.719,0.207305335,-19.63599907,80.06229654,24.5
48.731,0.210353943,-19.86913612,80.09799741,24.5
48.744,0.213402551,-20.06809602,80.09799741,24.5
48.757,0.216451159,-20.30001246,80.1398868,24.4
48.77,0.219935282,-20.46601581,80.0398868,24.5
48.782,0.223419406,-20.66497571,80.0398868,24.5
48.795,0.226032498,-20.83097906,80.17558767,24.4
48.808,0.229081106,-21.02993895,80.16939916,24.5
48.82,0.232565229,-21.19472169,80.17558767,24.4
48.833,0.236049353,-21.36072504,80.17558767,24.4
48.846,0.23909796,-21.52672839,80.17558767,24.4
48.858,0.242582084,-21.69273173,80.27558767,24.3
48.871,0.246066207,-21.82577854,80.27558767,24.3
48.884,0.2486793,-21.99178189,80.28177618,24.2
48.897,0.252598938,-22.12360807,80.27558767,24.3
48.909,0.255212031,-22.25665488,80.28177618,24.2
48.922,0.258696154,-22.35674513,80.27558767,24.3
48.935,0.261309246,-22.48857132,80.28177618,24.2
48.947,0.263922339,-22.62161812,80.27558767,24.3
48.96,0.266535431,-22.72170838,80.3460753,24.1
48.973,0.270019555,-22.85353456,80.43369829,24.2
48.985,0.272632647,-22.95362482,80.5398868,24
48.998,0.27611677,-23.05249446,80.53369829,24.1
49.011,0.278729863,-23.15258471,80.40418592,24.1
49.024,0.281342955,-23.21849781,80.50418592,24
49.036,0.283520532,-23.2844109,80.50418592,24
49.049,0.286133625,-23.38450116,80.60418592,23.9
49.062,0.288746717,-23.45041425,80.56848505,23.9
49.074,0.29135981,-23.48459141,80.56848505,23.9
49.087,0.293537387,-23.55050451,80.56229654,24
49.1,0.295279448,-23.6164176,80.64468447,23.8
49.113,0.297457026,-23.64937415,80.63849596,23.9
49.125,0.299199087,-23.68355131,80.55087297,23.8
49.138,0.301376664,-23.71650786,80.50898359,23.9
49.151,0.30268321,-23.71650786,80.5151721,23.8
49.163,0.303989757,-23.7494644,80.56709421,23.9
49.176,0.305296303,-23.7494644,80.57947123,23.7
49.189,0.306602849,-23.7494644,80.54329363,23.9
49.201,0.30747388,-23.78242095,80.54948214,23.8
49.214,0.308780426,-23.78242095,80.60759276,23.8
49.227,0.309215942,-23.7494644,80.51996977,23.7
49.24,0.310522488,-23.7494644,80.4842689,23.7
49.252,0.311393519,-23.71650786,80.44856802,23.7
49.265,0.312700065,-23.71650786,80.44856802,23.7
49.278,0.312700065,-23.68355131,80.54856802,23.6
49.29,0.314006611,-23.64937415,80.52476744,23.6
49.303,0.314006611,-23.58346105,80.51857894,23.7
49.316,0.314877642,-23.51754796,80.48906657,23.6
49.328,0.314877642,-23.48459141,80.48287806,23.7
49.341,0.315313157,-23.41745771,80.48906657,23.6
49.354,0.316184188,-23.35154461,80.58287806,23.6
49.367,0.316184188,-23.2844109,80.48906657,23.6
49.379,0.316619704,-23.18554126,80.44717719,23.7
49.392,0.316619704,-23.11962817,80.4533657,23.6
49.405,0.316619704,-23.01953791,80.54717719,23.6
49.417,0.316619704,-22.88649111,80.52337661,23.6
49.43,0.316619704,-22.78762147,80.42337661,23.7
49.443,0.316619704,-22.65457467,80.42956511,23.6
49.456,0.316619704,-22.52152787,80.42337661,23.7
49.468,0.316184188,-22.38970168,80.39386424,23.6
49.481,0.316619704,-22.25665488,80.38767573,23.7
49.494,0.316619704,-22.12360807,80.48767573,23.6
49.506,0.316619704,-21.95760473,80.45197486,23.6
49.519,0.316619704,-21.82577854,80.45197486,23.6
49.532,0.316619704,-21.69273173,80.31627399,23.7
49.544,0.316184188,-21.55968493,80.32246249,23.6
49.557,0.316619704,-21.42785874,80.41627399,23.6
49.57,0.316184188,-21.2618554,80.41627399,23.6
49.583,0.316619704,-21.0628955,80.3924734,23.6
49.595,0.316184188,-20.8639356,80.35677253,23.6
49.608,0.316184188,-20.63201916,80.35058402,23.7
49.621,0.316184188,-20.46601581,80.41488315,23.6
49.633,0.316184188,-20.26705592,80.28537078,23.6
49.646,0.314877642,-20.06809602,80.18537078,23.7
49.659,0.315313157,-19.90209267,80.1615702,23.7
49.671,0.314877642,-19.66895561,80.22586933,23.6
49.684,0.314877642,-19.46999572,80.18397995,23.7
49.697,0.314006611,-19.27103582,80.16636787,23.6
49.71,0.314006611,-19.03911938,80.030667,23.7
49.722,0.313571096,-18.84015948,79.85926525,23.8
49.735,0.313571096,-18.60824304,79.83546467,23.8
49.748,0.312700065,-18.3763266,79.67025143,23.8
49.76,0.312700065,-18.14318954,79.64026234,23.9
49.773,0.312700065,-17.9112731,79.4750491,23.9
49.786,0.312264549,-17.67935665,79.43934823,23.9
49.799,0.312264549,-17.44744021,79.40935914,24
49.811,0.312264549,-17.18134661,79.33795739,24
49.824,0.311393519,-16.94943016,79.31415681,24
49.837,0.310522488,-16.71751372,79.31415681,24
49.849,0.310522488,-16.45264073,79.17845594,24.1
49.862,0.310086972,-16.21950367,79.17845594,24.1
49.875,0.309215942,-15.98758723,79.07226743,24.3
49.887,0.308780426,-15.72271424,78.97845594,24.3
49.9,0.308780426,-15.45662064,78.97226743,24.4
49.913,0.307909395,-15.22470419,78.87845594,24.4
49.926,0.307909395,-14.9598312,78.87226743,24.5
49.938,0.306602849,-14.6937376,78.77845594,24.5
49.951,0.306602849,-14.42886461,78.77226743,24.6
49.964,0.305296303,-14.16277101,78.67845594,24.6
49.976,0.304860787,-13.89789802,78.47845594,24.8
49.989,0.304860787,-13.63302503,78.38464444,24.8
50.002,0.303554241,-13.36693142,78.37845594,24.9
50.014,0.30268321,-13.10205843,78.17845594,25.1
50.027,0.30268321,-12.77005173,78.17845594,25.1
50.04,0.302247695,-12.40508849,78.07845594,25.2
50.053,0.302247695,-12.04012524,77.87845594,25.4
50.065,0.301376664,-11.64220545,77.77845594,25.5
50.078,0.300505633,-11.24428566,77.57845594,25.7
50.091,0.300070118,-10.81340932,77.51415681,25.8
50.103,0.300070118,-10.38253298,77.32034532,25.9
50.116,0.300070118,-9.984613189,77.21415681,26.1
50.129,0.299199087,-9.552516237,77.02034532,26.2
50.142,0.298763572,-9.154596445,76.93795739,26.4
50.154,0.297892541,-8.723720105,76.8441459,26.4
50.167,0.297892541,-8.325800313,76.73795739,26.6
50.18,0.297892541,-7.960837068,76.7441459,26.5
50.192,0.297892541,-7.595873823,76.66746976,26.8
50.205,0.297457026,-7.230910578,76.67365827,26.7
50.218,0.297457026,-6.865947333,76.56746976,26.9
50.23,0.296585995,-6.500984088,76.47365827,26.9
50.243,0.297457026,-6.136020844,76.37365827,27
50.256,0.297457026,-5.771057599,76.30935914,27.1
50.269,0.297457026,-5.440271514,76.30935914,27.1
50.281,0.297457026,-5.042351722,76.20317063,27.3
50.294,0.297892541,-4.677388477,76.20935914,27.2
50.307,0.297892541,-4.312425232,76.10317063,27.4
50.319,0.297892541,-3.947461987,76.10935914,27.3
50.332,0.297892541,-3.582498742,76.00317063,27.5
50.345,0.297892541,-3.18457895,75.90935914,27.5
50.357,0.298763572,-2.71952545,75.83315972,27.6
50.37,0.298763572,-2.255692564,75.73934823,27.6
50.383,0.298763572,-1.824816225,75.63315972,27.8
50.396,0.298763572,-1.392719272,75.73315972,27.7
50.408,0.299199087,-0.99479948,75.63315972,27.8
50.421,0.299199087,-0.563923141,75.53315972,27.9
50.434,0.300070118,-0.166003349,75.53315972,27.9
50.446,0.300070118,0.231916443,75.43934823,27.9
50.459,0.301376664,0.629836235,75.43934823,27.9
50.472,0.301376664,1.027756028,75.50935914,27.9
50.484,0.302247695,1.426896432,75.50935914,27.9
50.497,0.302247695,1.824816225,75.47365827,27.9
50.51,0.303554241,2.255692564,75.37365827,28
50.523,0.303554241,2.686568903,75.23795739,28.1
50.535,0.303989757,3.151622403,75.12034532,28.1
50.548,0.304860787,3.648411836,75.07845594,28.2
50.561,0.305296303,4.113465336,74.88464444,28.3
50.573,0.305296303,4.577298222,74.84894357,28.3
50.586,0.306167334,5.042351722,74.84275506,28.4
50.599,0.306167334,5.473228061,74.84894357,28.3
50.612,0.306602849,5.871147853,74.87845594,28.4
50.624,0.306167334,6.302024192,74.97845594,28.3
50.637,0.306602849,6.699943985,74.97845594,28.3
50.65,0.306167334,7.097863777,74.97226743,28.4
50.662,0.306602849,7.495783569,74.97226743,28.4
50.675,0.306167334,7.860746814,75.01415681,28.3
50.688,0.306167334,8.225710059,74.91415681,28.4
50.7,0.306167334,8.590673304,75.01415681,28.3
50.713,0.306602849,8.955636548,75.0079683,28.4
50.726,0.306167334,9.320599793,75.11415681,28.2
50.739,0.306167334,9.652606491,75.03176889,28.4
50.751,0.306167334,10.01756974,75.0441459,28.2
50.764,0.306167334,10.38253298,75.07365827,28.3
50.777,0.306167334,10.71331907,75.07984677,28.2
50.789,0.306167334,11.04532576,75.30935914,28.1
50.802,0.306167334,11.37733246,75.33315972,28.1
50.815,0.305296303,11.70933916,75.40456147,28.1
50.827,0.304860787,12.04012524,75.46406292,28.1
50.84,0.303989757,12.30621885,75.55926525,28.1
50.853,0.303989757,12.63700493,75.530667,28.2
50.866,0.30268321,13.00196818,75.57255638,28.1
50.878,0.302247695,13.36693142,75.59635696,28.1
50.891,0.300505633,13.73189467,75.73205784,28
50.904,0.300070118,14.09685791,75.6615702,28.2
50.916,0.297892541,14.46182116,75.79155929,28
50.929,0.296585995,14.79382785,75.82107166,28.1
50.942,0.294843933,15.12583455,75.82107166,28.1
50.955,0.293537387,15.45662064,75.85058402,28.2
50.967,0.29135981,15.75567079,75.85677253,28.1
50.98,0.290053264,16.05350033,75.8924734,28.1
50.993,0.287875686,16.35255048,75.8924734,28.1
51.005,0.28656914,16.65160063,76.01008548,28.1
51.018,0.285262594,16.94943016,76.05197486,28
51.031,0.283520532,17.24848031,76.18148723,28
51.043,0.282213986,17.5133533,76.1171881,28.1
51.056,0.280036409,17.81240346,76.14717719,28
51.069,0.277858832,18.07727645,76.14717719,28
51.082,0.276552286,18.34214944,76.18287806,28
51.094,0.274810224,18.60824304,76.18287806,28
51.107,0.272632647,18.84015948,76.21857894,28
51.12,0.27045507,19.10503247,76.21857894,28
51.132,0.268713008,19.37112608,76.24856802,27.9
51.145,0.266535431,19.60304252,76.17808039,28.1
51.158,0.26479337,19.86913612,76.21996977,28
51.171,0.262615793,20.10105257,76.25567064,28
51.183,0.260438216,20.30001246,76.37947123,27.9
51.196,0.258696154,20.53192891,76.40898359,28
51.209,0.256518577,20.7308888,76.40898359,28
51.221,0.254776515,20.9298487,76.44468447,28
51.234,0.251727907,21.12880859,76.47467356,27.9
51.247,0.249985846,21.36072504,76.51037443,27.9
51.259,0.247808269,21.55968493,76.6398868,27.9
51.272,0.246066207,21.79282199,76.67558767,27.9
51.285,0.24388863,21.95760473,76.67558767,27.9
51.298,0.241711053,22.15778523,76.60557676,27.9
51.31,0.239968991,22.35674513,76.73508912,27.9
51.323,0.237355899,22.52152787,76.7769785,27.8
51.336,0.236049353,22.68753122,76.76460149,28
51.348,0.23343626,22.85353456,76.89459058,27.8
51.361,0.231694198,23.01953791,76.88840207,27.9
51.374,0.229952137,23.15258471,76.83647996,27.8
51.386,0.22777456,23.31858806,76.86599233,27.9
51.399,0.226032498,23.45041425,76.96599233,27.8
51.412,0.224725952,23.58346105,76.86599233,27.9
51.425,0.222548375,23.71650786,77.0016932,27.8
51.437,0.221241829,23.84833404,77.0016932,27.8
51.45,0.219064252,23.9484243,76.92549378,27.9
51.463,0.218628736,24.0814711,76.93168229,27.8
51.475,0.21732219,24.18034074,76.96119466,27.9
51.488,0.216015644,24.280431,76.96738316,27.8
51.501,0.213838067,24.37930064,77.06119466,27.8
51.514,0.21253152,24.47939089,77.19689553,27.7
51.526,0.211224974,24.54530399,77.09070702,27.9
51.539,0.209918428,24.64539424,77.19689553,27.7
51.552,0.208611882,24.71130734,77.09070702,27.9
51.564,0.207740851,24.77722043,77.22069611,27.7
51.577,0.205998789,24.84435414,77.19689553,27.7
51.59,0.205127758,24.87731068,77.10308404,27.7
51.602,0.204692243,24.94322378,77.29070702,27.7
51.615,0.202950181,24.97618033,77.29689553,27.6
51.628,0.202514666,24.97618033,77.19070702,27.8
51.641,0.201643635,25.01035749,77.19689553,27.7
51.653,0.20120812,25.01035749,77.16119466,27.7
51.666,0.20120812,24.34634409,77.13029145,27.6
51.679,0.207305335,20.13400911,77.05197486,27
51.691,0.216451159,15.88871759,76.4750491,26.9
51.704,0.224725952,13.93085456,76.11074998,27.3
51.717,0.224725952,14.92687466,76.46636787,27.3
51.729,0.224725952,16.12063403,76.38767573,27.7
51.742,0.223854921,16.38550702,76.38767573,27.7
51.755,0.223854921,16.18654713,76.21627399,27.8
51.768,0.223419406,15.85454043,76.22107166,27.7
51.78,0.223419406,15.95463068,76.22107166,27.7
51.793,0.223419406,16.12063403,76.15677253,27.8
51.806,0.223419406,16.38550702,76.2924734,27.7
51.818,0.222548375,16.71751372,76.31627399,27.7
51.831,0.223419406,17.18134661,76.28767573,27.8
51.844,0.222548375,17.81240346,76.4533657,27.6
51.856,0.223419406,18.67415613,76.64237952,27.6
51.869,0.222548375,19.76904587,76.70898359,27.7
51.882,0.221677344,20.99576179,76.96939916,27.7
51.895,0.219935282,22.19074178,77.05980382,27.8
51.907,0.219064252,23.31858806,77.25020848,27.8
51.92,0.217757705,24.280431,77.44061313,27.8
51.933,0.216451159,24.84435414,77.64771575,27.7
51.945,0.215144613,25.01035749,77.77151634,27.6
51.958,0.214709097,24.74426388,77.68250252,27.5
51.971,0.214709097,24.18034074,77.55159931,27.5
51.984,0.214709097,23.51754796,77.36119466,27.5
51.996,0.214709097,22.88649111,77.29459058,27.4
52.009,0.214709097,22.45561477,77.17558767,27.4
52.022,0.214709097,22.19074178,77.10418592,27.4
52.034,0.214709097,22.12360807,77.06848505,27.4
52.047,0.215144613,22.19074178,76.96848505,27.5
52.06,0.214709097,22.28961142,77.07467356,27.3
52.072,0.215144613,22.32256797,76.96848505,27.5
52.085,0.214709097,22.32256797,76.97467356,27.4
52.098,0.215144613,22.19074178,76.94468447,27.5
52.111,0.214709097,21.99178189,76.9151721,27.4
52.123,0.214709097,21.69273173,76.90759276,27.5
52.136,0.214709097,21.36072504,76.84237952,27.4
52.149,0.215144613,21.02993895,76.74717719,27.4
52.161,0.215144613,20.69793225,76.65816337,27.3
52.174,0.216015644,20.3988821,76.55677253,27.4
52.187,0.216015644,20.19992221,76.58537078,27.3
52.199,0.216015644,20.00096231,76.52586933,27.3
52.212,0.216451159,19.83495896,76.48397995,27.4
52.225,0.216451159,19.63599907,76.330667,27.4
52.238,0.21732219,19.43703917,76.29496613,27.4
52.25,0.21732219,19.20512273,76.24165318,27.3
52.263,0.217757705,18.94024974,76.16406292,27.4
52.276,0.218628736,18.64119959,76.0750491,27.3
52.288,0.219064252,18.30919289,76.00935914,27.4
52.301,0.219064252,18.01136335,75.97984677,27.3
52.314,0.219935282,17.7123132,75.93176889,27.5
52.327,0.220370798,17.41448366,75.8441459,27.4
52.339,0.221241829,17.14839006,75.83176889,27.6
52.352,0.221241829,16.88351707,75.83795739,27.5
52.365,0.222548375,16.58446692,75.83176889,27.6
52.377,0.223419406,16.28663738,75.73795739,27.6
52.39,0.224725952,15.98758723,75.73176889,27.7
52.403,0.224725952,15.68975769,75.73795739,27.6
52.415,0.226032498,15.357751,75.73795739,27.6
52.428,0.226468014,15.05870084,75.63795739,27.7
52.441,0.22777456,14.72669415,75.63795739,27.7
52.454,0.228645591,14.36295152,75.63795739,27.7
52.466,0.229952137,14.03094482,75.63795739,27.7
52.479,0.230387652,13.66598157,75.67365827,27.7
52.492,0.231694198,13.30101833,75.57365827,27.8
52.504,0.232565229,12.96901163,75.56746976,27.9
52.517,0.233871776,12.60404838,75.67365827,27.7
52.53,0.234742806,12.23908514,75.66746976,27.8
52.542,0.236049353,11.90829906,75.57365827,27.8
52.555,0.236484868,11.54333581,75.67365827,27.7
52.568,0.237791414,11.17837257,75.63795739,27.7
52.581,0.238662445,10.78045277,75.63176889,27.8
52.593,0.239968991,10.41548953,75.67365827,27.7
52.606,0.241275538,10.01756974,75.57365827,27.8
52.619,0.241711053,9.652606491,75.57984677,27.7
52.631,0.243453115,9.254686699,75.67365827,27.7
52.644,0.24388863,8.856766907,75.67365827,27.7
52.657,0.245195176,8.491803662,75.67365827,27.7
52.67,0.246066207,8.09388387,75.67365827,27.7
52.682,0.247808269,7.728920625,75.66746976,27.8
52.695,0.2486793,7.36395738,75.70935914,27.7
52.708,0.249114815,6.966037588,75.70935914,27.7
52.72,0.249985846,6.601074343,75.70935914,27.7
52.733,0.251292392,6.203154551,75.70935914,27.7
52.746,0.251727907,5.838191306,75.60935914,27.8
52.758,0.253469969,5.440271514,75.70935914,27.7
52.771,0.253469969,5.042351722,75.70935914,27.7
52.784,0.254776515,4.677388477,75.70935914,27.7
52.797,0.255212031,4.279468685,75.70935914,27.7
52.809,0.256518577,3.88032828,75.80935914,27.6
52.822,0.257389608,3.515365035,75.71554765,27.6
52.835,0.258696154,3.117445243,75.73934823,27.6
52.847,0.259131669,2.752481998,75.73315972,27.7
52.86,0.2600027,2.388739366,75.80935914,27.6
52.873,0.260438216,1.989598961,75.80935914,27.6
52.885,0.261309246,1.625856329,75.80317063,27.7
52.898,0.261744762,1.226715924,75.70935914,27.7
52.911,0.262615793,0.862973292,75.70317063,27.8
52.924,0.263486823,0.463832887,75.70935914,27.7
52.936,0.263922339,0.100090254,75.70935914,27.7
52.949,0.26479337,-0.26487299,75.67365827,27.7
52.962,0.266099916,-0.662792783,75.80935914,27.6
52.974,0.267406462,-1.027756028,75.80317063,27.7
52.987,0.267841978,-1.42567582,75.80935914,27.6
53,0.268713008,-1.790639065,75.70317063,27.8
53.013,0.269148524,-2.155602309,75.70935914,27.7
53.025,0.27045507,-2.520565554,75.70935914,27.7
53.038,0.271326101,-2.819615705,75.60935914,27.8
53.051,0.272197132,-3.18457895,75.63315972,27.8
53.063,0.272197132,-3.515365035,75.63315972,27.8
53.076,0.273503678,-3.847371732,75.62697121,27.9
53.089,0.273503678,-4.212334977,75.63315972,27.8
53.101,0.273939193,-4.610254769,75.53315972,27.9
53.114,0.274810224,-5.008174562,75.53934823,27.8
53.127,0.27524574,-5.406094354,75.40935914,28
53.14,0.27611677,-5.838191306,75.51554765,27.8
53.152,0.276552286,-6.269067645,75.50935914,27.9
53.165,0.277423317,-6.732900532,75.53934823,27.8
53.178,0.277858832,-7.197954031,75.43315972,28
53.19,0.278729863,-7.661786918,75.53934823,27.8
53.203,0.279165378,-8.126840417,75.5750491,27.8
53.216,0.280036409,-8.590673304,75.5688606,27.9
53.228,0.281342955,-9.021549643,75.70456147,27.8
53.241,0.282213986,-9.453646595,75.64026234,27.9
53.254,0.282649502,-9.81860984,75.74026234,27.8
53.267,0.283956048,-10.18357308,75.75787442,27.9
53.279,0.283956048,-10.51435917,75.86406292,27.7
53.292,0.285262594,-10.87932241,75.79357529,27.9
53.305,0.285262594,-11.24428566,75.9059523,27.6
53.317,0.28656914,-11.57629236,75.89357529,27.8
53.33,0.28656914,-11.90829906,75.8997638,27.7
53.343,0.287875686,-12.2732623,76.02927616,27.7
53.356,0.287875686,-12.63700493,76.03546467,27.6
53.368,0.289182233,-13.00196818,76.12927616,27.6
53.381,0.290053264,-13.33397487,76.05926525,27.6
53.394,0.29135981,-13.66598157,76.05926525,27.6
53.406,0.292230841,-14.03094482,76.15926525,27.5
53.419,0.293537387,-14.32877435,76.15926525,27.5
53.432,0.293972902,-14.62782451,76.19496613,27.5
53.444,0.295279448,-14.92687466,76.20115463,27.4
53.457,0.296150479,-15.22470419,76.330667,27.4
53.47,0.297457026,-15.55671089,76.37255638,27.3
53.483,0.298763572,-15.85454043,76.39016846,27.4
53.495,0.300070118,-16.12063403,76.49016846,27.3
53.508,0.301376664,-16.41846357,76.55538169,27.4
53.521,0.30268321,-16.68455717,76.58537078,27.3
53.533,0.303554241,-16.94943016,76.65058402,27.4
53.546,0.304860787,-17.21552377,76.59866191,27.3
53.559,0.306602849,-17.5133533,76.55197486,27.5
53.571,0.307909395,-17.74526975,76.52956511,27.5
53.584,0.310522488,-18.01136335,76.71857894,27.5
53.597,0.312264549,-18.30919289,76.74237952,27.5
53.61,0.314877642,-18.57528649,76.80759276,27.6
53.622,0.316619704,-18.87311603,76.84329363,27.6
53.635,0.320103827,-19.17216618,76.90898359,27.5
53.648,0.322281404,-19.43703917,76.96848505,27.5
53.66,0.324894496,-19.70313277,77.00418592,27.5
53.673,0.326636558,-19.96800576,76.97558767,27.6
53.686,0.32924965,-20.23287876,77.10557676,27.4
53.699,0.332298258,-20.46601581,77.04127763,27.5
53.711,0.334911351,-20.69793225,77.1769785,27.4
53.724,0.336653412,-20.9298487,77.19459058,27.5
53.737,0.340137536,-21.12880859,77.23029145,27.5
53.749,0.342315113,-21.36072504,77.36599233,27.4
53.762,0.345363721,-21.55968493,77.5016932,27.3
53.775,0.347541298,-21.69273173,77.52549378,27.3
53.787,0.35015439,-20.16696566,76.89459058,27.8
53.8,0.351025421,-18.1773667,76.56848505,27.9
53.813,0.351025421,-16.98238671,76.08287806,28.1
53.826,0.35015439,-17.54630985,76.54237952,27.7
53.838,0.351025421,-17.64640011,76.57808039,27.7
53.851,0.351460936,-17.44744021,76.37808039,27.9
53.864,0.351460936,-17.44744021,76.47808039,27.8
53.876,0.352767483,-17.41448366,76.44237952,27.8
53.889,0.353638513,-17.44744021,76.44237952,27.8
53.902,0.354074029,-17.44744021,76.41857894,27.8
53.914,0.35494506,-17.5133533,76.51857894,27.7
53.927,0.356251606,-17.5792664,76.61857894,27.6
53.94,0.356687121,-17.64640011,76.57668955,27.7
53.953,0.357993668,-17.7123132,76.58287806,27.6
53.965,0.357993668,-17.87831655,76.58287806,27.6
53.978,0.358864698,-18.01136335,76.48287806,27.7
53.991,0.359300214,-17.9784068,76.54717719,27.6
54.003,0.359300214,-17.94422964,76.52337661,27.6
54.016,0.360171245,-18.01136335,76.68767573,27.4
54.029,0.361042275,-18.44223969,76.75197486,27.3
54.042,0.361477791,-19.33816953,76.92337661,27.2
54.054,0.364961914,-20.66497571,77.43619101,26.9
54.067,0.372801192,-22.15778523,78.06848505,26.4
54.08,0.388044231,-23.48459141,78.67079,26
54.092,0.408948971,-24.51234744,78.9016932,25.9
54.105,0.42898268,-25.17514022,79.06119466,25.8
54.118,0.444225719,-25.50714692,79.19689553,25.7
54.13,0.45554912,-25.64019372,79.06119466,25.8
54.143,0.461646335,-25.57428063,79.03168229,25.7
54.156,0.465565974,-25.40827728,78.86599233,25.9
54.169,0.467743551,-25.20931738,78.93029145,25.8
54.181,0.469050097,-25.07627058,78.89459058,25.8
54.194,0.470356644,-25.01035749,78.77079,25.9
54.207,0.471227674,-25.01035749,78.77079,25.9
54.219,0.472534221,-25.07627058,78.86460149,25.9
54.232,0.472969736,-25.17514022,78.73508912,25.9
54.245,0.474276282,-25.30818702,78.73508912,25.9
54.257,0.475582828,-25.37410012,78.74127763,25.8
54.27,0.476889375,-25.37410012,78.82890062,25.9
54.283,0.478631436,-25.34114357,78.73508912,25.9
54.296,0.479066952,-25.24227393,78.79319974,25.9
54.308,0.479937983,-25.10922713,78.69938825,25.9
54.321,0.480373498,-25.01035749,78.67558767,25.9
54.334,0.480373498,-24.91026723,78.58177618,25.9
54.346,0.481244529,-24.81017698,78.5398868,26
54.359,0.481244529,-24.74426388,78.5398868,26
54.372,0.481680044,-24.71130734,78.5398868,26
54.385,0.481680044,-24.64539424,78.50418592,26
54.397,0.482551075,-24.57826053,78.50418592,26
54.41,0.482551075,-24.47939089,78.50418592,26
54.423,0.482551075,-24.37930064,78.50418592,26
54.435,0.48298659,-24.21329729,78.56229654,26
54.448,0.482551075,-24.04729394,78.46848505,26
54.461,0.48298659,-23.8825112,78.43849596,26.1
54.473,0.48298659,-23.7494644,78.44468447,26
54.486,0.48298659,-23.6164176,78.43849596,26.1
54.499,0.482551075,-23.48459141,78.44468447,26
54.512,0.482551075,-23.35154461,78.30898359,26.1
54.524,0.482551075,-23.25145436,78.3151721,26
54.537,0.482551075,-23.08545101,78.17328272,26.2
54.55,0.482551075,-22.92066827,78.27328272,26.1
54.562,0.482551075,-22.75466492,78.24948214,26.1
54.575,0.481680044,-22.55570503,78.14948214,26.2
54.588,0.482551075,-22.35674513,78.11996977,26.1
54.6,0.481680044,-22.12360807,78.11378126,26.2
54.613,0.481680044,-21.92464818,78.07808039,26.2
54.626,0.481680044,-21.72568828,78.04237952,26.2
54.639,0.481244529,-21.52672839,77.91857894,26.3
54.651,0.481244529,-21.32776849,78.01239043,26.3
54.664,0.481244529,-21.09585205,77.88287806,26.3
54.677,0.480373498,-20.89689215,77.97668955,26.3
54.689,0.481244529,-20.66497571,77.94717719,26.2
54.702,0.480373498,-20.43183865,77.8171881,26.4
54.715,0.479937983,-20.19992221,77.68767573,26.4
54.728,0.479937983,-19.96800576,77.64578635,26.5
54.74,0.479066952,-19.70313277,77.4924734,26.5
54.753,0.479066952,-19.46999572,77.45058402,26.6
54.766,0.479066952,-19.20512273,77.28537078,26.6
54.778,0.478631436,-18.94024974,77.12586933,26.7
54.791,0.477760406,-18.70711268,76.99635696,26.7
54.804,0.477760406,-18.44223969,76.93685551,26.7
54.816,0.477760406,-18.14318954,76.76545376,26.8
54.829,0.476889375,-17.87831655,76.73546467,26.9
54.842,0.476453859,-17.5792664,76.56406292,27
54.855,0.476453859,-17.28143686,76.40456147,27.1
54.867,0.475582828,-17.01534326,76.33315972,27.1
54.88,0.475582828,-16.71751372,76.17984677,27.1
54.893,0.474276282,-16.41846357,76.03795739,27.3
54.905,0.474276282,-16.15359058,75.92034532,27.3
54.918,0.473840767,-15.85454043,75.87845594,27.4
54.931,0.473840767,-15.55671089,75.87226743,27.5
54.943,0.472969736,-15.25766074,75.77226743,27.6
54.956,0.472534221,-14.9598312,75.67845594,27.6
54.969,0.47166319,-14.6937376,75.47845594,27.8
54.982,0.471227674,-14.36295152,75.37845594,27.9
54.994,0.470356644,-14.03094482,75.27845594,28
55.007,0.469921128,-13.66598157,75.17845594,28.1
55.02,0.469050097,-13.30101833,75.11415681,28.2
55.032,0.468614582,-12.90309854,75.0079683,28.4
55.045,0.46687252,-12.53813529,74.9079683,28.5
55.058,0.466437005,-12.10725895,74.7079683,28.7
55.071,0.465565974,-11.675162,74.6079683,28.8
55.083,0.465130459,-11.21132911,74.53176889,28.9
55.096,0.463823912,-10.78045277,74.33795739,29
55.109,0.462952882,-10.34835582,74.23795739,29.1
55.121,0.462952882,-9.950436029,74.17365827,29.2
55.134,0.462517366,-9.585472784,74.07365827,29.3
55.147,0.461646335,-9.287643246,74.07365827,29.3
55.159,0.461646335,-8.955636548,74.07365827,29.3
55.172,0.46121082,-8.623629851,74.07365827,29.3
55.185,0.46121082,-8.292843766,74.17365827,29.2
55.198,0.46121082,-7.927880521,74.17365827,29.2
55.21,0.460339789,-7.562917276,74.27984677,29
55.223,0.460339789,-7.197954031,74.37365827,29
55.236,0.459904274,-6.800034239,74.37365827,29
55.248,0.459904274,-6.402114447,74.46746976,29
55.261,0.459033243,-6.004194655,74.47365827,28.9
55.274,0.459033243,-5.63923141,74.56746976,28.9
55.286,0.459033243,-5.241311618,74.37984677,28.9
55.299,0.459033243,-4.876348373,74.50935914,28.9
55.312,0.458597727,-4.478428581,74.51554765,28.8
55.325,0.458597727,-4.146421883,74.50935914,28.9
55.337,0.458597727,-3.781458638,74.50935914,28.9
55.35,0.458597727,-3.416495393,74.40935914,29
55.363,0.458597727,-3.084488695,74.40935914,29
55.375,0.458597727,-2.71952545,74.41554765,28.9
55.388,0.458597727,-2.388739366,74.40935914,29
55.401,0.459033243,-2.023776121,74.31554765,29
55.414,0.459033243,-1.658812876,74.30935914,29.1
55.426,0.459904274,-1.260893084,74.11554765,29.2
55.439,0.460339789,-0.795839584,73.96128125,29.6
55.452,0.46121082,-0.299050151,73.71415681,29.6
55.464,0.462517366,0.133046802,73.56607892,29.9
55.477,0.462952882,0.596879688,73.18464444,30
55.49,0.465130459,0.99479948,73.07845594,30.2
55.502,0.465565974,1.359762725,72.98464444,30.2
55.515,0.467743551,1.757682517,72.77845594,30.5
55.528,0.469050097,2.155602309,72.72034532,30.5
55.541,0.470356644,2.553522102,72.51415681,30.8
55.553,0.47166319,2.952662507,72.41415681,30.9
55.566,0.473840767,3.350582299,72.23795739,31.1
55.579,0.474276282,3.715545544,72.17365827,31.2
55.591,0.476453859,4.079288176,72.07984677,31.2
55.604,0.476889375,4.478428581,71.87365827,31.5
55.617,0.478631436,4.842171213,71.81554765,31.5
55.629,0.479066952,5.274268165,71.70935914,31.7
55.642,0.480373498,5.705144504,71.51554765,31.8
55.655,0.481244529,6.168977391,71.40935914,32
55.668,0.481680044,6.568117796,71.23934823,32.1
55.68,0.482551075,6.998994135,71.13315972,32.3
55.693,0.482551075,7.429870474,71.03934823,32.3
55.706,0.482551075,7.860746814,70.83315972,32.6
55.718,0.482551075,8.258666606,70.73934823,32.6
55.731,0.482551075,8.690763558,70.6688606,32.8
55.744,0.482551075,9.055726803,70.7688606,32.7
55.757,0.48298659,9.420690048,70.66267209,32.9
55.769,0.482551075,9.78443268,70.60456147,32.9
55.782,0.482551075,10.14939592,70.49837296,33.1
55.795,0.482551075,10.48140262,70.44026234,33.1
55.807,0.482551075,10.81340932,70.3997638,33.2
55.82,0.482551075,11.14541602,70.35926525,33.3
55.833,0.482551075,11.4762021,70.330667,33.4
55.845,0.481680044,11.84116535,70.29016846,33.5
55.858,0.481680044,12.20612859,70.2615702,33.6
55.871,0.481244529,12.57109184,70.18537078,33.7
55.884,0.481244529,12.93605508,70.12107166,33.8
55.896,0.479937983,13.30101833,70.05677253,33.9
55.909,0.479066952,13.66598157,69.9924734,34
55.922,0.477760406,13.99798827,70.01627399,34
55.934,0.476889375,14.32877435,70.05197486,34
55.947,0.475582828,14.66078105,70.09386424,33.9
55.96,0.474276282,14.9598312,70.02337661,34.1
55.972,0.472534221,15.25766074,70.0533657,34
55.985,0.471227674,15.58966744,70.08287806,34.1
55.998,0.469050097,15.88871759,70.01857894,34.2
56.011,0.46687252,16.18654713,70.04237952,34.2
56.023,0.465130459,16.48559728,70.10759276,34.3
56.036,0.463823912,16.78342681,70.04329363,34.4
56.049,0.461646335,17.08247697,70.00279509,34.5
56.061,0.459904274,17.34734996,69.94468447,34.5
56.074,0.457726697,17.64640011,69.86229654,34.7
56.087,0.45554912,17.94422964,69.83369829,34.8
56.1,0.453807058,18.21032325,69.86939916,34.8
56.112,0.451193965,18.47519624,69.73508912,34.9
56.125,0.449016388,18.74128984,69.67079,35
56.138,0.446403296,19.00616283,69.83029145,34.9
56.15,0.444225719,19.27103582,69.65980382,35.2
56.163,0.442483657,19.50417288,69.7016932,35.1
56.176,0.44030608,19.73608932,69.75500615,35.2
56.188,0.437692988,19.96800576,69.69689553,35.2
56.201,0.435515411,20.16696566,69.75020848,35.3
56.214,0.432902318,20.3988821,69.69209786,35.3
56.227,0.431160257,20.63201916,69.64541081,35.5
56.239,0.428111649,20.8639356,69.72918957,35.3
56.252,0.426369587,21.0628955,69.64680164,35.5
56.265,0.423756495,21.0628955,69.68869102,35.4
56.277,0.423756495,18.70711268,69.7016932,35.1
56.29,0.42419201,16.21950367,69.45567064,34.8
56.303,0.425498556,15.19174765,69.74237952,34.5
56.315,0.425498556,16.18654713,69.54468447,34.9
56.328,0.425498556,16.68455717,69.5398868,35
56.341,0.425498556,16.65160063,69.56848505,34.9
56.354,0.426369587,16.58446692,69.56848505,34.9
56.366,0.426369587,16.38550702,69.44468447,35
56.379,0.426369587,16.21950367,69.30898359,35.1
56.392,0.426369587,16.25246022,69.30898359,35.1
56.404,0.425498556,16.58446692,69.50418592,35
56.417,0.425498556,16.94943016,69.66939916,35
56.43,0.425498556,17.28143686,69.82890062,34.9
56.443,0.425498556,17.77944691,69.88221357,35
56.455,0.425063041,18.67415613,69.96119466,34.9
56.468,0.425063041,19.66895561,69.99209786,35
56.481,0.423756495,20.66497571,70.02918957,35
56.493,0.421578918,21.75864483,70.27151634,35.1
56.506,0.415046186,22.92066827,70.48000979,35
56.519,0.405029332,23.91546775,70.69992682,35.1
56.531,0.394141447,24.61121708,70.93701853,34.9
56.544,0.385431138,25.07627058,71.03222086,34.9
56.557,0.379333923,25.34114357,71.05602144,34.9
56.57,0.375414284,25.37410012,71.05602144,34.9
56.582,0.373672222,25.27523048,71.09651998,34.8
56.595,0.372365676,25.07627058,71.00131765,34.8
56.608,0.37105913,24.91026723,70.92991591,34.8
56.62,0.370188099,24.84435414,70.91230383,34.7
56.633,0.369317068,24.84435414,70.87041445,34.8
56.646,0.368881553,24.91026723,70.87660296,34.7
56.658,0.368010522,25.07627058,70.90611532,34.8
56.671,0.367575007,25.24227393,70.93610441,34.7
56.684,0.36626846,25.37410012,71.06561678,34.7
56.697,0.364961914,25.47419037,71.10131765,34.7
56.709,0.364090883,25.50714692,71.10131765,34.7
56.722,0.362784337,25.47419037,71.10750616,34.6
56.735,0.362348822,25.40827728,71.06561678,34.7
56.747,0.361042275,25.30818702,71.10611532,34.6
56.76,0.361042275,25.24227393,71.10611532,34.6
56.773,0.361042275,25.17514022,71.07041445,34.6
56.786,0.360171245,25.10922713,71.03471358,34.6
56.798,0.360171245,25.10922713,71.110913,34.5
56.811,0.360171245,25.07627058,71.010913,34.6
56.824,0.359300214,25.07627058,71.06902361,34.6
56.836,0.359300214,25.04331403,71.07521212,34.5
56.849,0.358864698,25.01035749,71.03332274,34.6
56.862,0.358864698,24.91026723,71.10381038,34.4
56.874,0.358864698,24.84435414,71.09762187,34.5
56.887,0.358864698,24.74426388,71.17382129,34.4
56.9,0.358864698,24.61121708,71.04430892,34.4
56.913,0.358864698,24.51234744,71.00860805,34.4
56.925,0.358864698,24.37930064,71.00860805,34.4
56.938,0.358864698,24.280431,70.97290717,34.4
56.951,0.357993668,24.14738419,71.04910659,34.3
56.963,0.358864698,24.04729394,71.00721721,34.4
56.976,0.358864698,23.91546775,70.97151634,34.4
56.989,0.358864698,23.78242095,70.94771575,34.4
57.001,0.357993668,23.64937415,70.87631401,34.4
57.014,0.357993668,23.51754796,70.84061313,34.4
57.027,0.357993668,23.38450116,70.82300106,34.3
57.04,0.357993668,23.21849781,70.75159931,34.3
57.052,0.358864698,23.05249446,70.72779873,34.3
57.065,0.358864698,22.85353456,70.65639698,34.3
57.078,0.358864698,22.68753122,70.62069611,34.3
57.09,0.358864698,22.52152787,70.56119466,34.3
57.103,0.358864698,22.32256797,70.5016932,34.3
57.116,0.358864698,22.15778523,70.46599233,34.3
57.129,0.359300214,21.95760473,70.39459058,34.3
57.141,0.359300214,21.72568828,70.33508912,34.3
57.154,0.360171245,21.52672839,70.27558767,34.3
57.167,0.359300214,21.29481194,70.30418592,34.2
57.179,0.360171245,21.0628955,70.24468447,34.2
57.192,0.360171245,20.8639356,70.17328272,34.2
57.205,0.361042275,20.63201916,70.11378126,34.2
57.217,0.361042275,20.43183865,70.04237952,34.2
57.23,0.361477791,20.19992221,69.98287806,34.2
57.243,0.361042275,19.93504922,69.82956511,34.2
57.256,0.362348822,19.70313277,69.75816337,34.2
57.268,0.362348822,19.46999572,69.7924734,34.2
57.281,0.362784337,19.23807927,69.68537078,34.2
57.294,0.363655368,18.97320628,69.62586933,34.2
57.306,0.364090883,18.70711268,69.66017937,34.2
57.319,0.364090883,18.44223969,69.59496613,34.1
57.332,0.36539743,18.1773667,69.52927616,34.2
57.344,0.36626846,17.87831655,69.36406292,34.2
57.357,0.366703976,17.61344356,69.30456147,34.2
57.37,0.367575007,17.34734996,69.23315972,34.2
57.383,0.368010522,17.04952042,69.20935914,34.2
57.395,0.369317068,16.75047027,69.13176889,34.3
57.408,0.370188099,16.45264073,69.1079683,34.3
57.421,0.371494645,16.15359058,69.2079683,34.2
57.433,0.372365676,15.85454043,69.01415681,34.3
57.446,0.373672222,15.55671089,69.0079683,34.4
57.459,0.374107738,15.22470419,69.01415681,34.3
57.472,0.375414284,14.92687466,68.9079683,34.5
57.484,0.376285315,14.56191141,68.91415681,34.4
57.497,0.377591861,14.22990471,68.9079683,34.5
57.51,0.378027376,13.86494147,68.81415681,34.5
57.522,0.379333923,13.46702168,68.8079683,34.6
57.535,0.381075984,13.10205843,68.83795739,34.5
57.548,0.382382531,12.70413864,68.73795739,34.6
57.56,0.383689077,12.30621885,68.73795739,34.6
57.573,0.384995623,11.90829906,68.73795739,34.6
57.586,0.385431138,11.51037926,68.63795739,34.7
57.599,0.387608716,11.11123886,68.6441459,34.6
57.611,0.388044231,10.71331907,68.53795739,34.8
57.624,0.389786293,10.34835582,68.5441459,34.7
57.637,0.391092839,10.01756974,68.57365827,34.8
57.649,0.391528354,9.652606491,68.47984677,34.8
57.662,0.3928349,9.287643246,68.47365827,34.9
57.675,0.393705931,8.955636548,68.47984677,34.8
57.687,0.395012478,8.557716756,68.37365827,35
57.7,0.396319024,8.192753511,68.37984677,34.9
57.713,0.396754539,7.827790266,68.37365827,35
57.726,0.39762557,7.429870474,68.37365827,35
57.738,0.399803147,7.064907229,68.33795739,35
57.751,0.400238662,6.666987437,68.37365827,35
57.764,0.401109693,6.302024192,68.37365827,35
57.776,0.402416239,5.9041044,68.27365827,35.1
57.789,0.402851755,5.506184608,68.27365827,35.1
57.802,0.403722786,5.108264816,68.30935914,35.1
57.815,0.405029332,4.710345024,68.37365827,35
57.827,0.405464847,4.345381779,68.40317063,35.1
57.84,0.406771394,3.947461987,68.40935914,35
57.853,0.407642424,3.549542195,68.30317063,35.2
57.865,0.40807794,3.18457895,68.30935914,35.1
57.878,0.409820001,2.819615705,68.30317063,35.2
57.891,0.410255517,2.421695913,68.40935914,35
57.903,0.411126548,2.056732668,68.30317063,35.2
57.916,0.411562063,1.658812876,68.30935914,35.1
57.929,0.412868609,1.260893084,68.30317063,35.2
57.942,0.412868609,0.895929839,68.20935914,35.2
57.954,0.414175156,0.530966594,68.10317063,35.4
57.967,0.414175156,0.166003349,68.10935914,35.3
57.98,0.415481702,-0.231916443,68.00935914,35.4
57.992,0.416352733,-0.596879688,67.90935914,35.5
58.005,0.416788248,-0.99479948,67.90935914,35.5
58.018,0.417659279,-1.359762725,67.80935914,35.6
58.03,0.418094794,-1.757682517,67.70935914,35.7
58.043,0.418965825,-2.122645762,67.60935914,35.8
58.056,0.420272371,-2.421695913,67.51554765,35.8
58.069,0.420272371,-2.71952545,67.40935914,36
58.081,0.421578918,-2.985619054,67.43315972,36
58.094,0.421578918,-3.250492044,67.43315972,36
58.107,0.422449948,-3.515365035,67.33315972,36.1
58.119,0.421578918,-3.814415185,67.3688606,36.1
58.132,0.422449948,-4.146421883,67.2688606,36.2
58.145,0.422449948,-4.577298222,67.36267209,36.2
58.158,0.422885464,-5.141221363,67.36267209,36.2
58.17,0.423756495,-5.738101051,67.26267209,36.3
58.183,0.42419201,-6.33498074,67.16267209,36.4
58.196,0.425063041,-6.931860428,67.0688606,36.4
58.208,0.425498556,-7.462827022,66.9688606,36.5
58.221,0.426805102,-7.960837068,67.00456147,36.5
58.234,0.427676133,-8.424669955,66.99837296,36.6
58.246,0.428111649,-8.822589747,66.90456147,36.6
58.259,0.42985371,-9.187552992,66.94026234,36.6
58.272,0.430289226,-9.519559689,66.86406292,36.7
58.285,0.431160257,-9.851566387,66.9059523,36.6
58.297,0.431160257,-10.18357308,66.8997638,36.7
58.31,0.431595772,-10.54731572,67.03546467,36.6
58.323,0.432466803,-10.87932241,67.02927616,36.7
58.335,0.432902318,-11.24428566,67.15926525,36.5
58.348,0.433773349,-11.6092489,67.15926525,36.5
58.361,0.433773349,-11.97421215,67.29496613,36.4
58.373,0.435079895,-12.33917539,67.29496613,36.4
58.386,0.435079895,-12.67118209,67.39496613,36.3
58.399,0.435515411,-13.03614534,67.48877762,36.3
58.412,0.436386442,-13.36693142,67.59496613,36.1
58.424,0.436821957,-13.69893812,67.72447849,36.1
58.437,0.437692988,-14.03094482,67.86636787,35.9
58.45,0.438128503,-14.36295152,67.86636787,35.9
58.462,0.438999534,-14.66078105,67.86636787,35.9
58.475,0.439870565,-14.9598312,68.09016846,35.7
58.488,0.439870565,-15.25766074,68.22586933,35.6
58.501,0.44030608,-15.55671089,68.3615702,35.5
58.513,0.441177111,-15.82158388,68.48537078,35.4
58.526,0.441612626,-16.12063403,68.52107166,35.4
58.539,0.442919173,-16.38550702,68.65058402,35.4
58.551,0.443790204,-16.65160063,68.61627399,35.4
58.564,0.44509675,-16.94943016,68.7171881,35.5
58.577,0.446403296,-17.21552377,68.6533657,35.4
58.589,0.447709842,-17.5133533,68.73619101,35.6
58.602,0.449887419,-17.77944691,68.81378126,35.5
58.615,0.451629481,-18.07727645,68.86709421,35.6
58.628,0.453807058,-18.3763266,68.95087297,35.4
58.64,0.45554912,-18.67415613,68.99799741,35.6
58.653,0.457726697,-18.94024974,69.08177618,35.4
58.666,0.460339789,-19.23807927,69.33508912,35.3
58.678,0.462517366,-19.50417288,69.40077909,35.2
58.691,0.465130459,-19.73608932,69.53029145,35.2
58.704,0.46687252,-20.00096231,69.7016932,35.1
58.716,0.469921128,-20.26705592,69.72549378,35.1
58.729,0.472534221,-20.53192891,69.99070702,35
58.742,0.475582828,-20.76384535,70.0145076,35
58.755,0.478631436,-20.99576179,70.15639698,34.8
58.767,0.481244529,-21.16176514,70.22779873,34.8
58.78,0.48298659,-20.3988821,69.92161022,35.2
58.793,0.483857621,-18.67415613,69.39689553,35.5
58.805,0.483857621,-17.31439341,68.56599233,36.2
58.818,0.48298659,-17.67935665,69.03029145,35.7
58.831,0.483857621,-17.67935665,68.72410295,36.1
58.844,0.483857621,-17.48039676,68.73647996,35.9
58.856,0.484293137,-17.34734996,68.79459058,35.9
58.869,0.484293137,-17.41448366,68.80077909,35.8
58.882,0.484293137,-17.44744021,68.77079,35.9
58.894,0.485164168,-17.48039676,68.7769785,35.8
58.907,0.485599683,-17.54630985,68.83508912,35.8
58.92,0.485599683,-17.61344356,68.84127763,35.7
58.932,0.485599683,-17.64640011,68.89938825,35.7
58.945,0.485599683,-17.64640011,68.87558767,35.7
58.958,0.486470714,-17.61344356,68.87558767,35.7
58.971,0.486470714,-17.61344356,68.87558767,35.7
58.983,0.486906229,-17.5792664,68.87558767,35.7
58.996,0.486470714,-17.77944691,68.9398868,35.6
59.009,0.48777726,-18.50815279,69.27558767,35.3
59.021,0.48777726,-19.76904587,69.87079,34.8
59.034,0.490390352,-21.22889885,70.62549378,34.2
59.047,0.496923084,-22.48857132,71.45159931,33.6
59.059,0.509988546,-23.55050451,72.15390426,33.1
59.072,0.523925039,-24.34634409,72.70860805,32.7
59.085,0.537861532,-24.91026723,73.00381038,32.5
59.098,0.547878387,-25.20931738,73.23951125,32.3
59.11,0.555717664,-25.34114357,73.43951125,32.1
59.123,0.56181488,-25.34114357,73.43332274,32.2
59.136,0.565299003,-25.27523048,73.43951125,32.1
59.148,0.56747658,-25.17514022,73.40381038,32.1
59.161,0.569218642,-25.07627058,73.28000979,32.2
59.174,0.570089673,-25.07627058,73.28000979,32.2
59.187,0.571831734,-25.10922713,73.27382129,32.3
59.199,0.572702765,-25.20931738,73.23812041,32.3
59.212,0.574444827,-25.30818702,73.27382129,32.3
59.225,0.576622404,-25.40827728,73.38000979,32.1
59.237,0.57792895,-25.47419037,73.38000979,32.1
59.25,0.580106527,-25.50714692,73.38000979,32.1
59.263,0.581413073,-25.44123383,73.28000979,32.2
59.275,0.58271962,-25.37410012,73.28000979,32.2
59.288,0.583155135,-25.30818702,73.34430892,32.1
59.301,0.584026166,-25.20931738,73.33812041,32.2
59.314,0.584461681,-25.17514022,73.24430892,32.2
59.326,0.585332712,-25.10922713,73.20860805,32.2
59.339,0.585332712,-25.10922713,73.17290717,32.2
59.352,0.586203743,-25.04331403,73.26671867,32.2
59.364,0.586203743,-25.01035749,73.17290717,32.2
59.377,0.586639258,-24.94322378,73.07290717,32.3
59.39,0.586639258,-24.84435414,73.07909568,32.2
59.402,0.587510289,-24.74426388,73.06671867,32.4
59.415,0.587510289,-24.67835079,73.04910659,32.3
59.428,0.587510289,-24.57826053,73.14291808,32.3
59.441,0.587510289,-24.44643435,73.11340572,32.2
59.453,0.587510289,-24.34634409,73.10721721,32.3
59.466,0.587510289,-24.24747445,73.11340572,32.2
59.479,0.587945804,-24.11442765,73.00721721,32.4
59.491,0.587945804,-23.9484243,72.97770484,32.3
59.504,0.587945804,-23.8153775,72.95390426,32.3
59.517,0.587945804,-23.68355131,72.95390426,32.3
59.53,0.587945804,-23.55050451,72.95390426,32.3
59.542,0.587945804,-23.41745771,72.81820339,32.4
59.555,0.587945804,-23.25145436,72.81820339,32.4
59.568,0.587510289,-23.08545101,72.81820339,32.4
59.58,0.587510289,-22.92066827,72.88250252,32.3
59.593,0.587945804,-22.75466492,72.74061313,32.5
59.606,0.587510289,-22.58866157,72.74680164,32.4
59.618,0.587510289,-22.38970168,72.71681255,32.5
59.631,0.586639258,-22.19074178,72.72300106,32.4
59.644,0.586639258,-21.99178189,72.58111168,32.6
59.657,0.586203743,-21.79282199,72.55159931,32.5
59.669,0.586203743,-21.59386209,72.54541081,32.6
59.682,0.586203743,-21.36072504,72.52779873,32.5
59.695,0.586203743,-21.12880859,72.39209786,32.6
59.707,0.585332712,-20.89689215,72.35639698,32.6
59.72,0.585332712,-20.66497571,72.25639698,32.7
59.733,0.585332712,-20.43183865,72.20308404,32.6
59.745,0.584461681,-20.23287876,72.20308404,32.6
59.758,0.584026166,-20.00096231,72.16119466,32.7
59.771,0.584026166,-19.73608932,72.02549378,32.8
59.784,0.583155135,-19.53712943,71.96599233,32.8
59.796,0.583155135,-19.27103582,71.83029145,32.9
59.809,0.583155135,-19.03911938,71.69459058,33
59.822,0.58271962,-18.77424639,71.63508912,33
59.834,0.58271962,-18.47519624,71.4398868,33.1
59.847,0.581848589,-18.21032325,71.41037443,33
59.86,0.581413073,-17.9112731,71.24468447,33.2
59.872,0.581413073,-17.64640011,71.07328272,33.3
59.885,0.580542042,-17.34734996,71.01378126,33.3
59.898,0.580542042,-17.04952042,70.93619101,33.4
59.911,0.580106527,-16.78342681,70.67668955,33.6
59.923,0.579235496,-16.48559728,70.6171881,33.6
59.936,0.579235496,-16.18654713,70.35197486,33.7
59.949,0.57792895,-15.92167414,70.2924734,33.7
59.961,0.57792895,-15.62262399,70.08537078,33.8
59.974,0.577493435,-15.32479445,70.02586933,33.8
59.987,0.576622404,-15.0257443,69.86636787,33.9
60,0.575315858,-14.6937376,69.65926525,34
60.012,0.574444827,-14.36295152,69.46406292,34.1
60.025,0.574009311,-13.99798827,69.2688606,34.2
60.038,0.574009311,-13.63302503,69.10935914,34.3
60.05,0.572702765,-13.26806178,68.93795739,34.4
60.063,0.571831734,-12.90309854,68.67845594,34.6
60.076,0.570525188,-12.53813529,68.44275506,34.8
60.088,0.570089673,-12.1402155,68.24275506,35
60.101,0.568783126,-11.70933916,68.07845594,35.2
60.114,0.567912096,-11.24428566,67.87845594,35.4
60.127,0.566605549,-10.81340932,67.67845594,35.6
60.139,0.565734519,-10.38253298,67.41415681,35.9
60.152,0.564427972,-10.01756974,67.21415681,36.1
60.165,0.564427972,-9.652606491,67.03795739,36.3
60.177,0.563992457,-9.320599793,66.83795739,36.5
60.19,0.563992457,-9.021549643,66.76746976,36.7
60.203,0.563121426,-8.690763558,66.57365827,36.8
60.215,0.562685911,-8.35875686,66.37365827,37
60.228,0.562685911,-7.993793615,66.17365827,37.2
60.241,0.56181488,-7.62883037,66.07365827,37.3
60.254,0.56181488,-7.263867126,65.87365827,37.5
60.266,0.561379364,-6.865947333,65.67365827,37.7
60.279,0.560508334,-6.468027541,65.47365827,37.9
60.292,0.560072818,-6.070107749,65.30935914,38.1
60.304,0.560072818,-5.705144504,65.10935914,38.3
60.317,0.560072818,-5.307224712,64.90935914,38.5
60.33,0.560072818,-4.942261467,64.80935914,38.6
60.343,0.559201787,-4.577298222,64.60935914,38.8
60.355,0.559201787,-4.212334977,64.50317063,39
60.368,0.558766272,-3.847371732,64.32697121,39.2
60.381,0.559201787,-3.482408487,64.09698213,39.5
60.393,0.558766272,-3.117445243,63.83315972,39.6
60.406,0.558766272,-2.786659158,63.72697121,39.8
60.419,0.558766272,-2.388739366,63.43315972,40
60.431,0.559201787,-1.956642413,63.19698213,40.4
60.444,0.559201787,-1.525766074,62.77365827,40.6
60.457,0.560072818,-1.094889735,62.33176889,41.1
60.47,0.560508334,-0.72992649,61.91415681,41.4
60.482,0.56181488,-0.332006698,61.57226743,41.8
60.495,0.562685911,0,61.17845594,42.1
60.508,0.563992457,0.364963245,60.92034532,42.3
60.52,0.565299003,0.72992649,60.61415681,42.7
60.533,0.566605549,1.094889735,60.22034532,43
60.546,0.568783126,1.492809527,60.01415681,43.3
60.559,0.569218642,1.890729319,59.71415681,43.6
60.571,0.571396219,2.321605658,59.27845594,44
60.584,0.571831734,2.71952545,59.01415681,44.3
60.597,0.574009311,3.084488695,58.8079683,44.6
60.609,0.575315858,3.44945194,58.61415681,44.7
60.622,0.576622404,3.814415185,58.43176889,45
60.635,0.57792895,4.212334977,58.23795739,45.1
60.647,0.578799981,4.610254769,58.06746976,45.4
60.66,0.579235496,5.042351722,57.83795739,45.5
60.673,0.580106527,5.506184608,57.66746976,45.8
60.686,0.580542042,5.970017495,57.46746976,46
60.698,0.580542042,6.435070994,57.27365827,46.1
60.711,0.580542042,6.898903881,57.07365827,46.3
60.724,0.581413073,7.36395738,56.90935914,46.5
60.736,0.581413073,7.761877172,56.90935914,46.5
60.749,0.581848589,8.192753511,56.80935914,46.6
60.762,0.581848589,8.557716756,56.70317063,46.8
60.774,0.581848589,8.922680001,56.73315972,46.7
60.787,0.581848589,9.287643246,56.62697121,46.9
60.8,0.581848589,9.652606491,56.60456147,46.9
60.813,0.581848589,9.984613189,56.53407383,47.1
60.825,0.581413073,10.31539927,56.5997638,47
60.838,0.581413073,10.68036252,56.52927616,47.2
60.851,0.580542042,11.04532576,56.59496613,47.1
60.863,0.580542042,11.41028901,56.62447849,47.2
60.876,0.580106527,11.77525225,56.66636787,47.1
60.889,0.579235496,12.1402155,56.69016846,47.1
60.902,0.57792895,12.53813529,56.62586933,47.2
60.914,0.577493435,12.90309854,56.7615702,47.1
60.927,0.575315858,13.23510523,56.78537078,47.1
60.94,0.574009311,13.60006848,56.92107166,47
60.952,0.571831734,13.93085456,56.95058402,47.1
60.965,0.570089673,14.22990471,56.91627399,47.1
60.978,0.56747658,14.56191141,56.95197486,47.1
60.99,0.565299003,14.85974095,56.98767573,47.1
61.003,0.563121426,15.1587911,57.1171881,47.1
61.016,0.560508334,15.48957718,57.08906657,47
61.029,0.557895241,15.78862733,57.11857894,47.1
61.041,0.555282149,16.08767749,57.14856802,47
61.054,0.553104572,16.41846357,57.21378126,47.1
61.067,0.550491479,16.71751372,57.34948214,47
61.079,0.547878387,16.98238671,57.40279509,47.1
61.092,0.545265294,17.24848031,57.34468447,47.1
61.105,0.542652202,17.54630985,57.40418592,47.1
61.117,0.540474625,17.81240346,57.47558767,47.1
61.13,0.537861532,18.11023299,57.49938825,47.1
61.143,0.53524844,18.3763266,57.67079,47
61.156,0.532635347,18.64119959,57.68840207,47.1
61.168,0.529151224,18.90607258,57.75980382,47.1
61.181,0.526538132,19.13920963,57.91930527,47
61.194,0.523925039,19.37112608,57.85500615,47.1
61.206,0.521311947,19.60304252,57.92069611,47
61.219,0.518698854,19.03911938,57.76119466,47.1
61.232,0.518698854,17.14839006,57.79938825,46.8
61.244,0.518698854,15.55671089,57.67328272,46.7
61.257,0.518698854,15.88871759,57.80418592,46.7
61.27,0.518698854,16.25246022,57.77558767,46.8
61.283,0.51913437,16.41846357,57.79938825,46.8
61.295,0.518698854,16.35255048,57.87558767,46.7
61.308,0.518698854,16.61742347,57.89938825,46.7
61.321,0.517827823,16.68455717,57.93508912,46.7
61.333,0.518698854,16.65160063,57.94127763,46.6
61.346,0.517827823,16.58446692,57.83508912,46.8
61.359,0.518698854,16.55151037,57.93508912,46.7
61.372,0.518698854,16.65160063,57.93508912,46.7
61.384,0.518698854,16.94943016,57.99459058,46.7
61.397,0.517827823,17.61344356,58.22549378,46.6
61.41,0.517827823,18.47519624,58.45639698,46.5
61.422,0.517392308,19.33816953,58.54541081,46.6
61.435,0.516521277,20.16696566,58.68250252,46.5
61.448,0.513037154,20.96280525,58.91340572,46.4
61.46,0.505197876,21.79282199,59.18000979,46.3
61.473,0.493003445,22.58866157,59.57041445,46.1
61.486,0.481244529,23.31858806,60.03701853,45.8
61.499,0.470356644,23.84833404,60.24983293,45.8
61.511,0.461646335,24.21329729,60.46312406,45.6
61.524,0.45554912,24.44643435,60.58073613,45.6
61.537,0.450322935,24.57826053,60.82262551,45.3
61.549,0.447709842,24.61121708,60.81643701,45.4
61.562,0.44509675,24.61121708,60.78692464,45.3
61.575,0.442919173,24.61121708,60.88073613,45.3
61.587,0.441177111,24.67835079,60.78692464,45.3
61.6,0.439870565,24.74426388,60.88692464,45.2
61.613,0.437692988,24.84435414,60.92881402,45.1
61.626,0.436386442,24.97618033,60.95832639,45.2
61.638,0.433773349,25.10922713,61.06451489,45
61.651,0.431595772,25.20931738,61.18212697,45
61.664,0.42985371,25.27523048,61.18212697,45
61.676,0.428111649,25.27523048,61.27593846,45
61.689,0.426805102,25.30818702,61.37593846,44.9
61.702,0.426369587,25.27523048,61.35213788,44.9
61.715,0.425063041,25.27523048,61.31643701,44.9
61.727,0.42419201,25.27523048,61.32262551,44.8
61.74,0.423756495,25.27523048,61.28073613,44.9
61.753,0.422449948,25.27523048,61.28692464,44.8
61.765,0.421578918,25.27523048,61.38073613,44.8
61.778,0.421143402,25.27523048,61.36312406,44.7
61.791,0.420272371,25.27523048,61.35693555,44.8
61.803,0.419836856,25.24227393,61.36931256,44.6
61.816,0.419836856,25.20931738,61.32123468,44.8
61.829,0.418965825,25.17514022,61.29791082,44.6
61.842,0.418094794,25.10922713,61.29172231,44.7
61.854,0.418094794,25.04331403,61.29791082,44.6
61.867,0.417659279,24.94322378,61.35602144,44.6
61.88,0.417659279,24.87731068,61.33222086,44.6
61.892,0.417659279,24.81017698,61.39651998,44.5
61.905,0.417659279,24.74426388,61.36081911,44.5
61.918,0.417659279,24.67835079,61.36081911,44.5
61.93,0.416788248,24.57826053,61.33701853,44.5
61.943,0.416788248,24.47939089,61.30131765,44.5
61.956,0.417659279,24.37930064,61.25942827,44.6
61.969,0.417659279,24.24747445,61.32991591,44.4
61.981,0.417659279,24.14738419,61.29992682,44.5
61.994,0.417659279,24.01433739,61.27041445,44.4
62.007,0.416788248,23.8825112,61.22852507,44.5
62.019,0.416788248,23.7494644,61.210913,44.4
62.032,0.416788248,23.6164176,61.13332274,44.5
62.045,0.416788248,23.48459141,61.20381038,44.3
62.058,0.416788248,23.35154461,61.17382129,44.4
62.07,0.417659279,23.18554126,61.04430892,44.4
62.083,0.417659279,23.01953791,60.90860805,44.5
62.096,0.416788248,22.85353456,60.9552951,44.3
62.108,0.416788248,22.68753122,60.87770484,44.4
62.121,0.416788248,22.48857132,60.95390426,44.3
62.134,0.417659279,22.32256797,60.91820339,44.3
62.146,0.417659279,22.12360807,60.84680164,44.3
62.159,0.417659279,21.92464818,60.78730019,44.3
62.172,0.417659279,21.72568828,60.72779873,44.3
62.185,0.418094794,21.52672839,60.69209786,44.3
62.197,0.418094794,21.32776849,60.62688462,44.2
62.21,0.418965825,21.12880859,60.56119466,44.3
62.223,0.418965825,20.89689215,60.6016932,44.2
62.235,0.418965825,20.66497571,60.52410295,44.3
62.248,0.419836856,20.43183865,60.49459058,44.2
62.261,0.420272371,20.19992221,60.43508912,44.2
62.273,0.421143402,19.96800576,60.47558767,44.1
62.286,0.421578918,19.76904587,60.36848505,44.1
62.299,0.421578918,19.50417288,60.30279509,44.2
62.312,0.422449948,19.27103582,60.26709421,44.2
62.324,0.422885464,19.00616283,60.07808039,44.2
62.337,0.423756495,18.74128984,60.01857894,44.2
62.35,0.42419201,18.50815279,60.04717719,44.1
62.362,0.425063041,18.24327979,59.98767573,44.1
62.375,0.425498556,17.9784068,59.81627399,44.2
62.388,0.426805102,17.7123132,59.75677253,44.2
62.401,0.427676133,17.41448366,59.66775871,44.1
62.413,0.428111649,17.11543351,59.63205784,44.1
62.426,0.42985371,16.81638336,59.56636787,44.2
62.439,0.430289226,16.51855382,59.59496613,44.1
62.451,0.431160257,16.21950367,59.53546467,44.1
62.464,0.432466803,15.92167414,59.36406292,44.2
62.477,0.433773349,15.62262399,59.34026234,44.2
62.489,0.434208864,15.29061729,59.30456147,44.2
62.502,0.435515411,14.9598312,59.23315972,44.2
62.515,0.436386442,14.59486796,59.20935914,44.2
62.528,0.437692988,14.22990471,59.16746976,44.3
62.54,0.438999534,13.86494147,59.13795739,44.2
62.553,0.44030608,13.49997822,59.03176889,44.4
62.566,0.441612626,13.13501498,59.01415681,44.3
62.578,0.443790204,12.73709519,58.9079683,44.5
62.591,0.444225719,12.33917539,58.91415681,44.4
62.604,0.446403296,11.9412556,58.9079683,44.5
62.616,0.446838811,11.54333581,58.83795739,44.5
62.629,0.449016388,11.17837257,58.8079683,44.6
62.642,0.450322935,10.81340932,58.73795739,44.6
62.655,0.451629481,10.44844608,58.63795739,44.7
62.667,0.452936027,10.08348283,58.63795739,44.7
62.68,0.454242573,9.718519585,58.63176889,44.8
62.693,0.45554912,9.353556341,58.53795739,44.8
62.705,0.456855666,8.988593096,58.53795739,44.8
62.718,0.458597727,8.590673304,58.33795739,45
62.731,0.459904274,8.225710059,58.3441459,44.9
62.744,0.46121082,7.860746814,58.33795739,45
62.756,0.461646335,7.495783569,58.37984677,44.9
62.769,0.463823912,7.097863777,58.27365827,45.1
62.782,0.464259428,6.732900532,58.27984677,45
62.794,0.465565974,6.367937287,58.30317063,45.2
62.807,0.466437005,5.970017495,58.30935914,45.1
62.82,0.468614582,5.60505425,58.20317063,45.3
62.832,0.469050097,5.207134458,58.30935914,45.1
62.845,0.470356644,4.842171213,58.20935914,45.2
62.858,0.471227674,4.444251421,58.11554765,45.2
62.871,0.472534221,4.046331628,58.10935914,45.3
62.883,0.473840767,3.648411836,58.11554765,45.2
62.896,0.475147313,3.283448591,58.00935914,45.4
62.909,0.475582828,2.885528799,58.20317063,45.3
62.921,0.476889375,2.520565554,58.10317063,45.4
62.934,0.478631436,2.122645762,58.02697121,45.5
62.947,0.479937983,1.72472597,57.90935914,45.5
62.959,0.480373498,1.359762725,57.80935914,45.6
62.972,0.481680044,0.99479948,57.80935914,45.6
62.985,0.482551075,0.596879688,57.80317063,45.7
62.998,0.483857621,0.231916443,57.70935914,45.7
63.01,0.484293137,-0.100090254,57.60317063,45.9
63.023,0.485599683,-0.498010047,57.50935914,45.9
63.036,0.486906229,-0.862973292,57.40317063,46.1
63.048,0.488648291,-1.260893084,57.30935914,46.1
63.061,0.489083806,-1.658812876,57.17365827,46.2
63.074,0.489954837,-2.023776121,57.07984677,46.2
63.087,0.491261383,-2.321605658,56.91554765,46.4
63.099,0.491696899,-2.620655809,56.81554765,46.5
63.112,0.49256793,-2.885528799,56.80935914,46.6
63.125,0.49256793,-3.117445243,56.83315972,46.6
63.137,0.49256793,-3.383538846,56.73315972,46.7
63.15,0.49256793,-3.648411836,56.63315972,46.8
63.163,0.493003445,-3.980418534,56.53315972,46.9
63.175,0.493003445,-4.411294873,56.53315972,46.9
63.188,0.494309991,-4.975218014,56.53315972,46.9
63.201,0.494309991,-5.539141155,56.53315972,46.9
63.214,0.495616537,-6.136020844,56.43315972,47
63.226,0.496487568,-6.732900532,56.33315972,47.1
63.239,0.497794114,-7.263867126,56.33315972,47.1
63.252,0.499100661,-7.761877172,56.2688606,47.2
63.264,0.500407207,-8.225710059,56.2688606,47.2
63.277,0.501278238,-8.657807011,56.0688606,47.4
63.29,0.502584784,-9.021549643,56.10456147,47.4
63.302,0.503020299,-9.386512888,56.24026234,47.3
63.315,0.50389133,-9.718519585,56.24026234,47.3
63.328,0.504326846,-10.08348283,56.26406292,47.3
63.341,0.505633392,-10.41548953,56.3997638,47.2
63.353,0.506504423,-10.74749623,56.3997638,47.2
63.366,0.506504423,-11.11123886,56.4997638,47.1
63.379,0.507810969,-11.44324556,56.53546467,47.1
63.391,0.508682,-11.8082088,56.63546467,47
63.404,0.509117515,-12.17317205,56.75926525,46.9
63.417,0.509988546,-12.53813529,56.75926525,46.9
63.43,0.511295092,-12.87014199,56.95926525,46.7
63.442,0.511730608,-13.20092807,57.09496613,46.6
63.455,0.512601638,-13.53293477,57.19496613,46.5
63.468,0.512601638,-13.89789802,57.430667,46.3
63.48,0.512601638,-14.19694817,57.62447849,46.2
63.493,0.511730608,-14.52773425,57.76636787,46
63.506,0.511730608,-14.8267844,57.89016846,45.9
63.518,0.511730608,-15.12583455,57.99016846,45.8
63.531,0.512601638,-15.45662064,58.12586933,45.7
63.544,0.512601638,-15.78862733,58.3615702,45.5
63.557,0.513037154,-16.08767749,58.51488315,45.5
63.569,0.5143437,-16.38550702,58.55677253,45.4
63.582,0.516521277,-16.65160063,58.71008548,45.4
63.595,0.517827823,-16.91647362,58.75197486,45.3
63.607,0.5200054,-17.18134661,58.94098868,45.3
63.62,0.522618493,-17.44744021,59.01857894,45.2
63.633,0.524360554,-17.74526975,59.07189188,45.3
63.645,0.527409162,-18.01136335,59.27328272,45.1
63.658,0.530022255,-18.30919289,59.33849596,45.2
63.671,0.532635347,-18.57528649,59.50418592,45
63.684,0.53524844,-18.87311603,59.69319974,45
63.696,0.537861532,-19.13920963,59.77079,44.9
63.709,0.540474625,-19.40408262,59.93029145,44.8
63.722,0.543087717,-19.70313277,60.06599233,44.7
63.734,0.54570081,-19.93504922,60.26738316,44.5
63.747,0.549184933,-20.19992221,60.52069611,44.4
63.76,0.551798025,-20.43183865,60.69209786,44.3
63.773,0.555282149,-20.63201916,60.75159931,44.3
63.785,0.557459726,-19.90209267,60.45778782,44.5
63.798,0.558766272,-18.14318954,59.92069611,45
63.811,0.557895241,-16.78342681,59.23647996,45.4
63.823,0.557459726,-17.08247697,59.67079,45
63.836,0.557459726,-17.24848031,59.47079,45.2
63.849,0.557895241,-17.18134661,59.58840207,45.2
63.861,0.557895241,-17.11543351,59.66460149,45.1
63.874,0.557895241,-17.18134661,59.66460149,45.1
63.887,0.557895241,-17.14839006,59.62890062,45.1
63.9,0.557895241,-17.14839006,59.63508912,45
63.912,0.557895241,-17.18134661,59.69319974,45
63.925,0.557895241,-17.18134661,59.67558767,44.9
63.938,0.557895241,-17.18134661,59.63369829,45
63.95,0.558766272,-17.18134661,59.7398868,44.8
63.963,0.558766272,-17.14839006,59.73369829,44.9
63.976,0.558766272,-17.24848031,59.7398868,44.8
63.988,0.558766272,-17.84536,59.93369829,44.7
64.001,0.558766272,-18.97320628,60.49938825,44.1
64.014,0.560508334,-20.33296901,61.21930527,43.7
64.027,0.565734519,-21.59386209,62.08730019,43
64.039,0.57792895,-22.68753122,62.87770484,42.4
64.052,0.59404302,-23.58346105,63.68000979,41.8
64.065,0.61015709,-24.24747445,64.22852507,41.5
64.077,0.622787037,-24.67835079,64.7237274,41.1
64.09,0.632803892,-24.94322378,64.86561678,40.9
64.103,0.640207654,-25.04331403,65.00131765,40.8
64.116,0.646304869,-25.07627058,65.10750616,40.6
64.128,0.649353477,-25.07627058,65.00131765,40.8
64.141,0.65196657,-25.01035749,65.00750616,40.7
64.154,0.654144147,-25.01035749,65.06561678,40.7
64.166,0.656757239,-25.04331403,65.06561678,40.7
64.179,0.658934816,-25.10922713,65.05942827,40.8
64.192,0.660676878,-25.20931738,65.06561678,40.7
64.204,0.661983424,-25.34114357,65.20131765,40.6
64.217,0.665032032,-25.40827728,65.23701853,40.6
64.23,0.666774094,-25.47419037,65.23701853,40.6
64.243,0.668951671,-25.47419037,65.34320703,40.4
64.255,0.670693732,-25.47419037,65.33701853,40.5
64.268,0.672000279,-25.40827728,65.33701853,40.5
64.281,0.673306825,-25.37410012,65.30131765,40.5
64.293,0.675048887,-25.34114357,65.20131765,40.6
64.306,0.675484402,-25.30818702,65.20131765,40.6
64.319,0.676355433,-25.27523048,65.20131765,40.6
64.331,0.676790948,-25.24227393,65.45942827,40.4
64.344,0.677661979,-25.24227393,65.35942827,40.5
64.357,0.678097494,-25.20931738,65.26561678,40.5
64.37,0.678097494,-25.17514022,65.26561678,40.5
64.382,0.678968525,-25.10922713,65.16561678,40.6
64.395,0.679404041,-25.07627058,65.16561678,40.6
64.408,0.680275072,-24.97618033,65.22991591,40.5
64.42,0.680275072,-24.87731068,65.12991591,40.6
64.433,0.680710587,-24.77722043,65.12991591,40.6
64.446,0.680710587,-24.67835079,65.10611532,40.6
64.459,0.681581618,-24.57826053,65.10611532,40.6
64.471,0.680710587,-24.47939089,65.10611532,40.6
64.484,0.681581618,-24.34634409,65.10611532,40.6
64.497,0.680710587,-24.24747445,64.97041445,40.7
64.509,0.681581618,-24.11442765,64.97041445,40.7
64.522,0.680710587,-23.98138085,64.93471358,40.7
64.535,0.681581618,-23.84833404,64.93471358,40.7
64.547,0.680710587,-23.71650786,64.93471358,40.7
64.56,0.680710587,-23.58346105,64.93471358,40.7
64.573,0.680710587,-23.41745771,64.910913,40.7
64.586,0.681581618,-23.2844109,64.910913,40.7
64.598,0.680710587,-23.11962817,64.77521212,40.8
64.611,0.680710587,-22.95362482,64.73951125,40.8
64.624,0.680710587,-22.78762147,64.73951125,40.8
64.636,0.680710587,-22.62161812,64.70381038,40.8
64.649,0.680710587,-22.42265822,64.77382129,40.8
64.662,0.680275072,-22.22369833,64.77382129,40.8
64.674,0.680275072,-22.02473843,64.63812041,40.9
64.687,0.680275072,-21.82577854,64.60860805,40.8
64.7,0.680275072,-21.62681864,64.60241954,40.9
64.713,0.679404041,-21.42785874,64.47909568,40.8
64.725,0.680275072,-21.19472169,64.44910659,40.9
64.738,0.679404041,-20.99576179,64.31959422,40.9
64.751,0.679404041,-20.76384535,64.40721721,41
64.763,0.678968525,-20.53192891,64.27770484,41
64.776,0.678968525,-20.26705592,64.24771575,41.1
64.789,0.678097494,-20.03391886,64.21820339,41
64.802,0.678097494,-19.76904587,64.08250252,41.1
64.814,0.677661979,-19.53712943,63.92918957,41.1
64.827,0.677661979,-19.30521298,63.88730019,41.2
64.84,0.677661979,-19.03911938,63.72779873,41.3
64.852,0.677661979,-18.80720294,63.69209786,41.3
64.865,0.677661979,-18.54232995,63.52069611,41.4
64.878,0.676790948,-18.27623634,63.46119466,41.4
64.89,0.676355433,-18.01136335,63.29550469,41.6
64.903,0.676355433,-17.7123132,63.26599233,41.5
64.916,0.675484402,-17.44744021,63.08840207,41.7
64.929,0.675048887,-17.14839006,62.94127763,41.6
64.941,0.675048887,-16.85056052,62.77558767,41.8
64.954,0.674177856,-16.55151037,62.67467356,41.7
64.967,0.673306825,-16.25246022,62.50279509,42
64.979,0.67287131,-15.98758723,62.35567064,41.9
64.992,0.672000279,-15.65558053,62.17189188,42.2
65.005,0.671564763,-15.357751,62.08287806,42.1
65.017,0.670693732,-15.05870084,61.88148723,42.3
65.03,0.670258217,-14.72669415,61.71627399,42.3
65.043,0.669387186,-14.39590806,61.52107166,42.4
65.056,0.66808064,-14.06390136,61.41968082,42.5
65.068,0.667645125,-13.73189467,61.22447849,42.6
65.081,0.666338578,-13.36693142,60.92927616,42.8
65.094,0.666338578,-13.00196818,60.74026234,42.8
65.106,0.665032032,-12.60404838,60.43315972,43
65.119,0.664161001,-12.20612859,60.07984677,43.2
65.132,0.662854455,-11.77525225,59.9079683,43.5
65.145,0.661547909,-11.31019875,59.67845594,43.6
65.157,0.660676878,-10.87932241,59.47226743,43.9
65.17,0.659370332,-10.44844608,59.27845594,44
65.183,0.658934816,-10.08348283,59.0079683,44.4
65.195,0.65762827,-9.718519585,58.8441459,44.4
65.208,0.656757239,-9.420690048,58.63795739,44.7
65.221,0.656321724,-9.08868335,58.53795739,44.8
65.233,0.655450693,-8.7896332,58.33176889,45.1
65.246,0.654144147,-8.457626502,58.27365827,45.1
65.259,0.654144147,-8.09388387,57.97365827,45.4
65.272,0.653273116,-7.728920625,57.77984677,45.5
65.284,0.652837601,-7.36395738,57.57365827,45.8
65.297,0.65196657,-6.966037588,57.47365827,45.9
65.31,0.651531054,-6.568117796,57.27365827,46.1
65.322,0.650660024,-6.168977391,56.97365827,46.4
65.335,0.650224508,-5.771057599,56.77365827,46.6
65.348,0.649353477,-5.406094354,56.57365827,46.8
65.36,0.649353477,-5.008174562,56.30935914,47.1
65.373,0.648917962,-4.643211317,56.10935914,47.3
65.386,0.648917962,-4.279468685,55.90935914,47.5
65.399,0.648046931,-3.91450544,55.70935914,47.7
65.411,0.648046931,-3.549542195,55.50317063,48
65.424,0.647611416,-3.217535497,55.33315972,48.1
65.437,0.647611416,-2.819615705,55.03315972,48.4
65.449,0.646740385,-2.421695913,54.70935914,48.7
65.462,0.646740385,-2.023776121,54.27365827,49.1
65.475,0.646304869,-1.591679168,53.83795739,49.5
65.488,0.646740385,-1.226715924,53.41415681,49.9
65.5,0.646304869,-0.828796131,53.01415681,50.3
65.513,0.646740385,-0.463832887,52.71415681,50.6
65.526,0.647611416,-0.133046802,52.31415681,51
65.538,0.648917962,0.198959896,51.91415681,51.4
65.551,0.649353477,0.530966594,51.61415681,51.7
65.564,0.650660024,0.895929839,51.31415681,52
65.576,0.65196657,1.293849631,50.91415681,52.4
65.589,0.654144147,1.72472597,50.51415681,52.8
65.602,0.656321724,2.155602309,50.07845594,53.2
65.615,0.658063786,2.553522102,49.67845594,53.6
65.627,0.660676878,2.918485347,49.27845594,54
65.64,0.662854455,3.283448591,48.97845594,54.3
65.653,0.665467548,3.648411836,48.72034532,54.5
65.665,0.666774094,4.046331628,48.52034532,54.7
65.678,0.668951671,4.478428581,48.21415681,55.1
65.691,0.670258217,4.90930492,48.03795739,55.3
65.703,0.671564763,5.373137807,47.83795739,55.5
65.716,0.672000279,5.805234759,47.53795739,55.8
65.729,0.67287131,6.269067645,47.23795739,56.1
65.742,0.67287131,6.732900532,47.0441459,56.2
65.754,0.673306825,7.164997484,46.97365827,56.4
65.767,0.673306825,7.595873823,46.77984677,56.5
65.78,0.673306825,7.993793615,46.70935914,56.7
65.792,0.67287131,8.391713407,46.63934823,56.7
65.805,0.67287131,8.756676652,46.62697121,56.9
65.818,0.67287131,9.121639897,46.53315972,56.9
65.831,0.67287131,9.486603142,46.36267209,57.2
65.843,0.672000279,9.851566387,46.44026234,57.1
65.856,0.671564763,10.21652963,46.45787442,57.2
65.869,0.670693732,10.58149288,46.29357529,57.4
65.881,0.669387186,10.94645612,46.35926525,57.3
65.894,0.66808064,11.31019875,46.28877762,57.5
65.907,0.665467548,11.675162,46.230667,57.5
65.919,0.663289971,12.04012524,46.26017937,57.6
65.932,0.660241363,12.40508849,46.29016846,57.5
65.945,0.65762827,12.73709519,46.21968082,57.7
65.958,0.655015178,13.10205843,46.26775871,57.5
65.97,0.651531054,13.43406513,46.32107166,57.6
65.983,0.648046931,13.79902837,46.39866191,57.5
65.996,0.644998323,14.12981446,46.41008548,57.7
66.008,0.6415142,14.46182116,46.45197486,57.6
66.021,0.637594561,14.72669415,46.48148723,57.7
66.034,0.633239407,15.0257443,46.62337661,57.5
66.046,0.630190799,15.32479445,46.54717719,57.6
66.059,0.626706676,15.65558053,46.71857894,57.5
66.072,0.623222553,15.95463068,46.74237952,57.5
66.085,0.619302914,16.28663738,46.81378126,57.5
66.097,0.616254306,16.58446692,46.87328272,57.5
66.11,0.611899152,16.88351707,46.94468447,57.5
66.123,0.607979513,17.14839006,46.96848505,57.5
66.135,0.60449539,17.41448366,47.1398868,57.4
66.148,0.600575751,17.7123132,47.20557676,57.3
66.161,0.597527143,17.9784068,47.27079,57.4
66.174,0.593171989,18.24327979,47.43647996,57.2
66.186,0.589252351,18.54232995,47.46599233,57.3
66.199,0.585332712,18.77424639,47.53168229,57.2
66.212,0.581848589,19.03911938,47.79689553,57.1
66.224,0.57792895,19.30521298,47.89828636,57
66.237,0.574009311,19.53712943,48.02779873,57
66.25,0.570089673,19.76904587,48.28730019,56.8
66.262,0.566605549,20.00096231,48.44061313,56.8
66.275,0.56181488,20.19992221,48.51201488,56.8
66.288,0.560072818,19.23807927,48.31681255,56.9
66.301,0.559201787,17.14839006,48.19550469,56.7
66.313,0.560508334,15.48957718,47.99319974,56.7
66.326,0.560508334,15.98758723,48.05980382,56.8
66.339,0.560508334,16.21950367,48.22549378,56.6
66.351,0.560508334,16.15359058,48.06599233,56.7
66.364,0.561379364,16.18654713,48.2016932,56.6
66.377,0.561379364,16.38550702,48.21930527,56.7
66.389,0.561379364,16.51855382,48.25500615,56.7
66.402,0.561379364,16.58446692,48.26119466,56.6
66.415,0.56181488,16.71751372,48.09689553,56.8
66.428,0.561379364,17.14839006,48.29209786,56.7
66.44,0.561379364,17.84536,48.52918957,56.5
66.453,0.560508334,18.77424639,48.75390426,56.5
66.466,0.560508334,19.70313277,49.00860805,56.4
66.478,0.558766272,20.597842,49.37521212,56.2
66.491,0.551798025,21.52672839,49.95942827,55.9
66.504,0.538732563,22.38970168,50.59172231,55.4
66.517,0.523054008,23.11962817,51.11163933,55.2
66.529,0.509117515,23.68355131,51.64254254,54.8
66.542,0.497794114,24.0814711,51.90204399,54.6
66.555,0.488648291,24.34634409,52.14393337,54.3
66.567,0.481244529,24.47939089,52.24393337,54.2
66.58,0.476453859,24.57826053,52.3082325,54.1
66.593,0.472534221,24.61121708,52.47824341,54
66.605,0.469921128,24.61121708,52.48443192,53.9
66.618,0.46687252,24.64539424,52.54873104,53.8
66.631,0.465565974,24.71130734,52.64873104,53.7
66.644,0.462952882,24.81017698,52.64873104,53.7
66.656,0.460339789,24.94322378,52.77824341,53.7
66.669,0.457726697,25.04331403,52.88443192,53.5
66.682,0.455113604,25.14218368,52.87824341,53.6
66.694,0.452500512,25.20931738,52.88443192,53.5
66.707,0.450322935,25.27523048,52.98443192,53.4
66.72,0.448580873,25.27523048,52.98443192,53.4
66.732,0.446838811,25.27523048,53.04254254,53.4
66.745,0.44509675,25.24227393,53.05491955,53.2
66.758,0.444225719,25.24227393,53.04873104,53.3
66.771,0.442919173,25.24227393,53.01921868,53.2
66.783,0.442483657,25.24227393,53.11303017,53.2
66.796,0.441177111,25.24227393,53.01921868,53.2
66.809,0.44030608,25.24227393,53.01303017,53.3
66.821,0.438999534,25.24227393,53.08922959,53.2
66.834,0.438128503,25.24227393,53.08922959,53.2
66.847,0.437692988,25.20931738,53.18922959,53.1
66.86,0.436821957,25.17514022,53.24734021,53.1
66.872,0.436821957,25.14218368,53.24734021,53.1
66.885,0.436386442,25.07627058,53.21163933,53.1
66.898,0.436386442,24.97618033,53.17593846,53.1
66.91,0.435515411,24.91026723,53.15832639,53
66.923,0.435515411,24.84435414,53.11643701,53.1
66.936,0.435079895,24.74426388,53.12262551,53
66.948,0.435079895,24.67835079,53.08073613,53.1
66.961,0.435079895,24.57826053,53.06312406,53
66.974,0.435079895,24.51234744,53.15693555,53
66.987,0.435079895,24.41225719,53.02742318,53
66.999,0.435079895,24.280431,52.99172231,53
67.012,0.435079895,24.18034074,52.93222086,53
67.025,0.435079895,24.04729394,52.89651998,53
67.037,0.435079895,23.91546775,52.96081911,52.9
67.05,0.435079895,23.78242095,52.93701853,52.9
67.063,0.435079895,23.64937415,52.80131765,53
67.075,0.435079895,23.51754796,52.82991591,52.9
67.088,0.435079895,23.35154461,52.70611532,53
67.101,0.435079895,23.18554126,52.67660296,52.9
67.114,0.435079895,23.05249446,52.63471358,53
67.126,0.435079895,22.88649111,52.67521212,52.9
67.139,0.435079895,22.72170838,52.73332274,52.9
67.152,0.435079895,22.55570503,52.68000979,52.8
67.164,0.435515411,22.35674513,52.53812041,53
67.177,0.435515411,22.15778523,52.47909568,52.8
67.19,0.435515411,21.95760473,52.41340572,52.9
67.203,0.435515411,21.75864483,52.38389335,52.8
67.215,0.435515411,21.52672839,52.31820339,52.9
67.228,0.435515411,21.32776849,52.24680164,52.9
67.241,0.436386442,21.12880859,52.32300106,52.8
67.253,0.436386442,20.9298487,52.24541081,52.9
67.266,0.436821957,20.7308888,52.19209786,52.8
67.279,0.437692988,20.49897236,52.1145076,52.9
67.291,0.437692988,20.26705592,52.06119466,52.8
67.304,0.438128503,20.03391886,51.99550469,52.9
67.317,0.438999534,19.80200242,51.93029145,52.8
67.33,0.438999534,19.57008597,51.77079,52.9
67.342,0.439870565,19.30521298,51.70557676,52.8
67.355,0.44030608,19.03911938,51.73369829,52.9
67.368,0.441612626,18.77424639,51.66848505,52.8
67.38,0.442483657,18.54232995,51.60279509,52.9
67.393,0.442919173,18.27623634,51.54948214,52.8
67.406,0.443790204,18.01136335,51.47189188,52.9
67.418,0.44509675,17.74526975,51.38287806,52.8
67.431,0.445532265,17.44744021,51.2171881,53
67.444,0.446403296,17.18134661,51.15197486,52.9
67.457,0.446838811,16.88351707,51.09866191,52.8
67.469,0.448580873,16.58446692,50.92726016,52.9
67.482,0.449887419,16.28663738,50.9615702,52.9
67.495,0.450322935,15.98758723,50.89016846,52.9
67.507,0.451629481,15.65558053,50.830667,52.9
67.52,0.452936027,15.32479445,50.85307675,52.9
67.533,0.454242573,14.99278775,50.72927616,53
67.546,0.45554912,14.62782451,50.65787442,53
67.558,0.456855666,14.26286126,50.54026234,53
67.571,0.458597727,13.89789802,50.40456147,53.1
67.584,0.460339789,13.49997822,50.40456147,53.1
67.596,0.46121082,13.13501498,50.2688606,53.2
67.609,0.462952882,12.73709519,50.2688606,53.2
67.622,0.464259428,12.37213194,50.13315972,53.3
67.634,0.466437005,11.97421215,50.13315972,53.3
67.647,0.467743551,11.6092489,50.03315972,53.4
67.66,0.469921128,11.24428566,49.90935914,53.5
67.673,0.471227674,10.87932241,49.80935914,53.6
67.685,0.472534221,10.51435917,49.77365827,53.6
67.698,0.473840767,10.18357308,49.77365827,53.6
67.711,0.475582828,9.81860984,49.63795739,53.7
67.723,0.476889375,9.453646595,49.57365827,53.8
67.736,0.479066952,9.08868335,49.53795739,53.8
67.749,0.480373498,8.690763558,49.43176889,54
67.761,0.481680044,8.292843766,49.43176889,54
67.774,0.483857621,7.927880521,49.33176889,54.1
67.787,0.485164168,7.529960729,49.23176889,54.2
67.8,0.486906229,7.164997484,49.03795739,54.3
67.812,0.489083806,6.800034239,48.9441459,54.3
67.825,0.490390352,6.435070994,48.93795739,54.4
67.838,0.491696899,6.037151202,48.87365827,54.5
67.85,0.493874476,5.672187957,48.87365827,54.5
67.863,0.495181022,5.274268165,48.77365827,54.6
67.876,0.496923084,4.90930492,48.67365827,54.7
67.889,0.498665145,4.511385128,48.57984677,54.7
67.901,0.500407207,4.146421883,48.57365827,54.8
67.914,0.501713753,3.748502091,48.51554765,54.8
67.927,0.50389133,3.383538846,48.40935914,55
67.939,0.505197876,2.985619054,48.31554765,55
67.952,0.506939938,2.587699262,48.30935914,55.1
67.965,0.508682,2.222736017,48.20935914,55.2
67.977,0.510424061,1.857772772,48.07365827,55.3
67.99,0.511730608,1.45985298,47.97365827,55.4
68.003,0.513908185,1.094889735,47.87365827,55.5
68.016,0.515214731,0.72992649,47.77365827,55.6
68.028,0.517392308,0.364963245,47.57365827,55.8
68.041,0.518698854,-0.032956547,47.47365827,55.9
68.054,0.5200054,-0.397919792,47.37365827,56
68.066,0.521311947,-0.795839584,47.13176889,56.3
68.079,0.523054008,-1.160802829,47.03795739,56.3
68.092,0.524360554,-1.558722621,46.83176889,56.6
68.104,0.526538132,-1.890729319,46.63795739,56.7
68.117,0.527409162,-2.18977947,46.43176889,57
68.13,0.527844678,-2.487609007,46.27984677,57
68.143,0.529151224,-2.752481998,46.16746976,57.3
68.155,0.529151224,-3.018575601,46.11554765,57.2
68.168,0.530022255,-3.250492044,45.90935914,57.5
68.181,0.530022255,-3.515365035,45.83934823,57.5
68.193,0.53045777,-3.88032828,45.73934823,57.6
68.206,0.531328801,-4.312425232,45.54553674,57.7
68.219,0.531764316,-4.776258118,45.60935914,57.8
68.232,0.533070863,-5.307224712,45.41554765,57.9
68.244,0.53524844,-5.838191306,45.30935914,58.1
68.257,0.537426017,-6.402114447,45.20935914,58.2
68.27,0.540039109,-6.931860428,45.10935914,58.3
68.282,0.542652202,-7.429870474,45.00317063,58.5
68.295,0.544394263,-7.894923974,45.10317063,58.4
68.308,0.54657184,-8.325800313,44.99698213,58.6
68.32,0.548749417,-8.723720105,44.93315972,58.5
68.333,0.550491479,-9.121639897,44.96267209,58.6
68.346,0.551798025,-9.486603142,44.8750491,58.5
68.359,0.553104572,-9.81860984,44.8688606,58.6
68.371,0.554411118,-10.18357308,44.91074998,58.5
68.384,0.555717664,-10.54731572,45.14026234,58.4
68.397,0.557459726,-10.91227896,45.27025143,58.2
68.409,0.559201787,-11.27724221,45.36406292,58.2
68.422,0.560508334,-11.6092489,45.4997638,58.1
68.435,0.562685911,-11.9412556,45.59357529,58.1
68.447,0.563992457,-12.30621885,45.83546467,57.8
68.46,0.565734519,-12.63700493,45.92927616,57.8
68.473,0.56747658,-12.96901163,46.15926525,57.5
68.486,0.568783126,-13.30101833,46.25926525,57.4
68.498,0.570089673,-13.66598157,46.49496613,57.2
68.511,0.571831734,-13.99798827,46.830667,56.9
68.524,0.574444827,-14.36295152,47.030667,56.7
68.536,0.57792895,-14.6937376,47.19016846,56.6
68.549,0.580542042,-15.0257443,47.42586933,56.4
68.562,0.584461681,-15.357751,47.6615702,56.2
68.575,0.587510289,-15.68975769,47.78537078,56.1
68.587,0.591865443,-16.02054378,48.12107166,55.8
68.6,0.595349566,-16.31959393,48.35058402,55.7
68.613,0.600140236,-16.58446692,48.4862849,55.6
68.625,0.604059875,-16.88351707,48.65197486,55.4
68.638,0.608850544,-17.14839006,48.82337661,55.3
68.651,0.612770183,-17.41448366,49.01857894,55.2
68.663,0.617560852,-17.67935665,49.07808039,55.2
68.676,0.621480491,-17.94422964,49.27328272,55.1
68.689,0.626706676,-18.21032325,49.46848505,55
68.702,0.630626315,-18.47519624,49.73369829,54.9
68.714,0.636288015,-18.74128984,49.93508912,54.7
68.727,0.6415142,-19.00616283,50.12410295,54.7
68.74,0.646740385,-19.27103582,50.39550469,54.5
68.752,0.65196657,-19.53712943,50.59689553,54.3
68.765,0.65762827,-19.80200242,50.79209786,54.2
68.778,0.662854455,-20.06809602,50.95778782,54
68.79,0.66808064,-20.30001246,51.34680164,53.8
68.803,0.673306825,-20.46601581,51.41820339,53.8
68.816,0.676790948,-19.27103582,50.9243919,54.2
68.829,0.676790948,-17.44744021,50.55159931,54.5
68.841,0.676355433,-16.25246022,49.82549378,55
68.854,0.675048887,-16.61742347,50.25980382,54.6
68.867,0.675484402,-16.71751372,50.26599233,54.5
68.879,0.675484402,-16.61742347,50.06599233,54.7
68.892,0.675484402,-16.71751372,50.27218083,54.4
68.905,0.676355433,-16.68455717,50.23029145,54.5
68.918,0.675484402,-16.75047027,50.23029145,54.5
68.93,0.675484402,-16.78342681,50.38840207,54.4
68.943,0.675484402,-16.85056052,50.39459058,54.3
68.956,0.675484402,-16.85056052,50.36460149,54.4
68.968,0.675484402,-16.91647362,50.37079,54.3
68.981,0.675484402,-17.31439341,50.47079,54.2
68.994,0.675484402,-18.21032325,50.83029145,53.9
69.006,0.676790948,-19.43703917,51.49070702,53.5
69.019,0.681581618,-20.69793225,52.34680164,52.8
69.032,0.695082595,-21.82577854,53.20860805,52.2
69.045,0.714245274,-22.75466492,54.17041445,51.5
69.057,0.73166589,-23.45041425,54.86081911,51
69.07,0.74211826,-23.98138085,55.49172231,50.5
69.083,0.749522022,-24.31338754,55.98692464,50.1
69.095,0.756925784,-24.54530399,56.35213788,49.9
69.108,0.761716453,-24.67835079,56.48212697,49.7
69.121,0.765636092,-24.77722043,56.57593846,49.7
69.133,0.770426762,-24.81017698,56.71782784,49.5
69.146,0.7743464,-24.87731068,56.71163933,49.6
69.159,0.777830524,-24.94322378,56.81782784,49.4
69.172,0.781750162,-25.01035749,56.81782784,49.4
69.184,0.784363255,-25.10922713,56.82401635,49.3
69.197,0.787847378,-25.17514022,56.95352872,49.3
69.21,0.790895986,-25.27523048,56.95971722,49.2
69.222,0.793944594,-25.30818702,57.05352872,49.2
69.235,0.796993202,-25.34114357,57.05352872,49.2
69.248,0.799606294,-25.37410012,57.15352872,49.1
69.26,0.801783871,-25.40827728,57.15352872,49.1
69.273,0.804396964,-25.40827728,57.15971722,49
69.286,0.806574541,-25.37410012,57.15971722,49
69.299,0.807881087,-25.37410012,57.12401635,49
69.311,0.809187633,-25.37410012,57.11782784,49.1
69.324,0.810494179,-25.34114357,57.22401635,48.9
69.337,0.811800726,-25.34114357,57.21782784,49
69.349,0.813107272,-25.34114357,57.18212697,49
69.362,0.813978303,-25.30818702,57.27593846,49
69.375,0.815284849,-25.27523048,57.28212697,48.9
69.388,0.815720364,-25.24227393,57.27593846,49
69.4,0.816591395,-25.17514022,57.28212697,48.9
69.413,0.81702691,-25.14218368,57.15832639,49
69.426,0.81702691,-25.04331403,57.15832639,49
69.438,0.817897941,-24.97618033,57.15832639,49
69.451,0.817897941,-24.87731068,57.15832639,49
69.464,0.818333457,-24.77722043,57.12262551,49
69.476,0.818333457,-24.67835079,57.12262551,49
69.489,0.819204488,-24.61121708,56.98692464,49.1
69.502,0.819204488,-24.51234744,57.08692464,49
69.515,0.819204488,-24.41225719,56.98692464,49.1
69.527,0.819204488,-24.280431,56.98692464,49.1
69.54,0.819204488,-24.14738419,56.96312406,49.1
69.553,0.819204488,-24.01433739,56.96312406,49.1
69.565,0.819640003,-23.84833404,56.96312406,49.1
69.578,0.819204488,-23.71650786,56.92742318,49.1
69.591,0.819204488,-23.58346105,56.92742318,49.1
69.604,0.819204488,-23.45041425,56.92742318,49.1
69.616,0.819204488,-23.31858806,56.79172231,49.2
69.629,0.819204488,-23.15258471,56.76220994,49.1
69.642,0.819204488,-22.98658137,56.76220994,49.1
69.654,0.819204488,-22.82057802,56.76220994,49.1
69.667,0.819204488,-22.62161812,56.73840936,49.1
69.68,0.819204488,-22.45561477,56.60270849,49.2
69.692,0.818333457,-22.25665488,56.56081911,49.3
69.705,0.818333457,-22.05769498,56.56700762,49.2
69.718,0.818333457,-21.85873508,56.53701853,49.3
69.731,0.817897941,-21.62681864,56.50750616,49.2
69.743,0.817897941,-21.42785874,56.47180529,49.2
69.756,0.817897941,-21.22889885,56.37180529,49.3
69.769,0.81702691,-21.02993895,56.33610441,49.3
69.781,0.81702691,-20.7968019,56.31230383,49.3
69.794,0.816591395,-20.56488545,56.27660296,49.3
69.807,0.81702691,-20.30001246,56.13471358,49.5
69.819,0.816591395,-20.06809602,56.1171015,49.4
69.832,0.816591395,-19.80200242,56.07521212,49.5
69.845,0.815720364,-19.57008597,55.94569976,49.5
69.858,0.815284849,-19.33816953,55.99762187,49.6
69.87,0.815284849,-19.10503247,55.94430892,49.5
69.883,0.814413818,-18.84015948,55.77290717,49.6
69.896,0.813978303,-18.60824304,55.61340572,49.7
69.908,0.813978303,-18.34214944,55.47151634,49.9
69.921,0.813107272,-18.07727645,55.31820339,49.9
69.934,0.813107272,-17.77944691,55.24061313,50
69.947,0.812671756,-17.5133533,55.08730019,50
69.959,0.811800726,-17.21552377,54.92779873,50.1
69.972,0.81136521,-16.94943016,54.79828636,50.1
69.985,0.810494179,-16.65160063,54.69689553,50.2
69.997,0.809623149,-16.35255048,54.52549378,50.3
70.01,0.809187633,-16.05350033,54.33029145,50.4
70.023,0.808316602,-15.72271424,54.17079,50.5
70.035,0.807881087,-15.42366409,54.10557676,50.4
70.048,0.807010056,-15.09165739,53.80418592,50.7
70.061,0.806574541,-14.79382785,53.7151721,50.6
70.074,0.80570351,-14.46182116,53.51378126,50.8
70.086,0.803961448,-14.12981446,53.31857894,50.9
70.099,0.803090417,-13.79902837,53.1171881,51.1
70.112,0.801783871,-13.43406513,52.81627399,51.2
70.124,0.80091284,-13.10205843,52.52107166,51.4
70.137,0.799606294,-12.70413864,52.32586933,51.5
70.15,0.798299748,-12.30621885,52.16017937,51.7
70.162,0.797864232,-11.87412189,51.85926525,51.8
70.175,0.796557686,-11.41028901,51.59357529,52.1
70.188,0.79525114,-10.97941267,51.24026234,52.3
70.201,0.793944594,-10.51435917,50.90456147,52.6
70.213,0.792638047,-10.11643938,50.66267209,52.9
70.226,0.791767017,-9.751476133,50.4688606,53
70.239,0.79046047,-9.453646595,50.23315972,53.2
70.251,0.789153924,-9.154596445,50.03315972,53.4
70.264,0.788282893,-8.856766907,49.93315972,53.5
70.277,0.786976347,-8.524760209,49.71554765,53.6
70.29,0.786540832,-8.192753511,49.50935914,53.9
70.302,0.785234286,-7.794833719,49.17984677,54.1
70.315,0.784363255,-7.429870474,48.97365827,54.4
70.328,0.783927739,-7.031950682,48.67984677,54.6
70.34,0.782621193,-6.666987437,48.47365827,54.9
70.353,0.780879131,-6.269067645,48.0441459,55.2
70.366,0.780443616,-5.871147853,47.83795739,55.5
70.378,0.779572585,-5.473228061,47.6441459,55.6
70.391,0.77913707,-5.108264816,47.33795739,56
70.404,0.777830524,-4.743301571,47.13176889,56.3
70.417,0.776959493,-4.378338326,46.87365827,56.5
70.429,0.776523977,-4.013375081,46.57365827,56.8
70.442,0.775652946,-3.648411836,46.27365827,57.1
70.455,0.775217431,-3.283448591,45.97365827,57.4
70.467,0.775217431,-2.885528799,45.67365827,57.7
70.48,0.773910885,-2.487609007,45.23176889,58.2
70.493,0.773039854,-2.056732668,44.71415681,58.6
70.505,0.771733308,-1.658812876,44.17226743,59.2
70.518,0.770862277,-1.293849631,43.77845594,59.5
70.531,0.770862277,-0.928886386,43.23656656,60.1
70.544,0.770862277,-0.596879688,42.77845594,60.5
70.556,0.770862277,-0.26487299,42.23656656,61.1
70.569,0.771733308,0.065913094,41.77845594,61.5
70.582,0.771733308,0.364963245,41.37845594,61.9
70.594,0.773039854,0.696969943,40.88464444,62.3
70.607,0.773910885,1.061933188,40.38464444,62.8
70.62,0.775217431,1.492809527,39.97845594,63.3
70.632,0.775652946,1.923685866,39.37845594,63.9
70.645,0.776959493,2.321605658,38.87845594,64.4
70.658,0.778266039,2.686568903,38.37845594,64.9
70.671,0.780879131,3.018575601,37.87845594,65.4
70.683,0.784363255,3.350582299,37.47845594,65.8
70.696,0.786976347,3.681368384,37.07845594,66.2
70.709,0.789153924,4.046331628,36.71415681,66.6
70.721,0.79046047,4.444251421,36.31415681,67
70.734,0.790895986,4.90930492,36.11415681,67.2
70.747,0.790895986,5.340181259,35.7079683,67.7
70.76,0.791767017,5.805234759,35.4079683,68
70.772,0.790895986,6.269067645,35.1079683,68.3
70.785,0.790895986,6.699943985,34.83795739,68.5
70.798,0.79046047,7.164997484,34.53795739,68.8
70.81,0.789153924,7.595873823,34.33795739,69
70.823,0.786540832,8.05970671,34.17984677,69.1
70.836,0.783056708,8.457626502,34.01554765,69.3
70.848,0.778266039,8.856766907,33.83934823,69.5
70.861,0.7743464,9.254686699,33.8688606,69.6
70.874,0.769120215,9.585472784,33.80456147,69.7
70.887,0.764329546,9.950436029,33.76406292,69.8
70.899,0.759103361,10.31539927,33.7997638,69.8
70.912,0.753877176,10.68036252,33.75926525,69.9
70.925,0.746908929,11.04532576,33.79496613,69.9
70.937,0.740811714,11.41028901,33.830667,69.9
70.95,0.734278982,11.77525225,33.98397995,69.9
70.963,0.727746251,12.1402155,34.02586933,69.8
70.975,0.721649036,12.50517874,34.15538169,69.8
70.988,0.715116304,12.83718544,34.12107166,69.8
71.001,0.709019089,13.20092807,34.25677253,69.7
71.014,0.702050842,13.53293477,34.42246249,69.5
71.026,0.695518111,13.89789802,34.58767573,69.5
71.039,0.689420895,14.22990471,34.6533657,69.4
71.052,0.683323679,14.56191141,34.91857894,69.3
71.064,0.676790948,14.85974095,35.0842689,69.1
71.077,0.670693732,15.19174765,35.24329363,69.2
71.09,0.665032032,15.48957718,35.40898359,69
71.103,0.658934816,15.78862733,35.56848505,68.9
71.115,0.652837601,16.12063403,35.78177618,68.7
71.128,0.646740385,16.41846357,36.02890062,68.7
71.141,0.640207654,16.71751372,36.29459058,68.4
71.153,0.634981469,17.01534326,36.59550469,68.3
71.166,0.628884253,17.28143686,36.56119466,68.3
71.179,0.622787037,17.5792664,36.85639698,68.1
71.191,0.616689822,17.87831655,37.15159931,67.9
71.204,0.610592606,18.14318954,37.32300106,67.8
71.217,0.60449539,18.40928314,37.51820339,67.7
71.23,0.59883369,18.67415613,37.81340572,67.5
71.242,0.592736474,18.94024974,37.96671867,67.5
71.255,0.586639258,19.20512273,38.18000979,67.3
71.268,0.581413073,19.46999572,38.46902361,67.2
71.28,0.574444827,19.70313277,38.64090208,66.9
71.293,0.568783126,19.96800576,38.9237274,66.9
71.306,0.562685911,20.19992221,39.10750616,66.6
71.318,0.557459726,20.3988821,39.39033147,66.6
71.331,0.551798025,20.597842,39.56220994,66.3
71.344,0.548749417,19.03911938,39.16561678,66.6
71.357,0.549184933,16.75047027,38.91479655,66.4
71.369,0.551798025,15.29061729,38.85390426,66.4
71.382,0.552669056,16.05350033,38.98000979,66.5
71.395,0.552669056,16.41846357,39.13951125,66.4
71.407,0.552669056,16.45264073,39.08000979,66.4
71.42,0.553104572,16.68455717,39.13951125,66.4
71.433,0.553104572,16.94943016,39.07521212,66.5
71.446,0.553104572,17.18134661,39.14090208,66.4
71.458,0.553104572,17.3803065,39.17041445,66.5
71.471,0.553104572,17.77944691,39.37180529,66.3
71.484,0.552669056,18.34214944,39.56081911,66.3
71.496,0.551798025,19.20512273,39.79791082,66.1
71.509,0.550055964,20.16696566,40.28212697,65.9
71.522,0.543087717,21.19472169,40.98443192,65.4
71.534,0.527844678,22.09065153,42.02675869,64.7
71.547,0.507810969,22.88649111,42.82814952,63.9
71.56,0.488648291,23.48459141,43.32814952,63.4
71.573,0.47166319,23.91546775,43.8700389,62.8
71.585,0.459033243,24.21329729,44.22814952,62.5
71.598,0.449016388,24.37930064,44.41053745,62.2
71.611,0.441612626,24.51234744,44.56864807,62.1
71.623,0.436386442,24.54530399,44.6391357,61.9
71.636,0.432466803,24.57826053,44.70914661,61.9
71.649,0.428111649,24.64539424,44.81533512,61.7
71.661,0.425063041,24.71130734,44.81533512,61.7
71.674,0.421578918,24.81017698,44.91533512,61.6
71.687,0.418094794,24.91026723,45.01533512,61.5
71.7,0.414175156,25.01035749,45.11533512,61.4
71.712,0.411562063,25.10922713,45.21533512,61.3
71.725,0.407642424,25.17514022,45.31533512,61.2
71.738,0.405464847,25.24227393,45.27963425,61.2
71.75,0.402851755,25.24227393,45.28582275,61.1
71.763,0.401109693,25.24227393,45.38582275,61
71.776,0.398932116,25.20931738,45.35012188,61
71.789,0.39762557,25.20931738,45.4082325,61
71.801,0.395447993,25.20931738,45.5082325,60.9
71.814,0.394141447,25.24227393,45.5082325,60.9
71.827,0.3928349,25.27523048,45.5082325,60.9
71.839,0.392399385,25.27523048,45.6082325,60.8
71.852,0.391092839,25.27523048,45.58443192,60.8
71.865,0.389786293,25.24227393,45.77824341,60.7
71.877,0.388044231,25.20931738,45.68443192,60.7
71.89,0.387608716,25.17514022,45.68443192,60.7
71.903,0.386737685,25.10922713,45.54873104,60.8
71.916,0.386737685,25.04331403,45.61303017,60.7
71.928,0.386302169,24.97618033,45.70684166,60.7
71.941,0.385431138,24.91026723,45.68304108,60.7
71.954,0.385431138,24.81017698,45.64734021,60.7
71.966,0.385431138,24.74426388,45.61782784,60.6
71.979,0.384995623,24.67835079,45.57593846,60.7
71.992,0.384995623,24.61121708,45.55832639,60.6
72.004,0.384995623,24.51234744,45.45832639,60.7
72.017,0.384124592,24.41225719,45.52262551,60.6
72.03,0.384995623,24.31338754,45.48073613,60.7
72.043,0.384124592,24.21329729,45.46312406,60.6
72.055,0.384995623,24.0814711,45.3855338,60.7
72.068,0.384124592,23.9484243,45.26220994,60.6
72.081,0.384124592,23.8153775,45.23222086,60.7
72.093,0.384124592,23.64937415,45.16700762,60.6
72.106,0.384995623,23.51754796,45.13701853,60.7
72.119,0.384995623,23.38450116,45.20131765,60.6
72.132,0.384995623,23.21849781,45.15942827,60.7
72.144,0.384995623,23.08545101,45.12991591,60.6
72.157,0.384995623,22.92066827,45.00611532,60.7
72.17,0.384995623,22.75466492,45.03471358,60.6
72.182,0.385431138,22.55570503,44.87521212,60.7
72.195,0.385431138,22.38970168,44.83951125,60.7
72.208,0.385431138,22.19074178,44.7861983,60.6
72.22,0.385431138,21.99178189,44.74430892,60.7
72.233,0.385431138,21.79282199,44.67909568,60.6
72.246,0.386302169,21.59386209,44.71340572,60.6
72.259,0.386302169,21.3949022,44.67770484,60.6
72.271,0.386302169,21.16176514,44.60582637,60.8
72.284,0.386302169,20.96280525,44.64680164,60.5
72.297,0.386737685,20.76384535,44.48111168,60.7
72.309,0.386737685,20.53192891,44.45159931,60.6
72.322,0.387608716,20.33296901,44.38590935,60.7
72.335,0.388044231,20.10105257,44.32069611,60.6
72.347,0.388044231,19.83495896,44.25500615,60.7
72.36,0.388915262,19.60304252,44.2016932,60.6
72.373,0.389786293,19.37112608,44.16599233,60.6
72.386,0.390221808,19.10503247,44.00077909,60.6
72.398,0.391528354,18.87311603,43.94127763,60.6
72.411,0.392399385,18.60824304,43.87558767,60.7
72.424,0.3928349,18.34214944,43.90418592,60.6
72.436,0.394141447,18.07727645,43.74468447,60.7
72.449,0.395012478,17.81240346,43.65567064,60.6
72.462,0.396319024,17.54630985,43.57808039,60.7
72.475,0.396754539,17.24848031,43.52476744,60.6
72.487,0.39762557,16.98238671,43.44717719,60.7
72.5,0.398932116,16.68455717,43.39386424,60.6
72.513,0.400238662,16.35255048,43.1924734,60.8
72.525,0.401545209,16.02054378,43.12107166,60.8
72.538,0.402851755,15.68975769,43.0615702,60.8
72.551,0.404158301,15.357751,42.89016846,60.9
72.563,0.405464847,14.99278775,42.830667,60.9
72.576,0.406771394,14.66078105,42.66545376,60.9
72.589,0.408948971,14.29581781,42.5997638,61
72.602,0.410255517,13.89789802,42.47025143,61
72.614,0.412433094,13.53293477,42.34026234,61.2
72.627,0.41373964,13.16797153,42.24026234,61.3
72.64,0.415481702,12.80300828,42.20456147,61.3
72.652,0.416788248,12.4722222,42.10456147,61.4
72.665,0.418965825,12.10725895,42.01074998,61.4
72.678,0.421143402,11.74229571,41.91074998,61.5
72.69,0.422885464,11.34437591,41.7750491,61.6
72.703,0.425063041,10.97941267,41.7688606,61.7
72.716,0.427676133,10.61444942,41.66267209,61.9
72.729,0.42985371,10.24948618,41.56267209,62
72.741,0.431595772,9.884522934,41.40456147,62.1
72.754,0.433773349,9.486603142,41.2688606,62.2
72.767,0.435515411,9.154596445,41.2688606,62.2
72.779,0.437692988,8.7896332,41.0688606,62.4
72.792,0.44030608,8.391713407,40.9688606,62.5
72.805,0.442483657,7.993793615,40.8688606,62.6
72.818,0.44509675,7.62883037,40.76267209,62.8
72.83,0.446838811,7.230910578,40.6688606,62.8
72.843,0.449016388,6.865947333,40.43315972,63
72.856,0.451629481,6.500984088,40.33315972,63.1
72.868,0.453807058,6.103064296,40.13315972,63.3
72.881,0.45554912,5.738101051,40.0688606,63.4
72.894,0.458597727,5.373137807,39.93315972,63.5
72.906,0.46121082,4.975218014,39.73315972,63.7
72.919,0.462952882,4.610254769,39.63315972,63.8
72.932,0.465565974,4.212334977,39.53315972,63.9
72.945,0.468614582,3.847371732,39.30935914,64.1
72.957,0.471227674,3.482408487,39.20935914,64.2
72.97,0.473840767,3.084488695,39.01554765,64.3
72.983,0.476453859,2.71952545,38.90935914,64.5
72.995,0.478631436,2.354562206,38.70935914,64.7
73.008,0.481244529,1.989598961,38.47365827,64.9
73.021,0.48298659,1.625856329,38.27365827,65.1
73.033,0.486470714,1.260893084,38.07365827,65.3
73.046,0.488648291,0.895929839,37.87365827,65.5
73.059,0.491696899,0.498010047,37.53176889,65.9
73.072,0.494309991,0.133046802,37.33795739,66
73.084,0.496923084,-0.231916443,37.1079683,66.3
73.097,0.499971691,-0.629836235,36.83176889,66.6
73.11,0.502584784,-0.99479948,36.5079683,66.9
73.122,0.505633392,-1.359762725,36.13176889,67.3
73.135,0.509117515,-1.691769423,35.83176889,67.6
73.148,0.511295092,-1.989598961,35.53795739,67.8
73.161,0.513037154,-2.288649111,35.23795739,68.1
73.173,0.5143437,-2.553522102,34.93795739,68.4
73.186,0.515650246,-2.819615705,34.67984677,68.6
73.199,0.517392308,-3.051532148,34.47365827,68.9
73.211,0.517827823,-3.316405139,34.40935914,69
73.224,0.51913437,-3.615455289,34.20317063,69.3
73.237,0.520440916,-3.980418534,34.00935914,69.4
73.249,0.522618493,-4.378338326,33.67365827,69.7
73.262,0.525667101,-4.809214666,33.37984677,69.9
73.275,0.530022255,-5.241311618,33.17365827,70.2
73.288,0.533941894,-5.705144504,32.97365827,70.4
73.3,0.539168078,-6.203154551,32.76746976,70.7
73.313,0.544394263,-6.666987437,32.57365827,70.8
73.326,0.548749417,-7.132040937,32.37365827,71
73.338,0.552669056,-7.595873823,32.31554765,71
73.351,0.556588695,-8.026750163,32.21554765,71.1
73.364,0.560508334,-8.424669955,32.33315972,71.1
73.376,0.565299003,-8.7896332,32.4688606,71
73.389,0.568783126,-9.187552992,32.59837296,71
73.402,0.57313828,-9.585472784,32.69837296,70.9
73.415,0.577493435,-9.950436029,32.92788533,70.8
73.427,0.58271962,-10.34835582,33.06406292,70.5
73.44,0.587510289,-10.71331907,33.1997638,70.4
73.453,0.591865443,-11.11123886,33.43546467,70.2
73.465,0.596656113,-11.4762021,33.75307675,70
73.478,0.600575751,-11.8082088,34.09496613,69.6
73.491,0.605366421,-12.20612859,34.32447849,69.5
73.504,0.61015709,-12.57109184,34.66636787,69.1
73.516,0.615383275,-12.93605508,34.89016846,68.9
73.529,0.621916006,-13.33397487,35.23205784,68.5
73.542,0.629319768,-13.73189467,35.59155929,68.2
73.554,0.63672353,-14.09685791,35.95677253,68
73.567,0.645433839,-14.46182116,36.3924734,67.6
73.58,0.653273116,-14.79382785,36.71627399,67.3
73.592,0.661547909,-15.12583455,37.08767573,67
73.605,0.669387186,-15.45662064,37.32337661,66.8
73.618,0.678968525,-15.78862733,37.68906657,66.4
73.631,0.686807803,-16.12063403,37.91857894,66.3
73.643,0.696389142,-16.41846357,38.2842689,65.9
73.656,0.704228419,-16.71751372,38.54948214,65.8
73.669,0.712067697,-17.01534326,38.9151721,65.4
73.681,0.720342489,-17.31439341,39.16848505,65.3
73.694,0.727746251,-17.61344356,39.4398868,65.1
73.707,0.735150013,-17.87831655,39.92890062,64.8
73.719,0.741682744,-18.14318954,40.23029145,64.5
73.732,0.74777996,-18.40928314,40.51930527,64.4
73.745,0.749086506,-18.64119959,40.72069611,64.2
73.758,0.746473414,-18.90607258,40.92779873,64.1
73.77,0.744295837,-19.17216618,41.12918957,63.9
73.783,0.750393053,-19.43703917,41.41820339,63.8
73.796,0.757796815,-19.66895561,41.84291808,63.6
73.808,0.766507123,-19.93504922,42.04430892,63.4
73.821,0.7743464,-20.16696566,42.33951125,63.2
73.834,0.782621193,-20.43183865,42.63471358,63
73.847,0.79046047,-20.63201916,43.00611532,62.7
73.859,0.797864232,-20.49897236,43.20131765,62.6
73.872,0.80091284,-18.60824304,42.07041445,63.6
73.885,0.800477325,-16.81638336,41.58000979,63.9
73.897,0.798299748,-16.28663738,41.37770484,63.9
73.91,0.797864232,-16.58446692,41.35390426,63.9
73.923,0.797864232,-16.58446692,41.55390426,63.7
73.935,0.797864232,-16.51855382,41.51820339,63.7
73.948,0.797864232,-16.58446692,41.51820339,63.7
73.961,0.797864232,-16.58446692,41.61820339,63.6
73.974,0.797864232,-16.61742347,41.68250252,63.5
73.986,0.797864232,-16.61742347,41.68250252,63.5
73.999,0.796993202,-16.85056052,41.78250252,63.4
74.012,0.797864232,-17.61344356,42.01820339,63.2
74.024,0.797864232,-18.84015948,42.51340572,62.8
74.037,0.800477325,-20.13400911,43.17521212,62.4
74.05,0.809623149,-21.2618554,44.06700762,61.7
74.062,0.829656857,-22.22369833,45.22262551,60.9
74.075,0.856658813,-22.98658137,46.11303017,60.2
74.088,0.883225253,-23.58346105,46.9082325,59.5
74.101,0.906743085,-24.01433739,47.47963425,59
74.113,0.925470248,-24.31338754,48.00914661,58.6
74.126,0.940277772,-24.47939089,48.20914661,58.4
74.139,0.952036688,-24.61121708,48.37963425,58.1
74.151,0.961618027,-24.71130734,48.57963425,57.9
74.164,0.969021789,-24.77722043,48.48582275,57.9
74.177,0.975990035,-24.84435414,48.64393337,57.8
74.19,0.981651736,-24.91026723,48.84393337,57.6
74.202,0.986877921,-24.97618033,48.94393337,57.5
74.215,0.992104106,-25.07627058,48.95012188,57.4
74.228,0.997765806,-25.14218368,49.14393337,57.3
74.24,1.00212096,-25.24227393,49.24393337,57.2
74.253,1.00778266,-25.27523048,49.33774487,57.2
74.266,1.011702299,-25.34114357,49.44393337,57
74.278,1.015621938,-25.34114357,49.53774487,57
74.291,1.019106061,-25.37410012,49.5082325,56.9
74.304,1.022154669,-25.37410012,49.5082325,56.9
74.317,1.024332246,-25.37410012,49.48443192,56.9
74.329,1.026945338,-25.37410012,49.48443192,56.9
74.342,1.029122916,-25.37410012,49.67824341,56.8
74.355,1.030864977,-25.34114357,49.58443192,56.8
74.367,1.033042554,-25.34114357,49.54254254,56.9
74.38,1.0343491,-25.34114357,49.54873104,56.8
74.393,1.036091162,-25.30818702,49.54254254,56.9
74.405,1.036962193,-25.27523048,49.54873104,56.8
74.418,1.038268739,-25.24227393,49.50684166,56.9
74.431,1.039575285,-25.17514022,49.51921868,56.7
74.444,1.040446316,-25.14218368,49.50684166,56.9
74.456,1.040881832,-25.07627058,49.3954181,56.8
74.469,1.041752862,-24.97618033,49.38922959,56.9
74.482,1.041752862,-24.87731068,49.38922959,56.9
74.494,1.042188378,-24.81017698,49.38922959,56.9
74.507,1.042188378,-24.71130734,49.48922959,56.8
74.52,1.043059409,-24.64539424,49.48304108,56.9
74.533,1.043059409,-24.54530399,49.45352872,56.8
74.545,1.043059409,-24.44643435,49.35352872,56.9
74.558,1.043059409,-24.31338754,49.31782784,56.9
74.571,1.043494924,-24.18034074,49.31782784,56.9
74.583,1.043059409,-24.04729394,49.31782784,56.9
74.596,1.043059409,-23.8825112,49.28212697,56.9
74.609,1.043059409,-23.7494644,49.27593846,57
74.621,1.043059409,-23.58346105,49.25832639,56.9
74.634,1.043059409,-23.45041425,49.25213788,57
74.647,1.043059409,-23.31858806,49.22262551,56.9
74.66,1.043059409,-23.18554126,49.21643701,57
74.672,1.043059409,-23.01953791,49.12262551,57
74.685,1.043059409,-22.85353456,49.08692464,57
74.698,1.042188378,-22.68753122,48.96931256,57
74.71,1.042188378,-22.52152787,48.96312406,57.1
74.723,1.042188378,-22.32256797,49.02742318,57
74.736,1.041752862,-22.12360807,48.89172231,57.1
74.748,1.041752862,-21.89169163,48.89172231,57.1
74.761,1.040881832,-21.65977519,48.85602144,57.1
74.774,1.040446316,-21.46081529,48.83222086,57.1
74.787,1.040446316,-21.2618554,48.79651998,57.1
74.799,1.040446316,-21.02993895,48.76081911,57.1
74.812,1.039575285,-20.83097906,48.63701853,57.2
74.825,1.03913977,-20.597842,48.60131765,57.2
74.837,1.03913977,-20.36592556,48.56561678,57.2
74.85,1.038268739,-20.13400911,48.47180529,57.2
74.863,1.038268739,-19.86913612,48.33610441,57.3
74.876,1.037833224,-19.60304252,48.39992682,57.4
74.888,1.036962193,-19.37112608,48.36422594,57.4
74.901,1.036091162,-19.13920963,48.210913,57.4
74.914,1.036091162,-18.87311603,48.13951125,57.4
74.926,1.035655647,-18.64119959,47.98000979,57.5
74.939,1.034784616,-18.3763266,47.84430892,57.6
74.952,1.0343491,-18.11023299,47.77290717,57.6
74.964,1.03347807,-17.84536,47.61340572,57.7
74.977,1.033042554,-17.5792664,47.45390426,57.8
74.99,1.032171523,-17.28143686,47.37631401,57.9
75.003,1.031736008,-16.98238671,47.22300106,57.9
75.015,1.030864977,-16.68455717,47.05159931,58
75.028,1.029558431,-16.38550702,46.85639698,58.1
75.041,1.029122916,-16.08767749,46.69689553,58.2
75.053,1.028251885,-15.75567079,46.6016932,58.2
75.066,1.026945338,-15.45662064,46.43029145,58.3
75.079,1.026074308,-15.1587911,46.27079,58.4
75.091,1.024767761,-14.8267844,46.07558767,58.5
75.104,1.024332246,-14.4947777,45.76848505,58.7
75.117,1.0230257,-14.19694817,45.6151721,58.7
75.13,1.021719154,-13.86494147,45.41378126,58.9
75.142,1.020412607,-13.49997822,45.24856802,58.9
75.155,1.019541576,-13.16797153,44.94717719,59.2
75.168,1.01823503,-12.80300828,44.65816337,59.3
75.18,1.016928484,-12.40508849,44.3924734,59.6
75.193,1.014750907,-11.97421215,43.99155929,59.8
75.206,1.013444361,-11.57629236,43.59016846,60.2
75.219,1.011702299,-11.14541602,43.43685551,60.2
75.231,1.010395753,-10.71331907,43.05307675,60.7
75.244,1.009089207,-10.28244273,42.73546467,60.9
75.257,1.00691163,-9.917479482,42.45787442,61.2
75.269,1.004734053,-9.552516237,42.24026234,61.3
75.282,1.003427506,-9.221730152,41.84026234,61.7
75.295,1.00212096,-8.889723454,41.64026234,61.9
75.307,1.000814414,-8.557716756,41.44026234,62.1
75.32,0.999072352,-8.192753511,41.24026234,62.3
75.333,0.996894775,-7.827790266,40.90456147,62.6
75.346,0.995588229,-7.495783569,40.69837296,62.9
75.358,0.993410652,-7.097863777,40.30456147,63.2
75.371,0.99166859,-6.732900532,39.99837296,63.6
75.384,0.990362044,-6.33498074,39.61074998,63.8
75.396,0.988184467,-5.937060947,39.1688606,64.3
75.409,0.986877921,-5.572097703,38.8750491,64.5
75.422,0.985571374,-5.17417791,38.49837296,65.1
75.434,0.982958282,-4.809214666,38.20456147,65.3
75.447,0.981651736,-4.411294873,37.76267209,65.8
75.46,0.979474159,-4.079288176,37.33934823,66
75.473,0.978167612,-3.715545544,36.93315972,66.5
75.485,0.975990035,-3.316405139,36.41554765,66.9
75.498,0.974247974,-2.918485347,35.87365827,67.5
75.511,0.971634881,-2.487609007,35.33795739,68
75.523,0.969457304,-2.122645762,34.71415681,68.6
75.536,0.967279727,-1.757682517,34.11415681,69.2
75.549,0.965537666,-1.42567582,33.51415681,69.8
75.562,0.964231119,-1.094889735,32.91415681,70.4
75.574,0.962924573,-0.762883037,32.27845594,71
75.587,0.961618027,-0.430876339,31.67845594,71.6
75.6,0.960311481,-0.100090254,31.07845594,72.2
75.612,0.95944045,0.198959896,30.57226743,72.8
75.625,0.95944045,0.498010047,30.01415681,73.3
75.638,0.95944045,0.828796131,29.5079683,73.9
75.65,0.959004934,1.193759376,28.77845594,74.5
75.663,0.958133904,1.625856329,27.97845594,75.3
75.676,0.956827357,2.023776121,27.18464444,76
75.689,0.95464978,2.421695913,26.47845594,76.8
75.701,0.952907719,2.786659158,25.77845594,77.5
75.714,0.951601172,3.084488695,25.17226743,78.2
75.727,0.950294626,3.383538846,24.51415681,78.8
75.739,0.949423595,3.681368384,24.01415681,79.3
75.752,0.949423595,3.947461987,23.51415681,79.8
75.765,0.949423595,4.212334977,23.11415681,80.2
75.777,0.94898808,4.544341675,22.61415681,80.7
75.79,0.948117049,4.90930492,22.21415681,81.1
75.803,0.94419741,5.307224712,21.81415681,81.5
75.816,0.936793648,5.738101051,21.43795739,81.9
75.828,0.925905763,6.168977391,21.13795739,82.2
75.841,0.913275816,6.63403089,20.97365827,82.4
75.854,0.900210354,7.064907229,20.90935914,82.5
75.866,0.88540283,7.529960729,20.80935914,82.6
75.879,0.870159791,7.960837068,20.73934823,82.6
75.892,0.855352267,8.424669955,20.7688606,82.7
75.905,0.839673712,8.856766907,20.94026234,82.6
75.917,0.824430672,9.287643246,20.8997638,82.7
75.93,0.809623149,9.685563038,21.05926525,82.6
75.943,0.795686655,10.11643938,21.26636787,82.5
75.955,0.781750162,10.51435917,21.5615702,82.3
75.968,0.767813669,10.94645612,21.82107166,82.1
75.981,0.754312691,11.34437591,22.11627399,81.9
75.993,0.740811714,11.74229571,22.38767573,81.7
76.006,0.727746251,12.1402155,22.68287806,81.5
76.019,0.715116304,12.53813529,23.04237952,81.2
76.032,0.702050842,12.93605508,23.47328272,80.9
76.044,0.689420895,13.30101833,23.66848505,80.8
76.057,0.677661979,13.66598157,24.0398868,80.5
76.07,0.665467548,14.03094482,24.44127763,80.1
76.082,0.654144147,14.39590806,24.76599233,80
76.095,0.642820746,14.72669415,25.16738316,79.6
76.108,0.631932861,15.05870084,25.55639698,79.4
76.12,0.621480491,15.39070754,25.95778782,79
76.133,0.611463637,15.68975769,26.34680164,78.8
76.146,0.600575751,16.02054378,26.65390426,78.6
76.159,0.591429928,16.31959393,26.94910659,78.4
76.171,0.580542042,16.65160063,27.35049743,78
76.184,0.571396219,16.94943016,27.63951125,77.9
76.197,0.561379364,17.28143686,28.07660296,77.5
76.209,0.551798025,17.54630985,28.46561678,77.3
76.222,0.542652202,17.84536,28.76081911,77.1
76.235,0.533070863,18.11023299,29.14983293,76.9
76.248,0.523925039,18.3763266,29.46312406,76.6
76.26,0.515214731,18.64119959,29.72262551,76.4
76.273,0.505633392,18.90607258,29.98212697,76.2
76.286,0.496923084,19.17216618,30.48304108,75.9
76.298,0.48777726,19.43703917,30.70684166,75.7
76.311,0.479066952,19.66895561,31.07824341,75.4
76.324,0.470356644,19.90209267,31.30204399,75.2
76.336,0.462517366,20.16696566,31.54393337,74.9
76.349,0.453807058,20.3988821,31.87963425,74.6
76.362,0.44509675,20.63201916,32.02152363,74.4
76.375,0.436821957,20.8639356,32.22152363,74.2
76.387,0.42898268,21.0628955,32.54532421,73.9
76.4,0.421143402,21.2618554,32.8391357,73.7
76.413,0.412433094,21.46081529,33.1391357,73.4
76.425,0.405029332,21.65977519,33.36864807,73.3
76.438,0.396754539,21.85873508,33.57483658,73
76.451,0.390221808,21.79282199,33.73294719,72.9
76.463,0.387608716,19.40408262,33.32262551,72.8
76.476,0.391092839,16.88351707,32.67041445,73
76.489,0.395447993,15.78862733,32.57521212,73
76.502,0.396319024,16.98238671,32.76081911,73.1
76.514,0.395447993,17.34734996,32.83222086,73.1
76.527,0.395447993,17.41448366,32.90270849,72.9
76.54,0.395447993,17.54630985,32.93222086,73
76.552,0.395447993,17.9784068,32.99791082,72.9
76.565,0.395447993,18.30919289,33.18692464,72.9
76.578,0.394141447,18.80720294,33.38831548,72.7
76.591,0.3928349,19.63599907,33.64873104,72.7
76.603,0.390221808,20.63201916,34.22152363,72.2
76.616,0.383689077,21.69273173,34.8700389,71.8
76.629,0.368010522,22.65457467,35.86524123,70.9
76.641,0.347541298,23.45041425,36.8947536,70
76.654,0.324023466,24.04729394,37.70094211,69.1
76.667,0.305296303,24.47939089,38.26524123,68.5
76.679,0.289182233,24.74426388,38.60573978,68.1
76.692,0.277858832,24.87731068,38.8700389,67.8
76.705,0.270019555,24.94322378,39.01053745,67.6
76.718,0.26479337,24.94322378,39.07483658,67.5
76.73,0.2600027,24.94322378,39.0391357,67.5
76.743,0.256518577,24.91026723,39.12152363,67.3
76.756,0.252598938,24.94322378,39.01533512,67.5
76.768,0.250421361,25.01035749,39.22152363,67.2
76.781,0.247372753,25.07627058,39.31533512,67.2
76.794,0.24388863,25.17514022,39.31533512,67.2
76.806,0.240404507,25.24227393,39.41533512,67.1
76.819,0.237355899,25.27523048,39.54532421,66.9
76.832,0.233871776,25.30818702,39.51533512,67
76.845,0.231694198,25.30818702,39.58582275,66.8
76.857,0.229081106,25.30818702,39.67963425,66.8
76.87,0.22777456,25.24227393,39.65012188,66.7
76.883,0.226032498,25.20931738,39.6082325,66.8
76.895,0.224725952,25.17514022,39.6082325,66.8
76.908,0.223854921,25.10922713,39.67824341,66.8
76.921,0.222548375,25.10922713,39.68443192,66.7
76.934,0.221677344,25.07627058,39.64873104,66.7
76.946,0.221241829,25.07627058,39.55491955,66.7
76.959,0.220370798,25.01035749,39.54873104,66.8
76.972,0.219935282,24.97618033,39.51303017,66.8
76.984,0.219935282,24.87731068,39.61303017,66.7
76.997,0.219064252,24.77722043,39.58922959,66.7
77.01,0.219064252,24.67835079,39.55352872,66.7
77.022,0.218628736,24.57826053,39.55352872,66.7
77.035,0.218628736,24.47939089,39.51782784,66.7
77.048,0.218628736,24.41225719,39.48212697,66.7
77.061,0.218628736,24.31338754,39.45832639,66.7
77.073,0.217757705,24.21329729,39.42262551,66.7
77.086,0.218628736,24.11442765,39.38692464,66.7
77.099,0.217757705,23.98138085,39.36312406,66.7
77.111,0.218628736,23.84833404,39.32742318,66.7
77.124,0.217757705,23.71650786,39.29172231,66.7
77.137,0.218628736,23.58346105,39.23222086,66.7
77.149,0.218628736,23.41745771,39.19651998,66.7
77.162,0.218628736,23.25145436,39.03701853,66.8
77.175,0.217757705,23.08545101,38.96561678,66.8
77.188,0.218628736,22.92066827,38.92991591,66.8
77.2,0.218628736,22.75466492,38.90611532,66.8
77.213,0.218628736,22.58866157,38.83471358,66.8
77.226,0.218628736,22.42265822,38.810913,66.8
77.238,0.218628736,22.22369833,38.73951125,66.8
77.251,0.218628736,22.02473843,38.60999888,66.8
77.264,0.219064252,21.82577854,38.55049743,66.8
77.277,0.219064252,21.62681864,38.50860805,66.9
77.289,0.219064252,21.42785874,38.44910659,66.9
77.302,0.219935282,21.19472169,38.37770484,66.9
77.315,0.220370798,20.99576179,38.31820339,66.9
77.327,0.220370798,20.76384535,38.28250252,66.9
77.34,0.221241829,20.56488545,38.22300106,66.9
77.353,0.221677344,20.33296901,38.25159931,66.8
77.365,0.221677344,20.10105257,38.19209786,66.8
77.378,0.223419406,19.86913612,38.0145076,67
77.391,0.223419406,19.63599907,37.96119466,66.9
77.404,0.224725952,19.40408262,37.92549378,66.9
77.416,0.224725952,19.13920963,37.77218083,66.9
77.429,0.226032498,18.90607258,37.79459058,66.9
77.442,0.226468014,18.64119959,37.69938825,66.9
77.454,0.227339044,18.3763266,37.6398868,66.9
77.467,0.228645591,18.11023299,37.56848505,66.9
77.48,0.229952137,17.84536,37.40898359,67
77.492,0.231258683,17.5792664,37.34329363,67.1
77.505,0.231694198,17.28143686,37.24237952,67
77.518,0.23343626,17.01534326,37.17668955,67.1
77.531,0.234742806,16.71751372,37.02337661,67.1
77.543,0.236049353,16.41846357,36.95197486,67.1
77.556,0.237355899,16.08767749,36.89866191,67
77.569,0.23909796,15.75567079,36.67918228,67.3
77.581,0.240404507,15.42366409,36.63205784,67.1
77.594,0.242582084,15.09165739,36.46636787,67.3
77.607,0.243453115,14.72669415,36.30115463,67.3
77.62,0.245195176,14.36295152,36.13546467,67.5
77.632,0.246501722,13.99798827,36.0059523,67.5
77.645,0.249114815,13.63302503,35.86406292,67.7
77.658,0.250421361,13.23510523,35.74645085,67.7
77.67,0.253469969,12.90309854,35.64026234,67.9
77.683,0.255212031,12.50517874,35.54026234,68
77.696,0.257825123,12.1402155,35.44026234,68.1
77.708,0.2600027,11.77525225,35.24026234,68.3
77.721,0.262615793,11.41028901,35.14645085,68.3
77.734,0.26479337,11.04532576,35.04026234,68.5
77.747,0.267406462,10.68036252,34.84026234,68.7
77.759,0.269148524,10.31539927,34.73407383,68.9
77.772,0.272197132,9.950436029,34.60456147,68.9
77.785,0.274810224,9.585472784,34.39837296,69.2
77.797,0.277423317,9.221730152,34.21074998,69.2
77.81,0.280036409,8.856766907,34.09837296,69.5
77.823,0.283520532,8.457626502,33.90456147,69.6
77.835,0.28656914,8.09388387,33.89218445,69.8
77.848,0.288746717,7.694743465,33.41074998,70
77.861,0.29135981,7.296823673,33.30456147,70.2
77.874,0.294843933,6.931860428,33.20456147,70.3
77.886,0.297892541,6.568117796,33.00456147,70.5
77.899,0.300505633,6.168977391,32.81074998,70.6
77.912,0.303989757,5.838191306,32.60456147,70.9
77.924,0.30747388,5.440271514,32.3688606,71.1
77.937,0.311393519,5.075308269,32.20456147,71.3
77.95,0.314877642,4.710345024,32.00456147,71.5
77.963,0.318797281,4.312425232,31.70456147,71.8
77.975,0.322281404,3.947461987,31.4688606,72
77.988,0.326201043,3.582498742,31.1688606,72.3
78.001,0.328814135,3.18457895,30.9688606,72.5
78.013,0.332733774,2.852572252,30.7688606,72.7
78.026,0.336217897,2.45465246,30.4688606,73
78.039,0.340137536,2.089689215,30.0688606,73.4
78.051,0.344057174,1.72472597,29.73315972,73.7
78.064,0.347976813,1.359762725,29.43315972,74
78.077,0.352767483,0.99479948,29.03315972,74.4
78.09,0.357993668,0.629836235,28.60935914,74.8
78.102,0.362784337,0.299050151,28.20935914,75.2
78.115,0.368881553,-0.065913094,27.80935914,75.6
78.128,0.374107738,-0.397919792,27.30935914,76.1
78.14,0.380204954,-0.762883037,26.77365827,76.6
78.153,0.386737685,-1.094889735,26.37365827,77
78.166,0.392399385,-1.42567582,25.77365827,77.6
78.178,0.39762557,-1.72472597,25.33795739,78
78.191,0.402416239,-1.989598961,24.83795739,78.5
78.204,0.406335878,-2.255692564,24.37365827,79
78.217,0.409820001,-2.520565554,23.97365827,79.4
78.229,0.412433094,-2.752481998,23.57365827,79.8
78.242,0.415046186,-2.985619054,23.17365827,80.2
78.255,0.418094794,-3.250492044,22.87365827,80.5
78.267,0.421578918,-3.549542195,22.57365827,80.8
78.28,0.426805102,-3.847371732,22.07365827,81.3
78.293,0.432466803,-4.17937843,21.67984677,81.6
78.306,0.438128503,-4.478428581,21.27365827,82.1
78.318,0.44509675,-4.809214666,20.83795739,82.5
78.331,0.452936027,-5.17417791,20.53176889,82.9
78.344,0.461646335,-5.539141155,20.37365827,83
78.356,0.473840767,-5.937060947,20.06746976,83.4
78.369,0.485164168,-6.33498074,19.90935914,83.5
78.382,0.497794114,-6.699943985,19.90317063,83.6
78.394,0.510424061,-7.097863777,19.93315972,83.5
78.407,0.523054008,-7.529960729,20.03315972,83.4
78.42,0.535683955,-7.927880521,20.1688606,83.3
78.433,0.548749417,-8.325800313,20.53407383,83.1
78.445,0.560508334,-8.756676652,20.7059523,82.8
78.458,0.571396219,-9.154596445,21.16545376,82.4
78.471,0.580542042,-9.585472784,21.59496613,82.1
78.483,0.588816835,-10.01756974,22.16636787,81.6
78.496,0.597962659,-10.44844608,22.72586933,81.1
78.509,0.60928606,-10.91227896,23.18537078,80.7
78.521,0.624093584,-11.41028901,23.75058402,80.3
78.534,0.640207654,-11.90829906,24.21627399,79.8
78.547,0.658934816,-12.37213194,24.8171881,79.4
78.56,0.677661979,-12.83718544,25.18906657,78.9
78.572,0.696824657,-13.30101833,25.74237952,78.5
78.585,0.71555182,-13.69893812,26.25567064,78
78.598,0.735150013,-14.12981446,26.80279509,77.7
78.61,0.753006145,-14.4947777,27.31037443,77.1
78.623,0.771733308,-14.85974095,27.77558767,76.8
78.636,0.789153924,-15.22470419,28.2769785,76.3
78.648,0.807010056,-15.58966744,28.63029145,76.1
78.661,0.824430672,-15.92167414,29.1016932,75.7
78.674,0.841415773,-16.25246022,29.59689553,75.3
78.687,0.857965359,-16.58446692,29.95639698,75
78.699,0.874079429,-16.88351707,30.45159931,74.6
78.712,0.890629015,-17.21552377,30.82300106,74.3
78.725,0.906743085,-17.5133533,31.1243919,74
78.737,0.922857155,-17.81240346,31.61340572,73.7
78.75,0.938100195,-18.11023299,32.10860805,73.3
78.763,0.953343234,-18.3763266,32.49762187,73.1
78.776,0.968150758,-18.67415613,32.910913,72.7
78.788,0.982958282,-18.94024974,33.19992682,72.6
78.801,0.997765806,-19.17216618,33.47180529,72.2
78.814,1.011702299,-19.43703917,33.76081911,72.1
78.826,1.025638792,-19.66895561,34.15602144,71.8
78.839,1.039575285,-19.90209267,34.56312406,71.5
78.852,1.053076263,-20.13400911,34.95832639,71.2
78.864,1.066577241,-20.36592556,35.24734021,71.1
78.877,1.080513734,-20.597842,35.51303017,70.8
78.89,1.093579196,-20.83097906,35.84254254,70.6
78.903,1.106644659,-20.99576179,36.2082325,70.2
78.915,1.115790482,-19.90209267,35.77824341,70.7
78.928,1.116661513,-17.84536,34.92262551,71.2
78.941,1.113612905,-16.38550702,33.86081911,72
78.953,1.112306359,-16.61742347,34.36561678,71.4
78.966,1.111870844,-16.65160063,34.3237274,71.5
78.979,1.111870844,-16.35255048,34.1237274,71.7
78.992,1.111870844,-16.41846357,34.40611532,71.3
79.004,1.111870844,-16.41846357,34.36422594,71.4
79.017,1.110999813,-16.45264073,34.27041445,71.4
79.03,1.110564297,-16.58446692,34.47041445,71.2
79.042,1.110564297,-17.24848031,34.67041445,71
79.055,1.110999813,-18.47519624,35.22991591,70.5
79.068,1.115790482,-20.00096231,36.03222086,69.9
79.08,1.128420429,-21.29481194,36.91782784,69.3
79.093,1.153244808,-22.28961142,37.91533512,68.6
79.106,1.185908463,-22.98658137,38.83433803,67.8
79.119,1.218572119,-23.51754796,39.70573978,67
79.131,1.246880621,-23.91546775,40.3700389,66.3
79.144,1.269527422,-24.18034074,40.8700389,65.8
79.157,1.287383554,-24.37930064,41.13433803,65.5
79.169,1.303062109,-24.51234744,41.41053745,65.2
79.182,1.314821025,-24.64539424,41.71053745,64.9
79.195,1.32570891,-24.74426388,41.87483658,64.7
79.207,1.334419218,-24.81017698,42.07483658,64.5
79.22,1.343129527,-24.87731068,42.1391357,64.4
79.233,1.350533289,-24.97618033,42.2391357,64.3
79.246,1.35706602,-25.04331403,42.32152363,64.1
79.258,1.363163236,-25.10922713,42.41533512,64.1
79.271,1.369695967,-25.17514022,42.61533512,63.9
79.284,1.374922152,-25.24227393,42.81533512,63.7
79.296,1.380583852,-25.30818702,42.91533512,63.6
79.309,1.384939006,-25.34114357,43.00914661,63.6
79.322,1.389729676,-25.37410012,43.20914661,63.4
79.335,1.393213799,-25.37410012,43.17344574,63.4
79.347,1.397133438,-25.37410012,43.17963425,63.3
79.36,1.39974653,-25.37410012,43.14393337,63.3
79.373,1.402359622,-25.37410012,43.14393337,63.3
79.385,1.404972715,-25.37410012,43.13774487,63.4
79.398,1.407150292,-25.34114357,43.24393337,63.2
79.411,1.409327869,-25.30818702,43.20204399,63.3
79.423,1.411069931,-25.30818702,43.11442101,63.2
79.436,1.413247508,-25.27523048,43.2082325,63.2
79.449,1.413683023,-25.24227393,43.08443192,63.3
79.462,1.414989569,-25.17514022,43.18443192,63.2
79.474,1.416296116,-25.14218368,43.18443192,63.2
79.487,1.417167146,-25.07627058,43.04873104,63.3
79.5,1.417602662,-24.97618033,43.04873104,63.3
79.512,1.418473693,-24.87731068,43.04873104,63.3
79.525,1.419344724,-24.81017698,43.04873104,63.3
79.538,1.419344724,-24.71130734,43.05491955,63.2
79.55,1.419780239,-24.61121708,43.01303017,63.3
79.563,1.42065127,-24.54530399,43.01921868,63.2
79.576,1.42065127,-24.44643435,43.01303017,63.3
79.589,1.42065127,-24.34634409,43.01921868,63.2
79.601,1.42065127,-24.21329729,43.08304108,63.3
79.614,1.42065127,-24.04729394,43.05352872,63.2
79.627,1.42065127,-23.91546775,43.04734021,63.3
79.639,1.42065127,-23.7494644,42.95352872,63.3
79.652,1.42065127,-23.6164176,42.95352872,63.3
79.665,1.42065127,-23.48459141,42.95352872,63.3
79.678,1.42065127,-23.35154461,42.91782784,63.3
79.69,1.42065127,-23.21849781,42.78212697,63.4
79.703,1.419780239,-23.08545101,42.78212697,63.4
79.716,1.419780239,-22.92066827,42.77593846,63.5
79.728,1.419780239,-22.72170838,42.75832639,63.4
79.741,1.419344724,-22.55570503,42.72262551,63.4
79.754,1.418473693,-22.35674513,42.59311315,63.4
79.766,1.418473693,-22.15778523,42.58073613,63.6
79.779,1.418473693,-21.92464818,42.56312406,63.5
79.792,1.417602662,-21.72568828,42.42742318,63.6
79.805,1.417167146,-21.52672839,42.39791082,63.5
79.817,1.417167146,-21.29481194,42.39172231,63.6
79.83,1.416296116,-21.09585205,42.35602144,63.6
79.843,1.416296116,-20.8639356,42.33222086,63.6
79.855,1.4158606,-20.63201916,42.29651998,63.6
79.868,1.414989569,-20.3988821,42.16081911,63.7
79.881,1.414554054,-20.16696566,42.23701853,63.6
79.893,1.414554054,-19.93504922,42.19512915,63.7
79.906,1.413683023,-19.66895561,42.05942827,63.8
79.919,1.413247508,-19.43703917,42.0237274,63.8
79.932,1.412376477,-19.20512273,41.86422594,63.9
79.944,1.411940962,-18.94024974,41.6171015,63.9
79.957,1.411069931,-18.70711268,41.53951125,64
79.97,1.410634415,-18.44223969,41.50999888,63.9
79.982,1.409763384,-18.1773667,41.34430892,64.1
79.995,1.408456838,-17.9112731,41.24910659,64.1
80.008,1.407585807,-17.64640011,41.07770484,64.2
80.02,1.407150292,-17.34734996,40.81820339,64.4
80.033,1.405843746,-17.04952042,40.64680164,64.5
80.046,1.404972715,-16.75047027,40.59348869,64.4
80.059,1.403666169,-16.45264073,40.39209786,64.6
80.071,1.402359622,-16.15359058,40.22069611,64.7
80.084,1.401053076,-15.82158388,40.16119466,64.7
80.097,1.400617561,-15.52375434,39.96599233,64.8
80.109,1.398875499,-15.22470419,39.79459058,64.9
80.122,1.397568953,-14.8926975,39.72890062,65
80.135,1.397133438,-14.59486796,39.56939916,65.1
80.148,1.395826891,-14.26286126,39.26848505,65.2
80.16,1.393649314,-13.93085456,38.97328272,65.4
80.173,1.392342768,-13.56589132,38.67808039,65.6
80.186,1.390600706,-13.23510523,38.38287806,65.8
80.198,1.388858645,-12.83718544,38.1171881,66.1
80.211,1.387552099,-12.4722222,37.81008548,66.3
80.224,1.385810037,-12.0743024,37.42107166,66.5
80.236,1.384503491,-11.675162,37.0615702,66.8
80.249,1.381890398,-11.24428566,36.69016846,67.1
80.262,1.379712821,-10.84636587,36.39496613,67.3
80.275,1.377099729,-10.44844608,36.05926525,67.6
80.287,1.374922152,-10.05052628,35.73546467,67.9
80.3,1.372309059,-9.685563038,35.3997638,68.2
80.313,1.370566998,-9.320599793,35.06406292,68.5
80.325,1.36751839,-8.955636548,34.66406292,68.9
80.338,1.364905297,-8.623629851,34.34026234,69.2
80.351,1.363163236,-8.258666606,33.94645085,69.5
80.363,1.360550143,-7.894923974,33.60456147,69.9
80.376,1.357501535,-7.529960729,33.30456147,70.2
80.389,1.354452927,-7.164997484,32.89837296,70.7
80.402,1.351839835,-6.800034239,32.60456147,70.9
80.414,1.348355712,-6.402114447,32.20456147,71.3
80.427,1.344871588,-6.004194655,31.70456147,71.8
80.44,1.34182298,-5.60505425,31.20456147,72.3
80.452,1.337467826,-5.207134458,30.6688606,72.8
80.465,1.333548188,-4.842171213,30.1688606,73.3
80.478,1.330064064,-4.444251421,29.5688606,73.9
80.491,1.326144426,-4.079288176,28.93315972,74.5
80.503,1.322224787,-3.715545544,28.32697121,75.2
80.516,1.318305148,-3.350582299,27.73315972,75.7
80.529,1.31438551,-2.985619054,27.12697121,76.4
80.541,1.310030355,-2.620655809,26.43315972,77
80.554,1.305675201,-2.255692564,25.80935914,77.6
80.567,1.300884532,-1.923685866,25.10935914,78.3
80.579,1.296964893,-1.558722621,24.40935914,79
80.592,1.292174224,-1.226715924,23.67365827,79.7
80.605,1.287383554,-0.895929839,22.87365827,80.5
80.618,1.2830284,-0.563923141,22.13795739,81.2
80.63,1.27823773,-0.231916443,21.43795739,81.9
80.643,1.274318092,0.065913094,20.73795739,82.6
80.656,1.270833968,0.332006698,20.03795739,83.3
80.668,1.267349845,0.596879688,19.31415681,84
80.681,1.26212366,0.895929839,18.62034532,84.6
80.694,1.253413352,1.260893084,17.61415681,85.7
80.706,1.241218921,1.625856329,16.78464444,86.4
80.719,1.228153458,1.956642413,15.77226743,87.6
80.732,1.212474903,2.255692564,14.88464444,88.3
80.745,1.197231864,2.553522102,14.17226743,89.2
80.757,1.181988825,2.819615705,13.37845594,89.9
80.77,1.168052332,3.051532148,12.61415681,90.7
80.783,1.153680323,3.283448591,11.82034532,91.4
80.795,1.13974383,3.515365035,11.3079683,92.1
80.808,1.12450079,3.748502091,10.83795739,92.5
80.821,1.105338112,4.013375081,10.43795739,92.9
80.834,1.080513734,4.312425232,10.07365827,93.3
80.846,1.051769717,4.643211317,9.773658266,93.6
80.859,1.020412607,4.975218014,9.70935914,93.7
80.872,0.988184467,5.373137807,9.633159722,93.8
80.884,0.95464978,5.771057599,9.662672088,93.9
80.897,0.921550609,6.203154551,9.804561469,93.7
80.91,0.888451438,6.666987437,9.957874417,93.7
80.922,0.856658813,7.132040937,10.2059523,93.3
80.935,0.828350311,7.595873823,10.49496613,93.2
80.948,0.810494179,7.993793615,10.83685551,92.8
80.961,0.796557686,8.424669955,11.130667,92.6
80.973,0.778266039,8.922680001,11.63205784,92.1
80.986,0.755183722,9.453646595,12.15677253,91.8
80.999,0.728181767,10.01756974,12.79386424,91.2
81.011,0.701615327,10.58149288,13.34237952,90.9
81.024,0.675048887,11.11123886,13.97947123,90.3
81.037,0.649353477,11.675162,14.6398868,89.9
81.049,0.624529099,12.17317205,15.33647996,89.3
81.062,0.601446782,12.63700493,15.99689553,88.9
81.075,0.580106527,13.10205843,16.55159931,88.5
81.088,0.560072818,13.53293477,17.11820339,88.1
81.1,0.540474625,13.93085456,17.77290717,87.6
81.113,0.522618493,14.29581781,18.39762187,87.2
81.126,0.505633392,14.62782451,18.83471358,86.8
81.138,0.489954837,14.99278775,19.36561678,86.4
81.151,0.473840767,15.32479445,19.79651998,86.1
81.164,0.459033243,15.65558053,20.1855338,85.9
81.177,0.443790204,15.98758723,20.71643701,85.5
81.189,0.42898268,16.28663738,21.11163933,85.2
81.202,0.414175156,16.61742347,21.48922959,84.8
81.215,0.400238662,16.91647362,21.98443192,84.4
81.227,0.386302169,17.21552377,22.3082325,84.1
81.24,0.372801192,17.5133533,22.64393337,83.8
81.253,0.359300214,17.81240346,23.11533512,83.4
81.265,0.346234752,18.07727645,23.41533512,83.1
81.278,0.332733774,18.3763266,23.8391357,82.7
81.291,0.320103827,18.64119959,24.17483658,82.4
81.304,0.306602849,18.90607258,24.47483658,82.1
81.316,0.295279448,19.17216618,24.91053745,81.7
81.329,0.283520532,19.43703917,25.21053745,81.4
81.342,0.272197132,19.70313277,25.51672596,81
81.354,0.2600027,19.93504922,25.81672596,80.7
81.367,0.247808269,20.16696566,26.21053745,80.4
81.38,0.236484868,20.3988821,26.53433803,80.1
81.392,0.225161467,20.63201916,26.93433803,79.7
81.405,0.214709097,20.8639356,27.42814952,79.3
81.418,0.203821212,21.09585205,27.62814952,79.1
81.431,0.192497812,21.32776849,28.02196102,78.8
81.443,0.181609926,21.52672839,28.23433803,78.4
81.456,0.171593072,21.72568828,28.52814952,78.2
81.469,0.161576217,21.89169163,28.73433803,77.9
81.481,0.151559363,22.09065153,29.02814952,77.7
81.494,0.141542508,22.25665488,29.33433803,77.3
81.507,0.132396685,22.45561477,29.5638504,77.2
81.52,0.12237983,22.58866157,29.7700389,76.9
81.532,0.113669522,22.75466492,30.0638504,76.7
81.545,0.104088183,22.88649111,30.14052654,76.4
81.558,0.100168544,21.09585205,29.78304108,76.6
81.57,0.102346122,18.44223969,29.22991591,76.5
81.583,0.107572306,16.65160063,28.73812041,76.8
81.596,0.109749883,17.64640011,29.16561678,76.6
81.608,0.108443337,18.1773667,29.26081911,76.6
81.621,0.107572306,18.34214944,29.26081911,76.6
81.634,0.107572306,18.24327979,29.13701853,76.7
81.647,0.107136791,18.74128984,29.33222086,76.6
81.659,0.10626576,19.13920963,29.43361169,76.5
81.672,0.104088183,19.83495896,29.65832639,76.5
81.685,0.101039575,20.7308888,30.05491955,76.2
81.697,0.09494236,21.72568828,30.7391357,75.8
81.71,0.082312413,22.72170838,31.61192828,75
81.723,0.06358525,23.58346105,32.5947536,74.3
81.735,0.040067418,24.24747445,33.40713061,73.3
81.748,0.018727163,24.67835079,34.06524123,72.7
81.761,0.000871031,24.97618033,34.64144065,72.1
81.774,-0.013500978,25.14218368,34.9638504,71.8
81.786,-0.023517832,25.17514022,35.13433803,71.5
81.799,-0.030050563,25.14218368,35.17483658,71.4
81.812,-0.035276748,25.10922713,35.3391357,71.2
81.824,-0.037889841,25.07627058,35.30914661,71.3
81.837,-0.041373964,25.04331403,35.27963425,71.2
81.85,-0.043551541,25.04331403,35.27344574,71.3
81.863,-0.046164634,25.10922713,35.23774487,71.3
81.875,-0.048777726,25.14218368,35.37963425,71.1
81.888,-0.051390818,25.20931738,35.47344574,71.1
81.901,-0.054003911,25.24227393,35.57963425,70.9
81.913,-0.056617003,25.27523048,35.47963425,71
81.926,-0.059230096,25.27523048,35.45012188,70.9
81.939,-0.061407673,25.20931738,35.53774487,71
81.951,-0.062714219,25.14218368,35.5082325,70.9
81.964,-0.064020765,25.07627058,35.48443192,70.9
81.977,-0.065327312,25.01035749,35.45491955,70.8
81.99,-0.066198342,24.94322378,35.44873104,70.9
82.002,-0.066633858,24.91026723,35.35491955,70.9
82.015,-0.067504889,24.84435414,35.41303017,70.9
82.028,-0.067940404,24.77722043,35.38922959,70.9
82.04,-0.067940404,24.71130734,35.28922959,71
82.053,-0.068811435,24.64539424,35.25352872,71
82.066,-0.068811435,24.54530399,35.21782784,71
82.078,-0.06924695,24.44643435,35.18831548,70.9
82.091,-0.06924695,24.34634409,35.18212697,71
82.104,-0.070117981,24.24747445,35.22262551,70.9
82.117,-0.06924695,24.11442765,35.28073613,70.9
82.129,-0.06924695,23.98138085,35.25693555,70.9
82.142,-0.06924695,23.8153775,35.12123468,71
82.155,-0.070117981,23.68355131,34.99172231,71
82.167,-0.06924695,23.55050451,35.02603235,71
82.18,-0.06924695,23.41745771,34.89651998,71
82.193,-0.06924695,23.25145436,34.83701853,71
82.206,-0.06924695,23.11962817,34.70131765,71.1
82.218,-0.068811435,22.95362482,34.76561678,71
82.231,-0.068811435,22.78762147,34.72991591,71
82.244,-0.068811435,22.62161812,34.56422594,71.2
82.256,-0.068811435,22.42265822,34.53471358,71.1
82.269,-0.068811435,22.25665488,34.37521212,71.2
82.282,-0.068811435,22.05769498,34.30381038,71.2
82.294,-0.067940404,21.85873508,34.34430892,71.1
82.307,-0.067940404,21.65977519,34.20860805,71.2
82.32,-0.067940404,21.46081529,34.14910659,71.2
82.333,-0.067504889,21.22889885,34.07770484,71.2
82.345,-0.066633858,21.02993895,34.01820339,71.2
82.358,-0.066198342,20.7968019,33.98250252,71.2
82.371,-0.065327312,20.56488545,33.92300106,71.2
82.383,-0.064891796,20.33296901,33.85159931,71.2
82.396,-0.064020765,20.13400911,33.59209786,71.4
82.409,-0.06358525,19.90209267,33.55639698,71.4
82.421,-0.062714219,19.63599907,33.50308404,71.3
82.434,-0.061407673,19.40408262,33.42549378,71.4
82.447,-0.060536642,19.17216618,33.37218083,71.3
82.46,-0.060101127,18.90607258,33.29459058,71.4
82.472,-0.059230096,18.64119959,33.33508912,71.3
82.485,-0.057488034,18.40928314,33.16939916,71.5
82.498,-0.057488034,18.14318954,33.10418592,71.4
82.51,-0.056181488,17.87831655,32.93849596,71.6
82.523,-0.055310457,17.5792664,32.87328272,71.5
82.536,-0.054003911,17.31439341,32.80759276,71.6
82.549,-0.052697365,17.04952042,32.74237952,71.5
82.561,-0.051390818,16.75047027,32.54098868,71.7
82.574,-0.050084272,16.41846357,32.48767573,71.6
82.587,-0.048777726,16.12063403,32.31627399,71.7
82.599,-0.046600149,15.82158388,32.25677253,71.7
82.612,-0.044858087,15.48957718,32.0615702,71.8
82.625,-0.043551541,15.12583455,31.89016846,71.9
82.637,-0.042244995,14.79382785,31.63685551,72
82.65,-0.039196387,14.42886461,31.50115463,72.1
82.663,-0.037454325,14.06390136,31.46545376,72.1
82.676,-0.034841233,13.69893812,31.33546467,72.3
82.688,-0.032663656,13.33397487,31.24165318,72.3
82.701,-0.030050563,12.96901163,30.9997638,72.6
82.714,-0.027872986,12.60404838,30.8059523,72.7
82.726,-0.025259894,12.23908514,30.6997638,72.9
82.739,-0.023517832,11.84116535,30.47025143,73
82.752,-0.020469224,11.4762021,30.36406292,73.2
82.764,-0.017856132,11.11123886,30.25787442,73.4
82.777,-0.014807524,10.78045277,30.05168591,73.7
82.79,-0.012629947,10.38253298,30.05168591,73.7
82.803,-0.009145824,10.05052628,29.56406292,74
82.815,-0.006097216,9.685563038,29.36406292,74.2
82.828,-0.002613092,9.287643246,29.16406292,74.4
82.841,0.000871031,8.922680001,28.96406292,74.6
82.853,0.003919639,8.557716756,28.66406292,74.9
82.866,0.007403762,8.159796964,28.46406292,75.1
82.879,0.011323401,7.794833719,28.26406292,75.3
82.892,0.014807524,7.396913927,27.93407383,75.7
82.904,0.018727163,7.031950682,27.74026234,75.8
82.917,0.022646801,6.63403089,27.44026234,76.1
82.93,0.02656644,6.269067645,27.14645085,76.3
82.942,0.03135711,5.9041044,26.84026234,76.7
82.955,0.035276748,5.539141155,26.54645085,76.9
82.968,0.039631902,5.17417791,26.24026234,77.3
82.98,0.043987056,4.776258118,26.04645085,77.4
82.993,0.048777726,4.411294873,25.74026234,77.8
83.006,0.054003911,4.013375081,25.34026234,78.2
83.019,0.059665611,3.648411836,24.94645085,78.5
83.031,0.064891796,3.283448591,24.61074998,78.8
83.044,0.070989012,2.885528799,24.21074998,79.2
83.057,0.077086228,2.553522102,23.90456147,79.6
83.069,0.082747928,2.18977947,23.50456147,80
83.082,0.088409628,1.824816225,23.00456147,80.5
83.095,0.09581339,1.45985298,22.60456147,80.9
83.107,0.102346122,1.127846282,22.06267209,81.5
83.12,0.109749883,0.762883037,21.56267209,82
83.133,0.117153645,0.430876339,20.86267209,82.7
83.146,0.124992923,0.100090254,20.23315972,83.2
83.158,0.133703231,-0.231916443,19.53315972,83.9
83.171,0.143720086,-0.530966594,18.93315972,84.5
83.184,0.152865909,-0.828796131,18.33315972,85.1
83.196,0.164624825,-1.127846282,17.63315972,85.8
83.209,0.175077195,-1.42567582,17.02697121,86.5
83.222,0.18596508,-1.658812876,16.32697121,87.2
83.235,0.195981935,-1.890729319,15.73315972,87.7
83.247,0.205127758,-2.122645762,15.03315972,88.4
83.26,0.214709097,-2.321605658,14.30935914,89.1
83.273,0.224725952,-2.553522102,13.70935914,89.7
83.285,0.236049353,-2.752481998,13.10935914,90.3
83.298,0.247372753,-2.985619054,12.50935914,90.9
83.311,0.259131669,-3.18457895,11.81554765,91.5
83.323,0.272197132,-3.383538846,11.20935914,92.2
83.336,0.28656914,-3.615455289,10.71554765,92.6
83.349,0.302247695,-3.847371732,10.30935914,93.1
83.362,0.320103827,-4.113465336,9.873658266,93.5
83.374,0.339266505,-4.345381779,9.50935914,93.9
83.387,0.362348822,-4.610254769,9.20935914,94.2
83.4,0.388044231,-4.90930492,9.103170633,94.4
83.412,0.418094794,-5.207134458,8.926971215,94.6
83.425,0.449016388,-5.539141155,8.868860595,94.6
83.438,0.481244529,-5.871147853,8.962672088,94.6
83.45,0.510424061,-6.236111098,9.240262342,94.3
83.463,0.540039109,-6.601074343,9.564062924,94
83.476,0.568783126,-6.998994135,10.03546467,93.6
83.489,0.603188844,-7.462827022,10.530667,93.2
83.501,0.641949715,-7.993793615,11.13205784,92.6
83.514,0.686807803,-8.557716756,11.72107166,92.2
83.527,0.734278982,-9.154596445,12.62246249,91.3
83.539,0.783927739,-9.751476133,13.44717719,90.7
83.552,0.832705465,-10.38253298,14.24237952,90
83.565,0.88061216,-10.97941267,15.16709421,89.3
83.578,0.925905763,-11.57629236,15.90418592,88.6
83.59,0.970328335,-12.1402155,16.73508912,87.9
83.603,1.012137814,-12.70413864,17.46599233,87.3
83.616,1.050898686,-13.23510523,18.29689553,86.6
83.628,1.087917496,-13.73189467,19.12161022,86
83.641,1.121016667,-14.22990471,19.84680164,85.3
83.654,1.152373777,-14.66078105,20.47151634,84.9
83.666,1.181988825,-15.05870084,21.07290717,84.3
83.679,1.209426296,-15.45662064,21.69762187,83.9
83.692,1.23555722,-15.82158388,22.33471358,83.3
83.705,1.259946083,-16.15359058,22.9237274,82.9
83.717,1.284334946,-16.51855382,23.43701853,82.4
83.73,1.307417263,-16.81638336,24.03222086,81.9
83.743,1.329628549,-17.14839006,24.52742318,81.5
83.755,1.350968804,-17.44744021,25.02262551,81.1
83.768,1.371873544,-17.74526975,25.48212697,80.7
83.781,1.392342768,-18.0443199,25.9954181,80.2
83.793,1.412376477,-18.30919289,26.41303017,79.9
83.806,1.43197467,-18.60824304,26.89062042,79.4
83.819,1.452008379,-18.87311603,27.4082325,79
83.832,1.470735542,-19.17216618,27.88582275,78.5
83.844,1.489462705,-19.43703917,28.31533512,78.2
83.857,1.507318836,-19.66895561,28.81533512,77.7
83.87,1.524739453,-19.90209267,29.13294719,77.5
83.882,1.542160069,-20.16696566,29.5391357,77
83.895,1.55827414,-20.3988821,29.87483658,76.7
83.908,1.574823725,-20.597842,30.21672596,76.3
83.921,1.590066765,-20.83097906,30.60434894,76.1
83.933,1.605745319,-21.02993895,30.93433803,75.7
83.946,1.618375266,-20.66497571,31.10434894,75.6
83.959,1.624036967,-18.74128984,29.98443192,76.4
83.971,1.624036967,-17.11543351,29.32262551,76.8
83.984,1.622294905,-16.71751372,29.35602144,76.6
83.997,1.622294905,-16.78342681,29.13222086,76.8
84.009,1.620988359,-16.51855382,29.23222086,76.7
84.022,1.620988359,-16.61742347,29.39651998,76.5
84.035,1.620988359,-16.85056052,29.26700762,76.5
84.048,1.621423874,-17.18134661,29.46700762,76.3
84.06,1.621423874,-17.61344356,29.64320703,76.1
84.073,1.621423874,-18.44223969,29.96700762,75.8
84.086,1.625779028,-19.70313277,30.59172231,75.4
84.098,1.637102429,-20.99576179,31.51782784,74.7
84.111,1.661055776,-21.99178189,32.57344574,74
84.124,1.692848401,-22.72170838,33.5700389,73.1
84.136,1.726383088,-23.2844109,34.46524123,72.3
84.149,1.757304682,-23.71650786,35.16524123,71.6
84.162,1.782129061,-24.01433739,35.70573978,71
84.175,1.802598285,-24.21329729,36.10573978,70.6
84.187,1.819147871,-24.37930064,36.52814952,70.2
84.2,1.833519879,-24.51234744,36.73433803,69.9
84.213,1.845278795,-24.61121708,37.01053745,69.6
84.225,1.85529565,-24.71130734,37.08102508,69.4
84.238,1.864876989,-24.81017698,37.28102508,69.2
84.251,1.872716266,-24.87731068,37.37483658,69.2
84.264,1.880991059,-24.97618033,37.57483658,69
84.276,1.88752379,-25.04331403,37.7391357,68.8
84.289,1.894056521,-25.10922713,37.93294719,68.7
84.302,1.901024768,-25.17514022,38.0391357,68.5
84.314,1.906250953,-25.24227393,38.1391357,68.4
84.327,1.912348168,-25.30818702,38.24532421,68.2
84.34,1.916703323,-25.34114357,38.3391357,68.2
84.352,1.921493992,-25.37410012,38.41533512,68.1
84.365,1.926284662,-25.37410012,38.60914661,68
84.378,1.929768785,-25.37410012,38.60914661,68
84.391,1.932817393,-25.37410012,38.57344574,68
84.403,1.935430485,-25.34114357,38.67963425,67.8
84.416,1.938479093,-25.34114357,38.67344574,67.9
84.429,1.940221155,-25.34114357,38.64393337,67.8
84.441,1.942398732,-25.34114357,38.64393337,67.8
84.454,1.944140793,-25.30818702,38.64393337,67.8
84.467,1.94631837,-25.27523048,38.54393337,67.9
84.479,1.947624917,-25.24227393,38.61442101,67.7
84.492,1.948931463,-25.17514022,38.6082325,67.8
84.505,1.950238009,-25.14218368,38.58443192,67.8
84.518,1.95110904,-25.07627058,38.58443192,67.8
84.53,1.951544555,-25.01035749,38.58443192,67.8
84.543,1.952415586,-24.91026723,38.44873104,67.9
84.556,1.952851102,-24.84435414,38.35491955,67.9
84.568,1.953722132,-24.74426388,38.45491955,67.8
84.581,1.953722132,-24.67835079,38.44873104,67.9
84.594,1.954157648,-24.54530399,38.41921868,67.8
84.607,1.954157648,-24.44643435,38.50684166,67.9
84.619,1.955028679,-24.34634409,38.51303017,67.8
84.632,1.955028679,-24.21329729,38.57685257,67.9
84.645,1.955028679,-24.0814711,38.48922959,67.8
84.657,1.955028679,-23.9484243,38.38304108,68
84.67,1.955028679,-23.78242095,38.45352872,67.8
84.683,1.955028679,-23.64937415,38.34734021,68
84.695,1.955028679,-23.51754796,38.35352872,67.9
84.708,1.955028679,-23.38450116,38.31163933,68
84.721,1.955028679,-23.25145436,38.21782784,68
84.734,1.954157648,-23.08545101,38.21782784,68
84.746,1.954157648,-22.95362482,38.18212697,68
84.759,1.954157648,-22.75466492,38.15832639,68
84.772,1.954157648,-22.58866157,38.02262551,68.1
84.784,1.953722132,-22.35674513,38.02262551,68.1
84.797,1.953722132,-22.15778523,37.98692464,68.1
84.81,1.952851102,-21.95760473,37.96931256,68
84.822,1.952415586,-21.72568828,37.92742318,68.1
84.835,1.952851102,-21.52672839,37.79791082,68.1
84.848,1.952851102,-21.32776849,37.69172231,68.3
84.861,1.952851102,-21.12880859,37.66839845,68.1
84.873,1.951544555,-20.9298487,37.63222086,68.3
84.886,1.95110904,-20.69793225,37.60270849,68.2
84.899,1.950238009,-20.46601581,37.53701853,68.3
84.911,1.950238009,-20.23287876,37.50750616,68.2
84.924,1.949802494,-19.96800576,37.46561678,68.3
84.937,1.948931463,-19.73608932,37.33610441,68.3
84.95,1.948495948,-19.46999572,37.30611532,68.4
84.962,1.947624917,-19.23807927,37.13471358,68.5
84.975,1.946753886,-19.00616283,37.30472449,68.4
84.988,1.94631837,-18.77424639,37.03332274,68.6
85,1.94544734,-18.50815279,36.88000979,68.6
85.013,1.944140793,-18.24327979,36.70860805,68.7
85.026,1.943705278,-17.9784068,36.5552951,68.7
85.038,1.942834247,-17.67935665,36.47770484,68.8
85.051,1.942398732,-17.41448366,36.31820339,68.9
85.064,1.941092186,-17.11543351,36.12300106,69
85.077,1.940221155,-16.81638336,35.95159931,69.1
85.089,1.938914608,-16.51855382,35.79209786,69.2
85.102,1.937608062,-16.21950367,35.60308404,69.2
85.115,1.936301516,-15.88871759,35.42549378,69.4
85.127,1.93499497,-15.58966744,35.23647996,69.4
85.14,1.933688424,-15.29061729,34.97079,69.7
85.153,1.932817393,-14.99278775,34.77558767,69.8
85.165,1.931075331,-14.66078105,34.56848505,69.9
85.178,1.929768785,-14.29581781,34.3151721,70
85.191,1.928026723,-13.96381111,34.11378126,70.2
85.204,1.926720177,-13.56589132,33.71857894,70.5
85.216,1.924978115,-13.23510523,33.44717719,70.7
85.229,1.922800538,-12.87014199,33.05197486,71
85.242,1.921493992,-12.50517874,32.75677253,71.2
85.254,1.91975193,-12.1402155,32.48537078,71.4
85.267,1.917574353,-11.77525225,32.09016846,71.7
85.28,1.914961261,-11.37733246,31.830667,71.9
85.293,1.912783684,-10.97941267,31.45307675,72.3
85.305,1.910170591,-10.54731572,31.12927616,72.6
85.318,1.907557499,-10.14939592,30.69357529,73
85.331,1.904944406,-9.78443268,30.26406292,73.3
85.343,1.902331314,-9.386512888,29.85787442,73.8
85.356,1.898847191,-9.021549643,29.34026234,74.2
85.369,1.896234098,-8.657807011,28.94026234,74.6
85.381,1.893621006,-8.292843766,28.54026234,75
85.394,1.890136882,-7.927880521,28.04026234,75.5
85.407,1.88752379,-7.562917276,27.54026234,76
85.42,1.883604151,-7.197954031,27.04026234,76.5
85.432,1.879684513,-6.832990786,26.50456147,77
85.445,1.875329359,-6.468027541,25.89837296,77.7
85.458,1.87140972,-6.103064296,25.40456147,78.1
85.47,1.86661905,-5.738101051,24.6688606,78.8
85.483,1.862263896,-5.340181259,24.0688606,79.4
85.496,1.857473227,-4.975218014,23.46267209,80.1
85.508,1.851376011,-4.577298222,22.7688606,80.7
85.521,1.845278795,-4.212334977,22.0688606,81.4
85.534,1.838746064,-3.847371732,21.3688606,82.1
85.547,1.832213333,-3.44945194,20.6688606,82.8
85.559,1.824809571,-3.117445243,19.83315972,83.6
85.572,1.817405809,-2.752481998,19.13934823,84.2
85.585,1.809131016,-2.388739366,18.33315972,85.1
85.597,1.800420708,-2.056732668,17.63934823,85.7
85.61,1.792145915,-1.72472597,16.83315972,86.6
85.623,1.782129061,-1.392719272,15.93934823,87.4
85.636,1.771241175,-1.061933188,15.10317063,88.4
85.648,1.76035329,-0.72992649,14.11554765,89.2
85.661,1.750336436,-0.463832887,13.30935914,90.1
85.674,1.739884066,-0.198959896,12.51554765,90.8
85.686,1.730302727,0.032956547,11.67365827,91.7
85.699,1.720285872,0.26487299,10.97365827,92.4
85.712,1.70722041,0.498010047,10.13176889,93.3
85.724,1.685880155,0.795839584,9.107968304,94.3
85.737,1.658442684,1.061933188,8.007968304,95.4
85.75,1.626214544,1.293849631,7.014156811,96.3
85.763,1.590066765,1.492809527,6.107968304,97.3
85.775,1.5486928,1.658812876,5.331768886,98.1
85.788,1.503834713,1.857772772,4.537957393,98.8
85.801,1.453314926,2.023776121,3.837957393,99.5
85.813,1.39974653,2.155602309,3.337957393,100
85.826,1.343129527,2.321605658,2.773658266,100.6
85.839,1.284770462,2.487609007,2.379846774,100.9
85.851,1.226846912,2.686568903,2.067469759,101.4
85.864,1.173278516,2.885528799,1.779846774,101.5
85.877,1.12362976,3.117445243,1.603170633,101.9
85.89,1.076594095,3.416495393,1.633159722,101.8
85.902,1.029558431,3.748502091,1.762672088,101.8
85.915,0.98034519,4.146421883,1.904561469,101.6
85.928,0.928954371,4.577298222,2.257874417,101.4
85.94,0.874514945,5.108264816,2.735464671,100.9
85.953,0.819204488,5.672187957,3.266367873,100.5
85.966,0.76389403,6.269067645,3.861570202,100
85.979,0.710325635,6.898903881,4.516273986,99.5
85.991,0.65762827,7.562917276,5.153365696,98.9
86.004,0.607543998,8.258666606,6.055670645,98.2
86.017,0.558766272,8.955636548,6.839886795,97.7
86.029,0.512601638,9.619649944,7.765992326,97
86.042,0.476889375,10.18357308,8.692097858,96.3
86.055,0.451629481,10.68036252,9.546801642,95.6
86.067,0.42898268,11.17837257,10.44910659,94.9
86.08,0.401109693,11.74229571,11.27521212,94.3
86.093,0.372365676,12.2732623,11.96561678,93.8
86.106,0.344057174,12.77005173,12.65602144,93.3
86.118,0.317490734,13.26806178,13.32262551,92.8
86.131,0.29135981,13.73189467,14.05352872,92.2
86.144,0.267406462,14.12981446,14.64873104,91.7
86.156,0.244759661,14.52773425,15.2082325,91.2
86.169,0.223854921,14.8926975,15.77963425,90.7
86.182,0.203821212,15.25766074,16.21533512,90.3
86.194,0.184658534,15.62262399,16.7391357,89.8
86.207,0.165931371,15.92167414,17.1391357,89.4
86.22,0.148510755,16.25246022,17.63294719,89
86.233,0.130219108,16.58446692,18.06864807,88.6
86.245,0.113669522,16.88351707,18.66864807,88
86.258,0.096248906,17.21552377,18.91053745,87.7
86.271,0.080134836,17.5133533,19.31053745,87.3
86.283,0.06358525,17.77944691,19.81053745,86.8
86.296,0.048342211,18.07727645,20.11053745,86.5
86.309,0.03222814,18.34214944,20.51053745,86.1
86.322,0.017420616,18.60824304,21.03433803,85.6
86.334,0.002177577,18.87311603,21.43433803,85.2
86.347,-0.011758916,19.10503247,21.82814952,84.9
86.36,-0.02656644,19.33816953,22.03433803,84.6
86.372,-0.036583294,18.84015948,22.0391357,84.5
86.385,-0.041373964,17.34734996,21.51303017,84.8
86.398,-0.040067418,16.15359058,21.01782784,85.2
86.41,-0.039196387,16.18654713,21.11303017,85.2
86.423,-0.039196387,16.51855382,21.18443192,85.2
86.436,-0.039196387,16.68455717,21.3082325,85.1
86.449,-0.039196387,17.04952042,21.53774487,85
86.461,-0.039196387,17.41448366,21.71533512,84.8
86.474,-0.040067418,17.84536,21.93294719,84.7
86.487,-0.041373964,18.27623634,22.17483658,84.4
86.499,-0.045293603,18.77424639,22.51053745,84.1
86.512,-0.054874942,19.40408262,23.0700389,83.6
86.525,-0.071424527,20.10105257,23.80573978,82.9
86.537,-0.09494236,20.7968019,24.74144065,82
86.55,-0.12237983,21.42785874,25.54144065,81.2
86.563,-0.149817301,21.99178189,26.44144065,80.3
86.576,-0.175512711,22.45561477,27.20573978,79.5
86.588,-0.197723996,22.85353456,27.7638504,79
86.601,-0.217757705,23.15258471,28.2700389,78.4
86.614,-0.233871776,23.38450116,28.62814952,78.1
86.626,-0.247808269,23.55050451,28.81053745,77.8
86.639,-0.258696154,23.68355131,29.07483658,77.5
86.652,-0.269148524,23.84833404,29.37483658,77.2
86.665,-0.277858832,23.9484243,29.63294719,77
86.677,-0.28656914,24.11442765,29.8391357,76.7
86.69,-0.294408418,24.24747445,29.93294719,76.7
86.703,-0.30268321,24.37930064,30.13294719,76.5
86.715,-0.310086972,24.47939089,30.33294719,76.3
86.728,-0.316619704,24.57826053,30.4391357,76.1
86.741,-0.322716919,24.67835079,30.6391357,75.9
86.753,-0.328814135,24.74426388,30.8391357,75.7
86.766,-0.33404032,24.84435414,30.91533512,75.6
86.779,-0.339266505,24.91026723,31.11533512,75.4
86.792,-0.34449269,24.97618033,31.21533512,75.3
86.804,-0.348847844,25.04331403,31.30914661,75.3
86.817,-0.353202998,25.07627058,31.41533512,75.1
86.83,-0.356687121,25.10922713,31.47344574,75.1
86.842,-0.36060676,25.17514022,31.47963425,75
86.855,-0.363219853,25.20931738,31.47963425,75
86.868,-0.367575007,25.20931738,31.58582275,74.8
86.88,-0.369317068,25.24227393,31.67963425,74.8
86.893,-0.372801192,25.24227393,31.77963425,74.7
86.906,-0.375414284,25.24227393,31.83774487,74.7
86.919,-0.378027376,25.24227393,31.84393337,74.6
86.931,-0.379333923,25.24227393,31.8082325,74.6
86.944,-0.3815115,25.24227393,31.8082325,74.6
86.957,-0.382818046,25.20931738,31.8082325,74.6
86.969,-0.384124592,25.17514022,31.87824341,74.6
86.982,-0.385431138,25.14218368,31.84873104,74.5
86.995,-0.386302169,25.07627058,31.84254254,74.6
87.008,-0.387608716,25.04331403,31.81303017,74.5
87.02,-0.388044231,24.97618033,31.80684166,74.6
87.033,-0.388915262,24.91026723,31.7954181,74.4
87.046,-0.389350777,24.84435414,31.68922959,74.6
87.058,-0.390657323,24.74426388,31.65971722,74.5
87.071,-0.390657323,24.64539424,31.74734021,74.6
87.084,-0.391528354,24.54530399,31.71782784,74.5
87.096,-0.391528354,24.47939089,31.68212697,74.5
87.109,-0.39196387,24.37930064,31.58212697,74.6
87.122,-0.39196387,24.31338754,31.45832639,74.7
87.135,-0.3928349,24.21329729,31.52881402,74.5
87.147,-0.39196387,24.11442765,31.42881402,74.6
87.16,-0.3928349,23.98138085,31.46312406,74.6
87.173,-0.39196387,23.8825112,31.43361169,74.5
87.185,-0.3928349,23.71650786,31.39172231,74.6
87.198,-0.39196387,23.58346105,31.23840936,74.6
87.211,-0.39196387,23.41745771,31.16081911,74.7
87.223,-0.391528354,23.25145436,31.23701853,74.6
87.236,-0.39196387,23.11962817,31.19512915,74.7
87.249,-0.391528354,22.95362482,31.06561678,74.7
87.262,-0.39196387,22.82057802,31.12991591,74.6
87.274,-0.391528354,22.65457467,30.97041445,74.7
87.287,-0.391528354,22.48857132,30.93471358,74.7
87.3,-0.391528354,22.28961142,30.87521212,74.7
87.312,-0.391528354,22.09065153,30.80381038,74.7
87.325,-0.390657323,21.89169163,30.78000979,74.7
87.338,-0.390657323,21.69273173,30.70241954,74.8
87.351,-0.390221808,21.49377184,30.67290717,74.7
87.363,-0.390221808,21.29481194,30.51340572,74.8
87.376,-0.389350777,21.0628955,30.45390426,74.8
87.389,-0.388915262,20.8639356,30.41820339,74.8
87.401,-0.388915262,20.66497571,30.34061313,74.9
87.414,-0.388044231,20.43183865,30.18730019,74.9
87.427,-0.387608716,20.19992221,30.15159931,74.9
87.439,-0.386737685,19.96800576,30.09209786,74.9
87.452,-0.385431138,19.76904587,30.02069611,74.9
87.465,-0.384124592,19.50417288,29.96119466,74.9
87.478,-0.384124592,19.27103582,29.8016932,75
87.49,-0.381947015,19.00616283,29.73029145,75
87.503,-0.3815115,18.77424639,29.69459058,75
87.516,-0.380204954,18.50815279,29.63508912,75
87.528,-0.379333923,18.24327979,29.57558767,75
87.541,-0.378027376,17.9784068,29.50418592,75
87.554,-0.37672083,17.67935665,29.34468447,75.1
87.566,-0.374543253,17.41448366,29.26709421,75.2
87.579,-0.374107738,17.11543351,29.21378126,75.1
87.592,-0.371930161,16.81638336,29.11239043,75.2
87.605,-0.370623615,16.51855382,28.94717719,75.2
87.617,-0.368881553,16.21950367,28.78767573,75.3
87.63,-0.368010522,15.88871759,28.61627399,75.4
87.643,-0.36539743,15.55671089,28.42107166,75.5
87.655,-0.364090883,15.22470419,28.3615702,75.5
87.668,-0.361913306,14.85974095,28.19016846,75.6
87.681,-0.360171245,14.4947777,28.030667,75.7
87.694,-0.357993668,14.12981446,27.89496613,75.8
87.706,-0.356251606,13.76485121,27.75307675,76
87.719,-0.353202998,13.39988797,27.55926525,76.1
87.732,-0.350589906,13.03614534,27.33546467,76.3
87.744,-0.348847844,12.67118209,27.14165318,76.4
87.757,-0.346234752,12.30621885,27.03546467,76.6
87.77,-0.343186144,11.90829906,26.83546467,76.8
87.782,-0.340137536,11.54333581,26.72927616,77
87.795,-0.337959959,11.17837257,26.4997638,77.1
87.808,-0.334475835,10.81340932,26.19357529,77.5
87.821,-0.331862743,10.44844608,25.9997638,77.6
87.833,-0.328814135,10.05052628,25.5997638,78
87.846,-0.326201043,9.685563038,25.4059523,78.1
87.859,-0.322716919,9.320599793,25.19357529,78.5
87.871,-0.319232796,8.955636548,24.99357529,78.7
87.884,-0.315313157,8.590673304,24.69357529,79
87.897,-0.311393519,8.192753511,24.3997638,79.2
87.909,-0.306602849,7.827790266,24.0997638,79.5
87.922,-0.30181218,7.462827022,23.7997638,79.8
87.935,-0.297892541,7.064907229,23.4997638,80.1
87.948,-0.293101871,6.699943985,23.0997638,80.5
87.96,-0.289182233,6.33498074,22.8059523,80.7
87.973,-0.284391563,5.970017495,22.46406292,81.1
87.986,-0.280471924,5.60505425,22.1997638,81.4
87.998,-0.27524574,5.274268165,21.7997638,81.8
88.011,-0.270019555,4.90930492,21.4059523,82.1
88.024,-0.263922339,4.511385128,21.05787442,82.6
88.036,-0.258696154,4.146421883,20.7059523,82.8
88.049,-0.252598938,3.781458638,20.25787442,83.4
88.062,-0.246937238,3.416495393,19.87025143,83.6
88.075,-0.239968991,3.051532148,19.36406292,84.2
88.087,-0.233000745,2.686568903,18.97025143,84.5
88.1,-0.225596983,2.321605658,18.56406292,85
88.113,-0.218628736,1.956642413,17.96406292,85.6
88.125,-0.209047397,1.591679168,17.53407383,86.1
88.138,-0.20120812,1.260893084,16.93407383,86.7
88.151,-0.191626781,0.928886386,16.33407383,87.3
88.164,-0.181609926,0.563923141,15.54026234,88
88.176,-0.170286526,0.26487299,14.80456147,88.7
88.189,-0.158963125,-0.065913094,13.9688606,89.5
88.202,-0.145462147,-0.364963245,13.2688606,90.2
88.214,-0.132396685,-0.662792783,12.3688606,91.1
88.227,-0.11671813,-0.928886386,11.5750491,91.8
88.24,-0.102346122,-1.160802829,10.6688606,92.8
88.252,-0.08536102,-1.359762725,9.775049103,93.6
88.265,-0.067504889,-1.558722621,9.068860595,94.4
88.278,-0.049213241,-1.757682517,8.275049103,95.1
88.291,-0.030486079,-1.890729319,7.468860595,96
88.303,-0.011323401,-2.023776121,6.675049103,96.7
88.316,0.009581339,-2.155602309,6.068860595,97.4
88.329,0.03135711,-2.288649111,5.375049103,98
88.341,0.056181488,-2.388739366,4.633159722,98.8
88.354,0.082312413,-2.487609007,4.039348229,99.3
88.367,0.113669522,-2.587699262,3.468860595,100
88.38,0.149817301,-2.686568903,3.068860595,100.4
88.392,0.190320234,-2.819615705,2.633159722,100.8
88.405,0.235178322,-2.952662507,2.233159722,101.2
88.418,0.284827079,-3.151622403,1.933159722,101.5
88.43,0.339266505,-3.316405139,1.839348229,101.5
88.443,0.401545209,-3.549542195,1.768860595,101.7
88.456,0.469921128,-3.814415185,1.904561469,101.6
88.468,0.541345656,-4.113465336,2.004561469,101.5
88.481,0.611899152,-4.411294873,2.364062924,101.2
88.494,0.682017133,-4.809214666,2.699763798,100.9
88.507,0.75257063,-5.241311618,3.26545376,100.3
88.519,0.825301703,-5.705144504,3.930667,99.8
88.532,0.9015169,-6.269067645,4.490168455,99.3
88.545,0.984700344,-6.865947333,5.361570202,98.5
88.557,1.069625849,-7.529960729,6.156772531,97.8
88.57,1.152373777,-8.192753511,7.087675733,97
88.583,1.230766551,-8.922680001,7.924767443,96.2
88.595,1.305675201,-9.619649944,8.949482138,95.4
88.608,1.376228698,-10.34835582,9.974673556,94.4
88.621,1.444604617,-11.04532576,10.93508912,93.7
88.634,1.506447806,-11.74229571,12.1016932,92.7
88.646,1.563500324,-12.37213194,13.05639698,91.9
88.659,1.614891143,-12.96901163,14.12300106,91
88.672,1.662797838,-13.56589132,15.07151634,90.3
88.684,1.706349379,-14.09685791,15.94430892,89.5
88.697,1.747287828,-14.62782451,16.810913,88.8
88.71,1.783871122,-15.09165739,17.62991591,88.1
88.723,1.818712355,-15.55671089,18.39651998,87.5
88.735,1.850940496,-15.95463068,19.12742318,86.9
88.748,1.880991059,-16.35255048,19.82262551,86.3
88.761,1.907993014,-16.71751372,20.61163933,85.7
88.773,1.934123939,-17.08247697,21.08922959,85.2
88.786,1.959819348,-17.41448366,21.64254254,84.8
88.799,1.982901665,-17.74526975,22.21442101,84.1
88.811,2.005112951,-18.0443199,22.64393337,83.8
88.824,2.02514666,-18.3763266,23.18582275,83.2
88.837,2.045615884,-18.67415613,23.70914661,82.9
88.85,2.066085108,-18.94024974,24.11533512,82.4
88.862,2.085247786,-19.23807927,24.60914661,82
88.875,2.103974949,-19.50417288,25.0391357,81.5
88.888,2.121831081,-19.76904587,25.4391357,81.1
88.9,2.139251697,-20.03391886,25.8391357,80.7
88.913,2.155365768,-20.26705592,26.27483658,80.3
88.926,2.171479838,-20.49897236,26.67483658,79.9
88.938,2.186722877,-20.7308888,26.97483658,79.6
88.951,2.201530401,-20.96280525,27.41053745,79.2
88.964,2.216773441,-21.16176514,27.71053745,78.9
88.977,2.229403387,-21.2618554,27.90434894,78.8
88.989,2.236807149,-19.30521298,26.71442101,79.6
89.002,2.23767818,-17.08247697,25.88073613,80.3
89.015,2.236371634,-16.08767749,24.97180529,80.7
89.027,2.235500603,-16.61742347,25.35942827,80.5
89.04,2.235500603,-16.78342681,25.66561678,80.1
89.053,2.235500603,-16.78342681,25.3237274,80.5
89.066,2.235500603,-17.5133533,25.72991591,80
89.078,2.236371634,-18.27623634,26.16561678,79.6
89.091,2.238113696,-19.23807927,26.63222086,79.3
89.104,2.242904365,-20.26705592,27.42262551,78.7
89.116,2.255534312,-21.22889885,28.35491955,77.9
89.129,2.278181113,-22.09065153,29.34532421,77.1
89.142,2.306489615,-22.78762147,30.3700389,76.3
89.154,2.336540178,-23.35154461,31.24762916,75.4
89.167,2.362671103,-23.7494644,31.94144065,74.8
89.18,2.384446874,-24.04729394,32.51192828,74.1
89.193,2.402738521,-24.24747445,32.93433803,73.7
89.205,2.417110529,-24.41225719,33.21053745,73.4
89.218,2.428869446,-24.51234744,33.46864807,73.2
89.231,2.4388863,-24.61121708,33.5391357,73
89.243,2.446725577,-24.67835079,33.73294719,72.9
89.256,2.454129339,-24.74426388,33.9391357,72.6
89.269,2.460662071,-24.84435414,34.10914661,72.5
89.281,2.467194802,-24.91026723,34.21533512,72.3
89.294,2.473292017,-25.04331403,34.40914661,72.2
89.307,2.479389233,-25.10922713,34.51533512,72
89.32,2.485486449,-25.20931738,34.71533512,71.8
89.332,2.490712634,-25.24227393,34.80914661,71.8
89.345,2.495938819,-25.30818702,34.91533512,71.6
89.358,2.500293973,-25.34114357,34.97963425,71.5
89.37,2.504649127,-25.34114357,34.98582275,71.4
89.383,2.509004281,-25.37410012,34.98582275,71.4
89.396,2.511617374,-25.37410012,35.08582275,71.3
89.408,2.514665981,-25.40827728,35.14393337,71.3
89.421,2.517714589,-25.40827728,35.14393337,71.3
89.434,2.520327682,-25.40827728,35.24393337,71.2
89.447,2.522069743,-25.40827728,35.21442101,71.1
89.459,2.52424732,-25.37410012,35.11442101,71.2
89.472,2.525989382,-25.37410012,35.31442101,71
89.485,2.528166959,-25.34114357,35.3082325,71.1
89.497,2.529473505,-25.30818702,35.3082325,71.1
89.51,2.530780052,-25.24227393,35.40204399,71.1
89.523,2.531651082,-25.20931738,35.37824341,71.1
89.536,2.532957629,-25.14218368,35.38443192,71
89.548,2.534264175,-25.10922713,35.27824341,71.2
89.561,2.53469969,-25.04331403,35.28443192,71.1
89.574,2.535570721,-24.97618033,35.24254254,71.2
89.586,2.535570721,-24.87731068,35.24873104,71.1
89.599,2.535570721,-24.77722043,35.20684166,71.2
89.612,2.536441752,-24.67835079,35.21303017,71.1
89.624,2.536877267,-24.57826053,35.11303017,71.2
89.637,2.536877267,-24.47939089,35.18922959,71.1
89.65,2.536877267,-24.37930064,35.08922959,71.2
89.663,2.536877267,-24.280431,35.08922959,71.2
89.675,2.536877267,-24.11442765,35.08922959,71.2
89.688,2.536877267,-23.98138085,35.08922959,71.2
89.701,2.537748298,-23.8153775,34.95352872,71.3
89.713,2.536877267,-23.64937415,34.95352872,71.3
89.726,2.536877267,-23.51754796,34.81782784,71.4
89.739,2.536877267,-23.38450116,34.91782784,71.3
89.751,2.536877267,-23.25145436,34.82401635,71.3
89.764,2.536441752,-23.11962817,34.88212697,71.3
89.777,2.536877267,-22.98658137,34.76451489,71.3
89.79,2.536877267,-22.82057802,34.65832639,71.5
89.802,2.536877267,-22.62161812,34.62881402,71.4
89.815,2.536877267,-22.42265822,34.62262551,71.5
89.828,2.536877267,-22.22369833,34.58692464,71.5
89.84,2.536877267,-21.99178189,34.56312406,71.5
89.853,2.536441752,-21.79282199,34.52742318,71.5
89.866,2.536441752,-21.59386209,34.52742318,71.5
89.879,2.536441752,-21.3949022,34.49172231,71.5
89.891,2.536441752,-21.16176514,34.45602144,71.5
89.904,2.536441752,-20.96280525,34.42603235,71.6
89.917,2.535570721,-20.7308888,34.29651998,71.6
89.929,2.535570721,-20.49897236,34.26081911,71.6
89.942,2.53469969,-20.26705592,34.13701853,71.7
89.955,2.53469969,-20.03391886,34.10131765,71.7
89.967,2.53469969,-19.80200242,33.97180529,71.7
89.98,2.534264175,-19.53712943,33.90611532,71.8
89.993,2.533393144,-19.30521298,33.77660296,71.8
90.006,2.532957629,-19.07207593,33.610913,72
90.018,2.532957629,-18.84015948,33.67521212,71.9
90.031,2.532957629,-18.57528649,33.49762187,72.1
90.044,2.532086598,-18.30919289,33.34430892,72.1
90.056,2.530780052,-18.0443199,33.20860805,72.2
90.069,2.530344536,-17.74526975,33.01340572,72.3
90.082,2.529473505,-17.48039676,32.95390426,72.3
90.094,2.52903799,-17.18134661,32.77631401,72.5
90.107,2.528166959,-16.88351707,32.62300106,72.5
90.12,2.526860413,-16.55151037,32.34541081,72.8
90.133,2.525989382,-16.25246022,32.15639698,72.8
90.145,2.524682836,-15.92167414,31.99070702,73
90.158,2.52337629,-15.62262399,31.8016932,73
90.171,2.522069743,-15.32479445,31.52410295,73.3
90.183,2.520763197,-14.99278775,31.2769785,73.3
90.196,2.519456651,-14.6937376,31.09319974,73.6
90.209,2.519021136,-14.36295152,30.80418592,73.7
90.222,2.516843559,-14.03094482,30.53849596,74
90.234,2.515537012,-13.66598157,30.14948214,74.2
90.247,2.514230466,-13.33397487,29.87808039,74.4
90.26,2.51292392,-12.96901163,29.58906657,74.5
90.272,2.510310827,-12.63700493,29.32337661,74.8
90.285,2.509004281,-12.2732623,28.91627399,75.1
90.298,2.506826704,-11.87412189,28.65677253,75.3
90.31,2.504213612,-11.4762021,28.2615702,75.6
90.323,2.501600519,-11.07828231,27.79016846,76
90.336,2.498987427,-10.64740597,27.330667,76.4
90.349,2.495938819,-10.24948618,26.99496613,76.7
90.361,2.493325726,-9.851566387,26.52927616,77.2
90.374,2.490277118,-9.453646595,25.99357529,77.7
90.387,2.487664026,-9.08868335,25.59357529,78.1
90.399,2.484179903,-8.723720105,24.96406292,78.6
90.412,2.480695779,-8.391713407,24.36406292,79.2
90.425,2.477647172,-8.026750163,23.96406292,79.6
90.438,2.473292017,-7.62883037,23.45787442,80.2
90.45,2.469372379,-7.263867126,22.86406292,80.7
90.463,2.46545274,-6.898903881,22.25787442,81.4
90.476,2.460662071,-6.500984088,21.54026234,82
90.488,2.455435886,-6.136020844,20.94026234,82.6
90.501,2.450209701,-5.771057599,20.24026234,83.3
90.514,2.444548,-5.406094354,19.54026234,84
90.526,2.4388863,-5.042351722,18.84026234,84.7
90.539,2.431918053,-4.677388477,18.00456147,85.5
90.552,2.424514291,-4.312425232,17.30456147,86.2
90.565,2.417110529,-3.947461987,16.50456147,87
90.577,2.408400221,-3.582498742,15.70456147,87.8
90.59,2.399254398,-3.250492044,14.90456147,88.6
90.603,2.389237543,-2.885528799,14.00456147,89.5
90.615,2.378349658,-2.553522102,13.10456147,90.4
90.628,2.366590742,-2.18977947,12.21074998,91.2
90.641,2.353089764,-1.857772772,11.2750491,92.1
90.653,2.339153271,-1.558722621,10.4688606,93
90.666,2.323039201,-1.260893084,9.468860595,94
90.679,2.306489615,-0.99479948,8.568860595,94.9
90.692,2.287762452,-0.72992649,7.626971215,95.9
90.704,2.269470805,-0.498010047,6.726971215,96.8
90.717,2.25292122,-0.299050151,5.926971215,97.6
90.73,2.23201648,-0.133046802,5.00935914,98.4
90.742,2.202836947,0.065913094,4.003170633,99.5
90.755,2.163205045,0.231916443,2.80935914,100.6
90.768,2.116604896,0.364963245,1.90935914,101.5
90.78,2.063036501,0.498010047,1.073658266,102.3
90.793,2.002935374,0.596879688,0.367469759,103.1
90.806,1.93499497,0.696969943,-0.196829367,103.7
90.819,1.859215288,0.762883037,-0.596829367,104.1
90.831,1.777338391,0.828796131,-1.073028785,104.6
90.844,1.690235309,0.895929839,-1.373028785,104.9
90.857,1.597470526,0.99479948,-1.673028785,105.2
90.869,1.499915074,1.160802829,-1.831139405,105.3
90.882,1.39974653,1.293849631,-1.937327912,105.5
90.895,1.296964893,1.492809527,-1.995438531,105.5
90.908,1.190699133,1.757682517,-1.965926165,105.6
90.92,1.083126826,2.023776121,-1.859737658,105.4
90.933,0.981651736,2.388739366,-1.742125583,105.4
90.946,0.892806592,2.786659158,-1.435937076,105
90.958,0.819640003,3.250492044,-1.242125583,104.9
90.971,0.755183722,3.748502091,-0.994047695,104.5
90.984,0.690291926,4.345381779,-0.405033874,104.1
90.996,0.624529099,5.008174562,0.367758709,103.4
91.009,0.56181488,5.705144504,1.216273986,102.8
91.022,0.498665145,6.468027541,2.218578935,102
91.035,0.435079895,7.263867126,3.244684466,101.2
91.047,0.369317068,8.09388387,4.270789998,100.4
91.06,0.306602849,8.922680001,5.396895529,99.5
91.073,0.250421361,9.718519585,6.446801642,98.7
91.085,0.206434305,10.34835582,7.472907173,97.9
91.098,0.172464103,10.94645612,8.52852507,97.2
91.111,0.140235962,11.54333581,9.532220855,96.4
91.123,0.104959214,12.17317205,10.32262551,95.8
91.136,0.070117981,12.73709519,11.11921868,95.1
91.149,0.037454325,13.26806178,11.80204399,94.7
91.162,0.008274793,13.73189467,12.67963425,93.8
91.174,-0.018727163,14.12981446,13.20295811,93.5
91.187,-0.043987056,14.52773425,13.8391357,92.7
91.2,-0.066198342,14.8926975,14.27483658,92.3
91.212,-0.087538598,15.25766074,14.78102508,91.7
91.225,-0.108007822,15.58966744,15.36864807,91.3
91.238,-0.128041531,15.88871759,15.87483658,90.7
91.251,-0.147639724,16.21950367,16.37483658,90.2
91.263,-0.166802402,16.51855382,16.77483658,89.8
91.276,-0.186400596,16.85056052,17.27483658,89.3
91.289,-0.205127758,17.14839006,17.67483658,88.9
91.301,-0.223854921,17.44744021,18.17483658,88.4
91.314,-0.241711053,17.74526975,18.57483658,88
91.327,-0.258696154,18.01136335,18.97483658,87.6
91.339,-0.276552286,18.27623634,19.37483658,87.2
91.352,-0.293101871,18.57528649,19.87483658,86.7
91.365,-0.310086972,18.84015948,20.27483658,86.3
91.378,-0.326636558,19.10503247,20.77483658,85.8
91.39,-0.343186144,19.37112608,21.17483658,85.4
91.403,-0.359300214,19.63599907,21.57483658,85
91.416,-0.374543253,19.90209267,21.96864807,84.7
91.428,-0.390221808,20.13400911,22.41053745,84.2
91.441,-0.404158301,20.36592556,22.77483658,83.8
91.454,-0.418965825,20.597842,23.07483658,83.5
91.466,-0.432031287,20.83097906,23.47483658,83.1
91.479,-0.446403296,21.0628955,23.78102508,82.7
91.492,-0.459033243,21.19472169,24.07483658,82.5
91.505,-0.46687252,19.66895561,23.58212697,82.6
91.517,-0.46687252,17.5792664,22.90611532,82.8
91.53,-0.465130459,16.41846357,22.48000979,83
91.543,-0.464259428,17.11543351,22.80611532,82.9
91.555,-0.465565974,17.34734996,22.82991591,82.9
91.568,-0.465130459,17.34734996,22.70611532,83
91.581,-0.466437005,17.87831655,22.93701853,82.9
91.594,-0.468179067,18.40928314,23.03840936,82.8
91.606,-0.472098705,19.10503247,23.29311315,82.7
91.619,-0.478195921,19.93504922,23.75352872,82.5
91.632,-0.489519322,20.83097906,24.34393337,82.1
91.644,-0.506939938,21.69273173,25.21053745,81.4
91.657,-0.532635347,22.52152787,26.2700389,80.4
91.67,-0.560508334,23.15258471,27.29955127,79.5
91.682,-0.587945804,23.64937415,28.0700389,78.6
91.695,-0.610592606,23.98138085,28.63433803,78
91.708,-0.628448738,24.18034074,29.01672596,77.5
91.721,-0.641949715,24.31338754,29.27483658,77.3
91.733,-0.652837601,24.37930064,29.4391357,77.1
91.746,-0.660241363,24.44643435,29.60914661,77
91.759,-0.667209609,24.47939089,29.71533512,76.8
91.771,-0.67287131,24.54530399,29.87344574,76.7
91.784,-0.67853301,24.64539424,29.97344574,76.6
91.797,-0.68419471,24.74426388,30.11533512,76.4
91.809,-0.690291926,24.84435414,30.31533512,76.2
91.822,-0.695518111,24.97618033,30.41533512,76.1
91.835,-0.700744296,25.07627058,30.51533512,76
91.848,-0.705970481,25.14218368,30.61533512,75.9
91.86,-0.71076115,25.17514022,30.71533512,75.8
91.873,-0.714680789,25.17514022,30.77963425,75.7
91.886,-0.719035943,25.20931738,30.74393337,75.7
91.898,-0.722084551,25.20931738,30.85012188,75.5
91.911,-0.724697643,25.20931738,30.94393337,75.5
91.924,-0.728181767,25.20931738,30.91442101,75.4
91.937,-0.730359344,25.24227393,30.90204399,75.6
91.949,-0.733407952,25.27523048,31.05012188,75.3
91.962,-0.735585529,25.27523048,31.00204399,75.5
91.975,-0.73732759,25.27523048,31.01442101,75.3
91.987,-0.739505167,25.24227393,30.98443192,75.4
92,-0.741682744,25.20931738,31.08443192,75.3
92.013,-0.74211826,25.17514022,31.04254254,75.4
92.025,-0.743424806,25.10922713,31.04873104,75.3
92.038,-0.744295837,25.04331403,31.00684166,75.4
92.051,-0.745602383,25.01035749,31.01303017,75.3
92.064,-0.745602383,24.94322378,30.98922959,75.3
92.076,-0.746037899,24.91026723,30.98304108,75.4
92.089,-0.74777996,24.81017698,30.88922959,75.4
92.102,-0.74777996,24.74426388,30.94734021,75.4
92.114,-0.749086506,24.64539424,30.91782784,75.3
92.127,-0.748215476,24.54530399,30.87593846,75.4
92.14,-0.749086506,24.44643435,30.85832639,75.3
92.152,-0.748215476,24.34634409,30.75213788,75.5
92.165,-0.749522022,24.24747445,30.72262551,75.4
92.178,-0.749522022,24.14738419,30.68073613,75.5
92.191,-0.749522022,24.01433739,30.56931256,75.4
92.203,-0.749086506,23.8825112,30.49172231,75.5
92.216,-0.749522022,23.7494644,30.46220994,75.4
92.229,-0.749086506,23.58346105,30.39651998,75.5
92.241,-0.749086506,23.45041425,30.26081911,75.6
92.254,-0.749086506,23.31858806,30.20131765,75.6
92.267,-0.749086506,23.15258471,30.16561678,75.6
92.28,-0.749086506,23.01953791,30.03610441,75.6
92.292,-0.749086506,22.85353456,29.97041445,75.7
92.305,-0.748215476,22.65457467,29.94090208,75.6
92.318,-0.748215476,22.48857132,29.87521212,75.7
92.33,-0.748215476,22.32256797,29.74569976,75.7
92.343,-0.74777996,22.12360807,29.77382129,75.8
92.356,-0.74777996,21.92464818,29.70241954,75.8
92.368,-0.746908929,21.72568828,29.64291808,75.8
92.381,-0.746037899,21.52672839,29.41340572,75.9
92.394,-0.745602383,21.32776849,29.35390426,75.9
92.407,-0.745602383,21.09585205,29.28250252,75.9
92.419,-0.744295837,20.89689215,29.22300106,75.9
92.432,-0.744295837,20.66497571,29.05159931,76
92.445,-0.742989291,20.43183865,29.12779873,75.9
92.457,-0.74211826,20.19992221,28.95639698,76
92.47,-0.740376198,19.96800576,28.89689553,76
92.483,-0.739505167,19.70313277,28.72549378,76.1
92.495,-0.738198621,19.46999572,28.56599233,76.2
92.508,-0.73732759,19.23807927,28.49459058,76.2
92.521,-0.735585529,18.97320628,28.43508912,76.2
92.534,-0.734714498,18.70711268,28.27558767,76.3
92.546,-0.733407952,18.47519624,28.20418592,76.3
92.559,-0.732101405,18.1773667,28.04468447,76.4
92.572,-0.730794859,17.9112731,27.97328272,76.4
92.584,-0.729488313,17.64640011,27.81378126,76.5
92.597,-0.727310736,17.3803065,27.71857894,76.5
92.61,-0.72600419,17.08247697,27.54717719,76.6
92.623,-0.724262128,16.81638336,27.35197486,76.7
92.635,-0.723391097,16.51855382,27.1924734,76.8
92.648,-0.721649036,16.18654713,27.12107166,76.8
92.661,-0.719471458,15.88871759,27.0615702,76.8
92.673,-0.717293881,15.55671089,26.88397995,77
92.686,-0.715987335,15.22470419,26.66636787,77.1
92.699,-0.713374243,14.8926975,26.530667,77.2
92.711,-0.71076115,14.52773425,26.39496613,77.3
92.724,-0.709019089,14.16277101,26.15926525,77.5
92.737,-0.705970481,13.79902837,25.95926525,77.7
92.75,-0.704228419,13.43406513,25.75926525,77.9
92.762,-0.701615327,13.10205843,25.63546467,78
92.775,-0.699002234,12.70413864,25.33546467,78.3
92.788,-0.695953626,12.33917539,25.13546467,78.5
92.8,-0.693340534,11.97421215,25.02927616,78.7
92.813,-0.690291926,11.6092489,24.82927616,78.9
92.826,-0.687243318,11.24428566,24.43546467,79.2
92.838,-0.683323679,10.87932241,24.23546467,79.4
92.851,-0.680710587,10.51435917,23.93546467,79.7
92.864,-0.676790948,10.14939592,23.72927616,80
92.877,-0.674177856,9.78443268,23.52927616,80.2
92.889,-0.670258217,9.420690048,23.22927616,80.5
92.902,-0.666774094,9.055726803,22.83546467,80.8
92.915,-0.661983424,8.657807011,22.52927616,81.2
92.927,-0.658499301,8.292843766,22.23546467,81.4
92.94,-0.654144147,7.927880521,21.82927616,81.9
92.953,-0.650224508,7.529960729,21.43546467,82.2
92.966,-0.645869354,7.132040937,21.13546467,82.5
92.978,-0.6415142,6.732900532,20.73546467,82.9
92.991,-0.63672353,6.367937287,20.42927616,83.3
93.004,-0.631932861,5.970017495,20.0997638,83.5
93.016,-0.626706676,5.60505425,19.6997638,83.9
93.029,-0.62060946,5.241311618,19.23546467,84.4
93.042,-0.615383275,4.876348373,18.93546467,84.7
93.054,-0.60928606,4.511385128,18.52927616,85.2
93.067,-0.603188844,4.146421883,18.03546467,85.6
93.08,-0.595785082,3.781458638,17.52927616,86.2
93.093,-0.589687866,3.44945194,17.14165318,86.4
93.105,-0.581848589,3.084488695,16.5997638,87
93.118,-0.575315858,2.686568903,16.0997638,87.5
93.131,-0.566605549,2.321605658,15.49357529,88.2
93.143,-0.557895241,1.989598961,14.87025143,88.6
93.156,-0.548313902,1.625856329,14.16406292,89.4
93.169,-0.539168078,1.293849631,13.56406292,90
93.181,-0.528280193,0.928886386,12.96406292,90.6
93.194,-0.517827823,0.629836235,12.26406292,91.3
93.207,-0.505633392,0.332006698,11.44026234,92.1
93.22,-0.493003445,0.032956547,10.64026234,92.9
93.232,-0.479066952,-0.26487299,9.740262342,93.8
93.245,-0.462952882,-0.530966594,8.840262342,94.7
93.258,-0.445532265,-0.762883037,7.810749976,95.6
93.27,-0.426805102,-0.961842933,6.998372961,96.6
93.283,-0.406335878,-1.160802829,6.110749976,97.3
93.296,-0.383253561,-1.326806178,5.198372961,98.4
93.309,-0.358864698,-1.492809527,4.310749976,99.1
93.321,-0.330556197,-1.625856329,3.398372961,100.2
93.334,-0.300070118,-1.72472597,2.568860595,100.9
93.347,-0.265664401,-1.790639065,1.898372961,101.7
93.359,-0.229081106,-1.857772772,1.204561469,102.3
93.372,-0.189013688,-1.890729319,0.604561469,102.9
93.385,-0.145026632,-1.923685866,0.068860595,103.4
93.397,-0.092764782,-1.923685866,-0.431139405,103.9
93.41,-0.035276748,-1.956642413,-0.831139405,104.3
93.423,0.030921594,-1.956642413,-1.231139405,104.7
93.436,0.103652668,-1.989598961,-1.431139405,104.9
93.448,0.186400596,-2.056732668,-1.624950897,105
93.461,0.280036409,-2.155602309,-1.695438531,105.2
93.474,0.382818046,-2.321605658,-1.689250024,105.1
93.486,0.491696899,-2.520565554,-1.565926165,105.2
93.499,0.605366421,-2.752481998,-1.359737658,104.9
93.512,0.722955582,-2.985619054,-1.042125583,104.7
93.524,0.844464381,-3.283448591,-0.800236202,104.4
93.537,0.968150758,-3.648411836,-0.270723836,104
93.55,1.093143681,-4.079288176,0.16545376,103.4
93.563,1.215523511,-4.544341675,0.794966126,102.9
93.575,1.334854734,-5.108264816,1.566367873,102.2
93.588,1.450701833,-5.771057599,2.619680821,101.3
93.601,1.562629294,-6.500984088,3.656772531,100.3
93.613,1.671508146,-7.331000833,4.687675733,99.4
93.626,1.773854268,-8.159796964,5.918578935,98.3
93.639,1.868796627,-9.021549643,7.049482138,97.3
93.652,1.957641771,-9.884522934,8.204185922,96.3
93.664,2.04126073,-10.74749623,9.370789998,95.3
93.677,2.118782473,-11.57629236,10.52549378,94.3
93.69,2.188900454,-12.33917539,11.72779873,93.3
93.702,2.250743643,-13.06910188,12.71820339,92.5
93.715,2.306489615,-13.73189467,13.85049743,91.5
93.728,2.355702857,-14.36295152,14.93471358,90.7
93.74,2.400560944,-14.8926975,15.84320703,89.9
93.753,2.440628362,-15.42366409,16.79791082,89.1
93.766,2.47590511,-15.88871759,17.55832639,88.6
93.779,2.509004281,-16.28663738,18.25352872,88
93.791,2.539054844,-16.68455717,18.91303017,87.4
93.804,2.566927831,-17.08247697,19.48443192,86.9
93.817,2.592187725,-17.41448366,20.10204399,86.4
93.829,2.616576588,-17.74526975,20.64393337,85.8
93.842,2.639223389,-18.0443199,21.17344574,85.4
93.855,2.660563644,-18.3763266,21.61533512,84.9
93.867,2.681032868,-18.67415613,22.01533512,84.5
93.88,2.701066577,-18.97320628,22.5391357,84
93.893,2.720664771,-19.23807927,22.9391357,83.6
93.906,2.739391933,-19.50417288,23.3391357,83.2
93.918,2.757248065,-19.80200242,23.8391357,82.7
93.931,2.774668682,-20.06809602,24.2391357,82.3
93.944,2.791653783,-20.30001246,24.67483658,81.9
93.956,2.808203368,-20.56488545,25.07483658,81.5
93.969,2.823010892,-20.7968019,25.37483658,81.2
93.982,2.837382901,-20.99576179,25.71053745,80.9
93.995,2.851754909,-21.19472169,26.01053745,80.6
94.007,2.864820372,-21.3949022,26.31053745,80.3
94.02,2.875708257,-20.66497571,26.2391357,80.3
94.033,2.879627896,-18.27623634,24.61782784,81.6
94.045,2.878321349,-16.38550702,23.43840936,82.4
94.058,2.876143772,-16.25246022,23.66561678,82.1
94.071,2.877014803,-16.41846357,23.43610441,82.2
94.083,2.876143772,-16.18654713,23.32991591,82.4
94.096,2.877014803,-16.45264073,23.73610441,81.9
94.109,2.876143772,-16.85056052,23.70611532,82
94.122,2.877014803,-17.74526975,24.17180529,81.5
94.134,2.878321349,-19.07207593,25.19651998,80.7
94.147,2.887031658,-20.53192891,26.35832639,79.8
94.16,2.908371913,-21.85873508,27.70204399,78.8
94.172,2.941035569,-22.92066827,29.02814952,77.7
94.185,2.975876801,-23.64937415,30.03525214,76.8
94.198,3.005056334,-24.11442765,30.79955127,76
94.21,3.02726762,-24.37930064,31.2638504,75.5
94.223,3.04338169,-24.54530399,31.50434894,75.2
94.236,3.054705091,-24.57826053,31.67483658,74.9
94.249,3.063415399,-24.57826053,31.73294719,74.9
94.261,3.070819161,-24.57826053,31.72152363,74.7
94.274,3.076045346,-24.61121708,31.80914661,74.8
94.287,3.080836015,-24.67835079,31.92152363,74.5
94.299,3.0860622,-24.81017698,32.03294719,74.6
94.312,3.092159416,-24.97618033,32.27483658,74.3
94.325,3.097385601,-25.10922713,32.46864807,74.2
94.338,3.103918332,-25.20931738,32.71053745,73.9
94.35,3.109580032,-25.30818702,32.90434894,73.8
94.363,3.114806217,-25.34114357,32.87483658,73.7
94.376,3.118725856,-25.34114357,32.97483658,73.6
94.388,3.123516526,-25.37410012,33.0391357,73.5
94.401,3.126129618,-25.37410012,33.13294719,73.5
94.414,3.129613741,-25.37410012,33.1391357,73.4
94.426,3.132226834,-25.40827728,33.1391357,73.4
94.439,3.134839926,-25.44123383,33.21533512,73.3
94.452,3.137453019,-25.44123383,33.21533512,73.3
94.465,3.140066111,-25.47419037,33.31533512,73.2
94.477,3.142243688,-25.44123383,33.32152363,73.1
94.49,3.144421265,-25.44123383,33.31533512,73.2
94.503,3.146163327,-25.40827728,33.28582275,73.1
94.515,3.147469873,-25.37410012,33.37963425,73.1
94.528,3.148776419,-25.34114357,33.28582275,73.1
94.541,3.150953997,-25.27523048,33.34393337,73.1
94.553,3.151389512,-25.20931738,33.31442101,73
94.566,3.152260543,-25.17514022,33.18443192,73.2
94.579,3.153567089,-25.14218368,33.19062042,73.1
94.592,3.153567089,-25.07627058,33.04873104,73.3
94.604,3.154873635,-24.97618033,33.19062042,73.1
94.617,3.155744666,-24.87731068,33.14873104,73.2
94.63,3.156180181,-24.74426388,33.14873104,73.2
94.642,3.156180181,-24.64539424,33.14873104,73.2
94.655,3.157051212,-24.54530399,33.24873104,73.1
94.668,3.157051212,-24.47939089,33.24254254,73.2
94.681,3.157486728,-24.37930064,33.24254254,73.2
94.693,3.157051212,-24.31338754,33.20684166,73.2
94.706,3.157486728,-24.21329729,33.11303017,73.2
94.719,3.157486728,-24.0814711,33.10684166,73.3
94.731,3.157486728,-23.91546775,33.08922959,73.2
94.744,3.157486728,-23.7494644,32.98922959,73.3
94.757,3.157486728,-23.55050451,32.8954181,73.3
94.769,3.157486728,-23.35154461,32.85971722,73.3
94.782,3.157486728,-23.21849781,32.95352872,73.3
94.795,3.157486728,-23.08545101,32.91782784,73.3
94.808,3.157486728,-22.98658137,32.81782784,73.4
94.82,3.157051212,-22.82057802,32.78212697,73.4
94.833,3.157486728,-22.68753122,32.75832639,73.4
94.846,3.157051212,-22.52152787,32.75213788,73.5
94.858,3.157051212,-22.28961142,32.72262551,73.4
94.871,3.157051212,-22.09065153,32.68073613,73.5
94.884,3.157051212,-21.85873508,32.56312406,73.5
94.896,3.157051212,-21.62681864,32.42742318,73.6
94.909,3.157051212,-21.42785874,32.52742318,73.5
94.922,3.157051212,-21.22889885,32.39172231,73.6
94.935,3.157051212,-20.99576179,32.25602144,73.7
94.947,3.156180181,-20.7968019,32.33222086,73.6
94.96,3.155744666,-20.56488545,32.19651998,73.7
94.973,3.155744666,-20.33296901,32.16081911,73.7
94.985,3.155744666,-20.10105257,32.1546306,73.8
94.998,3.155744666,-19.83495896,32.13701853,73.7
95.011,3.15443812,-19.60304252,31.95942827,73.9
95.024,3.15443812,-19.37112608,31.92991591,73.8
95.036,3.153567089,-19.10503247,31.80611532,73.9
95.049,3.15443812,-18.87311603,31.64090208,73.9
95.062,3.152696058,-18.64119959,31.47521212,74.1
95.074,3.152696058,-18.3763266,31.34569976,74.1
95.087,3.151389512,-18.11023299,31.28000979,74.2
95.1,3.151389512,-17.81240346,31.11479655,74.2
95.112,3.150082966,-17.5133533,30.94910659,74.4
95.125,3.14964745,-17.21552377,30.78389335,74.4
95.138,3.148340904,-16.91647362,30.61820339,74.6
95.151,3.147034358,-16.61742347,30.42918957,74.6
95.163,3.146163327,-16.28663738,30.15159931,74.9
95.176,3.144856781,-15.98758723,30.09209786,74.9
95.189,3.144421265,-15.68975769,29.9145076,75.1
95.201,3.142679204,-15.357751,29.65500615,75.3
95.214,3.141372657,-15.0257443,29.36599233,75.4
95.227,3.140066111,-14.72669415,29.08840207,75.7
95.239,3.138759565,-14.39590806,28.73508912,75.9
95.252,3.137453019,-14.06390136,28.47558767,76.1
95.265,3.136146473,-13.73189467,28.21037443,76.2
95.278,3.134404411,-13.39988797,28.00279509,76.5
95.29,3.132662349,-13.06910188,27.74948214,76.6
95.303,3.130049257,-12.70413864,27.33619101,77
95.316,3.128742711,-12.33917539,26.98287806,77.2
95.328,3.126129618,-11.9412556,26.48767573,77.6
95.341,3.123952041,-11.57629236,26.12246249,77.8
95.354,3.121338949,-11.14541602,25.75677253,78.2
95.367,3.118725856,-10.71331907,25.38537078,78.5
95.379,3.115677248,-10.31539927,24.92586933,78.9
95.392,3.112193125,-9.917479482,24.46636787,79.3
95.405,3.108709002,-9.519559689,24.030667,79.7
95.417,3.105660394,-9.154596445,23.55926525,80.1
95.43,3.102176271,-8.7896332,23.06545376,80.5
95.443,3.098256632,-8.457626502,22.65926525,81
95.455,3.094772509,-8.09388387,22.14165318,81.4
95.468,3.09085287,-7.728920625,21.73546467,81.9
95.481,3.0860622,-7.36395738,21.24165318,82.3
95.494,3.081271531,-6.966037588,20.72927616,83
95.506,3.076045346,-6.601074343,20.0997638,83.5
95.519,3.070819161,-6.236111098,19.59357529,84.1
95.532,3.064721945,-5.838191306,18.7997638,84.8
95.544,3.058189214,-5.473228061,18.1997638,85.4
95.557,3.050785452,-5.108264816,17.5997638,86
95.57,3.042510659,-4.743301571,16.8997638,86.7
95.582,3.034671382,-4.378338326,16.19357529,87.5
95.595,3.024654527,-4.013375081,15.35787442,88.3
95.608,3.013766642,-3.648411836,14.46406292,89.1
95.621,3.002443241,-3.283448591,13.66406292,89.9
95.633,2.991119841,-2.952662507,12.74026234,90.8
95.646,2.978489894,-2.620655809,11.84026234,91.7
95.659,2.964988916,-2.255692564,10.94026234,92.6
95.671,2.948439331,-1.923685866,9.804561469,93.7
95.684,2.931018714,-1.591679168,8.704561469,94.8
95.697,2.91054949,-1.293849631,7.475049103,95.9
95.71,2.889209235,-1.061933188,6.368860595,97.1
95.722,2.866997949,-0.828796131,5.133159722,98.3
95.735,2.844351147,-0.662792783,4.033159722,99.4
95.748,2.822139861,-0.498010047,2.933159722,100.5
95.76,2.796008937,-0.364963245,1.933159722,101.5
95.773,2.759425642,-0.231916443,0.933159722,102.5
95.786,2.710647916,-0.133046802,0.033159722,103.4
95.798,2.651853336,-0.065913094,-0.866840278,104.3
95.811,2.584783963,-0.032956547,-1.566840278,105
95.824,2.50813325,-0.032956547,-2.166840278,105.6
95.837,2.423207745,0,-2.666840278,106.1
95.849,2.331313994,0.032956547,-3.037327912,106.6
95.862,2.230709934,0.100090254,-3.195438531,106.7
95.875,2.124008658,0.166003349,-3.365926165,107
95.887,2.010339136,0.231916443,-3.459737658,107
95.9,1.88752379,0.332006698,-3.559737658,107.1
95.913,1.76035329,0.430876339,-3.535937076,107.1
95.925,1.628827636,0.563923141,-3.535937076,107.1
95.938,1.493817859,0.72992649,-3.500236202,107.1
95.951,1.353581896,0.928886386,-3.400236202,107
95.964,1.209861811,1.160802829,-3.364535329,107
95.976,1.06570621,1.45985298,-3.264535329,106.9
95.989,0.925470248,1.824816225,-2.940734747,106.6
96.002,0.78958944,2.321605658,-2.705033874,106.4
96.014,0.666774094,2.852572252,-2.233632127,106
96.027,0.559201787,3.482408487,-1.874130671,105.7
96.04,0.469050097,4.146421883,-1.120817723,105.1
96.053,0.385431138,4.876348373,-0.289914521,104.4
96.065,0.306167334,5.705144504,0.576689555,103.7
96.078,0.230387652,6.533940636,1.802795086,102.7
96.091,0.158527609,7.429870474,2.928900617,101.8
96.103,0.087538598,8.325800313,4.061194655,100.8
96.116,0.02090474,9.254686699,5.145410806,100
96.129,-0.036583294,10.08348283,6.513405718,98.8
96.141,-0.086667567,10.87932241,7.710912995,97.9
96.154,-0.133703231,11.6092489,8.738409363,97.1
96.167,-0.179867865,12.30621885,9.682126969,96.5
96.18,-0.221677344,12.93605508,10.48443192,95.9
96.192,-0.2600027,13.49997822,11.42152363,95
96.205,-0.292666356,13.96381111,12.1391357,94.4
96.218,-0.323152435,14.39590806,12.87483658,93.7
96.23,-0.35015439,14.76087131,13.61053745,93
96.243,-0.375414284,15.12583455,14.21053745,92.4
96.256,-0.398932116,15.45662064,14.70434894,92
96.268,-0.421578918,15.78862733,15.31053745,91.3
96.281,-0.443354688,16.12063403,15.80434894,90.9
96.294,-0.465130459,16.41846357,16.31053745,90.3
96.307,-0.485599683,16.75047027,16.61053745,90
96.319,-0.506939938,17.04952042,17.21053745,89.4
96.332,-0.526538132,17.3803065,17.71053745,88.9
96.345,-0.54657184,17.67935665,18.20434894,88.5
96.357,-0.565299003,17.9784068,18.70434894,88
96.37,-0.584026166,18.27623634,19.10434894,87.6
96.383,-0.601882298,18.54232995,19.51053745,87.1
96.396,-0.619738429,18.84015948,19.90434894,86.8
96.408,-0.637159046,19.13920963,20.31053745,86.3
96.421,-0.653273116,19.40408262,20.61053745,86
96.434,-0.670258217,19.66895561,21.01672596,85.5
96.446,-0.685501256,19.90209267,21.41053745,85.2
96.459,-0.700744296,20.13400911,21.81672596,84.7
96.472,-0.71555182,20.3988821,22.21053745,84.4
96.484,-0.730794859,20.63201916,22.51672596,84
96.497,-0.744295837,20.8639356,22.91053745,83.7
96.51,-0.75823233,21.09585205,23.21672596,83.3
96.523,-0.770862277,21.29481194,23.61053745,83
96.535,-0.784363255,21.52672839,23.91053745,82.7
96.548,-0.796122171,21.72568828,24.21053745,82.4
96.561,-0.809187633,21.89169163,24.51053745,82.1
96.573,-0.819640003,21.95760473,24.67483658,81.9
96.586,-0.82660825,20.23287876,23.92262551,82.2
96.599,-0.825737219,18.14318954,23.110913,82.5
96.611,-0.824430672,17.14839006,22.70860805,82.7
96.624,-0.824430672,17.81240346,23.010913,82.6
96.637,-0.825737219,17.94422964,23.06422594,82.7
96.65,-0.82660825,17.77944691,22.83951125,82.7
96.662,-0.828350311,18.40928314,23.22991591,82.5
96.675,-0.830963404,19.03911938,23.36700762,82.4
96.688,-0.836625104,19.76904587,23.76312406,82.3
96.7,-0.843593351,20.53192891,24.11782784,82.1
96.713,-0.856658813,21.32776849,24.7082325,81.7
96.726,-0.873208398,22.12360807,25.37483658,81.2
96.739,-0.895419684,22.85353456,26.2638504,80.5
96.751,-0.919808547,23.45041425,27.20573978,79.5
96.764,-0.944632926,23.9484243,27.99955127,78.8
96.777,-0.967279727,24.31338754,28.6700389,78
96.789,-0.986877921,24.54530399,29.02814952,77.7
96.802,-1.00212096,24.67835079,29.41053745,77.2
96.815,-1.013008845,24.74426388,29.56864807,77.1
96.827,-1.021283638,24.74426388,29.6391357,76.9
96.84,-1.028251885,24.77722043,29.71533512,76.8
96.853,-1.03347807,24.81017698,29.62152363,76.8
96.866,-1.038268739,24.87731068,29.68582275,76.7
96.878,-1.044365955,24.94322378,29.91533512,76.6
96.891,-1.048285594,25.04331403,30.01533512,76.5
96.904,-1.054382809,25.14218368,30.31533512,76.2
96.916,-1.058302448,25.20931738,30.40914661,76.2
96.929,-1.063528633,25.24227393,30.50914661,76.1
96.942,-1.067012756,25.27523048,30.57344574,76
96.954,-1.070932395,25.27523048,30.57963425,75.9
96.967,-1.073545487,25.27523048,30.54393337,75.9
96.98,-1.077029611,25.24227393,30.55012188,75.8
96.993,-1.078336157,25.20931738,30.4082325,76
97.005,-1.080949249,25.20931738,30.6082325,75.8
97.018,-1.082255796,25.17514022,30.6082325,75.8
97.031,-1.084868888,25.17514022,30.48443192,75.9
97.043,-1.085739919,25.17514022,30.58443192,75.8
97.056,-1.087481981,25.14218368,30.58443192,75.8
97.069,-1.088353011,25.10922713,30.54873104,75.8
97.082,-1.089659558,25.04331403,30.51303017,75.8
97.094,-1.090966104,24.97618033,30.51303017,75.8
97.107,-1.091837135,24.91026723,30.48922959,75.8
97.12,-1.09227265,24.81017698,30.38922959,75.9
97.132,-1.09227265,24.74426388,30.35352872,75.9
97.145,-1.093143681,24.64539424,30.41782784,75.8
97.158,-1.093143681,24.54530399,30.31163933,76
97.17,-1.093579196,24.44643435,30.28212697,75.9
97.183,-1.093579196,24.37930064,30.25213788,76
97.196,-1.094450227,24.280431,30.22262551,75.9
97.209,-1.093579196,24.14738419,30.21643701,76
97.221,-1.094450227,24.04729394,30.18692464,75.9
97.234,-1.093579196,23.91546775,30.02123468,76.1
97.247,-1.094450227,23.78242095,29.99172231,76
97.259,-1.093579196,23.64937415,29.92603235,76.1
97.272,-1.094885743,23.48459141,29.89651998,76
97.285,-1.094450227,23.35154461,29.7546306,76.2
97.297,-1.094450227,23.18554126,29.70131765,76.1
97.31,-1.093579196,23.01953791,29.56561678,76.2
97.323,-1.093579196,22.88649111,29.50611532,76.2
97.336,-1.093579196,22.72170838,29.37041445,76.3
97.348,-1.093579196,22.52152787,29.310913,76.3
97.361,-1.093143681,22.35674513,29.27521212,76.3
97.374,-1.09227265,22.15778523,29.20381038,76.3
97.386,-1.09227265,21.95760473,28.95049743,76.4
97.399,-1.090966104,21.75864483,28.87290717,76.5
97.412,-1.090966104,21.55968493,28.8552951,76.4
97.424,-1.089659558,21.36072504,28.77151634,76.6
97.437,-1.089659558,21.12880859,28.7243919,76.4
97.45,-1.088353011,20.9298487,28.54680164,76.6
97.463,-1.088353011,20.69793225,28.49348869,76.5
97.475,-1.087046465,20.46601581,28.45159931,76.6
97.488,-1.087046465,20.23287876,28.39209786,76.6
97.501,-1.085739919,20.00096231,28.3145076,76.7
97.513,-1.084868888,19.76904587,28.21930527,76.7
97.526,-1.083562342,19.50417288,27.99550469,76.9
97.539,-1.083126826,19.27103582,27.93029145,76.8
97.552,-1.080949249,19.00616283,27.73508912,76.9
97.564,-1.080078219,18.77424639,27.57558767,77
97.577,-1.078771672,18.50815279,27.40418592,77.1
97.59,-1.077465126,18.24327979,27.34468447,77.1
97.602,-1.07615858,17.9784068,27.17328272,77.2
97.615,-1.074852034,17.67935665,27.07808039,77.2
97.628,-1.073109972,17.41448366,26.92476744,77.2
97.64,-1.071803426,17.11543351,26.64717719,77.5
97.653,-1.069625849,16.81638336,26.45816337,77.5
97.666,-1.068319302,16.51855382,26.29866191,77.6
97.679,-1.066141725,16.18654713,26.22726016,77.6
97.691,-1.064399664,15.88871759,26.0615702,77.8
97.704,-1.062222087,15.55671089,25.89635696,77.8
97.717,-1.059608994,15.25766074,25.66636787,78.1
97.729,-1.058302448,14.92687466,25.530667,78.2
97.742,-1.055689356,14.56191141,25.42447849,78.4
97.755,-1.053511779,14.22990471,25.19496613,78.5
97.768,-1.050898686,13.86494147,25.08877762,78.7
97.78,-1.048721109,13.49997822,24.79496613,78.9
97.793,-1.045672501,13.13501498,24.59496613,79.1
97.806,-1.043494924,12.77005173,24.39496613,79.3
97.818,-1.040010801,12.37213194,24.09496613,79.6
97.831,-1.037397708,12.0071687,23.89496613,79.8
97.844,-1.03347807,11.64220545,23.59496613,80.1
97.856,-1.031300493,11.27724221,23.19496613,80.5
97.869,-1.027380854,10.91227896,22.95926525,80.7
97.882,-1.024332246,10.54731572,22.65926525,81
97.895,-1.019977092,10.18357308,22.45307675,81.3
97.907,-1.017363999,9.81860984,22.15926525,81.5
97.92,-1.013444361,9.453646595,21.88877762,81.9
97.933,-1.009960237,9.08868335,21.55926525,82.1
97.945,-1.006040599,8.723720105,21.29496613,82.4
97.958,-1.002991991,8.35875686,20.89496613,82.8
97.971,-0.998201321,7.960837068,20.59496613,83.1
97.983,-0.994281683,7.595873823,20.19496613,83.5
97.996,-0.989491013,7.197954031,19.76545376,83.8
98.009,-0.984700344,6.832990786,19.36545376,84.2
98.022,-0.979474159,6.435070994,18.95926525,84.7
98.034,-0.97555452,6.070107749,18.56545376,85
98.047,-0.969457304,5.705144504,18.15926525,85.5
98.06,-0.964231119,5.340181259,17.66545376,85.9
98.072,-0.957262873,4.942261467,17.25926525,86.4
98.085,-0.950730142,4.577298222,16.75926525,86.9
98.098,-0.944632926,4.212334977,16.25926525,87.4
98.111,-0.937229164,3.847371732,15.85926525,87.8
98.123,-0.930696433,3.482408487,15.45307675,88.3
98.136,-0.92242164,3.117445243,14.82927616,88.9
98.149,-0.915888909,2.752481998,14.32927616,89.4
98.161,-0.905872054,2.388739366,13.62927616,90.1
98.174,-0.897161746,2.023776121,12.93546467,90.7
98.187,-0.885838345,1.658812876,12.23546467,91.4
98.199,-0.875385976,1.326806178,11.54165318,92
98.212,-0.863191544,0.99479948,10.82927616,92.9
98.225,-0.851868143,0.662792783,10.0997638,93.5
98.238,-0.838367166,0.364963245,9.299763798,94.3
98.25,-0.824866188,0.065913094,8.505952305,95
98.263,-0.809187633,-0.198959896,7.599763798,96
98.276,-0.791767017,-0.463832887,6.770251431,96.7
98.288,-0.773039854,-0.696969943,5.857874417,97.8
98.301,-0.751699599,-0.895929839,4.964062924,98.6
98.314,-0.728181767,-1.094889735,3.940262342,99.6
98.326,-0.701615327,-1.226715924,3.040262342,100.5
98.339,-0.670693732,-1.359762725,2.040262342,101.5
98.352,-0.6358525,-1.42567582,1.240262342,102.3
98.365,-0.597091628,-1.492809527,0.540262342,103
98.377,-0.553975602,-1.558722621,-0.159737658,103.7
98.39,-0.505197876,-1.558722621,-0.859737658,104.4
98.403,-0.449451904,-1.558722621,-1.259737658,104.8
98.415,-0.387608716,-1.591679168,-1.753549151,105.2
98.428,-0.315313157,-1.558722621,-2.065926165,105.7
98.441,-0.235613837,-1.558722621,-2.235937076,105.8
98.454,-0.145462147,-1.558722621,-2.542125583,106.2
98.466,-0.04747118,-1.558722621,-2.635937076,106.2
98.479,0.061407673,-1.591679168,-2.735937076,106.3
98.492,0.178996834,-1.591679168,-2.829748569,106.3
98.504,0.305296303,-1.658812876,-2.735937076,106.3
98.517,0.435079895,-1.757682517,-2.735937076,106.3
98.53,0.567912096,-1.923685866,-2.735937076,106.3
98.542,0.704228419,-2.089689215,-2.500236202,106.1
98.555,0.845770928,-2.255692564,-2.400236202,106
98.568,0.993410652,-2.487609007,-2.164535329,105.8
98.581,1.145841046,-2.71952545,-1.864535329,105.5
98.593,1.298706955,-3.051532148,-1.440734747,105.1
98.606,1.452008379,-3.44945194,-0.940734747,104.6
98.619,1.602696711,-3.980418534,-0.305033874,104
98.631,1.753820559,-4.610254769,0.566367873,103.2
98.644,1.904073376,-5.373137807,1.525869329,102.3
98.657,2.049100007,-6.203154551,2.627260165,101.2
98.669,2.186287362,-7.097863777,3.75197486,100.3
98.682,2.3117158,-8.05970671,5.124767443,99
98.695,2.426691868,-9.021549643,6.355670645,97.9
98.708,2.532957629,-9.984613189,7.746075303,96.7
98.72,2.630513081,-10.94645612,9.09459058,95.6
98.733,2.71979374,-11.90829906,10.52688462,94.3
98.746,2.798622029,-12.80300828,11.84680164,93.3
98.758,2.869611041,-13.66598157,13.07290717,92.3
98.771,2.931018714,-14.42886461,14.52852507,91.2
98.784,2.985022625,-15.12583455,15.5546306,90.4
98.796,3.032058289,-15.72271424,16.46312406,89.6
98.809,3.072125707,-16.25246022,17.31782784,88.9
98.822,3.10696694,-16.68455717,18.01921868,88.2
98.835,3.13832405,-17.08247697,18.7082325,87.7
98.847,3.16489049,-17.44744021,19.24393337,87.2
98.86,3.189714868,-17.77944691,19.77344574,86.8
98.873,3.212361669,-18.07727645,20.30914661,86.3
98.885,3.234572955,-18.3763266,20.61533512,85.9
98.898,3.254606664,-18.64119959,21.1391357,85.4
98.911,3.273769342,-18.94024974,21.5391357,85
98.924,3.292496505,-19.23807927,21.97483658,84.6
98.936,3.312094698,-19.50417288,22.47483658,84.1
98.949,3.330821861,-19.76904587,22.87483658,83.7
98.962,3.347806962,-20.00096231,23.41053745,83.2
98.974,3.365227579,-20.26705592,23.80434894,82.9
98.987,3.38221268,-20.49897236,24.11053745,82.5
99,3.397891234,-20.7308888,24.51053745,82.1
99.012,3.413569789,-20.96280525,24.81672596,81.7
99.025,3.428377313,-21.09585205,25.11053745,81.5
99.038,3.436652106,-19.57008597,24.35012188,82
99.051,3.439700714,-17.41448366,23.35832639,82.8
99.063,3.437523137,-16.05350033,22.16081911,83.7
99.076,3.436652106,-16.12063403,22.50131765,83.3
99.089,3.436216591,-16.12063403,22.42991591,83.3
99.101,3.436216591,-16.08767749,22.23610441,83.4
99.114,3.436216591,-16.41846357,22.41230383,83.2
99.127,3.436652106,-16.88351707,22.70611532,83
99.139,3.436652106,-17.74526975,23.02991591,82.7
99.152,3.443620353,-19.23807927,24.03701853,81.8
99.165,3.462783031,-20.99576179,25.72262551,80.4
99.178,3.500237356,-22.52152787,27.3082325,79.1
99.19,3.543788897,-23.55050451,28.63433803,78
99.203,3.581243222,-24.14738419,29.40573978,77.3
99.216,3.607374147,-24.41225719,30.00573978,76.7
99.228,3.624794763,-24.51234744,30.13433803,76.5
99.241,3.635247133,-24.44643435,30.26864807,76.4
99.254,3.642650895,-24.37930064,30.21533512,76.3
99.267,3.647441565,-24.31338754,30.17344574,76.4
99.279,3.651361203,-24.34634409,30.14393337,76.3
99.292,3.655280842,-24.44643435,30.14393337,76.3
99.305,3.659200481,-24.64539424,30.37963425,76.1
99.317,3.665297697,-24.84435414,30.51533512,76
99.33,3.671394912,-25.04331403,30.7391357,75.8
99.343,3.678798674,-25.17514022,30.9391357,75.6
99.355,3.68489589,-25.24227393,31.1391357,75.4
99.368,3.69055759,-25.30818702,31.21533512,75.3
99.381,3.69534826,-25.30818702,31.31533512,75.2
99.394,3.700138929,-25.30818702,31.38582275,75
99.406,3.702752022,-25.30818702,31.34393337,75.1
99.419,3.706236145,-25.30818702,31.45012188,74.9
99.432,3.708849238,-25.34114357,31.44393337,75
99.444,3.712768876,-25.40827728,31.45012188,74.9
99.457,3.715381969,-25.47419037,31.54393337,74.9
99.47,3.718866092,-25.50714692,31.58582275,74.8
99.482,3.720608154,-25.54010347,31.73774487,74.8
99.495,3.723656762,-25.50714692,31.83774487,74.7
99.508,3.725398823,-25.47419037,31.74393337,74.7
99.521,3.7275764,-25.44123383,31.7082325,74.7
99.533,3.729318462,-25.40827728,31.71442101,74.6
99.546,3.730189493,-25.34114357,31.8082325,74.6
99.559,3.731496039,-25.30818702,31.78443192,74.6
99.571,3.732802585,-25.30818702,31.77824341,74.7
99.584,3.733673616,-25.27523048,31.78443192,74.6
99.597,3.734980162,-25.24227393,31.74254254,74.7
99.61,3.735415678,-25.17514022,31.75491955,74.5
99.622,3.736286709,-25.10922713,31.64254254,74.8
99.635,3.737593255,-25.04331403,31.65491955,74.6
99.648,3.737593255,-24.91026723,31.64873104,74.7
99.66,3.73802877,-24.81017698,31.64873104,74.7
99.673,3.738899801,-24.67835079,31.64873104,74.7
99.686,3.739335316,-24.61121708,31.61921868,74.6
99.698,3.739335316,-24.51234744,31.61303017,74.7
99.711,3.740206347,-24.41225719,31.61303017,74.7
99.724,3.739335316,-24.34634409,31.58922959,74.7
99.737,3.740206347,-24.24747445,31.58922959,74.7
99.749,3.740206347,-24.11442765,31.58922959,74.7
99.762,3.740206347,-23.9484243,31.48922959,74.8
99.775,3.740206347,-23.78242095,31.45352872,74.8
99.787,3.740206347,-23.58346105,31.45352872,74.8
99.8,3.739335316,-23.41745771,31.42401635,74.7
99.813,3.740206347,-23.2844109,31.31782784,74.9
99.826,3.739335316,-23.15258471,31.28212697,74.9
99.838,3.740206347,-23.01953791,31.28212697,74.9
99.851,3.740206347,-22.88649111,31.28831548,74.8
99.864,3.740206347,-22.72170838,31.16451489,74.9
99.876,3.739335316,-22.52152787,31.03500253,74.9
99.889,3.740206347,-22.32256797,31.08692464,75
99.902,3.739335316,-22.12360807,31.09311315,74.9
99.914,3.739335316,-21.89169163,31.06312406,75
99.927,3.739335316,-21.65977519,31.12742318,74.9
99.94,3.739335316,-21.42785874,31.0855338,75
99.953,3.739335316,-21.22889885,30.89172231,75.1
99.965,3.739335316,-21.02993895,30.94983293,75.1
99.978,3.739335316,-20.83097906,30.83222086,75.1
99.991,3.739335316,-20.597842,30.79033147,75.2
100.001,3.738899801,-20.13400911,30.66081911,75.2
100.013,3.738899801,-19.83495896,30.63701853,75.2
100.026,3.736722224,-18.70711268,30.06422594,75.7
100.039,3.730625008,-16.08767749,28.41820339,76.8
100.051,3.714075423,-12.1402155,24.96848505,79.5
100.064,3.669217335,-7.62883037,18.87255638,84.8
100.077,3.572968429,-3.748502091,11.07365827,92.3
100.089,3.442313806,-1.42567582,3.778455938,99.5
100.102,3.31383676,-0.629836235,-0.585843189,103.9
100.115,3.224556101,-0.463832887,-2.226341734,105.6
100.127,3.169681159,-0.430876339,-2.766840278,106.2
100.14,3.144421265,-0.430876339,-2.831139405,106.3
100.153,3.132226834,-0.430876339,-2.701627039,106.3
100.166,3.127000649,-0.430876339,-2.759737658,106.3
100.178,3.122645495,-0.430876339,-2.659737658,106.2
100.191,3.120032402,-0.430876339,-2.659737658,106.2
100.204,3.11741931,-0.430876339,-2.642125583,106.3
100.216,3.113935187,-0.430876339,-2.635937076,106.2
100.229,3.110015548,-0.430876339,-2.635937076,106.2
100.242,3.10696694,-0.430876339,-2.635937076,106.2
100.254,3.103482817,-0.430876339,-2.635937076,106.2
100.267,3.099563178,-0.430876339,-2.635937076,106.2
100.28,3.094772509,-0.397919792,-2.735937076,106.3
100.293,3.089981839,-0.397919792,-2.735937076,106.3
100.305,3.084755654,-0.397919792,-2.729748569,106.2
100.318,3.079964985,-0.430876339,-2.735937076,106.3
100.331,3.0747388,-0.397919792,-2.794047695,106.3
100.343,3.068641584,-0.397919792,-2.800236202,106.4
100.356,3.063415399,-0.397919792,-2.794047695,106.3
100.369,3.056882668,-0.397919792,-2.800236202,106.4
100.382,3.050785452,-0.397919792,-2.794047695,106.3
100.394,3.043817205,-0.397919792,-2.80642471,106.5
100.407,3.037284474,-0.397919792,-2.800236202,106.4
100.42,3.030751743,-0.397919792,-2.842125583,106.5
100.432,3.024654527,-0.397919792,-2.800236202,106.4
100.445,3.017250765,-0.397919792,-2.90642471,106.6
100.458,3.010718034,-0.397919792,-3.000236202,106.6
100.47,3.003314272,-0.397919792,-3.000236202,106.6
100.483,2.996346026,-0.397919792,-3.000236202,106.6
100.496,2.989377779,-0.397919792,-2.90642471,106.6
100.509,2.982409533,-0.397919792,-2.90642471,106.6
100.521,2.975876801,-0.397919792,-3.035937076,106.6
100.534,2.968473039,-0.397919792,-3.00642471,106.7
100.547,2.961069277,-0.397919792,-3.000236202,106.6
100.559,2.953665515,-0.430876339,-3.10642471,106.8
100.572,2.947132784,-0.430876339,-3.094047695,106.6
100.585,2.939729022,-0.430876339,-3.10642471,106.8
100.597,2.933196291,-0.430876339,-3.094047695,106.6
100.61,2.924921498,-0.430876339,-3.200236202,106.8
100.623,2.917517736,-0.430876339,-3.194047695,106.7
100.636,2.91054949,-0.430876339,-3.200236202,106.8
100.648,2.903145728,-0.430876339,-3.200236202,106.8
100.661,2.894870935,-0.430876339,-3.200236202,106.8
100.674,2.887467173,-0.397919792,-3.200236202,106.8
100.686,2.879627896,-0.397919792,-3.200236202,106.8
100.699,2.872224134,-0.397919792,-3.294047695,106.8
100.712,2.864820372,-0.397919792,-3.294047695,106.8
100.725,2.85741661,-0.430876339,-3.300236202,106.9
100.737,2.850883879,-0.397919792,-3.200236202,106.8
100.75,2.844351147,-0.397919792,-3.20642471,106.9
100.763,2.838253932,-0.397919792,-3.300236202,106.9
100.775,2.832156716,-0.397919792,-3.300236202,106.9
100.788,2.825623985,-0.397919792,-3.294047695,106.8
100.801,2.818655738,-0.397919792,-3.30642471,107
100.813,2.812123007,-0.397919792,-3.300236202,106.9
100.826,2.806025791,-0.397919792,-3.200236202,106.8
100.839,2.79949306,-0.397919792,-3.294047695,106.8
100.852,2.792089298,-0.397919792,-3.300236202,106.9
100.864,2.785556567,-0.397919792,-3.300236202,106.9
100.877,2.779459351,-0.397919792,-3.30642471,107
100.89,2.77292662,-0.397919792,-3.264535329,106.9
100.902,2.765958373,-0.397919792,-3.30642471,107
100.915,2.759425642,-0.397919792,-3.200236202,106.8
100.928,2.752892911,-0.397919792,-3.20642471,106.9
100.94,2.746795695,-0.397919792,-3.300236202,106.9
100.953,2.739391933,-0.397919792,-3.300236202,106.9
100.966,2.733294718,-0.397919792,-3.300236202,106.9
100.979,2.726761986,-0.364963245,-3.300236202,106.9
100.991,2.71979374,-0.397919792,-3.200236202,106.8
101.004,2.713261009,-0.397919792,-3.30642471,107
101.017,2.707163793,-0.397919792,-3.200236202,106.8
101.029,2.700631062,-0.364963245,-3.170723836,106.9
101.042,2.694533846,-0.364963245,-3.300236202,106.9
101.055,2.688001115,-0.364963245,-3.300236202,106.9
101.068,2.681903899,-0.364963245,-3.294047695,106.8
101.08,2.675806683,-0.364963245,-3.400236202,107
101.093,2.670580498,-0.364963245,-3.394047695,106.9
101.106,2.664483283,-0.364963245,-3.264535329,106.9
101.118,2.659257098,-0.364963245,-3.264535329,106.9
101.131,2.653159882,-0.364963245,-3.264535329,106.9
101.144,2.647062666,-0.332006698,-3.300236202,106.9
101.156,2.641836481,-0.332006698,-3.400236202,107
101.169,2.635739266,-0.332006698,-3.394047695,106.9
101.182,2.630513081,-0.332006698,-3.400236202,107
101.195,2.624415865,-0.332006698,-3.400236202,107
101.207,2.61918968,-0.364963245,-3.400236202,107
101.22,2.61352798,-0.332006698,-3.494047695,107
101.233,2.608301795,-0.332006698,-3.494047695,107
101.245,2.60307561,-0.332006698,-3.400236202,107
101.258,2.596978394,-0.332006698,-3.400236202,107
101.271,2.591752209,-0.332006698,-3.364535329,107
101.283,2.586526024,-0.332006698,-3.264535329,106.9
101.296,2.580864324,-0.332006698,-3.270723836,107
101.309,2.57650917,-0.332006698,-3.264535329,106.9
101.322,2.570847469,-0.332006698,-3.30642471,107
101.334,2.566492315,-0.332006698,-3.300236202,106.9
101.347,2.5603951,-0.299050151,-3.30642471,107
101.36,2.554733399,-0.299050151,-3.300236202,106.9
101.372,2.549507214,-0.299050151,-3.30642471,107
101.385,2.544716545,-0.299050151,-3.264535329,106.9
101.398,2.540361391,-0.299050151,-3.270723836,107
101.411,2.535570721,-0.299050151,-3.264535329,106.9
101.423,2.530780052,-0.299050151,-3.270723836,107
101.436,2.526860413,-0.299050151,-3.358346822,106.9
101.449,2.522069743,-0.299050151,-3.364535329,107
101.461,2.517714589,-0.299050151,-3.400236202,107
101.474,2.513359435,-0.299050151,-3.300236202,106.9
101.487,2.509004281,-0.332006698,-3.264535329,106.9
101.499,2.504213612,-0.299050151,-3.358346822,106.9
101.512,2.499422942,-0.299050151,-3.358346822,106.9
101.525,2.494632273,-0.299050151,-3.458346822,107
101.538,2.490277118,-0.299050151,-3.364535329,107
101.55,2.485486449,-0.299050151,-3.358346822,106.9
101.563,2.480695779,-0.299050151,-3.364535329,107
101.576,2.476776141,-0.299050151,-3.358346822,106.9
101.588,2.471985471,-0.299050151,-3.364535329,107
101.601,2.468065833,-0.299050151,-3.358346822,106.9
101.614,2.463275163,-0.299050151,-3.364535329,107
101.626,2.459355524,-0.299050151,-3.394047695,106.9
101.639,2.454564855,-0.26487299,-3.20642471,106.9
101.652,2.450209701,-0.26487299,-3.264535329,106.9
101.665,2.445419031,-0.26487299,-3.264535329,106.9
101.677,2.441499392,-0.26487299,-3.364535329,107
101.69,2.437144238,-0.26487299,-3.364535329,107
101.703,2.4332246,-0.26487299,-3.364535329,107
101.715,2.429304961,-0.26487299,-3.264535329,106.9
101.728,2.425820838,-0.26487299,-3.264535329,106.9
101.741,2.421901199,-0.26487299,-3.264535329,106.9
101.754,2.41798156,-0.26487299,-3.270723836,107
101.766,2.414061922,-0.26487299,-3.264535329,106.9
101.779,2.410577798,-0.26487299,-3.264535329,106.9
101.792,2.407093675,-0.26487299,-3.358346822,106.9
101.804,2.403174036,-0.26487299,-3.264535329,106.9
101.817,2.400125428,-0.231916443,-3.164535329,106.8
101.83,2.395770274,-0.231916443,-3.170723836,106.9
101.842,2.391850636,-0.26487299,-3.264535329,106.9
101.855,2.387930997,-0.231916443,-3.264535329,106.9
101.868,2.385317904,-0.26487299,-3.264535329,106.9
101.881,2.381833781,-0.231916443,-3.264535329,106.9
101.893,2.377914142,-0.231916443,-3.264535329,106.9
101.906,2.374430019,-0.231916443,-3.264535329,106.9
101.919,2.371381411,-0.231916443,-3.264535329,106.9
101.931,2.367897288,-0.231916443,-3.264535329,106.9
101.944,2.364413165,-0.231916443,-3.364535329,107
101.957,2.361364557,-0.231916443,-3.364535329,107
101.969,2.357880434,-0.231916443,-3.364535329,107
101.982,2.35439631,-0.231916443,-3.358346822,106.9
101.995,2.352654249,-0.231916443,-3.364535329,107
102.008,2.349170125,-0.231916443,-3.358346822,106.9
102.02,2.345686002,-0.231916443,-3.364535329,107
102.033,2.342637394,-0.231916443,-3.364535329,107
102.046,2.339588786,-0.231916443,-3.364535329,107
102.058,2.336540178,-0.231916443,-3.364535329,107
102.071,2.333927086,-0.231916443,-3.364535329,107
102.084,2.331313994,-0.198959896,-3.364535329,107
102.097,2.328265386,-0.198959896,-3.400236202,107
102.109,2.325216778,-0.198959896,-3.358346822,106.9
102.122,2.322603685,-0.198959896,-3.358346822,106.9
102.135,2.319119562,-0.198959896,-3.264535329,106.9
102.147,2.31650647,-0.198959896,-3.164535329,106.8
102.16,2.314328893,-0.198959896,-3.270723836,107
102.173,2.3117158,-0.198959896,-3.164535329,106.8
102.185,2.309102708,-0.198959896,-3.170723836,106.9
102.198,2.306925131,-0.198959896,-3.164535329,106.8
102.211,2.304312038,-0.198959896,-3.164535329,106.8
102.224,2.30126343,-0.198959896,-3.164535329,106.8
102.236,2.299085853,-0.198959896,-3.164535329,106.8
102.249,2.296908276,-0.198959896,-3.264535329,106.9
102.262,2.295166214,-0.198959896,-3.300236202,106.9
102.274,2.292553122,-0.198959896,-3.300236202,106.9
102.287,2.290375545,-0.198959896,-3.200236202,106.8
102.3,2.287762452,-0.198959896,-3.300236202,106.9
102.312,2.285584875,-0.166003349,-3.258346822,106.8
102.325,2.282971783,-0.166003349,-3.300236202,106.9
102.338,2.280794206,-0.198959896,-3.264535329,106.9
102.351,2.279052144,-0.198959896,-3.200236202,106.8
102.363,2.276874567,-0.166003349,-3.294047695,106.8
102.376,2.275132506,-0.198959896,-3.300236202,106.9
102.389,2.272954929,-0.198959896,-3.294047695,106.8
102.401,2.270341836,-0.166003349,-3.300236202,106.9
102.414,2.268164259,-0.166003349,-3.300236202,106.9
102.427,2.266422197,-0.166003349,-3.170723836,106.9
102.44,2.263809105,-0.166003349,-3.170723836,106.9
102.452,2.262502559,-0.166003349,-3.170723836,106.9
102.465,2.260324982,-0.198959896,-3.070723836,106.8
102.478,2.258147405,-0.166003349,-3.164535329,106.8
102.49,2.256405343,-0.166003349,-3.170723836,106.9
102.503,2.254227766,-0.166003349,-3.164535329,106.8
102.516,2.252485704,-0.166003349,-3.170723836,106.9
102.528,2.250308127,-0.166003349,-3.164535329,106.8
102.541,2.24813055,-0.166003349,-3.170723836,106.9
102.554,2.246824004,-0.166003349,-3.164535329,106.8
102.567,2.245081942,-0.166003349,-3.264535329,106.9
102.579,2.243775396,-0.166003349,-3.258346822,106.8
102.592,2.241597819,-0.166003349,-3.164535329,106.8
102.605,2.240291273,-0.166003349,-3.200236202,106.8
102.617,2.238984726,-0.166003349,-3.264535329,106.9
102.63,2.236807149,-0.166003349,-3.264535329,106.9
102.643,2.235500603,-0.166003349,-3.264535329,106.9
102.655,2.233758542,-0.166003349,-3.258346822,106.8
102.668,2.231580964,-0.166003349,-3.258346822,106.8
102.681,2.229403387,-0.166003349,-3.258346822,106.8
102.694,2.228096841,-0.166003349,-3.258346822,106.8
102.706,2.226790295,-0.166003349,-3.364535329,107
102.719,2.225048233,-0.166003349,-3.258346822,106.8
102.732,2.223741687,-0.166003349,-3.20642471,106.9
102.744,2.221999625,-0.166003349,-3.164535329,106.8
102.757,2.220257564,-0.166003349,-3.170723836,106.9
102.77,2.218951018,-0.166003349,-3.258346822,106.8
102.783,2.217644471,-0.166003349,-3.164535329,106.8
102.795,2.215466894,-0.166003349,-3.158346822,106.7
102.808,2.213724833,-0.133046802,-3.164535329,106.8
102.821,2.211982771,-0.133046802,-3.158346822,106.7
102.833,2.210240709,-0.133046802,-3.164535329,106.8
102.846,2.208934163,-0.166003349,-3.258346822,106.8
102.859,2.207627617,-0.133046802,-3.264535329,106.9
102.871,2.206321071,-0.133046802,-3.258346822,106.8
102.884,2.204143494,-0.133046802,-3.258346822,106.8
102.897,2.203707978,-0.166003349,-3.164535329,106.8
102.91,2.201965917,-0.133046802,-3.164535329,106.8
102.922,2.20065937,-0.133046802,-3.170723836,106.9
102.935,2.199352824,-0.133046802,-3.164535329,106.8
102.948,2.198046278,-0.133046802,-3.164535329,106.8
102.96,2.196739732,-0.133046802,-3.164535329,106.8
102.973,2.195433185,-0.133046802,-3.164535329,106.8
102.986,2.19499767,-0.133046802,-3.164535329,106.8
102.998,2.193691124,-0.133046802,-3.164535329,106.8
103.011,2.191949062,-0.133046802,-3.164535329,106.8
103.024,2.190642516,-0.133046802,-3.170723836,106.9
103.037,2.190207,-0.133046802,-3.164535329,106.8
103.049,2.188900454,-0.133046802,-3.164535329,106.8
103.062,2.188029423,-0.133046802,-3.158346822,106.7
103.075,2.186722877,-0.133046802,-3.164535329,106.8
103.087,2.186287362,-0.133046802,-3.164535329,106.8
103.1,2.184980816,-0.133046802,-3.264535329,106.9
103.113,2.183674269,-0.133046802,-3.258346822,106.8
103.126,2.181932208,-0.133046802,-3.164535329,106.8
103.138,2.180625661,-0.133046802,-3.164535329,106.8
103.151,2.179319115,-0.133046802,-3.164535329,106.8
103.164,2.1788836,-0.133046802,-3.164535329,106.8
103.176,2.177577054,-0.133046802,-3.164535329,106.8
103.189,2.176706023,-0.133046802,-3.164535329,106.8
103.202,2.175399477,-0.133046802,-3.164535329,106.8
103.214,2.174963961,-0.133046802,-3.164535329,106.8
103.227,2.173221899,-0.133046802,-3.164535329,106.8
103.24,2.172786384,-0.133046802,-3.258346822,106.8
103.253,2.171915353,-0.133046802,-3.264535329,106.9
103.265,2.170608807,-0.133046802,-3.258346822,106.8
103.278,2.169302261,-0.133046802,-3.164535329,106.8
103.291,2.168866745,-0.133046802,-3.164535329,106.8
103.303,2.167995715,-0.133046802,-3.164535329,106.8
103.316,2.166689168,-0.133046802,-3.164535329,106.8
103.329,2.165382622,-0.133046802,-3.164535329,106.8
103.341,2.164947107,-0.133046802,-3.164535329,106.8
103.354,2.163205045,-0.133046802,-3.164535329,106.8
103.367,2.161898499,-0.133046802,-3.164535329,106.8
103.38,2.160591953,-0.133046802,-3.164535329,106.8
103.392,2.160156437,-0.100090254,-3.164535329,106.8
103.405,2.158849891,-0.100090254,-3.164535329,106.8
103.418,2.15797886,-0.100090254,-3.064535329,106.7
103.43,2.156672314,-0.133046802,-3.064535329,106.7
103.443,2.156236798,-0.100090254,-3.064535329,106.7
103.456,2.154930252,-0.100090254,-3.164535329,106.8
103.469,2.154930252,-0.133046802,-3.164535329,106.8
103.481,2.154059221,-0.133046802,-3.164535329,106.8
103.494,2.152752675,-0.133046802,-3.164535329,106.8
103.507,2.151881644,-0.100090254,-3.158346822,106.7
103.519,2.150575098,-0.100090254,-3.164535329,106.8
103.532,2.150139583,-0.100090254,-3.158346822,106.7
103.545,2.149268552,-0.100090254,-3.264535329,106.9
103.557,2.148833036,-0.100090254,-3.158346822,106.7
103.57,2.147962006,-0.100090254,-3.164535329,106.8
103.583,2.14752649,-0.100090254,-3.158346822,106.7
103.596,2.146655459,-0.100090254,-3.164535329,106.8
103.608,2.146219944,-0.100090254,-3.158346822,106.7
103.621,2.145348913,-0.100090254,-3.164535329,106.8
103.634,2.144913398,-0.100090254,-3.164535329,106.8
103.646,2.144042367,-0.100090254,-3.064535329,106.7
103.659,2.143171336,-0.100090254,-3.164535329,106.8
103.672,2.142735821,-0.100090254,-3.064535329,106.7
103.684,2.14186479,-0.100090254,-3.164535329,106.8
103.697,2.141429274,-0.100090254,-3.158346822,106.7
103.71,2.140558244,-0.100090254,-3.164535329,106.8
103.723,2.140122728,-0.133046802,-3.158346822,106.7
103.735,2.139251697,-0.100090254,-3.164535329,106.8
103.748,2.139251697,-0.100090254,-3.158346822,106.7
103.761,2.138816182,-0.100090254,-3.164535329,106.8
103.773,2.137945151,-0.100090254,-3.158346822,106.7
103.786,2.137509636,-0.100090254,-3.070723836,106.8
103.799,2.137509636,-0.100090254,-3.158346822,106.7
103.812,2.136638605,-0.100090254,-3.164535329,106.8
103.824,2.13620309,-0.100090254,-3.158346822,106.7
103.837,2.135332059,-0.100090254,-3.164535329,106.8
103.85,2.135332059,-0.100090254,-3.058346822,106.6
103.862,2.134896543,-0.100090254,-3.158346822,106.7
103.875,2.134896543,-0.100090254,-3.158346822,106.7
103.888,2.134025512,-0.100090254,-3.064535329,106.7
103.9,2.133154482,-0.100090254,-3.064535329,106.7
103.913,2.132718966,-0.100090254,-3.064535329,106.7
103.926,2.131847935,-0.100090254,-3.164535329,106.8
103.939,2.13141242,-0.100090254,-2.964535329,106.6
103.951,2.13141242,-0.100090254,-2.970723836,106.7
103.964,2.130541389,-0.100090254,-3.064535329,106.7
103.977,2.130105874,-0.100090254,-3.070723836,106.8
103.989,2.130105874,-0.100090254,-3.064535329,106.7
104.002,2.129234843,-0.100090254,-3.070723836,106.8
104.015,2.128799328,-0.100090254,-3.064535329,106.7
104.027,2.127928297,-0.100090254,-3.064535329,106.7
104.04,2.127928297,-0.100090254,-3.064535329,106.7
104.053,2.127492781,-0.100090254,-3.064535329,106.7
104.066,2.126621751,-0.100090254,-3.064535329,106.7
104.078,2.126186235,-0.100090254,-3.064535329,106.7
104.091,2.126186235,-0.100090254,-3.064535329,106.7
104.104,2.125315204,-0.100090254,-3.164535329,106.8
104.116,2.125315204,-0.100090254,-3.064535329,106.7
104.129,2.124879689,-0.100090254,-3.064535329,106.7
104.142,2.124008658,-0.100090254,-3.064535329,106.7
104.155,2.123137627,-0.100090254,-3.164535329,106.8
104.167,2.122702112,-0.100090254,-3.058346822,106.6
104.18,2.121831081,-0.100090254,-3.158346822,106.7
104.193,2.121395566,-0.100090254,-3.058346822,106.6
104.205,2.121395566,-0.100090254,-3.158346822,106.7
104.218,2.120524535,-0.065913094,-3.058346822,106.6
104.231,2.120089019,-0.100090254,-3.064535329,106.7
104.243,2.119217989,-0.100090254,-3.058346822,106.6
104.256,2.119217989,-0.100090254,-3.064535329,106.7
104.269,2.118782473,-0.100090254,-3.064535329,106.7
104.282,2.117911442,-0.065913094,-3.064535329,106.7
104.294,2.117911442,-0.065913094,-3.058346822,106.6
104.307,2.117475927,-0.065913094,-2.870723836,106.6
104.32,2.117475927,-0.100090254,-2.970723836,106.7
104.332,2.116604896,-0.100090254,-2.970723836,106.7
104.345,2.116169381,-0.100090254,-3.064535329,106.7
104.358,2.116169381,-0.100090254,-3.064535329,106.7
104.37,2.11529835,-0.100090254,-3.064535329,106.7
104.383,2.114862834,-0.100090254,-3.064535329,106.7
104.396,2.113991804,-0.100090254,-3.064535329,106.7
104.409,2.113991804,-0.100090254,-3.064535329,106.7
104.421,2.113120773,-0.100090254,-3.064535329,106.7
104.434,2.113120773,-0.100090254,-3.064535329,106.7
104.447,2.112685257,-0.100090254,-3.064535329,106.7
104.459,2.111814227,-0.100090254,-3.058346822,106.6
104.472,2.111378711,-0.100090254,-3.064535329,106.7
104.485,2.111378711,-0.100090254,-3.058346822,106.6
104.498,2.11050768,-0.100090254,-3.064535329,106.7
104.51,2.11050768,-0.065913094,-3.058346822,106.6
104.523,2.110072165,-0.065913094,-3.064535329,106.7
104.536,2.110072165,-0.100090254,-3.058346822,106.6
104.548,2.109201134,-0.100090254,-3.064535329,106.7
104.561,2.109201134,-0.065913094,-3.058346822,106.6
104.574,2.108765619,-0.065913094,-3.064535329,106.7
104.586,2.107894588,-0.065913094,-2.964535329,106.6
104.599,2.107459072,-0.065913094,-3.070723836,106.8
104.612,2.107459072,-0.100090254,-2.964535329,106.6
104.625,2.106588042,-0.100090254,-3.064535329,106.7
104.637,2.106588042,-0.100090254,-3.064535329,106.7
104.65,2.106152526,-0.100090254,-2.964535329,106.6
104.663,2.105281495,-0.065913094,-2.964535329,106.6
104.675,2.105281495,-0.065913094,-2.964535329,106.6
104.688,2.104410465,-0.065913094,-2.964535329,106.6
104.701,2.104410465,-0.065913094,-3.064535329,106.7
104.713,2.104410465,-0.065913094,-3.064535329,106.7
104.726,2.103974949,-0.065913094,-3.058346822,106.6
104.739,2.104410465,-0.100090254,-3.064535329,106.7
104.752,2.104410465,-0.100090254,-3.040734747,106.7
104.764,2.103103918,-0.065913094,-3.046923254,106.8
104.777,2.103103918,-0.100090254,-3.064535329,106.7
104.79,2.102668403,-0.065913094,-3.064535329,106.7
104.802,2.102668403,-0.065913094,-3.158346822,106.7
104.815,2.101797372,-0.065913094,-3.058346822,106.6
104.828,2.101797372,-0.065913094,-3.058346822,106.6
104.84,2.101797372,-0.065913094,-3.058346822,106.6
104.853,2.101361857,-0.065913094,-3.064535329,106.7
104.866,2.100490826,-0.065913094,-3.064535329,106.7
104.879,2.100490826,-0.100090254,-2.964535329,106.6
104.891,2.100490826,-0.065913094,-3.064535329,106.7
104.904,2.100490826,-0.065913094,-3.064535329,106.7
104.917,2.10005531,-0.065913094,-3.058346822,106.6
104.929,2.10005531,-0.065913094,-2.964535329,106.6
104.942,2.10005531,-0.065913094,-2.964535329,106.6
104.955,2.10005531,-0.065913094,-2.870723836,106.6
104.968,2.09918428,-0.065913094,-2.964535329,106.6
104.98,2.09918428,-0.100090254,-2.970723836,106.7
104.993,2.09918428,-0.065913094,-2.964535329,106.6
105.006,2.098748764,-0.065913094,-2.964535329,106.6
105.018,2.097877733,-0.065913094,-2.940734747,106.6
105.031,2.097877733,-0.065913094,-2.964535329,106.6
105.044,2.097877733,-0.100090254,-2.964535329,106.6
105.056,2.097877733,-0.100090254,-2.964535329,106.6
105.069,2.097442218,-0.100090254,-3.058346822,106.6
105.082,2.097442218,-0.100090254,-3.058346822,106.6
105.095,2.097442218,-0.100090254,-3.058346822,106.6
105.107,2.097442218,-0.100090254,-3.064535329,106.7
105.12,2.097442218,-0.100090254,-3.064535329,106.7
105.133,2.097442218,-0.100090254,-3.058346822,106.6
105.145,2.097442218,-0.100090254,-3.058346822,106.6
105.158,2.096571187,-0.100090254,-2.964535329,106.6
105.171,2.096571187,-0.100090254,-3.064535329,106.7
105.184,2.096571187,-0.133046802,-3.058346822,106.6
105.196,2.097442218,-0.100090254,-3.058346822,106.6
105.209,2.096571187,-0.100090254,-2.958346822,106.5
105.222,2.096571187,-0.100090254,-2.964535329,106.6
105.234,2.096571187,-0.133046802,-2.964535329,106.6
105.247,2.096571187,-0.133046802,-2.970723836,106.7
105.26,2.096571187,-0.133046802,-2.870723836,106.6
105.272,2.096571187,-0.133046802,-2.964535329,106.6
105.285,2.096571187,-0.100090254,-2.970723836,106.7
105.298,2.096571187,-0.100090254,-2.964535329,106.6
105.311,2.096571187,-0.100090254,-2.964535329,106.6
105.323,2.096571187,-0.100090254,-2.964535329,106.6
105.336,2.096571187,-0.100090254,-2.964535329,106.6
105.349,2.096571187,-0.100090254,-2.964535329,106.6
105.361,2.096571187,-0.100090254,-2.964535329,106.6
105.374,2.096571187,-0.133046802,-2.964535329,106.6
105.387,2.096571187,-0.133046802,-2.964535329,106.6
105.399,2.096135672,-0.100090254,-2.964535329,106.6
105.412,2.096571187,-0.100090254,-2.964535329,106.6
105.425,2.096571187,-0.133046802,-2.964535329,106.6
105.438,2.096571187,-0.100090254,-2.964535329,106.6
105.45,2.096135672,-0.133046802,-2.964535329,106.6
105.463,2.096135672,-0.133046802,-2.964535329,106.6
105.476,2.096135672,-0.100090254,-2.964535329,106.6
105.488,2.096571187,-0.100090254,-2.964535329,106.6
105.501,2.096571187,-0.100090254,-2.964535329,106.6
105.514,2.096571187,-0.100090254,-2.964535329,106.6
105.527,2.096571187,-0.100090254,-2.970723836,106.7
105.539,2.096571187,-0.100090254,-2.964535329,106.6
105.552,2.096135672,-0.100090254,-2.970723836,106.7
105.565,2.096135672,-0.100090254,-2.964535329,106.6
105.577,2.096135672,-0.133046802,-2.970723836,106.7
105.59,2.096135672,-0.100090254,-2.864535329,106.5
105.603,2.096571187,-0.100090254,-2.964535329,106.6
105.615,2.096135672,-0.100090254,-2.964535329,106.6
105.628,2.096135672,-0.133046802,-2.964535329,106.6
105.641,2.096135672,-0.133046802,-2.964535329,106.6
105.654,2.096135672,-0.133046802,-2.964535329,106.6
105.666,2.096571187,-0.133046802,-2.964535329,106.6
105.679,2.096135672,-0.133046802,-2.958346822,106.5
105.692,2.096135672,-0.100090254,-2.964535329,106.6
105.704,2.096135672,-0.100090254,-2.958346822,106.5
105.717,2.096135672,-0.100090254,-2.964535329,106.6
105.73,2.096135672,-0.100090254,-2.964535329,106.6
105.742,2.096135672,-0.100090254,-2.776912343,106.6
105.755,2.096135672,-0.100090254,-2.746923254,106.5
105.768,2.096135672,-0.133046802,-2.870723836,106.6
105.781,2.096135672,-0.100090254,-2.864535329,106.5
105.793,2.096135672,-0.100090254,-2.864535329,106.5
105.806,2.096135672,-0.133046802,-2.864535329,106.5
105.819,2.096571187,-0.133046802,-2.964535329,106.6
105.831,2.096571187,-0.100090254,-2.964535329,106.6
105.844,2.096135672,-0.100090254,-2.964535329,106.6
105.857,2.096135672,-0.100090254,-2.870723836,106.6
105.87,2.096135672,-0.100090254,-2.858346822,106.4
105.882,2.096135672,-0.100090254,-2.964535329,106.6
105.895,2.096135672,-0.100090254,-2.958346822,106.5
105.908,2.096135672,-0.100090254,-2.964535329,106.6
105.92,2.096135672,-0.100090254,-2.958346822,106.5
105.933,2.096135672,-0.100090254,-2.870723836,106.6
105.946,2.096135672,-0.100090254,-2.864535329,106.5
105.958,2.096135672,-0.100090254,-2.870723836,106.6
105.971,2.096135672,-0.100090254,-2.864535329,106.5
105.984,2.096135672,-0.100090254,-2.864535329,106.5
105.997,2.096135672,-0.100090254,-2.958346822,106.5
106.009,2.096135672,-0.100090254,-2.964535329,106.6
106.022,2.096135672,-0.100090254,-2.958346822,106.5
106.035,2.095264641,-0.100090254,-2.864535329,106.5
106.047,2.095264641,-0.100090254,-2.864535329,106.5
106.06,2.095264641,-0.133046802,-2.864535329,106.5
106.073,2.096135672,-0.133046802,-2.864535329,106.5
106.085,2.096135672,-0.100090254,-2.864535329,106.5
106.098,2.096135672,-0.100090254,-2.870723836,106.6
106.111,2.096135672,-0.100090254,-2.864535329,106.5
106.124,2.096135672,-0.100090254,-2.964535329,106.6
106.136,2.096135672,-0.100090254,-2.958346822,106.5
106.149,2.096135672,-0.100090254,-2.964535329,106.6
106.162,2.096135672,-0.100090254,-2.864535329,106.5
106.174,2.096135672,-0.100090254,-2.964535329,106.6
106.187,2.096135672,-0.100090254,-2.958346822,106.5
106.2,2.095264641,-0.100090254,-2.964535329,106.6
106.213,2.096135672,-0.100090254,-2.93454624,106.5
106.225,2.095264641,-0.100090254,-2.964535329,106.6
106.238,2.096135672,-0.100090254,-2.958346822,106.5
106.251,2.096135672,-0.100090254,-2.864535329,106.5
106.263,2.096135672,-0.100090254,-2.670723836,106.4
106.276,2.096135672,-0.100090254,-2.776912343,106.6
106.289,2.096135672,-0.100090254,-2.670723836,106.4
106.301,2.095264641,-0.100090254,-2.864535329,106.5
106.314,2.095264641,-0.100090254,-2.864535329,106.5
106.327,2.096135672,-0.100090254,-2.864535329,106.5
106.34,2.096135672,-0.100090254,-2.864535329,106.5
106.352,2.095264641,-0.100090254,-2.864535329,106.5
106.365,2.096135672,-0.100090254,-2.864535329,106.5
106.378,2.096135672,-0.100090254,-2.864535329,106.5
106.39,2.096135672,-0.100090254,-2.958346822,106.5
106.403,2.096135672,-0.100090254,-2.964535329,106.6
106.416,2.096135672,-0.100090254,-2.864535329,106.5
106.428,2.095264641,-0.100090254,-2.864535329,106.5
106.441,2.095264641,-0.100090254,-2.958346822,106.5
106.454,2.095264641,-0.100090254,-2.958346822,106.5
106.467,2.095264641,-0.100090254,-2.958346822,106.5
106.479,2.095264641,-0.100090254,-2.864535329,106.5
106.492,2.095264641,-0.100090254,-2.958346822,106.5
106.505,2.095264641,-0.100090254,-2.958346822,106.5
106.517,2.095264641,-0.100090254,-2.864535329,106.5
106.53,2.095264641,-0.100090254,-2.864535329,106.5
106.543,2.095264641,-0.100090254,-2.864535329,106.5
106.555,2.095264641,-0.100090254,-2.864535329,106.5
106.568,2.095264641,-0.100090254,-2.764535329,106.4
106.581,2.095264641,-0.100090254,-2.864535329,106.5
106.594,2.095264641,-0.100090254,-2.864535329,106.5
106.606,2.095264641,-0.100090254,-2.864535329,106.5
106.619,2.095264641,-0.100090254,-2.864535329,106.5
106.632,2.095264641,-0.100090254,-2.864535329,106.5
106.644,2.095264641,-0.100090254,-2.864535329,106.5
106.657,2.095264641,-0.065913094,-2.858346822,106.4
106.67,2.095264641,-0.100090254,-2.770723836,106.5
106.683,2.095264641,-0.100090254,-2.764535329,106.4
106.695,2.09439361,-0.100090254,-2.770723836,106.5
106.708,2.095264641,-0.100090254,-2.764535329,106.4
106.721,2.09439361,-0.100090254,-2.770723836,106.5
106.733,2.095264641,-0.100090254,-2.958346822,106.5
106.746,2.095264641,-0.100090254,-2.964535329,106.6
106.759,2.09439361,-0.100090254,-2.858346822,106.4
106.771,2.09439361,-0.100090254,-2.864535329,106.5
106.784,2.09439361,-0.100090254,-2.858346822,106.4
106.797,2.09439361,-0.100090254,-2.864535329,106.5
106.81,2.09439361,-0.100090254,-2.864535329,106.5
106.822,2.09439361,-0.100090254,-2.858346822,106.4
106.835,2.09439361,-0.100090254,-2.864535329,106.5
106.848,2.09439361,-0.100090254,-2.858346822,106.4
106.86,2.09439361,-0.065913094,-2.864535329,106.5
106.873,2.09439361,-0.065913094,-2.858346822,106.4
106.886,2.09439361,-0.065913094,-2.864535329,106.5
106.898,2.09439361,-0.100090254,-2.958346822,106.5
106.911,2.09439361,-0.100090254,-2.964535329,106.6
106.924,2.09439361,-0.100090254,-2.858346822,106.4
106.937,2.09439361,-0.100090254,-2.864535329,106.5
106.949,2.09439361,-0.100090254,-2.858346822,106.4
106.962,2.09439361,-0.100090254,-2.764535329,106.4
106.975,2.09439361,-0.100090254,-2.764535329,106.4
106.987,2.09439361,-0.100090254,-2.770723836,106.5
107,2.09439361,-0.100090254,-2.764535329,106.4
107.013,2.09439361,-0.100090254,-2.764535329,106.4
107.026,2.09439361,-0.100090254,-2.864535329,106.5
107.038,2.09439361,-0.100090254,-2.764535329,106.4
107.051,2.09439361,-0.100090254,-2.764535329,106.4
107.064,2.09439361,-0.100090254,-2.864535329,106.5
107.076,2.09439361,-0.100090254,-2.764535329,106.4
107.089,2.09439361,-0.100090254,-2.858346822,106.4
107.102,2.093958095,-0.100090254,-2.864535329,106.5
107.114,2.093958095,-0.100090254,-2.858346822,106.4
107.127,2.093958095,-0.100090254,-2.770723836,106.5
107.14,2.093958095,-0.100090254,-2.764535329,106.4
107.153,2.093958095,-0.100090254,-2.764535329,106.4
107.165,2.093958095,-0.100090254,-2.758346822,106.3
107.178,2.093958095,-0.100090254,-2.864535329,106.5
107.191,2.093958095,-0.100090254,-2.864535329,106.5
107.203,2.093958095,-0.100090254,-2.770723836,106.5
107.216,2.093958095,-0.100090254,-2.764535329,106.4
107.229,2.093958095,-0.065913094,-2.864535329,106.5
107.242,2.093958095,-0.100090254,-2.764535329,106.4
107.254,2.093958095,-0.100090254,-2.764535329,106.4
107.267,2.093958095,-0.100090254,-2.858346822,106.4
107.28,2.093958095,-0.100090254,-2.858346822,106.4
107.292,2.093958095,-0.100090254,-2.764535329,106.4
107.305,2.093958095,-0.065913094,-2.864535329,106.5
107.318,2.093958095,-0.065913094,-2.764535329,106.4
107.33,2.093958095,-0.065913094,-2.764535329,106.4
107.343,2.09439361,-0.065913094,-2.840734747,106.5
107.356,2.093958095,-0.100090254,-2.864535329,106.5
107.369,2.093958095,-0.065913094,-2.764535329,106.4
107.381,2.093958095,-0.100090254,-2.764535329,106.4
107.394,2.093958095,-0.100090254,-2.764535329,106.4
107.407,2.093087064,-0.100090254,-2.864535329,106.5
107.419,2.093958095,-0.100090254,-2.858346822,106.4
107.432,2.093958095,-0.100090254,-2.858346822,106.4
107.445,2.093958095,-0.100090254,-2.858346822,106.4
107.457,2.093958095,-0.100090254,-2.740734747,106.4
107.47,2.093958095,-0.065913094,-2.740734747,106.4
107.483,2.093958095,-0.065913094,-2.764535329,106.4
107.496,2.093958095,-0.065913094,-2.764535329,106.4
107.508,2.093958095,-0.065913094,-2.764535329,106.4
107.521,2.093958095,-0.065913094,-2.758346822,106.3
107.534,2.093958095,-0.065913094,-2.764535329,106.4
107.546,2.093087064,-0.065913094,-2.758346822,106.3
107.559,2.093958095,-0.065913094,-2.864535329,106.5
107.572,2.093087064,-0.065913094,-2.864535329,106.5
107.585,2.093087064,-0.100090254,-2.858346822,106.4
107.597,2.093087064,-0.100090254,-2.858346822,106.4
107.61,2.093087064,-0.100090254,-2.858346822,106.4
107.623,2.093087064,-0.100090254,-2.864535329,106.5
107.635,2.093087064,-0.100090254,-2.858346822,106.4
107.648,2.093087064,-0.100090254,-2.864535329,106.5
107.661,2.093958095,-0.065913094,-2.852158315,106.3
107.673,2.093087064,-0.065913094,-2.764535329,106.4
107.686,2.093087064,-0.065913094,-2.764535329,106.4
107.699,2.093087064,-0.100090254,-2.770723836,106.5
107.712,2.093087064,-0.100090254,-2.764535329,106.4
107.724,2.093087064,-0.100090254,-2.770723836,106.5
107.737,2.093087064,-0.100090254,-2.764535329,106.4
107.75,2.093087064,-0.100090254,-2.764535329,106.4
107.762,2.093087064,-0.065913094,-2.758346822,106.3
107.775,2.093087064,-0.100090254,-2.764535329,106.4
107.788,2.093087064,-0.100090254,-2.764535329,106.4
107.8,2.093087064,-0.100090254,-2.764535329,106.4
107.813,2.093087064,-0.100090254,-2.764535329,106.4
107.826,2.093087064,-0.065913094,-2.764535329,106.4
107.839,2.093087064,-0.065913094,-2.764535329,106.4
107.851,2.093087064,-0.065913094,-2.758346822,106.3
107.864,2.093087064,-0.065913094,-2.764535329,106.4
107.877,2.093087064,-0.100090254,-2.758346822,106.3
107.889,2.093087064,-0.065913094,-2.764535329,106.4
107.902,2.093087064,-0.065913094,-2.758346822,106.3
107.915,2.093087064,-0.065913094,-2.764535329,106.4
107.927,2.093087064,-0.100090254,-2.758346822,106.3
107.94,2.093087064,-0.100090254,-2.764535329,106.4
107.953,2.093087064,-0.100090254,-2.758346822,106.3
107.966,2.093087064,-0.100090254,-2.764535329,106.4
107.978,2.093087064,-0.100090254,-2.758346822,106.3
107.991,2.093087064,-0.100090254,-2.764535329,106.4
108.004,2.093087064,-0.100090254,-2.764535329,106.4
108.016,2.093087064,-0.100090254,-2.664535329,106.3
108.029,2.093087064,-0.100090254,-2.764535329,106.4
108.042,2.093087064,-0.100090254,-2.764535329,106.4
108.055,2.093087064,-0.100090254,-2.764535329,106.4
108.067,2.093087064,-0.065913094,-2.764535329,106.4
108.08,2.093087064,-0.065913094,-2.764535329,106.4
108.093,2.093087064,-0.065913094,-2.758346822,106.3
108.105,2.093087064,-0.100090254,-2.764535329,106.4
108.118,2.093087064,-0.100090254,-2.758346822,106.3
108.131,2.093087064,-0.100090254,-2.764535329,106.4
108.143,2.093087064,-0.065913094,-2.758346822,106.3
108.156,2.093087064,-0.065913094,-2.764535329,106.4
108.169,2.093087064,-0.100090254,-2.764535329,106.4
108.182,2.093087064,-0.065913094,-2.764535329,106.4
108.194,2.093087064,-0.065913094,-2.764535329,106.4
108.207,2.093087064,-0.065913094,-2.758346822,106.3
108.22,2.093087064,-0.065913094,-2.758346822,106.3
108.232,2.093087064,-0.065913094,-2.758346822,106.3
108.245,2.093087064,-0.065913094,-2.764535329,106.4
108.258,2.093087064,-0.065913094,-2.758346822,106.3
108.27,2.093087064,-0.100090254,-2.764535329,106.4
108.283,2.093087064,-0.100090254,-2.758346822,106.3
108.296,2.093087064,-0.100090254,-2.764535329,106.4
108.309,2.093087064,-0.065913094,-2.764535329,106.4
108.321,2.093087064,-0.065913094,-2.664535329,106.3
108.334,2.093087064,-0.065913094,-2.764535329,106.4
108.347,2.093087064,-0.065913094,-2.740734747,106.4
108.359,2.093087064,-0.065913094,-2.764535329,106.4
108.372,2.093087064,-0.065913094,-2.764535329,106.4
108.385,2.093087064,-0.065913094,-2.764535329,106.4
108.398,2.093087064,-0.065913094,-2.764535329,106.4
108.41,2.092651548,-0.065913094,-2.764535329,106.4
108.423,2.092651548,-0.065913094,-2.740734747,106.4
108.436,2.092651548,-0.065913094,-2.764535329,106.4
108.448,2.092651548,-0.065913094,-2.764535329,106.4
108.461,2.092651548,-0.065913094,-2.764535329,106.4
108.474,2.092651548,-0.100090254,-2.664535329,106.3
108.486,2.093087064,-0.100090254,-2.664535329,106.3
108.499,2.092651548,-0.100090254,-2.664535329,106.3
108.512,2.092651548,-0.065913094,-2.664535329,106.3
108.525,2.092651548,-0.100090254,-2.758346822,106.3
108.537,2.093087064,-0.100090254,-2.858346822,106.4
108.55,2.092651548,-0.065913094,-2.758346822,106.3
108.563,2.092651548,-0.065913094,-2.758346822,106.3
108.575,2.092651548,-0.065913094,-2.758346822,106.3
108.588,2.092651548,-0.065913094,-2.758346822,106.3
108.601,2.092651548,-0.100090254,-2.764535329,106.4
108.613,2.093087064,-0.100090254,-2.758346822,106.3
108.626,2.092651548,-0.065913094,-2.764535329,106.4
108.639,2.092651548,-0.065913094,-2.764535329,106.4
108.652,2.092651548,-0.065913094,-2.764535329,106.4
108.664,2.093087064,-0.100090254,-2.758346822,106.3
108.677,2.093087064,-0.065913094,-2.764535329,106.4
108.69,2.092651548,-0.100090254,-2.758346822,106.3
108.702,2.092651548,-0.100090254,-2.764535329,106.4
108.715,2.092651548,-0.100090254,-2.758346822,106.3
108.728,2.092651548,-0.100090254,-2.764535329,106.4
108.741,2.092651548,-0.100090254,-2.564535329,106.2
108.753,2.092651548,-0.100090254,-2.664535329,106.3
108.766,2.092651548,-0.100090254,-2.664535329,106.3
108.779,2.092651548,-0.065913094,-2.764535329,106.4
108.791,2.092651548,-0.065913094,-2.764535329,106.4
108.804,2.092651548,-0.065913094,-2.764535329,106.4
108.817,2.092651548,-0.065913094,-2.664535329,106.3
108.829,2.092651548,-0.065913094,-2.664535329,106.3
108.842,2.092651548,-0.065913094,-2.670723836,106.4
108.855,2.092651548,-0.065913094,-2.664535329,106.3
108.868,2.092651548,-0.065913094,-2.670723836,106.4
108.88,2.092651548,-0.100090254,-2.664535329,106.3
108.893,2.092651548,-0.065913094,-2.664535329,106.3
108.906,2.091780518,-0.065913094,-2.658346822,106.2
108.918,2.091780518,-0.065913094,-2.764535329,106.4
108.931,2.092651548,-0.065913094,-2.658346822,106.2
108.944,2.092651548,-0.065913094,-2.764535329,106.4
108.956,2.091780518,-0.065913094,-2.664535329,106.3
108.969,2.091780518,-0.100090254,-2.664535329,106.3
108.982,2.091780518,-0.100090254,-2.664535329,106.3
108.995,2.092651548,-0.100090254,-2.658346822,106.2
109.007,2.091780518,-0.100090254,-2.664535329,106.3
109.02,2.091780518,-0.065913094,-2.658346822,106.2
109.033,2.091780518,-0.065913094,-2.664535329,106.3
109.045,2.091780518,-0.065913094,-2.658346822,106.2
109.058,2.092651548,-0.065913094,-2.670723836,106.4
109.071,2.091780518,-0.065913094,-2.658346822,106.2
109.084,2.091780518,-0.065913094,-2.670723836,106.4
109.096,2.091780518,-0.100090254,-2.658346822,106.2
109.109,2.091780518,-0.100090254,-2.664535329,106.3
109.122,2.091780518,-0.065913094,-2.658346822,106.2
109.134,2.091780518,-0.065913094,-2.670723836,106.4
109.147,2.091780518,-0.065913094,-2.664535329,106.3
109.16,2.091780518,-0.065913094,-2.664535329,106.3
109.172,2.091780518,-0.065913094,-2.664535329,106.3
109.185,2.091780518,-0.100090254,-2.664535329,106.3
109.198,2.091780518,-0.100090254,-2.664535329,106.3
109.211,2.091780518,-0.100090254,-2.664535329,106.3
109.223,2.091780518,-0.065913094,-2.664535329,106.3
109.236,2.091780518,-0.065913094,-2.658346822,106.2
109.249,2.091780518,-0.065913094,-2.764535329,106.4
109.261,2.091780518,-0.065913094,-2.758346822,106.3
109.274,2.091780518,-0.100090254,-2.758346822,106.3
109.287,2.091780518,-0.065913094,-2.758346822,106.3
109.299,2.091780518,-0.100090254,-2.758346822,106.3
109.312,2.091780518,-0.100090254,-2.758346822,106.3
109.325,2.091780518,-0.100090254,-2.764535329,106.4
109.338,2.091780518,-0.100090254,-2.658346822,106.2
109.35,2.091780518,-0.100090254,-2.664535329,106.3
109.363,2.091780518,-0.065913094,-2.658346822,106.2
109.376,2.091780518,-0.065913094,-2.664535329,106.3
109.388,2.091780518,-0.065913094,-2.564535329,106.2
109.401,2.091780518,-0.065913094,-2.670723836,106.4
109.414,2.091780518,-0.100090254,-2.664535329,106.3
109.427,2.091780518,-0.065913094,-2.664535329,106.3
109.439,2.092651548,-0.100090254,-2.664535329,106.3
109.452,2.092651548,-0.100090254,-2.640734747,106.3
109.465,2.091780518,-0.065913094,-2.564535329,106.2
109.477,2.091780518,-0.065913094,-2.664535329,106.3
109.49,2.091780518,-0.100090254,-2.664535329,106.3
109.503,2.091345002,-0.065913094,-2.664535329,106.3
109.515,2.091780518,-0.065913094,-2.664535329,106.3
109.528,2.091780518,-0.065913094,-2.664535329,106.3
109.541,2.091780518,-0.065913094,-2.664535329,106.3
109.554,2.091780518,-0.100090254,-2.664535329,106.3
109.566,2.091780518,-0.100090254,-2.758346822,106.3
109.579,2.091780518,-0.065913094,-2.758346822,106.3
109.592,2.091780518,-0.100090254,-2.658346822,106.2
109.604,2.091780518,-0.100090254,-2.664535329,106.3
109.617,2.091780518,-0.065913094,-2.664535329,106.3
109.63,2.091345002,-0.065913094,-2.664535329,106.3
109.642,2.091345002,-0.065913094,-2.664535329,106.3
109.655,2.091345002,-0.100090254,-2.664535329,106.3
109.668,2.091345002,-0.065913094,-2.664535329,106.3
109.681,2.091345002,-0.065913094,-2.664535329,106.3
109.693,2.091345002,-0.100090254,-2.664535329,106.3
109.706,2.091780518,-0.065913094,-2.664535329,106.3
109.719,2.091780518,-0.100090254,-2.664535329,106.3
109.731,2.091780518,-0.100090254,-2.664535329,106.3
109.744,2.091780518,-0.100090254,-2.664535329,106.3
109.757,2.091780518,-0.100090254,-2.664535329,106.3
109.77,2.091780518,-0.100090254,-2.670723836,106.4
109.782,2.091780518,-0.065913094,-2.564535329,106.2
109.795,2.091345002,-0.065913094,-2.764535329,106.4
109.808,2.091780518,-0.065913094,-2.658346822,106.2
109.82,2.091780518,-0.065913094,-2.664535329,106.3
109.833,2.091780518,-0.065913094,-2.658346822,106.2
109.846,2.091780518,-0.065913094,-2.664535329,106.3
109.858,2.091780518,-0.065913094,-2.658346822,106.2
109.871,2.091780518,-0.065913094,-2.664535329,106.3
109.884,2.091780518,-0.065913094,-2.658346822,106.2
109.897,2.091780518,-0.065913094,-2.664535329,106.3
109.909,2.091780518,-0.065913094,-2.664535329,106.3
109.922,2.091780518,-0.065913094,-2.670723836,106.4
109.935,2.091345002,-0.065913094,-2.664535329,106.3
109.947,2.091345002,-0.065913094,-2.664535329,106.3
109.96,2.091780518,-0.065913094,-2.664535329,106.3
109.973,2.091345002,-0.065913094,-2.658346822,106.2
109.985,2.091345002,-0.065913094,-2.664535329,106.3
109.998,2.091345002,-0.065913094,-2.658346822,106.2
110.011,2.091345002,-0.065913094,-2.664535329,106.3
110.024,2.091345002,-0.065913094,-2.658346822,106.2
110.036,2.091345002,-0.065913094,-2.664535329,106.3
110.049,2.091345002,-0.065913094,-2.658346822,106.2
110.062,2.091345002,-0.065913094,-2.664535329,106.3
110.074,2.091345002,-0.065913094,-2.658346822,106.2
110.087,2.091345002,-0.065913094,-2.664535329,106.3
110.1,2.091345002,-0.065913094,-2.658346822,106.2
110.113,2.091345002,-0.065913094,-2.664535329,106.3
110.125,2.091345002,-0.065913094,-2.540734747,106.2
110.138,2.091345002,-0.065913094,-2.570723836,106.3
110.151,2.091345002,-0.065913094,-2.564535329,106.2
110.163,2.091345002,-0.065913094,-2.564535329,106.2
110.176,2.091345002,-0.065913094,-2.658346822,106.2
110.189,2.091345002,-0.065913094,-2.658346822,106.2
110.201,2.091345002,-0.065913094,-2.564535329,106.2
110.214,2.091345002,-0.065913094,-2.564535329,106.2
110.227,2.091345002,-0.100090254,-2.570723836,106.3
110.24,2.091345002,-0.065913094,-2.564535329,106.2
110.252,2.091345002,-0.065913094,-2.570723836,106.3
110.265,2.091345002,-0.065913094,-2.558346822,106.1
110.278,2.091345002,-0.100090254,-2.664535329,106.3
110.29,2.091345002,-0.100090254,-2.658346822,106.2
110.303,2.091345002,-0.065913094,-2.664535329,106.3
110.316,2.091345002,-0.065913094,-2.658346822,106.2
110.328,2.090473971,-0.065913094,-2.664535329,106.3
110.341,2.091345002,-0.065913094,-2.758346822,106.3
110.354,2.091345002,-0.065913094,-2.758346822,106.3
110.367,2.091345002,-0.065913094,-2.658346822,106.2
110.379,2.091345002,-0.065913094,-2.664535329,106.3
110.392,2.091345002,-0.065913094,-2.664535329,106.3
110.405,2.091345002,-0.065913094,-2.664535329,106.3
110.417,2.091345002,-0.065913094,-2.664535329,106.3
110.43,2.091345002,-0.100090254,-2.664535329,106.3
110.443,2.091345002,-0.065913094,-2.600236202,106.2
110.456,2.091345002,-0.065913094,-2.664535329,106.3
110.468,2.090473971,-0.065913094,-2.564535329,106.2
110.481,2.090473971,-0.065913094,-2.564535329,106.2
110.494,2.090473971,-0.065913094,-2.664535329,106.3
110.506,2.091345002,-0.065913094,-2.664535329,106.3
110.519,2.091345002,-0.065913094,-2.664535329,106.3
