Project: Evolutionary Intensity Measures for More Accurate and Informative Liquefaction Hazard Evaluation,,,,
Exp9: 33 to 55% Relative Density Cyclic Simple Shear Tests under Transient Loadings,,,,
Operator: Wing Shun Kwan,,,,
Date: 2013-05-21,,,,
,,,,
Time [sec],Shear Strain [%],Shear Stress [kPa],Effective Vertical Stress [kPa],Excess Pore Pressure [kPa]
0.001,0.000851503,-0.065913094,102.7044328,0
0.013,0.000851503,-0.032956547,102.7044328,0
0.026,0.000851503,-0.065913094,102.7044328,0
0.038,0.000851503,-0.065913094,102.7044328,0
0.051,0.000851503,-0.100090254,102.7106213,-0.1
0.064,0.000851503,-0.065913094,102.7044328,0
0.076,0.000851503,-0.065913094,102.7106213,-0.1
0.089,0.000851503,-0.065913094,102.7044328,0
0.102,0.000851503,-0.065913094,102.7106213,-0.1
0.115,0.000851503,-0.065913094,102.7044328,0
0.127,0.000851503,-0.032956547,102.7106213,-0.1
0.14,0.000851503,-0.065913094,102.7044328,0
0.153,0.000851503,-0.065913094,102.7106213,-0.1
0.165,0.000851503,-0.065913094,102.7401336,0
0.178,0.000851503,-0.065913094,102.7106213,-0.1
0.191,0.000851503,-0.032956547,102.7044328,0
0.203,0.000851503,-0.032956547,102.7106213,-0.1
0.216,0.000851503,-0.032956547,102.7044328,0
0.229,0.000851503,-0.065913094,102.7106213,-0.1
0.242,0.000851503,-0.065913094,102.7044328,0
0.254,0,-0.065913094,102.7044328,0
0.267,0,-0.032956547,102.7044328,0
0.28,0,-0.032956547,102.7044328,0
0.292,0.000851503,-0.032956547,102.7106213,-0.1
0.305,0.000851503,-0.032956547,102.7044328,0
0.318,0.000851503,-0.032956547,102.7106213,-0.1
0.33,0.000851503,-0.032956547,102.7044328,0
0.343,0.000851503,-0.032956547,102.7463221,-0.1
0.356,0.000851503,-0.032956547,102.7044328,0
0.369,0.000851503,-0.032956547,102.7106213,-0.1
0.381,0.000851503,-0.032956547,102.6982442,0.1
0.394,0.000851503,-0.032956547,102.7044328,0
0.407,0.000851503,-0.032956547,102.7044328,0
0.419,0.000851503,-0.032956547,102.7106213,-0.1
0.432,0.000851503,-0.032956547,102.7044328,0
0.445,0.000851503,-0.032956547,102.7106213,-0.1
0.458,0.000851503,-0.032956547,102.7044328,0
0.47,0.000851503,-0.032956547,102.7044328,0
0.483,0.000851503,-0.032956547,102.7044328,0
0.496,0.000851503,-0.032956547,102.7044328,0
0.508,0.000851503,-0.032956547,102.7106213,-0.1
0.521,0.000851503,-0.032956547,102.7044328,0
0.534,0.000851503,-0.032956547,102.7106213,-0.1
0.546,0.000851503,-0.032956547,102.7044328,0
0.559,0.000851503,-0.032956547,102.7106213,-0.1
0.572,0.000851503,-0.032956547,102.7044328,0
0.585,0.000851503,-0.032956547,102.7106213,-0.1
0.597,0.000851503,-0.032956547,102.7044328,0
0.61,0.000851503,-0.032956547,102.7044328,0
0.623,0.000851503,-0.032956547,102.7044328,0
0.635,0.000851503,-0.032956547,102.7044328,0
0.648,0.000851503,-0.032956547,102.7044328,0
0.661,0.000851503,-0.032956547,102.7044328,0
0.673,0.000851503,-0.032956547,102.7044328,0
0.686,0.000851503,-0.032956547,102.7044328,0
0.699,0.000851503,-0.032956547,102.7463221,-0.1
0.712,0.000851503,-0.032956547,102.7401336,0
0.724,0.000851503,-0.032956547,102.7463221,-0.1
0.737,0.000851503,-0.032956547,102.7044328,0
0.75,0.000851503,-0.032956547,102.7106213,-0.1
0.762,0.000851503,-0.032956547,102.7044328,0
0.775,0.000851503,-0.032956547,102.7106213,-0.1
0.788,0.000851503,-0.032956547,102.7401336,0
0.801,0,-0.032956547,102.7463221,-0.1
0.813,0.000851503,-0.032956547,102.7044328,0
0.826,0.000851503,-0.032956547,102.7106213,-0.1
0.839,0.000851503,-0.032956547,102.7044328,0
0.851,0.000851503,-0.032956547,102.7106213,-0.1
0.864,0.000851503,-0.032956547,102.7044328,0
0.877,0.000851503,-0.032956547,102.7044328,0
0.889,0.000851503,-0.032956547,102.7044328,0
0.902,0.000851503,-0.032956547,102.7044328,0
0.915,0.000851503,-0.032956547,102.7106213,-0.1
0.928,0.000851503,-0.032956547,102.7044328,0
0.94,0.000851503,-0.032956547,102.7106213,-0.1
0.953,0.000851503,-0.032956547,102.7044328,0
0.966,0.000851503,0,102.7106213,-0.1
0.978,0.000851503,0,102.6982442,0.1
0.991,0.000851503,0,102.7106213,-0.1
1.004,0.000851503,0,102.6982442,0.1
1.016,0.000851503,-0.032956547,102.7106213,-0.1
1.029,0.000851503,-0.032956547,102.7044328,0
1.042,0.000851503,-0.032956547,102.7106213,-0.1
1.055,0.000851503,-0.032956547,102.7044328,0
1.067,0.000851503,-0.032956547,102.7106213,-0.1
1.08,0.000851503,0,102.7044328,0
1.093,0.000851503,-0.032956547,102.7044328,0
1.105,0.000851503,0,102.7044328,0
1.118,0.000851503,0,102.7044328,0
1.131,0.000851503,-0.032956547,102.7106213,-0.1
1.144,0.000851503,-0.032956547,102.7044328,0
1.156,0.000851503,0,102.7106213,-0.1
1.169,0.000851503,0,102.7044328,0
1.182,0.000851503,0,102.7106213,-0.1
1.194,0.000851503,-0.032956547,102.7044328,0
1.207,0.000851503,-0.032956547,102.7106213,-0.1
1.22,0.000851503,-0.032956547,102.7044328,0
1.232,0.000851503,-0.032956547,102.7106213,-0.1
1.245,0.000851503,-0.032956547,102.7044328,0
1.258,0.000851503,-0.032956547,102.7044328,0
1.271,0.000851503,-0.032956547,102.7044328,0
1.283,0.000851503,-0.032956547,102.7044328,0
1.296,0.000851503,-0.032956547,102.7044328,0
1.309,0,0,102.7044328,0
1.321,0.000851503,0,102.7044328,0
1.334,0.000851503,0,102.7044328,0
1.347,0.000851503,0,102.7106213,-0.1
1.359,0.000851503,0,102.7044328,0
1.372,0.000851503,0,102.7463221,-0.1
1.385,0.000851503,-0.032956547,102.7044328,0
1.398,0.000851503,0,102.7106213,-0.1
1.41,0.000851503,0,102.7044328,0
1.423,0.000851503,-0.032956547,102.7463221,-0.1
1.436,0.000851503,-0.032956547,102.7044328,0
1.448,0,0,102.7106213,-0.1
1.461,0.000851503,0,102.7044328,0
1.474,0.000851503,0,102.7044328,0
1.487,0.000851503,-0.032956547,102.7044328,0
1.499,0.000851503,0,102.7044328,0
1.512,0.000851503,0,102.7106213,-0.1
1.525,0.000851503,0,102.7044328,0
1.537,0.000851503,-0.032956547,102.7106213,-0.1
1.55,0.000851503,-0.032956547,102.7044328,0
1.563,0.000851503,-0.032956547,102.7463221,-0.1
1.575,0.000851503,-0.032956547,102.7339451,0.1
1.588,0.000851503,-0.032956547,102.7463221,-0.1
1.601,0.000851503,-0.032956547,102.7401336,0
1.614,0.000851503,-0.032956547,102.7463221,-0.1
1.626,0.000851503,-0.032956547,102.6982442,0.1
1.639,0.000851503,-0.032956547,102.7106213,-0.1
1.652,0.000851503,0,102.7044328,0
1.664,0.000851503,-0.032956547,102.7106213,-0.1
1.677,0.000851503,-0.032956547,102.7044328,0
1.69,0.000851503,-0.032956547,102.7106213,-0.1
1.702,0.000851503,-0.032956547,102.7044328,0
1.715,0.000851503,-0.032956547,102.7044328,0
1.728,0.000851503,0,102.7106213,-0.1
1.741,0.000851503,0,102.7044328,0
1.753,0.000851503,0,102.7106213,-0.1
1.766,0.000851503,0,102.7044328,0
1.779,0.000851503,-0.032956547,102.7106213,-0.1
1.791,0.000851503,-0.032956547,102.7044328,0
1.804,0.001277255,-0.032956547,102.7106213,-0.1
1.817,0.000851503,-0.032956547,102.7044328,0
1.83,0.000851503,-0.032956547,102.7106213,-0.1
1.842,0.000851503,-0.032956547,102.6982442,0.1
1.855,0.000851503,-0.032956547,102.7106213,-0.1
1.868,0.000851503,-0.032956547,102.7044328,0
1.88,0.000851503,-0.032956547,102.7044328,0
1.893,0.000851503,0,102.7044328,0
1.906,0.000851503,0,102.7106213,-0.1
1.918,0.000851503,0,102.7106213,-0.1
1.931,0.000851503,0,102.7044328,0
1.944,0.000851503,0,102.7106213,-0.1
1.957,0.000851503,0,102.7401336,0
1.969,0.000851503,0,102.7106213,-0.1
1.982,0.000851503,0,102.7044328,0
1.995,0.000851503,0,102.7106213,-0.1
2.007,0.000851503,-0.032956547,102.7044328,0
2.02,0.000851503,0,102.7106213,-0.1
2.033,0.000851503,0,102.7044328,0
2.045,0.000851503,0,102.7106213,-0.1
2.058,0.000851503,0,102.7401336,0
2.071,0.000851503,0,102.7044328,0
2.084,0.000851503,0,102.7044328,0
2.096,0.000851503,0,102.7401336,0
2.109,0.000851503,0,102.7463221,-0.1
2.122,0.000851503,0,102.7401336,0
2.134,0.000851503,0,102.7463221,-0.1
2.147,0.000851503,0,102.7044328,0
2.16,0.000851503,0,102.7463221,-0.1
2.173,0.000851503,0.032956547,102.7401336,0
2.185,0.000851503,0.032956547,102.7106213,-0.1
2.198,0.000851503,0.032956547,102.7401336,0
2.211,0.000851503,0.032956547,102.7463221,-0.1
2.223,0.000851503,0.032956547,102.7401336,0
2.236,0.000851503,0.032956547,102.7463221,-0.1
2.249,0.000851503,0.032956547,102.7401336,0
2.261,0.000851503,0.032956547,102.7401336,0
2.274,0.000851503,0.032956547,102.7044328,0
2.287,0.000851503,0.032956547,102.7044328,0
2.3,0.000851503,0.032956547,102.7463221,-0.1
2.312,0.000851503,0.032956547,102.7401336,0
2.325,0.000851503,0.032956547,102.7106213,-0.1
2.338,0.000851503,0.032956547,102.7044328,0
2.35,0.000851503,0.032956547,102.7463221,-0.1
2.363,0.000851503,0.032956547,102.7339451,0.1
2.376,0.000851503,0.032956547,102.7463221,-0.1
2.388,0.000851503,0.032956547,102.7401336,0
2.401,0.000851503,0.032956547,102.7463221,-0.1
2.414,0.000851503,0.032956547,102.7401336,0
2.427,0.000851503,0.032956547,102.7463221,-0.1
2.439,0.000851503,0.032956547,102.7401336,0
2.452,0.000851503,0.032956547,102.7463221,-0.1
2.465,0.000851503,0.032956547,102.7044328,0
2.477,0.000851503,0.032956547,102.7463221,-0.1
2.49,0.000851503,0,102.7044328,0
2.503,0.000851503,0,102.7044328,0
2.516,0.000851503,0,102.7106213,-0.1
2.528,0.000851503,0,102.7401336,0
2.541,0.000851503,0,102.7463221,-0.1
2.554,0.000851503,0,102.7401336,0
2.566,0.000851503,0,102.7463221,-0.1
2.579,0.000851503,-0.032956547,102.7401336,0
2.592,0.000851503,-0.032956547,102.7463221,-0.1
2.604,0.000851503,0,102.7401336,0
2.617,0.000851503,-0.032956547,102.7463221,-0.1
2.63,0.000851503,-0.032956547,102.7401336,0
2.643,0.000851503,-0.032956547,102.7044328,0
2.655,0.000851503,-0.032956547,102.7044328,0
2.668,0.000851503,-0.032956547,102.7106213,-0.1
2.681,0.000851503,-0.032956547,102.7106213,-0.1
2.693,0.000851503,-0.032956547,102.7044328,0
2.706,0.000851503,-0.032956547,102.7106213,-0.1
2.719,0.000851503,-0.065913094,102.7044328,0
2.731,0.000851503,-0.065913094,102.7106213,-0.1
2.744,0.000851503,-0.065913094,102.7044328,0
2.757,0.000851503,-0.065913094,102.7463221,-0.1
2.77,0.000851503,-0.065913094,102.7401336,0
2.782,0.000851503,-0.065913094,102.7106213,-0.1
2.795,0.000851503,-0.065913094,102.7044328,0
2.808,0.000851503,-0.065913094,102.7106213,-0.1
2.82,0.000851503,-0.065913094,102.7044328,0
2.833,0.000851503,-0.065913094,102.7106213,-0.1
2.846,0.000851503,-0.065913094,102.7044328,0
2.859,0.000851503,-0.065913094,102.7044328,0
2.871,0.000851503,-0.065913094,102.7044328,0
2.884,0.000851503,-0.065913094,102.7044328,0
2.897,0.000851503,-0.065913094,102.7106213,-0.1
2.909,0.000851503,-0.065913094,102.7044328,0
2.922,0.000851503,-0.065913094,102.7106213,-0.1
2.935,0.000851503,-0.065913094,102.6982442,0.1
2.947,0.000851503,-0.065913094,102.7106213,-0.1
2.96,0.000851503,-0.065913094,102.6982442,0.1
2.973,0.000851503,-0.065913094,102.7106213,-0.1
2.986,0.000851503,-0.065913094,102.6982442,0.1
2.998,0.000851503,-0.065913094,102.7106213,-0.1
3.011,0.000851503,-0.065913094,102.6982442,0.1
3.024,0.000851503,-0.065913094,102.7106213,-0.1
3.036,0.000851503,-0.100090254,102.7044328,0
3.049,0.000851503,-0.065913094,102.7106213,-0.1
3.062,0.000851503,-0.065913094,102.7106213,-0.1
3.074,0.000851503,-0.065913094,102.7401336,0
3.087,0.000851503,-0.065913094,102.7463221,-0.1
3.1,0,-0.065913094,102.7044328,0
3.113,0,-0.065913094,102.7106213,-0.1
3.125,0,-0.065913094,102.7044328,0
3.138,0,-0.065913094,102.7106213,-0.1
3.151,0,-0.032956547,102.7044328,0
3.163,0.000851503,-0.032956547,102.7463221,-0.1
3.176,0.000851503,-0.032956547,102.7339451,0.1
3.189,0.001277255,-0.032956547,102.7106213,-0.1
3.201,0.000851503,-0.032956547,102.7339451,0.1
3.214,0.000851503,-0.032956547,102.7106213,-0.1
3.227,0.000851503,-0.032956547,102.6982442,0.1
3.24,0.000851503,0,102.7106213,-0.1
3.252,0.000851503,0,102.7044328,0
3.265,0.000851503,0,102.7106213,-0.1
3.278,0.000851503,0,102.7044328,0
3.29,0.000851503,0,102.7106213,-0.1
3.303,0.000851503,0,102.7106213,-0.1
3.316,0.000851503,0,102.7044328,0
3.329,0.000851503,0.032956547,102.7463221,-0.1
3.341,0.000851503,0.032956547,102.7401336,0
3.354,0.000851503,0.032956547,102.7106213,-0.1
3.367,0.000851503,0.032956547,102.7401336,0
3.379,0.000851503,0.032956547,102.7463221,-0.1
3.392,0.000851503,0.065913094,102.7401336,0
3.405,0.000851503,0.065913094,102.7463221,-0.1
3.417,0.000851503,0.065913094,102.7401336,0
3.43,0.000851503,0.065913094,102.7463221,-0.1
3.443,0.000851503,0.065913094,102.7401336,0
3.456,0,0.065913094,102.7106213,-0.1
3.468,0.000851503,0.065913094,102.7401336,0
3.481,0.000851503,0.065913094,102.7401336,0
3.494,0,0.065913094,102.7401336,0
3.506,0.000851503,0.065913094,102.7401336,0
3.519,0.000851503,0.100090254,102.7401336,0
3.532,0.000851503,0.100090254,102.7401336,0
3.545,0.000851503,0.100090254,102.7463221,-0.1
3.557,0.000851503,0.065913094,102.7401336,0
3.57,0.000851503,0.065913094,102.7463221,-0.1
3.583,0.000851503,0.100090254,102.7044328,0
3.595,0.000851503,0.065913094,102.7463221,-0.1
3.608,0.000851503,0.065913094,102.7401336,0
3.621,0.000851503,0.065913094,102.7463221,-0.1
3.633,0.000851503,0.065913094,102.7401336,0
3.646,0.000851503,0.065913094,102.7463221,-0.1
3.659,0.000851503,0.065913094,102.7401336,0
3.672,0.000851503,0.065913094,102.7106213,-0.1
3.684,0.001277255,0.032956547,102.7044328,0
3.697,0.000851503,0.032956547,102.7044328,0
3.71,0.000851503,0.032956547,102.7401336,0
3.722,0.000851503,0.032956547,102.7401336,0
3.735,0.000851503,0.032956547,102.7401336,0
3.748,0.000851503,0.032956547,102.7401336,0
3.76,0.000851503,0.032956547,102.7106213,-0.1
3.773,0.000851503,0,102.7044328,0
3.786,0.000851503,0,102.7106213,-0.1
3.799,0.000851503,0,102.7339451,0.1
3.811,0.000851503,0,102.7463221,-0.1
3.824,0.000851503,-0.032956547,102.7044328,0
3.837,0.000851503,-0.032956547,102.7106213,-0.1
3.849,0.000851503,-0.032956547,102.7044328,0
3.862,0.000851503,-0.032956547,102.7463221,-0.1
3.875,0.000851503,-0.032956547,102.7401336,0
3.887,0.000851503,-0.032956547,102.7106213,-0.1
3.9,0.000851503,-0.065913094,102.7044328,0
3.913,0,-0.065913094,102.7106213,-0.1
3.926,0.000851503,-0.065913094,102.7044328,0
3.938,0.000851503,-0.065913094,102.7106213,-0.1
3.951,0.000851503,-0.065913094,102.7044328,0
3.964,0.000851503,-0.100090254,102.7106213,-0.1
3.976,0.000851503,-0.100090254,102.7044328,0
3.989,0.000851503,-0.100090254,102.7044328,0
4.002,0.000851503,-0.100090254,102.7044328,0
4.015,0.000851503,-0.100090254,102.7044328,0
4.027,0.000851503,-0.100090254,102.7106213,-0.1
4.04,0.000851503,-0.100090254,102.7044328,0
4.053,0.000851503,-0.100090254,102.7106213,-0.1
4.065,0.000851503,-0.100090254,102.7044328,0
4.078,0.000851503,-0.100090254,102.7106213,-0.1
4.091,0.000851503,-0.100090254,102.7044328,0
4.103,0.000851503,-0.065913094,102.7106213,-0.1
4.116,0.000851503,-0.100090254,102.7044328,0
4.129,0.000851503,-0.100090254,102.7106213,-0.1
4.142,0.000851503,-0.065913094,102.7044328,0
4.154,0.000851503,-0.065913094,102.7106213,-0.1
4.167,0.000851503,-0.065913094,102.7044328,0
4.18,0.000851503,-0.065913094,102.7106213,-0.1
4.192,0.000851503,-0.065913094,102.7044328,0
4.205,0.000851503,-0.032956547,102.7106213,-0.1
4.218,0.000851503,-0.032956547,102.7044328,0
4.23,0.000851503,-0.032956547,102.7106213,-0.1
4.243,0.000851503,-0.032956547,102.7044328,0
4.256,0.000851503,-0.032956547,102.7106213,-0.1
4.269,0.000851503,-0.032956547,102.7044328,0
4.281,0.000851503,0,102.7044328,0
4.294,0.000851503,0,102.7044328,0
4.307,0.000851503,0,102.7044328,0
4.319,0.001277255,0,102.7044328,0
4.332,0.001277255,0,102.7044328,0
4.345,0.001277255,0,102.7106213,-0.1
4.358,0.000851503,0.032956547,102.7401336,0
4.37,0.000851503,0.032956547,102.7401336,0
4.383,0.000851503,0.032956547,102.7401336,0
4.396,0.000851503,0.032956547,102.7044328,0
4.408,0.000851503,0.032956547,102.7044328,0
4.421,0.000851503,0.032956547,102.7106213,-0.1
4.434,0.000851503,0.032956547,102.7044328,0
4.446,0.000851503,0.032956547,102.7106213,-0.1
4.459,0.000851503,0.065913094,102.7044328,0
4.472,0.000851503,0.065913094,102.7044328,0
4.485,0.000851503,0.065913094,102.7044328,0
4.497,0.000851503,0.065913094,102.7401336,0
4.51,0.000851503,0.065913094,102.7401336,0
4.523,0.000851503,0.065913094,102.7401336,0
4.535,0.000851503,0.100090254,102.7401336,0
4.548,0.000851503,0.065913094,102.7463221,-0.1
4.561,0.000851503,0.100090254,102.7401336,0
4.573,0.000851503,0.100090254,102.7401336,0
4.586,0.000851503,0.100090254,102.7401336,0
4.599,0.000851503,0.100090254,102.7401336,0
4.612,0.000851503,0.133046802,102.7401336,0
4.624,0.000851503,0.133046802,102.7401336,0
4.637,0.000851503,0.133046802,102.7401336,0
4.65,0.000851503,0.133046802,102.7401336,0
4.662,0.000851503,0.133046802,102.7401336,0
4.675,0.000851503,0.133046802,102.7401336,0
4.688,0.000851503,0.133046802,102.7401336,0
4.701,0.000851503,0.133046802,102.7401336,0
4.713,0.001277255,0.133046802,102.7401336,0
4.726,0.001277255,0.133046802,102.7401336,0
4.739,0.001277255,0.133046802,102.7401336,0
4.751,0.000851503,0.133046802,102.7401336,0
4.764,0.000851503,0.133046802,102.7401336,0
4.777,0.000851503,0.133046802,102.7401336,0
4.789,0.000851503,0.133046802,102.7401336,0
4.802,0.000851503,0.133046802,102.7401336,0
4.815,0.000851503,0.133046802,102.7401336,0
4.828,0.000851503,0.133046802,102.7401336,0
4.84,0.000851503,0.133046802,102.7401336,0
4.853,0.000851503,0.133046802,102.7401336,0
4.866,0.000851503,0.133046802,102.7401336,0
4.878,0.000851503,0.100090254,102.7401336,0
4.891,0.000851503,0.100090254,102.7401336,0
4.904,0.000851503,0.100090254,102.7401336,0
4.916,0.000851503,0.100090254,102.7463221,-0.1
4.929,0.000851503,0.100090254,102.7401336,0
4.942,0.000851503,0.100090254,102.7463221,-0.1
4.955,0.000851503,0.065913094,102.7401336,0
4.967,0.000851503,0.065913094,102.7401336,0
4.98,0.000851503,0.065913094,102.7401336,0
4.993,0.000851503,0.065913094,102.7463221,-0.1
5.005,0.000851503,0.065913094,102.7401336,0
5.018,0.000851503,0.032956547,102.7106213,-0.1
5.031,0.000851503,0.032956547,102.7044328,0
5.044,0.000851503,0.032956547,102.7044328,0
5.056,0.000851503,0.032956547,102.7044328,0
5.069,0.000851503,0,102.7401336,0
5.082,0.000851503,0,102.7401336,0
5.094,0.000851503,0,102.7044328,0
5.107,0.000851503,0,102.7044328,0
5.12,0.000851503,0,102.7044328,0
5.132,0.000851503,-0.032956547,102.7044328,0
5.145,0.000851503,-0.032956547,102.7044328,0
5.158,0.001277255,-0.065913094,102.7044328,0
5.171,0.001277255,-0.065913094,102.7044328,0
5.183,0.000851503,-0.065913094,102.7044328,0
5.196,0.000851503,-0.100090254,102.7044328,0
5.209,0.000851503,-0.100090254,102.7044328,0
5.221,0.000851503,-0.133046802,102.7044328,0
5.234,0.000851503,-0.133046802,102.7106213,-0.1
5.247,0.000851503,-0.166003349,102.7044328,0
5.259,0.000851503,-0.166003349,102.7044328,0
5.272,0.001277255,-0.166003349,102.7044328,0
5.285,0.001277255,-0.198959896,102.7044328,0
5.298,0.000851503,-0.198959896,102.7044328,0
5.31,0.000851503,-0.198959896,102.7106213,-0.1
5.323,0.000851503,-0.198959896,102.6806322,0
5.336,0.000851503,-0.231916443,102.6806322,0
5.348,0.000851503,-0.231916443,102.6806322,0
5.361,0.000851503,-0.231916443,102.6806322,0
5.374,0.000851503,-0.198959896,102.6806322,0
5.387,0.000851503,-0.231916443,102.7044328,0
5.399,0.000851503,-0.231916443,102.7044328,0
5.412,0.000851503,-0.231916443,102.7106213,-0.1
5.425,0.000851503,-0.231916443,102.7044328,0
5.437,0.000851503,-0.231916443,102.6806322,0
5.45,0.000851503,-0.198959896,102.6806322,0
5.463,0.000851503,-0.198959896,102.6806322,0
5.475,0.000851503,-0.198959896,102.6806322,0
5.488,0.000851503,-0.166003349,102.7044328,0
5.501,0.000851503,-0.166003349,102.7106213,-0.1
5.514,0.000851503,-0.166003349,102.7106213,-0.1
5.526,0.000851503,-0.133046802,102.7044328,0
5.539,0.000851503,-0.133046802,102.7044328,0
5.552,0.000851503,-0.100090254,102.7044328,0
5.564,0.000851503,-0.100090254,102.7044328,0
5.577,0.000851503,-0.065913094,102.7044328,0
5.59,0.000851503,-0.065913094,102.7044328,0
5.602,0.000851503,-0.032956547,102.7044328,0
5.615,0.000851503,-0.032956547,102.7044328,0
5.628,0.000851503,0,102.7106213,-0.1
5.641,0.000851503,0,102.7044328,0
5.653,0.000851503,0.032956547,102.7044328,0
5.666,0.000851503,0.032956547,102.7044328,0
5.679,0.000851503,0.032956547,102.7044328,0
5.691,0.000851503,0.065913094,102.7401336,0
5.704,0.000851503,0.065913094,102.7463221,-0.1
5.717,0.000851503,0.100090254,102.7463221,-0.1
5.73,0.000851503,0.100090254,102.7401336,0
5.742,0.001277255,0.100090254,102.7401336,0
5.755,0.001277255,0.100090254,102.7401336,0
5.768,0.000851503,0.100090254,102.7401336,0
5.78,0.000851503,0.133046802,102.7401336,0
5.793,0.000851503,0.133046802,102.7463221,-0.1
5.806,0.000851503,0.133046802,102.7401336,0
5.818,0.000851503,0.133046802,102.7463221,-0.1
5.831,0.000851503,0.133046802,102.7401336,0
5.844,0.000851503,0.133046802,102.7463221,-0.1
5.857,0.000851503,0.133046802,102.7401336,0
5.869,0.000851503,0.133046802,102.7401336,0
5.882,0.000851503,0.133046802,102.7401336,0
5.895,0.000851503,0.100090254,102.7401336,0
5.907,0.000851503,0.100090254,102.7401336,0
5.92,0.000851503,0.100090254,102.7401336,0
5.933,0.000851503,0.065913094,102.7401336,0
5.945,0.000851503,0.065913094,102.7401336,0
5.958,0.000851503,0.065913094,102.7401336,0
5.971,0.000851503,0.065913094,102.7401336,0
5.984,0.000851503,0.032956547,102.7401336,0
5.996,0.000851503,0.065913094,102.7401336,0
6.009,0.000851503,0.032956547,102.7106213,-0.1
6.022,0.000851503,0.032956547,102.7044328,0
6.034,0.000851503,0.032956547,102.7106213,-0.1
6.047,0.000851503,0,102.7401336,0
6.06,0.000851503,0,102.7106213,-0.1
6.073,0.000851503,0,102.7044328,0
6.085,0.000851503,0,102.7106213,-0.1
6.098,0.000851503,-0.032956547,102.7044328,0
6.111,0.000851503,-0.032956547,102.7106213,-0.1
6.123,0.000851503,-0.065913094,102.7044328,0
6.136,0.000851503,-0.065913094,102.7044328,0
6.149,0.000851503,-0.065913094,102.7044328,0
6.161,0.000851503,-0.065913094,102.7044328,0
6.174,0.000851503,-0.065913094,102.7044328,0
6.187,0.000851503,-0.065913094,102.7106213,-0.1
6.2,0.000851503,-0.065913094,102.7044328,0
6.212,0.000851503,-0.065913094,102.7044328,0
6.225,0.000851503,-0.100090254,102.7044328,0
6.238,0.000851503,-0.100090254,102.7044328,0
6.25,0.000851503,-0.065913094,102.7106213,-0.1
6.263,0.001277255,-0.065913094,102.7044328,0
6.276,0.000851503,-0.065913094,102.7106213,-0.1
6.288,0.000851503,-0.065913094,102.7044328,0
6.301,0.000851503,-0.065913094,102.7106213,-0.1
6.314,0.000851503,-0.065913094,102.7044328,0
6.327,0.000851503,-0.065913094,102.7106213,-0.1
6.339,0.000851503,-0.065913094,102.7044328,0
6.352,0.000851503,-0.065913094,102.7044328,0
6.365,0.000851503,-0.065913094,102.7044328,0
6.377,0.000851503,-0.032956547,102.7106213,-0.1
6.39,0.000851503,-0.032956547,102.7044328,0
6.403,0,-0.032956547,102.7106213,-0.1
6.416,0.000851503,-0.032956547,102.7044328,0
6.428,0.000851503,-0.032956547,102.7044328,0
6.441,0.000851503,-0.032956547,102.7044328,0
6.454,0.000851503,-0.032956547,102.7044328,0
6.466,0.000851503,0,102.7044328,0
6.479,0.000851503,0,102.7044328,0
6.492,0.000851503,0,102.7106213,-0.1
6.504,0.000851503,0,102.7044328,0
6.517,0.000851503,0.032956547,102.7106213,-0.1
6.53,0.000851503,0.032956547,102.7044328,0
6.543,0.000851503,0.032956547,102.7106213,-0.1
6.555,0.000851503,0.032956547,102.7044328,0
6.568,0.000851503,0.032956547,102.7106213,-0.1
6.581,0.001277255,0.032956547,102.7044328,0
6.593,0.001277255,0.032956547,102.7106213,-0.1
6.606,0.000851503,0.032956547,102.7044328,0
6.619,0.000851503,0.065913094,102.7106213,-0.1
6.631,0.000851503,0.065913094,102.7044328,0
6.644,0.000851503,0.065913094,102.7401336,0
6.657,0.000851503,0.065913094,102.7401336,0
6.67,0.000851503,0.065913094,102.7401336,0
6.682,0.000851503,0.065913094,102.7401336,0
6.695,0.000851503,0.065913094,102.7401336,0
6.708,0.000851503,0.065913094,102.7401336,0
6.72,0.000851503,0.065913094,102.7044328,0
6.733,0.001277255,0.100090254,102.7044328,0
6.746,0.001277255,0.100090254,102.7044328,0
6.759,0.000851503,0.100090254,102.7401336,0
6.771,0.000851503,0.065913094,102.7401336,0
6.784,0.000851503,0.065913094,102.7463221,-0.1
6.797,0.000851503,0.065913094,102.7401336,0
6.809,0.000851503,0.065913094,102.7463221,-0.1
6.822,0.000851503,0.065913094,102.7401336,0
6.835,0.000851503,0.065913094,102.7463221,-0.1
6.847,0.000851503,0.065913094,102.7401336,0
6.86,0.000851503,0.065913094,102.7044328,0
6.873,0.000851503,0.065913094,102.7401336,0
6.886,0.000851503,0.065913094,102.7401336,0
6.898,0.001277255,0.065913094,102.7401336,0
6.911,0.001277255,0.065913094,102.7044328,0
6.924,0.000851503,0.065913094,102.7044328,0
6.936,0.000851503,0.065913094,102.7044328,0
6.949,0.000851503,0.065913094,102.7106213,-0.1
6.962,0.000851503,0.065913094,102.7044328,0
6.974,0.000851503,0.032956547,102.7106213,-0.1
6.987,0.000851503,0.032956547,102.7044328,0
7,0.000851503,0.032956547,102.7463221,-0.1
7.013,0.000851503,0.032956547,102.7401336,0
7.025,0.001277255,0.032956547,102.7106213,-0.1
7.038,0.001277255,0.032956547,102.7044328,0
7.051,0.000851503,0.032956547,102.7106213,-0.1
7.063,0.000851503,0.032956547,102.7044328,0
7.076,0.000851503,0,102.7106213,-0.1
7.089,0.000851503,0,102.7044328,0
7.102,0.000851503,0,102.7106213,-0.1
7.114,0.000851503,0,102.7044328,0
7.127,0.000851503,-0.032956547,102.7044328,0
7.14,0.000851503,-0.032956547,102.7044328,0
7.152,0.000851503,-0.032956547,102.7044328,0
7.165,0.000851503,-0.065913094,102.7106213,-0.1
7.178,0.000851503,-0.065913094,102.7044328,0
7.19,0.000851503,-0.065913094,102.7106213,-0.1
7.203,0.000851503,-0.065913094,102.7044328,0
7.216,0.000851503,-0.100090254,102.7106213,-0.1
7.229,0.000851503,-0.100090254,102.7044328,0
7.241,0.000851503,-0.100090254,102.7106213,-0.1
7.254,0.000851503,-0.100090254,102.7044328,0
7.267,0.000851503,-0.100090254,102.7106213,-0.1
7.279,0.000851503,-0.100090254,102.7044328,0
7.292,0.000851503,-0.100090254,102.7106213,-0.1
7.305,0.000851503,-0.133046802,102.7044328,0
7.317,0.000851503,-0.133046802,102.7106213,-0.1
7.33,0.000851503,-0.133046802,102.7044328,0
7.343,0.000851503,-0.133046802,102.7106213,-0.1
7.356,0.000851503,-0.133046802,102.7044328,0
7.368,0.000851503,-0.133046802,102.7044328,0
7.381,0.000851503,-0.133046802,102.7044328,0
7.394,0.000851503,-0.133046802,102.7044328,0
7.406,0.000851503,-0.133046802,102.7106213,-0.1
7.419,0.000851503,-0.166003349,102.7044328,0
7.432,0.001277255,-0.133046802,102.7106213,-0.1
7.445,0.001277255,-0.133046802,102.7044328,0
7.457,0.000851503,-0.133046802,102.7106213,-0.1
7.47,0.000851503,-0.133046802,102.7044328,0
7.483,0.000851503,-0.133046802,102.7106213,-0.1
7.495,0.001277255,-0.133046802,102.7044328,0
7.508,0.000851503,-0.166003349,102.6806322,0
7.521,0.000851503,-0.166003349,102.6806322,0
7.533,0.000851503,-0.166003349,102.7044328,0
7.546,0.000851503,-0.166003349,102.6806322,0
7.559,0.001277255,-0.166003349,102.6868207,-0.1
7.572,0.001277255,-0.166003349,102.6806322,0
7.584,0.000851503,-0.166003349,102.6806322,0
7.597,0.000851503,-0.133046802,102.6806322,0
7.61,0.000851503,-0.133046802,102.7044328,0
7.622,0.001277255,-0.133046802,102.7044328,0
7.635,0.000851503,-0.133046802,102.7044328,0
7.648,0.000851503,-0.133046802,102.7106213,-0.1
7.66,0.000851503,-0.100090254,102.7044328,0
7.673,0.000851503,-0.100090254,102.7106213,-0.1
7.686,0.000851503,-0.100090254,102.7044328,0
7.699,0.000851503,-0.100090254,102.7106213,-0.1
7.711,0.000851503,-0.100090254,102.7044328,0
7.724,0.000851503,-0.065913094,102.7044328,0
7.737,0.000851503,-0.065913094,102.7044328,0
7.749,0.000851503,-0.065913094,102.7044328,0
7.762,0.000851503,-0.065913094,102.7044328,0
7.775,0.000851503,-0.032956547,102.7044328,0
7.788,0.000851503,-0.032956547,102.7106213,-0.1
7.8,0.000851503,-0.032956547,102.7044328,0
7.813,0.000851503,0,102.7106213,-0.1
7.826,0.000851503,0,102.7044328,0
7.838,0.000851503,0,102.7106213,-0.1
7.851,0.000851503,0,102.7044328,0
7.864,0.000851503,0,102.7106213,-0.1
7.876,0.000851503,0,102.7044328,0
7.889,0.001277255,0,102.7106213,-0.1
7.902,0.000851503,0.032956547,102.7044328,0
7.915,0.000851503,0.032956547,102.7106213,-0.1
7.927,0.000851503,0.032956547,102.7044328,0
7.94,0.000851503,0.032956547,102.7106213,-0.1
7.953,0.000851503,0.032956547,102.7044328,0
7.965,0.000851503,0.032956547,102.7106213,-0.1
7.978,0.000851503,0.032956547,102.7044328,0
7.991,0.000851503,0.032956547,102.7044328,0
8.003,0.000851503,0.032956547,102.7044328,0
8.016,0.000851503,0.032956547,102.7044328,0
8.029,0.000851503,0.032956547,102.7106213,-0.1
8.042,0.000851503,0.032956547,102.7044328,0
8.054,0.000851503,0.032956547,102.7463221,-0.1
8.067,0.000851503,0.032956547,102.7044328,0
8.08,0.000851503,0.032956547,102.7106213,-0.1
8.092,0.000851503,0.032956547,102.7044328,0
8.105,0.000851503,0.032956547,102.7106213,-0.1
8.118,0.000851503,0.032956547,102.6982442,0.1
8.131,0.000851503,0,102.7106213,-0.1
8.143,0.000851503,0,102.7044328,0
8.156,0.000851503,0,102.7106213,-0.1
8.169,0.000851503,0,102.7044328,0
8.181,0.000851503,0,102.7463221,-0.1
8.194,0.000851503,0,102.7044328,0
8.207,0.000851503,-0.032956547,102.7044328,0
8.219,0.000851503,-0.032956547,102.7044328,0
8.232,0.000851503,-0.032956547,102.7044328,0
8.245,0.000851503,-0.032956547,102.7106213,-0.1
8.258,0.000851503,-0.032956547,102.7044328,0
8.27,0.000851503,-0.032956547,102.7106213,-0.1
8.283,0.000851503,-0.065913094,102.7044328,0
8.296,0.000851503,-0.065913094,102.7106213,-0.1
8.308,0.000851503,-0.065913094,102.6982442,0.1
8.321,0.000851503,-0.065913094,102.7106213,-0.1
8.334,0.000851503,-0.065913094,102.7044328,0
8.346,0.000851503,-0.065913094,102.7106213,-0.1
8.359,0.000851503,-0.065913094,102.7044328,0
8.372,0.000851503,-0.032956547,102.7106213,-0.1
8.385,0.000851503,-0.065913094,102.7044328,0
8.397,0.000851503,-0.065913094,102.7044328,0
8.41,0.000851503,-0.032956547,102.7044328,0
8.423,0.000851503,-0.032956547,102.7044328,0
8.435,0.000851503,0,102.7044328,0
8.448,0.000851503,0,102.7044328,0
8.461,0.000851503,0,102.7106213,-0.1
8.474,0.000851503,0.032956547,102.7044328,0
8.486,0.000851503,0.032956547,102.7106213,-0.1
8.499,0.000851503,0.065913094,102.7044328,0
8.512,0.000851503,0.065913094,102.7106213,-0.1
8.524,0.000851503,0.100090254,102.7401336,0
8.537,0.000851503,0.100090254,102.7463221,-0.1
8.55,0.000851503,0.133046802,102.7401336,0
8.562,0.001277255,0.133046802,102.7463221,-0.1
8.575,0.000851503,0.166003349,102.7401336,0
8.588,0.000851503,0.166003349,102.7401336,0
8.601,0.000851503,0.166003349,102.7401336,0
8.613,0.001277255,0.198959896,102.6401336,0.1
8.626,0.000851503,0.198959896,102.7463221,-0.1
8.639,0.000851503,0.231916443,102.6401336,0.1
8.651,0.000851503,0.231916443,102.6463221,0
8.664,0.000851503,0.231916443,102.6401336,0.1
8.677,0.000851503,0.231916443,102.6463221,0
8.689,0.000851503,0.231916443,102.6339451,0.2
8.702,0.000851503,0.26487299,102.6463221,0
8.715,0.000851503,0.26487299,102.6339451,0.2
8.728,0.000851503,0.26487299,102.6463221,0
8.74,0.001277255,0.231916443,102.6401336,0.1
8.753,0.000851503,0.231916443,102.6463221,0
8.766,0.000851503,0.231916443,102.6401336,0.1
8.778,0.000851503,0.231916443,102.6463221,0
8.791,0.000851503,0.198959896,102.6401336,0.1
8.804,0.000851503,0.198959896,102.6401336,0.1
8.817,0.000851503,0.198959896,102.6401336,0.1
8.829,0.000851503,0.166003349,102.6401336,0.1
8.842,0.000851503,0.166003349,102.6401336,0.1
8.855,0.000851503,0.133046802,102.7401336,0
8.867,0.000851503,0.133046802,102.7463221,-0.1
8.88,0.000851503,0.133046802,102.7401336,0
8.893,0.000851503,0.100090254,102.7463221,-0.1
8.905,0.000851503,0.100090254,102.7339451,0.1
8.918,0.000851503,0.065913094,102.7463221,-0.1
8.931,0.000851503,0.065913094,102.7044328,0
8.944,0.000851503,0.032956547,102.7463221,-0.1
8.956,0.000851503,0.032956547,102.7401336,0
8.969,0.000851503,0.032956547,102.7463221,-0.1
8.982,0.000851503,0.032956547,102.7401336,0
8.994,0.000851503,0,102.7401336,0
9.007,0.000851503,-0.032956547,102.7044328,0
9.02,0.000851503,-0.065913094,102.7106213,-0.1
9.032,0.000851503,-0.100090254,102.7044328,0
9.045,0.000851503,-0.133046802,102.7044328,0
9.058,0.001277255,-0.198959896,102.6806322,0
9.071,0.000851503,-0.231916443,102.6806322,0
9.083,0.000851503,-0.231916443,102.6868207,-0.1
9.096,0.001277255,-0.26487299,102.7806322,-0.1
9.109,0.000851503,-0.299050151,102.7868207,-0.2
9.121,0.000851503,-0.332006698,102.7806322,-0.1
9.134,0.000851503,-0.364963245,102.7868207,-0.2
9.147,0.000851503,-0.397919792,102.7806322,-0.1
9.16,0.000851503,-0.397919792,102.7868207,-0.2
9.172,0.000851503,-0.430876339,102.7806322,-0.1
9.185,0.000851503,-0.430876339,102.7449313,-0.1
9.198,0.001277255,-0.463832887,102.7449313,-0.1
9.21,0.001277255,-0.463832887,102.7449313,-0.1
9.223,0.000851503,-0.463832887,102.7511198,-0.2
9.236,0.000851503,-0.463832887,102.7449313,-0.1
9.248,0.001277255,-0.463832887,102.7511198,-0.2
9.261,0.001277255,-0.430876339,102.7449313,-0.1
9.274,0.001277255,-0.430876339,102.7511198,-0.2
9.287,0.000851503,-0.397919792,102.7387428,0
9.299,0.000851503,-0.364963245,102.7511198,-0.2
9.312,0.000851503,-0.332006698,102.7387428,0
9.325,0.000851503,-0.299050151,102.7868207,-0.2
9.337,0.001277255,-0.26487299,102.6806322,0
9.35,0.001277255,-0.231916443,102.6868207,-0.1
9.363,0.001277255,-0.198959896,102.6806322,0
9.375,0.001277255,-0.166003349,102.6868207,-0.1
9.388,0.000851503,-0.166003349,102.7044328,0
9.401,0.000851503,-0.133046802,102.6806322,0
9.414,0.000851503,-0.065913094,102.7106213,-0.1
9.426,0.001277255,-0.032956547,102.7044328,0
9.439,0.001277255,0.032956547,102.7463221,-0.1
9.452,0.001277255,0.065913094,102.7401336,0
9.464,0.001277255,0.065913094,102.7463221,-0.1
9.477,0.001277255,0.100090254,102.6401336,0.1
9.49,0.001277255,0.133046802,102.6463221,0
9.503,0.001277255,0.166003349,102.6339451,0.2
9.515,0.001277255,0.166003349,102.6525106,-0.1
9.528,0.001277255,0.198959896,102.6401336,0.1
9.541,0.001277255,0.198959896,102.6463221,0
9.553,0.000851503,0.231916443,102.6401336,0.1
9.566,0.000851503,0.231916443,102.6463221,0
9.579,0.000851503,0.26487299,102.6401336,0.1
9.591,0.000851503,0.26487299,102.6401336,0.1
9.604,0.001277255,0.26487299,102.6401336,0.1
9.617,0.001277255,0.26487299,102.6401336,0.1
9.63,0.001277255,0.26487299,102.6463221,0
9.642,0.001277255,0.26487299,102.6401336,0.1
9.655,0.001277255,0.231916443,102.682023,0
9.668,0.001277255,0.231916443,102.6758345,0.1
9.68,0.001277255,0.231916443,102.682023,0
9.693,0.001277255,0.198959896,102.6758345,0.1
9.706,0.001277255,0.166003349,102.6463221,0
9.718,0.001277255,0.166003349,102.6401336,0.1
9.731,0.001277255,0.133046802,102.6463221,0
9.744,0.001277255,0.133046802,102.6401336,0.1
9.757,0.001277255,0.100090254,102.7463221,-0.1
9.769,0.000851503,0.065913094,102.7401336,0
9.782,0.000851503,0.065913094,102.7463221,-0.1
9.795,0.000851503,0.065913094,102.7401336,0
9.807,0.000851503,0.032956547,102.7401336,0
9.82,0.000851503,0,102.7106213,-0.1
9.833,0.000851503,-0.032956547,102.7044328,0
9.846,0.000851503,-0.065913094,102.7106213,-0.1
9.858,0.000851503,-0.065913094,102.7044328,0
9.871,0.000851503,-0.100090254,102.7106213,-0.1
9.884,0.000851503,-0.133046802,102.7044328,0
9.896,0.000851503,-0.133046802,102.7106213,-0.1
9.909,0.000851503,-0.166003349,102.7044328,0
9.922,0.000851503,-0.166003349,102.7106213,-0.1
9.934,0.001277255,-0.198959896,102.7044328,0
9.947,0.000851503,-0.198959896,102.7106213,-0.1
9.96,0.000851503,-0.231916443,102.7044328,0
9.973,0.000851503,-0.231916443,102.7044328,0
9.985,0.000851503,-0.231916443,102.7044328,0
9.998,0.000851503,-0.26487299,102.6806322,0
10.011,0.001277255,-0.26487299,102.6868207,-0.1
10.023,0.001277255,-0.299050151,102.6806322,0
10.036,0.001277255,-0.299050151,102.7868207,-0.2
10.049,0.000851503,-0.332006698,102.6806322,0
10.061,0.000851503,-0.332006698,102.7868207,-0.2
10.074,0.000851503,-0.364963245,102.7744437,0
10.087,0.000851503,-0.364963245,102.7868207,-0.2
10.1,0.000851503,-0.364963245,102.7744437,0
10.112,0.001277255,-0.364963245,102.7930092,-0.3
10.125,0.000851503,-0.364963245,102.7806322,-0.1
10.138,0.001277255,-0.364963245,102.7868207,-0.2
10.15,0.000851503,-0.364963245,102.7806322,-0.1
10.163,0.000851503,-0.364963245,102.7868207,-0.2
10.176,0.000851503,-0.364963245,102.7806322,-0.1
10.189,0.000851503,-0.364963245,102.7868207,-0.2
10.201,0.000851503,-0.364963245,102.7806322,-0.1
10.214,0.000851503,-0.364963245,102.7449313,-0.1
10.227,0.000851503,-0.364963245,102.7511198,-0.2
10.239,0.000851503,-0.332006698,102.7806322,-0.1
10.252,0.000851503,-0.332006698,102.7868207,-0.2
10.265,0.000851503,-0.332006698,102.7806322,-0.1
10.277,0.000851503,-0.332006698,102.7868207,-0.2
10.29,0.000851503,-0.332006698,102.7806322,-0.1
10.303,0.000851503,-0.332006698,102.7868207,-0.2
10.316,0.000851503,-0.332006698,102.7744437,0
10.328,0.000851503,-0.332006698,102.7868207,-0.2
10.341,0.001277255,-0.332006698,102.6744437,0.1
10.354,0.000851503,-0.332006698,102.7868207,-0.2
10.366,0.000851503,-0.299050151,102.6806322,0
10.379,0.000851503,-0.299050151,102.6868207,-0.1
10.392,0.001277255,-0.299050151,102.6806322,0
10.404,0.001277255,-0.299050151,102.6868207,-0.1
10.417,0.000851503,-0.299050151,102.6806322,0
10.43,0.000851503,-0.26487299,102.6806322,0
10.443,0.000851503,-0.26487299,102.6806322,0
10.455,0.000851503,-0.26487299,102.6806322,0
10.468,0.000851503,-0.26487299,102.6806322,0
10.481,0.000851503,-0.231916443,102.6806322,0
10.493,0.001277255,-0.231916443,102.6868207,-0.1
10.506,0.001277255,-0.231916443,102.6806322,0
10.519,0.001277255,-0.231916443,102.6868207,-0.1
10.532,0.000851503,-0.198959896,102.6806322,0
10.544,0.001277255,-0.198959896,102.6868207,-0.1
10.557,0.001277255,-0.166003349,102.6806322,0
10.57,0.001277255,-0.166003349,102.6868207,-0.1
10.582,0.001277255,-0.133046802,102.6806322,0
10.595,0.000851503,-0.133046802,102.6868207,-0.1
10.608,0.000851503,-0.100090254,102.7044328,0
10.62,0.000851503,-0.100090254,102.6868207,-0.1
10.633,0.000851503,-0.065913094,102.7044328,0
10.646,0.000851503,-0.065913094,102.7044328,0
10.659,0.000851503,-0.032956547,102.7044328,0
10.671,0.000851503,0,102.7044328,0
10.684,0.000851503,0,102.7106213,-0.1
10.697,0.001277255,0.032956547,102.7044328,0
10.709,0.000851503,0.065913094,102.7106213,-0.1
10.722,0.000851503,0.065913094,102.7401336,0
10.735,0.000851503,0.100090254,102.6463221,0
10.747,0.001277255,0.100090254,102.6401336,0.1
10.76,0.001277255,0.133046802,102.6463221,0
10.773,0.000851503,0.166003349,102.6401336,0.1
10.786,0.000851503,0.198959896,102.6463221,0
10.798,0.000851503,0.231916443,102.6401336,0.1
10.811,0.001277255,0.231916443,102.682023,0
10.824,0.000851503,0.26487299,102.6758345,0.1
10.836,0.001277255,0.26487299,102.6463221,0
10.849,0.000851503,0.299050151,102.6401336,0.1
10.862,0.000851503,0.332006698,102.6401336,0.1
10.875,0.000851503,0.332006698,102.6758345,0.1
10.887,0.000851503,0.332006698,102.682023,0
10.9,0.001277255,0.364963245,102.682023,0
10.913,0.001277255,0.364963245,102.6758345,0.1
10.925,0.001277255,0.397919792,102.6758345,0.1
10.938,0.001277255,0.397919792,102.6758345,0.1
10.951,0.001277255,0.397919792,102.682023,0
10.963,0.000851503,0.397919792,102.6758345,0.1
10.976,0.000851503,0.397919792,102.682023,0
10.989,0.000851503,0.430876339,102.6758345,0.1
11.002,0.001277255,0.430876339,102.682023,0
11.014,0.001277255,0.430876339,102.6758345,0.1
11.027,0.001277255,0.430876339,102.6058236,0.1
11.04,0.000851503,0.430876339,102.5996351,0.2
11.052,0.000851503,0.430876339,102.582023,0.1
11.065,0.001277255,0.430876339,102.5996351,0.2
11.078,0.001277255,0.430876339,102.582023,0.1
11.09,0.001277255,0.430876339,102.5996351,0.2
11.103,0.000851503,0.430876339,102.582023,0.1
11.116,0.001277255,0.430876339,102.5758345,0.2
11.129,0.001277255,0.430876339,102.582023,0.1
11.141,0.000851503,0.430876339,102.5758345,0.2
11.154,0.001277255,0.430876339,102.5758345,0.2
11.167,0.001277255,0.430876339,102.6758345,0.1
11.179,0.001277255,0.397919792,102.5758345,0.2
11.192,0.001277255,0.397919792,102.682023,0
11.205,0.001277255,0.364963245,102.6758345,0.1
11.218,0.001277255,0.364963245,102.682023,0
11.23,0.001277255,0.364963245,102.6758345,0.1
11.243,0.001277255,0.332006698,102.682023,0
11.256,0.001277255,0.332006698,102.6758345,0.1
11.268,0.001277255,0.332006698,102.682023,0
11.281,0.001277255,0.299050151,102.6758345,0.1
11.294,0.001277255,0.26487299,102.682023,0
11.306,0.001277255,0.26487299,102.6401336,0.1
11.319,0.000851503,0.231916443,102.6463221,0
11.332,0.000851503,0.198959896,102.6401336,0.1
11.345,0.001277255,0.198959896,102.6463221,0
11.357,0.001277255,0.166003349,102.6758345,0.1
11.37,0.001277255,0.166003349,102.682023,0
11.383,0.001277255,0.133046802,102.6401336,0.1
11.395,0.001277255,0.100090254,102.6463221,0
11.408,0.000851503,0.065913094,102.6401336,0.1
11.421,0.000851503,0.065913094,102.6401336,0.1
11.433,0.000851503,0.032956547,102.6401336,0.1
11.446,0.000851503,0,102.6401336,0.1
11.459,0.001277255,0,102.6401336,0.1
11.472,0.000851503,0,102.7044328,0
11.484,0.000851503,-0.032956547,102.7044328,0
11.497,0.000851503,-0.065913094,102.7044328,0
11.51,0.001277255,-0.100090254,102.7044328,0
11.522,0.001277255,-0.100090254,102.7044328,0
11.535,0.001277255,-0.133046802,102.7044328,0
11.548,0.001277255,-0.166003349,102.6806322,0
11.561,0.001277255,-0.166003349,102.6868207,-0.1
11.573,0.001277255,-0.198959896,102.6806322,0
11.586,0.001277255,-0.231916443,102.6868207,-0.1
11.599,0.001277255,-0.231916443,102.6806322,0
11.611,0.001277255,-0.231916443,102.6806322,0
11.624,0.001277255,-0.26487299,102.6806322,0
11.637,0.001277255,-0.26487299,102.6868207,-0.1
11.649,0.001277255,-0.299050151,102.6806322,0
11.662,0.001277255,-0.332006698,102.6868207,-0.1
11.675,0.001277255,-0.332006698,102.6806322,0
11.688,0.001277255,-0.364963245,102.6868207,-0.1
11.7,0.001277255,-0.364963245,102.6449313,0
11.713,0.001277255,-0.364963245,102.6806322,0
11.726,0.001277255,-0.364963245,102.6449313,0
11.738,0.001277255,-0.397919792,102.6511198,-0.1
11.751,0.001277255,-0.397919792,102.6449313,0
11.764,0.001277255,-0.397919792,102.6449313,0
11.776,0.001277255,-0.397919792,102.6449313,0
11.789,0.001277255,-0.397919792,102.7449313,-0.1
11.802,0.001277255,-0.397919792,102.6449313,0
11.815,0.001277255,-0.397919792,102.7449313,-0.1
11.827,0.001277255,-0.397919792,102.6449313,0
11.84,0.001277255,-0.397919792,102.6449313,0
11.853,0.001277255,-0.397919792,102.6449313,0
11.865,0.001277255,-0.397919792,102.6511198,-0.1
11.878,0.001277255,-0.397919792,102.6449313,0
11.891,0.001277255,-0.397919792,102.6511198,-0.1
11.904,0.001277255,-0.397919792,102.6449313,0
11.916,0.001277255,-0.364963245,102.6449313,0
11.929,0.001277255,-0.364963245,102.6449313,0
11.942,0.001277255,-0.332006698,102.6449313,0
11.954,0.001277255,-0.332006698,102.6449313,0
11.967,0.001277255,-0.332006698,102.6868207,-0.1
11.98,0.001277255,-0.299050151,102.6511198,-0.1
11.992,0.001277255,-0.299050151,102.6806322,0
12.005,0.001277255,-0.26487299,102.6806322,0
12.018,0.001277255,-0.26487299,102.6806322,0
12.031,0.001277255,-0.26487299,102.6806322,0
12.043,0.001277255,-0.231916443,102.6806322,0
12.056,0.001277255,-0.198959896,102.6868207,-0.1
12.069,0.001277255,-0.198959896,102.6806322,0
12.081,0.001277255,-0.166003349,102.6806322,0
12.094,0.001277255,-0.166003349,102.6806322,0
12.107,0.001277255,-0.133046802,102.6806322,0
12.119,0.001277255,-0.133046802,102.6806322,0
12.132,0.001277255,-0.100090254,102.6868207,-0.1
12.145,0.001277255,-0.065913094,102.7044328,0
12.158,0.001277255,-0.065913094,102.7106213,-0.1
12.17,0.001277255,-0.065913094,102.7044328,0
12.183,0.001277255,-0.032956547,102.7106213,-0.1
12.196,0.001277255,-0.032956547,102.6044328,0.1
12.208,0.001277255,0,102.6044328,0.1
12.221,0.000851503,0,102.6044328,0.1
12.234,0.001277255,0.032956547,102.6106213,0
12.247,0.001277255,0.032956547,102.6044328,0.1
12.259,0.001277255,0.032956547,102.6463221,0
12.272,0.001277255,0.065913094,102.6401336,0.1
12.285,0.001277255,0.065913094,102.6106213,0
12.297,0.001277255,0.065913094,102.6044328,0.1
12.31,0.000851503,0.100090254,102.6044328,0.1
12.323,0.000851503,0.100090254,102.6044328,0.1
12.335,0.001277255,0.100090254,102.6401336,0.1
12.348,0.001277255,0.100090254,102.6044328,0.1
12.361,0.001277255,0.100090254,102.6106213,0
12.374,0.001277255,0.133046802,102.6401336,0.1
12.386,0.001277255,0.133046802,102.6401336,0.1
12.399,0.000851503,0.133046802,102.6401336,0.1
12.412,0.000851503,0.133046802,102.6401336,0.1
12.424,0.001277255,0.133046802,102.6401336,0.1
12.437,0.001277255,0.133046802,102.6401336,0.1
12.45,0.001277255,0.133046802,102.6463221,0
12.462,0.001277255,0.133046802,102.6401336,0.1
12.475,0.001277255,0.133046802,102.6463221,0
12.488,0.000851503,0.133046802,102.6401336,0.1
12.501,0.001277255,0.133046802,102.6463221,0
12.513,0.001277255,0.133046802,102.6401336,0.1
12.526,0.001277255,0.133046802,102.6463221,0
12.539,0.001277255,0.100090254,102.6401336,0.1
12.551,0.001277255,0.100090254,102.6463221,0
12.564,0.001277255,0.100090254,102.6401336,0.1
12.577,0.000851503,0.100090254,102.6463221,0
12.59,0.001277255,0.100090254,102.6401336,0.1
12.602,0.001277255,0.100090254,102.6463221,0
12.615,0.001277255,0.065913094,102.6401336,0.1
12.628,0.001277255,0.065913094,102.6401336,0.1
12.64,0.001277255,0.065913094,102.6401336,0.1
12.653,0.001277255,0.065913094,102.6106213,0
12.666,0.001277255,0.065913094,102.6401336,0.1
12.678,0.000851503,0.065913094,102.6463221,0
12.691,0.000851503,0.032956547,102.6401336,0.1
12.704,0.001277255,0.032956547,102.7401336,0
12.717,0.001277255,0.032956547,102.6401336,0.1
12.729,0.001277255,0.065913094,102.7044328,0
12.742,0.001277255,0.065913094,102.6106213,0
12.755,0.001277255,0.032956547,102.6044328,0.1
12.767,0.001277255,0.032956547,102.7463221,-0.1
12.78,0.001277255,0.032956547,102.7401336,0
12.793,0.000851503,0.032956547,102.6463221,0
12.805,0.001277255,0.032956547,102.7401336,0
12.818,0.001277255,0.032956547,102.7106213,-0.1
12.831,0.001277255,0.032956547,102.7044328,0
12.844,0.001277255,0.032956547,102.6044328,0.1
12.856,0.001277255,0.032956547,102.6044328,0.1
12.869,0.000851503,0.032956547,102.6044328,0.1
12.882,0.001277255,0.032956547,102.6044328,0.1
12.894,0.001277255,0.065913094,102.6044328,0.1
12.907,0.001277255,0.065913094,102.6044328,0.1
12.92,0.001277255,0.065913094,102.6044328,0.1
12.932,0.001277255,0.065913094,102.6044328,0.1
12.945,0.001277255,0.065913094,102.6044328,0.1
12.958,0.001277255,0.100090254,102.6044328,0.1
12.971,0.001277255,0.100090254,102.6044328,0.1
12.983,0.001277255,0.100090254,102.6463221,0
12.996,0.001277255,0.100090254,102.6401336,0.1
13.009,0.000851503,0.100090254,102.6401336,0.1
13.021,0.001277255,0.133046802,102.6401336,0.1
13.034,0.001277255,0.133046802,102.6463221,0
13.047,0.001277255,0.133046802,102.6401336,0.1
13.06,0.001277255,0.133046802,102.6401336,0.1
13.072,0.001277255,0.133046802,102.6044328,0.1
13.085,0.001277255,0.166003349,102.6401336,0.1
13.098,0.001277255,0.166003349,102.6401336,0.1
13.11,0.001277255,0.166003349,102.6401336,0.1
13.123,0.001277255,0.166003349,102.6401336,0.1
13.136,0.001277255,0.166003349,102.6401336,0.1
13.148,0.001277255,0.166003349,102.6401336,0.1
13.161,0.000851503,0.166003349,102.6401336,0.1
13.174,0.000851503,0.133046802,102.6401336,0.1
13.187,0.000851503,0.133046802,102.6401336,0.1
13.199,0.001277255,0.133046802,102.6463221,0
13.212,0.001277255,0.133046802,102.6044328,0.1
13.225,0.001277255,0.133046802,102.6106213,0
13.237,0.001277255,0.100090254,102.6401336,0.1
13.25,0.001277255,0.100090254,102.6463221,0
13.263,0.001277255,0.100090254,102.6401336,0.1
13.275,0.001277255,0.065913094,102.6463221,0
13.288,0.001277255,0.065913094,102.6044328,0.1
13.301,0.000851503,0.065913094,102.6044328,0.1
13.314,0.001277255,0.065913094,102.6044328,0.1
13.326,0.001277255,0.032956547,102.6106213,0
13.339,0.001277255,0.032956547,102.6044328,0.1
13.352,0.001277255,0.032956547,102.6106213,0
13.364,0.001277255,0,102.7044328,0
13.377,0.001277255,-0.032956547,102.7044328,0
13.39,0.001277255,-0.032956547,102.7044328,0
13.403,0.001277255,-0.065913094,102.7044328,0
13.415,0.001277255,-0.065913094,102.7044328,0
13.428,0.001277255,-0.065913094,102.7044328,0
13.441,0.001277255,-0.100090254,102.7106213,-0.1
13.453,0.001277255,-0.100090254,102.7044328,0
13.466,0.001277255,-0.133046802,102.7106213,-0.1
13.479,0.001277255,-0.133046802,102.7044328,0
13.491,0.001277255,-0.133046802,102.7106213,-0.1
13.504,0.001277255,-0.166003349,102.6806322,0
13.517,0.001277255,-0.166003349,102.6868207,-0.1
13.53,0.001277255,-0.166003349,102.6806322,0
13.542,0.001277255,-0.166003349,102.6868207,-0.1
13.555,0.001277255,-0.198959896,102.6806322,0
13.568,0.001277255,-0.198959896,102.6868207,-0.1
13.58,0.001277255,-0.198959896,102.6806322,0
13.593,0.001277255,-0.198959896,102.6868207,-0.1
13.606,0.001277255,-0.198959896,102.6806322,0
13.618,0.001277255,-0.198959896,102.6868207,-0.1
13.631,0.001277255,-0.198959896,102.6806322,0
13.644,0.001277255,-0.166003349,102.6868207,-0.1
13.657,0.001277255,-0.166003349,102.6806322,0
13.669,0.001277255,-0.166003349,102.6868207,-0.1
13.682,0.001277255,-0.166003349,102.6868207,-0.1
13.695,0.001277255,-0.133046802,102.6806322,0
13.707,0.000851503,-0.133046802,102.7106213,-0.1
13.72,0.001277255,-0.133046802,102.6806322,0
13.733,0.001277255,-0.100090254,102.6868207,-0.1
13.746,0.001277255,-0.100090254,102.6806322,0
13.758,0.001277255,-0.065913094,102.7044328,0
13.771,0.001277255,-0.065913094,102.6806322,0
13.784,0.001277255,-0.032956547,102.7106213,-0.1
13.796,0.001277255,-0.032956547,102.7044328,0
13.809,0.001277255,0,102.7106213,-0.1
13.822,0.001277255,0,102.6044328,0.1
13.834,0.001277255,0.032956547,102.7106213,-0.1
13.847,0.001277255,0.032956547,102.6044328,0.1
13.86,0.001277255,0.032956547,102.6044328,0.1
13.873,0.001277255,0.065913094,102.6044328,0.1
13.885,0.001277255,0.065913094,102.6044328,0.1
13.898,0.001277255,0.065913094,102.6044328,0.1
13.911,0.001277255,0.065913094,102.6044328,0.1
13.923,0.001277255,0.065913094,102.6106213,0
13.936,0.001277255,0.065913094,102.6106213,0
13.949,0.001277255,0.100090254,102.6106213,0
13.962,0.001277255,0.100090254,102.6044328,0.1
13.974,0.001277255,0.100090254,102.6106213,0
13.987,0.001277255,0.100090254,102.6044328,0.1
14,0.001277255,0.100090254,102.6044328,0.1
14.012,0.001277255,0.100090254,102.6044328,0.1
14.025,0.001277255,0.100090254,102.6106213,0
14.038,0.001277255,0.133046802,102.6044328,0.1
14.05,0.000851503,0.133046802,102.6463221,0
14.063,0.001277255,0.100090254,102.6401336,0.1
14.076,0.001277255,0.100090254,102.6401336,0.1
14.089,0.001277255,0.100090254,102.6401336,0.1
14.101,0.001277255,0.100090254,102.6044328,0.1
14.114,0.001277255,0.100090254,102.6044328,0.1
14.127,0.001277255,0.065913094,102.6044328,0.1
14.139,0.001277255,0.065913094,102.6106213,0
14.152,0.002128758,0.065913094,102.6044328,0.1
14.165,0.002128758,0.032956547,102.6106213,0
14.177,0.001277255,0.032956547,102.6044328,0.1
14.19,0.001277255,0.032956547,102.6106213,0
14.203,0.001277255,0.032956547,102.7044328,0
14.216,0.001277255,0,102.7106213,-0.1
14.228,0.001277255,-0.032956547,102.7044328,0
14.241,0.001277255,-0.032956547,102.7106213,-0.1
14.254,0.001277255,-0.065913094,102.7044328,0
14.266,0.001277255,-0.065913094,102.7106213,-0.1
14.279,0.001277255,-0.100090254,102.7044328,0
14.292,0.001277255,-0.100090254,102.7106213,-0.1
14.304,0.001277255,-0.133046802,102.7044328,0
14.317,0.001277255,-0.133046802,102.6806322,0
14.33,0.001277255,-0.133046802,102.6806322,0
14.343,0.001277255,-0.166003349,102.6806322,0
14.355,0.001277255,-0.166003349,102.6868207,-0.1
14.368,0.001277255,-0.198959896,102.6806322,0
14.381,0.001277255,-0.198959896,102.6868207,-0.1
14.393,0.001277255,-0.231916443,102.6806322,0
14.406,0.001277255,-0.231916443,102.6868207,-0.1
14.419,0.001277255,-0.26487299,102.6806322,0
14.432,0.001277255,-0.26487299,102.6868207,-0.1
14.444,0.001277255,-0.26487299,102.6806322,0
14.457,0.001277255,-0.26487299,102.6868207,-0.1
14.47,0.001277255,-0.299050151,102.6449313,0
14.482,0.001277255,-0.299050151,102.6511198,-0.1
14.495,0.001277255,-0.332006698,102.6806322,0
14.508,0.001277255,-0.332006698,102.6511198,-0.1
14.52,0.001277255,-0.332006698,102.6806322,0
14.533,0.001277255,-0.332006698,102.6868207,-0.1
14.546,0.001277255,-0.332006698,102.6806322,0
14.559,0.001277255,-0.332006698,102.6449313,0
14.571,0.001277255,-0.332006698,102.6449313,0
14.584,0.001277255,-0.332006698,102.6449313,0
14.597,0.001277255,-0.299050151,102.6449313,0
14.609,0.001277255,-0.299050151,102.6449313,0
14.622,0.001277255,-0.299050151,102.6511198,-0.1
14.635,0.001277255,-0.26487299,102.6806322,0
14.647,0.001277255,-0.26487299,102.6868207,-0.1
14.66,0.001277255,-0.231916443,102.6806322,0
14.673,0.001277255,-0.231916443,102.6868207,-0.1
14.686,0.001277255,-0.198959896,102.6806322,0
14.698,0.001277255,-0.166003349,102.6868207,-0.1
14.711,0.001277255,-0.166003349,102.7044328,0
14.724,0.001277255,-0.133046802,102.7106213,-0.1
14.736,0.001277255,-0.100090254,102.7044328,0
14.749,0.001277255,-0.065913094,102.7106213,-0.1
14.762,0.001277255,-0.032956547,102.7044328,0
14.775,0.001277255,0,102.6044328,0.1
14.787,0.001277255,0.032956547,102.6044328,0.1
14.8,0.001277255,0.065913094,102.6044328,0.1
14.813,0.001277255,0.100090254,102.6044328,0.1
14.825,0.001277255,0.133046802,102.6401336,0.1
14.838,0.001277255,0.166003349,102.6463221,0
14.851,0.001277255,0.198959896,102.6401336,0.1
14.863,0.001277255,0.231916443,102.6401336,0.1
14.876,0.001277255,0.26487299,102.6401336,0.1
14.889,0.001277255,0.299050151,102.6463221,0
14.902,0.001277255,0.332006698,102.6758345,0.1
14.914,0.001277255,0.364963245,102.682023,0
14.927,0.000851503,0.397919792,102.6758345,0.1
14.94,0.001277255,0.430876339,102.5758345,0.2
14.952,0.001277255,0.430876339,102.5758345,0.2
14.965,0.001277255,0.463832887,102.5758345,0.2
14.978,0.001277255,0.498010047,102.5758345,0.2
14.99,0.001277255,0.498010047,102.5758345,0.2
15.003,0.001277255,0.498010047,102.5758345,0.2
15.016,0.001277255,0.530966594,102.5758345,0.2
15.029,0.001277255,0.530966594,102.582023,0.1
15.041,0.001277255,0.530966594,102.5996351,0.2
15.054,0.001277255,0.530966594,102.6058236,0.1
15.067,0.001277255,0.530966594,102.5996351,0.2
15.079,0.001277255,0.530966594,102.6058236,0.1
15.092,0.001277255,0.530966594,102.5996351,0.2
15.105,0.001277255,0.530966594,102.6058236,0.1
15.118,0.001277255,0.530966594,102.5996351,0.2
15.13,0.002128758,0.530966594,102.6058236,0.1
15.143,0.001277255,0.498010047,102.5996351,0.2
15.156,0.001277255,0.498010047,102.582023,0.1
15.168,0.001277255,0.498010047,102.5996351,0.2
15.181,0.001277255,0.463832887,102.582023,0.1
15.194,0.001277255,0.430876339,102.5758345,0.2
15.206,0.001277255,0.430876339,102.582023,0.1
15.219,0.002128758,0.397919792,102.5758345,0.2
15.232,0.001277255,0.364963245,102.5758345,0.2
15.245,0.001277255,0.332006698,102.5758345,0.2
15.257,0.001277255,0.332006698,102.5401336,0.2
15.27,0.001277255,0.26487299,102.5463221,0.1
15.283,0.001277255,0.26487299,102.5401336,0.2
15.295,0.001277255,0.231916443,102.6463221,0
15.308,0.001277255,0.198959896,102.6401336,0.1
15.321,0.001277255,0.166003349,102.6463221,0
15.333,0.001277255,0.166003349,102.6401336,0.1
15.346,0.001277255,0.133046802,102.6463221,0
15.359,0.001277255,0.100090254,102.6339451,0.2
15.372,0.001277255,0.065913094,102.6106213,0
15.384,0.001277255,0.032956547,102.5982442,0.2
15.397,0.001277255,0.032956547,102.6106213,0
15.41,0.001277255,0,102.6044328,0.1
15.422,0.001277255,0,102.6106213,0
15.435,0.001277255,-0.032956547,102.6044328,0.1
15.448,0.001277255,-0.065913094,102.6044328,0.1
15.461,0.001277255,-0.100090254,102.6044328,0.1
15.473,0.001277255,-0.100090254,102.5806322,0.1
15.486,0.001277255,-0.133046802,102.5806322,0.1
15.499,0.002128758,-0.166003349,102.6806322,0
15.511,0.002128758,-0.166003349,102.6868207,-0.1
15.524,0.002128758,-0.198959896,102.6806322,0
15.537,0.001277255,-0.231916443,102.6868207,-0.1
15.549,0.001277255,-0.231916443,102.6806322,0
15.562,0.001277255,-0.26487299,102.6868207,-0.1
15.575,0.001277255,-0.26487299,102.6449313,0
15.588,0.001277255,-0.299050151,102.6511198,-0.1
15.6,0.001277255,-0.332006698,102.6449313,0
15.613,0.002128758,-0.332006698,102.6511198,-0.1
15.626,0.001277255,-0.364963245,102.6449313,0
15.638,0.001277255,-0.364963245,102.6449313,0
15.651,0.001277255,-0.397919792,102.6449313,0
15.664,0.001277255,-0.397919792,102.6449313,0
15.676,0.001277255,-0.430876339,102.6449313,0
15.689,0.001277255,-0.430876339,102.6092304,0
15.702,0.001277255,-0.463832887,102.6154189,-0.1
15.715,0.001277255,-0.463832887,102.6092304,0
15.727,0.001277255,-0.463832887,102.6154189,-0.1
15.74,0.001277255,-0.498010047,102.6092304,0
15.753,0.002128758,-0.498010047,102.6154189,-0.1
15.765,0.002128758,-0.530966594,102.6092304,0
15.778,0.002128758,-0.530966594,102.6154189,-0.1
15.791,0.002128758,-0.530966594,102.7092304,-0.1
15.804,0.001277255,-0.530966594,102.6154189,-0.1
15.816,0.001277255,-0.530966594,102.7092304,-0.1
15.829,0.001277255,-0.563923141,102.7154189,-0.2
15.842,0.001277255,-0.563923141,102.7092304,-0.1
15.854,0.001277255,-0.530966594,102.6092304,0
15.867,0.001277255,-0.530966594,102.7092304,-0.1
15.88,0.002128758,-0.530966594,102.6092304,0
15.892,0.002128758,-0.530966594,102.6154189,-0.1
15.905,0.002128758,-0.530966594,102.6092304,0
15.918,0.002128758,-0.498010047,102.6154189,-0.1
15.931,0.002128758,-0.498010047,102.6092304,0
15.943,0.002128758,-0.463832887,102.6154189,-0.1
15.956,0.002128758,-0.463832887,102.6030419,0.1
15.969,0.002128758,-0.463832887,102.6154189,-0.1
15.981,0.002128758,-0.430876339,102.6092304,0
15.994,0.002128758,-0.397919792,102.6511198,-0.1
16.007,0.002128758,-0.397919792,102.6449313,0
16.019,0.001277255,-0.364963245,102.6511198,-0.1
16.032,0.001277255,-0.364963245,102.6449313,0
16.045,0.001277255,-0.332006698,102.6511198,-0.1
16.058,0.001277255,-0.299050151,102.6449313,0
16.07,0.002128758,-0.26487299,102.6806322,0
16.083,0.002128758,-0.231916443,102.6449313,0
16.096,0.002128758,-0.231916443,102.6449313,0
16.108,0.001277255,-0.198959896,102.6449313,0
16.121,0.002128758,-0.166003349,102.6449313,0
16.134,0.002128758,-0.133046802,102.6511198,-0.1
16.147,0.002128758,-0.133046802,102.6806322,0
16.159,0.002128758,-0.100090254,102.5868207,0
16.172,0.002128758,-0.065913094,102.5806322,0.1
16.185,0.001277255,-0.032956547,102.6106213,0
16.197,0.001277255,-0.032956547,102.6044328,0.1
16.21,0.001277255,0,102.6106213,0
16.223,0.001277255,0.032956547,102.5982442,0.2
16.235,0.001277255,0.065913094,102.6106213,0
16.248,0.001277255,0.100090254,102.5982442,0.2
16.261,0.002128758,0.100090254,102.6106213,0
16.274,0.002128758,0.133046802,102.6044328,0.1
16.286,0.002128758,0.133046802,102.6463221,0
16.299,0.001277255,0.166003349,102.6401336,0.1
16.312,0.001277255,0.166003349,102.6044328,0.1
16.324,0.001277255,0.166003349,102.6401336,0.1
16.337,0.002128758,0.198959896,102.6401336,0.1
16.35,0.001277255,0.198959896,102.6463221,0
16.362,0.001277255,0.231916443,102.6401336,0.1
16.375,0.001277255,0.231916443,102.6463221,0
16.388,0.001277255,0.231916443,102.6401336,0.1
16.401,0.001277255,0.231916443,102.6463221,0
16.413,0.001277255,0.231916443,102.6401336,0.1
16.426,0.001277255,0.231916443,102.6463221,0
16.439,0.001277255,0.231916443,102.6401336,0.1
16.451,0.001277255,0.231916443,102.6401336,0.1
16.464,0.001277255,0.231916443,102.6401336,0.1
16.477,0.001277255,0.231916443,102.6401336,0.1
16.49,0.001277255,0.231916443,102.6401336,0.1
16.502,0.001277255,0.231916443,102.6401336,0.1
16.515,0.001277255,0.198959896,102.6463221,0
16.528,0.001277255,0.198959896,102.6401336,0.1
16.54,0.001277255,0.198959896,102.6463221,0
16.553,0.001277255,0.166003349,102.6044328,0.1
16.566,0.001277255,0.166003349,102.6463221,0
16.578,0.001277255,0.133046802,102.6401336,0.1
16.591,0.002128758,0.133046802,102.6463221,0
16.604,0.001277255,0.133046802,102.5982442,0.2
16.617,0.001277255,0.100090254,102.6106213,0
16.629,0.001277255,0.100090254,102.6044328,0.1
16.642,0.001277255,0.065913094,102.6106213,0
16.655,0.002128758,0.065913094,102.6044328,0.1
16.667,0.001277255,0.032956547,102.6106213,0
16.68,0.002128758,0.032956547,102.6106213,0
16.693,0.001277255,0,102.6044328,0.1
16.705,0.001277255,0,102.6044328,0.1
16.718,0.001277255,-0.032956547,102.6044328,0.1
16.731,0.001277255,-0.032956547,102.6044328,0.1
16.744,0.002128758,-0.065913094,102.5982442,0.2
16.756,0.001277255,-0.065913094,102.5868207,0
16.769,0.001277255,-0.100090254,102.5806322,0.1
16.782,0.001277255,-0.100090254,102.5868207,0
16.794,0.001277255,-0.100090254,102.6044328,0.1
16.807,0.001277255,-0.133046802,102.5868207,0
16.82,0.002128758,-0.133046802,102.5744437,0.2
16.833,0.001277255,-0.166003349,102.6106213,0
16.845,0.001277255,-0.166003349,102.5806322,0.1
16.858,0.001277255,-0.198959896,102.5868207,0
16.871,0.002128758,-0.198959896,102.5806322,0.1
16.883,0.002128758,-0.198959896,102.6868207,-0.1
16.896,0.001277255,-0.231916443,102.6806322,0
16.909,0.001277255,-0.231916443,102.6806322,0
16.921,0.001277255,-0.26487299,102.6806322,0
16.934,0.001277255,-0.26487299,102.6806322,0
16.947,0.001277255,-0.26487299,102.6868207,-0.1
16.96,0.001277255,-0.299050151,102.6806322,0
16.972,0.001277255,-0.299050151,102.6511198,-0.1
16.985,0.002128758,-0.299050151,102.6449313,0
16.998,0.001277255,-0.332006698,102.6511198,-0.1
17.01,0.001277255,-0.332006698,102.6387428,0.1
17.023,0.001277255,-0.332006698,102.6511198,-0.1
17.036,0.001277255,-0.364963245,102.6449313,0
17.048,0.001277255,-0.364963245,102.6511198,-0.1
17.061,0.001277255,-0.364963245,102.6449313,0
17.074,0.001277255,-0.397919792,102.6511198,-0.1
17.087,0.001277255,-0.397919792,102.6449313,0
17.099,0.001277255,-0.397919792,102.6449313,0
17.112,0.001277255,-0.397919792,102.6449313,0
17.125,0.001277255,-0.430876339,102.6449313,0
17.137,0.001277255,-0.430876339,102.6511198,-0.1
17.15,0.001277255,-0.430876339,102.6449313,0
17.163,0.001277255,-0.430876339,102.6511198,-0.1
17.176,0.001277255,-0.430876339,102.6449313,0
17.188,0.002128758,-0.430876339,102.6511198,-0.1
17.201,0.001277255,-0.430876339,102.6449313,0
17.214,0.001277255,-0.430876339,102.6154189,-0.1
17.226,0.001277255,-0.430876339,102.6449313,0
17.239,0.001277255,-0.463832887,102.6449313,0
17.252,0.001277255,-0.430876339,102.6449313,0
17.264,0.001277255,-0.430876339,102.6449313,0
17.277,0.001277255,-0.430876339,102.6092304,0
17.29,0.002128758,-0.397919792,102.6092304,0
17.303,0.002128758,-0.397919792,102.6154189,-0.1
17.315,0.002128758,-0.397919792,102.6092304,0
17.328,0.001277255,-0.397919792,102.6511198,-0.1
17.341,0.001277255,-0.364963245,102.6449313,0
17.353,0.001277255,-0.332006698,102.6511198,-0.1
17.366,0.001277255,-0.332006698,102.6449313,0
17.379,0.002128758,-0.299050151,102.6511198,-0.1
17.391,0.002128758,-0.299050151,102.6744437,0.1
17.404,0.002128758,-0.26487299,102.6868207,-0.1
17.417,0.001277255,-0.231916443,102.6806322,0
17.43,0.001277255,-0.198959896,102.6868207,-0.1
17.442,0.001277255,-0.166003349,102.5806322,0.1
17.455,0.001277255,-0.166003349,102.5868207,0
17.468,0.001277255,-0.133046802,102.5806322,0.1
17.48,0.002128758,-0.100090254,102.6044328,0.1
17.493,0.002128758,-0.065913094,102.6044328,0.1
17.506,0.001277255,-0.032956547,102.6044328,0.1
17.519,0.001277255,0,102.6106213,0
17.531,0.001277255,0.032956547,102.6044328,0.1
17.544,0.002128758,0.065913094,102.6106213,0
17.557,0.002128758,0.100090254,102.6044328,0.1
17.569,0.002128758,0.133046802,102.6106213,0
17.582,0.001277255,0.166003349,102.5982442,0.2
17.595,0.001277255,0.198959896,102.6463221,0
17.607,0.001277255,0.231916443,102.5339451,0.3
17.62,0.001277255,0.26487299,102.5463221,0.1
17.633,0.001277255,0.26487299,102.5401336,0.2
17.646,0.002128758,0.299050151,102.5463221,0.1
17.658,0.001277255,0.332006698,102.5401336,0.2
17.671,0.001277255,0.332006698,102.5463221,0.1
17.684,0.001277255,0.364963245,102.5401336,0.2
17.696,0.001277255,0.397919792,102.5758345,0.2
17.709,0.001277255,0.397919792,102.5758345,0.2
17.722,0.001277255,0.430876339,102.5758345,0.2
17.734,0.001277255,0.430876339,102.582023,0.1
17.747,0.001277255,0.463832887,102.5758345,0.2
17.76,0.001277255,0.463832887,102.582023,0.1
17.773,0.001277255,0.498010047,102.5758345,0.2
17.785,0.001277255,0.498010047,102.582023,0.1
17.798,0.001277255,0.498010047,102.5934466,0.3
17.811,0.002128758,0.530966594,102.6058236,0.1
17.823,0.001277255,0.530966594,102.5996351,0.2
17.836,0.002128758,0.563923141,102.482023,0.2
17.849,0.002128758,0.563923141,102.4996351,0.3
17.862,0.001277255,0.563923141,102.4996351,0.3
17.874,0.001277255,0.530966594,102.4996351,0.3
17.887,0.001277255,0.530966594,102.4996351,0.3
17.9,0.001277255,0.530966594,102.4996351,0.3
17.912,0.002128758,0.530966594,102.4996351,0.3
17.925,0.002128758,0.530966594,102.482023,0.2
17.938,0.002128758,0.498010047,102.4758345,0.3
17.95,0.002128758,0.498010047,102.482023,0.2
17.963,0.002128758,0.463832887,102.4758345,0.3
17.976,0.002128758,0.430876339,102.482023,0.2
17.989,0.002128758,0.397919792,102.4758345,0.3
18.001,0.002128758,0.364963245,102.4463221,0.2
18.014,0.002128758,0.332006698,102.5401336,0.2
18.027,0.002128758,0.299050151,102.5463221,0.1
18.039,0.002128758,0.299050151,102.5401336,0.2
18.052,0.001277255,0.26487299,102.5463221,0.1
18.065,0.001277255,0.231916443,102.5463221,0.1
18.077,0.001277255,0.198959896,102.5401336,0.2
18.09,0.001277255,0.166003349,102.5401336,0.2
18.103,0.001277255,0.133046802,102.5401336,0.2
18.116,0.002128758,0.100090254,102.5106213,0.1
18.128,0.002128758,0.065913094,102.5044328,0.2
18.141,0.002128758,0.032956547,102.5106213,0.1
18.154,0.001277255,0,102.5044328,0.2
18.166,0.002128758,-0.032956547,102.5168098,0
18.179,0.001277255,-0.065913094,102.4982442,0.3
18.192,0.001277255,-0.065913094,102.6106213,0
18.205,0.002128758,-0.133046802,102.5744437,0.2
18.217,0.002128758,-0.166003349,102.5868207,0
18.23,0.002128758,-0.198959896,102.5806322,0.1
18.243,0.002128758,-0.231916443,102.5511198,0
18.255,0.002128758,-0.299050151,102.5449313,0.1
18.268,0.002128758,-0.332006698,102.5511198,0
18.281,0.002128758,-0.364963245,102.5449313,0.1
18.293,0.002128758,-0.430876339,102.6449313,0
18.306,0.002128758,-0.463832887,102.6511198,-0.1
18.319,0.002128758,-0.530966594,102.6092304,0
18.332,0.002128758,-0.563923141,102.6154189,-0.1
18.344,0.001277255,-0.629836235,102.6092304,0
18.357,0.002128758,-0.662792783,102.6154189,-0.1
18.37,0.002128758,-0.696969943,102.567341,0.1
18.382,0.002128758,-0.762883037,102.5797181,-0.1
18.395,0.002128758,-0.795839584,102.567341,0.1
18.408,0.002128758,-0.862973292,102.5797181,-0.1
18.42,0.002128758,-0.895929839,102.5735296,0
18.433,0.002128758,-0.928886386,102.6559175,-0.2
18.446,0.002128758,-0.961842933,102.549729,0
18.459,0.002128758,-0.99479948,102.6559175,-0.2
18.471,0.002128758,-0.99479948,102.6735296,-0.1
18.484,0.002128758,-1.027756028,102.6735296,-0.1
18.497,0.002128758,-1.027756028,102.5735296,0
18.509,0.002128758,-1.027756028,102.6735296,-0.1
18.522,0.002128758,-1.027756028,102.5797181,-0.1
18.535,0.002128758,-0.99479948,102.5735296,0
18.548,0.002128758,-0.99479948,102.5797181,-0.1
18.56,0.002128758,-0.961842933,102.5735296,0
18.573,0.002128758,-0.928886386,102.5797181,-0.1
18.586,0.002128758,-0.895929839,102.5735296,0
18.598,0.002128758,-0.828796131,102.6154189,-0.1
18.611,0.002128758,-0.795839584,102.6092304,0
18.624,0.002128758,-0.72992649,102.6154189,-0.1
18.636,0.002128758,-0.696969943,102.6092304,0
18.649,0.002128758,-0.629836235,102.5154189,0
18.662,0.002128758,-0.563923141,102.5449313,0.1
18.675,0.002128758,-0.530966594,102.5449313,0.1
18.687,0.002128758,-0.463832887,102.5868207,0
18.7,0.002128758,-0.397919792,102.5806322,0.1
18.713,0.002128758,-0.332006698,102.5868207,0
18.725,0.001277255,-0.26487299,102.6044328,0.1
18.738,0.002128758,-0.198959896,102.5106213,0.1
18.751,0.002128758,-0.133046802,102.5044328,0.2
18.763,0.002128758,-0.100090254,102.5463221,0.1
18.776,0.002128758,-0.032956547,102.5401336,0.2
18.789,0.002128758,0,102.5463221,0.1
18.802,0.001277255,0.065913094,102.5758345,0.2
18.814,0.001277255,0.100090254,102.582023,0.1
18.827,0.002128758,0.166003349,102.5758345,0.2
18.84,0.002128758,0.198959896,102.482023,0.2
18.852,0.002128758,0.231916443,102.4758345,0.3
18.865,0.00255451,0.26487299,102.4758345,0.3
18.878,0.00255451,0.299050151,102.4996351,0.3
18.891,0.002128758,0.332006698,102.4996351,0.3
18.903,0.002128758,0.364963245,102.5058236,0.2
18.916,0.001277255,0.397919792,102.4996351,0.3
18.929,0.001277255,0.397919792,102.5058236,0.2
18.941,0.002128758,0.430876339,102.4996351,0.3
18.954,0.002128758,0.463832887,102.5058236,0.2
18.967,0.002128758,0.498010047,102.4934466,0.4
18.979,0.002128758,0.498010047,102.5058236,0.2
18.992,0.002128758,0.530966594,102.4291475,0.5
19.005,0.002128758,0.530966594,102.4415245,0.3
19.018,0.002128758,0.563923141,102.435336,0.4
19.03,0.002128758,0.563923141,102.4415245,0.3
19.043,0.002128758,0.596879688,102.435336,0.4
19.056,0.002128758,0.596879688,102.4415245,0.3
19.068,0.002128758,0.629836235,102.435336,0.4
19.081,0.002128758,0.629836235,102.4415245,0.3
19.094,0.002128758,0.629836235,102.435336,0.4
19.106,0.002128758,0.629836235,102.4415245,0.3
19.119,0.002128758,0.629836235,102.4415245,0.3
19.132,0.002128758,0.629836235,102.435336,0.4
19.145,0.002128758,0.629836235,102.4415245,0.3
19.157,0.002128758,0.629836235,102.435336,0.4
19.17,0.00255451,0.629836235,102.4415245,0.3
19.183,0.002128758,0.629836235,102.435336,0.4
19.195,0.00255451,0.629836235,102.4415245,0.3
19.208,0.00255451,0.629836235,102.3996351,0.4
19.221,0.00255451,0.596879688,102.4120121,0.2
19.234,0.002128758,0.596879688,102.3996351,0.4
19.246,0.002128758,0.563923141,102.4058236,0.3
19.259,0.00255451,0.530966594,102.3996351,0.4
19.272,0.00255451,0.498010047,102.4058236,0.3
19.284,0.00255451,0.463832887,102.3996351,0.4
19.297,0.002128758,0.430876339,102.382023,0.3
19.31,0.00255451,0.397919792,102.3758345,0.4
19.322,0.00255451,0.364963245,102.382023,0.3
19.335,0.00255451,0.332006698,102.3758345,0.4
19.348,0.00255451,0.299050151,102.382023,0.3
19.361,0.00255451,0.26487299,102.2401336,0.5
19.373,0.00255451,0.231916443,102.3401336,0.4
19.386,0.00255451,0.198959896,102.2401336,0.5
19.399,0.00255451,0.166003349,102.3044328,0.4
19.411,0.00255451,0.133046802,102.3106213,0.3
19.424,0.00255451,0.065913094,102.3044328,0.4
19.437,0.00255451,0.032956547,102.3106213,0.3
19.449,0.00255451,0,102.3044328,0.4
19.462,0.00255451,-0.032956547,102.3106213,0.3
19.475,0.00255451,-0.065913094,102.3044328,0.4
19.488,0.00255451,-0.100090254,102.2868207,0.3
19.5,0.00255451,-0.133046802,102.2806322,0.4
19.513,0.00255451,-0.166003349,102.2511198,0.3
19.526,0.00255451,-0.198959896,102.2449313,0.4
19.538,0.00255451,-0.231916443,102.2511198,0.3
19.551,0.00255451,-0.26487299,102.2449313,0.4
19.564,0.00255451,-0.299050151,102.3092304,0.3
19.577,0.00255451,-0.364963245,102.3092304,0.3
19.589,0.00255451,-0.397919792,102.3092304,0.3
19.602,0.00255451,-0.430876339,102.3092304,0.3
19.615,0.00255451,-0.463832887,102.3154189,0.2
19.627,0.00255451,-0.498010047,102.3092304,0.3
19.64,0.00255451,-0.530966594,102.3092304,0.3
19.653,0.00255451,-0.530966594,102.2735296,0.3
19.665,0.00255451,-0.563923141,102.2735296,0.3
19.678,0.00255451,-0.596879688,102.2735296,0.3
19.691,0.00255451,-0.629836235,102.2735296,0.3
19.704,0.00255451,-0.662792783,102.2797181,0.2
19.716,0.00255451,-0.662792783,102.2735296,0.3
19.729,0.00255451,-0.696969943,102.2735296,0.3
19.742,0.00255451,-0.696969943,102.2735296,0.3
19.754,0.00255451,-0.72992649,102.2735296,0.3
19.767,0.003406013,-0.72992649,102.2735296,0.3
19.78,0.003406013,-0.72992649,102.2735296,0.3
19.792,0.00255451,-0.696969943,102.2735296,0.3
19.805,0.00255451,-0.696969943,102.3092304,0.3
19.818,0.00255451,-0.696969943,102.3092304,0.3
19.831,0.003406013,-0.662792783,102.3092304,0.3
19.843,0.003406013,-0.629836235,102.3092304,0.3
19.856,0.00255451,-0.596879688,102.2092304,0.4
19.869,0.00255451,-0.596879688,102.2449313,0.4
19.881,0.00255451,-0.563923141,102.2449313,0.4
19.894,0.00255451,-0.530966594,102.2511198,0.3
19.907,0.00255451,-0.463832887,102.2092304,0.4
19.92,0.00255451,-0.430876339,102.2449313,0.4
19.932,0.00255451,-0.364963245,102.2449313,0.4
19.945,0.00255451,-0.332006698,102.2449313,0.4
19.958,0.00255451,-0.26487299,102.1449313,0.5
19.97,0.00255451,-0.231916443,102.1449313,0.5
19.983,0.00255451,-0.166003349,102.1449313,0.5
19.996,0.00255451,-0.100090254,102.1806322,0.5
20.008,0.00255451,-0.065913094,102.1806322,0.5
20.021,0.00255451,0,102.0806322,0.6
20.034,0.00255451,0.065913094,102.1044328,0.6
20.047,0.00255451,0.133046802,102.1044328,0.6
20.059,0.00255451,0.166003349,102.1044328,0.6
20.072,0.00255451,0.198959896,102.1106213,0.5
20.085,0.00255451,0.26487299,102.0044328,0.7
20.097,0.00255451,0.299050151,102.0044328,0.7
20.11,0.00255451,0.332006698,102.0044328,0.7
20.123,0.00255451,0.364963245,102.0044328,0.7
20.135,0.00255451,0.397919792,102.0044328,0.7
20.148,0.00255451,0.430876339,101.9044328,0.8
20.161,0.00255451,0.463832887,101.9044328,0.8
20.174,0.00255451,0.498010047,101.9044328,0.8
20.186,0.00255451,0.530966594,101.9044328,0.8
20.199,0.00255451,0.563923141,101.9044328,0.8
20.212,0.00255451,0.596879688,101.9044328,0.8
20.224,0.00255451,0.596879688,101.8044328,0.9
20.237,0.00255451,0.629836235,101.8044328,0.9
20.25,0.00255451,0.662792783,101.8044328,0.9
20.263,0.00255451,0.696969943,101.8106213,0.8
20.275,0.00255451,0.72992649,101.8044328,0.9
20.288,0.00255451,0.72992649,101.8106213,0.8
20.301,0.00255451,0.762883037,101.7044328,1
20.313,0.00255451,0.762883037,101.7106213,0.9
20.326,0.00255451,0.795839584,101.7044328,1
20.339,0.00255451,0.795839584,101.7106213,0.9
20.351,0.00255451,0.828796131,101.7044328,1
20.364,0.00255451,0.862973292,101.7106213,0.9
20.377,0.00255451,0.862973292,101.7106213,0.9
20.39,0.00255451,0.862973292,101.6106213,1
20.402,0.00255451,0.862973292,101.6044328,1.1
20.415,0.00255451,0.895929839,101.6044328,1.1
20.428,0.00255451,0.895929839,101.6044328,1.1
20.44,0.003406013,0.862973292,101.6044328,1.1
20.453,0.00255451,0.862973292,101.6044328,1.1
20.466,0.003406013,0.862973292,101.5868207,1
20.478,0.003406013,0.862973292,101.6106213,1
20.491,0.003406013,0.862973292,101.6044328,1.1
20.504,0.00255451,0.828796131,101.6044328,1.1
20.517,0.00255451,0.795839584,101.6044328,1.1
20.529,0.00255451,0.762883037,101.7044328,1
20.542,0.00255451,0.72992649,101.6806322,1
20.555,0.00255451,0.696969943,101.6806322,1
20.567,0.00255451,0.662792783,101.6868207,0.9
20.58,0.00255451,0.596879688,101.6868207,0.9
20.593,0.00255451,0.563923141,101.6806322,1
20.606,0.00255451,0.498010047,101.7868207,0.8
20.618,0.00255451,0.430876339,101.7806322,0.9
20.631,0.00255451,0.397919792,101.7806322,0.9
20.644,0.00255451,0.364963245,101.7806322,0.9
20.656,0.00255451,0.299050151,101.7806322,0.9
20.669,0.00255451,0.26487299,101.8449313,0.8
20.682,0.00255451,0.198959896,101.8511198,0.7
20.694,0.00255451,0.133046802,101.8449313,0.8
20.707,0.00255451,0.100090254,101.8806322,0.8
20.72,0.00255451,0.065913094,101.8449313,0.8
20.733,0.00255451,0.032956547,101.9449313,0.7
20.745,0.00255451,0,101.9449313,0.7
20.758,0.00255451,-0.065913094,101.9449313,0.7
20.771,0.00255451,-0.100090254,101.9449313,0.7
20.783,0.00255451,-0.133046802,102.0449313,0.6
20.796,0.00255451,-0.166003349,102.0449313,0.6
20.809,0.00255451,-0.198959896,102.0449313,0.6
20.821,0.00255451,-0.231916443,102.0449313,0.6
20.834,0.003406013,-0.26487299,102.0806322,0.6
20.847,0.00255451,-0.299050151,102.0806322,0.6
20.86,0.00255451,-0.332006698,102.1868207,0.4
20.872,0.00255451,-0.364963245,102.1449313,0.5
20.885,0.00255451,-0.397919792,102.1511198,0.4
20.898,0.00255451,-0.430876339,102.1449313,0.5
20.91,0.00255451,-0.463832887,102.1449313,0.5
20.923,0.00255451,-0.498010047,102.1449313,0.5
20.936,0.00255451,-0.498010047,102.1449313,0.5
20.949,0.00255451,-0.563923141,102.1449313,0.5
20.961,0.00255451,-0.596879688,102.1449313,0.5
20.974,0.003406013,-0.596879688,102.1449313,0.5
20.987,0.003406013,-0.629836235,102.1511198,0.4
20.999,0.003406013,-0.662792783,102.1449313,0.5
21.012,0.00255451,-0.662792783,102.2449313,0.4
21.025,0.00255451,-0.696969943,102.2449313,0.4
21.037,0.00255451,-0.696969943,102.2449313,0.4
21.05,0.003406013,-0.72992649,102.2449313,0.4
21.063,0.003406013,-0.72992649,102.2449313,0.4
21.076,0.00255451,-0.72992649,102.2449313,0.4
21.088,0.00255451,-0.72992649,102.1449313,0.5
21.101,0.00255451,-0.72992649,102.2449313,0.4
21.114,0.00255451,-0.72992649,102.1449313,0.5
21.126,0.003406013,-0.696969943,102.1449313,0.5
21.139,0.003406013,-0.696969943,102.1449313,0.5
21.152,0.00255451,-0.662792783,102.1511198,0.4
21.164,0.00255451,-0.629836235,102.1806322,0.5
21.177,0.00255451,-0.596879688,102.1868207,0.4
21.19,0.00255451,-0.563923141,102.1806322,0.5
21.203,0.003406013,-0.530966594,102.1868207,0.4
21.215,0.003406013,-0.498010047,102.1806322,0.5
21.228,0.00255451,-0.463832887,102.1868207,0.4
21.241,0.00255451,-0.430876339,102.0806322,0.6
21.253,0.00255451,-0.397919792,102.0868207,0.5
21.266,0.00255451,-0.364963245,102.0806322,0.6
21.279,0.00255451,-0.299050151,102.1106213,0.5
21.292,0.00255451,-0.26487299,102.1044328,0.6
21.304,0.00255451,-0.231916443,102.1044328,0.6
21.317,0.00255451,-0.198959896,102.1044328,0.6
21.33,0.00255451,-0.166003349,102.1044328,0.6
21.342,0.00255451,-0.133046802,102.0044328,0.7
21.355,0.003406013,-0.100090254,102.0044328,0.7
21.368,0.003406013,-0.065913094,102.0044328,0.7
21.38,0.00255451,-0.032956547,102.0044328,0.7
21.393,0.00255451,0,102.0044328,0.7
21.406,0.00255451,0.032956547,102.0044328,0.7
21.419,0.00255451,0.032956547,102.0106213,0.6
21.431,0.00255451,0.065913094,102.0401336,0.7
21.444,0.00255451,0.100090254,101.9463221,0.7
21.457,0.00255451,0.133046802,101.9401336,0.8
21.469,0.003406013,0.166003349,101.9463221,0.7
21.482,0.003406013,0.166003349,101.9401336,0.8
21.495,0.00255451,0.198959896,101.9401336,0.8
21.507,0.00255451,0.231916443,101.9044328,0.8
21.52,0.00255451,0.231916443,101.9463221,0.7
21.533,0.00255451,0.26487299,101.9401336,0.8
21.546,0.00255451,0.299050151,101.8463221,0.8
21.558,0.00255451,0.332006698,101.8401336,0.9
21.571,0.00255451,0.364963245,101.8463221,0.8
21.584,0.00255451,0.364963245,101.8401336,0.9
21.596,0.00255451,0.397919792,101.8401336,0.9
21.609,0.00255451,0.397919792,101.8401336,0.9
21.622,0.00255451,0.430876339,101.8401336,0.9
21.635,0.00255451,0.463832887,101.8401336,0.9
21.647,0.00255451,0.463832887,101.8401336,0.9
21.66,0.00255451,0.498010047,101.7401336,1
21.673,0.00255451,0.498010047,101.7401336,1
21.685,0.00255451,0.530966594,101.7401336,1
21.698,0.00255451,0.530966594,101.7401336,1
21.711,0.003406013,0.530966594,101.7401336,1
21.723,0.003406013,0.563923141,101.7401336,1
21.736,0.003406013,0.563923141,101.7401336,1
21.749,0.00255451,0.563923141,101.7401336,1
21.762,0.00255451,0.563923141,101.7463221,0.9
21.774,0.00255451,0.596879688,101.7401336,1
21.787,0.00255451,0.596879688,101.7401336,1
21.8,0.00255451,0.596879688,101.7401336,1
21.812,0.00255451,0.596879688,101.7401336,1
21.825,0.00255451,0.629836235,101.7401336,1
21.838,0.00255451,0.629836235,101.6401336,1.1
21.85,0.00255451,0.596879688,101.6401336,1.1
21.863,0.003406013,0.629836235,101.6463221,1
21.876,0.00255451,0.629836235,101.6401336,1.1
21.889,0.00255451,0.629836235,101.6401336,1.1
21.901,0.00255451,0.629836235,101.6401336,1.1
21.914,0.00255451,0.629836235,101.6401336,1.1
21.927,0.00255451,0.629836235,101.6463221,1
21.939,0.00255451,0.629836235,101.6401336,1.1
21.952,0.00255451,0.596879688,101.6463221,1
21.965,0.00255451,0.596879688,101.6401336,1.1
21.978,0.00255451,0.596879688,101.6463221,1
21.99,0.00255451,0.596879688,101.7044328,1
22.003,0.00255451,0.563923141,101.6044328,1.1
22.016,0.00255451,0.563923141,101.7044328,1
22.028,0.00255451,0.563923141,101.7044328,1
22.041,0.003406013,0.530966594,101.7044328,1
22.054,0.003406013,0.530966594,101.7044328,1
22.066,0.003406013,0.498010047,101.7044328,1
22.079,0.003406013,0.498010047,101.7044328,1
22.092,0.003406013,0.463832887,101.7401336,1
22.105,0.003406013,0.430876339,101.7044328,1
22.117,0.003406013,0.397919792,101.7044328,1
22.13,0.003406013,0.397919792,101.7044328,1
22.143,0.003406013,0.364963245,101.7106213,0.9
22.155,0.00255451,0.364963245,101.7044328,1
22.168,0.00255451,0.332006698,101.7106213,0.9
22.181,0.003406013,0.299050151,101.7044328,1
22.193,0.003406013,0.26487299,101.8106213,0.8
22.206,0.003406013,0.26487299,101.8044328,0.9
22.219,0.00255451,0.231916443,101.8106213,0.8
22.232,0.00255451,0.198959896,101.8044328,0.9
22.244,0.003406013,0.166003349,101.8106213,0.8
22.257,0.003406013,0.166003349,101.8044328,0.9
22.27,0.00255451,0.133046802,101.8106213,0.8
22.282,0.00255451,0.100090254,101.8044328,0.9
22.295,0.00255451,0.065913094,101.8044328,0.9
22.308,0.00255451,0.065913094,101.9044328,0.8
22.32,0.00255451,0.032956547,101.8868207,0.7
22.333,0.00255451,0,101.8806322,0.8
22.346,0.00255451,-0.032956547,101.9044328,0.8
22.359,0.00255451,-0.032956547,101.9044328,0.8
22.371,0.00255451,-0.065913094,101.9044328,0.8
22.384,0.003406013,-0.100090254,101.9044328,0.8
22.397,0.00255451,-0.133046802,101.9044328,0.8
22.409,0.00255451,-0.166003349,102.0106213,0.6
22.422,0.00255451,-0.198959896,102.0044328,0.7
22.435,0.00255451,-0.231916443,102.0106213,0.6
22.448,0.00255451,-0.231916443,102.0044328,0.7
22.46,0.00255451,-0.26487299,101.9868207,0.6
22.473,0.00255451,-0.299050151,102.0044328,0.7
22.486,0.00255451,-0.332006698,102.1044328,0.6
22.498,0.003406013,-0.364963245,102.0982442,0.7
22.511,0.003406013,-0.397919792,102.1044328,0.6
22.524,0.003406013,-0.430876339,102.1044328,0.6
22.536,0.00255451,-0.463832887,102.1106213,0.5
22.549,0.00255451,-0.498010047,102.1044328,0.6
22.562,0.003406013,-0.498010047,102.0868207,0.5
22.575,0.003406013,-0.530966594,102.0806322,0.6
22.587,0.003406013,-0.596879688,102.1806322,0.5
22.6,0.003406013,-0.629836235,102.1806322,0.5
22.613,0.003406013,-0.629836235,102.1806322,0.5
22.625,0.003406013,-0.696969943,102.1868207,0.4
22.638,0.00255451,-0.72992649,102.1806322,0.5
22.651,0.00255451,-0.762883037,102.1868207,0.4
22.663,0.00255451,-0.795839584,102.1806322,0.5
22.676,0.003406013,-0.828796131,102.1806322,0.5
22.689,0.00255451,-0.862973292,102.1806322,0.5
22.702,0.00255451,-0.895929839,102.1806322,0.5
22.714,0.00255451,-0.895929839,102.1806322,0.5
22.727,0.00255451,-0.928886386,102.1449313,0.5
22.74,0.003406013,-0.961842933,102.1449313,0.5
22.752,0.00255451,-0.961842933,102.1449313,0.5
22.765,0.00255451,-0.99479948,102.1449313,0.5
22.778,0.003406013,-0.99479948,102.1449313,0.5
22.791,0.003406013,-0.99479948,102.1449313,0.5
22.803,0.003406013,-0.99479948,102.1449313,0.5
22.816,0.00255451,-0.99479948,102.1449313,0.5
22.829,0.003406013,-0.99479948,102.1449313,0.5
22.841,0.00255451,-0.99479948,102.1449313,0.5
22.854,0.00255451,-0.961842933,102.1449313,0.5
22.867,0.003406013,-0.895929839,102.1511198,0.4
22.879,0.003406013,-0.862973292,102.1449313,0.5
22.892,0.003406013,-0.795839584,102.0806322,0.6
22.905,0.003406013,-0.762883037,102.0806322,0.6
22.918,0.003406013,-0.696969943,102.0868207,0.5
22.93,0.003406013,-0.629836235,102.0806322,0.6
22.943,0.003406013,-0.563923141,102.0868207,0.5
22.956,0.00255451,-0.498010047,101.9806322,0.7
22.968,0.00255451,-0.430876339,102.0044328,0.7
22.981,0.00255451,-0.364963245,102.0044328,0.7
22.994,0.00255451,-0.26487299,102.0044328,0.7
23.007,0.003406013,-0.198959896,101.9401336,0.8
23.019,0.003406013,-0.133046802,101.9401336,0.8
23.032,0.00255451,-0.032956547,101.9401336,0.8
23.045,0.00255451,0.032956547,101.8401336,0.9
23.057,0.00255451,0.100090254,101.8401336,0.9
23.07,0.00255451,0.166003349,101.8401336,0.9
23.083,0.003406013,0.231916443,101.7463221,0.9
23.095,0.003406013,0.299050151,101.7401336,1
23.108,0.003406013,0.332006698,101.7463221,0.9
23.121,0.00255451,0.397919792,101.6401336,1.1
23.134,0.00255451,0.463832887,101.6463221,1
23.146,0.003406013,0.498010047,101.6401336,1.1
23.159,0.003406013,0.563923141,101.682023,1
23.172,0.003406013,0.596879688,101.5339451,1.3
23.184,0.003406013,0.629836235,101.5463221,1.1
23.197,0.003406013,0.662792783,101.5339451,1.3
23.21,0.003406013,0.72992649,101.4463221,1.2
23.222,0.00255451,0.762883037,101.4401336,1.3
23.235,0.00255451,0.828796131,101.4463221,1.2
23.248,0.00255451,0.862973292,101.4401336,1.3
23.261,0.00255451,0.895929839,101.3401336,1.4
23.273,0.003406013,0.928886386,101.3401336,1.4
23.286,0.00255451,0.961842933,101.3401336,1.4
23.299,0.00255451,0.99479948,101.3463221,1.3
23.311,0.00255451,0.99479948,101.2401336,1.5
23.324,0.00255451,1.027756028,101.2463221,1.4
23.337,0.00255451,1.027756028,101.2401336,1.5
23.35,0.00255451,0.99479948,101.2463221,1.4
23.362,0.00255451,0.99479948,101.2401336,1.5
23.375,0.003406013,0.99479948,101.2463221,1.4
23.388,0.003406013,0.961842933,101.2339451,1.6
23.4,0.00255451,0.928886386,101.3463221,1.3
23.413,0.003406013,0.895929839,101.3044328,1.4
23.426,0.003406013,0.862973292,101.3106213,1.3
23.438,0.003406013,0.795839584,101.3044328,1.4
23.451,0.00255451,0.72992649,101.3106213,1.3
23.464,0.00255451,0.662792783,101.4044328,1.3
23.477,0.00255451,0.629836235,101.4044328,1.3
23.489,0.00255451,0.563923141,101.3806322,1.3
23.502,0.00255451,0.498010047,101.3806322,1.3
23.515,0.003406013,0.397919792,101.4868207,1.1
23.527,0.00255451,0.332006698,101.4806322,1.2
23.54,0.00255451,0.26487299,101.4868207,1.1
23.553,0.00255451,0.231916443,101.5806322,1.1
23.565,0.003406013,0.166003349,101.5868207,1
23.578,0.003406013,0.100090254,101.5449313,1.1
23.591,0.003406013,0.065913094,101.5868207,1
23.604,0.003406013,0,101.6806322,1
23.616,0.00255451,-0.032956547,101.6868207,0.9
23.629,0.00255451,-0.065913094,101.6806322,1
23.642,0.00255451,-0.100090254,101.7806322,0.9
23.654,0.003406013,-0.166003349,101.7806322,0.9
23.667,0.00255451,-0.198959896,101.7806322,0.9
23.68,0.003406013,-0.231916443,101.7806322,0.9
23.692,0.003406013,-0.26487299,101.7806322,0.9
23.705,0.003406013,-0.299050151,101.8868207,0.7
23.718,0.00255451,-0.332006698,101.9044328,0.8
23.731,0.003406013,-0.364963245,101.8868207,0.7
23.743,0.003406013,-0.397919792,101.8806322,0.8
23.756,0.003406013,-0.463832887,101.9106213,0.7
23.769,0.003406013,-0.498010047,102.0044328,0.7
23.781,0.003406013,-0.530966594,102.0106213,0.6
23.794,0.003406013,-0.563923141,102.0044328,0.7
23.807,0.00255451,-0.629836235,102.0106213,0.6
23.82,0.00255451,-0.662792783,102.0044328,0.7
23.832,0.00255451,-0.696969943,102.1106213,0.5
23.845,0.00255451,-0.72992649,102.0806322,0.6
23.858,0.003406013,-0.762883037,102.0806322,0.6
23.87,0.003406013,-0.795839584,102.0806322,0.6
23.883,0.003406013,-0.828796131,102.0806322,0.6
23.896,0.003406013,-0.828796131,102.0868207,0.5
23.908,0.003406013,-0.862973292,102.0806322,0.6
23.921,0.003406013,-0.862973292,102.0868207,0.5
23.934,0.003406013,-0.828796131,102.0806322,0.6
23.947,0.00255451,-0.828796131,102.0868207,0.5
23.959,0.00255451,-0.795839584,102.0744437,0.7
23.972,0.00255451,-0.762883037,102.1106213,0.5
23.985,0.00255451,-0.72992649,102.0982442,0.7
23.997,0.003406013,-0.696969943,102.0106213,0.6
24.01,0.003406013,-0.629836235,102.0044328,0.7
24.023,0.003406013,-0.563923141,102.0106213,0.6
24.035,0.003406013,-0.498010047,102.0044328,0.7
24.048,0.003406013,-0.430876339,102.0463221,0.6
24.061,0.003406013,-0.364963245,101.9401336,0.8
24.074,0.003406013,-0.299050151,101.9401336,0.8
24.086,0.003406013,-0.231916443,101.9401336,0.8
24.099,0.003406013,-0.133046802,101.8401336,0.9
24.112,0.00255451,-0.065913094,101.8463221,0.8
24.124,0.00255451,0,101.8401336,0.9
24.137,0.003406013,0.065913094,101.7463221,0.9
24.15,0.003406013,0.133046802,101.7758345,1
24.163,0.003406013,0.198959896,101.782023,0.9
24.175,0.00255451,0.26487299,101.7758345,1
24.188,0.003406013,0.299050151,101.682023,1
24.201,0.003406013,0.364963245,101.6758345,1.1
24.213,0.003406013,0.397919792,101.682023,1
24.226,0.003406013,0.430876339,101.5401336,1.2
24.239,0.00255451,0.463832887,101.5463221,1.1
24.251,0.003406013,0.530966594,101.5758345,1.2
24.264,0.003406013,0.563923141,101.5758345,1.2
24.277,0.003406013,0.596879688,101.5758345,1.2
24.29,0.003406013,0.596879688,101.4401336,1.3
24.302,0.00255451,0.629836235,101.4401336,1.3
24.315,0.00255451,0.662792783,101.4401336,1.3
24.328,0.003406013,0.662792783,101.4463221,1.2
24.34,0.003406013,0.662792783,101.4401336,1.3
24.353,0.003406013,0.662792783,101.4463221,1.2
24.366,0.003406013,0.696969943,101.4401336,1.3
24.378,0.00255451,0.696969943,101.4463221,1.2
24.391,0.00255451,0.696969943,101.4401336,1.3
24.404,0.00255451,0.662792783,101.4463221,1.2
24.417,0.003406013,0.629836235,101.4401336,1.3
24.429,0.003406013,0.629836235,101.4401336,1.3
24.442,0.003406013,0.563923141,101.4401336,1.3
24.455,0.003406013,0.563923141,101.4401336,1.3
24.467,0.003406013,0.530966594,101.5401336,1.2
24.48,0.00255451,0.498010047,101.5401336,1.2
24.493,0.00255451,0.430876339,101.5106213,1.1
24.506,0.003406013,0.397919792,101.5401336,1.2
24.518,0.003406013,0.332006698,101.5463221,1.1
24.531,0.003406013,0.299050151,101.5401336,1.2
24.544,0.003406013,0.26487299,101.6463221,1
24.556,0.003406013,0.198959896,101.5982442,1.2
24.569,0.003406013,0.166003349,101.6106213,1
24.582,0.003406013,0.100090254,101.6044328,1.1
24.594,0.00255451,0.065913094,101.6106213,1
24.607,0.00255451,0.032956547,101.7044328,1
24.62,0.003406013,-0.032956547,101.7106213,0.9
24.633,0.003406013,-0.065913094,101.7044328,1
24.645,0.003406013,-0.100090254,101.7106213,0.9
24.658,0.003406013,-0.133046802,101.7044328,1
24.671,0.003406013,-0.166003349,101.8044328,0.9
24.683,0.003406013,-0.198959896,101.8044328,0.9
24.696,0.003406013,-0.231916443,101.8044328,0.9
24.709,0.003406013,-0.26487299,101.8106213,0.8
24.721,0.00255451,-0.26487299,101.8044328,0.9
24.734,0.003406013,-0.299050151,101.8106213,0.8
24.747,0.003406013,-0.332006698,101.8044328,0.9
24.76,0.003406013,-0.364963245,101.9106213,0.7
24.772,0.003406013,-0.364963245,101.8982442,0.9
24.785,0.003406013,-0.397919792,101.9106213,0.7
24.798,0.003406013,-0.397919792,101.8982442,0.9
24.81,0.003406013,-0.430876339,101.9106213,0.7
24.823,0.003406013,-0.430876339,101.8982442,0.9
24.836,0.003406013,-0.430876339,101.9106213,0.7
24.849,0.003406013,-0.430876339,101.9044328,0.8
24.861,0.003406013,-0.430876339,101.9106213,0.7
24.874,0.003406013,-0.430876339,101.9044328,0.8
24.887,0.00255451,-0.430876339,101.9463221,0.7
24.899,0.00255451,-0.430876339,101.9044328,0.8
24.912,0.00255451,-0.397919792,101.9401336,0.8
24.925,0.00255451,-0.397919792,101.9106213,0.7
24.937,0.00255451,-0.364963245,101.9401336,0.8
24.95,0.003406013,-0.364963245,101.9463221,0.7
24.963,0.003406013,-0.332006698,101.9401336,0.8
24.976,0.003406013,-0.332006698,101.9106213,0.7
24.988,0.003406013,-0.299050151,101.8401336,0.9
25.001,0.003406013,-0.231916443,101.8463221,0.8
25.014,0.003406013,-0.198959896,101.8401336,0.9
25.026,0.003406013,-0.166003349,101.8463221,0.8
25.039,0.003406013,-0.133046802,101.8401336,0.9
25.052,0.00255451,-0.100090254,101.8401336,0.9
25.064,0.00255451,-0.065913094,101.8401336,0.9
25.077,0.003406013,0,101.7401336,1
25.09,0.003406013,0.032956547,101.7463221,0.9
25.103,0.003406013,0.065913094,101.7401336,1
25.115,0.003406013,0.100090254,101.7463221,0.9
25.128,0.003406013,0.133046802,101.7758345,1
25.141,0.003406013,0.166003349,101.782023,0.9
25.153,0.00255451,0.198959896,101.7758345,1
25.166,0.00255451,0.231916443,101.682023,1
25.179,0.00255451,0.26487299,101.6401336,1.1
25.192,0.003406013,0.299050151,101.682023,1
25.204,0.003406013,0.332006698,101.6758345,1.1
25.217,0.003406013,0.332006698,101.682023,1
25.23,0.00255451,0.364963245,101.6758345,1.1
25.242,0.00255451,0.397919792,101.6758345,1.1
25.255,0.003406013,0.397919792,101.6758345,1.1
25.268,0.003406013,0.430876339,101.5758345,1.2
25.28,0.003406013,0.430876339,101.582023,1.1
25.293,0.003406013,0.430876339,101.5758345,1.2
25.306,0.003406013,0.430876339,101.582023,1.1
25.319,0.003406013,0.430876339,101.5758345,1.2
25.331,0.003406013,0.430876339,101.582023,1.1
25.344,0.003406013,0.430876339,101.569646,1.3
25.357,0.003406013,0.430876339,101.582023,1.1
25.369,0.003406013,0.430876339,101.569646,1.3
25.382,0.003406013,0.430876339,101.582023,1.1
25.395,0.003406013,0.430876339,101.569646,1.3
25.407,0.003406013,0.430876339,101.582023,1.1
25.42,0.00255451,0.397919792,101.5339451,1.3
25.433,0.003406013,0.397919792,101.582023,1.1
25.446,0.003406013,0.397919792,101.5758345,1.2
25.458,0.00255451,0.364963245,101.582023,1.1
25.471,0.00255451,0.364963245,101.682023,1
25.484,0.00255451,0.332006698,101.6758345,1.1
25.496,0.003406013,0.332006698,101.682023,1
25.509,0.003406013,0.332006698,101.6401336,1.1
25.522,0.003406013,0.299050151,101.6463221,1
25.535,0.00255451,0.26487299,101.6401336,1.1
25.547,0.00255451,0.26487299,101.6463221,1
25.56,0.00255451,0.231916443,101.6401336,1.1
25.573,0.00255451,0.198959896,101.6525106,0.9
25.585,0.00255451,0.166003349,101.6401336,1.1
25.598,0.003406013,0.166003349,101.6463221,1
25.611,0.003406013,0.133046802,101.6339451,1.2
25.623,0.003406013,0.100090254,101.7463221,0.9
25.636,0.003406013,0.065913094,101.7401336,1
25.649,0.003406013,0.065913094,101.7463221,0.9
25.662,0.003406013,0.032956547,101.7401336,1
25.674,0.003406013,0.032956547,101.7401336,1
25.687,0.003406013,0,101.7401336,1
25.7,0.003406013,-0.032956547,101.7401336,1
25.712,0.003406013,-0.065913094,101.7463221,0.9
25.725,0.003406013,-0.100090254,101.7401336,1
25.738,0.003406013,-0.100090254,101.7463221,0.9
25.75,0.003406013,-0.133046802,101.7401336,1
25.763,0.003406013,-0.133046802,101.8463221,0.8
25.776,0.003406013,-0.166003349,101.8401336,0.9
25.789,0.003406013,-0.198959896,101.8463221,0.8
25.801,0.003406013,-0.231916443,101.8401336,0.9
25.814,0.003406013,-0.231916443,101.8463221,0.8
25.827,0.003406013,-0.26487299,101.8401336,0.9
25.839,0.003406013,-0.26487299,101.8463221,0.8
25.852,0.003406013,-0.299050151,101.8401336,0.9
25.865,0.003406013,-0.299050151,101.8463221,0.8
25.878,0.00255451,-0.299050151,101.8401336,0.9
25.89,0.003406013,-0.332006698,101.8401336,0.9
25.903,0.00255451,-0.332006698,101.8401336,0.9
25.916,0.003406013,-0.332006698,101.8401336,0.9
25.928,0.003406013,-0.364963245,101.8463221,0.8
25.941,0.003406013,-0.364963245,101.8401336,0.9
25.954,0.003406013,-0.332006698,101.8463221,0.8
25.966,0.003406013,-0.332006698,101.8044328,0.9
25.979,0.003406013,-0.332006698,101.8463221,0.8
25.992,0.003406013,-0.332006698,101.8401336,0.9
26.005,0.003406013,-0.332006698,101.8463221,0.8
26.017,0.003406013,-0.332006698,101.8401336,0.9
26.03,0.003406013,-0.299050151,101.8463221,0.8
26.043,0.00255451,-0.26487299,101.8401336,0.9
26.055,0.003406013,-0.26487299,101.8463221,0.8
26.068,0.003406013,-0.26487299,101.8401336,0.9
26.081,0.003406013,-0.231916443,101.8401336,0.9
26.093,0.003406013,-0.198959896,101.8401336,0.9
26.106,0.00255451,-0.198959896,101.8401336,0.9
26.119,0.00255451,-0.166003349,101.8463221,0.8
26.132,0.00255451,-0.166003349,101.8401336,0.9
26.144,0.00255451,-0.133046802,101.8463221,0.8
26.157,0.00255451,-0.100090254,101.8401336,0.9
26.17,0.00255451,-0.065913094,101.7463221,0.9
26.182,0.003406013,-0.032956547,101.7758345,1
26.195,0.003406013,0,101.7463221,0.9
26.208,0.003406013,0.032956547,101.769646,1.1
26.221,0.003406013,0.065913094,101.782023,0.9
26.233,0.00255451,0.100090254,101.7758345,1
26.246,0.003406013,0.100090254,101.782023,0.9
26.259,0.00255451,0.133046802,101.7758345,1
26.271,0.003406013,0.166003349,101.7463221,0.9
26.284,0.003406013,0.166003349,101.6758345,1.1
26.297,0.003406013,0.198959896,101.6758345,1.1
26.309,0.003406013,0.231916443,101.6758345,1.1
26.322,0.003406013,0.231916443,101.6758345,1.1
26.335,0.003406013,0.26487299,101.682023,1
26.348,0.003406013,0.26487299,101.6758345,1.1
26.36,0.00255451,0.299050151,101.682023,1
26.373,0.003406013,0.299050151,101.6758345,1.1
26.386,0.003406013,0.299050151,101.682023,1
26.398,0.003406013,0.299050151,101.669646,1.2
26.411,0.003406013,0.299050151,101.682023,1
26.424,0.003406013,0.26487299,101.6758345,1.1
26.436,0.003406013,0.26487299,101.682023,1
26.449,0.003406013,0.26487299,101.6758345,1.1
26.462,0.003406013,0.231916443,101.682023,1
26.475,0.003406013,0.198959896,101.6758345,1.1
26.487,0.003406013,0.198959896,101.682023,1
26.5,0.003406013,0.166003349,101.6758345,1.1
26.513,0.003406013,0.133046802,101.7463221,0.9
26.525,0.003406013,0.100090254,101.7401336,1
26.538,0.003406013,0.065913094,101.7463221,0.9
26.551,0.003406013,0.032956547,101.7401336,1
26.564,0.003406013,0,101.7463221,0.9
26.576,0.003406013,-0.065913094,101.7401336,1
26.589,0.003406013,-0.100090254,101.7401336,1
26.602,0.003406013,-0.133046802,101.8401336,0.9
26.614,0.003406013,-0.166003349,101.8401336,0.9
26.627,0.003406013,-0.198959896,101.8463221,0.8
26.64,0.003406013,-0.231916443,101.8401336,0.9
26.652,0.003406013,-0.26487299,101.8401336,0.9
26.665,0.003406013,-0.299050151,101.8401336,0.9
26.678,0.00255451,-0.364963245,101.8401336,0.9
26.691,0.00255451,-0.397919792,101.9401336,0.8
26.703,0.003406013,-0.430876339,101.9401336,0.8
26.716,0.00255451,-0.463832887,101.9401336,0.8
26.729,0.00255451,-0.498010047,101.9463221,0.7
26.741,0.003406013,-0.530966594,101.9401336,0.8
26.754,0.003406013,-0.563923141,101.9106213,0.7
26.767,0.003406013,-0.596879688,102.0044328,0.7
26.779,0.003406013,-0.629836235,102.0106213,0.6
26.792,0.00255451,-0.662792783,102.0044328,0.7
26.805,0.00255451,-0.696969943,102.0106213,0.6
26.818,0.00255451,-0.72992649,102.0401336,0.7
26.83,0.00255451,-0.762883037,102.0106213,0.6
26.843,0.003406013,-0.762883037,102.0044328,0.7
26.856,0.003406013,-0.795839584,102.0106213,0.6
26.868,0.003406013,-0.828796131,102.0044328,0.7
26.881,0.003406013,-0.828796131,102.0044328,0.7
26.894,0.003406013,-0.862973292,102.0044328,0.7
26.907,0.00255451,-0.862973292,102.0044328,0.7
26.919,0.00255451,-0.862973292,102.0044328,0.7
26.932,0.003406013,-0.862973292,102.0044328,0.7
26.945,0.00255451,-0.862973292,102.0044328,0.7
26.957,0.00255451,-0.862973292,102.0044328,0.7
26.97,0.003406013,-0.862973292,102.0044328,0.7
26.983,0.003406013,-0.862973292,102.0044328,0.7
26.995,0.003406013,-0.828796131,102.0044328,0.7
27.008,0.003406013,-0.795839584,102.0044328,0.7
27.021,0.003406013,-0.762883037,102.0044328,0.7
27.034,0.003406013,-0.72992649,102.0044328,0.7
27.046,0.003406013,-0.696969943,102.0401336,0.7
27.059,0.003406013,-0.662792783,102.0401336,0.7
27.072,0.003406013,-0.596879688,101.9401336,0.8
27.084,0.003406013,-0.530966594,101.9401336,0.8
27.097,0.003406013,-0.463832887,101.9401336,0.8
27.11,0.003406013,-0.397919792,101.9401336,0.8
27.122,0.003406013,-0.332006698,101.9758345,0.8
27.135,0.003406013,-0.26487299,101.882023,0.8
27.148,0.003406013,-0.198959896,101.8758345,0.9
27.161,0.003406013,-0.133046802,101.8758345,0.9
27.173,0.00255451,-0.065913094,101.8758345,0.9
27.186,0.00255451,0,101.7758345,1
27.199,0.00255451,0.065913094,101.7758345,1
27.211,0.003406013,0.100090254,101.782023,0.9
27.224,0.003406013,0.166003349,101.682023,1
27.237,0.003406013,0.231916443,101.682023,1
27.25,0.003406013,0.26487299,101.6758345,1.1
27.262,0.003406013,0.299050151,101.6758345,1.1
27.275,0.003406013,0.364963245,101.5996351,1.2
27.288,0.003406013,0.397919792,101.5758345,1.2
27.3,0.00255451,0.463832887,101.5758345,1.2
27.313,0.003406013,0.498010047,101.4996351,1.3
27.326,0.003406013,0.530966594,101.4758345,1.3
27.338,0.003406013,0.596879688,101.4996351,1.3
27.351,0.00255451,0.629836235,101.4996351,1.3
27.364,0.00255451,0.662792783,101.3996351,1.4
27.377,0.00255451,0.696969943,101.3996351,1.4
27.389,0.003406013,0.72992649,101.3758345,1.4
27.402,0.003406013,0.762883037,101.3758345,1.4
27.415,0.003406013,0.828796131,101.2758345,1.5
27.427,0.003406013,0.862973292,101.282023,1.4
27.44,0.003406013,0.895929839,101.2758345,1.5
27.453,0.003406013,0.928886386,101.282023,1.4
27.465,0.003406013,0.961842933,101.1758345,1.6
27.478,0.003406013,0.99479948,101.182023,1.5
27.491,0.003406013,1.027756028,101.1758345,1.6
27.504,0.003406013,1.061933188,101.182023,1.5
27.516,0.003406013,1.061933188,101.182023,1.5
27.529,0.003406013,1.094889735,101.182023,1.5
27.542,0.00255451,1.127846282,101.1758345,1.6
27.554,0.00255451,1.127846282,101.182023,1.5
27.567,0.00255451,1.127846282,101.0758345,1.7
27.58,0.00255451,1.127846282,101.0758345,1.7
27.593,0.00255451,1.127846282,101.0758345,1.7
27.605,0.003406013,1.127846282,101.0758345,1.7
27.618,0.003406013,1.094889735,101.0758345,1.7
27.631,0.003406013,1.094889735,101.0758345,1.7
27.643,0.003406013,1.061933188,101.1758345,1.6
27.656,0.003406013,1.061933188,101.1401336,1.6
27.669,0.003406013,0.99479948,101.1758345,1.6
27.681,0.003406013,0.961842933,101.1758345,1.6
27.694,0.003406013,0.895929839,101.1758345,1.6
27.707,0.003406013,0.862973292,101.1401336,1.6
27.72,0.00255451,0.828796131,101.2463221,1.4
27.732,0.003406013,0.762883037,101.2401336,1.5
27.745,0.003406013,0.72992649,101.2401336,1.5
27.758,0.003406013,0.662792783,101.2401336,1.5
27.77,0.003406013,0.596879688,101.2401336,1.5
27.783,0.003406013,0.530966594,101.3044328,1.4
27.796,0.003406013,0.463832887,101.3106213,1.3
27.808,0.003406013,0.397919792,101.3044328,1.4
27.821,0.003406013,0.332006698,101.4106213,1.2
27.834,0.003406013,0.26487299,101.4044328,1.3
27.847,0.003406013,0.198959896,101.3806322,1.3
27.859,0.003406013,0.166003349,101.5044328,1.2
27.872,0.003406013,0.100090254,101.5044328,1.2
27.885,0.003406013,0.065913094,101.5044328,1.2
27.897,0.003406013,0,101.6044328,1.1
27.91,0.003406013,-0.032956547,101.6044328,1.1
27.923,0.003406013,-0.100090254,101.6044328,1.1
27.936,0.003406013,-0.133046802,101.6044328,1.1
27.948,0.003406013,-0.166003349,101.7044328,1
27.961,0.003406013,-0.198959896,101.7044328,1
27.974,0.003406013,-0.26487299,101.7044328,1
27.986,0.003406013,-0.26487299,101.7044328,1
27.999,0.003406013,-0.332006698,101.7044328,1
28.012,0.003406013,-0.364963245,101.8044328,0.9
28.024,0.003406013,-0.397919792,101.8044328,0.9
28.037,0.003406013,-0.430876339,101.8044328,0.9
28.05,0.00255451,-0.498010047,101.8044328,0.9
28.063,0.003406013,-0.563923141,101.9044328,0.8
28.075,0.003406013,-0.596879688,101.9106213,0.7
28.088,0.003406013,-0.629836235,101.9044328,0.8
28.101,0.003406013,-0.662792783,101.9106213,0.7
28.113,0.003406013,-0.72992649,101.9044328,0.8
28.126,0.003406013,-0.795839584,102.0106213,0.6
28.139,0.003406013,-0.862973292,102.0044328,0.7
28.151,0.003406013,-0.895929839,102.0044328,0.7
28.164,0.003406013,-0.928886386,102.0044328,0.7
28.177,0.003406013,-0.99479948,102.0044328,0.7
28.19,0.003406013,-1.027756028,101.9806322,0.7
28.202,0.003406013,-1.061933188,101.9868207,0.6
28.215,0.003406013,-1.061933188,101.9806322,0.7
28.228,0.003406013,-1.061933188,101.9806322,0.7
28.24,0.003406013,-1.094889735,101.9806322,0.7
28.253,0.003406013,-1.061933188,101.9806322,0.7
28.266,0.003406013,-1.061933188,101.9806322,0.7
28.279,0.003406013,-1.027756028,101.9806322,0.7
28.291,0.003831764,-0.961842933,101.9806322,0.7
28.304,0.003831764,-0.928886386,102.0044328,0.7
28.317,0.003831764,-0.862973292,101.9106213,0.7
28.329,0.003406013,-0.795839584,101.9044328,0.8
28.342,0.003406013,-0.72992649,101.9044328,0.8
28.355,0.003406013,-0.662792783,101.9044328,0.8
28.367,0.00255451,-0.596879688,101.8463221,0.8
28.38,0.003406013,-0.498010047,101.8401336,0.9
28.393,0.003406013,-0.397919792,101.8463221,0.8
28.406,0.003406013,-0.332006698,101.7401336,1
28.418,0.003406013,-0.231916443,101.7463221,0.9
28.431,0.003406013,-0.133046802,101.7401336,1
28.444,0.003406013,-0.032956547,101.682023,1
28.456,0.003406013,0.032956547,101.6758345,1.1
28.469,0.003406013,0.100090254,101.6758345,1.1
28.482,0.003406013,0.166003349,101.5758345,1.2
28.494,0.00255451,0.231916443,101.582023,1.1
28.507,0.003406013,0.299050151,101.5758345,1.2
28.52,0.003406013,0.364963245,101.482023,1.2
28.533,0.003406013,0.397919792,101.4758345,1.3
28.545,0.003406013,0.463832887,101.4758345,1.3
28.558,0.003406013,0.530966594,101.3758345,1.4
28.571,0.003406013,0.596879688,101.3758345,1.4
28.583,0.003406013,0.629836235,101.382023,1.3
28.596,0.003406013,0.696969943,101.2758345,1.5
28.609,0.003406013,0.72992649,101.282023,1.4
28.622,0.00255451,0.762883037,101.2401336,1.5
28.634,0.003406013,0.795839584,101.2463221,1.4
28.647,0.003406013,0.828796131,101.1401336,1.6
28.66,0.003406013,0.862973292,101.1463221,1.5
28.672,0.003406013,0.895929839,101.1401336,1.6
28.685,0.00255451,0.928886386,101.082023,1.6
28.698,0.00255451,0.99479948,101.0401336,1.7
28.71,0.003406013,1.027756028,101.0463221,1.6
28.723,0.003406013,1.027756028,101.0401336,1.7
28.736,0.003406013,1.061933188,101.0463221,1.6
28.749,0.003406013,1.061933188,101.0401336,1.7
28.761,0.003406013,1.094889735,101.0401336,1.7
28.774,0.003406013,1.094889735,100.9401336,1.8
28.787,0.003406013,1.127846282,100.9463221,1.7
28.799,0.003406013,1.127846282,100.9401336,1.8
28.812,0.003406013,1.127846282,100.9463221,1.7
28.825,0.003406013,1.127846282,100.9401336,1.8
28.837,0.003406013,1.127846282,100.9401336,1.8
28.85,0.003406013,1.094889735,100.9401336,1.8
28.863,0.003406013,1.094889735,101.0401336,1.7
28.876,0.003406013,1.061933188,101.0463221,1.6
28.888,0.003406013,1.027756028,101.0401336,1.7
28.901,0.003406013,1.027756028,101.0463221,1.6
28.914,0.003406013,0.99479948,101.0401336,1.7
28.926,0.003406013,0.99479948,101.0401336,1.7
28.939,0.003406013,0.961842933,101.0401336,1.7
28.952,0.003406013,0.928886386,101.0401336,1.7
28.965,0.003406013,0.895929839,101.0401336,1.7
28.977,0.003406013,0.862973292,101.0463221,1.6
28.99,0.003406013,0.828796131,101.0401336,1.7
29.003,0.003406013,0.795839584,101.1401336,1.6
29.015,0.003406013,0.762883037,101.1401336,1.6
29.028,0.003406013,0.72992649,101.1044328,1.6
29.041,0.003406013,0.662792783,101.1044328,1.6
29.053,0.003406013,0.629836235,101.1044328,1.6
29.066,0.003406013,0.596879688,101.1106213,1.5
29.079,0.003406013,0.563923141,101.2044328,1.5
29.092,0.003406013,0.498010047,101.2106213,1.4
29.104,0.003406013,0.463832887,101.2044328,1.5
29.117,0.003406013,0.397919792,101.2106213,1.4
29.13,0.003406013,0.364963245,101.2044328,1.5
29.142,0.003406013,0.299050151,101.2806322,1.4
29.155,0.003406013,0.26487299,101.2806322,1.4
29.168,0.003406013,0.231916443,101.2868207,1.3
29.18,0.003831764,0.198959896,101.2806322,1.4
29.193,0.003406013,0.166003349,101.4106213,1.2
29.206,0.003406013,0.133046802,101.4044328,1.3
29.219,0.003406013,0.100090254,101.3806322,1.3
29.231,0.003406013,0.032956547,101.4044328,1.3
29.244,0.003406013,0,101.4044328,1.3
29.257,0.003406013,-0.032956547,101.5044328,1.2
29.269,0.003406013,-0.065913094,101.5044328,1.2
29.282,0.003406013,-0.100090254,101.4868207,1.1
29.295,0.003406013,-0.133046802,101.4806322,1.2
29.308,0.003406013,-0.166003349,101.5868207,1
29.32,0.003406013,-0.198959896,101.6044328,1.1
29.333,0.003406013,-0.231916443,101.6106213,1
29.346,0.003406013,-0.26487299,101.6044328,1.1
29.358,0.003406013,-0.299050151,101.6106213,1
29.371,0.003406013,-0.332006698,101.6044328,1.1
29.384,0.003406013,-0.364963245,101.7106213,0.9
29.396,0.003406013,-0.397919792,101.7044328,1
29.409,0.003406013,-0.430876339,101.7106213,0.9
29.422,0.003406013,-0.498010047,101.7044328,1
29.435,0.003831764,-0.530966594,101.8106213,0.8
29.447,0.003406013,-0.563923141,101.8044328,0.9
29.46,0.003406013,-0.596879688,101.8044328,0.9
29.473,0.003406013,-0.629836235,101.8044328,0.9
29.485,0.003406013,-0.696969943,101.8401336,0.9
29.498,0.003406013,-0.72992649,101.8044328,0.9
29.511,0.003406013,-0.762883037,101.9044328,0.8
29.523,0.003406013,-0.795839584,101.9044328,0.8
29.536,0.003406013,-0.828796131,101.9044328,0.8
29.549,0.003406013,-0.862973292,101.9463221,0.7
29.562,0.003406013,-0.895929839,101.9044328,0.8
29.574,0.003406013,-0.928886386,101.9106213,0.7
29.587,0.003406013,-0.928886386,101.9044328,0.8
29.6,0.003831764,-0.961842933,101.9106213,0.7
29.612,0.003831764,-0.961842933,101.9044328,0.8
29.625,0.003831764,-0.99479948,101.9106213,0.7
29.638,0.003831764,-0.99479948,101.8982442,0.9
29.651,0.003406013,-0.99479948,101.8868207,0.7
29.663,0.003406013,-0.99479948,101.9044328,0.8
29.676,0.003406013,-0.99479948,101.8868207,0.7
29.689,0.003406013,-0.99479948,101.9044328,0.8
29.701,0.003406013,-0.961842933,101.9106213,0.7
29.714,0.003406013,-0.928886386,101.9044328,0.8
29.727,0.003406013,-0.895929839,101.9044328,0.8
29.739,0.003831764,-0.862973292,101.9044328,0.8
29.752,0.003406013,-0.828796131,101.9044328,0.8
29.765,0.003406013,-0.795839584,101.9106213,0.7
29.778,0.003406013,-0.762883037,101.8044328,0.9
29.79,0.003406013,-0.696969943,101.8106213,0.8
29.803,0.003406013,-0.662792783,101.8401336,0.9
29.816,0.003406013,-0.629836235,101.8463221,0.8
29.828,0.003831764,-0.563923141,101.8401336,0.9
29.841,0.003406013,-0.530966594,101.8401336,0.9
29.854,0.003406013,-0.463832887,101.7401336,1
29.866,0.003406013,-0.430876339,101.7463221,0.9
29.879,0.003406013,-0.364963245,101.7401336,1
29.892,0.003406013,-0.299050151,101.7463221,0.9
29.905,0.003406013,-0.231916443,101.7401336,1
29.917,0.003406013,-0.166003349,101.6758345,1.1
29.93,0.003406013,-0.100090254,101.6758345,1.1
29.943,0.003406013,-0.065913094,101.6758345,1.1
29.955,0.003406013,0,101.6758345,1.1
29.968,0.003406013,0.065913094,101.5758345,1.2
29.981,0.003406013,0.100090254,101.582023,1.1
29.994,0.003406013,0.166003349,101.5758345,1.2
30.006,0.003406013,0.198959896,101.482023,1.2
30.019,0.003406013,0.26487299,101.4758345,1.3
30.032,0.003406013,0.299050151,101.4758345,1.3
30.044,0.003406013,0.364963245,101.4758345,1.3
30.057,0.003406013,0.397919792,101.382023,1.3
30.07,0.003406013,0.430876339,101.3758345,1.4
30.082,0.003406013,0.463832887,101.382023,1.3
30.095,0.003406013,0.498010047,101.3758345,1.4
30.108,0.003406013,0.530966594,101.382023,1.3
30.121,0.003406013,0.563923141,101.2758345,1.5
30.133,0.003406013,0.596879688,101.2758345,1.5
30.146,0.003406013,0.596879688,101.2758345,1.5
30.159,0.003406013,0.629836235,101.2758345,1.5
30.171,0.003406013,0.662792783,101.2758345,1.5
30.184,0.003406013,0.662792783,101.2758345,1.5
30.197,0.003406013,0.696969943,101.182023,1.5
30.209,0.003406013,0.696969943,101.1758345,1.6
30.222,0.003406013,0.72992649,101.182023,1.5
30.235,0.003406013,0.72992649,101.1758345,1.6
30.248,0.003406013,0.72992649,101.182023,1.5
30.26,0.003406013,0.72992649,101.1758345,1.6
30.273,0.003406013,0.72992649,101.182023,1.5
30.286,0.003406013,0.72992649,101.169646,1.7
30.298,0.003406013,0.72992649,101.182023,1.5
30.311,0.003406013,0.696969943,101.169646,1.7
30.324,0.003406013,0.696969943,101.182023,1.5
30.337,0.003406013,0.662792783,101.1758345,1.6
30.349,0.003406013,0.662792783,101.182023,1.5
30.362,0.003406013,0.629836235,101.2401336,1.5
30.375,0.003406013,0.596879688,101.2463221,1.4
30.387,0.003406013,0.563923141,101.2401336,1.5
30.4,0.003406013,0.530966594,101.2401336,1.5
30.413,0.003406013,0.530966594,101.2401336,1.5
30.425,0.003406013,0.463832887,101.2401336,1.5
30.438,0.003406013,0.430876339,101.2463221,1.4
30.451,0.003406013,0.397919792,101.3401336,1.4
30.464,0.003406013,0.364963245,101.3463221,1.3
30.476,0.003406013,0.332006698,101.3401336,1.4
30.489,0.003406013,0.26487299,101.3463221,1.3
30.502,0.003406013,0.231916443,101.3339451,1.5
30.514,0.003406013,0.198959896,101.3463221,1.3
30.527,0.003406013,0.166003349,101.4339451,1.4
30.54,0.003406013,0.100090254,101.4463221,1.2
30.552,0.003406013,0.065913094,101.4401336,1.3
30.565,0.003406013,0.032956547,101.4463221,1.2
30.578,0.003406013,-0.032956547,101.4044328,1.3
30.591,0.003406013,-0.065913094,101.5106213,1.1
30.603,0.003406013,-0.100090254,101.5044328,1.2
30.616,0.003406013,-0.133046802,101.5044328,1.2
30.629,0.003406013,-0.133046802,101.5401336,1.2
30.641,0.003406013,-0.166003349,101.5401336,1.2
30.654,0.003406013,-0.198959896,101.5106213,1.1
30.667,0.003406013,-0.26487299,101.6044328,1.1
30.68,0.003406013,-0.299050151,101.6106213,1
30.692,0.003406013,-0.332006698,101.6401336,1.1
30.705,0.003406013,-0.364963245,101.6044328,1.1
30.718,0.003406013,-0.397919792,101.6401336,1.1
30.73,0.003406013,-0.430876339,101.7463221,0.9
30.743,0.003406013,-0.430876339,101.7401336,1
30.756,0.003406013,-0.463832887,101.7463221,0.9
30.768,0.003406013,-0.498010047,101.7401336,1
30.781,0.003406013,-0.530966594,101.7401336,1
30.794,0.003406013,-0.563923141,101.7401336,1
30.807,0.003406013,-0.563923141,101.7044328,1
30.819,0.003406013,-0.596879688,101.7463221,0.9
30.832,0.003406013,-0.596879688,101.7401336,1
30.845,0.003406013,-0.629836235,101.8106213,0.8
30.857,0.003406013,-0.629836235,101.8044328,0.9
30.87,0.003406013,-0.629836235,101.8106213,0.8
30.883,0.003406013,-0.629836235,101.8401336,0.9
30.895,0.003406013,-0.629836235,101.8106213,0.8
30.908,0.003406013,-0.629836235,101.8044328,0.9
30.921,0.003406013,-0.596879688,101.8106213,0.8
30.934,0.003406013,-0.596879688,101.8401336,0.9
30.946,0.003406013,-0.563923141,101.7463221,0.9
30.959,0.003406013,-0.563923141,101.7401336,1
30.972,0.003406013,-0.530966594,101.7463221,0.9
30.984,0.003406013,-0.498010047,101.7401336,1
30.997,0.003406013,-0.463832887,101.7401336,1
31.01,0.003406013,-0.430876339,101.7401336,1
31.023,0.003406013,-0.397919792,101.7401336,1
31.035,0.003406013,-0.364963245,101.7463221,0.9
31.048,0.003406013,-0.332006698,101.7401336,1
31.061,0.003406013,-0.299050151,101.6463221,1
31.073,0.003406013,-0.231916443,101.6401336,1.1
31.086,0.003406013,-0.198959896,101.682023,1
31.099,0.003406013,-0.166003349,101.669646,1.2
31.111,0.003406013,-0.133046802,101.682023,1
31.124,0.003406013,-0.100090254,101.6758345,1.1
31.137,0.003406013,-0.032956547,101.582023,1.1
31.15,0.003406013,0,101.5758345,1.2
31.162,0.003406013,0.065913094,101.582023,1.1
31.175,0.003831764,0.100090254,101.5758345,1.2
31.188,0.003406013,0.133046802,101.582023,1.1
31.2,0.003406013,0.198959896,101.4758345,1.3
31.213,0.003406013,0.231916443,101.4996351,1.3
31.226,0.003406013,0.299050151,101.4758345,1.3
31.238,0.003406013,0.332006698,101.4758345,1.3
31.251,0.003406013,0.364963245,101.482023,1.2
31.264,0.003406013,0.397919792,101.3758345,1.4
31.277,0.003406013,0.397919792,101.4058236,1.3
31.289,0.003406013,0.430876339,101.3996351,1.4
31.302,0.003406013,0.463832887,101.4058236,1.3
31.315,0.003406013,0.498010047,101.3758345,1.4
31.327,0.003406013,0.530966594,101.282023,1.4
31.34,0.003406013,0.563923141,101.2758345,1.5
31.353,0.003406013,0.563923141,101.3058236,1.4
31.366,0.003406013,0.596879688,101.2758345,1.5
31.378,0.003406013,0.596879688,101.282023,1.4
31.391,0.003406013,0.596879688,101.2758345,1.5
31.404,0.003406013,0.629836235,101.2758345,1.5
31.416,0.003831764,0.629836235,101.2996351,1.5
31.429,0.003831764,0.629836235,101.2758345,1.5
31.442,0.003406013,0.596879688,101.282023,1.4
31.454,0.003406013,0.596879688,101.2758345,1.5
31.467,0.003406013,0.596879688,101.282023,1.4
31.48,0.003406013,0.596879688,101.2758345,1.5
31.493,0.003406013,0.596879688,101.282023,1.4
31.505,0.003406013,0.563923141,101.2758345,1.5
31.518,0.003406013,0.563923141,101.282023,1.4
31.531,0.003406013,0.530966594,101.2758345,1.5
31.543,0.003406013,0.498010047,101.282023,1.4
31.556,0.003406013,0.463832887,101.2758345,1.5
31.569,0.003831764,0.463832887,101.2758345,1.5
31.581,0.003406013,0.430876339,101.3758345,1.4
31.594,0.003406013,0.397919792,101.3758345,1.4
31.607,0.003406013,0.364963245,101.3758345,1.4
31.62,0.003406013,0.332006698,101.3758345,1.4
31.632,0.003406013,0.299050151,101.382023,1.3
31.645,0.003406013,0.26487299,101.3401336,1.4
31.658,0.003406013,0.231916443,101.3463221,1.3
31.67,0.003406013,0.198959896,101.3401336,1.4
31.683,0.003406013,0.166003349,101.4463221,1.2
31.696,0.003406013,0.133046802,101.469646,1.4
31.708,0.003406013,0.100090254,101.482023,1.2
31.721,0.003406013,0.065913094,101.4401336,1.3
31.734,0.003406013,0.032956547,101.4463221,1.2
31.747,0.003406013,-0.032956547,101.4401336,1.3
31.759,0.003406013,-0.065913094,101.5463221,1.1
31.772,0.003406013,-0.100090254,101.5401336,1.2
31.785,0.003406013,-0.133046802,101.5401336,1.2
31.797,0.003406013,-0.166003349,101.5401336,1.2
31.81,0.003831764,-0.198959896,101.5401336,1.2
31.823,0.003831764,-0.231916443,101.6463221,1
31.836,0.003406013,-0.26487299,101.6401336,1.1
31.848,0.003406013,-0.26487299,101.6463221,1
31.861,0.003406013,-0.299050151,101.6401336,1.1
31.874,0.003406013,-0.332006698,101.6463221,1
31.886,0.003831764,-0.364963245,101.6339451,1.2
31.899,0.003831764,-0.364963245,101.6463221,1
31.912,0.003406013,-0.397919792,101.6339451,1.2
31.924,0.003406013,-0.397919792,101.6463221,1
31.937,0.003406013,-0.430876339,101.7339451,1.1
31.95,0.003406013,-0.430876339,101.7463221,0.9
31.963,0.003406013,-0.430876339,101.7339451,1.1
31.975,0.003406013,-0.430876339,101.7463221,0.9
31.988,0.003406013,-0.430876339,101.7401336,1
32.001,0.003406013,-0.430876339,101.7401336,1
32.013,0.003406013,-0.430876339,101.7401336,1
32.026,0.003406013,-0.430876339,101.7401336,1
32.039,0.003406013,-0.397919792,101.6401336,1.1
32.051,0.003406013,-0.397919792,101.7401336,1
32.064,0.003831764,-0.364963245,101.6463221,1
32.077,0.003831764,-0.332006698,101.6401336,1.1
32.09,0.003406013,-0.332006698,101.6463221,1
32.102,0.003406013,-0.26487299,101.6401336,1.1
32.115,0.003406013,-0.26487299,101.6463221,1
32.128,0.003406013,-0.198959896,101.6758345,1.1
32.14,0.003406013,-0.166003349,101.682023,1
32.153,0.003406013,-0.133046802,101.6758345,1.1
32.166,0.003406013,-0.100090254,101.582023,1.1
32.179,0.003406013,-0.065913094,101.5758345,1.2
32.191,0.003406013,0,101.5758345,1.2
32.204,0.003406013,0.032956547,101.5758345,1.2
32.217,0.003406013,0.065913094,101.5758345,1.2
32.229,0.003406013,0.100090254,101.582023,1.1
32.242,0.003406013,0.133046802,101.4758345,1.3
32.255,0.003406013,0.166003349,101.482023,1.2
32.267,0.003406013,0.198959896,101.4758345,1.3
32.28,0.003406013,0.231916443,101.482023,1.2
32.293,0.003406013,0.26487299,101.4758345,1.3
32.306,0.003406013,0.332006698,101.382023,1.3
32.318,0.003406013,0.364963245,101.3758345,1.4
32.331,0.003406013,0.364963245,101.382023,1.3
32.344,0.003406013,0.397919792,101.3758345,1.4
32.356,0.003406013,0.463832887,101.382023,1.3
32.369,0.003406013,0.498010047,101.3758345,1.4
32.382,0.003406013,0.498010047,101.2758345,1.5
32.395,0.003406013,0.530966594,101.2758345,1.5
32.407,0.003406013,0.563923141,101.2758345,1.5
32.42,0.003406013,0.596879688,101.282023,1.4
32.433,0.003406013,0.596879688,101.2758345,1.5
32.445,0.003406013,0.629836235,101.3058236,1.4
32.458,0.003406013,0.629836235,101.2996351,1.5
32.471,0.003406013,0.662792783,101.282023,1.4
32.483,0.003406013,0.662792783,101.169646,1.7
32.496,0.003406013,0.662792783,101.182023,1.5
32.509,0.003406013,0.662792783,101.1758345,1.6
32.522,0.003406013,0.662792783,101.1882115,1.4
32.534,0.003406013,0.662792783,101.1758345,1.6
32.547,0.003406013,0.662792783,101.182023,1.5
32.56,0.003406013,0.629836235,101.1758345,1.6
32.572,0.003406013,0.629836235,101.282023,1.4
32.585,0.003406013,0.596879688,101.2758345,1.5
32.598,0.003406013,0.563923141,101.282023,1.4
32.61,0.003406013,0.530966594,101.282023,1.4
32.623,0.003406013,0.498010047,101.2758345,1.5
32.636,0.003406013,0.463832887,101.282023,1.4
32.649,0.003406013,0.397919792,101.2758345,1.5
32.661,0.003406013,0.364963245,101.382023,1.3
32.674,0.003406013,0.332006698,101.3758345,1.4
32.687,0.003406013,0.26487299,101.3463221,1.3
32.699,0.003406013,0.231916443,101.3401336,1.4
32.712,0.003406013,0.166003349,101.3463221,1.3
32.725,0.003406013,0.133046802,101.4401336,1.3
32.738,0.003406013,0.065913094,101.4463221,1.2
32.75,0.003406013,0.032956547,101.4401336,1.3
32.763,0.003406013,0,101.4463221,1.2
32.776,0.003406013,-0.065913094,101.4401336,1.3
32.788,0.003406013,-0.100090254,101.5401336,1.2
32.801,0.003406013,-0.133046802,101.5401336,1.2
32.814,0.003406013,-0.198959896,101.5401336,1.2
32.826,0.003406013,-0.231916443,101.5463221,1.1
32.839,0.003406013,-0.26487299,101.6401336,1.1
32.852,0.003406013,-0.332006698,101.6463221,1
32.865,0.003406013,-0.364963245,101.6401336,1.1
32.877,0.003406013,-0.397919792,101.6463221,1
32.89,0.003406013,-0.463832887,101.7401336,1
32.903,0.003406013,-0.498010047,101.7463221,0.9
32.915,0.003406013,-0.563923141,101.7401336,1
32.928,0.003406013,-0.596879688,101.7463221,0.9
32.941,0.003406013,-0.629836235,101.8401336,0.9
32.953,0.003406013,-0.696969943,101.8463221,0.8
32.966,0.003831764,-0.72992649,101.8401336,0.9
32.979,0.003831764,-0.795839584,101.8401336,0.9
32.992,0.003831764,-0.828796131,101.8106213,0.8
33.004,0.003831764,-0.862973292,101.8401336,0.9
33.017,0.004683267,-0.895929839,101.9463221,0.7
33.03,0.003831764,-0.961842933,101.9401336,0.8
33.042,0.003406013,-0.99479948,101.9106213,0.7
33.055,0.003406013,-1.027756028,101.9044328,0.8
33.068,0.003831764,-1.061933188,101.9106213,0.7
33.08,0.003831764,-1.094889735,101.9044328,0.8
33.093,0.003831764,-1.127846282,101.9106213,0.7
33.106,0.003406013,-1.160802829,101.9044328,0.8
33.119,0.003406013,-1.160802829,101.9106213,0.7
33.131,0.003406013,-1.160802829,101.9044328,0.8
33.144,0.003406013,-1.160802829,101.9106213,0.7
33.157,0.003406013,-1.160802829,101.9044328,0.8
33.169,0.003406013,-1.160802829,101.9106213,0.7
33.182,0.003831764,-1.160802829,101.9044328,0.8
33.195,0.003831764,-1.127846282,101.9044328,0.8
33.208,0.003406013,-1.094889735,101.9106213,0.7
33.22,0.003406013,-1.061933188,101.9044328,0.8
33.233,0.003406013,-0.99479948,101.9106213,0.7
33.246,0.003406013,-0.961842933,101.7982442,1
33.258,0.003406013,-0.895929839,101.8463221,0.8
33.271,0.003406013,-0.862973292,101.8339451,1
33.284,0.003406013,-0.795839584,101.8463221,0.8
33.296,0.003406013,-0.72992649,101.8401336,0.9
33.309,0.003406013,-0.662792783,101.7525106,0.8
33.322,0.003406013,-0.596879688,101.7401336,1
33.335,0.003406013,-0.530966594,101.7463221,0.9
33.347,0.003406013,-0.430876339,101.7758345,1
33.36,0.003406013,-0.364963245,101.682023,1
33.373,0.003406013,-0.299050151,101.6758345,1.1
33.385,0.003406013,-0.198959896,101.682023,1
33.398,0.003406013,-0.133046802,101.5758345,1.2
33.411,0.003406013,-0.065913094,101.5758345,1.2
33.423,0.003406013,0,101.5996351,1.2
33.436,0.003831764,0.065913094,101.4996351,1.3
33.449,0.003406013,0.133046802,101.5058236,1.2
33.462,0.003406013,0.166003349,101.4996351,1.3
33.474,0.003406013,0.231916443,101.4058236,1.3
33.487,0.003406013,0.26487299,101.3996351,1.4
33.5,0.003406013,0.332006698,101.4058236,1.3
33.512,0.003406013,0.364963245,101.3934466,1.5
33.525,0.003406013,0.430876339,101.4058236,1.3
33.538,0.003406013,0.463832887,101.2934466,1.6
33.551,0.003406013,0.498010047,101.3058236,1.4
33.563,0.003406013,0.530966594,101.2996351,1.5
33.576,0.003406013,0.563923141,101.282023,1.4
33.589,0.003406013,0.596879688,101.1758345,1.6
33.601,0.003406013,0.629836235,101.182023,1.5
33.614,0.003406013,0.662792783,101.1758345,1.6
33.627,0.003406013,0.662792783,101.1758345,1.6
33.639,0.003406013,0.696969943,101.1758345,1.6
33.652,0.003406013,0.72992649,101.0758345,1.7
33.665,0.003406013,0.762883037,101.082023,1.6
33.678,0.003406013,0.762883037,101.0758345,1.7
33.69,0.003406013,0.795839584,101.082023,1.6
33.703,0.003831764,0.795839584,101.0758345,1.7
33.716,0.003406013,0.828796131,101.1058236,1.6
33.728,0.003406013,0.828796131,101.0758345,1.7
33.741,0.003406013,0.828796131,101.082023,1.6
33.754,0.003406013,0.828796131,101.0758345,1.7
33.766,0.003406013,0.828796131,101.082023,1.6
33.779,0.003406013,0.828796131,101.0758345,1.7
33.792,0.003406013,0.828796131,101.082023,1.6
33.805,0.003406013,0.828796131,101.0758345,1.7
33.817,0.003406013,0.795839584,101.0758345,1.7
33.83,0.003406013,0.795839584,101.0758345,1.7
33.843,0.003406013,0.762883037,101.0758345,1.7
33.855,0.003406013,0.762883037,101.082023,1.6
33.868,0.003406013,0.72992649,101.0758345,1.7
33.881,0.003406013,0.696969943,101.082023,1.6
33.894,0.003406013,0.662792783,101.0758345,1.7
33.906,0.003406013,0.629836235,101.082023,1.6
33.919,0.003406013,0.629836235,101.1758345,1.6
33.932,0.003406013,0.596879688,101.1463221,1.5
33.944,0.003406013,0.596879688,101.1401336,1.6
33.957,0.003406013,0.530966594,101.1463221,1.5
33.97,0.003406013,0.498010047,101.1401336,1.6
33.982,0.003406013,0.463832887,101.1463221,1.5
33.995,0.003406013,0.430876339,101.1401336,1.6
34.008,0.003831764,0.397919792,101.1463221,1.5
34.021,0.003406013,0.364963245,101.2401336,1.5
34.033,0.003406013,0.332006698,101.2463221,1.4
34.046,0.003406013,0.299050151,101.2401336,1.5
34.059,0.003406013,0.26487299,101.2463221,1.4
34.071,0.003406013,0.231916443,101.2401336,1.5
34.084,0.003406013,0.198959896,101.2463221,1.4
34.097,0.003406013,0.166003349,101.2401336,1.5
34.109,0.003406013,0.133046802,101.3401336,1.4
34.122,0.003406013,0.100090254,101.3401336,1.4
34.135,0.003406013,0.065913094,101.3401336,1.4
34.148,0.003406013,0.065913094,101.3463221,1.3
34.16,0.003406013,0.032956547,101.3044328,1.4
34.173,0.003406013,0.032956547,101.3106213,1.3
34.186,0.003406013,0,101.3044328,1.4
34.198,0.003406013,0,101.3463221,1.3
34.211,0.003406013,0,101.3401336,1.4
34.224,0.003406013,-0.032956547,101.4463221,1.2
34.237,0.003406013,-0.032956547,101.4401336,1.3
34.249,0.003406013,-0.065913094,101.4463221,1.2
34.262,0.003406013,-0.065913094,101.4401336,1.3
34.275,0.003406013,-0.065913094,101.4463221,1.2
34.287,0.003406013,-0.065913094,101.4401336,1.3
34.3,0.003406013,-0.065913094,101.4401336,1.3
34.313,0.003831764,-0.065913094,101.4401336,1.3
34.325,0.003831764,-0.065913094,101.4463221,1.2
34.338,0.003406013,-0.065913094,101.4401336,1.3
34.351,0.003406013,-0.065913094,101.4401336,1.3
34.364,0.003406013,-0.032956547,101.4401336,1.3
34.376,0.003406013,-0.032956547,101.4401336,1.3
34.389,0.003406013,-0.032956547,101.4401336,1.3
34.402,0.003831764,-0.032956547,101.4401336,1.3
34.414,0.003831764,0,101.4401336,1.3
34.427,0.003406013,0.032956547,101.3401336,1.4
34.44,0.003406013,0.032956547,101.3401336,1.4
34.452,0.003406013,0.065913094,101.3401336,1.4
34.465,0.003406013,0.065913094,101.3463221,1.3
34.478,0.003406013,0.100090254,101.3401336,1.4
34.491,0.003406013,0.100090254,101.3401336,1.4
34.503,0.003406013,0.133046802,101.3401336,1.4
34.516,0.003406013,0.166003349,101.3401336,1.4
34.529,0.003406013,0.166003349,101.3401336,1.4
34.541,0.003831764,0.198959896,101.382023,1.3
34.554,0.003831764,0.26487299,101.3758345,1.4
34.567,0.003406013,0.26487299,101.282023,1.4
34.58,0.003406013,0.299050151,101.2758345,1.5
34.592,0.003406013,0.332006698,101.2758345,1.5
34.605,0.003406013,0.332006698,101.2758345,1.5
34.618,0.003406013,0.364963245,101.2758345,1.5
34.63,0.003406013,0.364963245,101.2758345,1.5
34.643,0.003406013,0.397919792,101.2758345,1.5
34.656,0.003406013,0.397919792,101.2758345,1.5
34.668,0.003406013,0.430876339,101.2758345,1.5
34.681,0.003406013,0.430876339,101.2758345,1.5
34.694,0.003406013,0.430876339,101.2758345,1.5
34.707,0.003406013,0.430876339,101.2758345,1.5
34.719,0.003406013,0.430876339,101.2758345,1.5
34.732,0.003406013,0.430876339,101.2758345,1.5
34.745,0.003406013,0.430876339,101.2758345,1.5
34.757,0.003406013,0.430876339,101.2758345,1.5
34.77,0.003406013,0.430876339,101.2758345,1.5
34.783,0.003406013,0.430876339,101.2758345,1.5
34.795,0.003406013,0.397919792,101.2758345,1.5
34.808,0.003406013,0.397919792,101.2758345,1.5
34.821,0.003406013,0.397919792,101.2758345,1.5
34.834,0.003406013,0.364963245,101.2758345,1.5
34.846,0.003406013,0.332006698,101.282023,1.4
34.859,0.003831764,0.332006698,101.282023,1.4
34.872,0.003406013,0.299050151,101.2401336,1.5
34.884,0.003406013,0.26487299,101.2401336,1.5
34.897,0.003406013,0.231916443,101.3401336,1.4
34.91,0.003406013,0.198959896,101.3401336,1.4
34.923,0.003406013,0.166003349,101.3401336,1.4
34.935,0.003406013,0.133046802,101.3463221,1.3
34.948,0.003406013,0.100090254,101.3401336,1.4
34.961,0.003406013,0.065913094,101.3401336,1.4
34.973,0.003831764,0.032956547,101.3401336,1.4
34.986,0.003831764,0,101.3401336,1.4
34.999,0.003406013,-0.032956547,101.4401336,1.3
35.011,0.003406013,-0.065913094,101.4401336,1.3
35.024,0.003406013,-0.100090254,101.4401336,1.3
35.037,0.003831764,-0.133046802,101.4463221,1.2
35.05,0.003406013,-0.166003349,101.4401336,1.3
35.062,0.003406013,-0.198959896,101.4463221,1.2
35.075,0.003406013,-0.231916443,101.5401336,1.2
35.088,0.003406013,-0.26487299,101.5401336,1.2
35.1,0.003406013,-0.299050151,101.5401336,1.2
35.113,0.003406013,-0.332006698,101.5044328,1.2
35.126,0.003406013,-0.364963245,101.5401336,1.2
35.138,0.003406013,-0.397919792,101.6106213,1
35.151,0.003406013,-0.430876339,101.6401336,1.1
35.164,0.003406013,-0.430876339,101.6463221,1
35.177,0.003406013,-0.463832887,101.6401336,1.1
35.189,0.003831764,-0.498010047,101.6401336,1.1
35.202,0.003406013,-0.530966594,101.6401336,1.1
35.215,0.003831764,-0.563923141,101.6401336,1.1
35.227,0.003831764,-0.596879688,101.7044328,1
35.24,0.003831764,-0.596879688,101.7401336,1
35.253,0.003831764,-0.629836235,101.7044328,1
35.266,0.003406013,-0.629836235,101.7401336,1
35.278,0.003406013,-0.662792783,101.7401336,1
35.291,0.003406013,-0.696969943,101.7401336,1
35.304,0.003406013,-0.696969943,101.7401336,1
35.316,0.003406013,-0.696969943,101.7401336,1
35.329,0.003406013,-0.72992649,101.7463221,0.9
35.342,0.003406013,-0.72992649,101.7401336,1
35.354,0.003406013,-0.72992649,101.7463221,0.9
35.367,0.003406013,-0.72992649,101.7401336,1
35.38,0.003406013,-0.72992649,101.7463221,0.9
35.393,0.003406013,-0.762883037,101.7401336,1
35.405,0.003406013,-0.762883037,101.7401336,1
35.418,0.003406013,-0.72992649,101.7401336,1
35.431,0.003406013,-0.72992649,101.7401336,1
35.443,0.003406013,-0.72992649,101.7401336,1
35.456,0.003406013,-0.696969943,101.7463221,0.9
35.469,0.003406013,-0.696969943,101.7401336,1
35.481,0.003406013,-0.662792783,101.7401336,1
35.494,0.003831764,-0.662792783,101.7401336,1
35.507,0.003406013,-0.629836235,101.7401336,1
35.52,0.003406013,-0.596879688,101.7401336,1
35.532,0.003406013,-0.563923141,101.7463221,0.9
35.545,0.003406013,-0.530966594,101.7401336,1
35.558,0.003406013,-0.498010047,101.682023,1
35.57,0.003406013,-0.463832887,101.6758345,1.1
35.583,0.003831764,-0.430876339,101.6758345,1.1
35.596,0.003406013,-0.364963245,101.6758345,1.1
35.609,0.003406013,-0.332006698,101.6758345,1.1
35.621,0.003406013,-0.26487299,101.682023,1
35.634,0.003406013,-0.231916443,101.6758345,1.1
35.647,0.003406013,-0.166003349,101.582023,1.1
35.659,0.003406013,-0.133046802,101.5758345,1.2
35.672,0.003406013,-0.100090254,101.5758345,1.2
35.685,0.003406013,-0.032956547,101.5758345,1.2
35.697,0.003406013,0,101.5758345,1.2
35.71,0.003406013,0.032956547,101.4758345,1.3
35.723,0.003406013,0.065913094,101.4996351,1.3
35.736,0.003831764,0.100090254,101.4996351,1.3
35.748,0.003831764,0.133046802,101.5058236,1.2
35.761,0.003831764,0.166003349,101.3996351,1.4
35.774,0.003406013,0.231916443,101.3996351,1.4
35.786,0.003406013,0.26487299,101.3996351,1.4
35.799,0.003406013,0.299050151,101.3996351,1.4
35.812,0.003406013,0.332006698,101.3996351,1.4
35.824,0.003406013,0.364963245,101.3996351,1.4
35.837,0.003406013,0.364963245,101.2996351,1.5
35.85,0.003406013,0.397919792,101.2996351,1.5
35.863,0.003406013,0.430876339,101.2996351,1.5
35.875,0.003406013,0.463832887,101.2996351,1.5
35.888,0.003406013,0.498010047,101.2996351,1.5
35.901,0.003406013,0.498010047,101.2996351,1.5
35.913,0.003406013,0.530966594,101.2996351,1.5
35.926,0.003831764,0.563923141,101.2996351,1.5
35.939,0.003831764,0.563923141,101.2058236,1.5
35.952,0.003406013,0.596879688,101.1996351,1.6
35.964,0.003406013,0.596879688,101.1996351,1.6
35.977,0.003406013,0.629836235,101.1996351,1.6
35.99,0.003406013,0.662792783,101.1996351,1.6
36.002,0.003406013,0.662792783,101.1996351,1.6
36.015,0.003406013,0.662792783,101.1996351,1.6
36.028,0.003406013,0.696969943,101.1996351,1.6
36.04,0.003406013,0.72992649,101.1996351,1.6
36.053,0.003406013,0.72992649,101.0996351,1.7
36.066,0.003406013,0.72992649,101.0758345,1.7
36.079,0.003406013,0.72992649,101.0996351,1.7
36.091,0.003406013,0.72992649,101.0996351,1.7
36.104,0.003406013,0.72992649,101.1058236,1.6
36.117,0.003406013,0.762883037,101.0996351,1.7
36.129,0.003406013,0.762883037,101.1058236,1.6
36.142,0.003406013,0.762883037,101.0996351,1.7
36.155,0.003406013,0.72992649,101.1058236,1.6
36.167,0.003406013,0.72992649,101.0996351,1.7
36.18,0.003406013,0.72992649,101.1058236,1.6
36.193,0.003406013,0.72992649,101.0996351,1.7
36.206,0.003406013,0.72992649,101.082023,1.6
36.218,0.003406013,0.696969943,101.0996351,1.7
36.231,0.003406013,0.696969943,101.1058236,1.6
36.244,0.003406013,0.662792783,101.0758345,1.7
36.256,0.003406013,0.662792783,101.182023,1.5
36.269,0.003406013,0.629836235,101.1758345,1.6
36.282,0.003406013,0.629836235,101.1758345,1.6
36.295,0.003406013,0.596879688,101.1758345,1.6
36.307,0.003406013,0.563923141,101.182023,1.5
36.32,0.003406013,0.563923141,101.182023,1.5
36.333,0.003406013,0.530966594,101.1758345,1.6
36.345,0.003406013,0.463832887,101.182023,1.5
36.358,0.003406013,0.463832887,101.1758345,1.6
36.371,0.003406013,0.430876339,101.282023,1.4
36.383,0.003406013,0.397919792,101.2758345,1.5
36.396,0.003406013,0.364963245,101.2463221,1.4
36.409,0.003406013,0.299050151,101.2401336,1.5
36.422,0.003406013,0.26487299,101.2463221,1.4
36.434,0.003406013,0.231916443,101.2758345,1.5
36.447,0.003406013,0.166003349,101.382023,1.3
36.46,0.003406013,0.133046802,101.3401336,1.4
36.472,0.003406013,0.065913094,101.3463221,1.3
36.485,0.003406013,0.032956547,101.3401336,1.4
36.498,0.003831764,-0.032956547,101.3463221,1.3
36.51,0.003406013,-0.065913094,101.4401336,1.3
36.523,0.003406013,-0.133046802,101.4463221,1.2
36.536,0.003406013,-0.198959896,101.4401336,1.3
36.549,0.003406013,-0.231916443,101.5463221,1.1
36.561,0.003406013,-0.26487299,101.5401336,1.2
36.574,0.003406013,-0.299050151,101.5401336,1.2
36.587,0.003406013,-0.364963245,101.5401336,1.2
36.599,0.003406013,-0.430876339,101.6401336,1.1
36.612,0.003831764,-0.463832887,101.6463221,1
36.625,0.003406013,-0.530966594,101.6401336,1.1
36.638,0.003406013,-0.563923141,101.6463221,1
36.65,0.003406013,-0.629836235,101.7401336,1
36.663,0.003406013,-0.662792783,101.7463221,0.9
36.676,0.003406013,-0.72992649,101.7401336,1
36.688,0.003406013,-0.762883037,101.7463221,0.9
36.701,0.003406013,-0.828796131,101.8401336,0.9
36.714,0.003406013,-0.862973292,101.8463221,0.8
36.726,0.003406013,-0.928886386,101.8401336,0.9
36.739,0.003406013,-0.99479948,101.8106213,0.8
36.752,0.003831764,-1.027756028,101.8401336,0.9
36.765,0.003406013,-1.094889735,101.9106213,0.7
36.777,0.003831764,-1.160802829,101.9044328,0.8
36.79,0.003406013,-1.193759376,101.9106213,0.7
36.803,0.003406013,-1.226715924,101.9044328,0.8
36.815,0.003406013,-1.293849631,101.9044328,0.8
36.828,0.003406013,-1.326806178,101.9044328,0.8
36.841,0.003406013,-1.359762725,101.8806322,0.8
36.853,0.003831764,-1.392719272,101.8868207,0.7
36.866,0.003406013,-1.392719272,101.8806322,0.8
36.879,0.003831764,-1.392719272,101.8868207,0.7
36.892,0.003831764,-1.392719272,101.8806322,0.8
36.904,0.003406013,-1.359762725,101.8868207,0.7
36.917,0.003406013,-1.326806178,101.8806322,0.8
36.93,0.003831764,-1.260893084,101.8868207,0.7
36.942,0.003831764,-1.226715924,101.8044328,0.9
36.955,0.003406013,-1.160802829,101.7806322,0.9
36.968,0.003406013,-1.094889735,101.7806322,0.9
36.981,0.003831764,-0.99479948,101.8044328,0.9
36.993,0.003831764,-0.928886386,101.7044328,1
37.006,0.003406013,-0.828796131,101.7401336,1
37.019,0.003831764,-0.72992649,101.7401336,1
37.031,0.003406013,-0.596879688,101.6401336,1.1
37.044,0.003406013,-0.498010047,101.6401336,1.1
37.057,0.003406013,-0.364963245,101.5758345,1.2
37.069,0.003406013,-0.231916443,101.582023,1.1
37.082,0.003406013,-0.133046802,101.4758345,1.3
37.095,0.003406013,-0.032956547,101.482023,1.2
37.108,0.003406013,0.065913094,101.3758345,1.4
37.12,0.003406013,0.133046802,101.382023,1.3
37.133,0.003406013,0.231916443,101.2758345,1.5
37.146,0.003406013,0.332006698,101.282023,1.4
37.158,0.003406013,0.397919792,101.1996351,1.6
37.171,0.003406013,0.498010047,101.2058236,1.5
37.184,0.003406013,0.563923141,101.1996351,1.6
37.196,0.003406013,0.629836235,101.082023,1.6
37.209,0.003406013,0.662792783,101.0758345,1.7
37.222,0.003406013,0.762883037,100.982023,1.7
37.235,0.003406013,0.828796131,100.9758345,1.8
37.247,0.003406013,0.862973292,100.9758345,1.8
37.26,0.003831764,0.928886386,100.882023,1.8
37.273,0.003406013,0.961842933,100.8758345,1.9
37.285,0.003406013,1.027756028,100.882023,1.8
37.298,0.003406013,1.094889735,100.7758345,2
37.311,0.003406013,1.127846282,100.782023,1.9
37.324,0.003406013,1.193759376,100.7758345,2
37.336,0.003406013,1.226715924,100.8058236,1.9
37.349,0.003406013,1.293849631,100.6996351,2.1
37.362,0.003406013,1.326806178,100.7058236,2
37.374,0.003831764,1.326806178,100.6996351,2.1
37.387,0.003406013,1.359762725,100.7058236,2
37.4,0.003406013,1.359762725,100.6996351,2.1
37.412,0.003406013,1.359762725,100.7058236,2
37.425,0.003406013,1.359762725,100.6996351,2.1
37.438,0.003831764,1.392719272,100.7058236,2
37.451,0.003831764,1.359762725,100.6996351,2.1
37.463,0.003406013,1.359762725,100.7058236,2
37.476,0.003406013,1.293849631,100.7058236,2
37.489,0.003406013,1.260893084,100.682023,2
37.501,0.003406013,1.226715924,100.682023,2
37.514,0.003406013,1.160802829,100.7758345,2
37.527,0.003831764,1.127846282,100.782023,1.9
37.539,0.003831764,1.027756028,100.7758345,2
37.552,0.003406013,0.99479948,100.782023,1.9
37.565,0.003406013,0.895929839,100.8758345,1.9
37.578,0.003406013,0.828796131,100.882023,1.8
37.59,0.003406013,0.762883037,100.8758345,1.9
37.603,0.003831764,0.696969943,100.9463221,1.7
37.616,0.003831764,0.629836235,100.9401336,1.8
37.628,0.003831764,0.530966594,101.0463221,1.6
37.641,0.003831764,0.430876339,101.0401336,1.7
37.654,0.003831764,0.364963245,101.0463221,1.6
37.667,0.003831764,0.299050151,101.1401336,1.6
37.679,0.003831764,0.231916443,101.1463221,1.5
37.692,0.003831764,0.166003349,101.1044328,1.6
37.705,0.003831764,0.100090254,101.2106213,1.4
37.717,0.004683267,0.032956547,101.2106213,1.4
37.73,0.003831764,0,101.2401336,1.5
37.743,0.003831764,-0.065913094,101.3463221,1.3
37.755,0.003406013,-0.100090254,101.3044328,1.4
37.768,0.003831764,-0.166003349,101.3106213,1.3
37.781,0.003831764,-0.198959896,101.4044328,1.3
37.794,0.003831764,-0.231916443,101.4463221,1.2
37.806,0.003831764,-0.26487299,101.4401336,1.3
37.819,0.003831764,-0.299050151,101.4463221,1.2
37.832,0.003831764,-0.364963245,101.5401336,1.2
37.844,0.003831764,-0.397919792,101.5463221,1.1
37.857,0.003406013,-0.463832887,101.5401336,1.2
37.87,0.003831764,-0.498010047,101.6401336,1.1
37.882,0.003406013,-0.563923141,101.6401336,1.1
37.895,0.003406013,-0.596879688,101.6401336,1.1
37.908,0.003831764,-0.629836235,101.6463221,1
37.921,0.003406013,-0.662792783,101.6044328,1.1
37.933,0.003406013,-0.72992649,101.6463221,1
37.946,0.003406013,-0.762883037,101.7044328,1
37.959,0.003831764,-0.828796131,101.7463221,0.9
37.971,0.003406013,-0.895929839,101.7044328,1
37.984,0.003406013,-0.928886386,101.7106213,0.9
37.997,0.003831764,-0.99479948,101.7044328,1
38.01,0.003831764,-1.027756028,101.6868207,0.9
38.022,0.003831764,-1.094889735,101.6806322,1
38.035,0.003831764,-1.127846282,101.7868207,0.8
38.048,0.003831764,-1.160802829,101.7806322,0.9
38.06,0.003831764,-1.193759376,101.7806322,0.9
38.073,0.003831764,-1.226715924,101.7806322,0.9
38.086,0.003831764,-1.226715924,101.7868207,0.8
38.098,0.003831764,-1.226715924,101.7868207,0.8
38.111,0.003831764,-1.226715924,101.7806322,0.9
38.124,0.003831764,-1.226715924,101.7868207,0.8
38.137,0.003831764,-1.193759376,101.7806322,0.9
38.149,0.003831764,-1.160802829,101.6868207,0.9
38.162,0.003831764,-1.094889735,101.6806322,1
38.175,0.003831764,-1.061933188,101.7106213,0.9
38.187,0.003831764,-0.961842933,101.7044328,1
38.2,0.003831764,-0.895929839,101.7106213,0.9
38.213,0.003831764,-0.795839584,101.6044328,1.1
38.225,0.003831764,-0.72992649,101.6463221,1
38.238,0.003831764,-0.629836235,101.6339451,1.2
38.251,0.003831764,-0.530966594,101.5463221,1.1
38.264,0.003831764,-0.397919792,101.5401336,1.2
38.276,0.003831764,-0.299050151,101.4463221,1.2
38.289,0.003406013,-0.198959896,101.4758345,1.3
38.302,0.003831764,-0.100090254,101.382023,1.3
38.314,0.003831764,0,101.3758345,1.4
38.327,0.003831764,0.100090254,101.2758345,1.5
38.34,0.003831764,0.166003349,101.282023,1.4
38.353,0.003831764,0.26487299,101.2758345,1.5
38.365,0.003831764,0.364963245,101.182023,1.5
38.378,0.003831764,0.430876339,101.1758345,1.6
38.391,0.003831764,0.498010047,101.082023,1.6
38.403,0.003406013,0.563923141,101.0758345,1.7
38.416,0.003406013,0.629836235,100.982023,1.7
38.429,0.003406013,0.696969943,100.9758345,1.8
38.441,0.003831764,0.762883037,100.982023,1.7
38.454,0.003406013,0.795839584,100.8758345,1.9
38.467,0.003406013,0.862973292,100.882023,1.8
38.48,0.003406013,0.895929839,100.8758345,1.9
38.492,0.003406013,0.961842933,100.782023,1.9
38.505,0.003406013,1.027756028,100.7758345,2
38.518,0.003831764,1.061933188,100.7758345,2
38.53,0.003831764,1.127846282,100.6758345,2.1
38.543,0.003831764,1.160802829,100.6758345,2.1
38.556,0.003831764,1.193759376,100.682023,2
38.568,0.003831764,1.226715924,100.6758345,2.1
38.581,0.003831764,1.260893084,100.7058236,2
38.594,0.003406013,1.293849631,100.6996351,2.1
38.607,0.003831764,1.326806178,100.6058236,2.1
38.619,0.003831764,1.326806178,100.5996351,2.2
38.632,0.003831764,1.326806178,100.6058236,2.1
38.645,0.003831764,1.326806178,100.5996351,2.2
38.657,0.003831764,1.293849631,100.7058236,2
38.67,0.003831764,1.226715924,100.6996351,2.1
38.683,0.003406013,1.193759376,100.682023,2
38.696,0.003406013,1.127846282,100.6758345,2.1
38.708,0.003406013,1.061933188,100.682023,2
38.721,0.003831764,0.99479948,100.782023,1.9
38.734,0.003406013,0.928886386,100.7758345,2
38.746,0.003406013,0.862973292,100.7463221,1.9
38.759,0.003406013,0.762883037,100.8401336,1.9
38.772,0.003831764,0.696969943,100.8463221,1.8
38.784,0.003831764,0.596879688,100.8401336,1.9
38.797,0.003831764,0.498010047,100.9463221,1.7
38.81,0.003831764,0.430876339,100.9339451,1.9
38.823,0.003831764,0.332006698,101.0106213,1.6
38.835,0.003831764,0.26487299,101.0044328,1.7
38.848,0.003831764,0.198959896,101.1106213,1.5
38.861,0.003831764,0.133046802,101.1044328,1.6
38.873,0.003831764,0.065913094,101.1106213,1.5
38.886,0.003831764,0,101.2044328,1.5
38.899,0.003831764,-0.032956547,101.2463221,1.4
38.911,0.003831764,-0.065913094,101.2044328,1.5
38.924,0.003831764,-0.133046802,101.3044328,1.4
38.937,0.003831764,-0.166003349,101.3106213,1.3
38.95,0.003831764,-0.198959896,101.3044328,1.4
38.962,0.003831764,-0.231916443,101.4106213,1.2
38.975,0.003831764,-0.299050151,101.4044328,1.3
38.988,0.003831764,-0.332006698,101.4463221,1.2
39,0.003831764,-0.364963245,101.4401336,1.3
39.013,0.003831764,-0.430876339,101.5463221,1.1
39.026,0.003831764,-0.463832887,101.5339451,1.3
39.039,0.003831764,-0.498010047,101.5463221,1.1
39.051,0.003831764,-0.563923141,101.5401336,1.2
39.064,0.003831764,-0.596879688,101.5463221,1.1
39.077,0.003831764,-0.629836235,101.6044328,1.1
39.089,0.003831764,-0.696969943,101.6106213,1
39.102,0.003831764,-0.72992649,101.6044328,1.1
39.115,0.003831764,-0.762883037,101.6401336,1.1
39.127,0.003831764,-0.828796131,101.6044328,1.1
39.14,0.003831764,-0.895929839,101.6044328,1.1
39.153,0.003831764,-0.928886386,101.6106213,1
39.166,0.003831764,-0.961842933,101.7044328,1
39.178,0.003831764,-0.99479948,101.7106213,0.9
39.191,0.003831764,-1.027756028,101.7044328,1
39.204,0.003831764,-1.061933188,101.7106213,0.9
39.216,0.003831764,-1.061933188,101.7044328,1
39.229,0.003831764,-1.094889735,101.7106213,0.9
39.242,0.003831764,-1.094889735,101.7044328,1
39.254,0.003831764,-1.094889735,101.7106213,0.9
39.267,0.003831764,-1.094889735,101.7044328,1
39.28,0.003831764,-1.061933188,101.7106213,0.9
39.293,0.003831764,-1.027756028,101.7044328,1
39.305,0.003831764,-0.99479948,101.7044328,1
39.318,0.003831764,-0.961842933,101.6044328,1.1
39.331,0.003831764,-0.928886386,101.6044328,1.1
39.343,0.003831764,-0.895929839,101.6106213,1
39.356,0.003831764,-0.828796131,101.6044328,1.1
39.369,0.003831764,-0.795839584,101.6106213,1
39.382,0.003831764,-0.72992649,101.6044328,1.1
39.394,0.003831764,-0.662792783,101.5463221,1.1
39.407,0.003831764,-0.629836235,101.5401336,1.2
39.42,0.003831764,-0.563923141,101.5463221,1.1
39.432,0.003831764,-0.530966594,101.5401336,1.2
39.445,0.003831764,-0.463832887,101.5463221,1.1
39.458,0.003831764,-0.364963245,101.4401336,1.3
39.47,0.003831764,-0.332006698,101.482023,1.2
39.483,0.003831764,-0.26487299,101.4758345,1.3
39.496,0.003831764,-0.198959896,101.482023,1.2
39.509,0.003831764,-0.133046802,101.3758345,1.4
39.521,0.003406013,-0.100090254,101.3758345,1.4
39.534,0.003831764,-0.032956547,101.382023,1.3
39.547,0.003831764,0,101.3758345,1.4
39.559,0.003831764,0.065913094,101.3058236,1.4
39.572,0.003831764,0.100090254,101.2996351,1.5
39.585,0.003831764,0.166003349,101.3058236,1.4
39.597,0.003831764,0.198959896,101.2934466,1.6
39.61,0.003831764,0.26487299,101.2058236,1.5
39.623,0.003831764,0.299050151,101.169646,1.7
39.636,0.003831764,0.332006698,101.182023,1.5
39.648,0.003831764,0.364963245,101.1758345,1.6
39.661,0.003831764,0.430876339,101.1058236,1.6
39.674,0.003831764,0.463832887,101.0758345,1.7
39.686,0.003831764,0.498010047,101.082023,1.6
39.699,0.003831764,0.530966594,101.0758345,1.7
39.712,0.003831764,0.563923141,100.9758345,1.8
39.725,0.003831764,0.596879688,100.982023,1.7
39.737,0.003831764,0.629836235,100.9758345,1.8
39.75,0.003831764,0.662792783,100.982023,1.7
39.763,0.003831764,0.696969943,100.9758345,1.8
39.775,0.003831764,0.696969943,100.882023,1.8
39.788,0.003831764,0.72992649,100.8758345,1.9
39.801,0.003831764,0.762883037,100.882023,1.8
39.813,0.003831764,0.762883037,100.8758345,1.9
39.826,0.003831764,0.762883037,100.882023,1.8
39.839,0.003831764,0.762883037,100.8758345,1.9
39.852,0.003831764,0.762883037,100.882023,1.8
39.864,0.003831764,0.762883037,100.8758345,1.9
39.877,0.003831764,0.762883037,100.882023,1.8
39.89,0.003831764,0.72992649,100.8758345,1.9
39.902,0.003831764,0.696969943,100.8401336,1.9
39.915,0.003831764,0.662792783,100.8401336,1.9
39.928,0.003831764,0.629836235,100.9401336,1.8
39.94,0.003831764,0.596879688,100.9463221,1.7
39.953,0.003831764,0.530966594,100.9401336,1.8
39.966,0.003831764,0.498010047,100.9463221,1.7
39.979,0.003831764,0.430876339,100.9401336,1.8
39.991,0.003831764,0.397919792,101.0463221,1.6
40.004,0.003831764,0.332006698,101.0401336,1.7
40.017,0.003831764,0.299050151,101.0463221,1.6
40.029,0.003831764,0.26487299,101.0401336,1.7
40.042,0.003831764,0.198959896,101.1463221,1.5
40.055,0.003831764,0.133046802,101.1401336,1.6
40.068,0.003831764,0.100090254,101.1463221,1.5
40.08,0.003831764,0.065913094,101.1401336,1.6
40.093,0.003831764,0,101.1044328,1.6
40.106,0.003831764,-0.032956547,101.2463221,1.4
40.118,0.003406013,-0.065913094,101.2044328,1.5
40.131,0.003831764,-0.065913094,101.2106213,1.4
40.144,0.003831764,-0.100090254,101.2044328,1.5
40.156,0.003831764,-0.133046802,101.2106213,1.4
40.169,0.003831764,-0.166003349,101.2044328,1.5
40.182,0.003831764,-0.166003349,101.2106213,1.4
40.195,0.003831764,-0.198959896,101.1982442,1.6
40.207,0.003831764,-0.198959896,101.3106213,1.3
40.22,0.003831764,-0.198959896,101.3044328,1.4
40.233,0.003831764,-0.198959896,101.3106213,1.3
40.245,0.003831764,-0.231916443,101.3044328,1.4
40.258,0.003831764,-0.231916443,101.3106213,1.3
40.271,0.003831764,-0.231916443,101.3044328,1.4
40.283,0.003831764,-0.231916443,101.3044328,1.4
40.296,0.003831764,-0.231916443,101.3044328,1.4
40.309,0.003831764,-0.231916443,101.3044328,1.4
40.322,0.003831764,-0.231916443,101.3463221,1.3
40.334,0.003831764,-0.198959896,101.3401336,1.4
40.347,0.003831764,-0.198959896,101.3106213,1.3
40.36,0.003831764,-0.198959896,101.3044328,1.4
40.372,0.003831764,-0.166003349,101.3463221,1.3
40.385,0.003831764,-0.133046802,101.2339451,1.6
40.398,0.003831764,-0.100090254,101.2463221,1.4
40.411,0.003831764,-0.065913094,101.2339451,1.6
40.423,0.003831764,-0.032956547,101.2525106,1.3
40.436,0.003831764,0,101.2401336,1.5
40.449,0.003831764,0.032956547,101.2463221,1.4
40.461,0.003831764,0.065913094,101.2401336,1.5
40.474,0.003831764,0.100090254,101.2463221,1.4
40.487,0.003831764,0.133046802,101.1401336,1.6
40.499,0.003831764,0.166003349,101.1463221,1.5
40.512,0.003831764,0.198959896,101.1401336,1.6
40.525,0.003831764,0.26487299,101.1401336,1.6
40.538,0.003831764,0.299050151,101.1463221,1.5
40.55,0.003831764,0.332006698,101.1758345,1.6
40.563,0.004683267,0.364963245,101.082023,1.6
40.576,0.003831764,0.397919792,101.0401336,1.7
40.588,0.003831764,0.430876339,101.082023,1.6
40.601,0.003831764,0.463832887,101.0758345,1.7
40.614,0.003831764,0.498010047,101.082023,1.6
40.626,0.003831764,0.530966594,101.0758345,1.7
40.639,0.003831764,0.563923141,100.982023,1.7
40.652,0.003831764,0.596879688,100.9758345,1.8
40.665,0.003831764,0.629836235,100.982023,1.7
40.677,0.003831764,0.662792783,100.9758345,1.8
40.69,0.003831764,0.662792783,100.982023,1.7
40.703,0.003831764,0.696969943,100.9758345,1.8
40.715,0.003831764,0.696969943,100.982023,1.7
40.728,0.003831764,0.696969943,100.882023,1.8
40.741,0.003406013,0.72992649,100.8758345,1.9
40.754,0.003831764,0.72992649,100.882023,1.8
40.766,0.003831764,0.72992649,100.8758345,1.9
40.779,0.003831764,0.72992649,100.882023,1.8
40.792,0.003831764,0.72992649,100.8758345,1.9
40.804,0.003831764,0.72992649,100.882023,1.8
40.817,0.003831764,0.696969943,100.8758345,1.9
40.83,0.003831764,0.696969943,100.882023,1.8
40.842,0.003831764,0.696969943,100.8401336,1.9
40.855,0.003831764,0.662792783,100.882023,1.8
40.868,0.003831764,0.629836235,100.9758345,1.8
40.881,0.003831764,0.629836235,100.982023,1.7
40.893,0.003831764,0.629836235,100.9401336,1.8
40.906,0.003831764,0.596879688,100.982023,1.7
40.919,0.003831764,0.596879688,100.982023,1.7
40.931,0.003831764,0.563923141,100.982023,1.7
40.944,0.003831764,0.498010047,100.9463221,1.7
40.957,0.003831764,0.463832887,100.9401336,1.8
40.969,0.003406013,0.430876339,101.0463221,1.6
40.982,0.003831764,0.397919792,101.0401336,1.7
40.995,0.003831764,0.397919792,101.0463221,1.6
41.008,0.003831764,0.364963245,101.0401336,1.7
41.02,0.003831764,0.332006698,101.0463221,1.6
41.033,0.003831764,0.299050151,101.0401336,1.7
41.046,0.003831764,0.26487299,101.0463221,1.6
41.058,0.003831764,0.198959896,101.0401336,1.7
41.071,0.003831764,0.166003349,101.1463221,1.5
41.084,0.003831764,0.100090254,101.1401336,1.6
41.096,0.003831764,0.100090254,101.1463221,1.5
41.109,0.003831764,0.032956547,101.1401336,1.6
41.122,0.003831764,0.032956547,101.1463221,1.5
41.135,0.003831764,-0.032956547,101.2401336,1.5
41.147,0.003831764,-0.065913094,101.2463221,1.4
41.16,0.003831764,-0.133046802,101.2401336,1.5
41.173,0.003831764,-0.166003349,101.2401336,1.5
41.185,0.003831764,-0.198959896,101.3044328,1.4
41.198,0.003831764,-0.26487299,101.3106213,1.3
41.211,0.003831764,-0.299050151,101.3106213,1.3
41.224,0.003831764,-0.364963245,101.3401336,1.4
41.236,0.003831764,-0.397919792,101.4463221,1.2
41.249,0.003831764,-0.430876339,101.4401336,1.3
41.262,0.003831764,-0.463832887,101.4106213,1.2
41.274,0.003831764,-0.530966594,101.4044328,1.3
41.287,0.003831764,-0.563923141,101.5106213,1.1
41.3,0.003831764,-0.596879688,101.5044328,1.2
41.312,0.003831764,-0.662792783,101.5106213,1.1
41.325,0.003831764,-0.696969943,101.5401336,1.2
41.338,0.003831764,-0.72992649,101.6106213,1
41.351,0.003831764,-0.795839584,101.6044328,1.1
41.363,0.003831764,-0.828796131,101.6463221,1
41.376,0.003831764,-0.862973292,101.6401336,1.1
41.389,0.003831764,-0.895929839,101.6463221,1
41.401,0.003831764,-0.928886386,101.6044328,1.1
41.414,0.003831764,-0.99479948,101.6106213,1
41.427,0.003831764,-1.027756028,101.7044328,1
41.439,0.003831764,-1.061933188,101.7106213,0.9
41.452,0.003831764,-1.061933188,101.7044328,1
41.465,0.003831764,-1.061933188,101.7106213,0.9
41.478,0.003831764,-1.061933188,101.7044328,1
41.49,0.003831764,-1.061933188,101.7106213,0.9
41.503,0.003831764,-1.061933188,101.7106213,0.9
41.516,0.003831764,-1.027756028,101.6106213,1
41.528,0.003831764,-0.99479948,101.6044328,1.1
41.541,0.004683267,-0.961842933,101.6044328,1.1
41.554,0.003831764,-0.895929839,101.6463221,1
41.567,0.003831764,-0.828796131,101.6401336,1.1
41.579,0.003831764,-0.762883037,101.6463221,1
41.592,0.003831764,-0.662792783,101.5401336,1.2
41.605,0.003831764,-0.596879688,101.5463221,1.1
41.617,0.003831764,-0.498010047,101.5758345,1.2
41.63,0.003831764,-0.397919792,101.482023,1.2
41.643,0.003831764,-0.26487299,101.4758345,1.3
41.655,0.003831764,-0.166003349,101.382023,1.3
41.668,0.003831764,-0.065913094,101.3758345,1.4
41.681,0.003831764,0.032956547,101.3058236,1.4
41.694,0.003831764,0.133046802,101.2996351,1.5
41.706,0.003831764,0.231916443,101.2058236,1.5
41.719,0.003831764,0.299050151,101.1996351,1.6
41.732,0.003831764,0.397919792,101.1058236,1.6
41.744,0.003831764,0.463832887,101.0996351,1.7
41.757,0.003831764,0.530966594,101.0058236,1.7
41.77,0.003831764,0.596879688,100.9996351,1.8
41.783,0.003831764,0.662792783,100.982023,1.7
41.795,0.003406013,0.72992649,100.8996351,1.9
41.808,0.003831764,0.795839584,100.882023,1.8
41.821,0.003831764,0.862973292,100.7758345,2
41.833,0.003831764,0.928886386,100.8058236,1.9
41.846,0.003831764,0.961842933,100.7996351,2
41.859,0.003831764,0.99479948,100.8058236,1.9
41.871,0.003831764,1.061933188,100.6758345,2.1
41.884,0.003831764,1.094889735,100.682023,2
41.897,0.003831764,1.127846282,100.7058236,2
41.91,0.003831764,1.160802829,100.682023,2
41.922,0.003831764,1.193759376,100.6996351,2.1
41.935,0.003831764,1.226715924,100.5996351,2.2
41.948,0.003831764,1.226715924,100.5996351,2.2
41.96,0.003831764,1.226715924,100.6058236,2.1
41.973,0.004683267,1.226715924,100.7058236,2
41.986,0.003831764,1.193759376,100.7058236,2
41.998,0.003831764,1.127846282,100.6996351,2.1
42.011,0.003831764,1.094889735,100.6996351,2.1
42.024,0.003831764,1.027756028,100.6996351,2.1
42.037,0.003831764,0.961842933,100.7758345,2
42.049,0.003831764,0.862973292,100.782023,1.9
42.062,0.003831764,0.795839584,100.7758345,2
42.075,0.003831764,0.696969943,100.882023,1.8
42.087,0.003831764,0.596879688,100.8758345,1.9
42.1,0.003831764,0.498010047,100.9463221,1.7
42.113,0.004683267,0.397919792,100.9401336,1.8
42.126,0.003831764,0.299050151,101.0463221,1.6
42.138,0.003831764,0.198959896,101.0401336,1.7
42.151,0.003831764,0.133046802,101.1463221,1.5
42.164,0.003831764,0.065913094,101.1401336,1.6
42.176,0.003831764,-0.032956547,101.2463221,1.4
42.189,0.003831764,-0.100090254,101.2401336,1.5
42.202,0.003831764,-0.133046802,101.2463221,1.4
42.214,0.003831764,-0.198959896,101.3401336,1.4
42.227,0.003831764,-0.231916443,101.3463221,1.3
42.24,0.003831764,-0.299050151,101.3401336,1.4
42.253,0.003831764,-0.332006698,101.4463221,1.2
42.265,0.003831764,-0.397919792,101.4758345,1.3
42.278,0.003831764,-0.463832887,101.4463221,1.2
42.291,0.003831764,-0.530966594,101.5401336,1.2
42.303,0.003831764,-0.596879688,101.5463221,1.1
42.316,0.003831764,-0.662792783,101.5401336,1.2
42.329,0.003831764,-0.72992649,101.6401336,1.1
42.341,0.003831764,-0.828796131,101.6401336,1.1
42.354,0.003831764,-0.895929839,101.6106213,1
42.367,0.003831764,-0.99479948,101.6044328,1.1
42.38,0.003831764,-1.094889735,101.7106213,0.9
42.392,0.003831764,-1.193759376,101.7044328,1
42.405,0.003831764,-1.293849631,101.6806322,1
42.418,0.004683267,-1.359762725,101.6806322,1
42.43,0.004683267,-1.45985298,101.6806322,1
42.443,0.004683267,-1.558722621,101.7868207,0.8
42.456,0.003831764,-1.625856329,101.7449313,0.9
42.468,0.003831764,-1.72472597,101.7154189,0.8
42.481,0.003831764,-1.757682517,101.7092304,0.9
42.494,0.003831764,-1.824816225,101.7154189,0.8
42.507,0.003831764,-1.857772772,101.7092304,0.9
42.519,0.003831764,-1.890729319,101.7154189,0.8
42.532,0.004683267,-1.890729319,101.7092304,0.9
42.545,0.004683267,-1.890729319,101.6735296,0.9
42.557,0.004683267,-1.890729319,101.5735296,1
42.57,0.003831764,-1.857772772,101.5797181,0.9
42.583,0.004683267,-1.824816225,101.5735296,1
42.596,0.004683267,-1.757682517,101.6154189,0.9
42.608,0.004683267,-1.691769423,101.6092304,1
42.621,0.004683267,-1.625856329,101.6092304,1
42.634,0.004683267,-1.525766074,101.5449313,1.1
42.646,0.004683267,-1.426896432,101.5511198,1
42.659,0.004683267,-1.326806178,101.5449313,1.1
42.672,0.003831764,-1.193759376,101.4868207,1.1
42.684,0.004683267,-1.061933188,101.4868207,1.1
42.697,0.003831764,-0.928886386,101.4106213,1.2
42.71,0.003831764,-0.762883037,101.4044328,1.3
42.723,0.003831764,-0.629836235,101.3401336,1.4
42.735,0.003831764,-0.498010047,101.3463221,1.3
42.748,0.004683267,-0.364963245,101.2401336,1.5
42.761,0.004683267,-0.26487299,101.182023,1.5
42.773,0.003831764,-0.166003349,101.1758345,1.6
42.786,0.003831764,-0.032956547,101.0758345,1.7
42.799,0.003831764,0.032956547,101.0758345,1.7
42.811,0.004683267,0.133046802,100.9758345,1.8
42.824,0.003831764,0.231916443,100.9758345,1.8
42.837,0.004683267,0.299050151,100.9758345,1.8
42.85,0.004683267,0.364963245,100.8758345,1.9
42.862,0.003831764,0.463832887,100.8758345,1.9
42.875,0.004683267,0.530966594,100.7758345,2
42.888,0.003831764,0.563923141,100.7758345,2
42.9,0.003831764,0.629836235,100.7758345,2
42.913,0.003831764,0.696969943,100.7758345,2
42.926,0.003831764,0.762883037,100.6758345,2.1
42.939,0.003831764,0.795839584,100.6758345,2.1
42.951,0.003831764,0.862973292,100.6758345,2.1
42.964,0.003831764,0.895929839,100.6758345,2.1
42.977,0.004683267,0.928886386,100.582023,2.1
42.989,0.004683267,0.99479948,100.5996351,2.2
43.002,0.004683267,1.027756028,100.5996351,2.2
43.015,0.004683267,1.094889735,100.5996351,2.2
43.027,0.003831764,1.127846282,100.4996351,2.3
43.04,0.003831764,1.160802829,100.4996351,2.3
43.053,0.003831764,1.193759376,100.5415245,2.2
43.066,0.004683267,1.226715924,100.535336,2.3
43.078,0.003831764,1.260893084,100.535336,2.3
43.091,0.003831764,1.293849631,100.4996351,2.3
43.104,0.003831764,1.326806178,100.3996351,2.4
43.116,0.003831764,1.359762725,100.535336,2.3
43.129,0.004683267,1.359762725,100.435336,2.4
43.142,0.004683267,1.359762725,100.435336,2.4
43.154,0.003831764,1.359762725,100.435336,2.4
43.167,0.003831764,1.359762725,100.435336,2.4
43.18,0.004683267,1.359762725,100.435336,2.4
43.193,0.004683267,1.326806178,100.535336,2.3
43.205,0.004683267,1.293849631,100.535336,2.3
43.218,0.003831764,1.226715924,100.5415245,2.2
43.231,0.003831764,1.193759376,100.4996351,2.3
43.243,0.003831764,1.127846282,100.5058236,2.2
43.256,0.004683267,1.061933188,100.5996351,2.2
43.269,0.004683267,0.99479948,100.6058236,2.1
43.282,0.004683267,0.928886386,100.5996351,2.2
43.294,0.004683267,0.828796131,100.7058236,2
43.307,0.003831764,0.762883037,100.6758345,2.1
43.32,0.003831764,0.662792783,100.6758345,2.1
43.332,0.004683267,0.596879688,100.7758345,2
43.345,0.004683267,0.498010047,100.782023,1.9
43.358,0.004683267,0.397919792,100.8758345,1.9
43.37,0.004683267,0.332006698,100.882023,1.8
43.383,0.004683267,0.26487299,100.9758345,1.8
43.396,0.004683267,0.198959896,100.9401336,1.8
43.409,0.004683267,0.133046802,100.9401336,1.8
43.421,0.004683267,0.065913094,101.0401336,1.7
43.434,0.003831764,0.032956547,101.082023,1.6
43.447,0.003831764,0,101.0401336,1.7
43.459,0.004683267,-0.065913094,101.182023,1.5
43.472,0.004683267,-0.133046802,101.1758345,1.6
43.485,0.004683267,-0.166003349,101.182023,1.5
43.497,0.004683267,-0.198959896,101.1758345,1.6
43.51,0.004683267,-0.26487299,101.282023,1.4
43.523,0.004683267,-0.299050151,101.2758345,1.5
43.536,0.004683267,-0.332006698,101.282023,1.4
43.548,0.004683267,-0.397919792,101.3758345,1.4
43.561,0.004683267,-0.430876339,101.382023,1.3
43.574,0.004683267,-0.498010047,101.3758345,1.4
43.586,0.004683267,-0.530966594,101.382023,1.3
43.599,0.004683267,-0.596879688,101.3758345,1.4
43.612,0.003831764,-0.629836235,101.482023,1.2
43.625,0.003831764,-0.696969943,101.4401336,1.3
43.637,0.003831764,-0.72992649,101.4401336,1.3
43.65,0.003831764,-0.795839584,101.4401336,1.3
43.663,0.004683267,-0.862973292,101.4401336,1.3
43.675,0.004683267,-0.895929839,101.5463221,1.1
43.688,0.004683267,-0.961842933,101.5401336,1.2
43.701,0.004683267,-0.99479948,101.5401336,1.2
43.713,0.004683267,-1.027756028,101.5401336,1.2
43.726,0.004683267,-1.094889735,101.5106213,1.1
43.739,0.004683267,-1.127846282,101.5044328,1.2
43.752,0.004683267,-1.160802829,101.5106213,1.1
43.764,0.004683267,-1.193759376,101.5044328,1.2
43.777,0.004683267,-1.226715924,101.5106213,1.1
43.79,0.004683267,-1.226715924,101.5044328,1.2
43.802,0.004683267,-1.226715924,101.5106213,1.1
43.815,0.004683267,-1.226715924,101.5044328,1.2
43.828,0.004683267,-1.193759376,101.5106213,1.1
43.84,0.004683267,-1.193759376,101.5044328,1.2
43.853,0.004683267,-1.127846282,101.5106213,1.1
43.866,0.004683267,-1.094889735,101.5044328,1.2
43.879,0.004683267,-1.027756028,101.5044328,1.2
43.891,0.004683267,-0.961842933,101.4044328,1.3
43.904,0.004683267,-0.895929839,101.4044328,1.3
43.917,0.004683267,-0.828796131,101.4463221,1.2
43.929,0.004683267,-0.762883037,101.4401336,1.3
43.942,0.004683267,-0.696969943,101.3463221,1.3
43.955,0.004683267,-0.596879688,101.3401336,1.4
43.968,0.004683267,-0.498010047,101.382023,1.3
43.98,0.004683267,-0.397919792,101.2758345,1.5
43.993,0.004683267,-0.332006698,101.282023,1.4
44.006,0.004683267,-0.231916443,101.2758345,1.5
44.018,0.004683267,-0.166003349,101.1758345,1.6
44.031,0.004683267,-0.100090254,101.1996351,1.6
44.044,0.003831764,-0.032956547,101.2058236,1.5
44.056,0.003831764,0.032956547,101.0996351,1.7
44.069,0.003831764,0.100090254,101.0996351,1.7
44.082,0.004683267,0.166003349,101.0996351,1.7
44.095,0.004683267,0.198959896,100.9996351,1.8
44.107,0.004683267,0.231916443,100.9996351,1.8
44.12,0.003831764,0.26487299,100.9996351,1.8
44.133,0.003831764,0.299050151,101.0058236,1.7
44.145,0.003831764,0.332006698,100.9996351,1.8
44.158,0.004683267,0.364963245,100.9058236,1.8
44.171,0.004683267,0.397919792,100.8996351,1.9
44.183,0.004683267,0.397919792,100.882023,1.8
44.196,0.004683267,0.430876339,100.8758345,1.9
44.209,0.004683267,0.463832887,100.882023,1.8
44.222,0.004683267,0.498010047,100.8996351,1.9
44.234,0.004683267,0.498010047,100.9058236,1.8
44.247,0.004683267,0.530966594,100.8758345,1.9
44.26,0.004683267,0.530966594,100.882023,1.8
44.272,0.003831764,0.530966594,100.8758345,1.9
44.285,0.003831764,0.563923141,100.882023,1.8
44.298,0.004683267,0.563923141,100.8996351,1.9
44.311,0.004683267,0.530966594,100.8758345,1.9
44.323,0.004683267,0.530966594,100.8758345,1.9
44.336,0.004683267,0.530966594,100.8758345,1.9
44.349,0.004683267,0.498010047,100.882023,1.8
44.361,0.004683267,0.498010047,100.8758345,1.9
44.374,0.004683267,0.463832887,100.882023,1.8
44.387,0.004683267,0.430876339,100.8758345,1.9
44.399,0.004683267,0.397919792,100.882023,1.8
44.412,0.004683267,0.397919792,100.8758345,1.9
44.425,0.004683267,0.332006698,100.882023,1.8
44.438,0.004683267,0.299050151,100.8758345,1.9
44.45,0.004683267,0.26487299,100.982023,1.7
44.463,0.004683267,0.198959896,100.9758345,1.8
44.476,0.004683267,0.166003349,100.982023,1.7
44.488,0.004683267,0.133046802,100.9758345,1.8
44.501,0.003831764,0.065913094,101.082023,1.6
44.514,0.004683267,0.032956547,101.0401336,1.7
44.526,0.004683267,-0.032956547,101.0463221,1.6
44.539,0.004683267,-0.100090254,101.0401336,1.7
44.552,0.004683267,-0.133046802,101.0463221,1.6
44.565,0.004683267,-0.166003349,101.1401336,1.6
44.577,0.004683267,-0.231916443,101.1401336,1.6
44.59,0.004683267,-0.26487299,101.1463221,1.5
44.603,0.004683267,-0.299050151,101.1401336,1.6
44.615,0.004683267,-0.332006698,101.2463221,1.4
44.628,0.003831764,-0.364963245,101.2401336,1.5
44.641,0.003831764,-0.397919792,101.2463221,1.4
44.654,0.004683267,-0.430876339,101.2401336,1.5
44.666,0.004683267,-0.463832887,101.2463221,1.4
44.679,0.004683267,-0.498010047,101.2401336,1.5
44.692,0.004683267,-0.498010047,101.2401336,1.5
44.704,0.004683267,-0.530966594,101.2044328,1.5
44.717,0.004683267,-0.530966594,101.2044328,1.5
44.73,0.004683267,-0.563923141,101.3044328,1.4
44.742,0.004683267,-0.563923141,101.3463221,1.3
44.755,0.004683267,-0.596879688,101.3401336,1.4
44.768,0.003831764,-0.596879688,101.3401336,1.4
44.781,0.004683267,-0.596879688,101.3401336,1.4
44.793,0.004683267,-0.629836235,101.3401336,1.4
44.806,0.004683267,-0.596879688,101.3463221,1.3
44.819,0.004683267,-0.629836235,101.3401336,1.4
44.831,0.004683267,-0.596879688,101.3463221,1.3
44.844,0.004683267,-0.596879688,101.3401336,1.4
44.857,0.004683267,-0.596879688,101.3463221,1.3
44.869,0.004683267,-0.596879688,101.3401336,1.4
44.882,0.004683267,-0.596879688,101.3463221,1.3
44.895,0.004683267,-0.563923141,101.3401336,1.4
44.908,0.004683267,-0.563923141,101.3463221,1.3
44.92,0.003831764,-0.530966594,101.3401336,1.4
44.933,0.003831764,-0.498010047,101.3401336,1.4
44.946,0.004683267,-0.463832887,101.2401336,1.5
44.958,0.004683267,-0.430876339,101.2401336,1.5
44.971,0.004683267,-0.397919792,101.2401336,1.5
44.984,0.004683267,-0.364963245,101.2401336,1.5
44.997,0.004683267,-0.332006698,101.2463221,1.4
45.009,0.004683267,-0.299050151,101.2758345,1.5
45.022,0.004683267,-0.26487299,101.282023,1.4
45.035,0.004683267,-0.231916443,101.1758345,1.6
45.047,0.004683267,-0.198959896,101.182023,1.5
45.06,0.004683267,-0.166003349,101.169646,1.7
45.073,0.004683267,-0.133046802,101.182023,1.5
45.085,0.004683267,-0.100090254,101.1934466,1.7
45.098,0.004683267,-0.032956547,101.182023,1.5
45.111,0.004683267,0,101.0996351,1.7
45.124,0.004683267,0.032956547,101.082023,1.6
45.136,0.004683267,0.065913094,101.0996351,1.7
45.149,0.004683267,0.100090254,101.1058236,1.6
45.162,0.004683267,0.133046802,101.0996351,1.7
45.174,0.003831764,0.133046802,101.0758345,1.7
45.187,0.003831764,0.166003349,101.0758345,1.7
45.2,0.003831764,0.166003349,101.0758345,1.7
45.212,0.004683267,0.198959896,101.082023,1.6
45.225,0.004683267,0.198959896,101.0996351,1.7
45.238,0.004683267,0.198959896,101.1058236,1.6
45.251,0.004683267,0.198959896,101.0996351,1.7
45.263,0.004683267,0.198959896,101.1058236,1.6
45.276,0.004683267,0.198959896,101.069646,1.8
45.289,0.004683267,0.198959896,101.082023,1.6
45.301,0.004683267,0.166003349,101.069646,1.8
45.314,0.004683267,0.166003349,101.082023,1.6
45.327,0.004683267,0.133046802,101.0758345,1.7
45.34,0.004683267,0.133046802,101.082023,1.6
45.352,0.004683267,0.133046802,101.0758345,1.7
45.365,0.003831764,0.100090254,101.082023,1.6
45.378,0.004683267,0.065913094,101.0758345,1.7
45.39,0.004683267,0.032956547,101.0758345,1.7
45.403,0.004683267,0,101.082023,1.6
45.416,0.004683267,0,101.0758345,1.7
45.428,0.003831764,-0.032956547,101.082023,1.6
45.441,0.003831764,-0.065913094,101.1758345,1.6
45.454,0.004683267,-0.100090254,101.182023,1.5
45.467,0.004683267,-0.133046802,101.1758345,1.6
45.479,0.004683267,-0.166003349,101.182023,1.5
45.492,0.004683267,-0.166003349,101.1758345,1.6
45.505,0.004683267,-0.198959896,101.182023,1.5
45.517,0.004683267,-0.198959896,101.1758345,1.6
45.53,0.004683267,-0.198959896,101.1463221,1.5
45.543,0.004683267,-0.231916443,101.1401336,1.6
45.555,0.003831764,-0.231916443,101.1758345,1.6
45.568,0.003831764,-0.231916443,101.1758345,1.6
45.581,0.004683267,-0.231916443,101.1758345,1.6
45.594,0.004683267,-0.231916443,101.182023,1.5
45.606,0.004683267,-0.26487299,101.1758345,1.6
45.619,0.004683267,-0.26487299,101.182023,1.5
45.632,0.004683267,-0.26487299,101.1758345,1.6
45.644,0.004683267,-0.26487299,101.182023,1.5
45.657,0.004683267,-0.26487299,101.1758345,1.6
45.67,0.004683267,-0.231916443,101.182023,1.5
45.683,0.004683267,-0.231916443,101.1758345,1.6
45.695,0.004683267,-0.231916443,101.182023,1.5
45.708,0.003831764,-0.198959896,101.1758345,1.6
45.721,0.003831764,-0.198959896,101.182023,1.5
45.733,0.004683267,-0.198959896,101.1758345,1.6
45.746,0.004683267,-0.198959896,101.1758345,1.6
45.759,0.003831764,-0.166003349,101.1758345,1.6
45.771,0.004683267,-0.133046802,101.1758345,1.6
45.784,0.004683267,-0.133046802,101.182023,1.5
45.797,0.004683267,-0.100090254,101.1758345,1.6
45.81,0.004683267,-0.065913094,101.182023,1.5
45.822,0.004683267,-0.032956547,101.0758345,1.7
45.835,0.004683267,0,101.082023,1.6
45.848,0.003831764,0.032956547,101.069646,1.8
45.86,0.004683267,0.065913094,101.082023,1.6
45.873,0.004683267,0.100090254,101.069646,1.8
45.886,0.004683267,0.133046802,101.082023,1.6
45.898,0.004683267,0.166003349,101.0996351,1.7
45.911,0.003831764,0.198959896,101.082023,1.6
45.924,0.003831764,0.231916443,100.9996351,1.8
45.937,0.004683267,0.26487299,101.0058236,1.7
45.949,0.004683267,0.332006698,100.9996351,1.8
45.962,0.004683267,0.364963245,100.9996351,1.8
45.975,0.004683267,0.397919792,100.8996351,1.9
45.987,0.004683267,0.430876339,100.8996351,1.9
46,0.003831764,0.463832887,100.9058236,1.8
46.013,0.003831764,0.530966594,100.8996351,1.9
46.026,0.003831764,0.530966594,100.9058236,1.8
46.038,0.004683267,0.563923141,100.7996351,2
46.051,0.004683267,0.596879688,100.8058236,1.9
46.064,0.004683267,0.629836235,100.7934466,2.1
46.076,0.004683267,0.662792783,100.8058236,1.9
46.089,0.004683267,0.662792783,100.7996351,2
46.102,0.004683267,0.696969943,100.8058236,1.9
46.114,0.004683267,0.696969943,100.7996351,2
46.127,0.003831764,0.72992649,100.8058236,1.9
46.14,0.004683267,0.72992649,100.6996351,2.1
46.153,0.004683267,0.762883037,100.6996351,2.1
46.165,0.004683267,0.762883037,100.6996351,2.1
46.178,0.004683267,0.762883037,100.6996351,2.1
46.191,0.003831764,0.762883037,100.7058236,2
46.203,0.003831764,0.762883037,100.6996351,2.1
46.216,0.004683267,0.762883037,100.7058236,2
46.229,0.004683267,0.762883037,100.6996351,2.1
46.241,0.004683267,0.762883037,100.7058236,2
46.254,0.004683267,0.795839584,100.6996351,2.1
46.267,0.003831764,0.795839584,100.7058236,2
46.28,0.003831764,0.795839584,100.6996351,2.1
46.292,0.004683267,0.795839584,100.7058236,2
46.305,0.004683267,0.795839584,100.6996351,2.1
46.318,0.004683267,0.795839584,100.6996351,2.1
46.33,0.004683267,0.795839584,100.6996351,2.1
46.343,0.004683267,0.828796131,100.6996351,2.1
46.356,0.003831764,0.862973292,100.7058236,2
46.369,0.004683267,0.862973292,100.6996351,2.1
46.381,0.004683267,0.895929839,100.7058236,2
46.394,0.004683267,0.895929839,100.6996351,2.1
46.407,0.004683267,0.928886386,100.6058236,2.1
46.419,0.004683267,0.928886386,100.5934466,2.3
46.432,0.004683267,0.961842933,100.6058236,2.1
46.445,0.004683267,0.961842933,100.5934466,2.3
46.457,0.004683267,0.961842933,100.6058236,2.1
46.47,0.004683267,0.99479948,100.5996351,2.2
46.483,0.004683267,0.99479948,100.6058236,2.1
46.496,0.004683267,0.99479948,100.5996351,2.2
46.508,0.004683267,0.99479948,100.6058236,2.1
46.521,0.004683267,0.99479948,100.5996351,2.2
46.534,0.004683267,0.99479948,100.5996351,2.2
46.546,0.003831764,0.99479948,100.5996351,2.2
46.559,0.003831764,0.99479948,100.5996351,2.2
46.572,0.003831764,0.99479948,100.6058236,2.1
46.584,0.003831764,0.961842933,100.5996351,2.2
46.597,0.003831764,0.961842933,100.6058236,2.1
46.61,0.003831764,0.961842933,100.5996351,2.2
46.623,0.004683267,0.928886386,100.6058236,2.1
46.635,0.004683267,0.928886386,100.5934466,2.3
46.648,0.004683267,0.895929839,100.6058236,2.1
46.661,0.004683267,0.895929839,100.5934466,2.3
46.673,0.004683267,0.895929839,100.7058236,2
46.686,0.004683267,0.862973292,100.6996351,2.1
46.699,0.004683267,0.828796131,100.7058236,2
46.712,0.004683267,0.828796131,100.6758345,2.1
46.724,0.004683267,0.795839584,100.682023,2
46.737,0.004683267,0.795839584,100.6758345,2.1
46.75,0.004683267,0.795839584,100.682023,2
46.762,0.004683267,0.762883037,100.682023,2
46.775,0.004683267,0.762883037,100.6758345,2.1
46.788,0.004683267,0.72992649,100.7058236,2
46.8,0.004683267,0.72992649,100.6758345,2.1
46.813,0.004683267,0.696969943,100.682023,2
46.826,0.004683267,0.696969943,100.6758345,2.1
46.839,0.004683267,0.662792783,100.682023,2
46.851,0.004683267,0.629836235,100.7758345,2
46.864,0.004683267,0.629836235,100.782023,1.9
46.877,0.004683267,0.596879688,100.7758345,2
46.889,0.004683267,0.563923141,100.782023,1.9
46.902,0.004683267,0.530966594,100.7758345,2
46.915,0.004683267,0.463832887,100.782023,1.9
46.927,0.004683267,0.430876339,100.7758345,2
46.94,0.004683267,0.397919792,100.8758345,1.9
46.953,0.004683267,0.364963245,100.882023,1.8
46.966,0.004683267,0.299050151,100.8758345,1.9
46.978,0.004683267,0.231916443,100.882023,1.8
46.991,0.004683267,0.166003349,100.9401336,1.8
47.004,0.004683267,0.100090254,100.9463221,1.7
47.016,0.004683267,0.065913094,100.9401336,1.8
47.029,0.004683267,0,100.9463221,1.7
47.042,0.004683267,-0.032956547,101.0401336,1.7
47.055,0.004683267,-0.100090254,101.0463221,1.6
47.067,0.004683267,-0.133046802,101.0401336,1.7
47.08,0.004683267,-0.166003349,101.1463221,1.5
47.093,0.004683267,-0.231916443,101.1401336,1.6
47.105,0.004683267,-0.26487299,101.1463221,1.5
47.118,0.004683267,-0.332006698,101.2401336,1.5
47.131,0.005109019,-0.364963245,101.2401336,1.5
47.143,0.005109019,-0.430876339,101.2463221,1.4
47.156,0.004683267,-0.498010047,101.2758345,1.5
47.169,0.004683267,-0.530966594,101.382023,1.3
47.182,0.004683267,-0.596879688,101.3401336,1.4
47.194,0.004683267,-0.662792783,101.3463221,1.3
47.207,0.004683267,-0.72992649,101.4401336,1.3
47.22,0.004683267,-0.795839584,101.4463221,1.2
47.232,0.004683267,-0.862973292,101.4339451,1.4
47.245,0.004683267,-0.928886386,101.4463221,1.2
47.258,0.004683267,-0.99479948,101.5401336,1.2
47.27,0.004683267,-1.061933188,101.5463221,1.1
47.283,0.004683267,-1.127846282,101.5044328,1.2
47.296,0.004683267,-1.193759376,101.5106213,1.1
47.309,0.004683267,-1.260893084,101.5044328,1.2
47.321,0.004683267,-1.326806178,101.6106213,1
47.334,0.004683267,-1.392719272,101.5806322,1.1
47.347,0.004683267,-1.45985298,101.5868207,1
47.359,0.004683267,-1.492809527,101.5806322,1.1
47.372,0.004683267,-1.558722621,101.5868207,1
47.385,0.004683267,-1.591679168,101.5868207,1
47.398,0.004683267,-1.591679168,101.5806322,1.1
47.41,0.004683267,-1.625856329,101.5868207,1
47.423,0.004683267,-1.591679168,101.5806322,1.1
47.436,0.004683267,-1.591679168,101.5868207,1
47.448,0.004683267,-1.558722621,101.5806322,1.1
47.461,0.004683267,-1.492809527,101.5868207,1
47.474,0.004683267,-1.426896432,101.4806322,1.2
47.486,0.004683267,-1.359762725,101.5106213,1.1
47.499,0.004683267,-1.260893084,101.4982442,1.3
47.512,0.004683267,-1.127846282,101.5106213,1.1
47.525,0.004683267,-1.027756028,101.3982442,1.4
47.537,0.004683267,-0.895929839,101.4463221,1.2
47.55,0.004683267,-0.762883037,101.3401336,1.4
47.563,0.004683267,-0.596879688,101.282023,1.4
47.575,0.004683267,-0.463832887,101.2758345,1.5
47.588,0.005109019,-0.332006698,101.182023,1.5
47.601,0.004683267,-0.198959896,101.0758345,1.7
47.613,0.004683267,-0.065913094,101.0758345,1.7
47.626,0.004683267,0.065913094,100.9996351,1.8
47.639,0.004683267,0.166003349,100.9996351,1.8
47.652,0.004683267,0.26487299,100.9058236,1.8
47.664,0.004683267,0.364963245,100.8996351,1.9
47.677,0.004683267,0.430876339,100.8058236,1.9
47.69,0.004683267,0.530966594,100.7996351,2
47.702,0.004683267,0.596879688,100.7996351,2
47.715,0.004683267,0.662792783,100.6996351,2.1
47.728,0.004683267,0.72992649,100.7058236,2
47.741,0.004683267,0.795839584,100.6996351,2.1
47.753,0.004683267,0.828796131,100.6058236,2.1
47.766,0.004683267,0.895929839,100.5996351,2.2
47.779,0.004683267,0.928886386,100.6058236,2.1
47.791,0.004683267,0.99479948,100.5996351,2.2
47.804,0.004683267,1.027756028,100.5058236,2.2
47.817,0.004683267,1.061933188,100.4996351,2.3
47.829,0.004683267,1.127846282,100.5058236,2.2
47.842,0.004683267,1.160802829,100.535336,2.3
47.855,0.004683267,1.160802829,100.5415245,2.2
47.868,0.004683267,1.193759376,100.535336,2.3
47.88,0.004683267,1.193759376,100.5415245,2.2
47.893,0.004683267,1.193759376,100.435336,2.4
47.906,0.004683267,1.193759376,100.535336,2.3
47.918,0.004683267,1.160802829,100.535336,2.3
47.931,0.004683267,1.127846282,100.4996351,2.3
47.944,0.004683267,1.094889735,100.4996351,2.3
47.956,0.004683267,1.027756028,100.4996351,2.3
47.969,0.004683267,0.99479948,100.4996351,2.3
47.982,0.004683267,0.928886386,100.5996351,2.2
47.995,0.004683267,0.862973292,100.5996351,2.2
48.007,0.004683267,0.795839584,100.5996351,2.2
48.02,0.004683267,0.72992649,100.5996351,2.2
48.033,0.004683267,0.629836235,100.6996351,2.1
48.045,0.004683267,0.563923141,100.6758345,2.1
48.058,0.004683267,0.498010047,100.7758345,2
48.071,0.004683267,0.397919792,100.7758345,2
48.084,0.004683267,0.299050151,100.8758345,1.9
48.096,0.004683267,0.231916443,100.882023,1.8
48.109,0.003831764,0.166003349,100.8758345,1.9
48.122,0.004683267,0.100090254,100.982023,1.7
48.134,0.004683267,0.065913094,100.9758345,1.8
48.147,0.004683267,0.032956547,100.982023,1.7
48.16,0.004683267,0,100.982023,1.7
48.172,0.004683267,-0.032956547,101.0758345,1.7
48.185,0.004683267,-0.100090254,101.0758345,1.7
48.198,0.004683267,-0.133046802,101.0758345,1.7
48.211,0.004683267,-0.133046802,101.0758345,1.7
48.223,0.004683267,-0.166003349,101.0758345,1.7
48.236,0.004683267,-0.198959896,101.182023,1.5
48.249,0.004683267,-0.231916443,101.182023,1.5
48.261,0.004683267,-0.231916443,101.1758345,1.6
48.274,0.004683267,-0.26487299,101.1996351,1.6
48.287,0.004683267,-0.299050151,101.1996351,1.6
48.299,0.004683267,-0.332006698,101.1758345,1.6
48.312,0.004683267,-0.332006698,101.1758345,1.6
48.325,0.004683267,-0.364963245,101.2758345,1.5
48.338,0.004683267,-0.397919792,101.2758345,1.5
48.35,0.004683267,-0.397919792,101.2758345,1.5
48.363,0.004683267,-0.430876339,101.2758345,1.5
48.376,0.004683267,-0.430876339,101.2758345,1.5
48.388,0.005109019,-0.463832887,101.2758345,1.5
48.401,0.004683267,-0.463832887,101.282023,1.4
48.414,0.004683267,-0.463832887,101.2758345,1.5
48.427,0.004683267,-0.463832887,101.3058236,1.4
48.439,0.004683267,-0.463832887,101.2996351,1.5
48.452,0.004683267,-0.463832887,101.282023,1.4
48.465,0.004683267,-0.463832887,101.2758345,1.5
48.477,0.004683267,-0.463832887,101.2758345,1.5
48.49,0.004683267,-0.463832887,101.2758345,1.5
48.503,0.004683267,-0.463832887,101.2996351,1.5
48.515,0.004683267,-0.463832887,101.2996351,1.5
48.528,0.004683267,-0.463832887,101.282023,1.4
48.541,0.004683267,-0.463832887,101.2758345,1.5
48.554,0.004683267,-0.463832887,101.282023,1.4
48.566,0.004683267,-0.463832887,101.2758345,1.5
48.579,0.004683267,-0.463832887,101.2996351,1.5
48.592,0.004683267,-0.463832887,101.2996351,1.5
48.604,0.004683267,-0.463832887,101.2758345,1.5
48.617,0.004683267,-0.498010047,101.2758345,1.5
48.63,0.004683267,-0.498010047,101.2758345,1.5
48.642,0.004683267,-0.498010047,101.2758345,1.5
48.655,0.004683267,-0.530966594,101.2758345,1.5
48.668,0.004683267,-0.530966594,101.2996351,1.5
48.681,0.004683267,-0.563923141,101.3758345,1.4
48.693,0.004683267,-0.563923141,101.3758345,1.4
48.706,0.004683267,-0.596879688,101.3758345,1.4
48.719,0.003831764,-0.596879688,101.3758345,1.4
48.731,0.004683267,-0.629836235,101.3758345,1.4
48.744,0.004683267,-0.629836235,101.3758345,1.4
48.757,0.004683267,-0.662792783,101.3758345,1.4
48.77,0.004683267,-0.662792783,101.3758345,1.4
48.782,0.004683267,-0.662792783,101.3758345,1.4
48.795,0.004683267,-0.662792783,101.3758345,1.4
48.808,0.004683267,-0.696969943,101.3758345,1.4
48.82,0.004683267,-0.696969943,101.382023,1.3
48.833,0.004683267,-0.696969943,101.3758345,1.4
48.846,0.004683267,-0.696969943,101.3758345,1.4
48.858,0.004683267,-0.696969943,101.3758345,1.4
48.871,0.004683267,-0.696969943,101.3758345,1.4
48.884,0.004683267,-0.696969943,101.3758345,1.4
48.897,0.004683267,-0.696969943,101.3758345,1.4
48.909,0.004683267,-0.696969943,101.3758345,1.4
48.922,0.004683267,-0.696969943,101.3758345,1.4
48.935,0.004683267,-0.662792783,101.3758345,1.4
48.947,0.004683267,-0.662792783,101.3758345,1.4
48.96,0.004683267,-0.629836235,101.3758345,1.4
48.973,0.004683267,-0.596879688,101.3758345,1.4
48.985,0.004683267,-0.563923141,101.3758345,1.4
48.998,0.004683267,-0.498010047,101.3758345,1.4
49.011,0.004683267,-0.463832887,101.2996351,1.5
49.024,0.004683267,-0.430876339,101.2996351,1.5
49.036,0.004683267,-0.364963245,101.2996351,1.5
49.049,0.004683267,-0.332006698,101.2996351,1.5
49.062,0.004683267,-0.299050151,101.2996351,1.5
49.074,0.004683267,-0.231916443,101.1996351,1.6
49.087,0.004683267,-0.166003349,101.1996351,1.6
49.1,0.004683267,-0.100090254,101.2058236,1.5
49.113,0.004683267,-0.065913094,101.1996351,1.6
49.125,0.004683267,0,101.2415245,1.5
49.138,0.004683267,0.065913094,101.135336,1.7
49.151,0.004683267,0.100090254,101.1415245,1.6
49.163,0.004683267,0.133046802,101.135336,1.7
49.176,0.004683267,0.198959896,101.135336,1.7
49.189,0.004683267,0.231916443,101.035336,1.8
49.201,0.004683267,0.26487299,101.035336,1.8
49.214,0.004683267,0.299050151,101.035336,1.8
49.227,0.004683267,0.332006698,101.035336,1.8
49.24,0.004683267,0.364963245,101.035336,1.8
49.252,0.004683267,0.397919792,100.935336,1.9
49.265,0.004683267,0.430876339,100.935336,1.9
49.278,0.004683267,0.430876339,100.935336,1.9
49.29,0.004683267,0.463832887,100.935336,1.9
49.303,0.004683267,0.498010047,100.935336,1.9
49.316,0.004683267,0.530966594,100.9415245,1.8
49.328,0.004683267,0.563923141,100.835336,2
49.341,0.003831764,0.563923141,100.8415245,1.9
49.354,0.004683267,0.596879688,100.835336,2
49.367,0.004683267,0.596879688,100.8415245,1.9
49.379,0.004683267,0.629836235,100.835336,2
49.392,0.004683267,0.629836235,100.8415245,1.9
49.405,0.004683267,0.662792783,100.835336,2
49.417,0.004683267,0.662792783,100.8415245,1.9
49.43,0.004683267,0.662792783,100.835336,2
49.443,0.004683267,0.662792783,100.8415245,1.9
49.456,0.004683267,0.662792783,100.835336,2
49.468,0.004683267,0.662792783,100.8415245,1.9
49.481,0.004683267,0.662792783,100.835336,2
49.494,0.004683267,0.629836235,100.8415245,1.9
49.506,0.004683267,0.629836235,100.835336,2
49.519,0.004683267,0.596879688,100.8415245,1.9
49.532,0.004683267,0.596879688,100.835336,2
49.544,0.004683267,0.563923141,100.835336,2
49.557,0.004683267,0.563923141,100.835336,2
49.57,0.004683267,0.530966594,100.7996351,2
49.583,0.004683267,0.498010047,100.835336,2
49.595,0.004683267,0.463832887,100.8996351,1.9
49.608,0.004683267,0.430876339,100.9058236,1.8
49.621,0.004683267,0.430876339,100.8996351,1.9
49.633,0.004683267,0.397919792,100.9058236,1.8
49.646,0.004683267,0.364963245,100.8996351,1.9
49.659,0.004683267,0.364963245,100.9058236,1.8
49.671,0.004683267,0.332006698,100.8996351,1.9
49.684,0.004683267,0.332006698,100.9058236,1.8
49.697,0.004683267,0.332006698,100.8996351,1.9
49.71,0.004683267,0.299050151,100.9058236,1.8
49.722,0.004683267,0.26487299,100.8996351,1.9
49.735,0.004683267,0.26487299,100.882023,1.8
49.748,0.004683267,0.231916443,100.8758345,1.9
49.76,0.004683267,0.231916443,100.9058236,1.8
49.773,0.004683267,0.231916443,100.8996351,1.9
49.786,0.004683267,0.198959896,101.0058236,1.7
49.799,0.004683267,0.166003349,100.9758345,1.8
49.811,0.004683267,0.133046802,100.9758345,1.8
49.824,0.004683267,0.133046802,100.9758345,1.8
49.837,0.004683267,0.133046802,100.9758345,1.8
49.849,0.004683267,0.100090254,100.9758345,1.8
49.862,0.004683267,0.065913094,100.9758345,1.8
49.875,0.004683267,0.065913094,100.9758345,1.8
49.887,0.004683267,0.032956547,101.0758345,1.7
49.9,0.004683267,-0.032956547,101.082023,1.6
49.913,0.004683267,-0.065913094,101.0758345,1.7
49.926,0.004683267,-0.100090254,101.082023,1.6
49.938,0.004683267,-0.133046802,101.0758345,1.7
49.951,0.004683267,-0.166003349,101.0758345,1.7
49.964,0.004683267,-0.198959896,101.1758345,1.6
49.976,0.004683267,-0.231916443,101.1758345,1.6
49.989,0.004683267,-0.26487299,101.1758345,1.6
50.002,0.004683267,-0.299050151,101.182023,1.5
50.014,0.004683267,-0.332006698,101.1758345,1.6
50.027,0.004683267,-0.364963245,101.1758345,1.6
50.04,0.004683267,-0.397919792,101.2758345,1.5
50.053,0.004683267,-0.430876339,101.2758345,1.5
50.065,0.004683267,-0.463832887,101.2758345,1.5
50.078,0.004683267,-0.498010047,101.2758345,1.5
50.091,0.004683267,-0.530966594,101.282023,1.4
50.103,0.004683267,-0.563923141,101.2758345,1.5
50.116,0.004683267,-0.596879688,101.382023,1.3
50.129,0.004683267,-0.629836235,101.3758345,1.4
50.142,0.004683267,-0.662792783,101.382023,1.3
50.154,0.004683267,-0.696969943,101.3758345,1.4
50.167,0.005109019,-0.72992649,101.382023,1.3
50.18,0.005109019,-0.72992649,101.3758345,1.4
50.192,0.004683267,-0.795839584,101.482023,1.2
50.205,0.004683267,-0.795839584,101.4758345,1.3
50.218,0.004683267,-0.828796131,101.482023,1.2
50.23,0.004683267,-0.828796131,101.4758345,1.3
50.243,0.004683267,-0.862973292,101.4758345,1.3
50.256,0.005109019,-0.862973292,101.4758345,1.3
50.269,0.004683267,-0.862973292,101.4758345,1.3
50.281,0.004683267,-0.828796131,101.4758345,1.3
50.294,0.004683267,-0.795839584,101.3401336,1.4
50.307,0.004683267,-0.762883037,101.382023,1.3
50.319,0.004683267,-0.696969943,101.3758345,1.4
50.332,0.004683267,-0.629836235,101.382023,1.3
50.345,0.004683267,-0.530966594,101.3758345,1.4
50.357,0.004683267,-0.430876339,101.282023,1.4
50.37,0.004683267,-0.332006698,101.2996351,1.5
50.383,0.004683267,-0.198959896,101.2058236,1.5
50.396,0.004683267,-0.065913094,101.1996351,1.6
50.408,0.004683267,0.032956547,101.1058236,1.6
50.421,0.004683267,0.166003349,100.9996351,1.8
50.434,0.004683267,0.26487299,101.0415245,1.7
50.446,0.004683267,0.364963245,100.935336,1.9
50.459,0.004683267,0.463832887,100.9415245,1.8
50.472,0.004683267,0.563923141,100.835336,2
50.484,0.004683267,0.662792783,100.8415245,1.9
50.497,0.004683267,0.762883037,100.735336,2.1
50.51,0.004683267,0.828796131,100.635336,2.2
50.523,0.004683267,0.928886386,100.635336,2.2
50.535,0.004683267,0.99479948,100.535336,2.3
50.548,0.004683267,1.094889735,100.5772253,2.2
50.561,0.004683267,1.193759376,100.435336,2.4
50.573,0.004683267,1.326806178,100.4772253,2.3
50.586,0.004683267,1.426896432,100.3710368,2.5
50.599,0.004683267,1.525766074,100.3772253,2.4
50.612,0.004683267,1.625856329,100.3067377,2.6
50.624,0.004683267,1.72472597,100.3129262,2.5
50.637,0.004683267,1.824816225,100.3243498,2.7
50.65,0.004683267,1.890729319,100.2724277,2.6
50.662,0.005109019,2.023776121,100.2600507,2.8
50.675,0.005109019,2.122645762,100.3081285,2.6
50.688,0.005109019,2.222736017,100.2257406,2.8
50.7,0.005109019,2.321605658,100.2319291,2.7
50.713,0.005109019,2.421695913,100.1257406,2.9
50.726,0.005109019,2.553522102,100.06763,2.9
50.739,0.005109019,2.653612356,100.0971424,3
50.751,0.005109019,2.786659158,99.99714236,3.1
50.764,0.005109019,2.885528799,99.93284324,3.2
50.777,0.005960522,3.018575601,99.93284324,3.2
50.789,0.005960522,3.117445243,99.86283233,3.2
50.802,0.005960522,3.217535497,99.79234469,3.4
50.815,0.006386274,3.350582299,99.73423407,3.4
50.827,0.006386274,3.44945194,99.72804557,3.5
50.84,0.006386274,3.515365035,99.63423407,3.5
50.853,0.006386274,3.582498742,99.52804557,3.7
50.866,0.007237777,3.615455289,99.53423407,3.6
50.878,0.007237777,3.615455289,99.56374644,3.7
50.891,0.007237777,3.615455289,99.46993495,3.7
50.904,0.007237777,3.582498742,99.42804557,3.8
50.916,0.007237777,3.515365035,99.43423407,3.7
50.929,0.007237777,3.416495393,99.52804557,3.7
50.942,0.007237777,3.316405139,99.52804557,3.7
50.955,0.007237777,3.18457895,99.49234469,3.7
50.967,0.007663529,3.018575601,99.55664382,3.6
50.98,0.007663529,2.819615705,99.65664382,3.5
50.993,0.007663529,2.620655809,99.73284324,3.4
51.005,0.007663529,2.421695913,99.79714236,3.3
51.018,0.007663529,2.222736017,99.89714236,3.2
51.031,0.007663529,2.023776121,99.96763,3
51.043,0.007663529,1.824816225,100.0257406,3
51.056,0.007663529,1.625856329,100.1319291,2.8
51.069,0.007663529,1.426896432,100.20194,2.8
51.082,0.007663529,1.260893084,100.3081285,2.6
51.094,0.007663529,1.094889735,100.3662392,2.6
51.107,0.007663529,0.928886386,100.3367268,2.5
51.12,0.008515032,0.795839584,100.4067377,2.5
51.132,0.007663529,0.662792783,100.5067377,2.4
51.145,0.008515032,0.530966594,100.4710368,2.4
51.158,0.008515032,0.397919792,100.535336,2.3
51.171,0.008515032,0.26487299,100.535336,2.3
51.183,0.008515032,0.133046802,100.4996351,2.3
51.196,0.008515032,0,100.6058236,2.1
51.209,0.008515032,-0.100090254,100.5758345,2.2
51.221,0.008515032,-0.198959896,100.6463221,2
51.234,0.008515032,-0.332006698,100.6401336,2.1
51.247,0.008515032,-0.430876339,100.6463221,2
51.259,0.008515032,-0.563923141,100.6044328,2.1
51.272,0.008515032,-0.662792783,100.5868207,2
51.285,0.008515032,-0.795839584,100.6806322,2
51.298,0.008515032,-0.961842933,100.6511198,1.9
51.31,0.008515032,-1.160802829,100.6387428,2.1
51.323,0.008515032,-1.392719272,100.5797181,1.9
51.336,0.008515032,-1.625856329,100.5435405,2.1
51.348,0.009366535,-1.857772772,100.6559175,1.8
51.361,0.008515032,-2.122645762,100.6140281,1.9
51.374,0.008515032,-2.388739366,100.5845157,1.8
51.386,0.009366535,-2.653612356,100.4783272,2
51.399,0.009366535,-2.885528799,100.4783272,2
51.412,0.009366535,-3.084488695,100.4845157,1.9
51.425,0.009792286,-3.316405139,100.4140281,2.1
51.437,0.009792286,-3.515365035,100.4202166,2
51.45,0.01064379,-3.715545544,100.449729,2.1
51.463,0.01064379,-3.91450544,100.4797181,2
51.475,0.011069541,-4.113465336,100.4735296,2.1
51.488,0.011921044,-4.245291525,100.4154189,2.1
51.501,0.012346796,-4.312425232,100.4092304,2.2
51.514,0.012346796,-4.345381779,100.4154189,2.1
51.526,0.012346796,-4.312425232,100.3387428,2.4
51.539,0.012346796,-4.212334977,100.3868207,2.2
51.552,0.012346796,-4.046331628,100.4044328,2.3
51.564,0.012346796,-3.88032828,100.3106213,2.3
51.577,0.013198299,-3.648411836,100.2401336,2.5
51.59,0.012346796,-3.383538846,100.282023,2.4
51.602,0.012346796,-3.084488695,100.1996351,2.6
51.615,0.012346796,-2.752481998,100.135336,2.7
51.628,0.012346796,-2.421695913,99.97103683,2.9
51.641,0.012346796,-2.089689215,99.90673771,3
51.653,0.012346796,-1.757682517,99.7367268,3.1
51.666,0.011921044,-1.426896432,99.66623916,3.3
51.679,0.012346796,-1.094889735,99.60812854,3.3
51.691,0.011921044,-0.762883037,99.42574062,3.6
51.704,0.011921044,-0.463832887,99.36763,3.6
51.717,0.011921044,-0.198959896,99.29714236,3.8
51.729,0.011921044,0.032956547,99.13903174,3.9
51.742,0.011921044,0.198959896,99.13284324,4
51.755,0.011921044,0.364963245,99.05664382,4.1
51.768,0.011921044,0.498010047,99.05664382,4.1
51.78,0.011921044,0.662792783,98.99234469,4.2
51.793,0.011921044,0.828796131,98.92804557,4.3
51.806,0.011921044,0.99479948,98.92804557,4.3
51.818,0.011921044,1.160802829,98.82804557,4.4
51.831,0.011921044,1.326806178,98.76374644,4.5
51.844,0.012346796,1.492809527,98.76993495,4.4
51.856,0.012346796,1.658812876,98.68754702,4.6
51.869,0.012346796,1.857772772,98.7294364,4.5
51.882,0.011921044,2.056732668,98.65894877,4.7
51.895,0.012346796,2.255692564,98.72463873,4.6
51.907,0.012346796,2.487609007,98.6541511,4.8
51.92,0.012346796,2.686568903,98.59604048,4.8
51.933,0.012346796,2.918485347,98.64935343,4.9
51.945,0.012346796,3.151622403,98.59124281,4.9
51.958,0.012346796,3.350582299,98.50885488,5.1
51.971,0.012346796,3.582498742,98.48644514,5.1
51.984,0.013198299,3.748502091,98.4159575,5.3
51.996,0.013198299,3.91450544,98.33975808,5.4
52.009,0.013198299,4.046331628,98.37545896,5.4
52.022,0.013198299,4.17937843,98.31115983,5.5
52.034,0.012346796,4.279468685,98.21734834,5.5
52.047,0.013198299,4.345381779,98.21115983,5.6
52.06,0.013198299,4.378338326,98.14114892,5.6
52.072,0.013198299,4.378338326,98.13496041,5.7
52.085,0.013198299,4.345381779,98.14114892,5.6
52.098,0.013198299,4.312425232,98.12877191,5.8
52.111,0.013198299,4.245291525,98.11734834,5.6
52.123,0.013624051,4.113465336,98.10497132,5.8
52.136,0.013198299,3.980418534,98.21734834,5.5
52.149,0.013198299,3.814415185,98.17545896,5.6
52.161,0.013198299,3.615455289,98.28164746,5.4
52.174,0.013198299,3.383538846,98.33975808,5.4
52.187,0.013624051,3.151622403,98.52214601,5.1
52.199,0.013624051,2.918485347,98.58025663,5.1
52.212,0.013624051,2.653612356,98.64455575,5
52.225,0.013624051,2.388739366,98.70885488,4.9
52.238,0.013198299,2.155602309,98.8850543,4.7
52.25,0.013198299,1.890729319,98.95554193,4.5
52.263,0.013198299,1.658812876,99.01365255,4.5
52.276,0.013624051,1.426896432,98.99604048,4.4
52.288,0.013624051,1.226715924,99.01845022,4.4
52.301,0.013624051,1.027756028,99.08893786,4.2
52.314,0.013624051,0.828796131,99.15894877,4.2
52.327,0.013624051,0.629836235,99.2294364,4
52.339,0.013624051,0.430876339,99.18754702,4.1
52.352,0.013624051,0.231916443,99.29373553,3.9
52.365,0.013624051,0.100090254,99.26374644,4
52.377,0.013624051,-0.065913094,99.33423407,3.8
52.39,0.013624051,-0.198959896,99.29234469,3.9
52.403,0.013624051,-0.332006698,99.25664382,3.9
52.415,0.014475554,-0.463832887,99.33284324,3.8
52.428,0.014475554,-0.596879688,99.29714236,3.8
52.441,0.013624051,-0.72992649,99.30333087,3.7
52.454,0.013624051,-0.895929839,99.26144149,3.8
52.466,0.013624051,-1.061933188,99.23192912,3.7
52.479,0.013624051,-1.293849631,99.20194003,3.8
52.492,0.013624051,-1.525766074,99.27242767,3.6
52.504,0.013624051,-1.757682517,99.23053829,3.7
52.517,0.013624051,-2.023776121,99.17722534,3.6
52.53,0.013624051,-2.288649111,99.13533596,3.7
52.542,0.014475554,-2.520565554,99.08202301,3.6
52.555,0.014475554,-2.752481998,99.00443276,3.7
52.568,0.013624051,-2.952662507,98.98682068,3.6
52.581,0.014475554,-3.151622403,99.0449313,3.6
52.593,0.014475554,-3.316405139,99.00923043,3.6
52.606,0.014475554,-3.44945194,99.00923043,3.6
52.619,0.014475554,-3.582498742,99.00923043,3.6
52.631,0.014901305,-3.715545544,99.01541894,3.5
52.644,0.014901305,-3.814415185,99.0449313,3.6
52.657,0.014901305,-3.847371732,99.05111981,3.5
52.67,0.014901305,-3.88032828,98.9449313,3.7
52.682,0.014901305,-3.847371732,98.98682068,3.6
52.695,0.015752809,-3.748502091,98.97444367,3.8
52.708,0.015752809,-3.681368384,99.01062126,3.6
52.72,0.015752809,-3.549542195,98.90443276,3.8
52.733,0.014901305,-3.416495393,98.94632214,3.7
52.746,0.014901305,-3.250492044,98.84013363,3.9
52.758,0.014901305,-3.117445243,98.88202301,3.8
52.771,0.014901305,-2.952662507,98.7758345,4
52.784,0.014901305,-2.752481998,98.80582359,3.9
52.797,0.014901305,-2.553522102,98.73533596,4.1
52.809,0.014901305,-2.321605658,98.63533596,4.2
52.822,0.014901305,-2.089689215,98.57722534,4.2
52.835,0.014901305,-1.890729319,98.47103683,4.4
52.847,0.014901305,-1.658812876,98.41292621,4.4
52.86,0.014901305,-1.45985298,98.33053829,4.6
52.873,0.014901305,-1.226715924,98.27242767,4.6
52.885,0.014475554,-1.027756028,98.16623916,4.8
52.898,0.014475554,-0.795839584,98.10812854,4.8
52.911,0.014475554,-0.596879688,98.01955211,5.1
52.924,0.014475554,-0.397919792,98.06763,4.9
52.936,0.014475554,-0.231916443,97.96144149,5.1
52.949,0.014475554,-0.065913094,97.90333087,5.1
52.962,0.014475554,0.065913094,97.79714236,5.3
52.974,0.014475554,0.198959896,97.83903174,5.2
52.987,0.014475554,0.332006698,97.85664382,5.3
53,0.014475554,0.463832887,97.75664382,5.4
53.013,0.014475554,0.629836235,97.79234469,5.4
53.025,0.014475554,0.795839584,97.69234469,5.5
53.038,0.014475554,0.895929839,97.5985332,5.5
53.051,0.014475554,1.027756028,97.59234469,5.6
53.063,0.014475554,1.160802829,97.63423407,5.5
53.076,0.014475554,1.293849631,97.52804557,5.7
53.089,0.014901305,1.392719272,97.56993495,5.6
53.101,0.014901305,1.525766074,97.58754702,5.7
53.114,0.014901305,1.691769423,97.49373553,5.7
53.127,0.014901305,1.857772772,97.52324789,5.8
53.14,0.014901305,1.989598961,97.56513728,5.7
53.152,0.015752809,2.155602309,97.61845022,5.8
53.165,0.015752809,2.321605658,97.5603396,5.8
53.178,0.015752809,2.45465246,97.58985197,5.9
53.19,0.015752809,2.620655809,97.51365255,6
53.203,0.015752809,2.71952545,97.54935343,6
53.216,0.015752809,2.852572252,97.5850543,6
53.228,0.015752809,2.952662507,97.59124281,5.9
53.241,0.015752809,3.018575601,97.50885488,6.1
53.254,0.015752809,3.084488695,97.51504339,6
53.267,0.015752809,3.117445243,97.54455575,6.1
53.279,0.015752809,3.151622403,97.55074426,6
53.292,0.015752809,3.151622403,97.54455575,6.1
53.305,0.015752809,3.151622403,97.55074426,6
53.317,0.015752809,3.117445243,97.54455575,6.1
53.33,0.015752809,3.051532148,97.55074426,6
53.343,0.01617856,2.985619054,97.64455575,6
53.356,0.015752809,2.885528799,97.60885488,6
53.368,0.015752809,2.786659158,97.70885488,5.9
53.381,0.015752809,2.653612356,97.6850543,5.9
53.394,0.015752809,2.553522102,97.79124281,5.7
53.406,0.015752809,2.421695913,97.7850543,5.8
53.419,0.01617856,2.255692564,97.89124281,5.6
53.432,0.015752809,2.122645762,97.9850543,5.6
53.444,0.01617856,1.923685866,98.05554193,5.4
53.457,0.015752809,1.757682517,98.14316492,5.5
53.47,0.01617856,1.625856329,98.21984106,5.2
53.483,0.01617856,1.45985298,98.18366346,5.4
53.495,0.01617856,1.293849631,98.29604048,5.1
53.508,0.01617856,1.160802829,98.38985197,5.1
53.521,0.01617856,0.99479948,98.4603396,4.9
53.533,0.01617856,0.862973292,98.41845022,5
53.546,0.01617856,0.762883037,98.52463873,4.8
53.559,0.01617856,0.629836235,98.58274935,4.8
53.571,0.01617856,0.498010047,98.58893786,4.7
53.584,0.01617856,0.364963245,98.65894877,4.7
53.597,0.01617856,0.26487299,98.65894877,4.7
53.61,0.01617856,0.166003349,98.7294364,4.5
53.622,0.01617856,0.065913094,98.72324789,4.6
53.635,0.01617856,-0.032956547,98.69373553,4.5
53.648,0.01617856,-0.133046802,98.68754702,4.6
53.66,0.01617856,-0.198959896,98.76993495,4.4
53.673,0.01617856,-0.299050151,98.75755793,4.6
53.686,0.01617856,-0.364963245,98.76993495,4.4
53.699,0.01617856,-0.463832887,98.75755793,4.6
53.711,0.01617856,-0.530966594,98.73423407,4.4
53.724,0.01617856,-0.629836235,98.72804557,4.5
53.737,0.01617856,-0.72992649,98.7985332,4.3
53.749,0.01617856,-0.862973292,98.79234469,4.4
53.762,0.01617856,-0.961842933,98.76283233,4.3
53.775,0.01617856,-1.094889735,98.73284324,4.4
53.787,0.01617856,-1.226715924,98.73903174,4.3
53.8,0.01617856,-1.392719272,98.80333087,4.2
53.813,0.01617856,-1.525766074,98.76144149,4.3
53.826,0.01617856,-1.658812876,98.76763,4.2
53.838,0.015752809,-1.824816225,98.72574062,4.3
53.851,0.01617856,-1.956642413,98.70812854,4.2
53.864,0.01617856,-2.122645762,98.80194003,4.2
53.876,0.01617856,-2.255692564,98.77242767,4.1
53.889,0.01617856,-2.388739366,98.73053829,4.2
53.902,0.01617856,-2.487609007,98.71292621,4.1
53.914,0.01617856,-2.587699262,98.67103683,4.2
53.927,0.01617856,-2.686568903,98.64152447,4.1
53.94,0.01617856,-2.819615705,98.63533596,4.2
53.953,0.01617856,-2.918485347,98.70582359,4
53.965,0.01617856,-3.018575601,98.6758345,4.1
53.978,0.01617856,-3.117445243,98.6758345,4.1
53.991,0.01617856,-3.18457895,98.64013363,4.1
54.003,0.01617856,-3.283448591,98.64013363,4.1
54.016,0.01617856,-3.350582299,98.61062126,4
54.029,0.01617856,-3.416495393,98.60443276,4.1
54.042,0.01617856,-3.482408487,98.61062126,4
54.054,0.01617856,-3.549542195,98.60443276,4.1
54.067,0.01617856,-3.615455289,98.71062126,3.9
54.08,0.01617856,-3.648411836,98.68063217,4
54.092,0.01617856,-3.681368384,98.71062126,3.9
54.105,0.01617856,-3.681368384,98.70443276,4
54.118,0.017030063,-3.715545544,98.61062126,4
54.13,0.017030063,-3.715545544,98.60443276,4.1
54.143,0.01617856,-3.715545544,98.61062126,4
54.156,0.01617856,-3.681368384,98.64013363,4.1
54.169,0.01617856,-3.681368384,98.64632214,4
54.181,0.01617856,-3.681368384,98.64013363,4.1
54.194,0.01617856,-3.681368384,98.64013363,4.1
54.207,0.01617856,-3.648411836,98.64632214,4
54.219,0.01617856,-3.648411836,98.64013363,4.1
54.232,0.017030063,-3.615455289,98.64632214,4
54.245,0.017030063,-3.582498742,98.64013363,4.1
54.257,0.017030063,-3.549542195,98.68202301,4
54.27,0.017030063,-3.549542195,98.6758345,4.1
54.283,0.01617856,-3.482408487,98.68202301,4
54.296,0.01617856,-3.44945194,98.5758345,4.2
54.308,0.01617856,-3.383538846,98.58202301,4.1
54.321,0.01617856,-3.283448591,98.569646,4.3
54.334,0.017030063,-3.151622403,98.50582359,4.2
54.346,0.017030063,-2.985619054,98.49344658,4.4
54.359,0.017030063,-2.852572252,98.44152447,4.3
54.372,0.01617856,-2.653612356,98.43533596,4.4
54.385,0.01617856,-2.388739366,98.37722534,4.4
54.397,0.01617856,-2.122645762,98.30673771,4.6
54.41,0.01617856,-1.857772772,98.2367268,4.6
54.423,0.01617856,-1.591679168,98.06623916,4.9
54.435,0.01617856,-1.359762725,98.00812854,4.9
54.448,0.01617856,-1.094889735,97.92574062,5.1
54.461,0.015752809,-0.828796131,97.82574062,5.2
54.473,0.015752809,-0.596879688,97.76144149,5.3
54.486,0.015752809,-0.364963245,97.69714236,5.4
54.499,0.015752809,-0.166003349,97.63903174,5.4
54.512,0.01617856,0.032956547,97.55664382,5.6
54.524,0.015752809,0.166003349,97.56283233,5.5
54.537,0.015752809,0.299050151,97.49234469,5.7
54.55,0.015752809,0.463832887,97.4985332,5.6
54.562,0.01617856,0.596879688,97.42804557,5.8
54.575,0.01617856,0.762883037,97.43423407,5.7
54.588,0.01617856,0.895929839,97.32804557,5.9
54.6,0.01617856,1.027756028,97.36993495,5.8
54.613,0.015752809,1.160802829,97.26374644,6
54.626,0.015752809,1.260893084,97.29373553,5.9
54.639,0.015752809,1.426896432,97.28754702,6
54.651,0.01617856,1.558722621,97.2294364,6
54.664,0.01617856,1.72472597,97.25894877,6.1
54.677,0.01617856,1.890729319,97.28893786,6
54.689,0.01617856,2.056732668,97.21845022,6.2
54.702,0.01617856,2.222736017,97.29604048,6.1
54.715,0.01617856,2.388739366,97.31365255,6.2
54.728,0.01617856,2.553522102,97.25554193,6.2
54.74,0.01617856,2.686568903,97.2850543,6.3
54.753,0.01617856,2.852572252,97.30885488,6.3
54.766,0.017030063,2.952662507,97.24455575,6.4
54.778,0.017030063,3.018575601,97.28025663,6.4
54.791,0.017030063,3.051532148,97.28025663,6.4
54.804,0.017030063,3.084488695,97.28025663,6.4
54.816,0.017030063,3.051532148,97.28025663,6.4
54.829,0.017030063,2.985619054,97.38025663,6.3
54.842,0.017030063,2.885528799,97.38025663,6.3
54.855,0.017030063,2.752481998,97.48025663,6.2
54.867,0.017030063,2.587699262,97.44455575,6.2
54.88,0.017030063,2.421695913,97.54455575,6.1
54.893,0.017030063,2.222736017,97.61504339,5.9
54.905,0.017881567,2.023776121,97.70885488,5.9
54.918,0.017881567,1.790639065,97.8850543,5.7
54.931,0.017030063,1.558722621,97.94935343,5.6
54.943,0.017881567,1.326806178,98.04935343,5.5
54.956,0.017881567,1.127846282,98.11365255,5.4
54.969,0.017881567,0.961842933,98.21984106,5.2
54.982,0.017030063,0.762883037,98.28985197,5.2
54.994,0.017030063,0.596879688,98.3603396,5
55.007,0.017030063,0.430876339,98.41845022,5
55.02,0.017881567,0.26487299,98.41845022,5
55.032,0.017881567,0.100090254,98.48274935,4.9
55.045,0.017881567,-0.032956547,98.45894877,4.9
55.058,0.017030063,-0.166003349,98.52324789,4.8
55.071,0.017881567,-0.26487299,98.5294364,4.7
55.083,0.017030063,-0.397919792,98.48754702,4.8
55.096,0.017030063,-0.563923141,98.59373553,4.6
55.109,0.017030063,-0.72992649,98.56374644,4.7
55.121,0.017030063,-0.928886386,98.56374644,4.7
55.134,0.017030063,-1.226715924,98.59234469,4.6
55.147,0.017030063,-1.525766074,98.55664382,4.6
55.159,0.017030063,-1.890729319,98.59714236,4.5
55.172,0.017030063,-2.321605658,98.53192912,4.4
55.185,0.017030063,-2.752481998,98.56623916,4.4
55.198,0.017030063,-3.18457895,98.57722534,4.2
55.21,0.017030063,-3.681368384,98.5758345,4.2
55.223,0.017881567,-4.279468685,98.58063217,4.1
55.236,0.019158821,-4.942261467,98.70923043,3.9
55.248,0.020436076,-5.572097703,98.77352955,3.8
55.261,0.022139082,-6.136020844,98.74972897,3.8
55.274,0.02426784,-6.699943985,98.77971806,3.7
55.286,0.025970847,-7.197954031,98.67352955,3.9
55.299,0.028099605,-7.62883037,98.67971806,3.8
55.312,0.030228363,-8.026750163,98.57352955,4
55.325,0.031931369,-8.35875686,98.50923043,4.1
55.337,0.034060127,-8.657807011,98.50923043,4.1
55.35,0.035337382,-8.922680001,98.4449313,4.2
55.363,0.037466139,-9.08868335,98.41541894,4.1
55.375,0.038743394,-9.254686699,98.3449313,4.3
55.388,0.040020649,-9.386512888,98.25111981,4.3
55.401,0.041297904,-9.519559689,98.2449313,4.4
55.414,0.041723655,-9.652606491,98.18063217,4.5
55.426,0.042575158,-9.751476133,98.08063217,4.6
55.439,0.043852413,-9.81860984,97.98063217,4.7
55.452,0.044278165,-9.851566387,98.00443276,4.7
55.464,0.045129668,-9.884522934,97.91062126,4.7
55.477,0.045129668,-9.884522934,97.80443276,4.9
55.49,0.04555542,-9.884522934,97.81062126,4.8
55.502,0.04555542,-9.81860984,97.74013363,5
55.515,0.046406923,-9.751476133,97.74013363,5
55.528,0.046406923,-9.619649944,97.64013363,5.1
55.541,0.046406923,-9.486603142,97.6758345,5.1
55.553,0.046406923,-9.287643246,97.5758345,5.2
55.566,0.047258426,-9.08868335,97.50582359,5.2
55.579,0.047258426,-8.7896332,97.43533596,5.4
55.591,0.046406923,-8.457626502,97.47722534,5.3
55.604,0.046406923,-8.09388387,97.33053829,5.6
55.617,0.04555542,-7.694743465,97.26623916,5.7
55.629,0.045129668,-7.263867126,97.22574062,5.8
55.642,0.045129668,-6.865947333,97.06144149,6
55.655,0.044278165,-6.435070994,96.93284324,6.2
55.668,0.043852413,-5.970017495,96.86283233,6.2
55.68,0.043852413,-5.506184608,96.69234469,6.5
55.693,0.04300091,-5.042351722,96.56993495,6.6
55.706,0.042575158,-4.544341675,96.28754702,7
55.718,0.042575158,-4.046331628,96.12324789,7.2
55.731,0.041723655,-3.482408487,95.85894877,7.5
55.744,0.041723655,-2.952662507,95.71845022,7.7
55.757,0.041297904,-2.388739366,95.4541511,8
55.769,0.040446401,-1.790639065,95.21365255,8.3
55.782,0.040020649,-1.193759376,94.94935343,8.6
55.795,0.040020649,-0.629836235,94.70885488,8.9
55.807,0.039169146,-0.100090254,94.58025663,9.1
55.82,0.039169146,0.364963245,94.53975808,9.2
55.833,0.038743394,0.72992649,94.53496041,9.3
55.845,0.038743394,0.99479948,94.60636216,9.3
55.858,0.038743394,1.260893084,94.54206303,9.4
55.871,0.039169146,1.558722621,94.46586361,9.5
55.884,0.039169146,1.923685866,94.43726536,9.6
55.896,0.040020649,2.421695913,94.43246769,9.7
55.909,0.040020649,3.084488695,94.46337089,9.8
55.922,0.040446401,3.947461987,94.31807468,10.1
55.934,0.040446401,4.942261467,94.14418021,10.5
55.947,0.040446401,5.970017495,93.90598661,11
55.96,0.040020649,7.064907229,93.46779302,11.7
55.972,0.039169146,8.292843766,92.70008706,12.6
55.985,0.037466139,9.585472784,91.59049171,13.9
55.998,0.033208624,10.84636587,90.45090728,15.3
56.011,0.028099605,11.97421215,89.28181048,16.6
56.023,0.022990586,12.90309854,88.24131194,17.7
56.036,0.017881567,13.69893812,87.34131194,18.6
56.049,0.012346796,14.26286126,86.50561107,19.4
56.061,0.007663529,14.6937376,85.90561107,20
56.074,0.003831764,14.99278775,85.28181048,20.6
56.087,0,15.19174765,84.88181048,21
56.1,-0.003406013,15.25766074,84.40561107,21.5
56.112,-0.006386274,15.22470419,84.04131194,21.9
56.125,-0.008940783,15.22470419,83.74131194,22.2
56.138,-0.010218038,15.29061729,83.64131194,22.3
56.15,-0.011921044,15.42366409,83.50561107,22.4
56.163,-0.013198299,15.48957718,83.38181048,22.5
56.176,-0.014475554,15.55671089,83.28181048,22.6
56.188,-0.015752809,15.52375434,83.14610961,22.7
56.201,-0.01617856,15.45662064,83.11040874,22.7
56.214,-0.017030063,15.29061729,83.05090728,22.7
56.227,-0.017030063,15.09165739,83.11520641,22.6
56.239,-0.017030063,14.8267844,83.26189346,22.3
56.252,-0.017030063,14.4947777,83.34860233,22.2
56.265,-0.017030063,14.06390136,83.55958851,21.8
56.277,-0.01617856,13.56589132,83.75819767,21.6
56.29,-0.015752809,13.03614534,83.96299535,21.3
56.303,-0.014901305,12.50517874,84.13209214,21
56.315,-0.014475554,11.97421215,84.33688981,20.7
56.328,-0.013198299,11.44324556,84.50598661,20.4
56.341,-0.013198299,10.87932241,84.58127192,20.1
56.354,-0.011921044,10.34835582,84.74418021,19.9
56.366,-0.010218038,9.751476133,84.79566493,19.6
56.379,-0.008940783,9.154596445,84.85857322,19.5
56.392,-0.008515032,8.557716756,84.89196915,19.3
56.404,-0.007237777,7.894923974,84.93726536,19.1
56.417,-0.005960522,7.263867126,84.97066129,18.9
56.43,-0.003831764,6.601074343,84.9159575,18.8
56.443,-0.002128758,5.9041044,84.81365255,18.7
56.455,0,5.17417791,84.8294364,18.4
56.468,0.002128758,4.411294873,84.65664382,18.5
56.481,0.004683267,3.648411836,84.60812854,18.3
56.493,0.006386274,2.918485347,84.43533596,18.4
56.506,0.008515032,2.321605658,84.34632214,18.3
56.519,0.009792286,1.757682517,84.18063217,18.5
56.531,0.011921044,1.193759376,84.15111981,18.4
56.544,0.013624051,0.662792783,84.0449313,18.6
56.557,0.015752809,0.133046802,84.01541894,18.5
56.57,0.017030063,-0.299050151,83.80923043,18.8
56.582,0.018307318,-0.596879688,83.61541894,18.9
56.595,0.018307318,-0.862973292,83.40923043,19.2
56.608,0.018307318,-1.160802829,83.11541894,19.4
56.62,0.019158821,-1.625856329,82.90923043,19.7
56.633,0.019584573,-2.255692564,82.81541894,19.7
56.646,0.021713331,-3.051532148,82.57352955,20
56.658,0.02426784,-3.947461987,82.61541894,19.9
56.671,0.029376859,-4.975218014,82.70923043,19.9
56.684,0.035337382,-6.070107749,82.80923043,19.8
56.697,0.041723655,-7.097863777,82.70923043,19.9
56.709,0.047258426,-7.960837068,82.7449313,19.9
56.722,0.052793196,-8.657807011,82.5449313,20.1
56.735,0.058327967,-9.254686699,82.48063217,20.2
56.747,0.062585483,-9.718519585,82.38682068,20.2
56.76,0.066842999,-10.08348283,82.30443276,20.4
56.773,0.070674763,-10.34835582,82.21062126,20.4
56.786,0.073229273,-10.58149288,82.20443276,20.5
56.798,0.075783782,-10.74749623,82.11062126,20.5
56.811,0.07791254,-10.84636587,82.04013363,20.7
56.824,0.079615546,-10.94645612,82.04632214,20.6
56.836,0.080892801,-11.01236922,81.94013363,20.8
56.849,0.082170056,-11.04532576,81.94632214,20.7
56.862,0.083447311,-11.07828231,81.9758345,20.8
56.874,0.084298814,-11.01236922,81.88202301,20.8
56.887,0.085150317,-10.94645612,81.8758345,20.9
56.9,0.085576069,-10.81340932,81.79963509,21
56.913,0.085576069,-10.61444942,81.69963509,21.1
56.925,0.085576069,-10.34835582,81.73533596,21.1
56.938,0.085576069,-10.05052628,81.67103683,21.2
56.951,0.085150317,-9.652606491,81.60673771,21.3
56.963,0.084298814,-9.221730152,81.47242767,21.4
56.976,0.083447311,-8.756676652,81.40194003,21.6
56.989,0.083021559,-8.292843766,81.23192912,21.7
57.001,0.082170056,-7.860746814,81.19714236,21.9
57.014,0.081744304,-7.396913927,81.03903174,22
57.027,0.081744304,-6.931860428,80.99234469,22.2
57.04,0.080892801,-6.500984088,80.7985332,22.3
57.052,0.080467049,-6.103064296,80.52804557,22.7
57.065,0.080467049,-5.672187957,80.36993495,22.8
57.078,0.079615546,-5.207134458,80.16374644,23.1
57.09,0.079189795,-4.710345024,79.88754702,23.4
57.103,0.078338292,-4.212334977,79.72324789,23.6
57.116,0.078338292,-3.715545544,79.45894877,23.9
57.129,0.07791254,-3.250492044,79.28274935,24.1
57.141,0.077061037,-2.786659158,79.11845022,24.3
57.154,0.076635285,-2.354562206,78.9541511,24.5
57.167,0.075783782,-1.956642413,78.88985197,24.6
57.179,0.075783782,-1.591679168,78.71365255,24.8
57.192,0.07535803,-1.260893084,78.64935343,24.9
57.205,0.07535803,-0.961842933,78.59124281,24.9
57.217,0.07535803,-0.696969943,78.60885488,25
57.23,0.07535803,-0.430876339,78.55074426,25
57.243,0.074506527,-0.166003349,78.48025663,25.2
57.256,0.074506527,0.065913094,78.52214601,25.1
57.268,0.073655024,0.26487299,78.47545896,25.3
57.281,0.073655024,0.463832887,78.51734834,25.2
57.294,0.073655024,0.629836235,78.53496041,25.3
57.306,0.073655024,0.795839584,78.57066129,25.3
57.319,0.073229273,0.928886386,78.60636216,25.3
57.332,0.073229273,1.094889735,78.64206303,25.3
57.344,0.073655024,1.293849631,78.66586361,25.3
57.357,0.073655024,1.492809527,78.56586361,25.4
57.37,0.074506527,1.658812876,78.607753,25.3
57.383,0.07535803,1.857772772,78.63726536,25.4
57.395,0.075783782,2.122645762,78.70295532,25.3
57.408,0.076635285,2.421695913,78.66816856,25.5
57.421,0.077061037,2.819615705,78.6695594,25.5
57.433,0.077061037,3.250492044,78.79427409,25.6
57.446,0.07791254,3.681368384,78.79566493,25.6
57.459,0.07791254,4.046331628,78.78467875,25.8
57.472,0.077061037,4.378338326,78.88606959,25.7
57.484,0.077061037,4.577298222,78.87508341,25.9
57.497,0.077061037,4.743301571,78.91697279,25.8
57.51,0.077061037,4.776258118,78.94648516,25.9
57.522,0.077061037,4.776258118,78.95267366,25.8
57.535,0.077061037,4.643211317,79.01078428,25.8
57.548,0.077061037,4.411294873,79.11697279,25.6
57.56,0.077061037,4.113465336,79.25128283,25.5
57.573,0.077061037,3.748502091,79.41558195,25.3
57.586,0.077061037,3.383538846,79.44418021,25.2
57.599,0.077061037,2.985619054,79.58467875,25
57.611,0.077061037,2.587699262,79.69566493,24.7
57.624,0.076635285,2.222736017,79.71807468,24.7
57.637,0.076635285,1.890729319,79.86476173,24.4
57.649,0.077061037,1.625856329,79.92287235,24.4
57.662,0.077061037,1.392719272,79.8695594,24.3
57.675,0.077061037,1.160802829,79.92767002,24.3
57.687,0.077061037,0.928886386,79.99815765,24.1
57.7,0.077061037,0.72992649,80.06816856,24.1
57.713,0.077061037,0.530966594,80.0386562,24
57.726,0.07791254,0.364963245,80.06106594,24
57.738,0.07791254,0.198959896,80.04345387,23.9
57.751,0.077061037,0.065913094,80.10156449,23.9
57.764,0.077061037,-0.065913094,80.07205212,23.8
57.776,0.07791254,-0.166003349,80.04206303,23.9
57.789,0.07791254,-0.26487299,80.00636216,23.9
57.802,0.077061037,-0.364963245,79.97066129,23.9
57.815,0.077061037,-0.463832887,79.97066129,23.9
57.827,0.077061037,-0.563923141,79.93496041,23.9
57.84,0.076635285,-0.662792783,79.94114892,23.8
57.853,0.077061037,-0.795839584,79.91734834,23.8
57.865,0.076635285,-0.928886386,79.87545896,23.9
57.878,0.076635285,-1.061933188,79.83975808,23.9
57.891,0.076635285,-1.226715924,79.8159575,23.9
57.903,0.076635285,-1.392719272,79.88644514,23.7
57.916,0.076635285,-1.591679168,79.84455575,23.8
57.929,0.076635285,-1.72472597,79.81504339,23.7
57.942,0.076635285,-1.857772772,79.7850543,23.8
57.954,0.077061037,-1.989598961,79.75554193,23.7
57.967,0.077061037,-2.089689215,79.71365255,23.8
57.98,0.077061037,-2.18977947,79.71365255,23.8
57.992,0.076635285,-2.255692564,79.68985197,23.8
58.005,0.076635285,-2.321605658,79.6541511,23.8
58.018,0.076635285,-2.388739366,79.6541511,23.8
58.03,0.077061037,-2.45465246,79.61845022,23.8
58.043,0.077061037,-2.487609007,79.71845022,23.7
58.056,0.077061037,-2.487609007,79.68274935,23.7
58.069,0.077061037,-2.45465246,79.68893786,23.6
58.081,0.076635285,-2.388739366,79.58274935,23.8
58.094,0.076635285,-2.321605658,79.62463873,23.7
58.107,0.076635285,-2.222736017,79.61845022,23.8
58.119,0.076635285,-2.089689215,79.52463873,23.8
58.132,0.076635285,-1.923685866,79.5541511,23.9
58.145,0.076635285,-1.72472597,79.4603396,23.9
58.158,0.075783782,-1.45985298,79.38985197,24.1
58.17,0.075783782,-1.193759376,79.29604048,24.1
58.183,0.07535803,-0.928886386,79.21365255,24.3
58.196,0.07535803,-0.662792783,79.15554193,24.3
58.208,0.07535803,-0.430876339,79.0850543,24.5
58.221,0.07535803,-0.231916443,78.99124281,24.5
58.234,0.07535803,-0.065913094,79.00885488,24.6
58.246,0.07535803,0.065913094,78.94455575,24.7
58.259,0.07535803,0.198959896,78.94455575,24.7
58.272,0.07535803,0.332006698,78.88025663,24.8
58.285,0.07535803,0.463832887,78.88644514,24.7
58.297,0.07535803,0.596879688,78.78025663,24.9
58.31,0.07535803,0.72992649,78.78644514,24.8
58.323,0.07535803,0.828796131,78.8159575,24.9
58.335,0.075783782,0.928886386,78.72214601,24.9
58.348,0.075783782,1.027756028,78.70976899,25.1
58.361,0.075783782,1.127846282,78.74594659,24.9
58.373,0.075783782,1.226715924,78.73356958,25.1
58.386,0.076635285,1.326806178,78.78164746,24.9
58.399,0.076635285,1.426896432,78.77545896,25
58.412,0.076635285,1.525766074,78.81734834,24.9
58.424,0.076635285,1.658812876,78.83496041,25
58.437,0.077061037,1.824816225,78.87684979,24.9
58.45,0.077061037,1.989598961,78.90636216,25
58.462,0.077061037,2.155602309,78.84206303,25.1
58.475,0.077061037,2.321605658,78.86586361,25.1
58.488,0.07791254,2.520565554,78.93726536,25.1
58.501,0.07791254,2.71952545,78.96725445,25
58.513,0.07791254,2.918485347,78.93246769,25.2
58.526,0.07791254,3.117445243,78.99815765,25.1
58.539,0.07791254,3.350582299,79.06337089,25.2
58.551,0.07791254,3.582498742,79.09335998,25.1
58.564,0.07791254,3.814415185,79.05857322,25.3
58.577,0.07791254,4.046331628,79.12426318,25.2
58.589,0.07791254,4.279468685,79.18947642,25.3
58.602,0.07791254,4.511385128,79.15516639,25.3
58.615,0.077061037,4.710345024,79.22037963,25.4
58.628,0.077061037,4.90930492,79.24418021,25.4
58.64,0.077061037,5.108264816,79.21558195,25.5
58.653,0.077061037,5.307224712,79.27508341,25.5
58.666,0.077061037,5.473228061,79.31078428,25.5
58.678,0.077061037,5.60505425,79.24648516,25.6
58.691,0.076635285,5.738101051,79.27647425,25.5
58.704,0.076635285,5.838191306,79.30598661,25.6
58.716,0.076635285,5.9041044,79.31217512,25.5
58.729,0.076635285,5.937060947,79.30598661,25.6
58.742,0.076635285,5.937060947,79.31217512,25.5
58.755,0.076635285,5.9041044,79.34168749,25.6
58.767,0.076635285,5.871147853,79.31217512,25.5
58.78,0.076635285,5.805234759,79.30598661,25.6
58.793,0.076635285,5.705144504,79.41217512,25.4
58.805,0.076635285,5.60505425,79.37028574,25.5
58.818,0.076635285,5.506184608,79.45267366,25.3
58.831,0.076635285,5.373137807,79.44648516,25.4
58.844,0.076635285,5.241311618,79.51078428,25.3
58.856,0.076635285,5.108264816,79.47508341,25.3
58.869,0.076635285,4.942261467,79.57508341,25.2
58.882,0.076635285,4.776258118,79.62177046,25
58.894,0.076635285,4.577298222,79.67988108,25
58.907,0.077061037,4.378338326,79.65036872,24.9
58.92,0.077061037,4.17937843,79.72037963,24.9
58.932,0.077061037,3.91450544,79.79086726,24.7
58.945,0.076635285,3.681368384,79.8251773,24.7
58.958,0.076635285,3.44945194,79.89566493,24.5
58.971,0.076635285,3.151622403,79.95377555,24.5
58.983,0.076635285,2.885528799,80.0004626,24.3
58.996,0.076635285,2.620655809,80.05857322,24.3
59.009,0.076635285,2.354562206,80.12906086,24.1
59.021,0.076635285,2.089689215,80.18717147,24.1
59.034,0.077061037,1.857772772,80.22767002,24
59.047,0.077061037,1.591679168,80.29196915,23.9
59.059,0.077061037,1.326806178,80.23246769,23.9
59.072,0.077061037,1.061933188,80.30295532,23.7
59.085,0.077061037,0.762883037,80.33726536,23.7
59.098,0.07791254,0.498010047,80.407753,23.5
59.11,0.077061037,0.26487299,80.44206303,23.5
59.123,0.07791254,0,80.37684979,23.4
59.136,0.07791254,-0.198959896,80.30497132,23.6
59.148,0.07791254,-0.397919792,80.28164746,23.4
59.161,0.07791254,-0.563923141,80.20976899,23.6
59.174,0.077061037,-0.795839584,80.18644514,23.4
59.187,0.077061037,-1.061933188,80.10885488,23.5
59.199,0.077061037,-1.426896432,80.05554193,23.4
59.212,0.076635285,-1.890729319,79.98985197,23.5
59.225,0.076635285,-2.388739366,79.86513728,23.4
59.237,0.077061037,-2.852572252,79.86374644,23.4
59.25,0.077061037,-3.383538846,79.83284324,23.3
59.263,0.078338292,-4.013375081,79.92574062,23.1
59.275,0.079615546,-4.710345024,80.03053829,22.9
59.288,0.081744304,-5.406094354,80.17722534,22.6
59.301,0.083021559,-6.037151202,80.2758345,22.5
59.314,0.084298814,-6.63403089,80.31062126,22.3
59.326,0.085576069,-7.097863777,80.38063217,22.3
59.339,0.086853323,-7.495783569,80.48682068,22.1
59.352,0.088130578,-7.794833719,80.48063217,22.2
59.364,0.089407833,-7.993793615,80.48682068,22.1
59.377,0.090259336,-8.192753511,80.50443276,22.2
59.39,0.090685088,-8.325800313,80.61062126,22
59.402,0.091536591,-8.457626502,80.60443276,22.1
59.415,0.091962342,-8.557716756,80.64013363,22.1
59.428,0.092813845,-8.657807011,80.64013363,22.1
59.441,0.093239597,-8.756676652,80.64013363,22.1
59.453,0.0940911,-8.856766907,80.64013363,22.1
59.466,0.094942603,-8.955636548,80.6758345,22.1
59.479,0.094942603,-9.021549643,80.6758345,22.1
59.491,0.095368355,-9.08868335,80.6758345,22.1
59.504,0.096219858,-9.154596445,80.6758345,22.1
59.517,0.096219858,-9.154596445,80.6758345,22.1
59.53,0.09664561,-9.154596445,80.58202301,22.1
59.542,0.09664561,-9.154596445,80.5758345,22.2
59.555,0.09664561,-9.08868335,80.60582359,22.1
59.568,0.09664561,-9.021549643,80.59963509,22.2
59.58,0.09664561,-8.889723454,80.50582359,22.2
59.593,0.09664561,-8.756676652,80.53533596,22.3
59.606,0.09664561,-8.557716756,80.54152447,22.2
59.618,0.09664561,-8.391713407,80.47103683,22.4
59.631,0.096219858,-8.159796964,80.50673771,22.4
59.644,0.096219858,-7.894923974,80.43053829,22.5
59.657,0.095368355,-7.595873823,80.36623916,22.6
59.669,0.094942603,-7.296823673,80.30812854,22.6
59.682,0.0940911,-6.998994135,80.22574062,22.8
59.695,0.0940911,-6.666987437,80.16763,22.8
59.707,0.093239597,-6.367937287,80.09714236,23
59.72,0.093239597,-6.070107749,80.03903174,23
59.733,0.092813845,-5.771057599,79.95045531,23.3
59.745,0.091962342,-5.473228061,79.8985332,23.2
59.758,0.091536591,-5.17417791,79.72185706,23.6
59.771,0.091536591,-4.90930492,79.63423407,23.5
59.784,0.091536591,-4.610254769,79.56374644,23.7
59.796,0.090685088,-4.312425232,79.46993495,23.7
59.809,0.090685088,-4.013375081,79.28754702,24
59.822,0.090259336,-3.681368384,79.19373553,24
59.834,0.089407833,-3.383538846,79.02324789,24.3
59.847,0.088982081,-3.051532148,78.9294364,24.3
59.86,0.088982081,-2.686568903,78.85894877,24.5
59.872,0.088130578,-2.321605658,78.68274935,24.7
59.885,0.088130578,-1.923685866,78.52463873,24.8
59.898,0.087704826,-1.525766074,78.4541511,25
59.911,0.087704826,-1.127846282,78.31984106,25.1
59.923,0.086853323,-0.762883037,78.24935343,25.3
59.936,0.086853323,-0.397919792,78.21504339,25.3
59.949,0.086427572,-0.032956547,78.13836725,25.6
59.961,0.086427572,0.26487299,78.24594659,25.4
59.974,0.086427572,0.530966594,78.17545896,25.6
59.987,0.086427572,0.762883037,78.24114892,25.5
60,0.086427572,0.961842933,78.26447278,25.7
60.012,0.086427572,1.193759376,78.31255067,25.5
60.025,0.086427572,1.426896432,78.24206303,25.7
60.038,0.086853323,1.658812876,78.36586361,25.6
60.05,0.087704826,1.956642413,78.43726536,25.6
60.063,0.087704826,2.388739366,78.47435707,25.6
60.076,0.088130578,2.952662507,78.59335998,25.6
60.088,0.088130578,3.648411836,78.68947642,25.8
60.101,0.088130578,4.444251421,78.78606959,25.8
60.114,0.087704826,5.274268165,78.80598661,26.1
60.127,0.086853323,6.070107749,78.80257978,26.2
60.139,0.086427572,6.898903881,78.79869622,26.5
60.152,0.085150317,7.728920625,78.55958851,26.8
60.165,0.083021559,8.491803662,78.32000408,27.3
60.177,0.080467049,9.154596445,78.15709579,27.5
60.19,0.078338292,9.685563038,78.01040874,27.8
60.203,0.076635285,10.11643938,77.88799899,27.9
60.215,0.07535803,10.41548953,77.78181048,28.1
60.228,0.073229273,10.68036252,77.64610961,28.2
60.241,0.071952018,10.81340932,77.64610961,28.2
60.254,0.071100515,10.91227896,77.61040874,28.2
60.266,0.070674763,10.94645612,77.61040874,28.2
60.279,0.06982326,10.91227896,77.57470786,28.2
60.292,0.069397508,10.87932241,77.65709579,28
60.304,0.069397508,10.84636587,77.61520641,28.1
60.317,0.069397508,10.78045277,77.68569404,27.9
60.33,0.069397508,10.64740597,77.77950553,27.9
60.343,0.069397508,10.51435917,77.76189346,27.8
60.355,0.068546005,10.31539927,77.82000408,27.8
60.368,0.068546005,10.08348283,77.99049171,27.5
60.381,0.069397508,9.81860984,78.02480175,27.5
60.393,0.068546005,9.519559689,78.15958851,27.2
60.406,0.069397508,9.187552992,78.15819767,27.2
60.419,0.069397508,8.856766907,78.29869622,27
60.431,0.069397508,8.457626502,78.52729447,26.7
60.444,0.06982326,8.09388387,78.63209214,26.5
60.457,0.06982326,7.694743465,78.7787792,26.2
60.47,0.06982326,7.263867126,78.80118894,26.2
60.482,0.070674763,6.832990786,78.91217512,25.9
60.495,0.071100515,6.367937287,79.04029665,25.9
60.508,0.071952018,5.871147853,79.15747134,25.5
60.52,0.071952018,5.373137807,79.2379917,25.5
60.533,0.071952018,4.876348373,79.25516639,25.2
60.546,0.072377769,4.345381779,79.35377555,25.1
60.559,0.073655024,3.847371732,79.47095024,24.7
60.571,0.074506527,3.316405139,79.45718239,24.9
60.584,0.07535803,2.852572252,79.47435707,24.6
60.597,0.075783782,2.421695913,79.46106594,24.6
60.609,0.076635285,1.989598961,79.47205212,24.4
60.622,0.077061037,1.525766074,79.50636216,24.4
60.635,0.07791254,1.094889735,79.51734834,24.2
60.647,0.079189795,0.629836235,79.38025663,24.3
60.66,0.079615546,0.231916443,79.3850543,24.2
60.673,0.080467049,-0.133046802,79.2541511,24.2
60.686,0.080467049,-0.397919792,79.05894877,24.3
60.698,0.080892801,-0.629836235,78.96993495,24.2
60.711,0.080467049,-0.862973292,78.75664382,24.4
60.724,0.080467049,-1.160802829,78.56763,24.4
60.736,0.080467049,-1.658812876,78.46623916,24.5
60.749,0.080467049,-2.255692564,78.37722534,24.4
60.762,0.080892801,-2.918485347,78.2758345,24.5
60.774,0.082170056,-3.681368384,78.31062126,24.3
60.787,0.084298814,-4.577298222,78.50443276,24.2
60.8,0.088130578,-5.506184608,78.78682068,23.8
60.813,0.090685088,-6.33498074,78.8449313,23.8
60.825,0.0940911,-7.064907229,78.95111981,23.6
60.838,0.096219858,-7.661786918,79.0449313,23.6
60.851,0.098774368,-8.09388387,79.08682068,23.5
60.863,0.100477374,-8.424669955,79.10443276,23.6
60.876,0.102606132,-8.623629851,79.10443276,23.6
60.889,0.103883387,-8.7896332,79.10443276,23.6
60.902,0.10473489,-8.889723454,79.14013363,23.6
60.914,0.106012145,-8.955636548,79.14632214,23.5
60.927,0.106437896,-8.988593096,79.14013363,23.6
60.94,0.107289399,-9.055726803,79.04632214,23.6
60.952,0.107715151,-9.08868335,79.0758345,23.7
60.965,0.108566654,-9.121639897,79.08202301,23.6
60.978,0.108992406,-9.154596445,79.069646,23.8
60.99,0.108992406,-9.187552992,79.08202301,23.6
61.003,0.109843909,-9.187552992,79.0758345,23.7
61.016,0.11026966,-9.154596445,79.10582359,23.6
61.029,0.11026966,-9.121639897,79.09963509,23.7
61.041,0.11026966,-9.055726803,79.00582359,23.7
61.054,0.11026966,-8.922680001,78.99963509,23.8
61.067,0.11026966,-8.7896332,78.99963509,23.8
61.079,0.11026966,-8.590673304,78.93533596,23.9
61.092,0.11026966,-8.35875686,78.87103683,24
61.105,0.109843909,-8.09388387,78.91292621,23.9
61.117,0.109843909,-7.794833719,78.83053829,24.1
61.13,0.108566654,-7.462827022,78.77242767,24.1
61.143,0.107715151,-7.097863777,78.72574062,24.3
61.156,0.107289399,-6.767077692,78.56763,24.4
61.168,0.106437896,-6.367937287,78.49714236,24.6
61.181,0.106437896,-5.937060947,78.33903174,24.7
61.194,0.106012145,-5.506184608,78.19234469,25
61.206,0.105160641,-5.075308269,77.9985332,25.1
61.219,0.10473489,-4.643211317,77.82804557,25.4
61.232,0.103883387,-4.17937843,77.66993495,25.5
61.244,0.103883387,-3.715545544,77.48754702,25.8
61.257,0.103031883,-3.250492044,77.29373553,25.9
61.27,0.102606132,-2.786659158,77.15894877,26.2
61.283,0.102606132,-2.321605658,76.98274935,26.4
61.295,0.101754629,-1.923685866,76.81845022,26.6
61.308,0.101754629,-1.525766074,76.7541511,26.7
61.321,0.100477374,-1.193759376,76.68985197,26.8
61.333,0.100477374,-0.928886386,76.58985197,26.9
61.346,0.100477374,-0.662792783,76.51984106,26.9
61.359,0.100051622,-0.430876339,76.54935343,27
61.372,0.100051622,-0.26487299,76.59124281,26.9
61.384,0.099200119,-0.065913094,76.50885488,27.1
61.397,0.099200119,0.065913094,76.55074426,27
61.41,0.099200119,0.166003349,76.58025663,27.1
61.422,0.099200119,0.26487299,76.62214601,27
61.435,0.099200119,0.364963245,76.63975808,27.1
61.448,0.099200119,0.463832887,76.64594659,27
61.46,0.099200119,0.563923141,76.67545896,27.1
61.473,0.099200119,0.662792783,76.68164746,27
61.486,0.099200119,0.762883037,76.71115983,27.1
61.499,0.099200119,0.928886386,76.71734834,27
61.511,0.099200119,1.061933188,76.73496041,27.1
61.524,0.099200119,1.193759376,76.74114892,27
61.537,0.099200119,1.326806178,76.77066129,27.1
61.549,0.100051622,1.492809527,76.81255067,27
61.562,0.100477374,1.625856329,76.84206303,27.1
61.575,0.101328877,1.824816225,76.86586361,27.1
61.587,0.101328877,2.089689215,76.93726536,27.1
61.6,0.101754629,2.388739366,76.93246769,27.2
61.613,0.101754629,2.71952545,76.99196915,27.2
61.626,0.101754629,3.117445243,77.02287235,27.3
61.638,0.101754629,3.549542195,77.11807468,27.3
61.651,0.101754629,3.980418534,77.14897788,27.4
61.664,0.101754629,4.345381779,77.24418021,27.4
61.676,0.101754629,4.710345024,77.25128283,27.5
61.689,0.101328877,4.975218014,77.34648516,27.5
61.702,0.101328877,5.207134458,77.37028574,27.5
61.715,0.100477374,5.340181259,77.41217512,27.4
61.727,0.100477374,5.373137807,77.44168749,27.5
61.74,0.100477374,5.373137807,77.44168749,27.5
61.753,0.100477374,5.307224712,77.44168749,27.5
61.765,0.100477374,5.141221363,77.54168749,27.4
61.778,0.100477374,4.942261467,77.60598661,27.3
61.791,0.101328877,4.643211317,77.75267366,27
61.803,0.100477374,4.345381779,77.77508341,27
61.816,0.100477374,4.046331628,77.81558195,26.9
61.829,0.100477374,3.715545544,77.87988108,26.8
61.842,0.100477374,3.44945194,78.02037963,26.6
61.854,0.100477374,3.18457895,78.08467875,26.5
61.867,0.100477374,2.952662507,78.14897788,26.4
61.88,0.100477374,2.71952545,78.18947642,26.3
61.892,0.101328877,2.520565554,78.18947642,26.3
61.905,0.101328877,2.354562206,78.25377555,26.2
61.918,0.100477374,2.222736017,78.21807468,26.2
61.93,0.100477374,2.089689215,78.29427409,26.1
61.943,0.100477374,1.956642413,78.25857322,26.1
61.956,0.100477374,1.824816225,78.32287235,26
61.969,0.100477374,1.691769423,78.32287235,26
61.981,0.101328877,1.558722621,78.38717147,25.9
61.994,0.101328877,1.426896432,78.38717147,25.9
62.007,0.101328877,1.293849631,78.36337089,25.9
62.019,0.101328877,1.127846282,78.42767002,25.8
62.032,0.101328877,0.99479948,78.39196915,25.8
62.045,0.101328877,0.828796131,78.43246769,25.7
62.058,0.101328877,0.629836235,78.49676682,25.6
62.07,0.101754629,0.430876339,78.46106594,25.6
62.083,0.101754629,0.26487299,78.53726536,25.5
62.096,0.101328877,0.100090254,78.50156449,25.5
62.108,0.101754629,-0.065913094,78.44206303,25.5
62.121,0.101328877,-0.231916443,78.50636216,25.4
62.134,0.101754629,-0.364963245,78.47066129,25.4
62.146,0.101328877,-0.530966594,78.33496041,25.5
62.159,0.101328877,-0.696969943,78.31115983,25.5
62.172,0.100477374,-0.928886386,78.23975808,25.5
62.185,0.100477374,-1.226715924,78.18025663,25.5
62.197,0.100051622,-1.591679168,78.20885488,25.4
62.21,0.100477374,-2.023776121,78.11365255,25.4
62.223,0.100477374,-2.45465246,78.01845022,25.4
62.235,0.100051622,-2.885528799,78.02324789,25.3
62.248,0.100477374,-3.44945194,78.02804557,25.2
62.261,0.101754629,-4.013375081,78.15664382,25
62.273,0.103031883,-4.643211317,78.26144149,24.8
62.286,0.10473489,-5.17417791,78.40812854,24.5
62.299,0.106012145,-5.572097703,78.43053829,24.5
62.312,0.106437896,-5.838191306,78.41292621,24.4
62.324,0.106437896,-5.937060947,78.40673771,24.5
62.337,0.107289399,-5.838191306,78.37103683,24.5
62.35,0.106437896,-5.572097703,78.30673771,24.6
62.362,0.106437896,-5.108264816,78.23053829,24.7
62.375,0.105160641,-4.544341675,78.10194003,24.9
62.388,0.10473489,-3.91450544,77.86763,25.1
62.401,0.103883387,-3.316405139,77.63284324,25.5
62.413,0.102606132,-2.71952545,77.4985332,25.6
62.426,0.101754629,-2.155602309,77.22804557,26
62.439,0.101328877,-1.625856329,77.08754702,26.2
62.451,0.101328877,-1.094889735,76.92324789,26.4
62.464,0.100477374,-0.629836235,76.78274935,26.6
62.477,0.100477374,-0.231916443,76.6541511,26.8
62.489,0.100477374,0.100090254,76.61365255,26.9
62.502,0.100477374,0.332006698,76.64935343,26.9
62.515,0.100477374,0.563923141,76.6850543,26.9
62.528,0.100477374,0.762883037,76.60885488,27
62.54,0.100477374,0.99479948,76.64455575,27
62.553,0.101328877,1.193759376,76.58025663,27.1
62.566,0.101328877,1.392719272,76.6159575,27.1
62.578,0.101754629,1.591679168,76.64594659,27
62.591,0.101754629,1.857772772,76.71115983,27.1
62.604,0.102606132,2.155602309,76.77684979,27
62.616,0.102606132,2.487609007,76.86586361,27.1
62.629,0.103031883,2.852572252,76.96106594,27.1
62.642,0.103031883,3.217535497,76.96816856,27.2
62.655,0.103031883,3.515365035,77.06337089,27.2
62.667,0.103031883,3.814415185,77.15857322,27.2
62.68,0.103031883,4.079288176,77.21807468,27.2
62.693,0.102606132,4.279468685,77.18947642,27.3
62.705,0.102606132,4.378338326,77.2313658,27.2
62.718,0.102606132,4.444251421,77.34897788,27.2
62.731,0.102606132,4.411294873,77.38467875,27.2
62.744,0.102606132,4.345381779,77.34897788,27.2
62.756,0.102606132,4.17937843,77.44897788,27.1
62.769,0.102606132,3.980418534,77.54897788,27
62.782,0.102606132,3.781458638,77.6251773,26.9
62.794,0.102606132,3.549542195,77.68947642,26.8
62.807,0.102606132,3.283448591,77.85377555,26.6
62.82,0.102606132,3.018575601,77.89427409,26.5
62.832,0.102606132,2.752481998,77.95857322,26.4
62.845,0.102606132,2.520565554,78.02287235,26.3
62.858,0.102606132,2.255692564,78.06337089,26.2
62.871,0.102606132,2.023776121,78.12767002,26.1
62.883,0.101754629,1.790639065,78.16816856,26
62.896,0.102606132,1.591679168,78.13246769,26
62.909,0.101754629,1.392719272,78.19676682,25.9
62.921,0.102606132,1.160802829,78.26106594,25.8
62.934,0.102606132,0.961842933,78.33726536,25.7
62.947,0.102606132,0.762883037,78.30156449,25.7
62.959,0.103031883,0.530966594,78.34206303,25.6
62.972,0.103031883,0.332006698,78.40636216,25.5
62.985,0.103031883,0.166003349,78.37066129,25.5
62.998,0.103031883,0,78.33496041,25.5
63.01,0.103031883,-0.133046802,78.41115983,25.4
63.023,0.103031883,-0.26487299,78.37545896,25.4
63.036,0.103031883,-0.397919792,78.33975808,25.4
63.048,0.102606132,-0.530966594,78.3159575,25.4
63.061,0.102606132,-0.662792783,78.28025663,25.4
63.074,0.101754629,-0.828796131,78.24455575,25.4
63.087,0.101754629,-1.027756028,78.24455575,25.4
63.099,0.101754629,-1.226715924,78.1850543,25.4
63.112,0.101754629,-1.45985298,78.14935343,25.4
63.125,0.101754629,-1.691769423,78.11365255,25.4
63.137,0.101754629,-1.890729319,78.0541511,25.4
63.15,0.101754629,-2.056732668,78.11845022,25.3
63.163,0.101754629,-2.155602309,78.08274935,25.3
63.175,0.101754629,-2.222736017,78.05894877,25.3
63.188,0.101754629,-2.18977947,77.95894877,25.4
63.201,0.101754629,-2.155602309,77.95894877,25.4
63.214,0.101754629,-2.023776121,77.95894877,25.4
63.226,0.101754629,-1.857772772,77.85894877,25.5
63.239,0.101754629,-1.658812876,77.78274935,25.6
63.252,0.101328877,-1.45985298,77.81845022,25.6
63.264,0.101328877,-1.226715924,77.71845022,25.7
63.277,0.100477374,-1.061933188,77.6541511,25.8
63.29,0.101328877,-0.928886386,77.5541511,25.9
63.302,0.101328877,-0.795839584,77.58985197,25.9
63.315,0.100477374,-0.72992649,77.48985197,26
63.328,0.100477374,-0.662792783,77.48985197,26
63.341,0.100477374,-0.629836235,77.48985197,26
63.353,0.100477374,-0.629836235,77.49604048,25.9
63.366,0.100477374,-0.662792783,77.48985197,26
63.379,0.100477374,-0.662792783,77.49604048,25.9
63.391,0.100477374,-0.696969943,77.58985197,25.9
63.404,0.100477374,-0.72992649,77.59604048,25.8
63.417,0.100477374,-0.795839584,77.58985197,25.9
63.43,0.100477374,-0.862973292,77.58985197,25.9
63.442,0.100477374,-0.961842933,77.6541511,25.8
63.455,0.100477374,-1.061933188,77.6603396,25.7
63.468,0.101328877,-1.160802829,77.71845022,25.7
63.48,0.101328877,-1.260893084,77.71845022,25.7
63.493,0.101328877,-1.426896432,77.81845022,25.6
63.506,0.101328877,-1.558722621,77.88274935,25.5
63.518,0.101328877,-1.72472597,77.88274935,25.5
63.531,0.101754629,-1.890729319,77.95894877,25.4
63.544,0.101754629,-2.023776121,78.02324789,25.3
63.557,0.101754629,-2.155602309,78.02324789,25.3
63.569,0.101754629,-2.255692564,78.0294364,25.2
63.582,0.101754629,-2.321605658,77.98754702,25.3
63.595,0.101754629,-2.421695913,78.09373553,25.1
63.607,0.101754629,-2.45465246,78.06374644,25.2
63.62,0.101754629,-2.520565554,78.06993495,25.1
63.633,0.101754629,-2.520565554,78.06374644,25.2
63.645,0.101754629,-2.520565554,78.06993495,25.1
63.658,0.101754629,-2.487609007,78.06374644,25.2
63.671,0.101754629,-2.421695913,77.96993495,25.2
63.684,0.101754629,-2.321605658,77.96374644,25.3
63.696,0.101328877,-2.155602309,77.99373553,25.2
63.709,0.101328877,-1.956642413,77.88754702,25.4
63.722,0.101328877,-1.691769423,77.8294364,25.4
63.734,0.100477374,-1.392719272,77.65894877,25.7
63.747,0.100051622,-1.094889735,77.58274935,25.8
63.76,0.100051622,-0.762883037,77.51845022,25.9
63.773,0.100051622,-0.498010047,77.3603396,26
63.785,0.100051622,-0.231916443,77.28985197,26.2
63.798,0.100051622,0,77.21365255,26.3
63.811,0.100051622,0.198959896,77.14935343,26.4
63.823,0.100051622,0.397919792,77.14935343,26.4
63.836,0.100477374,0.563923141,77.0850543,26.5
63.849,0.100477374,0.762883037,76.9850543,26.6
63.861,0.100477374,0.928886386,77.01504339,26.5
63.874,0.100477374,1.094889735,76.90885488,26.7
63.887,0.101328877,1.260893084,76.95074426,26.6
63.9,0.101754629,1.45985298,76.98025663,26.7
63.912,0.102606132,1.72472597,76.94594659,26.7
63.925,0.102606132,2.056732668,77.01115983,26.8
63.938,0.102606132,2.45465246,77.01255067,26.8
63.95,0.103031883,2.918485347,77.10156449,26.9
63.963,0.103031883,3.416495393,77.1386562,26.9
63.976,0.103031883,3.980418534,77.18717147,27.1
63.988,0.102606132,4.577298222,77.35377555,27.1
64.001,0.102606132,5.207134458,77.42037963,27.2
64.014,0.101754629,5.838191306,77.47508341,27.3
64.027,0.101754629,6.568117796,77.34168749,27.6
64.039,0.100477374,7.331000833,77.19639127,27.9
64.052,0.099200119,8.09388387,77.06299535,28.2
64.065,0.097922864,8.690763558,77.02959942,28.4
64.077,0.096219858,9.220509539,76.92480175,28.6
64.09,0.094942603,9.619649944,76.82000408,28.8
64.103,0.093239597,9.884522934,76.77950553,28.9
64.116,0.091962342,10.05052628,76.67950553,29
64.128,0.091536591,10.14939592,76.71520641,29
64.141,0.090685088,10.14939592,76.71520641,29
64.154,0.090259336,10.11643938,76.68569404,28.9
64.166,0.089407833,10.01756974,76.75570495,28.9
64.179,0.089407833,9.81860984,76.72000408,28.9
64.192,0.089407833,9.619649944,76.78430321,28.8
64.204,0.089407833,9.386512888,76.82480175,28.7
64.217,0.089407833,9.121639897,76.98910088,28.5
64.23,0.089407833,8.822589747,76.99389855,28.4
64.243,0.089407833,8.491803662,77.1224968,28.2
64.255,0.089407833,8.126840417,77.26299535,28
64.268,0.090259336,7.728920625,77.36779302,27.8
64.281,0.090259336,7.331000833,77.49639127,27.6
64.293,0.090685088,6.898903881,77.53688981,27.5
64.306,0.090685088,6.435070994,77.64168749,27.3
64.319,0.090685088,5.937060947,77.77647425,27
64.331,0.091536591,5.440271514,77.87508341,26.9
64.344,0.091536591,4.90930492,77.98606959,26.6
64.357,0.091962342,4.378338326,78.08467875,26.5
64.37,0.092813845,3.847371732,78.09566493,26.3
64.382,0.092813845,3.350582299,78.19427409,26.2
64.395,0.093239597,2.885528799,78.22906086,26
64.408,0.0940911,2.487609007,78.22767002,26
64.42,0.094942603,2.089689215,78.26816856,25.9
64.433,0.094942603,1.691769423,78.29676682,25.8
64.446,0.095368355,1.293849631,78.30156449,25.7
64.459,0.096219858,0.862973292,78.34206303,25.6
64.471,0.09664561,0.498010047,78.23496041,25.6
64.484,0.097497113,0.166003349,78.24594659,25.4
64.497,0.097922864,-0.100090254,78.18025663,25.5
64.509,0.097922864,-0.332006698,78.0850543,25.5
64.522,0.098774368,-0.530966594,77.91365255,25.6
64.535,0.097922864,-0.696969943,77.7603396,25.6
64.547,0.097922864,-0.928886386,77.68274935,25.7
64.56,0.097497113,-1.193759376,77.5294364,25.7
64.573,0.097497113,-1.625856329,77.42804557,25.8
64.586,0.097922864,-2.155602309,77.43903174,25.6
64.598,0.097922864,-2.686568903,77.32574062,25.7
64.611,0.097922864,-3.250492044,77.31292621,25.5
64.624,0.099200119,-3.88032828,77.39963509,25.4
64.636,0.101328877,-4.610254769,77.54632214,25.1
64.649,0.103883387,-5.340181259,77.70443276,25
64.662,0.106012145,-6.004194655,77.78063217,24.9
64.674,0.107715151,-6.568117796,77.8449313,24.8
64.687,0.108992406,-6.966037588,77.9449313,24.7
64.7,0.11026966,-7.263867126,77.9449313,24.7
64.713,0.111121164,-7.429870474,77.98063217,24.7
64.725,0.112398418,-7.462827022,78.00443276,24.7
64.738,0.11282417,-7.462827022,78.00443276,24.7
64.751,0.11282417,-7.36395738,77.91062126,24.7
64.763,0.11282417,-7.197954031,77.94013363,24.8
64.776,0.11282417,-6.966037588,77.88202301,24.8
64.789,0.11282417,-6.699943985,77.79963509,25
64.802,0.11282417,-6.367937287,77.74152447,25
64.814,0.112398418,-6.037151202,77.70673771,25.2
64.827,0.111121164,-5.63923141,77.5367268,25.3
64.84,0.111121164,-5.207134458,77.46623916,25.5
64.852,0.11026966,-4.710345024,77.20812854,25.7
64.865,0.109843909,-4.212334977,77.06144149,26
64.878,0.108992406,-3.681368384,76.80333087,26.2
64.89,0.107715151,-3.151622403,76.63284324,26.5
64.903,0.107289399,-2.620655809,76.45664382,26.7
64.916,0.106437896,-2.089689215,76.19234469,27
64.929,0.106012145,-1.525766074,76.06374644,27.2
64.941,0.106012145,-0.99479948,75.78754702,27.5
64.954,0.105160641,-0.498010047,75.75894877,27.6
64.967,0.105160641,-0.065913094,75.7603396,27.6
64.979,0.105160641,0.299050151,75.71365255,27.8
64.992,0.105160641,0.563923141,75.69124281,27.8
65.005,0.10473489,0.828796131,75.74455575,27.9
65.017,0.105160641,1.094889735,75.68025663,28
65.03,0.105160641,1.359762725,75.7159575,28
65.043,0.106437896,1.625856329,75.78164746,27.9
65.056,0.107289399,1.989598961,75.87066129,28
65.068,0.107715151,2.520565554,76.00156449,28
65.081,0.107715151,3.151622403,76.06816856,28.1
65.094,0.107715151,3.91450544,76.19427409,28.2
65.106,0.107289399,4.743301571,76.32037963,28.3
65.119,0.107289399,5.63923141,76.44648516,28.4
65.132,0.106012145,6.601074343,76.33688981,28.7
65.145,0.10473489,7.562917276,76.26299535,29
65.157,0.101754629,8.524760209,76.15958851,29.2
65.17,0.100051622,9.386512888,76.05570495,29.6
65.183,0.097497113,10.11643938,75.88089637,29.8
65.195,0.094942603,10.74749623,75.78181048,30.1
65.208,0.092813845,11.21132911,75.68799899,30.1
65.221,0.090259336,11.57629236,75.48181048,30.4
65.233,0.088130578,11.87412189,75.48799899,30.3
65.246,0.086427572,12.0743024,75.34610961,30.5
65.259,0.085150317,12.23908514,75.25229812,30.5
65.272,0.083447311,12.33917539,75.2399211,30.7
65.284,0.082170056,12.37213194,75.21040874,30.6
65.297,0.081744304,12.33917539,75.17470786,30.6
65.31,0.081744304,12.20612859,75.25090728,30.5
65.322,0.080892801,12.0071687,75.21520641,30.5
65.335,0.080892801,11.77525225,75.27950553,30.4
65.348,0.080892801,11.51037926,75.32619259,30.2
65.36,0.080892801,11.14541602,75.44860233,30.1
65.373,0.081744304,10.68036252,75.5534,29.9
65.386,0.081744304,10.14939592,75.65819767,29.7
65.399,0.082170056,9.585472784,75.86918385,29.3
65.411,0.083021559,9.021549643,76.02590364,29.2
65.424,0.083447311,8.457626502,76.14307832,28.8
65.437,0.083447311,7.827790266,76.30598661,28.6
65.449,0.084298814,7.164997484,76.48127192,28.2
65.462,0.085150317,6.435070994,76.51419112,28.2
65.475,0.085576069,5.705144504,76.59566493,27.8
65.488,0.086853323,4.90930492,76.71668384,27.7
65.5,0.088130578,4.079288176,76.79815765,27.3
65.513,0.089407833,3.250492044,76.83726536,27.2
65.526,0.091536591,2.487609007,76.87066129,27
65.538,0.092813845,1.757682517,76.8159575,26.9
65.551,0.0940911,1.061933188,76.7850543,26.8
65.564,0.095368355,0.364963245,76.71845022,26.7
65.576,0.09664561,-0.198959896,76.56374644,26.7
65.589,0.097497113,-0.662792783,76.29714236,26.8
65.602,0.097497113,-1.061933188,75.96623916,27
65.615,0.097497113,-1.691769423,75.74152447,27
65.627,0.097922864,-2.686568903,75.60443276,27.1
65.64,0.100477374,-4.113465336,75.85111981,26.7
65.653,0.106437896,-5.9041044,76.10923043,26.5
65.665,0.114527176,-7.794833719,76.51541894,26
65.678,0.124745214,-9.519559689,76.66734105,26
65.691,0.13709201,-11.04532576,76.71541894,25.8
65.703,0.150716061,-12.30621885,76.80923043,25.8
65.716,0.165191615,-13.36693142,76.71541894,25.8
65.729,0.179667169,-14.22990471,76.60923043,26
65.742,0.193291219,-14.85974095,76.40923043,26.2
65.754,0.205212264,-15.39070754,76.3449313,26.3
65.767,0.216281805,-15.82158388,76.1449313,26.5
65.78,0.226074091,-16.18654713,76.08063217,26.6
65.792,0.235014875,-16.51855382,75.98063217,26.7
65.805,0.24438141,-16.78342681,75.78682068,26.8
65.818,0.251619186,-16.94943016,75.68063217,27
65.831,0.257579709,-17.04952042,75.61062126,27
65.843,0.261411473,-17.04952042,75.50443276,27.2
65.856,0.264391734,-16.98238671,75.44632214,27.2
65.869,0.266520492,-16.88351707,75.34013363,27.4
65.881,0.267797747,-16.65160063,75.28202301,27.4
65.894,0.26864925,-16.31959393,75.09963509,27.7
65.907,0.26864925,-15.88871759,75.00582359,27.7
65.919,0.26864925,-15.357751,74.83533596,28
65.932,0.267797747,-14.76087131,74.67103683,28.2
65.945,0.267371995,-14.16277101,74.50673771,28.4
65.958,0.265668989,-13.56589132,74.26623916,28.7
65.97,0.265243237,-12.93605508,74.10194003,28.9
65.983,0.264391734,-12.20612859,73.86144149,29.2
65.996,0.263965982,-11.4762021,73.63903174,29.4
66.008,0.262688728,-10.71331907,73.29234469,29.9
66.021,0.261411473,-9.984613189,72.8985332,30.2
66.034,0.260134218,-9.254686699,72.52804557,30.7
66.046,0.258856963,-8.491803662,72.13423407,31
66.059,0.25800546,-7.661786918,71.75755793,31.6
66.072,0.256728206,-6.832990786,71.39373553,31.8
66.085,0.255450951,-5.937060947,71.01705939,32.4
66.097,0.254173696,-4.942261467,70.56513728,32.7
66.11,0.252044938,-3.88032828,69.98274935,33.4
66.123,0.249490429,-2.71952545,69.4603396,33.9
66.135,0.247787422,-1.558722621,69.04935343,34.5
66.148,0.244807161,-0.397919792,68.64455575,35
66.161,0.243104155,0.629836235,68.61115983,35.2
66.174,0.2418269,1.392719272,68.64206303,35.3
66.186,0.2418269,1.857772772,68.74345387,35.2
66.199,0.242252652,2.354562206,68.83246769,35.3
66.212,0.243529906,3.117445243,68.89335998,35.3
66.224,0.243104155,4.212334977,68.94897788,35.6
66.237,0.240549645,5.539141155,68.95267366,35.8
66.25,0.234589123,6.998994135,68.76160451,36.5
66.262,0.226074091,8.590673304,68.35958851,37
66.275,0.214153047,10.14939592,67.8090179,38
66.288,0.2013805,11.57629236,67.38799899,38.4
66.301,0.187330697,12.80300828,66.94131194,39
66.313,0.173706647,13.79902837,66.51179957,39.3
66.326,0.161359851,14.62782451,66.20561107,39.7
66.339,0.149438806,15.22470419,65.98799899,39.8
66.351,0.13964652,15.62262399,65.81040874,40
66.364,0.131131488,15.92167414,65.67470786,40.1
66.377,0.124745214,16.15359058,65.65090728,40.1
66.389,0.118784692,16.35255048,65.65090728,40.1
66.402,0.11282417,16.48559728,65.58089637,40.1
66.415,0.107715151,16.51855382,65.61040874,40.2
66.428,0.103031883,16.41846357,65.61659724,40.1
66.44,0.100477374,16.28663738,65.71040874,40.1
66.453,0.098774368,16.18654713,65.98089637,39.7
66.466,0.097922864,16.12063403,66.34471877,39.5
66.478,0.09664561,16.05350033,66.68569404,38.9
66.491,0.09664561,15.88871759,67.05570495,38.6
66.504,0.09664561,15.58966744,67.35479084,38.1
66.517,0.09664561,15.19174765,67.7534,37.7
66.529,0.09664561,14.66078105,68.2224968,37.1
66.542,0.097497113,14.06390136,68.60349389,36.6
66.555,0.098774368,13.43406513,68.93688981,36.1
66.567,0.100051622,12.73709519,69.30598661,35.6
66.58,0.101754629,12.0071687,69.51558195,35.2
66.593,0.103031883,11.27724221,69.6313658,34.8
66.605,0.105160641,10.58149288,69.72287235,34.6
66.618,0.107289399,9.81860984,69.70295532,34.3
66.631,0.108992406,9.055726803,69.76447278,34.2
66.644,0.111546915,8.225710059,69.61504339,33.9
66.656,0.114952928,7.331000833,69.55276026,33.9
66.669,0.118784692,6.33498074,69.40333087,33.6
66.682,0.12346796,5.307224712,69.23533596,33.6
66.694,0.128576979,4.17937843,69.08682068,33.5
66.707,0.133260246,3.084488695,68.90923043,33.7
66.72,0.138369265,2.056732668,68.77352955,33.8
66.732,0.143052532,1.094889735,68.67352955,33.9
66.745,0.148161551,0.198959896,68.44972897,34.1
66.758,0.152419067,-0.530966594,68.14972897,34.4
66.771,0.155399328,-1.027756028,67.87352955,34.7
66.783,0.157953838,-1.658812876,67.67971806,34.8
66.796,0.162637105,-2.653612356,67.57352955,35
66.809,0.17200364,-4.146421883,67.67971806,34.8
66.821,0.185627691,-5.937060947,67.80304192,34.9
66.834,0.203083506,-7.794833719,68.01541894,34.5
66.847,0.221390824,-9.519559689,68.03874279,34.7
66.86,0.240975397,-11.04532576,68.15111981,34.4
66.872,0.261411473,-12.4722222,68.33874279,34.4
66.885,0.281421797,-13.66598157,68.48682068,34.1
66.898,0.303135128,-14.72669415,68.48063217,34.2
66.91,0.323996956,-15.62262399,68.58682068,34
66.923,0.344433032,-16.38550702,68.58063217,34.1
66.936,0.364017605,-17.01534326,68.58063217,34.1
66.948,0.380621917,-17.44744021,68.60443276,34.1
66.961,0.395097471,-17.77944691,68.50443276,34.2
66.974,0.407018515,-17.9784068,68.51062126,34.1
66.987,0.416810801,-18.14318954,68.54013363,34.2
66.999,0.42447433,-18.24327979,68.64632214,34
67.012,0.430434852,-18.21032325,68.54013363,34.2
67.025,0.434266616,-18.07727645,68.54632214,34.1
67.037,0.436821126,-17.81240346,68.569646,34.3
67.05,0.438098381,-17.41448366,68.60582359,34.1
67.063,0.438098381,-16.94943016,68.49344658,34.4
67.075,0.437672629,-16.45264073,68.44152447,34.3
67.088,0.436821126,-15.92167414,68.47103683,34.4
67.101,0.436395374,-15.357751,68.41292621,34.4
67.114,0.435543871,-14.72669415,68.20673771,34.7
67.126,0.435118119,-14.09685791,68.13053829,34.8
67.139,0.433840865,-13.43406513,67.96623916,35
67.152,0.43256361,-12.77005173,67.90194003,35.1
67.164,0.431286355,-12.0743024,67.72574062,35.3
67.177,0.4300091,-11.34437591,67.52574062,35.5
67.19,0.428306094,-10.61444942,67.33192912,35.6
67.203,0.427028839,-9.884522934,67.02574062,36
67.215,0.425325833,-9.187552992,66.80812854,36.1
67.228,0.423197075,-8.424669955,66.60194003,36.4
67.241,0.42191982,-7.62883037,66.40812854,36.5
67.253,0.419791062,-6.800034239,66.22574062,36.8
67.266,0.418513808,-5.937060947,66.06763,36.9
67.279,0.415959298,-5.042351722,65.86144149,37.2
67.291,0.413404789,-4.079288176,65.60333087,37.4
67.304,0.409998776,-3.018575601,65.29714236,37.8
67.317,0.407018515,-1.890729319,65.03284324,38.1
67.33,0.403612502,-0.762883037,64.75664382,38.4
67.342,0.40020649,0.26487299,64.69234469,38.5
67.355,0.39765198,1.061933188,64.76993495,38.4
67.368,0.395948974,1.558722621,65.08754702,38.2
67.38,0.395948974,1.923685866,65.29373553,37.9
67.393,0.395948974,2.388739366,65.48754702,37.8
67.406,0.395948974,3.084488695,65.68893786,37.6
67.418,0.393820216,4.013375081,65.84316492,37.8
67.431,0.389136948,5.075308269,65.98164746,37.7
67.444,0.382324923,6.236111098,65.95967511,38.1
67.457,0.372958388,7.429870474,65.89815765,38.2
67.469,0.361888847,8.657807011,65.79427409,38.6
67.482,0.349967803,9.78443268,65.69086726,38.8
67.495,0.33847251,10.78045277,65.85128283,38.9
67.507,0.32782872,11.57629236,66.05267366,38.7
67.52,0.318036434,12.2732623,66.37028574,38.5
67.533,0.309521402,12.80300828,66.80598661,38.1
67.546,0.303135128,13.16797153,67.00598661,37.9
67.558,0.298026109,13.39988797,67.00598661,37.9
67.571,0.294620097,13.53293477,67.01217512,37.8
67.584,0.291214084,13.63302503,66.97028574,37.9
67.596,0.288659574,13.66598157,66.97647425,37.8
67.609,0.28738232,13.66598157,66.96409723,38
67.622,0.286105065,13.63302503,66.95267366,37.8
67.634,0.28482781,13.49997822,66.94029665,38
67.647,0.283976307,13.33397487,67.01697279,37.7
67.66,0.283976307,13.16797153,67.0688949,37.8
67.673,0.283550555,12.93605508,67.05747134,37.6
67.685,0.283976307,12.63700493,67.11558195,37.6
67.698,0.283976307,12.30621885,67.15036872,37.4
67.711,0.28482781,11.87412189,67.24897788,37.3
67.723,0.28482781,11.41028901,67.38947642,37.1
67.736,0.285253562,10.91227896,67.49427409,36.9
67.749,0.286105065,10.41548953,67.68717147,36.6
67.761,0.286956568,9.851566387,67.79196915,36.4
67.774,0.28738232,9.287643246,67.89676682,36.2
67.787,0.288659574,8.690763558,67.97205212,35.9
67.8,0.289936829,8.05970671,68.01115983,35.8
67.812,0.291214084,7.396913927,68.05074426,35.5
67.825,0.292491339,6.699943985,68.01365255,35.5
67.838,0.294620097,6.004194655,67.9294364,35.3
67.85,0.297174606,5.274268165,67.85664382,35.3
67.863,0.299729116,4.478428581,67.77242767,35.1
67.876,0.303135128,3.681368384,67.5758345,35.2
67.889,0.306541141,2.952662507,67.35111981,35.2
67.901,0.30909565,2.288649111,67.27352955,35.3
67.914,0.31165016,1.658812876,67.07971806,35.4
67.927,0.314204669,1.027756028,66.97352955,35.6
67.939,0.316759179,0.430876339,66.87971806,35.6
67.952,0.319313688,-0.133046802,66.70923043,35.9
67.965,0.321442446,-0.563923141,66.40923043,36.2
67.977,0.321868198,-0.895929839,66.1449313,36.5
67.99,0.323145453,-1.326806178,65.98063217,36.7
68.003,0.325274211,-1.890729319,65.8449313,36.8
68.016,0.32782872,-2.71952545,65.7449313,36.9
68.028,0.332937739,-3.748502091,65.85111981,36.7
68.041,0.341027019,-4.975218014,66.08063217,36.6
68.054,0.349542051,-6.136020844,66.28682068,36.3
68.066,0.358057083,-7.132040937,66.38063217,36.3
68.079,0.364017605,-7.860746814,66.51062126,36.1
68.092,0.369126624,-8.35875686,66.54013363,36.2
68.104,0.372532637,-8.657807011,66.58202301,36.1
68.117,0.375087146,-8.7896332,66.5758345,36.2
68.13,0.376790152,-8.7896332,66.50582359,36.2
68.143,0.377641656,-8.723720105,66.49963509,36.3
68.155,0.378067407,-8.524760209,66.44152447,36.3
68.168,0.377641656,-8.325800313,66.47103683,36.4
68.181,0.377641656,-8.09388387,66.37103683,36.5
68.193,0.377641656,-7.860746814,66.30673771,36.6
68.206,0.376790152,-7.62883037,66.33053829,36.6
68.219,0.376364401,-7.396913927,66.23053829,36.7
68.232,0.376364401,-7.164997484,66.16623916,36.8
68.244,0.375512898,-6.898903881,66.20812854,36.7
68.257,0.375512898,-6.63403089,66.12574062,36.9
68.27,0.374235643,-6.33498074,66.06763,36.9
68.282,0.373809891,-6.004194655,65.99714236,37.1
68.295,0.372958388,-5.672187957,65.86283233,37.2
68.308,0.372532637,-5.340181259,65.75664382,37.4
68.32,0.372532637,-4.975218014,65.69234469,37.5
68.333,0.371681133,-4.610254769,65.52804557,37.7
68.346,0.37082963,-4.245291525,65.36993495,37.8
68.359,0.370403879,-3.847371732,65.26374644,38
68.371,0.369552375,-3.44945194,65.09373553,38.1
68.384,0.369126624,-3.084488695,64.88754702,38.4
68.397,0.368275121,-2.71952545,64.82324789,38.5
68.409,0.366997866,-2.354562206,64.65894877,38.7
68.422,0.366572114,-1.989598961,64.58274935,38.8
68.435,0.365720611,-1.658812876,64.48274935,38.9
68.447,0.36529486,-1.326806178,64.41845022,39
68.46,0.36529486,-1.061933188,64.31845022,39.1
68.473,0.364443356,-0.795839584,64.2541511,39.2
68.486,0.364017605,-0.530966594,64.18985197,39.3
68.498,0.363166102,-0.299050151,64.21365255,39.3
68.511,0.363166102,-0.065913094,64.11984106,39.3
68.524,0.36274035,0.133046802,64.14935343,39.4
68.536,0.361888847,0.299050151,64.19124281,39.3
68.549,0.361888847,0.463832887,64.20885488,39.4
68.562,0.361037344,0.596879688,64.25074426,39.3
68.575,0.361037344,0.696969943,64.24455575,39.4
68.587,0.361037344,0.795839584,64.28644514,39.3
68.6,0.361037344,0.928886386,64.3159575,39.4
68.613,0.361037344,1.061933188,64.33975808,39.4
68.625,0.361037344,1.193759376,64.33975808,39.4
68.638,0.361037344,1.326806178,64.38164746,39.3
68.651,0.361037344,1.45985298,64.41115983,39.4
68.663,0.361888847,1.558722621,64.31734834,39.4
68.676,0.361888847,1.658812876,64.33496041,39.5
68.689,0.36274035,1.790639065,64.33496041,39.5
68.702,0.36274035,1.923685866,64.37066129,39.5
68.714,0.363166102,2.056732668,64.40636216,39.5
68.727,0.36274035,2.155602309,64.44206303,39.5
68.74,0.363166102,2.255692564,64.46586361,39.5
68.752,0.36274035,2.288649111,64.46586361,39.5
68.765,0.363166102,2.288649111,64.56586361,39.4
68.778,0.36274035,2.222736017,64.56586361,39.4
68.79,0.36274035,2.089689215,64.66586361,39.3
68.803,0.363166102,1.956642413,64.66586361,39.3
68.816,0.363166102,1.757682517,64.74206303,39.2
68.829,0.363166102,1.525766074,64.80636216,39.1
68.841,0.363166102,1.326806178,64.90636216,39
68.854,0.363166102,1.160802829,65.11255067,38.7
68.867,0.363166102,0.99479948,65.07066129,38.8
68.879,0.363166102,0.862973292,65.17684979,38.6
68.892,0.363166102,0.762883037,65.23496041,38.6
68.905,0.363166102,0.72992649,65.24114892,38.5
68.918,0.36274035,0.72992649,65.23496041,38.6
68.93,0.36274035,0.762883037,65.24114892,38.5
68.943,0.36274035,0.795839584,65.23496041,38.6
68.956,0.36274035,0.828796131,65.14114892,38.6
68.968,0.363166102,0.928886386,65.17066129,38.7
68.981,0.363166102,1.027756028,65.17684979,38.6
68.994,0.363166102,1.160802829,65.07066129,38.8
69.006,0.36274035,1.326806178,65.00636216,38.9
69.019,0.36274035,1.525766074,64.90636216,39
69.032,0.36274035,1.691769423,64.80636216,39.1
69.045,0.36274035,1.857772772,64.74206303,39.2
69.057,0.36274035,2.023776121,64.74206303,39.2
69.07,0.36274035,2.155602309,64.64206303,39.3
69.083,0.36274035,2.255692564,64.66586361,39.3
69.095,0.36274035,2.354562206,64.66586361,39.3
69.108,0.36274035,2.421695913,64.70156449,39.3
69.121,0.36274035,2.45465246,64.70156449,39.3
69.133,0.363166102,2.45465246,64.70156449,39.3
69.146,0.36274035,2.421695913,64.70156449,39.3
69.159,0.36274035,2.388739366,64.80156449,39.2
69.172,0.36274035,2.288649111,64.80156449,39.2
69.184,0.363166102,2.18977947,64.76586361,39.2
69.197,0.363166102,2.056732668,64.86586361,39.1
69.21,0.363166102,1.890729319,64.94206303,39
69.222,0.363166102,1.658812876,65.04206303,38.9
69.235,0.363166102,1.392719272,65.20636216,38.7
69.248,0.36274035,1.127846282,65.27066129,38.6
69.26,0.363166102,0.862973292,65.37066129,38.5
69.273,0.363166102,0.696969943,65.43496041,38.4
69.286,0.363166102,0.530966594,65.51115983,38.3
69.299,0.363166102,0.397919792,65.61115983,38.2
69.311,0.363166102,0.26487299,65.57545896,38.2
69.324,0.363166102,0.166003349,65.67545896,38.1
69.337,0.363166102,0.065913094,65.63975808,38.1
69.349,0.363166102,-0.065913094,65.72214601,37.9
69.362,0.363166102,-0.166003349,65.7159575,38
69.375,0.363166102,-0.26487299,65.7159575,38
69.388,0.363166102,-0.364963245,65.68025663,38
69.4,0.363166102,-0.463832887,65.74455575,37.9
69.413,0.363166102,-0.596879688,65.74455575,37.9
69.426,0.36274035,-0.795839584,65.70885488,37.9
69.438,0.36274035,-0.961842933,65.6850543,37.9
69.451,0.363166102,-1.160802829,65.75554193,37.7
69.464,0.363166102,-1.359762725,65.71365255,37.8
69.476,0.363166102,-1.558722621,65.68985197,37.8
69.489,0.363166102,-1.72472597,65.6541511,37.8
69.502,0.363166102,-1.923685866,65.58274935,37.8
69.515,0.363166102,-2.089689215,65.55894877,37.8
69.527,0.363166102,-2.288649111,65.58754702,37.7
69.54,0.363166102,-2.487609007,65.56374644,37.7
69.553,0.364017605,-2.752481998,65.59234469,37.6
69.565,0.364443356,-3.051532148,65.65664382,37.5
69.578,0.36529486,-3.350582299,65.73284324,37.4
69.591,0.366572114,-3.681368384,65.79714236,37.3
69.604,0.366997866,-3.947461987,65.86144149,37.2
69.616,0.367849369,-4.245291525,65.92574062,37.1
69.629,0.368275121,-4.478428581,65.90194003,37.1
69.642,0.369126624,-4.677388477,65.93053829,37
69.654,0.369552375,-4.809214666,65.93053829,37
69.667,0.370403879,-4.876348373,65.90673771,37
69.68,0.370403879,-4.90930492,65.90673771,37
69.692,0.370403879,-4.876348373,65.90673771,37
69.705,0.370403879,-4.842171213,65.90673771,37
69.718,0.370403879,-4.776258118,65.91292621,36.9
69.731,0.370403879,-4.643211317,65.83053829,37.1
69.743,0.369552375,-4.444251421,65.8367268,37
69.756,0.369126624,-4.212334977,65.76623916,37.2
69.769,0.369126624,-3.980418534,65.70194003,37.3
69.781,0.368275121,-3.681368384,65.62574062,37.4
69.794,0.368275121,-3.383538846,65.46763,37.5
69.807,0.367849369,-3.051532148,65.39714236,37.7
69.819,0.366997866,-2.752481998,65.33903174,37.7
69.832,0.366572114,-2.421695913,65.15664382,38
69.845,0.365720611,-2.155602309,65.0985332,38
69.858,0.36529486,-1.824816225,64.92804557,38.3
69.87,0.36529486,-1.558722621,64.86374644,38.4
69.883,0.364443356,-1.260893084,64.78754702,38.5
69.896,0.364017605,-1.027756028,64.69373553,38.5
69.908,0.364017605,-0.762883037,64.62324789,38.7
69.921,0.363166102,-0.530966594,64.5294364,38.7
69.934,0.363166102,-0.332006698,64.45894877,38.9
69.947,0.36274035,-0.166003349,64.38274935,39
69.959,0.36274035,-0.032956547,64.28274935,39.1
69.972,0.36274035,0.065913094,64.28274935,39.1
69.985,0.36274035,0.133046802,64.28274935,39.1
69.997,0.361888847,0.166003349,64.31845022,39.1
70.01,0.361888847,0.198959896,64.32463873,39
70.023,0.361888847,0.231916443,64.31845022,39.1
70.035,0.361888847,0.231916443,64.32463873,39
70.048,0.361888847,0.231916443,64.3541511,39.1
70.061,0.361888847,0.198959896,64.4541511,39
70.074,0.361888847,0.198959896,64.41845022,39
70.086,0.361888847,0.133046802,64.41845022,39
70.099,0.361888847,0.065913094,64.41845022,39
70.112,0.36274035,-0.032956547,64.51845022,38.9
70.124,0.361888847,-0.166003349,64.61845022,38.8
70.137,0.361888847,-0.299050151,64.58893786,38.7
70.15,0.36274035,-0.430876339,64.68274935,38.7
70.162,0.36274035,-0.596879688,64.75894877,38.6
70.175,0.36274035,-0.72992649,64.85894877,38.5
70.188,0.36274035,-0.862973292,64.85894877,38.5
70.201,0.36274035,-0.961842933,64.95894877,38.4
70.213,0.363166102,-1.094889735,65.02324789,38.3
70.226,0.363166102,-1.193759376,65.0294364,38.2
70.239,0.363166102,-1.293849631,65.12324789,38.2
70.251,0.363166102,-1.359762725,65.12324789,38.2
70.264,0.363166102,-1.45985298,65.08754702,38.2
70.277,0.364017605,-1.558722621,65.18754702,38.1
70.29,0.363166102,-1.658812876,65.18754702,38.1
70.302,0.363166102,-1.72472597,65.16374644,38.1
70.315,0.364017605,-1.824816225,65.26374644,38
70.328,0.364017605,-1.956642413,65.22804557,38
70.34,0.364017605,-2.056732668,65.32804557,37.9
70.353,0.364443356,-2.122645762,65.29234469,37.9
70.366,0.364443356,-2.255692564,65.29234469,37.9
70.378,0.36529486,-2.388739366,65.35664382,37.8
70.391,0.36529486,-2.520565554,65.45664382,37.7
70.404,0.36529486,-2.620655809,65.45664382,37.7
70.417,0.365720611,-2.752481998,65.53284324,37.6
70.429,0.365720611,-2.852572252,65.53284324,37.6
70.442,0.366572114,-2.952662507,65.49714236,37.6
70.455,0.366572114,-3.051532148,65.59714236,37.5
70.467,0.366572114,-3.151622403,65.59714236,37.5
70.48,0.366997866,-3.18457895,65.56144149,37.5
70.493,0.366997866,-3.217535497,65.56763,37.4
70.505,0.366572114,-3.250492044,65.56144149,37.5
70.518,0.366997866,-3.217535497,65.56763,37.4
70.531,0.366572114,-3.18457895,65.56144149,37.5
70.544,0.366997866,-3.151622403,65.56763,37.4
70.556,0.366572114,-3.051532148,65.59714236,37.5
70.569,0.366572114,-2.918485347,65.49714236,37.6
70.582,0.366572114,-2.71952545,65.53284324,37.6
70.594,0.366572114,-2.520565554,65.46283233,37.6
70.607,0.365720611,-2.321605658,65.35664382,37.8
70.62,0.36529486,-2.056732668,65.2985332,37.8
70.632,0.364443356,-1.790639065,65.12804557,38.1
70.645,0.364017605,-1.525766074,65.06374644,38.2
70.658,0.363166102,-1.260893084,64.98754702,38.3
70.671,0.363166102,-1.027756028,64.88754702,38.4
70.683,0.363166102,-0.795839584,64.82324789,38.5
70.696,0.363166102,-0.530966594,64.75894877,38.6
70.709,0.363166102,-0.299050151,64.68893786,38.6
70.721,0.36274035,-0.100090254,64.58274935,38.8
70.734,0.361888847,0.032956547,64.52463873,38.8
70.747,0.361888847,0.166003349,64.51845022,38.9
70.76,0.361888847,0.26487299,64.42463873,38.9
70.772,0.361888847,0.364963245,64.4541511,39
70.785,0.361888847,0.463832887,64.49604048,38.9
70.798,0.361888847,0.563923141,64.38985197,39.1
70.81,0.361888847,0.629836235,64.39604048,39
70.823,0.361888847,0.696969943,64.38985197,39.1
70.836,0.361888847,0.762883037,64.41984106,39
70.848,0.361888847,0.795839584,64.41365255,39.1
70.861,0.361888847,0.862973292,64.41365255,39.1
70.874,0.36274035,0.895929839,64.44935343,39.1
70.887,0.361888847,0.895929839,64.45554193,39
70.899,0.361888847,0.895929839,64.44935343,39.1
70.912,0.361888847,0.895929839,64.55554193,38.9
70.925,0.36274035,0.895929839,64.54935343,39
70.937,0.361888847,0.862973292,64.54935343,39
70.95,0.361888847,0.828796131,64.61365255,38.9
70.963,0.361888847,0.762883037,64.61365255,38.9
70.975,0.361888847,0.696969943,64.61365255,38.9
70.988,0.361888847,0.596879688,64.71365255,38.8
71.001,0.361888847,0.530966594,64.81984106,38.6
71.014,0.361888847,0.430876339,64.78985197,38.7
71.026,0.361888847,0.332006698,64.89604048,38.5
71.039,0.361888847,0.231916443,64.88985197,38.6
71.052,0.36274035,0.166003349,64.9603396,38.4
71.064,0.361888847,0.100090254,64.94796259,38.6
71.077,0.36274035,0.032956547,64.9541511,38.5
71.09,0.36274035,-0.032956547,65.0541511,38.4
71.103,0.36274035,-0.065913094,65.0603396,38.3
71.115,0.36274035,-0.133046802,65.0541511,38.4
71.128,0.36274035,-0.166003349,65.1603396,38.2
71.141,0.36274035,-0.198959896,65.1541511,38.3
71.153,0.36274035,-0.198959896,65.1541511,38.3
71.166,0.36274035,-0.231916443,65.1541511,38.3
71.179,0.36274035,-0.26487299,65.1541511,38.3
71.191,0.36274035,-0.26487299,65.1541511,38.3
71.204,0.36274035,-0.299050151,65.1541511,38.3
71.217,0.36274035,-0.299050151,65.1603396,38.2
71.23,0.36274035,-0.299050151,65.2541511,38.2
71.242,0.363166102,-0.26487299,65.2541511,38.2
71.255,0.36274035,-0.231916443,65.1541511,38.3
71.268,0.36274035,-0.231916443,65.1603396,38.2
71.28,0.36274035,-0.166003349,65.1541511,38.3
71.293,0.36274035,-0.100090254,65.1603396,38.2
71.306,0.36274035,-0.032956547,65.18985197,38.3
71.318,0.36274035,0.032956547,65.08985197,38.4
71.331,0.36274035,0.133046802,65.08985197,38.4
71.344,0.36274035,0.26487299,64.98985197,38.5
71.357,0.36274035,0.397919792,64.98985197,38.5
71.369,0.36274035,0.530966594,64.91365255,38.6
71.382,0.36274035,0.662792783,64.81365255,38.7
71.395,0.36274035,0.795839584,64.81365255,38.7
71.407,0.36274035,0.928886386,64.71365255,38.8
71.42,0.36274035,1.027756028,64.61365255,38.9
71.433,0.36274035,1.127846282,64.64935343,38.9
71.446,0.361888847,1.193759376,64.64935343,38.9
71.458,0.36274035,1.293849631,64.65554193,38.8
71.471,0.36274035,1.392719272,64.54935343,39
71.484,0.36274035,1.525766074,64.59124281,38.9
71.496,0.36274035,1.625856329,64.60885488,39
71.509,0.363166102,1.757682517,64.65074426,38.9
71.522,0.363166102,1.923685866,64.68025663,39
71.534,0.363166102,2.089689215,64.7159575,39
71.547,0.363166102,2.288649111,64.77545896,39
71.56,0.363166102,2.487609007,64.71115983,39.1
71.573,0.363166102,2.686568903,64.77066129,39.1
71.585,0.363166102,2.885528799,64.84206303,39.1
71.598,0.363166102,3.084488695,64.90156449,39.1
71.611,0.36274035,3.283448591,64.83726536,39.2
71.623,0.36274035,3.515365035,64.89676682,39.2
71.636,0.36274035,3.715545544,64.96816856,39.2
71.649,0.36274035,3.91450544,64.93385853,39.2
71.661,0.36274035,4.079288176,64.96337089,39.3
71.674,0.361888847,4.212334977,65.02906086,39.2
71.687,0.361888847,4.245291525,65.02287235,39.3
71.7,0.361888847,4.245291525,65.06476173,39.2
71.712,0.361888847,4.17937843,65.12287235,39.2
71.725,0.361888847,4.079288176,65.12906086,39.1
71.738,0.361888847,3.91450544,65.18098297,39.2
71.75,0.361888847,3.715545544,65.29335998,38.9
71.763,0.361888847,3.44945194,65.36337089,38.9
71.776,0.361888847,3.151622403,65.53385853,38.6
71.789,0.361888847,2.852572252,65.59196915,38.6
71.801,0.36274035,2.553522102,65.6386562,38.4
71.814,0.36274035,2.255692564,65.66106594,38.4
71.827,0.361888847,1.956642413,65.83726536,38.2
71.839,0.361888847,1.691769423,65.86586361,38.1
71.852,0.361888847,1.426896432,65.84206303,38.1
71.865,0.361888847,1.193759376,65.91255067,37.9
71.877,0.361888847,0.961842933,65.93496041,37.9
71.89,0.36274035,0.72992649,66.01734834,37.7
71.903,0.36274035,0.498010047,65.97545896,37.8
71.916,0.36274035,0.299050151,66.02214601,37.6
71.928,0.36274035,0.100090254,65.97406812,37.8
71.941,0.363166102,-0.100090254,66.05074426,37.5
71.954,0.36274035,-0.26487299,66.00885488,37.6
71.966,0.36274035,-0.430876339,65.99124281,37.5
71.979,0.36274035,-0.662792783,65.94935343,37.6
71.992,0.36274035,-0.928886386,65.99604048,37.4
72.004,0.36274035,-1.293849631,65.91845022,37.5
72.017,0.36274035,-1.757682517,65.82324789,37.5
72.03,0.363166102,-2.222736017,65.72804557,37.5
72.043,0.363166102,-2.752481998,65.69714236,37.4
72.055,0.364443356,-3.44945194,65.90194003,37.1
72.068,0.366572114,-4.245291525,66.00673771,36.9
72.081,0.369126624,-5.108264816,66.20582359,36.5
72.093,0.371681133,-5.9041044,66.30443276,36.4
72.106,0.374235643,-6.63403089,66.48682068,36.1
72.119,0.376790152,-7.296823673,66.68063217,36
72.132,0.37891891,-7.827790266,66.78682068,35.8
72.144,0.380621917,-8.258666606,66.90443276,35.8
72.157,0.382750675,-8.557716756,66.91062126,35.7
72.17,0.384027929,-8.756676652,66.94013363,35.8
72.182,0.385305184,-8.922680001,66.94013363,35.8
72.195,0.386582439,-8.988593096,66.9758345,35.8
72.208,0.387433942,-8.988593096,66.9758345,35.8
72.22,0.387859694,-8.922680001,66.8758345,35.9
72.233,0.387859694,-8.822589747,66.89963509,35.9
72.246,0.387859694,-8.690763558,66.83533596,36
72.259,0.387859694,-8.524760209,66.73533596,36.1
72.271,0.387859694,-8.35875686,66.77722534,36
72.284,0.387433942,-8.159796964,66.70673771,36.2
72.297,0.386582439,-7.894923974,66.6367268,36.2
72.309,0.386156687,-7.562917276,66.56623916,36.4
72.322,0.385305184,-7.197954031,66.40812854,36.5
72.335,0.384879432,-6.800034239,66.36144149,36.7
72.347,0.384027929,-6.402114447,66.20333087,36.8
72.36,0.383602178,-5.970017495,66.05664382,37.1
72.373,0.382324923,-5.539141155,65.8985332,37.2
72.386,0.38147342,-5.042351722,65.72804557,37.5
72.398,0.380621917,-4.577298222,65.56993495,37.6
72.411,0.379344662,-4.046331628,65.28754702,38
72.424,0.37891891,-3.515365035,65.05894877,38.3
72.436,0.378067407,-2.952662507,64.88274935,38.5
72.449,0.376790152,-2.388739366,64.61845022,38.8
72.462,0.375512898,-1.790639065,64.3603396,39
72.475,0.375087146,-1.193759376,64.11365255,39.4
72.487,0.374235643,-0.629836235,63.89124281,39.6
72.5,0.372958388,-0.133046802,63.84455575,39.8
72.513,0.372532637,0.299050151,63.72214601,39.9
72.525,0.371681133,0.629836235,63.76927045,40.1
72.538,0.37082963,0.862973292,63.84114892,39.9
72.551,0.37082963,1.094889735,63.87066129,40
72.563,0.371681133,1.359762725,63.84825154,40
72.576,0.371681133,1.625856329,63.90156449,40.1
72.589,0.372532637,1.956642413,63.96725445,40
72.602,0.371681133,2.354562206,64.06816856,40.1
72.614,0.372532637,2.918485347,64.12906086,40.1
72.627,0.371681133,3.582498742,64.18947642,40.3
72.64,0.37082963,4.312425232,64.37988108,40.3
72.652,0.369552375,5.008174562,64.37028574,40.5
72.665,0.368275121,5.672187957,64.43688981,40.6
72.678,0.366572114,6.269067645,64.4096824,40.7
72.69,0.364017605,6.832990786,64.29869622,41
72.703,0.360611592,7.36395738,64.23578793,41.1
72.716,0.358482834,7.794833719,64.08910088,41.4
72.729,0.357205579,8.05970671,64.05479084,41.4
72.741,0.355928325,8.192753511,64.04860233,41.5
72.754,0.355502573,8.159796964,64.05479084,41.4
72.767,0.35465107,8.05970671,64.12480175,41.4
72.779,0.35465107,7.894923974,64.19528938,41.2
72.792,0.35465107,7.694743465,64.2534,41.2
72.805,0.35465107,7.462827022,64.32959942,41.1
72.818,0.35465107,7.197954031,64.45819767,40.9
72.83,0.35465107,6.931860428,64.49869622,40.8
72.843,0.35465107,6.666987437,64.63348298,40.5
72.856,0.35465107,6.367937287,64.66779302,40.5
72.868,0.355502573,6.103064296,64.73209214,40.4
72.881,0.355502573,5.805234759,64.77259069,40.3
72.894,0.355502573,5.506184608,64.94307832,40
72.906,0.355502573,5.141221363,64.97738836,40
72.919,0.355928325,4.776258118,65.11217512,39.7
72.932,0.355928325,4.411294873,65.14648516,39.7
72.945,0.355928325,4.013375081,65.18127192,39.5
72.957,0.355928325,3.648411836,65.31558195,39.4
72.97,0.356779828,3.283448591,65.35036872,39.2
72.983,0.356779828,2.918485347,65.38467875,39.2
72.995,0.357205579,2.620655809,65.45516639,39
73.008,0.357205579,2.288649111,65.48947642,39
73.021,0.358057083,1.956642413,65.41807468,39
73.033,0.358482834,1.625856329,65.49427409,38.9
73.046,0.359334337,1.293849631,65.48717147,38.8
73.059,0.359760089,0.928886386,65.53385853,38.6
73.072,0.360611592,0.596879688,65.56816856,38.6
73.084,0.361037344,0.299050151,65.50295532,38.5
73.097,0.361888847,0.032956547,65.43726536,38.6
73.11,0.36274035,-0.198959896,65.34825154,38.5
73.122,0.36274035,-0.397919792,65.26447278,38.7
73.135,0.36274035,-0.596879688,65.11734834,38.6
73.148,0.36274035,-0.828796131,65.0159575,38.7
73.161,0.36274035,-1.127846282,64.95074426,38.6
73.173,0.36274035,-1.558722621,64.8850543,38.7
73.186,0.363166102,-2.056732668,64.79604048,38.6
73.199,0.363166102,-2.553522102,64.65894877,38.7
73.211,0.36529486,-3.151622403,64.73423407,38.4
73.224,0.366997866,-3.91450544,64.93284324,38.2
73.237,0.370403879,-4.677388477,65.06144149,38
73.249,0.372958388,-5.373137807,65.17242767,37.7
73.262,0.375087146,-5.9041044,65.30673771,37.6
73.275,0.377641656,-6.302024192,65.37722534,37.4
73.288,0.378067407,-6.500984088,65.33533596,37.5
73.3,0.379344662,-6.601074343,65.34152447,37.4
73.313,0.379344662,-6.568117796,65.32914745,37.6
73.326,0.380196165,-6.468027541,65.34152447,37.4
73.338,0.380196165,-6.33498074,65.26484833,37.7
73.351,0.380196165,-6.168977391,65.27722534,37.5
73.364,0.379344662,-5.970017495,65.2005492,37.8
73.376,0.379344662,-5.771057599,65.1367268,37.7
73.389,0.37891891,-5.572097703,65.06623916,37.9
73.402,0.37891891,-5.373137807,65.07242767,37.8
73.415,0.378067407,-5.17417791,65.00194003,38
73.427,0.378067407,-4.942261467,64.93192912,38
73.44,0.377641656,-4.710345024,64.86763,38.1
73.453,0.377641656,-4.478428581,64.80333087,38.2
73.465,0.376790152,-4.212334977,64.70333087,38.3
73.478,0.376364401,-3.947461987,64.63284324,38.5
73.491,0.375512898,-3.681368384,64.46283233,38.6
73.504,0.375512898,-3.383538846,64.39234469,38.8
73.516,0.375087146,-3.084488695,64.1985332,38.9
73.529,0.374235643,-2.752481998,64.12804557,39.1
73.542,0.373809891,-2.45465246,63.96993495,39.2
73.554,0.372958388,-2.122645762,63.86374644,39.4
73.567,0.372532637,-1.790639065,63.69373553,39.5
73.58,0.371681133,-1.45985298,63.62324789,39.7
73.592,0.371681133,-1.094889735,63.4294364,39.8
73.605,0.37082963,-0.762883037,63.28274935,40.1
73.618,0.370403879,-0.430876339,63.21845022,40.2
73.631,0.369552375,-0.133046802,63.1541511,40.3
73.643,0.369126624,0.133046802,63.08985197,40.4
73.656,0.369126624,0.332006698,63.15554193,40.3
73.669,0.369126624,0.530966594,63.1850543,40.4
73.681,0.369126624,0.696969943,63.11504339,40.4
73.694,0.369126624,0.862973292,63.14455575,40.5
73.707,0.369126624,1.061933188,63.08644514,40.5
73.719,0.369552375,1.260893084,63.1159575,40.6
73.732,0.369552375,1.45985298,63.14594659,40.5
73.745,0.369552375,1.691769423,63.21115983,40.6
73.758,0.370403879,1.956642413,63.27684979,40.5
73.77,0.370403879,2.288649111,63.36586361,40.6
73.783,0.370403879,2.686568903,63.46725445,40.5
73.796,0.370403879,3.117445243,63.59196915,40.6
73.808,0.369552375,3.582498742,63.62906086,40.6
73.821,0.369126624,4.079288176,63.75996406,40.6
73.834,0.368275121,4.544341675,63.78467875,40.8
73.847,0.368275121,5.008174562,63.92177046,40.7
73.859,0.367849369,5.406094354,63.91078428,40.9
73.872,0.366997866,5.738101051,63.97647425,40.8
73.885,0.365720611,6.037151202,63.93549898,41.1
73.897,0.36529486,6.302024192,64.00737745,40.9
73.91,0.364443356,6.468027541,63.93070131,41.2
73.923,0.364017605,6.568117796,63.9849677,40.9
73.935,0.363166102,6.601074343,63.99639127,41.1
73.948,0.363166102,6.601074343,64.00876828,40.9
73.961,0.36274035,6.533940636,63.97259069,41.1
73.974,0.36274035,6.468027541,64.0787792,40.9
73.986,0.36274035,6.367937287,64.03688981,41
73.999,0.36274035,6.302024192,64.14307832,40.8
74.012,0.36274035,6.203154551,64.10118894,40.9
74.024,0.363166102,6.103064296,64.20737745,40.7
74.037,0.36274035,6.037151202,64.17738836,40.8
74.05,0.36274035,5.937060947,64.28357687,40.6
74.062,0.36274035,5.838191306,64.24787599,40.6
74.075,0.36274035,5.738101051,64.30598661,40.6
74.088,0.36274035,5.60505425,64.27647425,40.5
74.101,0.36274035,5.440271514,64.34648516,40.5
74.113,0.36274035,5.274268165,64.45267366,40.3
74.126,0.363166102,5.108264816,64.41078428,40.4
74.139,0.363166102,4.90930492,64.45747134,40.2
74.151,0.363166102,4.710345024,64.51558195,40.2
74.164,0.363166102,4.511385128,64.58606959,40
74.177,0.363166102,4.312425232,64.54418021,40.1
74.19,0.363166102,4.079288176,64.62656813,39.9
74.202,0.363166102,3.847371732,64.68467875,39.9
74.215,0.363166102,3.582498742,64.75516639,39.7
74.228,0.363166102,3.316405139,64.8251773,39.7
74.24,0.364017605,3.084488695,64.89566493,39.5
74.253,0.364017605,2.852572252,64.85377555,39.6
74.266,0.364017605,2.620655809,64.91807468,39.5
74.278,0.364017605,2.421695913,64.95857322,39.4
74.291,0.364017605,2.222736017,64.92287235,39.4
74.304,0.364017605,1.989598961,64.99335998,39.2
74.317,0.364443356,1.790639065,64.96337089,39.3
74.329,0.364443356,1.591679168,65.03385853,39.1
74.342,0.364443356,1.426896432,65.09196915,39.1
74.355,0.36529486,1.193759376,65.07435707,39
74.367,0.36529486,0.99479948,65.13246769,39
74.38,0.365720611,0.828796131,65.10295532,38.9
74.393,0.365720611,0.629836235,65.16106594,38.9
74.405,0.366572114,0.463832887,65.107753,38.8
74.418,0.366572114,0.299050151,65.16586361,38.8
74.431,0.366572114,0.166003349,65.14825154,38.7
74.444,0.366572114,0.032956547,65.10636216,38.8
74.456,0.366572114,-0.065913094,65.11255067,38.7
74.469,0.366572114,-0.166003349,65.07066129,38.8
74.482,0.366997866,-0.231916443,65.03496041,38.8
74.494,0.366997866,-0.332006698,65.01115983,38.8
74.507,0.366997866,-0.397919792,64.97545896,38.8
74.52,0.366997866,-0.463832887,64.84594659,38.8
74.533,0.366997866,-0.530966594,64.8159575,38.9
74.545,0.366997866,-0.596879688,64.82214601,38.8
74.558,0.366997866,-0.662792783,64.78025663,38.9
74.571,0.366572114,-0.762883037,64.74455575,38.9
74.583,0.366572114,-0.862973292,64.74455575,38.9
74.596,0.366572114,-0.99479948,64.71504339,38.8
74.609,0.366997866,-1.127846282,64.6850543,38.9
74.621,0.366997866,-1.226715924,64.65554193,38.8
74.634,0.366997866,-1.326806178,64.61365255,38.9
74.647,0.366997866,-1.426896432,64.61984106,38.8
74.66,0.366997866,-1.525766074,64.58985197,38.9
74.672,0.366997866,-1.558722621,64.58985197,38.9
74.685,0.366997866,-1.625856329,64.58985197,38.9
74.698,0.367849369,-1.658812876,64.5603396,38.8
74.71,0.366997866,-1.691769423,64.5541511,38.9
74.723,0.366997866,-1.658812876,64.5541511,38.9
74.736,0.366997866,-1.625856329,64.5541511,38.9
74.748,0.367849369,-1.625856329,64.5541511,38.9
74.761,0.366997866,-1.591679168,64.5541511,38.9
74.774,0.366997866,-1.525766074,64.4541511,39
74.787,0.366997866,-1.45985298,64.4541511,39
74.799,0.366997866,-1.359762725,64.48985197,39
74.812,0.366997866,-1.293849631,64.39604048,39
74.825,0.366997866,-1.160802829,64.38985197,39.1
74.837,0.366997866,-1.061933188,64.38985197,39.1
74.85,0.366997866,-0.928886386,64.31365255,39.2
74.863,0.366997866,-0.762883037,64.31984106,39.1
74.876,0.366572114,-0.629836235,64.21365255,39.3
74.888,0.366572114,-0.498010047,64.15554193,39.3
74.901,0.366572114,-0.364963245,64.04935343,39.5
74.914,0.365720611,-0.26487299,64.05554193,39.4
74.926,0.365720611,-0.166003349,63.94935343,39.6
74.939,0.365720611,-0.065913094,63.94935343,39.6
74.952,0.365720611,0.032956547,63.84935343,39.7
74.964,0.365720611,0.133046802,63.84935343,39.7
74.977,0.365720611,0.231916443,63.74935343,39.8
74.99,0.365720611,0.332006698,63.75554193,39.7
75.003,0.365720611,0.397919792,63.74935343,39.8
75.015,0.365720611,0.498010047,63.64935343,39.9
75.028,0.365720611,0.563923141,63.6850543,39.9
75.041,0.365720611,0.629836235,63.6850543,39.9
75.053,0.365720611,0.696969943,63.5850543,40
75.066,0.365720611,0.762883037,63.5850543,40
75.079,0.366572114,0.795839584,63.5850543,40
75.091,0.366572114,0.862973292,63.5850543,40
75.104,0.365720611,0.895929839,63.59124281,39.9
75.117,0.365720611,0.928886386,63.5850543,40
75.13,0.366572114,0.961842933,63.59124281,39.9
75.142,0.366572114,0.99479948,63.4850543,40.1
75.155,0.366572114,1.027756028,63.51504339,40
75.168,0.366572114,1.061933188,63.50885488,40.1
75.18,0.366572114,1.094889735,63.51504339,40
75.193,0.366572114,1.094889735,63.50885488,40.1
75.206,0.366572114,1.094889735,63.51504339,40
75.219,0.366572114,1.094889735,63.50885488,40.1
75.231,0.366572114,1.061933188,63.60885488,40
75.244,0.366997866,1.027756028,63.60885488,40
75.257,0.366997866,0.99479948,63.60885488,40
75.269,0.366997866,0.961842933,63.60885488,40
75.282,0.366997866,0.862973292,63.70885488,39.9
75.295,0.366997866,0.762883037,63.6850543,39.9
75.307,0.366997866,0.662792783,63.80885488,39.8
75.32,0.366997866,0.563923141,63.7850543,39.8
75.333,0.366997866,0.463832887,63.8850543,39.7
75.346,0.366997866,0.332006698,63.84935343,39.7
75.358,0.366997866,0.231916443,63.94935343,39.6
75.371,0.366997866,0.100090254,64.04935343,39.5
75.384,0.366997866,0,64.04935343,39.5
75.396,0.366997866,-0.065913094,64.14935343,39.4
75.409,0.366997866,-0.133046802,64.14935343,39.4
75.422,0.366997866,-0.166003349,64.2850543,39.3
75.434,0.366997866,-0.231916443,64.30885488,39.3
75.447,0.366572114,-0.332006698,64.3850543,39.2
75.46,0.366997866,-0.430876339,64.3850543,39.2
75.473,0.366997866,-0.530966594,64.4850543,39.1
75.485,0.366997866,-0.596879688,64.44935343,39.1
75.498,0.366997866,-0.72992649,64.54935343,39
75.511,0.366997866,-0.862973292,64.54935343,39
75.523,0.366997866,-0.99479948,64.61365255,38.9
75.536,0.366997866,-1.127846282,64.61365255,38.9
75.549,0.366997866,-1.293849631,64.68985197,38.8
75.562,0.366997866,-1.426896432,64.6541511,38.8
75.574,0.366997866,-1.591679168,64.61845022,38.8
75.587,0.367849369,-1.757682517,64.71845022,38.7
75.6,0.367849369,-1.890729319,64.68274935,38.7
75.612,0.367849369,-2.056732668,64.65894877,38.7
75.625,0.367849369,-2.18977947,64.62324789,38.7
75.638,0.367849369,-2.321605658,64.68754702,38.6
75.65,0.367849369,-2.487609007,64.66993495,38.5
75.663,0.367849369,-2.620655809,64.59234469,38.6
75.676,0.367849369,-2.819615705,64.66283233,38.4
75.689,0.368275121,-3.051532148,64.73284324,38.4
75.701,0.369126624,-3.283448591,64.73903174,38.3
75.714,0.370403879,-3.482408487,64.79714236,38.3
75.727,0.37082963,-3.681368384,64.86763,38.1
75.739,0.371681133,-3.88032828,64.82574062,38.2
75.752,0.372532637,-4.013375081,64.90812854,38
75.765,0.372532637,-4.113465336,64.90194003,38.1
75.777,0.372958388,-4.17937843,64.90812854,38
75.79,0.372958388,-4.212334977,64.90194003,38.1
75.803,0.372958388,-4.212334977,64.87242767,38
75.816,0.373809891,-4.17937843,64.86623916,38.1
75.828,0.373809891,-4.146421883,64.86623916,38.1
75.841,0.373809891,-4.113465336,64.90194003,38.1
75.854,0.372958388,-4.046331628,64.80812854,38.1
75.866,0.372958388,-3.980418534,64.80194003,38.2
75.879,0.372958388,-3.88032828,64.83192912,38.1
75.892,0.372958388,-3.781458638,64.72574062,38.3
75.905,0.372958388,-3.681368384,64.72574062,38.3
75.917,0.372532637,-3.549542195,64.76144149,38.3
75.93,0.372532637,-3.416495393,64.66144149,38.4
75.943,0.371681133,-3.283448591,64.56763,38.4
75.955,0.371681133,-3.117445243,64.59714236,38.5
75.968,0.371681133,-2.952662507,64.50333087,38.5
75.981,0.37082963,-2.819615705,64.43284324,38.7
75.993,0.37082963,-2.653612356,64.43903174,38.6
76.006,0.370403879,-2.520565554,64.35664382,38.8
76.019,0.370403879,-2.388739366,64.36283233,38.7
76.032,0.369552375,-2.288649111,64.29234469,38.9
76.044,0.369552375,-2.155602309,64.1985332,38.9
76.057,0.369552375,-2.023776121,64.19234469,39
76.07,0.369552375,-1.923685866,64.13423407,39
76.082,0.369126624,-1.824816225,64.12804557,39.1
76.095,0.369126624,-1.691769423,64.13423407,39
76.108,0.369126624,-1.558722621,64.02804557,39.2
76.12,0.368275121,-1.45985298,64.06374644,39.2
76.133,0.368275121,-1.359762725,63.96374644,39.3
76.146,0.368275121,-1.226715924,63.98754702,39.3
76.159,0.368275121,-1.127846282,63.88754702,39.4
76.171,0.367849369,-0.99479948,63.89373553,39.3
76.184,0.367849369,-0.895929839,63.82324789,39.5
76.197,0.367849369,-0.795839584,63.8294364,39.4
76.209,0.366997866,-0.662792783,63.72324789,39.6
76.222,0.366997866,-0.563923141,63.72324789,39.6
76.235,0.366997866,-0.463832887,63.66513728,39.6
76.248,0.366997866,-0.364963245,63.65894877,39.7
76.26,0.366997866,-0.26487299,63.56513728,39.7
76.273,0.366997866,-0.166003349,63.55894877,39.8
76.286,0.366997866,-0.100090254,63.58893786,39.7
76.298,0.366997866,-0.032956547,63.48274935,39.9
76.311,0.366997866,0.032956547,63.48893786,39.8
76.324,0.366572114,0.100090254,63.51845022,39.9
76.336,0.366997866,0.133046802,63.51845022,39.9
76.349,0.366572114,0.198959896,63.51845022,39.9
76.362,0.366997866,0.26487299,63.5603396,39.8
76.375,0.366997866,0.299050151,63.4541511,40
76.387,0.366997866,0.364963245,63.4603396,39.9
76.4,0.366997866,0.397919792,63.4541511,40
76.413,0.366997866,0.463832887,63.48985197,40
76.425,0.366997866,0.498010047,63.48985197,40
76.438,0.366997866,0.530966594,63.48985197,40
76.451,0.366997866,0.563923141,63.48985197,40
76.463,0.366572114,0.596879688,63.48985197,40
76.476,0.366997866,0.629836235,63.49604048,39.9
76.489,0.366997866,0.629836235,63.48985197,40
76.502,0.366997866,0.662792783,63.51365255,40
76.514,0.366997866,0.662792783,63.51365255,40
76.527,0.366997866,0.696969943,63.51365255,40
76.54,0.366997866,0.696969943,63.51365255,40
76.552,0.366997866,0.696969943,63.51984106,39.9
76.565,0.366997866,0.696969943,63.51365255,40
76.578,0.366997866,0.72992649,63.51365255,40
76.591,0.366997866,0.72992649,63.51365255,40
76.603,0.366997866,0.72992649,63.51365255,40
76.616,0.366997866,0.762883037,63.51365255,40
76.629,0.366997866,0.795839584,63.51365255,40
76.641,0.366997866,0.795839584,63.51365255,40
76.654,0.366997866,0.795839584,63.51365255,40
76.667,0.366997866,0.828796131,63.51984106,39.9
76.679,0.366997866,0.828796131,63.51365255,40
76.692,0.366997866,0.862973292,63.51365255,40
76.705,0.366997866,0.862973292,63.54935343,40
76.718,0.366997866,0.895929839,63.41984106,40
76.73,0.366997866,0.895929839,63.41365255,40.1
76.743,0.366997866,0.928886386,63.41984106,40
76.756,0.366997866,0.928886386,63.44935343,40.1
76.768,0.366997866,0.928886386,63.45554193,40
76.781,0.366997866,0.961842933,63.44935343,40.1
76.794,0.366997866,0.961842933,63.45554193,40
76.806,0.366997866,0.961842933,63.54935343,40
76.819,0.366997866,0.928886386,63.51365255,40
76.832,0.366997866,0.928886386,63.51365255,40
76.845,0.366997866,0.895929839,63.51365255,40
76.857,0.366997866,0.828796131,63.51365255,40
76.87,0.366997866,0.795839584,63.51365255,40
76.883,0.367849369,0.72992649,63.61365255,39.9
76.895,0.366997866,0.629836235,63.61365255,39.9
76.908,0.367849369,0.563923141,63.68985197,39.8
76.921,0.366997866,0.463832887,63.68985197,39.8
76.934,0.367849369,0.364963245,63.79604048,39.6
76.946,0.367849369,0.26487299,63.78985197,39.7
76.959,0.367849369,0.198959896,63.89604048,39.5
76.972,0.367849369,0.100090254,63.88985197,39.6
76.984,0.367849369,0,63.99604048,39.4
76.997,0.367849369,-0.065913094,63.94796259,39.6
77.01,0.368275121,-0.133046802,64.0603396,39.3
77.022,0.368275121,-0.166003349,64.08366346,39.5
77.035,0.367849369,-0.231916443,64.0603396,39.3
77.048,0.367849369,-0.26487299,64.1541511,39.3
77.061,0.367849369,-0.332006698,64.1603396,39.2
77.073,0.367849369,-0.364963245,64.1541511,39.3
77.086,0.367849369,-0.397919792,64.1603396,39.2
77.099,0.368275121,-0.463832887,64.2541511,39.2
77.111,0.368275121,-0.530966594,64.2541511,39.2
77.124,0.368275121,-0.596879688,64.2541511,39.2
77.137,0.368275121,-0.662792783,64.3541511,39.1
77.149,0.368275121,-0.72992649,64.3603396,39
77.162,0.368275121,-0.828796131,64.31845022,39.1
77.175,0.368275121,-0.895929839,64.42463873,38.9
77.188,0.369126624,-0.961842933,64.41845022,39
77.2,0.369126624,-1.061933188,64.42463873,38.9
77.213,0.369126624,-1.127846282,64.41845022,39
77.226,0.369126624,-1.226715924,64.48893786,38.8
77.238,0.369126624,-1.293849631,64.48274935,38.9
77.251,0.369126624,-1.392719272,64.46513728,38.8
77.264,0.369126624,-1.45985298,64.45894877,38.9
77.277,0.369126624,-1.558722621,64.52324789,38.8
77.289,0.369126624,-1.625856329,64.52324789,38.8
77.302,0.369126624,-1.691769423,64.52324789,38.8
77.315,0.369126624,-1.757682517,64.48754702,38.8
77.327,0.369126624,-1.824816225,64.48754702,38.8
77.34,0.369126624,-1.923685866,64.56374644,38.7
77.353,0.369126624,-1.956642413,64.56374644,38.7
77.365,0.369126624,-2.056732668,64.52804557,38.7
77.378,0.369126624,-2.122645762,64.52804557,38.7
77.391,0.369126624,-2.18977947,64.5985332,38.5
77.404,0.369126624,-2.255692564,64.59234469,38.6
77.416,0.369126624,-2.321605658,64.5985332,38.5
77.429,0.369126624,-2.388739366,64.55664382,38.6
77.442,0.369126624,-2.421695913,64.66283233,38.4
77.454,0.369126624,-2.487609007,64.63284324,38.5
77.467,0.369126624,-2.520565554,64.63903174,38.4
77.48,0.369552375,-2.553522102,64.65664382,38.5
77.492,0.369552375,-2.553522102,64.63284324,38.5
77.505,0.369552375,-2.553522102,64.63284324,38.5
77.518,0.369552375,-2.520565554,64.63284324,38.5
77.531,0.369552375,-2.487609007,64.63903174,38.4
77.543,0.369126624,-2.45465246,64.63284324,38.5
77.556,0.369552375,-2.354562206,64.53903174,38.5
77.569,0.369126624,-2.288649111,64.55664382,38.6
77.581,0.369126624,-2.18977947,64.56283233,38.5
77.594,0.369126624,-2.122645762,64.45664382,38.7
77.607,0.369126624,-2.023776121,64.4985332,38.6
77.62,0.368275121,-1.956642413,64.49234469,38.7
77.632,0.368275121,-1.890729319,64.3985332,38.7
77.645,0.368275121,-1.824816225,64.39234469,38.8
77.658,0.368275121,-1.757682517,64.3985332,38.7
77.67,0.368275121,-1.691769423,64.39234469,38.8
77.683,0.368275121,-1.658812876,64.43423407,38.7
77.696,0.368275121,-1.625856329,64.32804557,38.9
77.708,0.367849369,-1.591679168,64.33423407,38.8
77.721,0.367849369,-1.591679168,64.33423407,38.8
77.734,0.368275121,-1.558722621,64.32804557,38.9
77.747,0.368275121,-1.558722621,64.33423407,38.8
77.759,0.367849369,-1.591679168,64.32804557,38.9
77.772,0.367849369,-1.591679168,64.33423407,38.8
77.785,0.367849369,-1.625856329,64.32804557,38.9
77.797,0.368275121,-1.625856329,64.33423407,38.8
77.81,0.368275121,-1.625856329,64.32804557,38.9
77.823,0.368275121,-1.658812876,64.43423407,38.7
77.835,0.368275121,-1.658812876,64.42804557,38.8
77.848,0.368275121,-1.691769423,64.44042258,38.6
77.861,0.368275121,-1.691769423,64.42804557,38.8
77.874,0.367849369,-1.72472597,64.43423407,38.7
77.886,0.368275121,-1.72472597,64.42804557,38.8
77.899,0.368275121,-1.72472597,64.3985332,38.7
77.912,0.368275121,-1.72472597,64.39234469,38.8
77.924,0.368275121,-1.72472597,64.3985332,38.7
77.937,0.368275121,-1.757682517,64.39234469,38.8
77.95,0.368275121,-1.757682517,64.3985332,38.7
77.963,0.368275121,-1.757682517,64.3985332,38.7
77.975,0.368275121,-1.757682517,64.39234469,38.8
77.988,0.368275121,-1.757682517,64.3985332,38.7
78.001,0.368275121,-1.757682517,64.39234469,38.8
78.013,0.368275121,-1.790639065,64.3985332,38.7
78.026,0.367849369,-1.790639065,64.39234469,38.8
78.039,0.368275121,-1.824816225,64.3985332,38.7
78.051,0.368275121,-1.824816225,64.39234469,38.8
78.064,0.368275121,-1.857772772,64.4985332,38.6
78.077,0.368275121,-1.857772772,64.49234469,38.7
78.09,0.368275121,-1.890729319,64.4985332,38.6
78.102,0.368275121,-1.890729319,64.49234469,38.7
78.115,0.368275121,-1.890729319,64.4985332,38.6
78.128,0.368275121,-1.890729319,64.49234469,38.7
78.14,0.368275121,-1.890729319,64.49234469,38.7
78.153,0.368275121,-1.890729319,64.49234469,38.7
78.166,0.368275121,-1.857772772,64.49234469,38.7
78.178,0.368275121,-1.857772772,64.4985332,38.6
78.191,0.368275121,-1.824816225,64.49234469,38.7
78.204,0.368275121,-1.790639065,64.3985332,38.7
78.217,0.368275121,-1.757682517,64.39234469,38.8
78.229,0.368275121,-1.658812876,64.3985332,38.7
78.242,0.368275121,-1.558722621,64.39234469,38.8
78.255,0.367849369,-1.426896432,64.33423407,38.8
78.267,0.367849369,-1.260893084,64.26374644,39
78.28,0.367849369,-1.094889735,64.16993495,39
78.293,0.366997866,-0.895929839,64.18754702,39.1
78.306,0.366997866,-0.72992649,64.09373553,39.1
78.318,0.366997866,-0.563923141,64.0294364,39.2
78.331,0.366997866,-0.397919792,63.95894877,39.4
78.344,0.366997866,-0.198959896,63.86513728,39.4
78.356,0.366997866,-0.032956547,63.78274935,39.6
78.369,0.366997866,0.100090254,63.82463873,39.5
78.382,0.366997866,0.231916443,63.71226172,39.8
78.394,0.366997866,0.364963245,63.72463873,39.6
78.407,0.366997866,0.463832887,63.6541511,39.8
78.42,0.366997866,0.596879688,63.69604048,39.7
78.433,0.366997866,0.72992649,63.68366346,39.9
78.445,0.366997866,0.828796131,63.61984106,39.8
78.458,0.366997866,0.99479948,63.60746405,40
78.471,0.367849369,1.094889735,63.55554193,39.9
78.483,0.367849369,1.226715924,63.54935343,40
78.496,0.367849369,1.359762725,63.59124281,39.9
78.509,0.368275121,1.492809527,63.4850543,40.1
78.521,0.368275121,1.625856329,63.51504339,40
78.534,0.368275121,1.790639065,63.54455575,40.1
78.547,0.368275121,1.956642413,63.6159575,40.1
78.56,0.368275121,2.155602309,63.64594659,40
78.572,0.369126624,2.388739366,63.71115983,40.1
78.585,0.369126624,2.620655809,63.67684979,40.1
78.598,0.368275121,2.885528799,63.74206303,40.2
78.61,0.368275121,3.151622403,63.807753,40.1
78.623,0.368275121,3.383538846,63.89676682,40.2
78.636,0.368275121,3.648411836,63.97435707,40.1
78.648,0.367849369,3.91450544,63.92148151,40.4
78.661,0.367849369,4.146421883,63.99335998,40.2
78.674,0.367849369,4.378338326,64.05857322,40.3
78.687,0.367849369,4.577298222,64.12426318,40.2
78.699,0.366997866,4.776258118,64.18947642,40.3
78.712,0.366997866,4.90930492,64.2313658,40.2
78.725,0.366997866,5.075308269,64.14897788,40.4
78.737,0.366997866,5.17417791,64.18467875,40.4
78.75,0.366572114,5.207134458,64.22037963,40.4
78.763,0.366572114,5.207134458,64.22037963,40.4
78.776,0.366572114,5.17417791,64.32037963,40.3
78.788,0.366572114,5.108264816,64.28467875,40.3
78.801,0.366572114,5.008174562,64.29086726,40.2
78.814,0.366572114,4.876348373,64.38467875,40.2
78.826,0.366997866,4.710345024,64.45516639,40
78.839,0.366572114,4.544341675,64.5251773,40
78.852,0.366572114,4.345381779,64.59566493,39.8
78.864,0.366572114,4.113465336,64.55377555,39.9
78.877,0.366572114,3.847371732,64.62426318,39.7
78.89,0.366572114,3.615455289,64.65857322,39.7
78.903,0.366572114,3.350582299,64.72906086,39.5
78.915,0.366572114,3.084488695,64.78717147,39.5
78.928,0.366572114,2.852572252,64.82767002,39.4
78.941,0.366997866,2.587699262,64.89815765,39.2
78.953,0.366997866,2.354562206,64.96816856,39.2
78.966,0.366997866,2.122645762,65.0386562,39
78.979,0.366997866,1.923685866,64.99676682,39.1
78.992,0.366997866,1.72472597,65.06725445,38.9
79.004,0.366997866,1.525766074,65.13726536,38.9
79.017,0.366997866,1.326806178,65.107753,38.8
79.03,0.367849369,1.127846282,65.16586361,38.8
79.042,0.367849369,0.961842933,65.14825154,38.7
79.055,0.367849369,0.795839584,65.20636216,38.7
79.068,0.367849369,0.629836235,65.17684979,38.6
79.08,0.367849369,0.463832887,65.23496041,38.6
79.093,0.368275121,0.332006698,65.21734834,38.5
79.106,0.368275121,0.166003349,65.28164746,38.4
79.119,0.368275121,0.032956547,65.23975808,38.5
79.131,0.368275121,-0.100090254,65.22214601,38.4
79.144,0.368275121,-0.198959896,65.18025663,38.5
79.157,0.368275121,-0.332006698,65.18644514,38.4
79.169,0.367849369,-0.397919792,65.14455575,38.5
79.182,0.367849369,-0.498010047,65.11504339,38.4
79.195,0.367849369,-0.563923141,65.0850543,38.5
79.207,0.368275121,-0.696969943,65.09743131,38.3
79.22,0.368275121,-0.828796131,65.04316492,38.6
79.233,0.368275121,-0.99479948,65.01984106,38.4
79.246,0.368275121,-1.160802829,64.94796259,38.6
79.258,0.368275121,-1.359762725,64.92463873,38.4
79.271,0.368275121,-1.558722621,64.98274935,38.4
79.284,0.368275121,-1.757682517,64.96513728,38.3
79.296,0.368275121,-1.923685866,64.92324789,38.4
79.309,0.368275121,-2.056732668,64.89373553,38.3
79.322,0.368275121,-2.155602309,64.86374644,38.4
79.335,0.369126624,-2.288649111,64.83423407,38.3
79.347,0.369126624,-2.354562206,64.7985332,38.3
79.36,0.368275121,-2.421695913,64.75664382,38.4
79.373,0.368275121,-2.45465246,64.76283233,38.3
79.385,0.368275121,-2.45465246,64.75664382,38.4
79.398,0.368275121,-2.388739366,64.73903174,38.3
79.411,0.368275121,-2.321605658,64.75664382,38.4
79.423,0.368275121,-2.155602309,64.66283233,38.4
79.436,0.367849369,-1.989598961,64.69234469,38.5
79.449,0.367849369,-1.757682517,64.5985332,38.5
79.462,0.367849369,-1.525766074,64.52804557,38.7
79.474,0.366997866,-1.226715924,64.36993495,38.8
79.487,0.366997866,-0.961842933,64.26374644,39
79.5,0.366997866,-0.72992649,64.19373553,39
79.512,0.366997866,-0.530966594,64.12324789,39.2
79.525,0.366572114,-0.332006698,64.0294364,39.2
79.538,0.366572114,-0.166003349,63.95894877,39.4
79.55,0.365720611,0,63.88893786,39.4
79.563,0.366572114,0.133046802,63.88274935,39.5
79.576,0.366572114,0.26487299,63.82463873,39.5
79.589,0.366572114,0.397919792,63.81845022,39.6
79.601,0.366572114,0.530966594,63.7541511,39.7
79.614,0.366572114,0.662792783,63.7541511,39.7
79.627,0.366572114,0.762883037,63.68985197,39.8
79.639,0.366997866,0.895929839,63.69604048,39.7
79.652,0.366997866,1.027756028,63.58985197,39.9
79.665,0.366997866,1.127846282,63.61984106,39.8
79.678,0.367849369,1.260893084,63.61365255,39.9
79.69,0.367849369,1.392719272,63.65554193,39.8
79.703,0.367849369,1.525766074,63.5850543,40
79.716,0.368275121,1.691769423,63.61504339,39.9
79.728,0.368275121,1.857772772,63.64455575,40
79.741,0.368275121,2.023776121,63.72214601,39.9
79.754,0.368275121,2.18977947,63.73975808,40
79.766,0.368275121,2.354562206,63.68164746,40
79.779,0.368275121,2.553522102,63.73496041,40.1
79.792,0.368275121,2.71952545,63.77684979,40
79.805,0.368275121,2.852572252,63.84206303,40.1
79.817,0.368275121,2.985619054,63.87205212,40
79.83,0.368275121,3.117445243,63.90156449,40.1
79.843,0.368275121,3.217535497,63.93726536,40.1
79.855,0.368275121,3.316405139,63.93726536,40.1
79.868,0.367849369,3.383538846,63.96725445,40
79.881,0.367849369,3.416495393,63.96725445,40
79.893,0.367849369,3.416495393,63.99676682,40.1
79.906,0.367849369,3.383538846,64.00295532,40
79.919,0.368275121,3.316405139,63.99676682,40.1
79.932,0.367849369,3.217535497,64.06106594,40
79.944,0.367849369,3.117445243,64.06106594,40
79.957,0.367849369,3.018575601,64.14345387,39.8
79.97,0.367849369,2.852572252,64.24345387,39.7
79.982,0.367849369,2.686568903,64.24345387,39.7
79.995,0.368275121,2.520565554,64.30156449,39.7
80.008,0.368275121,2.321605658,64.40156449,39.6
80.02,0.368275121,2.089689215,64.56586361,39.4
80.033,0.368275121,1.890729319,64.66586361,39.3
80.046,0.368275121,1.691769423,64.74206303,39.2
80.059,0.368275121,1.525766074,64.81255067,39
80.071,0.368275121,1.326806178,64.77684979,39
80.084,0.368275121,1.160802829,64.87066129,39
80.097,0.368275121,1.027756028,64.93496041,38.9
80.109,0.368275121,0.862973292,64.91115983,38.9
80.122,0.368275121,0.72992649,65.01115983,38.8
80.135,0.369126624,0.596879688,64.97545896,38.8
80.148,0.369126624,0.463832887,65.04594659,38.6
80.16,0.369126624,0.332006698,65.02214601,38.6
80.173,0.368275121,0.198959896,64.98644514,38.6
80.186,0.369126624,0.100090254,65.08025663,38.6
80.198,0.368275121,-0.032956547,65.04455575,38.6
80.211,0.368275121,-0.133046802,65.00885488,38.6
80.224,0.368275121,-0.231916443,65.00885488,38.6
80.236,0.369126624,-0.299050151,65.0850543,38.5
80.249,0.369126624,-0.397919792,65.09124281,38.4
80.262,0.368275121,-0.498010047,65.09124281,38.4
80.275,0.368275121,-0.596879688,65.05554193,38.4
80.287,0.368275121,-0.696969943,65.01365255,38.5
80.3,0.368275121,-0.795839584,65.01365255,38.5
80.313,0.368275121,-0.961842933,64.98985197,38.5
80.325,0.368275121,-1.127846282,65.0541511,38.4
80.338,0.368275121,-1.260893084,65.01845022,38.4
80.351,0.369126624,-1.45985298,65.01845022,38.4
80.363,0.368275121,-1.625856329,64.98893786,38.3
80.376,0.369126624,-1.790639065,65.05894877,38.3
80.389,0.369126624,-1.923685866,65.02324789,38.3
80.402,0.369126624,-2.056732668,64.98754702,38.3
80.414,0.369126624,-2.155602309,64.92804557,38.3
80.427,0.369126624,-2.255692564,64.89234469,38.3
80.44,0.369126624,-2.321605658,64.8985332,38.2
80.452,0.369126624,-2.421695913,64.85664382,38.3
80.465,0.369126624,-2.487609007,64.86283233,38.2
80.478,0.369126624,-2.553522102,64.83284324,38.3
80.491,0.369126624,-2.587699262,64.93284324,38.2
80.503,0.369126624,-2.587699262,64.93284324,38.2
80.516,0.369126624,-2.620655809,64.89714236,38.2
80.529,0.369126624,-2.587699262,64.89714236,38.2
80.541,0.369126624,-2.553522102,64.80333087,38.2
80.554,0.369126624,-2.520565554,64.79714236,38.3
80.567,0.369126624,-2.487609007,64.83903174,38.2
80.579,0.369126624,-2.388739366,64.83284324,38.3
80.592,0.368275121,-2.288649111,64.73284324,38.4
80.605,0.368275121,-2.155602309,64.73284324,38.4
80.618,0.368275121,-2.023776121,64.65664382,38.5
80.63,0.368275121,-1.890729319,64.65664382,38.5
80.643,0.368275121,-1.757682517,64.55664382,38.6
80.656,0.367849369,-1.591679168,64.4985332,38.6
80.668,0.367849369,-1.426896432,64.49234469,38.7
80.681,0.366997866,-1.293849631,64.42804557,38.8
80.694,0.366997866,-1.160802829,64.32804557,38.9
80.706,0.366997866,-1.027756028,64.32804557,38.9
80.719,0.366997866,-0.895929839,64.26374644,39
80.732,0.366997866,-0.795839584,64.26374644,39
80.745,0.366997866,-0.662792783,64.18754702,39.1
80.757,0.366997866,-0.563923141,64.19373553,39
80.77,0.366997866,-0.463832887,64.1294364,39.1
80.783,0.366997866,-0.364963245,64.12324789,39.2
80.795,0.366572114,-0.231916443,64.02324789,39.3
80.808,0.366572114,-0.133046802,64.02324789,39.3
80.821,0.366572114,-0.065913094,63.95894877,39.4
80.834,0.365720611,0.032956547,63.95894877,39.4
80.846,0.366572114,0.100090254,63.98274935,39.4
80.859,0.366572114,0.198959896,63.98893786,39.3
80.872,0.366572114,0.26487299,63.88274935,39.5
80.884,0.366572114,0.332006698,63.88274935,39.5
80.897,0.366572114,0.397919792,63.88274935,39.5
80.91,0.366572114,0.430876339,63.91845022,39.5
80.922,0.366572114,0.498010047,63.81845022,39.6
80.935,0.366572114,0.563923141,63.81845022,39.6
80.948,0.366997866,0.629836235,63.8541511,39.6
80.961,0.366997866,0.696969943,63.8541511,39.6
80.973,0.366572114,0.762883037,63.8541511,39.6
80.986,0.366997866,0.795839584,63.7541511,39.7
80.999,0.366997866,0.862973292,63.7541511,39.7
81.011,0.366997866,0.895929839,63.7541511,39.7
81.024,0.366997866,0.928886386,63.7541511,39.7
81.037,0.366997866,0.928886386,63.7541511,39.7
81.049,0.367849369,0.961842933,63.7541511,39.7
81.062,0.367849369,0.961842933,63.7603396,39.6
81.075,0.366997866,0.961842933,63.7541511,39.7
81.088,0.367849369,0.961842933,63.7603396,39.6
81.1,0.367849369,0.961842933,63.7541511,39.7
81.113,0.367849369,0.961842933,63.7603396,39.6
81.126,0.366997866,0.895929839,63.8541511,39.6
81.138,0.367849369,0.862973292,63.8603396,39.5
81.151,0.366997866,0.762883037,63.8541511,39.6
81.164,0.366997866,0.696969943,63.9541511,39.5
81.177,0.366997866,0.596879688,63.9541511,39.5
81.189,0.366997866,0.498010047,64.01845022,39.4
81.202,0.367849369,0.397919792,64.01845022,39.4
81.215,0.367849369,0.332006698,64.11845022,39.3
81.227,0.367849369,0.231916443,64.08274935,39.3
81.24,0.367849369,0.133046802,64.18274935,39.2
81.253,0.367849369,0.065913094,64.18274935,39.2
81.265,0.367849369,0,64.28274935,39.1
81.278,0.367849369,-0.065913094,64.28274935,39.1
81.291,0.367849369,-0.100090254,64.28274935,39.1
81.304,0.367849369,-0.100090254,64.32463873,39
81.316,0.367849369,-0.133046802,64.41845022,39
81.329,0.367849369,-0.166003349,64.38893786,38.9
81.342,0.367849369,-0.166003349,64.38274935,39
81.354,0.367849369,-0.166003349,64.38893786,38.9
81.367,0.367849369,-0.166003349,64.41845022,39
81.38,0.367849369,-0.133046802,64.42463873,38.9
81.392,0.367849369,-0.133046802,64.41845022,39
81.405,0.367849369,-0.100090254,64.32463873,39
81.418,0.367849369,-0.032956547,64.31845022,39.1
81.431,0.367849369,0.032956547,64.32463873,39
81.443,0.367849369,0.100090254,64.31845022,39.1
81.456,0.367849369,0.198959896,64.22463873,39.1
81.469,0.367849369,0.299050151,64.2541511,39.2
81.481,0.366997866,0.364963245,64.1541511,39.3
81.494,0.366997866,0.463832887,64.1541511,39.3
81.507,0.367849369,0.563923141,64.1541511,39.3
81.52,0.366997866,0.629836235,64.0541511,39.4
81.532,0.366997866,0.72992649,63.9603396,39.4
81.545,0.367849369,0.828796131,63.9603396,39.4
81.558,0.367849369,0.895929839,63.8541511,39.6
81.57,0.367849369,0.961842933,63.8541511,39.6
81.583,0.367849369,1.027756028,63.7541511,39.7
81.596,0.367849369,1.127846282,63.7603396,39.6
81.608,0.367849369,1.160802829,63.78985197,39.7
81.621,0.367849369,1.226715924,63.79604048,39.6
81.634,0.367849369,1.293849631,63.78985197,39.7
81.647,0.367849369,1.359762725,63.81984106,39.6
81.659,0.368275121,1.45985298,63.81365255,39.7
81.672,0.368275121,1.525766074,63.75554193,39.7
81.685,0.368275121,1.625856329,63.74935343,39.8
81.697,0.368275121,1.691769423,63.79124281,39.7
81.71,0.368275121,1.757682517,63.80885488,39.8
81.723,0.368275121,1.857772772,63.81504339,39.7
81.735,0.368275121,1.956642413,63.84455575,39.8
81.748,0.368275121,2.023776121,63.85074426,39.7
81.761,0.368275121,2.089689215,63.88025663,39.8
81.774,0.368275121,2.155602309,63.9159575,39.8
81.786,0.368275121,2.222736017,63.9159575,39.8
81.799,0.368275121,2.222736017,63.9159575,39.8
81.812,0.368275121,2.255692564,63.92214601,39.7
81.824,0.368275121,2.222736017,63.9159575,39.8
81.837,0.368275121,2.222736017,63.94594659,39.7
81.85,0.368275121,2.155602309,64.03975808,39.7
81.863,0.368275121,2.089689215,64.02214601,39.6
81.875,0.368275121,1.989598961,64.0159575,39.7
81.888,0.368275121,1.857772772,64.12214601,39.5
81.901,0.368275121,1.72472597,64.18025663,39.5
81.913,0.368275121,1.558722621,64.18644514,39.4
81.926,0.368275121,1.426896432,64.28025663,39.4
81.939,0.368275121,1.226715924,64.34455575,39.3
81.951,0.369126624,1.061933188,64.44455575,39.2
81.964,0.369126624,0.895929839,64.50885488,39.1
81.977,0.369126624,0.762883037,64.60885488,39
81.99,0.368275121,0.596879688,64.70885488,38.9
82.002,0.368275121,0.498010047,64.69124281,38.8
82.015,0.368275121,0.364963245,64.7850543,38.8
82.028,0.368275121,0.26487299,64.75554193,38.7
82.04,0.368275121,0.166003349,64.84935343,38.7
82.053,0.368275121,0.032956547,64.95554193,38.5
82.066,0.368275121,-0.065913094,64.91365255,38.6
82.078,0.369126624,-0.133046802,65.01984106,38.4
82.091,0.368275121,-0.231916443,65.01365255,38.5
82.104,0.368275121,-0.332006698,64.99604048,38.4
82.117,0.368275121,-0.430876339,64.98985197,38.5
82.129,0.368275121,-0.530966594,65.0603396,38.3
82.142,0.368275121,-0.662792783,65.0541511,38.4
82.155,0.368275121,-0.828796131,65.02463873,38.3
82.167,0.368275121,-1.027756028,65.08274935,38.3
82.18,0.368275121,-1.226715924,65.05894877,38.3
82.193,0.368275121,-1.426896432,65.12324789,38.2
82.206,0.369126624,-1.625856329,65.08754702,38.2
82.218,0.369126624,-1.857772772,65.06993495,38.1
82.231,0.369126624,-2.056732668,65.09234469,38.1
82.244,0.369126624,-2.255692564,65.06283233,38
82.256,0.369126624,-2.45465246,65.03284324,38.1
82.269,0.369126624,-2.653612356,65.06763,37.9
82.282,0.369126624,-2.918485347,65.12574062,37.9
82.294,0.370403879,-3.151622403,65.20812854,37.7
82.307,0.370403879,-3.416495393,65.26623916,37.7
82.32,0.37082963,-3.648411836,65.2367268,37.6
82.333,0.371681133,-3.847371732,65.30673771,37.6
82.345,0.372532637,-4.013375081,65.31292621,37.5
82.358,0.372958388,-4.113465336,65.40673771,37.5
82.371,0.372958388,-4.113465336,65.37722534,37.4
82.383,0.372958388,-4.046331628,65.30673771,37.6
82.396,0.372958388,-3.947461987,65.31292621,37.5
82.409,0.372958388,-3.781458638,65.20673771,37.7
82.421,0.372532637,-3.582498742,65.21292621,37.6
82.434,0.372532637,-3.383538846,65.1367268,37.7
82.447,0.371681133,-3.117445243,65.06623916,37.9
82.46,0.37082963,-2.852572252,65.00812854,37.9
82.472,0.370403879,-2.587699262,64.82574062,38.2
82.485,0.370403879,-2.354562206,64.76763,38.2
82.498,0.369552375,-2.122645762,64.66144149,38.4
82.51,0.369552375,-1.890729319,64.60333087,38.4
82.523,0.369126624,-1.658812876,64.53284324,38.6
82.536,0.369126624,-1.426896432,64.43903174,38.6
82.549,0.368275121,-1.193759376,64.35045531,38.9
82.561,0.368275121,-0.928886386,64.2985332,38.8
82.574,0.367849369,-0.662792783,64.09234469,39.1
82.587,0.367849369,-0.430876339,64.03423407,39.1
82.599,0.367849369,-0.231916443,63.96374644,39.3
82.612,0.367849369,-0.065913094,63.96993495,39.2
82.625,0.367849369,0.100090254,63.88754702,39.4
82.637,0.367849369,0.231916443,63.82324789,39.5
82.65,0.367849369,0.397919792,63.85894877,39.5
82.663,0.367849369,0.530966594,63.88274935,39.5
82.676,0.367849369,0.696969943,63.78893786,39.5
82.688,0.367849369,0.862973292,63.81845022,39.6
82.701,0.367849369,1.027756028,63.72463873,39.6
82.714,0.367849369,1.160802829,63.7541511,39.7
82.726,0.368275121,1.326806178,63.69604048,39.7
82.739,0.368275121,1.492809527,63.71365255,39.8
82.752,0.369126624,1.691769423,63.75554193,39.7
82.764,0.369126624,1.923685866,63.80885488,39.8
82.777,0.369126624,2.18977947,63.78025663,39.9
82.79,0.369126624,2.487609007,63.83975808,39.9
82.803,0.369126624,2.786659158,63.84114892,39.9
82.815,0.369126624,3.117445243,63.90636216,40
82.828,0.368275121,3.44945194,64.00156449,40
82.841,0.368275121,3.748502091,64.06106594,40
82.853,0.368275121,4.046331628,64.06816856,40.1
82.866,0.368275121,4.345381779,64.1695594,40
82.879,0.367849369,4.643211317,64.22287235,40.1
82.892,0.367849369,4.876348373,64.32426318,40
82.904,0.367849369,5.075308269,64.25377555,40.2
82.917,0.366997866,5.241311618,64.29566493,40.1
82.93,0.366997866,5.340181259,64.31898879,40.3
82.942,0.366997866,5.373137807,64.35516639,40.1
82.955,0.366997866,5.373137807,64.34897788,40.2
82.968,0.366997866,5.274268165,64.35516639,40.1
82.98,0.366572114,5.108264816,64.4251773,40.1
82.993,0.366572114,4.90930492,64.5313658,39.9
83.006,0.366997866,4.677388477,64.55377555,39.9
83.019,0.366997866,4.378338326,64.61807468,39.8
83.031,0.366997866,4.113465336,64.75857322,39.6
83.044,0.366997866,3.814415185,64.78717147,39.5
83.057,0.366997866,3.482408487,64.8695594,39.3
83.069,0.366997866,3.18457895,64.89196915,39.3
83.082,0.366997866,2.885528799,65.0386562,39
83.095,0.366997866,2.587699262,65.09676682,39
83.107,0.366997866,2.321605658,65.16725445,38.8
83.12,0.366997866,2.089689215,65.13107685,39
83.133,0.366997866,1.857772772,65.207753,38.7
83.146,0.366997866,1.625856329,65.25967511,38.8
83.158,0.367849369,1.392719272,65.24825154,38.6
83.171,0.367849369,1.193759376,65.30017365,38.7
83.184,0.367849369,0.99479948,65.37684979,38.4
83.196,0.367849369,0.762883037,65.33496041,38.5
83.209,0.368275121,0.563923141,65.41734834,38.3
83.222,0.368275121,0.397919792,65.43975808,38.3
83.235,0.368275121,0.198959896,65.4159575,38.3
83.247,0.368275121,0.065913094,65.38025663,38.3
83.26,0.368275121,-0.100090254,65.44455575,38.2
83.273,0.368275121,-0.231916443,65.41504339,38.1
83.285,0.368275121,-0.332006698,65.3850543,38.2
83.298,0.368275121,-0.463832887,65.35554193,38.1
83.311,0.368275121,-0.563923141,65.31365255,38.2
83.323,0.368275121,-0.696969943,65.29604048,38.1
83.336,0.368275121,-0.862973292,65.24796259,38.3
83.349,0.368275121,-1.061933188,65.22463873,38.1
83.362,0.368275121,-1.260893084,65.18274935,38.2
83.374,0.368275121,-1.492809527,65.1294364,38.1
83.387,0.369126624,-1.72472597,65.08754702,38.2
83.4,0.369126624,-1.923685866,65.06993495,38.1
83.412,0.369126624,-2.122645762,64.99234469,38.2
83.425,0.369126624,-2.288649111,65.05664382,38.1
83.438,0.369126624,-2.421695913,65.03284324,38.1
83.45,0.369126624,-2.553522102,64.96144149,38.1
83.463,0.369552375,-2.653612356,64.93192912,38
83.476,0.369552375,-2.752481998,65.02574062,38
83.489,0.369126624,-2.786659158,65.00812854,37.9
83.501,0.369126624,-2.752481998,65.00194003,38
83.514,0.369126624,-2.686568903,64.93192912,38
83.527,0.369126624,-2.553522102,64.92574062,38.1
83.539,0.369126624,-2.388739366,64.83192912,38.1
83.552,0.368275121,-2.18977947,64.76144149,38.3
83.565,0.368275121,-1.923685866,64.70333087,38.3
83.578,0.367849369,-1.658812876,64.59714236,38.5
83.59,0.367849369,-1.392719272,64.53903174,38.5
83.603,0.366997866,-1.127846282,64.45664382,38.7
83.616,0.366997866,-0.895929839,64.29234469,38.9
83.628,0.366997866,-0.662792783,64.22804557,39
83.641,0.366572114,-0.430876339,64.12804557,39.1
83.654,0.366572114,-0.231916443,64.06993495,39.1
83.666,0.366572114,-0.065913094,63.98754702,39.3
83.679,0.366997866,0.100090254,63.99373553,39.2
83.692,0.366572114,0.26487299,63.92324789,39.4
83.705,0.366997866,0.397919792,63.93562491,39.2
83.717,0.366997866,0.530966594,63.85894877,39.5
83.73,0.366997866,0.662792783,63.86513728,39.4
83.743,0.366997866,0.828796131,63.78274935,39.6
83.755,0.367849369,0.99479948,63.68893786,39.6
83.768,0.367849369,1.127846282,63.71845022,39.7
83.781,0.367849369,1.260893084,63.72463873,39.6
83.793,0.368275121,1.426896432,63.68985197,39.8
83.806,0.368275121,1.625856329,63.71984106,39.7
83.819,0.368275121,1.824816225,63.7850543,39.8
83.832,0.368275121,2.056732668,63.80885488,39.8
83.844,0.369126624,2.321605658,63.88644514,39.7
83.857,0.368275121,2.587699262,63.83975808,39.9
83.87,0.368275121,2.852572252,63.94114892,39.8
83.882,0.368275121,3.151622403,64.00636216,39.9
83.895,0.368275121,3.416495393,64.07205212,39.8
83.908,0.368275121,3.681368384,64.06106594,40
83.921,0.368275121,3.947461987,64.1448447,39.8
83.933,0.367849369,4.212334977,64.18578064,40.1
83.946,0.367849369,4.444251421,64.2695594,39.9
83.959,0.367849369,4.643211317,64.18717147,40.1
83.971,0.367849369,4.809214666,64.26476173,40
83.984,0.366997866,4.975218014,64.29427409,40.1
83.997,0.367849369,5.075308269,64.35996406,40
84.009,0.366997866,5.207134458,64.35377555,40.1
84.022,0.366572114,5.241311618,64.35996406,40
84.035,0.366997866,5.274268165,64.38947642,40.1
84.048,0.366997866,5.241311618,64.38947642,40.1
84.06,0.366997866,5.207134458,64.39566493,40
84.073,0.366997866,5.141221363,64.38947642,40.1
84.086,0.366997866,5.042351722,64.45996406,39.9
84.098,0.366997866,4.942261467,64.45377555,40
84.111,0.366572114,4.776258118,64.55996406,39.8
84.124,0.366572114,4.577298222,64.61807468,39.8
84.136,0.366997866,4.378338326,64.66476173,39.6
84.149,0.366997866,4.17937843,64.72287235,39.6
84.162,0.366997866,3.947461987,64.79335998,39.4
84.175,0.366997866,3.681368384,64.86337089,39.4
84.187,0.366997866,3.416495393,64.89815765,39.2
84.2,0.366997866,3.151622403,64.96816856,39.2
84.213,0.366997866,2.885528799,65.03246769,39.1
84.225,0.366997866,2.620655809,65.06106594,39
84.238,0.366997866,2.354562206,65.13726536,38.9
84.251,0.366997866,2.122645762,65.107753,38.8
84.264,0.366997866,1.890729319,65.16586361,38.8
84.276,0.367849369,1.658812876,65.24825154,38.6
84.289,0.366997866,1.426896432,65.20636216,38.7
84.302,0.367849369,1.193759376,65.27684979,38.5
84.314,0.367849369,0.961842933,65.31115983,38.5
84.327,0.367849369,0.72992649,65.38164746,38.3
84.34,0.367849369,0.530966594,65.33975808,38.4
84.352,0.368275121,0.332006698,65.42214601,38.2
84.365,0.368275121,0.133046802,65.38025663,38.3
84.378,0.368275121,-0.032956547,65.41504339,38.1
84.391,0.368275121,-0.198959896,65.3850543,38.2
84.403,0.368275121,-0.332006698,65.34935343,38.2
84.416,0.368275121,-0.463832887,65.31365255,38.2
84.429,0.368275121,-0.596879688,65.28985197,38.2
84.441,0.368275121,-0.762883037,65.2603396,38.1
84.454,0.368275121,-0.99479948,65.21845022,38.2
84.467,0.368275121,-1.293849631,65.16513728,38.1
84.479,0.368275121,-1.625856329,65.18754702,38.1
84.492,0.369126624,-1.956642413,65.13423407,38
84.505,0.369126624,-2.321605658,65.05664382,38.1
84.518,0.369126624,-2.653612356,65.06763,37.9
84.53,0.369552375,-3.051532148,65.06623916,37.9
84.543,0.37082963,-3.582498742,65.21911472,37.5
84.556,0.372532637,-4.113465336,65.33533596,37.5
84.568,0.374235643,-4.643211317,65.48202301,37.2
84.581,0.375512898,-5.075308269,65.54013363,37.2
84.594,0.376790152,-5.506184608,65.61062126,37
84.607,0.378067407,-5.805234759,65.68063217,37
84.619,0.37891891,-6.004194655,65.68682068,36.9
84.632,0.379344662,-6.103064296,65.70443276,37
84.645,0.380196165,-6.070107749,65.71062126,36.9
84.657,0.380196165,-5.970017495,65.74632214,36.9
84.67,0.380196165,-5.838191306,65.6758345,37.1
84.683,0.379344662,-5.63923141,65.60582359,37.1
84.695,0.379344662,-5.440271514,65.59963509,37.2
84.708,0.379344662,-5.241311618,65.54152447,37.2
84.721,0.37891891,-4.975218014,65.47103683,37.4
84.734,0.378067407,-4.743301571,65.41292621,37.4
84.746,0.377641656,-4.478428581,65.33053829,37.6
84.759,0.377641656,-4.245291525,65.27861618,37.5
84.772,0.376790152,-3.980418534,65.10194003,37.9
84.784,0.376790152,-3.715545544,65.03192912,37.9
84.797,0.376364401,-3.44945194,64.96144149,38.1
84.81,0.375512898,-3.18457895,64.86763,38.1
84.822,0.375512898,-2.885528799,64.69714236,38.4
84.835,0.375512898,-2.587699262,64.60333087,38.4
84.848,0.375087146,-2.288649111,64.45664382,38.7
84.861,0.374235643,-1.989598961,64.3985332,38.7
84.873,0.372958388,-1.691769423,64.32804557,38.9
84.886,0.372958388,-1.392719272,64.13423407,39
84.899,0.372532637,-1.094889735,64.02804557,39.2
84.911,0.371681133,-0.795839584,63.86374644,39.4
84.924,0.371681133,-0.530966594,63.79373553,39.4
84.937,0.37082963,-0.26487299,63.72324789,39.6
84.95,0.370403879,-0.065913094,63.66513728,39.6
84.962,0.37082963,0.100090254,63.68274935,39.7
84.975,0.37082963,0.198959896,63.72463873,39.6
84.988,0.370403879,0.332006698,63.71845022,39.7
85,0.370403879,0.430876339,63.6603396,39.7
85.013,0.370403879,0.563923141,63.68985197,39.8
85.026,0.370403879,0.696969943,63.71984106,39.7
85.038,0.370403879,0.828796131,63.71365255,39.8
85.051,0.370403879,0.961842933,63.61984106,39.8
85.064,0.37082963,1.061933188,63.64935343,39.9
85.077,0.37082963,1.193759376,63.69124281,39.8
85.089,0.37082963,1.293849631,63.5850543,40
85.102,0.37082963,1.426896432,63.61504339,39.9
85.115,0.37082963,1.525766074,63.64455575,40
85.127,0.371681133,1.658812876,63.68644514,39.9
85.14,0.371681133,1.790639065,63.7159575,40
85.153,0.371681133,1.890729319,63.74594659,39.9
85.165,0.371681133,2.023776121,63.77545896,40
85.178,0.371681133,2.122645762,63.81115983,40
85.191,0.371681133,2.18977947,63.83496041,40
85.204,0.372532637,2.255692564,63.84114892,39.9
85.216,0.371681133,2.255692564,63.87684979,39.9
85.229,0.371681133,2.255692564,63.87684979,39.9
85.242,0.371681133,2.222736017,63.97684979,39.8
85.254,0.372532637,2.155602309,63.97066129,39.9
85.267,0.372532637,2.023776121,64.07066129,39.8
85.28,0.372532637,1.890729319,64.03496041,39.8
85.293,0.372532637,1.691769423,64.13496041,39.7
85.305,0.371681133,1.492809527,64.21734834,39.5
85.318,0.371681133,1.293849631,64.31734834,39.4
85.331,0.371681133,1.061933188,64.48164746,39.2
85.343,0.372532637,0.862973292,64.53975808,39.2
85.356,0.372532637,0.696969943,64.63975808,39.1
85.369,0.372532637,0.563923141,64.7159575,39
85.381,0.372532637,0.430876339,64.7159575,39
85.394,0.372532637,0.299050151,64.78025663,38.9
85.407,0.371681133,0.198959896,64.78644514,38.8
85.42,0.372532637,0.100090254,64.88644514,38.7
85.432,0.372532637,0,64.88644514,38.7
85.445,0.372532637,-0.100090254,64.94455575,38.7
85.458,0.371681133,-0.198959896,64.94455575,38.7
85.47,0.372532637,-0.299050151,65.00885488,38.6
85.483,0.371681133,-0.430876339,65.00885488,38.6
85.496,0.372532637,-0.530966594,64.9850543,38.6
85.508,0.371681133,-0.696969943,64.99124281,38.5
85.521,0.371681133,-0.828796131,65.05554193,38.4
85.534,0.371681133,-1.027756028,65.01984106,38.4
85.547,0.372532637,-1.226715924,64.99604048,38.4
85.559,0.371681133,-1.392719272,65.0541511,38.4
85.572,0.372532637,-1.591679168,65.01845022,38.4
85.585,0.372532637,-1.757682517,64.98274935,38.4
85.597,0.372532637,-1.923685866,64.96513728,38.3
85.61,0.371681133,-2.056732668,65.0294364,38.2
85.623,0.372532637,-2.18977947,64.99373553,38.2
85.636,0.372532637,-2.321605658,64.96374644,38.3
85.648,0.372532637,-2.45465246,65.03423407,38.1
85.661,0.372532637,-2.553522102,64.99234469,38.2
85.674,0.372958388,-2.686568903,64.95664382,38.2
85.686,0.372958388,-2.786659158,65.03284324,38.1
85.699,0.372958388,-2.885528799,65.03903174,38
85.712,0.372958388,-2.985619054,65.03284324,38.1
85.724,0.372958388,-3.018575601,65.03903174,38
85.737,0.373809891,-3.018575601,65.03284324,38.1
85.75,0.373809891,-2.985619054,65.03903174,38
85.763,0.373809891,-2.952662507,65.03284324,38.1
85.775,0.373809891,-2.918485347,65.03903174,38
85.788,0.372958388,-2.819615705,65.03284324,38.1
85.801,0.372958388,-2.71952545,64.93903174,38.1
85.813,0.372958388,-2.653612356,64.93903174,38.1
85.826,0.372532637,-2.553522102,64.96283233,38.1
85.839,0.372532637,-2.45465246,64.85664382,38.3
85.851,0.372532637,-2.388739366,64.89234469,38.3
85.864,0.372532637,-2.255692564,64.79234469,38.4
85.877,0.372532637,-2.155602309,64.79234469,38.4
85.89,0.371681133,-2.023776121,64.69234469,38.5
85.902,0.371681133,-1.923685866,64.69234469,38.5
85.915,0.371681133,-1.790639065,64.63423407,38.5
85.928,0.37082963,-1.658812876,64.53423407,38.6
85.94,0.37082963,-1.525766074,64.56993495,38.6
85.953,0.37082963,-1.392719272,64.46374644,38.8
85.966,0.37082963,-1.260893084,64.46374644,38.8
85.979,0.370403879,-1.160802829,64.38754702,38.9
85.991,0.370403879,-1.027756028,64.4294364,38.8
86.004,0.370403879,-0.928886386,64.32324789,39
86.017,0.370403879,-0.795839584,64.3294364,38.9
86.029,0.370403879,-0.662792783,64.25894877,39.1
86.042,0.370403879,-0.563923141,64.26513728,39
86.055,0.370403879,-0.463832887,64.15894877,39.2
86.067,0.369552375,-0.364963245,64.16513728,39.1
86.08,0.369552375,-0.26487299,64.08274935,39.3
86.093,0.369552375,-0.166003349,64.08893786,39.2
86.106,0.369552375,-0.100090254,64.08893786,39.2
86.118,0.369552375,-0.032956547,64.02463873,39.3
86.131,0.369552375,0.032956547,64.02463873,39.3
86.144,0.369552375,0.100090254,64.02463873,39.3
86.156,0.369552375,0.166003349,64.01845022,39.4
86.169,0.369552375,0.198959896,63.9541511,39.5
86.182,0.369552375,0.26487299,63.9541511,39.5
86.194,0.369552375,0.332006698,63.9541511,39.5
86.207,0.369552375,0.397919792,63.9603396,39.4
86.22,0.370403879,0.430876339,63.99604048,39.4
86.233,0.370403879,0.463832887,63.99604048,39.4
86.245,0.370403879,0.530966594,63.88985197,39.6
86.258,0.369552375,0.596879688,63.91365255,39.6
86.271,0.369552375,0.629836235,63.91365255,39.6
86.283,0.369552375,0.662792783,63.91365255,39.6
86.296,0.369552375,0.696969943,63.91365255,39.6
86.309,0.369552375,0.72992649,63.91365255,39.6
86.322,0.369552375,0.762883037,63.91984106,39.5
86.334,0.369552375,0.795839584,63.94935343,39.6
86.347,0.370403879,0.862973292,63.84935343,39.7
86.36,0.370403879,0.895929839,63.84935343,39.7
86.372,0.370403879,0.895929839,63.85554193,39.6
86.385,0.370403879,0.928886386,63.84935343,39.7
86.398,0.370403879,0.961842933,63.85554193,39.6
86.41,0.370403879,0.99479948,63.84935343,39.7
86.423,0.370403879,1.027756028,63.85554193,39.6
86.436,0.370403879,1.061933188,63.84935343,39.7
86.449,0.370403879,1.061933188,63.85554193,39.6
86.461,0.37082963,1.094889735,63.84935343,39.7
86.474,0.37082963,1.127846282,63.85554193,39.6
86.487,0.37082963,1.127846282,63.84935343,39.7
86.499,0.37082963,1.160802829,63.85554193,39.6
86.512,0.37082963,1.160802829,63.84935343,39.7
86.525,0.37082963,1.160802829,63.89124281,39.6
86.537,0.37082963,1.193759376,63.8850543,39.7
86.55,0.370403879,1.193759376,63.8850543,39.7
86.563,0.37082963,1.226715924,63.89124281,39.6
86.576,0.37082963,1.226715924,63.8850543,39.7
86.588,0.37082963,1.260893084,63.89124281,39.6
86.601,0.37082963,1.260893084,63.8850543,39.7
86.614,0.37082963,1.260893084,63.89124281,39.6
86.626,0.37082963,1.226715924,63.8850543,39.7
86.639,0.37082963,1.226715924,63.89124281,39.6
86.652,0.37082963,1.226715924,63.8850543,39.7
86.665,0.37082963,1.193759376,63.89124281,39.6
86.677,0.37082963,1.193759376,63.8850543,39.7
86.69,0.37082963,1.160802829,63.89124281,39.6
86.703,0.37082963,1.160802829,63.8850543,39.7
86.715,0.37082963,1.127846282,63.99124281,39.5
86.728,0.37082963,1.127846282,63.9850543,39.6
86.741,0.371681133,1.094889735,63.99124281,39.5
86.753,0.371681133,1.061933188,63.9850543,39.6
86.766,0.37082963,0.99479948,63.95554193,39.5
86.779,0.37082963,0.961842933,63.94935343,39.6
86.792,0.37082963,0.928886386,64.09124281,39.4
86.804,0.37082963,0.895929839,64.04935343,39.5
86.817,0.37082963,0.862973292,64.05554193,39.4
86.83,0.37082963,0.828796131,64.04935343,39.5
86.842,0.37082963,0.795839584,64.04935343,39.5
86.855,0.37082963,0.762883037,64.05554193,39.4
86.868,0.37082963,0.72992649,64.14935343,39.4
86.88,0.371681133,0.696969943,64.15554193,39.3
86.893,0.37082963,0.629836235,64.15554193,39.3
86.906,0.371681133,0.596879688,64.15554193,39.3
86.919,0.37082963,0.563923141,64.21365255,39.3
86.931,0.371681133,0.498010047,64.21984106,39.2
86.944,0.371681133,0.430876339,64.21365255,39.3
86.957,0.371681133,0.364963245,64.31984106,39.1
86.969,0.371681133,0.299050151,64.31365255,39.2
86.982,0.371681133,0.231916443,64.31984106,39.1
86.995,0.371681133,0.166003349,64.41365255,39.1
87.008,0.371681133,0.100090254,64.41984106,39
87.02,0.371681133,0.065913094,64.41365255,39.1
87.033,0.371681133,0.032956547,64.51984106,38.9
87.046,0.371681133,-0.032956547,64.51365255,39
87.058,0.37082963,-0.065913094,64.61365255,38.9
87.071,0.37082963,-0.100090254,64.61365255,38.9
87.084,0.37082963,-0.133046802,64.61984106,38.8
87.096,0.37082963,-0.198959896,64.61984106,38.8
87.109,0.37082963,-0.26487299,64.71984106,38.7
87.122,0.37082963,-0.299050151,64.71984106,38.7
87.135,0.37082963,-0.364963245,64.71365255,38.8
87.147,0.37082963,-0.430876339,64.81365255,38.7
87.16,0.371681133,-0.463832887,64.81365255,38.7
87.173,0.371681133,-0.530966594,64.79604048,38.6
87.185,0.371681133,-0.629836235,64.78985197,38.7
87.198,0.371681133,-0.662792783,64.89604048,38.5
87.211,0.371681133,-0.72992649,64.88985197,38.6
87.223,0.371681133,-0.828796131,64.89604048,38.5
87.236,0.371681133,-0.895929839,64.8541511,38.6
87.249,0.371681133,-0.961842933,64.9603396,38.4
87.262,0.371681133,-0.99479948,64.9541511,38.5
87.274,0.372532637,-1.094889735,64.91845022,38.5
87.287,0.372532637,-1.160802829,64.91845022,38.5
87.3,0.371681133,-1.193759376,64.91845022,38.5
87.312,0.371681133,-1.260893084,64.91845022,38.5
87.325,0.372532637,-1.293849631,64.88274935,38.5
87.338,0.372532637,-1.359762725,64.98274935,38.4
87.351,0.372532637,-1.392719272,64.98274935,38.4
87.363,0.372532637,-1.426896432,64.96513728,38.3
87.376,0.372532637,-1.492809527,64.95894877,38.4
87.389,0.372532637,-1.525766074,64.96513728,38.3
87.401,0.371681133,-1.558722621,64.95894877,38.4
87.414,0.372532637,-1.591679168,64.9294364,38.3
87.427,0.372532637,-1.625856329,64.92324789,38.4
87.439,0.372532637,-1.658812876,64.92324789,38.4
87.452,0.372532637,-1.658812876,64.92324789,38.4
87.465,0.372532637,-1.691769423,64.9294364,38.3
87.478,0.372532637,-1.72472597,64.92324789,38.4
87.49,0.372532637,-1.72472597,64.89373553,38.3
87.503,0.372532637,-1.757682517,64.88754702,38.4
87.516,0.372532637,-1.790639065,64.88754702,38.4
87.528,0.372532637,-1.790639065,64.98754702,38.3
87.541,0.372532637,-1.824816225,64.98754702,38.3
87.554,0.372532637,-1.824816225,64.99373553,38.2
87.566,0.372532637,-1.857772772,64.98754702,38.3
87.579,0.372532637,-1.857772772,64.96993495,38.2
87.592,0.372532637,-1.857772772,64.96374644,38.3
87.605,0.372532637,-1.890729319,64.96993495,38.2
87.617,0.372532637,-1.890729319,64.96374644,38.3
87.63,0.372532637,-1.890729319,64.96993495,38.2
87.643,0.372532637,-1.890729319,64.96374644,38.3
87.655,0.372532637,-1.857772772,64.96993495,38.2
87.668,0.372532637,-1.857772772,64.96374644,38.3
87.681,0.372532637,-1.857772772,64.96993495,38.2
87.694,0.372532637,-1.824816225,64.96374644,38.3
87.706,0.372532637,-1.824816225,64.96993495,38.2
87.719,0.372532637,-1.790639065,64.86374644,38.4
87.732,0.372532637,-1.757682517,64.86993495,38.3
87.744,0.372532637,-1.72472597,64.86374644,38.4
87.757,0.372532637,-1.691769423,64.88754702,38.4
87.77,0.371681133,-1.625856329,64.89373553,38.3
87.782,0.372532637,-1.558722621,64.89373553,38.3
87.795,0.372532637,-1.492809527,64.79373553,38.4
87.808,0.371681133,-1.426896432,64.82324789,38.5
87.821,0.371681133,-1.326806178,64.8294364,38.4
87.833,0.371681133,-1.226715924,64.72324789,38.6
87.846,0.371681133,-1.127846282,64.7294364,38.5
87.859,0.371681133,-1.027756028,64.65894877,38.7
87.871,0.37082963,-0.928886386,64.66513728,38.6
87.884,0.37082963,-0.795839584,64.55894877,38.8
87.897,0.37082963,-0.696969943,64.58893786,38.7
87.909,0.37082963,-0.563923141,64.48274935,38.9
87.922,0.37082963,-0.463832887,64.48893786,38.8
87.935,0.37082963,-0.364963245,64.41845022,39
87.948,0.370403879,-0.299050151,64.42463873,38.9
87.96,0.370403879,-0.198959896,64.31845022,39.1
87.973,0.370403879,-0.100090254,64.32463873,39
87.986,0.370403879,0,64.31845022,39.1
87.998,0.369552375,0.065913094,64.2541511,39.2
88.011,0.369552375,0.166003349,64.2541511,39.2
88.024,0.369552375,0.231916443,64.2541511,39.2
88.036,0.369552375,0.299050151,64.1603396,39.2
88.049,0.369552375,0.364963245,64.18985197,39.3
88.062,0.370403879,0.430876339,64.19604048,39.2
88.075,0.369552375,0.498010047,64.18985197,39.3
88.087,0.369552375,0.563923141,64.09604048,39.3
88.1,0.369552375,0.629836235,64.08985197,39.4
88.113,0.369552375,0.696969943,64.11984106,39.3
88.125,0.369552375,0.72992649,64.01365255,39.5
88.138,0.370403879,0.795839584,64.01365255,39.5
88.151,0.370403879,0.862973292,64.01365255,39.5
88.164,0.370403879,0.895929839,64.01984106,39.4
88.176,0.370403879,0.961842933,64.01365255,39.5
88.189,0.370403879,0.99479948,63.91984106,39.5
88.202,0.370403879,1.061933188,63.91365255,39.6
88.214,0.370403879,1.127846282,63.91365255,39.6
88.227,0.370403879,1.160802829,63.94935343,39.6
88.24,0.37082963,1.193759376,63.94935343,39.6
88.252,0.37082963,1.260893084,63.95554193,39.5
88.265,0.37082963,1.293849631,63.94935343,39.6
88.278,0.37082963,1.326806178,63.89124281,39.6
88.291,0.37082963,1.392719272,63.8850543,39.7
88.303,0.37082963,1.426896432,63.89124281,39.6
88.316,0.37082963,1.45985298,63.90885488,39.7
88.329,0.371681133,1.45985298,63.91504339,39.6
88.341,0.37082963,1.45985298,63.8850543,39.7
88.354,0.371681133,1.492809527,63.91504339,39.6
88.367,0.371681133,1.492809527,63.90885488,39.7
88.38,0.371681133,1.492809527,63.90885488,39.7
88.392,0.37082963,1.45985298,64.00885488,39.6
88.405,0.37082963,1.45985298,64.00885488,39.6
88.418,0.371681133,1.426896432,64.01504339,39.5
88.43,0.371681133,1.359762725,64.00885488,39.6
88.443,0.371681133,1.293849631,64.09124281,39.4
88.456,0.37082963,1.226715924,64.0850543,39.5
88.468,0.371681133,1.127846282,64.09124281,39.4
88.481,0.371681133,1.027756028,64.1850543,39.4
88.494,0.371681133,0.928886386,64.19124281,39.3
88.507,0.37082963,0.828796131,64.24935343,39.3
88.519,0.371681133,0.72992649,64.25554193,39.2
88.532,0.371681133,0.629836235,64.34935343,39.2
88.545,0.371681133,0.498010047,64.45554193,39
88.557,0.371681133,0.397919792,64.44935343,39.1
88.57,0.371681133,0.332006698,64.51984106,38.9
88.583,0.371681133,0.26487299,64.51365255,39
88.595,0.371681133,0.198959896,64.61984106,38.8
88.608,0.371681133,0.133046802,64.61365255,38.9
88.621,0.37082963,0.100090254,64.64935343,38.9
88.634,0.37082963,0.065913094,64.71984106,38.7
88.646,0.37082963,0,64.71365255,38.8
88.659,0.37082963,-0.032956547,64.71984106,38.7
88.672,0.371681133,-0.100090254,64.81365255,38.7
88.684,0.371681133,-0.133046802,64.85554193,38.6
88.697,0.371681133,-0.198959896,64.81365255,38.7
88.71,0.371681133,-0.26487299,64.95554193,38.5
88.723,0.371681133,-0.364963245,64.91365255,38.6
88.735,0.371681133,-0.430876339,64.91984106,38.5
88.748,0.371681133,-0.498010047,65.01365255,38.5
88.761,0.372532637,-0.563923141,65.01984106,38.4
88.773,0.371681133,-0.629836235,65.01365255,38.5
88.786,0.371681133,-0.696969943,64.99604048,38.4
88.799,0.371681133,-0.795839584,65.08985197,38.4
88.811,0.371681133,-0.862973292,65.0603396,38.3
88.824,0.371681133,-0.961842933,65.0541511,38.4
88.837,0.371681133,-1.027756028,65.0541511,38.4
88.85,0.372532637,-1.094889735,65.01845022,38.4
88.862,0.372532637,-1.193759376,65.11845022,38.3
88.875,0.372532637,-1.260893084,65.08893786,38.2
88.888,0.371681133,-1.326806178,65.08274935,38.3
88.9,0.372532637,-1.392719272,65.06513728,38.2
88.913,0.372532637,-1.45985298,65.05894877,38.3
88.926,0.372532637,-1.492809527,65.06513728,38.2
88.938,0.372532637,-1.525766074,65.05894877,38.3
88.951,0.372532637,-1.558722621,65.0294364,38.2
88.964,0.372532637,-1.591679168,65.02324789,38.3
88.977,0.372532637,-1.591679168,65.0294364,38.2
88.989,0.372532637,-1.591679168,65.02324789,38.3
89.002,0.372532637,-1.591679168,65.02324789,38.3
89.015,0.372532637,-1.558722621,65.02324789,38.3
89.027,0.372532637,-1.492809527,65.02324789,38.3
89.04,0.372532637,-1.426896432,65.06513728,38.2
89.053,0.372532637,-1.326806178,64.92324789,38.4
89.066,0.372532637,-1.226715924,64.96513728,38.3
89.078,0.371681133,-1.127846282,64.85894877,38.5
89.091,0.371681133,-1.027756028,64.88893786,38.4
89.104,0.371681133,-0.895929839,64.78274935,38.6
89.116,0.371681133,-0.762883037,64.78893786,38.5
89.129,0.371681133,-0.662792783,64.68274935,38.7
89.142,0.37082963,-0.530966594,64.72463873,38.6
89.154,0.37082963,-0.430876339,64.61845022,38.8
89.167,0.37082963,-0.299050151,64.52463873,38.8
89.18,0.37082963,-0.198959896,64.51845022,38.9
89.193,0.37082963,-0.100090254,64.5603396,38.8
89.205,0.37082963,0,64.4541511,39
89.218,0.370403879,0.100090254,64.4541511,39
89.231,0.370403879,0.166003349,64.3603396,39
89.243,0.370403879,0.26487299,64.3541511,39.1
89.256,0.370403879,0.364963245,64.2603396,39.1
89.269,0.369552375,0.430876339,64.28985197,39.2
89.281,0.370403879,0.530966594,64.29604048,39.1
89.294,0.370403879,0.596879688,64.18985197,39.3
89.307,0.370403879,0.662792783,64.19604048,39.2
89.32,0.370403879,0.72992649,64.18366346,39.4
89.332,0.370403879,0.828796131,64.09604048,39.3
89.345,0.370403879,0.895929839,64.11365255,39.4
89.358,0.370403879,0.961842933,64.11984106,39.3
89.37,0.370403879,1.027756028,64.00746405,39.6
89.383,0.37082963,1.094889735,64.01984106,39.4
89.396,0.37082963,1.160802829,64.04935343,39.5
89.408,0.37082963,1.226715924,64.05554193,39.4
89.421,0.370403879,1.293849631,64.04935343,39.5
89.434,0.37082963,1.359762725,63.99124281,39.5
89.447,0.37082963,1.426896432,63.99124281,39.5
89.459,0.371681133,1.525766074,63.9850543,39.6
89.472,0.371681133,1.591679168,64.01504339,39.5
89.485,0.37082963,1.691769423,64.04455575,39.6
89.497,0.371681133,1.757682517,63.95074426,39.6
89.51,0.371681133,1.857772772,63.98025663,39.7
89.523,0.371681133,1.956642413,63.98644514,39.6
89.536,0.37082963,2.023776121,64.0159575,39.7
89.548,0.371681133,2.122645762,64.02214601,39.6
89.561,0.372532637,2.222736017,64.07545896,39.7
89.574,0.372532637,2.288649111,64.08164746,39.6
89.586,0.372532637,2.354562206,64.11115983,39.7
89.599,0.371681133,2.421695913,64.11734834,39.6
89.612,0.371681133,2.487609007,64.13496041,39.7
89.624,0.371681133,2.553522102,64.04114892,39.7
89.637,0.37082963,2.587699262,64.07684979,39.7
89.65,0.37082963,2.653612356,64.07684979,39.7
89.663,0.371681133,2.653612356,64.07684979,39.7
89.675,0.371681133,2.686568903,64.10636216,39.8
89.688,0.371681133,2.686568903,64.21255067,39.6
89.701,0.371681133,2.71952545,64.20636216,39.7
89.713,0.371681133,2.686568903,64.21255067,39.6
89.726,0.37082963,2.686568903,64.20636216,39.7
89.739,0.371681133,2.620655809,64.21255067,39.6
89.751,0.371681133,2.587699262,64.20636216,39.7
89.764,0.371681133,2.520565554,64.31255067,39.5
89.777,0.371681133,2.421695913,64.27066129,39.6
89.79,0.371681133,2.321605658,64.37684979,39.4
89.802,0.371681133,2.222736017,64.37066129,39.5
89.815,0.371681133,2.089689215,64.43496041,39.4
89.828,0.371681133,1.956642413,64.44114892,39.3
89.84,0.371681133,1.824816225,64.53496041,39.3
89.853,0.371681133,1.658812876,64.61734834,39.1
89.866,0.371681133,1.525766074,64.71115983,39.1
89.879,0.371681133,1.392719272,64.71734834,39
89.891,0.371681133,1.260893084,64.77545896,39
89.904,0.371681133,1.127846282,64.88164746,38.8
89.917,0.371681133,1.027756028,64.83975808,38.9
89.929,0.371681133,0.928886386,64.94594659,38.7
89.942,0.371681133,0.828796131,64.93975808,38.8
89.955,0.371681133,0.72992649,65.04594659,38.6
89.967,0.371681133,0.629836235,65.0159575,38.7
89.98,0.371681133,0.530966594,65.12214601,38.5
89.993,0.371681133,0.463832887,65.08025663,38.6
90.006,0.371681133,0.364963245,65.18644514,38.4
90.018,0.371681133,0.26487299,65.18644514,38.4
90.031,0.371681133,0.166003349,65.15074426,38.4
90.044,0.371681133,0.100090254,65.25074426,38.3
90.056,0.371681133,0.032956547,65.20885488,38.4
90.069,0.371681133,-0.065913094,65.21504339,38.3
90.082,0.372532637,-0.133046802,65.17886579,38.5
90.094,0.372532637,-0.198959896,65.29124281,38.2
90.107,0.372532637,-0.26487299,65.24935343,38.3
90.12,0.372532637,-0.332006698,65.26173044,38.1
90.133,0.371681133,-0.397919792,65.24935343,38.3
90.145,0.371681133,-0.498010047,65.22602957,38.1
90.158,0.371681133,-0.596879688,65.21365255,38.3
90.171,0.371681133,-0.72992649,65.31984106,38.1
90.183,0.371681133,-0.862973292,65.28985197,38.2
90.196,0.371681133,-0.99479948,65.2603396,38.1
90.209,0.371681133,-1.127846282,65.2541511,38.2
90.222,0.372532637,-1.293849631,65.32463873,38
90.234,0.371681133,-1.45985298,65.28893786,38
90.247,0.371681133,-1.591679168,65.25894877,38.1
90.26,0.372532637,-1.757682517,65.26513728,38
90.272,0.372532637,-1.890729319,65.32324789,38
90.285,0.372532637,-1.989598961,65.29373553,37.9
90.298,0.372532637,-2.089689215,65.26374644,38
90.31,0.372532637,-2.155602309,65.23423407,37.9
90.323,0.372532637,-2.222736017,65.22804557,38
90.336,0.372532637,-2.288649111,65.1985332,37.9
90.349,0.371681133,-2.354562206,65.19234469,38
90.361,0.371681133,-2.354562206,65.2985332,37.8
90.374,0.372532637,-2.354562206,65.19234469,38
90.387,0.372532637,-2.354562206,65.16283233,37.9
90.399,0.371681133,-2.321605658,65.16283233,37.9
90.412,0.372532637,-2.255692564,65.1985332,37.9
90.425,0.372532637,-2.18977947,65.1985332,37.9
90.438,0.372532637,-2.122645762,65.19234469,38
90.45,0.371681133,-1.989598961,65.13423407,38
90.463,0.371681133,-1.890729319,65.12804557,38.1
90.476,0.371681133,-1.757682517,65.03423407,38.1
90.488,0.371681133,-1.625856329,65.02804557,38.2
90.501,0.371681133,-1.492809527,64.97612345,38.1
90.514,0.37082963,-1.326806178,64.86374644,38.4
90.526,0.37082963,-1.193759376,64.79373553,38.4
90.539,0.37082963,-1.061933188,64.78754702,38.5
90.552,0.370403879,-0.928886386,64.69373553,38.5
90.565,0.370403879,-0.795839584,64.72324789,38.6
90.577,0.370403879,-0.696969943,64.6294364,38.6
90.59,0.370403879,-0.596879688,64.66513728,38.6
90.603,0.370403879,-0.498010047,64.56513728,38.7
90.615,0.369552375,-0.364963245,64.56513728,38.7
90.628,0.369552375,-0.26487299,64.45894877,38.9
90.641,0.369552375,-0.166003349,64.48893786,38.8
90.653,0.369552375,-0.065913094,64.38274935,39
90.666,0.369552375,0,64.38893786,38.9
90.679,0.369552375,0.100090254,64.38274935,39
90.692,0.369552375,0.166003349,64.32463873,39
90.704,0.369552375,0.26487299,64.31845022,39.1
90.717,0.369552375,0.332006698,64.36652811,38.9
90.73,0.369552375,0.397919792,64.2541511,39.2
90.742,0.370403879,0.463832887,64.26652811,39
90.755,0.370403879,0.530966594,64.28985197,39.2
90.768,0.370403879,0.596879688,64.29604048,39.1
90.78,0.369552375,0.662792783,64.18985197,39.3
90.793,0.370403879,0.72992649,64.19604048,39.2
90.806,0.369552375,0.795839584,64.18985197,39.3
90.819,0.370403879,0.862973292,64.19604048,39.2
90.831,0.370403879,0.895929839,64.18985197,39.3
90.844,0.370403879,0.961842933,64.08985197,39.4
90.857,0.370403879,0.99479948,64.11984106,39.3
90.869,0.370403879,1.027756028,64.11365255,39.4
90.882,0.370403879,1.061933188,64.11984106,39.3
90.895,0.370403879,1.094889735,64.11365255,39.4
90.908,0.37082963,1.094889735,64.11984106,39.3
90.92,0.37082963,1.127846282,64.14935343,39.4
90.933,0.37082963,1.160802829,64.11984106,39.3
90.946,0.37082963,1.160802829,64.11365255,39.4
90.958,0.37082963,1.160802829,64.15554193,39.3
90.971,0.37082963,1.127846282,64.11365255,39.4
90.984,0.37082963,1.127846282,64.12602957,39.2
90.996,0.370403879,1.094889735,64.11365255,39.4
91.009,0.37082963,1.061933188,64.21984106,39.2
91.022,0.37082963,0.99479948,64.21365255,39.3
91.035,0.37082963,0.895929839,64.21984106,39.2
91.047,0.37082963,0.795839584,64.31365255,39.2
91.06,0.37082963,0.696969943,64.31984106,39.1
91.073,0.37082963,0.596879688,64.38985197,39.1
91.085,0.37082963,0.463832887,64.39604048,39
91.098,0.37082963,0.364963245,64.49604048,38.9
91.111,0.37082963,0.26487299,64.5541511,38.9
91.123,0.37082963,0.133046802,64.5603396,38.8
91.136,0.37082963,0.065913094,64.6541511,38.8
91.149,0.371681133,0,64.7603396,38.6
91.162,0.37082963,-0.065913094,64.78985197,38.7
91.174,0.37082963,-0.133046802,64.79604048,38.6
91.187,0.37082963,-0.198959896,64.88985197,38.6
91.2,0.37082963,-0.299050151,64.89604048,38.5
91.212,0.37082963,-0.364963245,64.9541511,38.5
91.225,0.37082963,-0.463832887,64.99604048,38.4
91.238,0.37082963,-0.563923141,65.0541511,38.4
91.251,0.371681133,-0.662792783,65.0603396,38.3
91.263,0.371681133,-0.795839584,65.1541511,38.3
91.276,0.371681133,-0.928886386,65.12463873,38.2
91.289,0.371681133,-1.061933188,65.21845022,38.2
91.301,0.372532637,-1.193759376,65.18893786,38.1
91.314,0.372532637,-1.326806178,65.15894877,38.2
91.327,0.372532637,-1.426896432,65.25894877,38.1
91.339,0.372532637,-1.558722621,65.22324789,38.1
91.352,0.372532637,-1.691769423,65.19373553,38
91.365,0.372532637,-1.790639065,65.19373553,38
91.378,0.372532637,-1.890729319,65.26993495,37.9
91.39,0.372532637,-1.989598961,65.23423407,37.9
91.403,0.372532637,-2.089689215,65.23423407,37.9
91.416,0.372532637,-2.155602309,65.19234469,38
91.428,0.372532637,-2.255692564,65.29234469,37.9
91.441,0.372532637,-2.321605658,65.25664382,37.9
91.454,0.372532637,-2.421695913,65.25664382,37.9
91.466,0.372532637,-2.45465246,65.23903174,37.8
91.479,0.372532637,-2.520565554,65.33284324,37.8
91.492,0.372532637,-2.520565554,65.33903174,37.7
91.505,0.372532637,-2.520565554,65.33903174,37.7
91.517,0.372532637,-2.487609007,65.23284324,37.9
91.53,0.372532637,-2.45465246,65.23284324,37.9
91.543,0.372532637,-2.388739366,65.23284324,37.9
91.555,0.372532637,-2.288649111,65.23284324,37.9
91.568,0.372532637,-2.18977947,65.16283233,37.9
91.581,0.372532637,-2.056732668,65.16283233,37.9
91.594,0.371681133,-1.890729319,65.0985332,38
91.606,0.371681133,-1.72472597,64.9985332,38.1
91.619,0.371681133,-1.525766074,65.02804557,38.2
91.632,0.37082963,-1.326806178,64.92804557,38.3
91.644,0.37082963,-1.160802829,64.86374644,38.4
91.657,0.370403879,-0.99479948,64.76993495,38.4
91.67,0.370403879,-0.828796131,64.69373553,38.5
91.682,0.370403879,-0.662792783,64.69373553,38.5
91.695,0.370403879,-0.498010047,64.6294364,38.6
91.708,0.369552375,-0.364963245,64.56513728,38.7
91.721,0.369552375,-0.198959896,64.46513728,38.8
91.733,0.369552375,-0.065913094,64.48274935,38.9
91.746,0.369552375,0.032956547,64.38893786,38.9
91.759,0.369552375,0.133046802,64.42463873,38.9
91.771,0.369552375,0.26487299,64.32463873,39
91.784,0.370403879,0.364963245,64.31845022,39.1
91.797,0.370403879,0.463832887,64.3603396,39
91.809,0.370403879,0.563923141,64.28985197,39.2
91.822,0.370403879,0.662792783,64.29604048,39.1
91.835,0.370403879,0.795839584,64.21365255,39.3
91.848,0.370403879,0.862973292,64.21365255,39.3
91.86,0.370403879,0.961842933,64.21365255,39.3
91.873,0.370403879,1.061933188,64.11984106,39.3
91.886,0.370403879,1.160802829,64.11365255,39.4
91.898,0.370403879,1.226715924,64.11984106,39.3
91.911,0.37082963,1.326806178,64.04935343,39.5
91.924,0.37082963,1.426896432,64.05554193,39.4
91.937,0.371681133,1.525766074,64.0850543,39.5
91.949,0.371681133,1.625856329,64.11504339,39.4
91.962,0.371681133,1.72472597,64.10885488,39.5
91.975,0.37082963,1.824816225,64.15074426,39.4
91.987,0.371681133,1.923685866,64.04455575,39.6
92,0.37082963,1.989598961,64.08644514,39.5
92.013,0.37082963,2.056732668,64.1159575,39.6
92.025,0.37082963,2.089689215,64.1159575,39.6
92.038,0.37082963,2.122645762,64.13975808,39.6
92.051,0.37082963,2.122645762,64.14594659,39.5
92.064,0.371681133,2.089689215,64.24594659,39.4
92.076,0.371681133,2.056732668,64.23975808,39.5
92.089,0.371681133,1.956642413,64.23975808,39.5
92.102,0.371681133,1.824816225,64.3159575,39.4
92.114,0.371681133,1.658812876,64.38644514,39.2
92.127,0.371681133,1.492809527,64.38025663,39.3
92.14,0.371681133,1.326806178,64.48644514,39.1
92.152,0.371681133,1.127846282,64.54455575,39.1
92.165,0.371681133,0.928886386,64.75074426,38.8
92.178,0.371681133,0.762883037,64.84455575,38.8
92.191,0.371681133,0.596879688,64.81504339,38.7
92.203,0.371681133,0.463832887,64.90885488,38.7
92.216,0.371681133,0.364963245,64.99124281,38.5
92.229,0.371681133,0.26487299,64.9850543,38.6
92.241,0.371681133,0.166003349,65.09124281,38.4
92.254,0.371681133,0.065913094,65.1850543,38.4
92.267,0.371681133,-0.032956547,65.15554193,38.3
92.28,0.371681133,-0.133046802,65.24935343,38.3
92.292,0.371681133,-0.231916443,65.24935343,38.3
92.305,0.371681133,-0.332006698,65.21365255,38.3
92.318,0.371681133,-0.463832887,65.31365255,38.2
92.33,0.371681133,-0.596879688,65.28985197,38.2
92.343,0.371681133,-0.762883037,65.3603396,38
92.356,0.371681133,-0.928886386,65.32463873,38
92.368,0.371681133,-1.127846282,65.28893786,38
92.381,0.371681133,-1.359762725,65.35894877,38
92.394,0.371681133,-1.591679168,65.32324789,38
92.407,0.372532637,-1.824816225,65.38754702,37.9
92.419,0.372532637,-2.056732668,65.36374644,37.9
92.432,0.372532637,-2.255692564,65.39234469,37.8
92.445,0.372532637,-2.520565554,65.35664382,37.8
92.457,0.372532637,-2.786659158,65.40333087,37.6
92.47,0.372958388,-3.117445243,65.56144149,37.5
92.483,0.373809891,-3.482408487,65.60194003,37.4
92.495,0.375087146,-3.847371732,65.66623916,37.3
92.508,0.375512898,-4.212334977,65.73053829,37.2
92.521,0.376790152,-4.544341675,65.77722534,37
92.534,0.377641656,-4.842171213,65.83533596,37
92.546,0.378067407,-5.141221363,65.90582359,36.8
92.559,0.378067407,-5.373137807,65.98202301,36.7
92.572,0.379344662,-5.60505425,65.98202301,36.7
92.584,0.379344662,-5.771057599,66.04013363,36.7
92.597,0.380196165,-5.871147853,66.04632214,36.6
92.61,0.380621917,-5.937060947,66.04013363,36.7
92.623,0.380621917,-5.937060947,66.08202301,36.6
92.635,0.380621917,-5.937060947,66.0758345,36.7
92.648,0.380621917,-5.9041044,66.08202301,36.6
92.661,0.380621917,-5.838191306,66.00582359,36.7
92.673,0.380196165,-5.771057599,66.00582359,36.7
92.686,0.380621917,-5.672187957,65.99963509,36.8
92.699,0.380196165,-5.539141155,65.93533596,36.9
92.711,0.380196165,-5.406094354,65.93533596,36.9
92.724,0.380196165,-5.274268165,65.87103683,37
92.737,0.379344662,-5.141221363,65.91292621,36.9
92.75,0.379344662,-4.942261467,65.81292621,37
92.762,0.37891891,-4.743301571,65.7367268,37.1
92.775,0.378067407,-4.511385128,65.66623916,37.3
92.788,0.378067407,-4.279468685,65.60812854,37.3
92.8,0.377641656,-4.046331628,65.52574062,37.5
92.813,0.377641656,-3.814415185,65.43192912,37.5
92.826,0.376790152,-3.615455289,65.36144149,37.7
92.838,0.376790152,-3.383538846,65.30333087,37.7
92.851,0.376364401,-3.151622403,65.23284324,37.9
92.864,0.375512898,-2.885528799,65.13903174,37.9
92.877,0.375512898,-2.653612356,65.05664382,38.1
92.889,0.375087146,-2.388739366,64.96283233,38.1
92.902,0.374235643,-2.122645762,64.89234469,38.3
92.915,0.373809891,-1.890729319,64.7985332,38.3
92.927,0.373809891,-1.625856329,64.62804557,38.6
92.94,0.372958388,-1.392719272,64.56993495,38.6
92.953,0.372958388,-1.127846282,64.48754702,38.8
92.966,0.372532637,-0.895929839,64.39373553,38.8
92.978,0.372532637,-0.696969943,64.32324789,39
92.991,0.372532637,-0.463832887,64.2294364,39
93.004,0.371681133,-0.299050151,64.12324789,39.2
93.016,0.371681133,-0.100090254,64.15894877,39.2
93.029,0.371681133,0.032956547,64.08274935,39.3
93.042,0.371681133,0.133046802,64.11845022,39.3
93.054,0.371681133,0.231916443,64.1603396,39.2
93.067,0.37082963,0.332006698,64.1541511,39.3
93.08,0.37082963,0.430876339,64.09604048,39.3
93.093,0.37082963,0.530966594,64.11365255,39.4
93.105,0.371681133,0.662792783,64.11984106,39.3
93.118,0.37082963,0.72992649,64.11365255,39.4
93.131,0.371681133,0.862973292,64.05554193,39.4
93.143,0.371681133,0.961842933,64.04935343,39.5
93.156,0.371681133,1.061933188,64.09124281,39.4
93.169,0.371681133,1.160802829,63.9850543,39.6
93.181,0.371681133,1.260893084,64.01504339,39.5
93.194,0.371681133,1.359762725,64.00885488,39.6
93.207,0.372532637,1.45985298,64.05074426,39.5
93.22,0.372532637,1.558722621,64.04455575,39.6
93.232,0.372532637,1.658812876,64.08644514,39.5
93.245,0.372532637,1.757682517,64.0159575,39.7
93.258,0.372532637,1.890729319,64.04594659,39.6
93.27,0.372532637,1.989598961,64.07545896,39.7
93.283,0.372532637,2.089689215,64.11115983,39.7
93.296,0.372532637,2.18977947,64.13496041,39.7
93.309,0.372532637,2.321605658,64.17066129,39.7
93.321,0.372532637,2.388739366,64.17684979,39.6
93.334,0.372532637,2.45465246,64.20636216,39.7
93.347,0.372532637,2.520565554,64.24825154,39.6
93.359,0.372532637,2.553522102,64.24206303,39.7
93.372,0.372532637,2.553522102,64.24825154,39.6
93.385,0.372532637,2.553522102,64.26586361,39.7
93.397,0.372532637,2.520565554,64.26586361,39.7
93.41,0.372532637,2.487609007,64.26586361,39.7
93.423,0.372532637,2.45465246,64.37205212,39.5
93.436,0.372532637,2.421695913,64.34206303,39.6
93.448,0.372532637,2.354562206,64.34825154,39.5
93.461,0.372958388,2.255692564,64.44206303,39.5
93.474,0.372532637,2.18977947,64.44206303,39.5
93.486,0.372532637,2.089689215,64.40636216,39.5
93.499,0.371681133,2.023776121,64.50636216,39.4
93.512,0.372532637,1.956642413,64.51255067,39.3
93.524,0.372532637,1.890729319,64.50636216,39.4
93.537,0.372532637,1.857772772,64.61255067,39.2
93.55,0.372532637,1.790639065,64.60636216,39.3
93.563,0.372532637,1.72472597,64.57684979,39.2
93.575,0.372532637,1.691769423,64.67066129,39.2
93.588,0.372532637,1.625856329,64.67684979,39.1
93.601,0.372532637,1.591679168,64.67066129,39.2
93.613,0.372532637,1.558722621,64.67684979,39.1
93.626,0.372532637,1.525766074,64.67066129,39.2
93.639,0.372958388,1.492809527,64.77684979,39
93.652,0.372958388,1.45985298,64.77066129,39.1
93.664,0.372958388,1.426896432,64.74114892,39
93.677,0.372958388,1.392719272,64.73496041,39.1
93.69,0.372532637,1.392719272,64.73496041,39.1
93.702,0.372532637,1.359762725,64.74114892,39
93.715,0.372532637,1.359762725,64.73496041,39.1
93.728,0.372532637,1.326806178,64.84114892,38.9
93.74,0.372532637,1.293849631,64.83496041,39
93.753,0.372532637,1.260893084,64.84114892,38.9
93.766,0.372532637,1.226715924,64.83496041,39
93.779,0.372532637,1.193759376,64.84114892,38.9
93.791,0.372532637,1.160802829,64.83496041,39
93.804,0.372532637,1.127846282,64.84114892,38.9
93.817,0.372532637,1.094889735,64.93496041,38.9
93.829,0.372532637,1.061933188,64.94114892,38.8
93.842,0.372532637,1.027756028,64.93496041,38.9
93.855,0.372958388,0.99479948,64.94114892,38.8
93.867,0.372958388,0.961842933,64.91115983,38.9
93.88,0.372532637,0.928886386,65.01115983,38.8
93.893,0.372532637,0.895929839,65.01115983,38.8
93.906,0.372532637,0.862973292,65.01734834,38.7
93.918,0.372532637,0.828796131,65.01734834,38.7
93.931,0.371681133,0.795839584,65.01115983,38.8
93.944,0.372532637,0.762883037,65.01734834,38.7
93.956,0.372532637,0.72992649,65.07545896,38.7
93.969,0.372532637,0.696969943,65.08164746,38.6
93.982,0.372532637,0.662792783,65.07545896,38.7
93.995,0.372532637,0.596879688,65.08164746,38.6
94.007,0.372532637,0.563923141,65.13975808,38.6
94.02,0.372532637,0.530966594,65.14594659,38.5
94.033,0.372532637,0.463832887,65.13975808,38.6
94.045,0.372532637,0.430876339,65.14594659,38.5
94.058,0.372532637,0.397919792,65.23975808,38.5
94.071,0.372532637,0.332006698,65.24594659,38.4
94.083,0.372532637,0.299050151,65.23975808,38.5
94.096,0.372532637,0.231916443,65.22214601,38.4
94.109,0.372532637,0.166003349,65.3159575,38.4
94.122,0.372958388,0.133046802,65.32214601,38.3
94.134,0.372958388,0.065913094,65.3159575,38.4
94.147,0.372958388,0.032956547,65.28644514,38.3
94.16,0.372958388,-0.032956547,65.28644514,38.3
94.172,0.372532637,-0.100090254,65.34455575,38.3
94.185,0.372532637,-0.133046802,65.35074426,38.2
94.198,0.372532637,-0.198959896,65.34455575,38.3
94.21,0.372532637,-0.26487299,65.35074426,38.2
94.223,0.372532637,-0.332006698,65.34455575,38.3
94.236,0.372532637,-0.397919792,65.41504339,38.1
94.249,0.372532637,-0.463832887,65.40885488,38.2
94.261,0.372958388,-0.563923141,65.39124281,38.1
94.274,0.372958388,-0.662792783,65.3850543,38.2
94.287,0.373809891,-0.762883037,65.39124281,38.1
94.299,0.372958388,-0.862973292,65.4850543,38.1
94.312,0.372532637,-0.961842933,65.45554193,38
94.325,0.372532637,-1.094889735,65.41365255,38.1
94.338,0.372532637,-1.226715924,65.41365255,38.1
94.35,0.372532637,-1.359762725,65.38985197,38.1
94.363,0.372958388,-1.492809527,65.4541511,38
94.376,0.372958388,-1.625856329,65.42463873,37.9
94.388,0.372958388,-1.72472597,65.41845022,38
94.401,0.372958388,-1.824816225,65.38893786,37.9
94.414,0.372532637,-1.890729319,65.35894877,38
94.426,0.372958388,-1.989598961,65.3294364,37.9
94.439,0.372958388,-2.056732668,65.42324789,37.9
94.452,0.372958388,-2.122645762,65.4294364,37.8
94.465,0.372958388,-2.18977947,65.38754702,37.9
94.477,0.372958388,-2.222736017,65.36993495,37.8
94.49,0.372958388,-2.255692564,65.36374644,37.9
94.503,0.372958388,-2.288649111,65.36993495,37.8
94.515,0.372532637,-2.288649111,65.36374644,37.9
94.528,0.372958388,-2.255692564,65.36993495,37.8
94.541,0.372958388,-2.222736017,65.36993495,37.8
94.553,0.372958388,-2.155602309,65.36374644,37.9
94.566,0.372958388,-2.089689215,65.26993495,37.9
94.579,0.372958388,-2.023776121,65.28754702,38
94.592,0.372532637,-1.923685866,65.29373553,37.9
94.604,0.372532637,-1.790639065,65.18754702,38.1
94.617,0.372532637,-1.691769423,65.2294364,38
94.63,0.372532637,-1.558722621,65.12324789,38.2
94.642,0.372532637,-1.392719272,65.06513728,38.2
94.655,0.371681133,-1.226715924,65.05894877,38.3
94.668,0.371681133,-1.061933188,64.96513728,38.3
94.681,0.371681133,-0.928886386,64.85894877,38.5
94.693,0.37082963,-0.762883037,64.78893786,38.5
94.706,0.37082963,-0.629836235,64.81845022,38.6
94.719,0.37082963,-0.498010047,64.72463873,38.6
94.731,0.37082963,-0.364963245,64.71845022,38.7
94.744,0.370403879,-0.198959896,64.6603396,38.7
94.757,0.370403879,-0.100090254,64.5541511,38.9
94.769,0.370403879,0.032956547,64.58985197,38.9
94.782,0.370403879,0.133046802,64.49604048,38.9
94.795,0.370403879,0.231916443,64.51365255,39
94.808,0.370403879,0.332006698,64.41984106,39
94.82,0.370403879,0.430876339,64.41365255,39.1
94.833,0.37082963,0.530966594,64.45554193,39
94.846,0.37082963,0.629836235,64.34935343,39.2
94.858,0.37082963,0.72992649,64.39124281,39.1
94.871,0.37082963,0.828796131,64.37886579,39.3
94.884,0.37082963,0.895929839,64.29124281,39.2
94.896,0.37082963,0.99479948,64.2850543,39.3
94.909,0.371681133,1.094889735,64.29124281,39.2
94.922,0.371681133,1.160802829,64.1850543,39.4
94.935,0.371681133,1.226715924,64.21504339,39.3
94.947,0.371681133,1.326806178,64.20885488,39.4
94.96,0.371681133,1.426896432,64.24455575,39.4
94.973,0.371681133,1.525766074,64.24455575,39.4
94.985,0.372532637,1.625856329,64.18025663,39.5
94.998,0.372532637,1.72472597,64.22214601,39.4
95.011,0.371681133,1.824816225,64.2159575,39.5
95.024,0.372532637,1.890729319,64.24594659,39.4
95.036,0.372532637,1.989598961,64.27545896,39.5
95.049,0.372532637,2.056732668,64.31734834,39.4
95.062,0.372532637,2.122645762,64.31115983,39.5
95.074,0.372532637,2.18977947,64.24114892,39.5
95.087,0.372532637,2.222736017,64.33496041,39.5
95.1,0.372532637,2.255692564,64.34114892,39.4
95.112,0.372532637,2.255692564,64.33496041,39.5
95.125,0.372532637,2.255692564,64.33496041,39.5
95.138,0.372532637,2.222736017,64.33496041,39.5
95.151,0.372532637,2.222736017,64.33496041,39.5
95.163,0.372532637,2.155602309,64.34114892,39.4
95.176,0.372532637,2.089689215,64.43496041,39.4
95.189,0.372532637,2.023776121,64.44114892,39.3
95.201,0.372532637,1.923685866,64.43496041,39.4
95.214,0.372532637,1.824816225,64.54114892,39.2
95.227,0.372532637,1.72472597,64.51115983,39.3
95.239,0.372532637,1.658812876,64.61734834,39.1
95.252,0.372532637,1.558722621,64.61115983,39.2
95.265,0.372958388,1.45985298,64.68164746,39
95.278,0.372958388,1.392719272,64.67545896,39.1
95.29,0.372532637,1.293849631,64.78164746,38.9
95.303,0.372532637,1.193759376,64.77545896,39
95.316,0.372532637,1.127846282,64.88164746,38.8
95.328,0.372532637,1.027756028,64.83975808,38.9
95.341,0.372532637,0.961842933,64.93975808,38.8
95.354,0.372532637,0.895929839,64.94594659,38.7
95.367,0.372532637,0.795839584,64.93975808,38.8
95.379,0.372532637,0.72992649,65.04594659,38.6
95.392,0.372532637,0.662792783,65.03975808,38.7
95.405,0.372532637,0.629836235,65.02214601,38.6
95.417,0.372532637,0.563923141,65.0159575,38.7
95.43,0.372532637,0.498010047,65.12214601,38.5
95.443,0.372532637,0.463832887,65.10976899,38.7
95.455,0.372532637,0.397919792,65.12214601,38.5
95.468,0.372958388,0.364963245,65.2159575,38.5
95.481,0.372532637,0.332006698,65.19263364,38.3
95.494,0.372532637,0.26487299,65.18025663,38.5
95.506,0.372958388,0.231916443,65.18644514,38.4
95.519,0.372532637,0.198959896,65.28025663,38.4
95.532,0.372532637,0.166003349,65.28644514,38.3
95.544,0.372532637,0.133046802,65.28025663,38.4
95.557,0.372532637,0.100090254,65.28025663,38.4
95.57,0.372532637,0.065913094,65.28644514,38.3
95.582,0.372532637,0.032956547,65.34455575,38.3
95.595,0.372958388,0,65.35074426,38.2
95.608,0.372532637,0,65.34455575,38.3
95.621,0.372532637,-0.032956547,65.35074426,38.2
95.633,0.372532637,-0.032956547,65.34455575,38.3
95.646,0.372532637,-0.065913094,65.35074426,38.2
95.659,0.372532637,-0.065913094,65.34455575,38.3
95.671,0.372532637,-0.065913094,65.35074426,38.2
95.684,0.372532637,-0.100090254,65.30885488,38.3
95.697,0.372532637,-0.100090254,65.31504339,38.2
95.71,0.372532637,-0.100090254,65.34455575,38.3
95.722,0.372532637,-0.100090254,65.34455575,38.3
95.735,0.372532637,-0.100090254,65.34455575,38.3
95.748,0.372532637,-0.065913094,65.34455575,38.3
95.76,0.372532637,-0.065913094,65.35074426,38.2
95.773,0.372532637,-0.065913094,65.34455575,38.3
95.786,0.372532637,-0.032956547,65.35074426,38.2
95.798,0.372532637,0,65.30885488,38.3
95.811,0.372532637,0,65.35074426,38.2
95.824,0.372532637,0.032956547,65.24455575,38.4
95.837,0.372532637,0.065913094,65.25074426,38.3
95.849,0.372532637,0.065913094,65.24455575,38.4
95.862,0.372532637,0.100090254,65.25074426,38.3
95.875,0.372532637,0.166003349,65.24455575,38.4
95.887,0.372532637,0.198959896,65.25074426,38.3
95.9,0.372532637,0.231916443,65.28025663,38.4
95.913,0.372532637,0.26487299,65.28644514,38.3
95.925,0.372532637,0.332006698,65.18025663,38.5
95.938,0.372532637,0.364963245,65.18025663,38.5
95.951,0.372532637,0.397919792,65.18025663,38.5
95.964,0.372532637,0.430876339,65.18025663,38.5
95.976,0.372532637,0.498010047,65.18644514,38.4
95.989,0.372532637,0.563923141,65.04455575,38.6
96.002,0.372532637,0.596879688,65.08644514,38.5
96.014,0.372532637,0.629836235,65.08025663,38.6
96.027,0.372532637,0.696969943,64.98644514,38.6
96.04,0.372532637,0.72992649,64.97406812,38.8
96.053,0.372532637,0.795839584,64.98644514,38.6
96.065,0.372532637,0.828796131,64.88025663,38.8
96.078,0.372532637,0.895929839,64.88644514,38.7
96.091,0.372532637,0.961842933,64.88025663,38.8
96.103,0.372532637,0.99479948,64.78644514,38.8
96.116,0.372532637,1.061933188,64.78025663,38.9
96.129,0.372532637,1.094889735,64.78644514,38.8
96.141,0.372532637,1.160802829,64.68644514,38.9
96.154,0.372532637,1.193759376,64.68644514,38.9
96.167,0.372532637,1.226715924,64.68644514,38.9
96.18,0.372532637,1.293849631,64.68025663,39
96.192,0.372532637,1.326806178,64.58644514,39
96.205,0.372532637,1.392719272,64.58025663,39.1
96.218,0.372532637,1.426896432,64.58644514,39
96.23,0.372532637,1.45985298,64.58025663,39.1
96.243,0.372532637,1.492809527,64.62833452,38.9
96.256,0.372532637,1.492809527,64.6159575,39.1
96.268,0.372532637,1.525766074,64.52214601,39.1
96.281,0.372532637,1.558722621,64.50976899,39.3
96.294,0.372532637,1.558722621,64.52214601,39.1
96.307,0.372532637,1.558722621,64.5159575,39.2
96.319,0.372532637,1.558722621,64.52214601,39.1
96.332,0.372532637,1.558722621,64.6159575,39.1
96.345,0.372532637,1.525766074,64.62214601,39
96.357,0.372532637,1.525766074,64.6159575,39.1
96.37,0.372532637,1.45985298,64.62214601,39
96.383,0.372532637,1.426896432,64.6159575,39.1
96.396,0.372532637,1.359762725,64.58644514,39
96.408,0.372532637,1.260893084,64.68025663,39
96.421,0.372532637,1.193759376,64.68025663,39
96.434,0.372532637,1.094889735,64.78025663,38.9
96.446,0.372532637,0.99479948,64.78025663,38.9
96.459,0.372532637,0.928886386,64.85074426,38.7
96.472,0.372532637,0.828796131,64.84455575,38.8
96.484,0.372532637,0.72992649,64.95074426,38.6
96.497,0.372532637,0.629836235,64.94455575,38.7
96.51,0.372532637,0.530966594,65.05074426,38.5
96.523,0.372532637,0.430876339,65.04455575,38.6
96.535,0.372532637,0.332006698,65.11504339,38.4
96.548,0.372532637,0.26487299,65.10885488,38.5
96.561,0.372532637,0.198959896,65.21504339,38.3
96.573,0.372532637,0.133046802,65.20885488,38.4
96.586,0.372532637,0.065913094,65.31504339,38.2
96.599,0.372532637,0,65.30885488,38.3
96.611,0.372532637,-0.065913094,65.31504339,38.2
96.624,0.372532637,-0.100090254,65.3850543,38.2
96.637,0.372532637,-0.166003349,65.39124281,38.1
96.65,0.372532637,-0.231916443,65.3850543,38.2
96.662,0.372532637,-0.299050151,65.4850543,38.1
96.675,0.372532637,-0.364963245,65.4850543,38.1
96.688,0.372532637,-0.463832887,65.44935343,38.1
96.7,0.372532637,-0.530966594,65.44935343,38.1
96.713,0.372532637,-0.629836235,65.44935343,38.1
96.726,0.372532637,-0.72992649,65.51365255,38
96.739,0.372532637,-0.828796131,65.51365255,38
96.751,0.372532637,-0.961842933,65.49604048,37.9
96.764,0.372532637,-1.094889735,65.48985197,38
96.777,0.372532637,-1.193759376,65.4603396,37.9
96.789,0.372532637,-1.326806178,65.51845022,37.9
96.802,0.372532637,-1.45985298,65.52463873,37.8
96.815,0.372958388,-1.558722621,65.48274935,37.9
96.827,0.372958388,-1.691769423,65.48893786,37.8
96.84,0.372958388,-1.790639065,65.55894877,37.8
96.853,0.372958388,-1.890729319,65.5294364,37.7
96.866,0.372958388,-1.989598961,65.48754702,37.8
96.878,0.372958388,-2.056732668,65.49373553,37.7
96.891,0.372958388,-2.155602309,65.46374644,37.8
96.904,0.372958388,-2.222736017,65.46374644,37.8
96.916,0.372958388,-2.255692564,65.56374644,37.7
96.929,0.372958388,-2.288649111,65.53423407,37.6
96.942,0.372958388,-2.321605658,65.52804557,37.7
96.954,0.372958388,-2.321605658,65.53423407,37.6
96.967,0.372958388,-2.321605658,65.49234469,37.7
96.98,0.372958388,-2.288649111,65.52804557,37.7
96.993,0.372958388,-2.222736017,65.42804557,37.8
97.005,0.372958388,-2.155602309,65.42804557,37.8
97.018,0.372958388,-2.056732668,65.46374644,37.8
97.031,0.372532637,-1.923685866,65.36374644,37.9
97.043,0.372532637,-1.757682517,65.28754702,38
97.056,0.372532637,-1.625856329,65.28754702,38
97.069,0.372532637,-1.45985298,65.18754702,38.1
97.082,0.371681133,-1.260893084,65.12324789,38.2
97.094,0.371681133,-1.094889735,65.02324789,38.3
97.107,0.371681133,-0.928886386,65.05894877,38.3
97.12,0.37082963,-0.795839584,64.95894877,38.4
97.132,0.37082963,-0.662792783,64.88274935,38.5
97.145,0.37082963,-0.530966594,64.88274935,38.5
97.158,0.37082963,-0.397919792,64.82463873,38.5
97.17,0.37082963,-0.26487299,64.81845022,38.6
97.183,0.370403879,-0.166003349,64.71845022,38.7
97.196,0.37082963,-0.032956547,64.71845022,38.7
97.209,0.370403879,0.065913094,64.6541511,38.8
97.221,0.370403879,0.166003349,64.6541511,38.8
97.234,0.370403879,0.26487299,64.59604048,38.8
97.247,0.37082963,0.364963245,64.58985197,38.9
97.259,0.370403879,0.430876339,64.58985197,38.9
97.272,0.37082963,0.530966594,64.51365255,39
97.285,0.370403879,0.596879688,64.51365255,39
97.297,0.370403879,0.696969943,64.54935343,39
97.31,0.370403879,0.795839584,64.44935343,39.1
97.323,0.37082963,0.862973292,64.44935343,39.1
97.336,0.37082963,0.961842933,64.44935343,39.1
97.348,0.37082963,1.027756028,64.34935343,39.2
97.361,0.37082963,1.127846282,64.3850543,39.2
97.374,0.37082963,1.193759376,64.3850543,39.2
97.386,0.371681133,1.260893084,64.3850543,39.2
97.399,0.371681133,1.359762725,64.31504339,39.2
97.412,0.371681133,1.45985298,64.30885488,39.3
97.424,0.371681133,1.525766074,64.35074426,39.2
97.437,0.371681133,1.625856329,64.34455575,39.3
97.45,0.372532637,1.691769423,64.38644514,39.2
97.463,0.372532637,1.790639065,64.28025663,39.4
97.475,0.372532637,1.857772772,64.3159575,39.4
97.488,0.372532637,1.923685866,64.33975808,39.4
97.501,0.372532637,1.989598961,64.33975808,39.4
97.513,0.372532637,2.023776121,64.33975808,39.4
97.526,0.372532637,2.089689215,64.38164746,39.3
97.539,0.372532637,2.122645762,64.37545896,39.4
97.552,0.372532637,2.122645762,64.38164746,39.3
97.564,0.372532637,2.089689215,64.37545896,39.4
97.577,0.372532637,2.056732668,64.47545896,39.3
97.59,0.372532637,1.989598961,64.47545896,39.3
97.602,0.372532637,1.923685866,64.47545896,39.3
97.615,0.372532637,1.790639065,64.54594659,39.1
97.628,0.372532637,1.691769423,64.54594659,39.1
97.64,0.372532637,1.558722621,64.63975808,39.1
97.653,0.372532637,1.426896432,64.72214601,38.9
97.666,0.372532637,1.293849631,64.7159575,39
97.679,0.372532637,1.127846282,64.78025663,38.9
97.691,0.372532637,0.99479948,64.88025663,38.8
97.704,0.372532637,0.828796131,64.98025663,38.7
97.717,0.372532637,0.72992649,65.08644514,38.5
97.729,0.372958388,0.629836235,65.04455575,38.6
97.742,0.372958388,0.530966594,65.14455575,38.5
97.755,0.372532637,0.430876339,65.14455575,38.5
97.768,0.372532637,0.364963245,65.24455575,38.4
97.78,0.372532637,0.26487299,65.24455575,38.4
97.793,0.372532637,0.198959896,65.34455575,38.3
97.806,0.372532637,0.133046802,65.30885488,38.3
97.818,0.372958388,0.032956547,65.30885488,38.3
97.831,0.372532637,-0.032956547,65.40885488,38.2
97.844,0.372532637,-0.100090254,65.3850543,38.2
97.856,0.372532637,-0.166003349,65.3850543,38.2
97.869,0.372532637,-0.231916443,65.4850543,38.1
97.882,0.372532637,-0.332006698,65.4850543,38.1
97.895,0.372532637,-0.397919792,65.44935343,38.1
97.907,0.372532637,-0.463832887,65.45554193,38
97.92,0.372532637,-0.563923141,65.55554193,37.9
97.933,0.372532637,-0.629836235,65.51984106,37.9
97.945,0.372532637,-0.72992649,65.51365255,38
97.958,0.372532637,-0.828796131,65.48985197,38
97.971,0.372532637,-0.928886386,65.48985197,38
97.983,0.372532637,-1.061933188,65.58985197,37.9
97.996,0.372532637,-1.160802829,65.5541511,37.9
98.009,0.372958388,-1.226715924,65.5541511,37.9
98.022,0.372958388,-1.326806178,65.52463873,37.8
98.034,0.372532637,-1.392719272,65.51845022,37.9
98.047,0.372958388,-1.45985298,65.48274935,37.9
98.06,0.372958388,-1.492809527,65.48274935,37.9
98.072,0.372958388,-1.525766074,65.58274935,37.8
98.085,0.372958388,-1.558722621,65.48274935,37.9
98.098,0.372958388,-1.525766074,65.48893786,37.8
98.111,0.372958388,-1.492809527,65.48274935,37.9
98.123,0.372958388,-1.426896432,65.48893786,37.8
98.136,0.372958388,-1.326806178,65.48274935,37.9
98.149,0.372958388,-1.193759376,65.38893786,37.9
98.161,0.372532637,-1.061933188,65.38274935,38
98.174,0.372532637,-0.928886386,65.32463873,38
98.187,0.372532637,-0.762883037,65.2541511,38.2
98.199,0.372532637,-0.596879688,65.1603396,38.2
98.212,0.371681133,-0.430876339,65.0541511,38.4
98.225,0.372532637,-0.26487299,65.09604048,38.3
98.238,0.371681133,-0.133046802,64.98985197,38.5
98.25,0.371681133,0,64.89604048,38.5
98.263,0.371681133,0.133046802,64.88985197,38.6
98.276,0.37082963,0.231916443,64.81365255,38.7
98.288,0.37082963,0.364963245,64.81365255,38.7
98.301,0.37082963,0.498010047,64.71365255,38.8
98.314,0.37082963,0.596879688,64.61365255,38.9
98.326,0.37082963,0.696969943,64.61365255,38.9
98.339,0.37082963,0.795839584,64.61365255,38.9
98.352,0.37082963,0.895929839,64.51365255,39
98.365,0.371681133,0.961842933,64.51365255,39
98.377,0.371681133,1.061933188,64.44935343,39.1
98.39,0.371681133,1.127846282,64.45554193,39
98.403,0.371681133,1.226715924,64.4850543,39.1
98.415,0.371681133,1.326806178,64.39124281,39.1
98.428,0.371681133,1.426896432,64.40885488,39.2
98.441,0.372532637,1.525766074,64.45074426,39.1
98.454,0.372532637,1.658812876,64.38025663,39.3
98.466,0.372532637,1.790639065,64.38644514,39.2
98.479,0.372532637,1.890729319,64.4159575,39.3
98.492,0.372532637,2.023776121,64.44594659,39.2
98.504,0.372532637,2.155602309,64.37545896,39.4
98.517,0.372532637,2.288649111,64.41734834,39.3
98.53,0.372532637,2.421695913,64.41115983,39.4
98.542,0.372532637,2.520565554,64.44114892,39.3
98.555,0.371681133,2.653612356,64.37066129,39.5
98.568,0.372532637,2.752481998,64.41255067,39.4
98.581,0.372532637,2.819615705,64.44206303,39.5
98.593,0.372532637,2.885528799,64.44825154,39.4
98.606,0.372532637,2.952662507,64.46586361,39.5
98.619,0.371681133,2.985619054,64.46586361,39.5
98.631,0.371681133,2.985619054,64.46586361,39.5
98.644,0.371681133,2.952662507,64.46586361,39.5
98.657,0.371681133,2.918485347,64.507753,39.4
98.669,0.371681133,2.852572252,64.60156449,39.4
98.682,0.372532637,2.786659158,64.57205212,39.3
98.695,0.372532637,2.686568903,64.66586361,39.3
98.708,0.372532637,2.553522102,64.67205212,39.2
98.72,0.372532637,2.421695913,64.74206303,39.2
98.733,0.372532637,2.255692564,64.84206303,39.1
98.746,0.372532637,2.122645762,64.84206303,39.1
98.758,0.372532637,1.956642413,64.90636216,39
98.771,0.372532637,1.790639065,65.00636216,38.9
98.784,0.372532637,1.625856329,65.07684979,38.7
98.796,0.372532637,1.492809527,65.17066129,38.7
98.809,0.372532637,1.326806178,65.24114892,38.5
98.822,0.372532637,1.193759376,65.21115983,38.6
98.835,0.372532637,1.094889735,65.31115983,38.5
98.847,0.372532637,0.99479948,65.31115983,38.5
98.86,0.372532637,0.862973292,65.37545896,38.4
98.873,0.372532637,0.762883037,65.38164746,38.3
98.885,0.372532637,0.629836235,65.43975808,38.3
98.898,0.372532637,0.530966594,65.42214601,38.2
98.911,0.372532637,0.430876339,65.5159575,38.2
98.924,0.372532637,0.332006698,65.52214601,38.1
98.936,0.372532637,0.231916443,65.58025663,38.1
98.949,0.372532637,0.166003349,65.58644514,38
98.962,0.372532637,0.100090254,65.54455575,38.1
98.974,0.373809891,0.032956547,65.54455575,38.1
98.987,0.372958388,-0.032956547,65.64455575,38
99,0.372958388,-0.100090254,65.61504339,37.9
99.012,0.372532637,-0.198959896,65.60885488,38
99.025,0.372532637,-0.26487299,65.5850543,38
99.038,0.372532637,-0.332006698,65.5850543,38
99.051,0.372532637,-0.397919792,65.5850543,38
99.063,0.372532637,-0.498010047,65.64935343,37.9
99.076,0.372532637,-0.596879688,65.64935343,37.9
99.089,0.372532637,-0.662792783,65.65554193,37.8
99.101,0.372532637,-0.795839584,65.61365255,37.9
99.114,0.372532637,-0.895929839,65.59604048,37.8
99.127,0.372532637,-1.027756028,65.68985197,37.8
99.139,0.372532637,-1.127846282,65.6603396,37.7
99.152,0.372532637,-1.260893084,65.6541511,37.8
99.165,0.372532637,-1.359762725,65.62463873,37.7
99.178,0.372532637,-1.492809527,65.61845022,37.8
99.19,0.372958388,-1.591679168,65.68893786,37.6
99.203,0.372958388,-1.691769423,65.68274935,37.7
99.216,0.372958388,-1.757682517,65.68893786,37.6
99.228,0.372958388,-1.824816225,65.65894877,37.7
99.241,0.372958388,-1.857772772,65.62324789,37.7
99.254,0.372958388,-1.890729319,65.62324789,37.7
99.267,0.372958388,-1.890729319,65.62324789,37.7
99.279,0.372958388,-1.923685866,65.6294364,37.6
99.292,0.372958388,-1.923685866,65.62324789,37.7
99.305,0.372532637,-1.923685866,65.59373553,37.6
99.317,0.372532637,-1.890729319,65.62324789,37.7
99.33,0.372532637,-1.857772772,65.6294364,37.6
99.343,0.372958388,-1.824816225,65.52324789,37.8
99.355,0.372958388,-1.790639065,65.5294364,37.7
99.368,0.372958388,-1.72472597,65.52324789,37.8
99.381,0.372958388,-1.625856329,65.5294364,37.7
99.394,0.372958388,-1.558722621,65.42324789,37.9
99.406,0.372958388,-1.45985298,65.46513728,37.8
99.419,0.372958388,-1.392719272,65.45894877,37.9
99.432,0.372958388,-1.293849631,65.36513728,37.9
99.444,0.372532637,-1.226715924,65.38274935,38
99.457,0.372532637,-1.160802829,65.38893786,37.9
99.47,0.372532637,-1.061933188,65.28274935,38.1
99.482,0.371681133,-0.961842933,65.28893786,38
99.495,0.371681133,-0.862973292,65.18893786,38.1
99.508,0.371681133,-0.762883037,65.21845022,38.2
99.521,0.371681133,-0.696969943,65.22463873,38.1
99.533,0.371681133,-0.596879688,65.11845022,38.3
99.546,0.371681133,-0.530966594,65.12463873,38.2
99.559,0.37082963,-0.463832887,65.11845022,38.3
99.571,0.37082963,-0.397919792,65.02463873,38.3
99.584,0.371681133,-0.332006698,65.01845022,38.4
99.597,0.371681133,-0.26487299,65.02463873,38.3
99.61,0.37082963,-0.231916443,64.9541511,38.5
99.622,0.37082963,-0.166003349,64.9603396,38.4
99.635,0.37082963,-0.100090254,64.9541511,38.5
99.648,0.37082963,-0.065913094,64.9603396,38.4
99.66,0.37082963,0,64.8541511,38.6
99.673,0.37082963,0.065913094,64.8603396,38.5
99.686,0.37082963,0.100090254,64.8541511,38.6
99.698,0.37082963,0.133046802,64.88985197,38.6
99.711,0.37082963,0.166003349,64.88985197,38.6
99.724,0.37082963,0.198959896,64.88985197,38.6
99.737,0.37082963,0.231916443,64.79604048,38.6
99.749,0.370403879,0.26487299,64.78985197,38.7
99.762,0.37082963,0.299050151,64.79604048,38.6
99.775,0.37082963,0.299050151,64.78985197,38.7
99.787,0.37082963,0.299050151,64.79604048,38.6
99.8,0.370403879,0.332006698,64.78985197,38.7
99.813,0.37082963,0.364963245,64.79604048,38.6
99.826,0.37082963,0.364963245,64.78985197,38.7
99.838,0.37082963,0.364963245,64.79604048,38.6
99.851,0.37082963,0.364963245,64.78985197,38.7
99.864,0.37082963,0.364963245,64.79604048,38.6
99.876,0.37082963,0.397919792,64.79604048,38.6
99.889,0.37082963,0.364963245,64.78985197,38.7
99.902,0.37082963,0.364963245,64.79604048,38.6
99.914,0.37082963,0.364963245,64.78985197,38.7
99.927,0.37082963,0.332006698,64.79604048,38.6
99.94,0.37082963,0.299050151,64.78985197,38.7
99.953,0.370403879,0.26487299,64.89604048,38.5
99.965,0.37082963,0.231916443,64.88985197,38.6
99.978,0.37082963,0.198959896,64.89604048,38.5
99.991,0.37082963,0.166003349,64.88985197,38.6
100.003,0.37082963,0.100090254,64.89604048,38.5
100.016,0.37082963,0.065913094,64.98985197,38.5
100.029,0.37082963,0,64.9603396,38.4
100.041,0.37082963,-0.032956547,64.9541511,38.5
100.054,0.371681133,-0.100090254,64.9603396,38.4
100.067,0.37082963,-0.166003349,65.0541511,38.4
100.08,0.371681133,-0.231916443,65.0603396,38.3
100.092,0.371681133,-0.299050151,65.0541511,38.4
100.105,0.37082963,-0.332006698,65.11845022,38.3
100.118,0.37082963,-0.397919792,65.12463873,38.2
100.13,0.37082963,-0.463832887,65.11845022,38.3
100.143,0.37082963,-0.530966594,65.22463873,38.1
100.156,0.37082963,-0.596879688,65.21845022,38.2
100.168,0.37082963,-0.629836235,65.22463873,38.1
100.181,0.371681133,-0.696969943,65.31845022,38.1
100.194,0.371681133,-0.72992649,65.32463873,38
100.207,0.371681133,-0.795839584,65.31845022,38.1
100.219,0.371681133,-0.862973292,65.32463873,38
100.232,0.371681133,-0.895929839,65.31845022,38.1
100.245,0.371681133,-0.928886386,65.42463873,37.9
100.257,0.371681133,-0.961842933,65.41845022,38
100.27,0.372532637,-1.027756028,65.38893786,37.9
100.283,0.372532637,-1.061933188,65.38274935,38
100.296,0.371681133,-1.094889735,65.38893786,37.9
100.308,0.372532637,-1.127846282,65.38274935,38
100.321,0.372532637,-1.193759376,65.48274935,37.9
100.334,0.372532637,-1.193759376,65.48893786,37.8
100.346,0.372532637,-1.260893084,65.48274935,37.9
100.359,0.372532637,-1.293849631,65.48893786,37.8
100.372,0.372532637,-1.293849631,65.48274935,37.9
100.384,0.372532637,-1.326806178,65.48893786,37.8
100.397,0.372532637,-1.326806178,65.48274935,37.9
100.41,0.372532637,-1.359762725,65.46513728,37.8
100.423,0.372532637,-1.392719272,65.45894877,37.9
100.435,0.372532637,-1.392719272,65.46513728,37.8
100.448,0.372532637,-1.392719272,65.45894877,37.9
100.461,0.372532637,-1.426896432,65.56513728,37.7
100.473,0.372532637,-1.426896432,65.45894877,37.9
100.486,0.372532637,-1.426896432,65.46513728,37.8
100.499,0.372532637,-1.426896432,65.45894877,37.9
100.511,0.372532637,-1.392719272,65.45894877,37.9
100.524,0.372532637,-1.392719272,65.45894877,37.9
100.537,0.372532637,-1.359762725,65.45894877,37.9
100.55,0.372532637,-1.326806178,65.46513728,37.8
100.562,0.372532637,-1.293849631,65.48274935,37.9
100.575,0.372958388,-1.260893084,65.48893786,37.8
100.588,0.372532637,-1.226715924,65.48274935,37.9
100.6,0.372532637,-1.160802829,65.48893786,37.8
100.613,0.372532637,-1.127846282,65.38274935,38
100.626,0.372532637,-1.061933188,65.38893786,37.9
100.639,0.372532637,-1.027756028,65.41845022,38
100.651,0.372532637,-0.961842933,65.38893786,37.9
100.664,0.372532637,-0.895929839,65.41845022,38
100.677,0.372532637,-0.862973292,65.28893786,38
100.689,0.372532637,-0.795839584,65.31845022,38.1
100.702,0.371681133,-0.72992649,65.31845022,38.1
100.715,0.372532637,-0.662792783,65.32463873,38
100.727,0.371681133,-0.596879688,65.21845022,38.2
100.74,0.371681133,-0.530966594,65.22463873,38.1
100.753,0.371681133,-0.463832887,65.21845022,38.2
100.766,0.37082963,-0.397919792,65.1603396,38.2
100.778,0.37082963,-0.364963245,65.1541511,38.3
100.791,0.371681133,-0.299050151,65.1603396,38.2
100.804,0.371681133,-0.231916443,65.04796259,38.5
100.816,0.371681133,-0.198959896,65.0603396,38.3
100.829,0.37082963,-0.166003349,65.0541511,38.4
100.842,0.37082963,-0.133046802,65.0603396,38.3
100.854,0.371681133,-0.065913094,65.0541511,38.4
100.867,0.371681133,-0.032956547,64.9603396,38.4
100.88,0.37082963,0,64.9541511,38.5
100.893,0.37082963,0.032956547,64.99604048,38.4
100.905,0.37082963,0.065913094,64.98985197,38.5
100.918,0.37082963,0.100090254,64.98985197,38.5
100.931,0.37082963,0.133046802,64.9603396,38.4
100.943,0.37082963,0.166003349,64.88985197,38.6
100.956,0.37082963,0.198959896,64.90222898,38.4
100.969,0.370403879,0.198959896,64.88985197,38.6
100.982,0.370403879,0.231916443,64.89604048,38.5
100.994,0.370403879,0.26487299,64.88366346,38.7
101.007,0.37082963,0.299050151,64.89604048,38.5
101.02,0.37082963,0.332006698,64.88985197,38.6
101.032,0.37082963,0.364963245,64.89604048,38.5
101.045,0.37082963,0.364963245,64.88985197,38.6
101.058,0.37082963,0.397919792,64.79604048,38.6
101.07,0.370403879,0.397919792,64.78985197,38.7
101.083,0.37082963,0.430876339,64.79604048,38.6
101.096,0.37082963,0.430876339,64.78985197,38.7
101.109,0.37082963,0.430876339,64.79604048,38.6
101.121,0.37082963,0.463832887,64.79604048,38.6
101.134,0.37082963,0.463832887,64.78985197,38.7
101.147,0.370403879,0.463832887,64.79604048,38.6
101.159,0.370403879,0.463832887,64.78985197,38.7
101.172,0.370403879,0.463832887,64.79604048,38.6
101.185,0.370403879,0.463832887,64.78985197,38.7
101.197,0.37082963,0.463832887,64.79604048,38.6
101.21,0.37082963,0.463832887,64.78985197,38.7
101.223,0.37082963,0.463832887,64.79604048,38.6
101.236,0.370403879,0.430876339,64.78985197,38.7
101.248,0.37082963,0.430876339,64.89604048,38.5
101.261,0.37082963,0.397919792,64.88985197,38.6
101.274,0.37082963,0.397919792,64.89604048,38.5
101.286,0.370403879,0.364963245,64.88985197,38.6
101.299,0.370403879,0.299050151,64.88985197,38.6
101.312,0.37082963,0.26487299,64.89604048,38.5
101.325,0.37082963,0.231916443,64.8541511,38.6
101.337,0.37082963,0.198959896,64.99604048,38.4
101.35,0.37082963,0.133046802,64.98985197,38.5
101.363,0.37082963,0.100090254,64.9603396,38.4
101.375,0.37082963,0.032956547,64.9541511,38.5
101.388,0.371681133,0,64.9603396,38.4
101.401,0.371681133,-0.032956547,65.0541511,38.4
101.413,0.371681133,-0.100090254,65.0603396,38.3
101.426,0.37082963,-0.166003349,65.0541511,38.4
101.439,0.371681133,-0.231916443,65.12463873,38.2
101.452,0.371681133,-0.299050151,65.11845022,38.3
101.464,0.371681133,-0.332006698,65.12463873,38.2
101.477,0.371681133,-0.397919792,65.21845022,38.2
101.49,0.371681133,-0.430876339,65.21845022,38.2
101.502,0.371681133,-0.498010047,65.22463873,38.1
101.515,0.371681133,-0.563923141,65.21845022,38.2
101.528,0.371681133,-0.629836235,65.32463873,38
101.54,0.371681133,-0.662792783,65.31845022,38.1
101.553,0.371681133,-0.696969943,65.32463873,38
101.566,0.371681133,-0.72992649,65.31845022,38.1
101.579,0.371681133,-0.795839584,65.42463873,37.9
101.591,0.371681133,-0.828796131,65.41226172,38.1
101.604,0.371681133,-0.895929839,65.43082724,37.8
101.617,0.371681133,-0.928886386,65.41845022,38
101.629,0.372532637,-0.961842933,65.43082724,37.8
101.642,0.372532637,-0.99479948,65.48274935,37.9
101.655,0.372532637,-1.027756028,65.48893786,37.8
101.668,0.372532637,-1.094889735,65.48274935,37.9
101.68,0.372532637,-1.127846282,65.48893786,37.8
101.693,0.372532637,-1.160802829,65.48274935,37.9
101.706,0.372532637,-1.193759376,65.48893786,37.8
101.718,0.372532637,-1.226715924,65.58893786,37.7
101.731,0.372532637,-1.260893084,65.58893786,37.7
101.744,0.372532637,-1.293849631,65.58893786,37.7
101.756,0.372532637,-1.326806178,65.55894877,37.8
101.769,0.372532637,-1.359762725,65.56513728,37.7
101.782,0.372532637,-1.392719272,65.55894877,37.8
101.795,0.372532637,-1.392719272,65.5294364,37.7
101.807,0.372532637,-1.426896432,65.55894877,37.8
101.82,0.372532637,-1.426896432,65.56513728,37.7
101.833,0.372532637,-1.426896432,65.55894877,37.8
101.845,0.372532637,-1.426896432,65.56513728,37.7
101.858,0.372958388,-1.426896432,65.55894877,37.8
101.871,0.372958388,-1.426896432,65.56513728,37.7
101.883,0.372958388,-1.426896432,65.55894877,37.8
101.896,0.372532637,-1.392719272,65.56513728,37.7
101.909,0.372532637,-1.359762725,65.55894877,37.8
101.922,0.372958388,-1.326806178,65.56513728,37.7
101.934,0.372532637,-1.293849631,65.56513728,37.7
101.947,0.372532637,-1.260893084,65.56513728,37.7
101.96,0.372532637,-1.193759376,65.48893786,37.8
101.972,0.372532637,-1.127846282,65.48274935,37.9
101.985,0.372532637,-1.061933188,65.48893786,37.8
101.998,0.372532637,-1.027756028,65.48274935,37.9
102.011,0.371681133,-0.961842933,65.38893786,37.9
102.023,0.371681133,-0.895929839,65.41845022,38
102.036,0.371681133,-0.795839584,65.42463873,37.9
102.049,0.371681133,-0.72992649,65.31845022,38.1
102.061,0.371681133,-0.629836235,65.32463873,38
102.074,0.371681133,-0.563923141,65.31845022,38.1
102.087,0.371681133,-0.463832887,65.2603396,38.1
102.099,0.371681133,-0.364963245,65.2541511,38.2
102.112,0.371681133,-0.299050151,65.1603396,38.2
102.125,0.371681133,-0.198959896,65.1541511,38.3
102.138,0.371681133,-0.100090254,65.0603396,38.3
102.15,0.371681133,-0.032956547,65.0541511,38.4
102.163,0.371681133,0.032956547,65.0541511,38.4
102.176,0.37082963,0.100090254,64.99604048,38.4
102.188,0.37082963,0.166003349,64.98985197,38.5
102.201,0.37082963,0.231916443,64.99604048,38.4
102.214,0.37082963,0.299050151,64.88985197,38.6
102.226,0.37082963,0.364963245,64.89604048,38.5
102.239,0.37082963,0.430876339,64.88985197,38.6
102.252,0.37082963,0.498010047,64.79604048,38.6
102.265,0.370403879,0.563923141,64.78985197,38.7
102.277,0.370403879,0.629836235,64.81984106,38.6
102.29,0.37082963,0.696969943,64.81365255,38.7
102.303,0.37082963,0.72992649,64.71984106,38.7
102.315,0.370403879,0.795839584,64.71365255,38.8
102.328,0.37082963,0.862973292,64.71984106,38.7
102.341,0.37082963,0.895929839,64.71365255,38.8
102.354,0.37082963,0.928886386,64.71984106,38.7
102.366,0.37082963,0.99479948,64.61365255,38.9
102.379,0.37082963,1.027756028,64.61365255,38.9
102.392,0.371681133,1.094889735,64.64935343,38.9
102.404,0.371681133,1.127846282,64.65554193,38.8
102.417,0.371681133,1.193759376,64.69124281,38.8
102.43,0.371681133,1.226715924,64.6850543,38.9
102.442,0.371681133,1.260893084,64.69124281,38.8
102.455,0.371681133,1.326806178,64.5850543,39
102.468,0.371681133,1.392719272,64.61504339,38.9
102.481,0.371681133,1.45985298,64.60885488,39
102.493,0.371681133,1.525766074,64.65074426,38.9
102.506,0.371681133,1.591679168,64.64455575,39
102.519,0.371681133,1.658812876,64.65074426,38.9
102.531,0.371681133,1.72472597,64.58025663,39.1
102.544,0.372532637,1.790639065,64.6159575,39.1
102.557,0.372532637,1.857772772,64.6159575,39.1
102.569,0.372532637,1.923685866,64.62214601,39
102.582,0.371681133,1.956642413,64.6159575,39.1
102.595,0.371681133,2.023776121,64.64594659,39
102.608,0.371681133,2.089689215,64.63975808,39.1
102.62,0.372532637,2.155602309,64.68164746,39
102.633,0.372532637,2.18977947,64.67545896,39.1
102.646,0.372532637,2.222736017,64.61115983,39.2
102.658,0.371681133,2.255692564,64.61115983,39.2
102.671,0.371681133,2.288649111,64.61734834,39.1
102.684,0.371681133,2.321605658,64.61115983,39.2
102.697,0.372532637,2.321605658,64.61734834,39.1
102.709,0.372532637,2.321605658,64.71734834,39
102.722,0.372532637,2.288649111,64.71115983,39.1
102.735,0.372532637,2.288649111,64.71115983,39.1
102.747,0.372532637,2.255692564,64.71115983,39.1
102.76,0.372532637,2.255692564,64.71115983,39.1
102.773,0.372532637,2.18977947,64.71115983,39.1
102.785,0.371681133,2.155602309,64.71734834,39
102.798,0.371681133,2.089689215,64.81115983,39
102.811,0.372532637,2.056732668,64.81734834,38.9
102.824,0.372532637,1.956642413,64.81115983,39
102.836,0.372532637,1.890729319,64.88164746,38.8
102.849,0.372532637,1.824816225,64.87545896,38.9
102.862,0.372532637,1.72472597,64.88164746,38.8
102.874,0.372532637,1.658812876,64.97545896,38.8
102.887,0.372532637,1.558722621,64.98164746,38.7
102.9,0.372532637,1.45985298,65.03975808,38.7
102.912,0.372532637,1.392719272,65.04594659,38.6
102.925,0.372532637,1.293849631,65.13975808,38.6
102.938,0.372958388,1.160802829,65.1159575,38.6
102.951,0.372958388,1.094889735,65.2159575,38.5
102.963,0.372532637,0.99479948,65.22214601,38.4
102.976,0.372532637,0.862973292,65.28025663,38.4
102.989,0.372532637,0.795839584,65.28644514,38.3
103.001,0.372532637,0.696969943,65.38025663,38.3
103.014,0.372532637,0.629836235,65.38025663,38.3
103.027,0.372532637,0.563923141,65.48025663,38.2
103.04,0.372532637,0.498010047,65.48025663,38.2
103.052,0.372532637,0.430876339,65.44455575,38.2
103.065,0.372532637,0.364963245,65.55074426,38
103.078,0.372532637,0.26487299,65.55074426,38
103.09,0.372532637,0.198959896,65.61504339,37.9
103.103,0.372532637,0.133046802,65.61504339,37.9
103.116,0.372532637,0.065913094,65.60885488,38
103.128,0.372532637,0,65.70885488,37.9
103.141,0.372532637,-0.065913094,65.6850543,37.9
103.154,0.372532637,-0.133046802,65.6850543,37.9
103.167,0.372532637,-0.198959896,65.6850543,37.9
103.179,0.372532637,-0.231916443,65.75554193,37.7
103.192,0.372532637,-0.299050151,65.75554193,37.7
103.205,0.372532637,-0.364963245,65.75554193,37.7
103.217,0.372532637,-0.430876339,65.71365255,37.8
103.23,0.372532637,-0.530966594,65.71365255,37.8
103.243,0.372532637,-0.596879688,65.81365255,37.7
103.255,0.372532637,-0.696969943,65.78985197,37.7
103.268,0.372532637,-0.795839584,65.78985197,37.7
103.281,0.372532637,-0.895929839,65.79604048,37.6
103.294,0.372532637,-1.027756028,65.7603396,37.6
103.306,0.372532637,-1.127846282,65.82463873,37.5
103.319,0.372532637,-1.226715924,65.81845022,37.6
103.332,0.372958388,-1.359762725,65.78274935,37.6
103.344,0.372958388,-1.45985298,65.78274935,37.6
103.357,0.372958388,-1.525766074,65.78893786,37.5
103.37,0.372958388,-1.625856329,65.75894877,37.6
103.383,0.372958388,-1.691769423,65.86513728,37.4
103.395,0.372958388,-1.757682517,65.82324789,37.5
103.408,0.372958388,-1.790639065,65.8294364,37.4
103.421,0.372958388,-1.790639065,65.82324789,37.5
103.433,0.372958388,-1.790639065,65.8294364,37.4
103.446,0.372958388,-1.790639065,65.82324789,37.5
103.459,0.373809891,-1.757682517,65.8294364,37.4
103.471,0.372958388,-1.72472597,65.68754702,37.6
103.484,0.372958388,-1.658812876,65.7294364,37.5
103.497,0.372958388,-1.591679168,65.72324789,37.6
103.51,0.372958388,-1.525766074,65.7294364,37.5
103.522,0.372958388,-1.392719272,65.62324789,37.7
103.535,0.372532637,-1.293849631,65.65894877,37.7
103.548,0.372532637,-1.160802829,65.55894877,37.8
103.56,0.372532637,-1.027756028,65.55894877,37.8
103.573,0.372532637,-0.895929839,65.48274935,37.9
103.586,0.371681133,-0.762883037,65.38274935,38
103.598,0.371681133,-0.596879688,65.42463873,37.9
103.611,0.371681133,-0.498010047,65.31845022,38.1
103.624,0.371681133,-0.364963245,65.22463873,38.1
103.637,0.371681133,-0.26487299,65.2541511,38.2
103.649,0.37082963,-0.166003349,65.1603396,38.2
103.662,0.37082963,-0.065913094,65.1541511,38.3
103.675,0.37082963,0.065913094,65.0603396,38.3
103.687,0.37082963,0.166003349,65.08985197,38.4
103.7,0.371681133,0.26487299,64.99604048,38.4
103.713,0.371681133,0.364963245,64.98985197,38.5
103.726,0.37082963,0.463832887,64.99604048,38.4
103.738,0.37082963,0.530966594,64.88985197,38.6
103.751,0.37082963,0.629836235,64.89604048,38.5
103.764,0.37082963,0.696969943,64.78985197,38.7
103.776,0.37082963,0.762883037,64.79604048,38.6
103.789,0.37082963,0.828796131,64.81365255,38.7
103.802,0.37082963,0.928886386,64.71984106,38.7
103.814,0.37082963,0.961842933,64.71365255,38.8
103.827,0.37082963,1.027756028,64.71984106,38.7
103.84,0.37082963,1.094889735,64.74935343,38.8
103.853,0.37082963,1.160802829,64.75554193,38.7
103.865,0.371681133,1.226715924,64.69124281,38.8
103.878,0.371681133,1.293849631,64.69124281,38.8
103.891,0.371681133,1.326806178,64.6850543,38.9
103.903,0.371681133,1.392719272,64.70885488,38.9
103.916,0.371681133,1.45985298,64.71504339,38.8
103.929,0.371681133,1.525766074,64.70885488,38.9
103.941,0.371681133,1.558722621,64.71504339,38.8
103.954,0.371681133,1.591679168,64.70885488,38.9
103.967,0.372532637,1.625856329,64.75074426,38.8
103.98,0.371681133,1.625856329,64.74455575,38.9
103.992,0.371681133,1.591679168,64.75074426,38.8
104.005,0.371681133,1.558722621,64.74455575,38.9
104.018,0.371681133,1.525766074,64.74455575,38.9
104.03,0.372532637,1.45985298,64.74455575,38.9
104.043,0.372532637,1.359762725,64.85074426,38.7
104.056,0.372532637,1.226715924,64.80885488,38.8
104.069,0.372532637,1.127846282,64.91504339,38.6
104.081,0.372532637,0.99479948,65.00885488,38.6
104.094,0.372532637,0.895929839,64.99124281,38.5
104.107,0.372532637,0.762883037,65.0850543,38.5
104.119,0.371681133,0.629836235,65.14935343,38.4
104.132,0.372532637,0.498010047,65.24935343,38.3
104.145,0.372532637,0.397919792,65.29124281,38.2
104.157,0.372532637,0.299050151,65.35554193,38.1
104.17,0.372532637,0.231916443,65.35554193,38.1
104.183,0.372532637,0.133046802,65.45554193,38
104.196,0.372532637,0.065913094,65.44935343,38.1
104.208,0.372532637,0,65.55554193,37.9
104.221,0.372532637,-0.065913094,65.51365255,38
104.234,0.372532637,-0.100090254,65.55554193,37.9
104.246,0.372532637,-0.166003349,65.64935343,37.9
104.259,0.372532637,-0.26487299,65.61984106,37.8
104.272,0.372532637,-0.332006698,65.61365255,37.9
104.284,0.372958388,-0.397919792,65.71984106,37.7
104.297,0.372532637,-0.498010047,65.71365255,37.8
104.31,0.372532637,-0.563923141,65.81365255,37.7
104.323,0.372532637,-0.662792783,65.78985197,37.7
104.335,0.372532637,-0.762883037,65.78985197,37.7
104.348,0.372532637,-0.862973292,65.7541511,37.7
104.361,0.372532637,-0.99479948,65.8541511,37.6
104.373,0.372532637,-1.094889735,65.82463873,37.5
104.386,0.372532637,-1.226715924,65.78274935,37.6
104.399,0.372532637,-1.326806178,65.78274935,37.6
104.412,0.372958388,-1.45985298,65.85894877,37.5
104.424,0.372958388,-1.558722621,65.8294364,37.4
104.437,0.372958388,-1.691769423,65.82324789,37.5
104.45,0.372958388,-1.790639065,65.79373553,37.4
104.462,0.372958388,-1.857772772,65.88754702,37.4
104.475,0.372958388,-1.956642413,65.89373553,37.3
104.488,0.372958388,-2.023776121,65.86374644,37.4
104.5,0.372958388,-2.056732668,65.83423407,37.3
104.513,0.372958388,-2.089689215,65.82804557,37.4
104.526,0.372958388,-2.122645762,65.83423407,37.3
104.539,0.372958388,-2.155602309,65.82804557,37.4
104.551,0.372958388,-2.155602309,65.82804557,37.4
104.564,0.372958388,-2.122645762,65.82804557,37.4
104.577,0.372958388,-2.122645762,65.82804557,37.4
104.589,0.372958388,-2.056732668,65.82804557,37.4
104.602,0.372532637,-1.956642413,65.72804557,37.5
104.615,0.372532637,-1.857772772,65.76993495,37.4
104.627,0.372532637,-1.72472597,65.66374644,37.6
104.64,0.372532637,-1.591679168,65.66993495,37.5
104.653,0.372532637,-1.45985298,65.56374644,37.7
104.666,0.372532637,-1.293849631,65.59373553,37.6
104.678,0.372532637,-1.160802829,65.52324789,37.8
104.691,0.371681133,-0.99479948,65.4294364,37.8
104.704,0.371681133,-0.862973292,65.35894877,38
104.716,0.37082963,-0.696969943,65.36513728,37.9
104.729,0.371681133,-0.596879688,65.25894877,38.1
104.742,0.371681133,-0.498010047,65.26513728,38
104.755,0.37082963,-0.364963245,65.18274935,38.2
104.767,0.37082963,-0.26487299,65.18893786,38.1
104.78,0.37082963,-0.166003349,65.11845022,38.3
104.793,0.37082963,-0.065913094,65.12463873,38.2
104.805,0.37082963,0.032956547,65.01845022,38.4
104.818,0.37082963,0.133046802,65.01845022,38.4
104.831,0.37082963,0.198959896,65.0541511,38.4
104.843,0.370403879,0.26487299,64.9603396,38.4
104.856,0.37082963,0.332006698,64.99604048,38.4
104.869,0.37082963,0.397919792,64.9541511,38.5
104.882,0.37082963,0.498010047,64.8603396,38.5
104.894,0.37082963,0.563923141,64.88985197,38.6
104.907,0.370403879,0.629836235,64.89604048,38.5
104.92,0.370403879,0.696969943,64.88985197,38.6
104.932,0.37082963,0.72992649,64.79604048,38.6
104.945,0.370403879,0.795839584,64.78985197,38.7
104.958,0.37082963,0.828796131,64.81984106,38.6
104.97,0.37082963,0.895929839,64.81365255,38.7
104.983,0.37082963,0.928886386,64.81984106,38.6
104.996,0.37082963,0.99479948,64.71365255,38.8
105.009,0.37082963,1.027756028,64.71984106,38.7
105.021,0.37082963,1.061933188,64.71365255,38.8
105.034,0.371681133,1.094889735,64.71984106,38.7
105.047,0.371681133,1.127846282,64.71365255,38.8
105.059,0.371681133,1.160802829,64.75554193,38.7
105.072,0.371681133,1.193759376,64.75554193,38.7
105.085,0.371681133,1.226715924,64.74935343,38.8
105.098,0.371681133,1.260893084,64.75554193,38.7
105.11,0.371681133,1.260893084,64.74935343,38.8
105.123,0.371681133,1.260893084,64.75554193,38.7
105.136,0.371681133,1.293849631,64.74935343,38.8
105.148,0.371681133,1.260893084,64.75554193,38.7
105.161,0.371681133,1.260893084,64.74935343,38.8
105.174,0.371681133,1.226715924,64.75554193,38.7
105.186,0.371681133,1.193759376,64.74935343,38.8
105.199,0.371681133,1.160802829,64.75554193,38.7
105.212,0.371681133,1.127846282,64.84935343,38.7
105.225,0.371681133,1.061933188,64.85554193,38.6
105.237,0.371681133,0.99479948,64.84935343,38.7
105.25,0.371681133,0.895929839,64.94935343,38.6
105.263,0.371681133,0.828796131,64.91365255,38.6
105.275,0.371681133,0.762883037,64.91365255,38.6
105.288,0.372532637,0.662792783,65.01984106,38.4
105.301,0.372532637,0.563923141,65.01365255,38.5
105.313,0.371681133,0.463832887,65.11984106,38.3
105.326,0.371681133,0.397919792,65.08985197,38.4
105.339,0.372532637,0.299050151,65.19604048,38.2
105.352,0.372532637,0.231916443,65.18985197,38.3
105.364,0.371681133,0.166003349,65.29604048,38.1
105.377,0.371681133,0.100090254,65.28985197,38.2
105.39,0.371681133,0.065913094,65.39604048,38
105.402,0.372532637,0,65.38985197,38.1
105.415,0.372532637,-0.032956547,65.39604048,38
105.428,0.372532637,-0.100090254,65.48985197,38
105.441,0.371681133,-0.133046802,65.48985197,38
105.453,0.371681133,-0.198959896,65.48985197,38
105.466,0.371681133,-0.231916443,65.58985197,37.9
105.479,0.372532637,-0.299050151,65.59604048,37.8
105.491,0.372532637,-0.364963245,65.58985197,37.9
105.504,0.371681133,-0.430876339,65.59604048,37.8
105.517,0.371681133,-0.498010047,65.68985197,37.8
105.529,0.372532637,-0.563923141,65.69604048,37.7
105.542,0.371681133,-0.629836235,65.68985197,37.8
105.555,0.371681133,-0.696969943,65.7603396,37.6
105.568,0.372532637,-0.762883037,65.74796259,37.8
105.58,0.372532637,-0.862973292,65.7603396,37.6
105.593,0.372532637,-0.928886386,65.74796259,37.8
105.606,0.372532637,-0.99479948,65.8603396,37.5
105.618,0.372532637,-1.061933188,65.81845022,37.6
105.631,0.372532637,-1.127846282,65.82463873,37.5
105.644,0.372532637,-1.193759376,65.78274935,37.6
105.656,0.372532637,-1.260893084,65.78893786,37.5
105.669,0.372532637,-1.293849631,65.75894877,37.6
105.682,0.372532637,-1.359762725,65.85894877,37.5
105.695,0.372532637,-1.426896432,65.85894877,37.5
105.707,0.372532637,-1.45985298,65.85894877,37.5
105.72,0.372958388,-1.492809527,65.86513728,37.4
105.733,0.372958388,-1.492809527,65.82324789,37.5
105.745,0.372958388,-1.525766074,65.8294364,37.4
105.758,0.372958388,-1.525766074,65.82324789,37.5
105.771,0.372958388,-1.525766074,65.86513728,37.4
105.784,0.372958388,-1.525766074,65.81705939,37.6
105.796,0.372958388,-1.492809527,65.8294364,37.4
105.809,0.372958388,-1.45985298,65.82324789,37.5
105.822,0.372958388,-1.426896432,65.7294364,37.5
105.834,0.372958388,-1.359762725,65.72324789,37.6
105.847,0.372958388,-1.293849631,65.76513728,37.5
105.86,0.372958388,-1.226715924,65.75894877,37.6
105.872,0.372532637,-1.127846282,65.65894877,37.7
105.885,0.372532637,-1.027756028,65.68274935,37.7
105.898,0.372532637,-0.961842933,65.68274935,37.7
105.911,0.372532637,-0.862973292,65.58893786,37.7
105.923,0.372532637,-0.762883037,65.61845022,37.8
105.936,0.372532637,-0.629836235,65.52463873,37.8
105.949,0.372532637,-0.530966594,65.51845022,37.9
105.961,0.372532637,-0.430876339,65.42463873,37.9
105.974,0.371681133,-0.299050151,65.41845022,38
105.987,0.371681133,-0.231916443,65.3603396,38
105.999,0.371681133,-0.133046802,65.3541511,38.1
106.012,0.371681133,-0.065913094,65.2603396,38.1
106.025,0.371681133,0,65.2541511,38.2
106.038,0.371681133,0.100090254,65.1541511,38.3
106.05,0.371681133,0.166003349,65.1541511,38.3
106.063,0.37082963,0.26487299,65.1541511,38.3
106.076,0.37082963,0.364963245,65.0603396,38.3
106.088,0.37082963,0.430876339,65.08985197,38.4
106.101,0.37082963,0.498010047,64.99604048,38.4
106.114,0.37082963,0.563923141,64.98985197,38.5
106.127,0.37082963,0.629836235,64.99604048,38.4
106.139,0.37082963,0.696969943,64.88985197,38.6
106.152,0.37082963,0.72992649,64.89604048,38.5
106.165,0.37082963,0.795839584,64.88366346,38.7
106.177,0.37082963,0.862973292,64.89604048,38.5
106.19,0.37082963,0.928886386,64.78985197,38.7
106.203,0.37082963,0.961842933,64.79604048,38.6
106.215,0.37082963,0.99479948,64.81365255,38.7
106.228,0.371681133,1.061933188,64.81984106,38.6
106.241,0.371681133,1.094889735,64.81365255,38.7
106.254,0.371681133,1.127846282,64.81365255,38.7
106.266,0.371681133,1.160802829,64.81365255,38.7
106.279,0.371681133,1.193759376,64.71365255,38.8
106.292,0.371681133,1.226715924,64.75554193,38.7
106.304,0.371681133,1.260893084,64.74935343,38.8
106.317,0.371681133,1.260893084,64.75554193,38.7
106.33,0.371681133,1.293849631,64.74935343,38.8
106.342,0.371681133,1.293849631,64.75554193,38.7
106.355,0.371681133,1.293849631,64.74316492,38.9
106.368,0.371681133,1.260893084,64.85554193,38.6
106.381,0.371681133,1.226715924,64.84316492,38.8
106.393,0.371681133,1.193759376,64.85554193,38.6
106.406,0.371681133,1.127846282,64.84935343,38.7
106.419,0.371681133,1.027756028,64.95554193,38.5
106.431,0.371681133,0.928886386,64.91365255,38.6
106.444,0.371681133,0.828796131,65.01984106,38.4
106.457,0.371681133,0.72992649,65.01365255,38.5
106.47,0.371681133,0.629836235,65.11365255,38.4
106.482,0.372532637,0.498010047,65.08985197,38.4
106.495,0.371681133,0.397919792,65.18985197,38.3
106.508,0.371681133,0.299050151,65.29604048,38.1
106.52,0.371681133,0.198959896,65.28985197,38.2
106.533,0.372532637,0.133046802,65.39604048,38
106.546,0.372532637,0.065913094,65.38985197,38.1
106.558,0.372532637,0,65.49604048,37.9
106.571,0.371681133,-0.065913094,65.48985197,38
106.584,0.371681133,-0.133046802,65.49604048,37.9
106.597,0.371681133,-0.198959896,65.58985197,37.9
106.609,0.371681133,-0.26487299,65.59604048,37.8
106.622,0.371681133,-0.332006698,65.68985197,37.8
106.635,0.371681133,-0.430876339,65.68985197,37.8
106.647,0.372532637,-0.498010047,65.68985197,37.8
106.66,0.372532637,-0.596879688,65.78985197,37.7
106.673,0.372532637,-0.696969943,65.7541511,37.7
106.685,0.372532637,-0.828796131,65.8541511,37.6
106.698,0.372532637,-0.928886386,65.82463873,37.5
106.711,0.372532637,-1.061933188,65.81845022,37.6
106.724,0.372532637,-1.160802829,65.88893786,37.4
106.736,0.372532637,-1.293849631,65.88274935,37.5
106.749,0.372958388,-1.426896432,65.86513728,37.4
106.762,0.372958388,-1.525766074,65.92324789,37.4
106.774,0.372958388,-1.658812876,65.9294364,37.3
106.787,0.372958388,-1.757682517,65.88754702,37.4
106.8,0.372958388,-1.890729319,65.86993495,37.3
106.813,0.372958388,-1.956642413,65.96374644,37.3
106.825,0.372958388,-2.056732668,65.93423407,37.2
106.838,0.372958388,-2.122645762,65.92804557,37.3
106.851,0.372958388,-2.222736017,65.89234469,37.3
106.863,0.372958388,-2.288649111,65.9985332,37.1
106.876,0.372958388,-2.354562206,65.95664382,37.2
106.889,0.372958388,-2.421695913,65.96283233,37.1
106.901,0.372958388,-2.45465246,65.93284324,37.2
106.914,0.372958388,-2.487609007,65.93903174,37.1
106.927,0.372958388,-2.520565554,65.93284324,37.2
106.94,0.372958388,-2.520565554,65.93903174,37.1
106.952,0.372958388,-2.520565554,65.92665473,37.3
106.965,0.372958388,-2.487609007,65.93903174,37.1
106.978,0.372958388,-2.421695913,65.95664382,37.2
106.99,0.372958388,-2.321605658,65.86283233,37.2
107.003,0.372958388,-2.18977947,65.85664382,37.3
107.016,0.372958388,-2.056732668,65.76283233,37.3
107.028,0.372532637,-1.890729319,65.79234469,37.4
107.041,0.372532637,-1.72472597,65.69234469,37.5
107.054,0.372532637,-1.558722621,65.62804557,37.6
107.067,0.371681133,-1.359762725,65.53423407,37.6
107.079,0.371681133,-1.193759376,65.56993495,37.6
107.092,0.37082963,-1.027756028,65.48754702,37.8
107.105,0.37082963,-0.862973292,65.39373553,37.8
107.117,0.37082963,-0.696969943,65.32324789,38
107.13,0.37082963,-0.563923141,65.3294364,37.9
107.143,0.370403879,-0.397919792,65.25276026,38.2
107.156,0.370403879,-0.26487299,65.16513728,38.1
107.168,0.370403879,-0.133046802,65.15894877,38.2
107.181,0.370403879,-0.032956547,65.08893786,38.2
107.194,0.370403879,0.065913094,65.08274935,38.3
107.206,0.370403879,0.198959896,65.02463873,38.3
107.219,0.370403879,0.26487299,65.01845022,38.4
107.232,0.370403879,0.364963245,64.9603396,38.4
107.244,0.37082963,0.463832887,64.9541511,38.5
107.257,0.37082963,0.563923141,64.99604048,38.4
107.27,0.37082963,0.662792783,64.89604048,38.5
107.283,0.370403879,0.762883037,64.91365255,38.6
107.295,0.37082963,0.862973292,64.81984106,38.6
107.308,0.37082963,0.961842933,64.78985197,38.7
107.321,0.37082963,1.027756028,64.81984106,38.6
107.333,0.37082963,1.127846282,64.84935343,38.7
107.346,0.37082963,1.193759376,64.75554193,38.7
107.359,0.37082963,1.293849631,64.74935343,38.8
107.371,0.371681133,1.392719272,64.79124281,38.7
107.384,0.371681133,1.492809527,64.7850543,38.8
107.397,0.372532637,1.591679168,64.71504339,38.8
107.41,0.372532637,1.691769423,64.70885488,38.9
107.422,0.372532637,1.790639065,64.75074426,38.8
107.435,0.372532637,1.890729319,64.78025663,38.9
107.448,0.372532637,1.989598961,64.72214601,38.9
107.46,0.372532637,2.122645762,64.72214601,38.9
107.473,0.372532637,2.222736017,64.73975808,39
107.486,0.372532637,2.288649111,64.78164746,38.9
107.499,0.372532637,2.354562206,64.77545896,39
107.511,0.372532637,2.421695913,64.81734834,38.9
107.524,0.372532637,2.45465246,64.81115983,39
107.537,0.372532637,2.487609007,64.81734834,38.9
107.549,0.372532637,2.487609007,64.81115983,39
107.562,0.372532637,2.45465246,64.81734834,38.9
107.575,0.372532637,2.421695913,64.81115983,39
107.587,0.372532637,2.354562206,64.81734834,38.9
107.6,0.372532637,2.255692564,64.91115983,38.9
107.613,0.372532637,2.155602309,64.88164746,38.8
107.626,0.372532637,2.023776121,64.97545896,38.8
107.638,0.372532637,1.890729319,65.08164746,38.6
107.651,0.372532637,1.72472597,65.13975808,38.6
107.664,0.372532637,1.591679168,65.14594659,38.5
107.676,0.372532637,1.392719272,65.22214601,38.4
107.689,0.372532637,1.260893084,65.3159575,38.4
107.702,0.372532637,1.094889735,65.42214601,38.2
107.714,0.372532637,0.99479948,65.48025663,38.2
107.727,0.372532637,0.862973292,65.48644514,38.1
107.74,0.371681133,0.762883037,65.54455575,38.1
107.753,0.372532637,0.662792783,65.55074426,38
107.765,0.372532637,0.563923141,65.64455575,38
107.778,0.372532637,0.463832887,65.6212319,37.8
107.791,0.372532637,0.364963245,65.70885488,37.9
107.803,0.372532637,0.26487299,65.71504339,37.8
107.816,0.372532637,0.198959896,65.7850543,37.8
107.829,0.372532637,0.100090254,65.79124281,37.7
107.842,0.372532637,0.032956547,65.8850543,37.7
107.854,0.372532637,-0.032956547,65.89124281,37.6
107.867,0.372532637,-0.100090254,65.84935343,37.7
107.88,0.372532637,-0.133046802,65.85554193,37.6
107.892,0.372532637,-0.231916443,65.81365255,37.7
107.905,0.372532637,-0.299050151,65.91365255,37.6
107.918,0.372532637,-0.364963245,65.91365255,37.6
107.93,0.372532637,-0.430876339,65.88985197,37.6
107.943,0.372532637,-0.498010047,65.89604048,37.5
107.956,0.372532637,-0.596879688,65.88985197,37.6
107.969,0.372532637,-0.696969943,65.9603396,37.4
107.981,0.372532637,-0.795839584,65.9541511,37.5
107.994,0.372532637,-0.895929839,65.92463873,37.4
108.007,0.372532637,-1.027756028,65.91845022,37.5
108.019,0.372532637,-1.127846282,65.88893786,37.4
108.032,0.372532637,-1.226715924,65.98274935,37.4
108.045,0.372958388,-1.359762725,65.96513728,37.3
108.057,0.372958388,-1.45985298,65.95894877,37.4
108.07,0.372958388,-1.558722621,65.9294364,37.3
108.083,0.372532637,-1.658812876,65.92324789,37.4
108.096,0.372958388,-1.72472597,65.99373553,37.2
108.108,0.372958388,-1.790639065,65.98754702,37.3
108.121,0.372958388,-1.857772772,65.99373553,37.2
108.134,0.372958388,-1.890729319,65.96374644,37.3
108.146,0.372958388,-1.923685866,65.96993495,37.2
108.159,0.372958388,-1.956642413,65.92804557,37.3
108.172,0.372958388,-1.989598961,65.93423407,37.2
108.184,0.372958388,-1.989598961,65.92804557,37.3
108.197,0.372958388,-1.989598961,65.92804557,37.3
108.21,0.372958388,-1.956642413,65.92804557,37.3
108.223,0.372958388,-1.956642413,65.92804557,37.3
108.235,0.372958388,-1.923685866,65.93423407,37.2
108.248,0.372958388,-1.890729319,65.82804557,37.4
108.261,0.372958388,-1.857772772,65.83423407,37.3
108.273,0.372958388,-1.790639065,65.86374644,37.4
108.286,0.372958388,-1.72472597,65.86993495,37.3
108.299,0.372958388,-1.658812876,65.86374644,37.4
108.312,0.372958388,-1.591679168,65.79373553,37.4
108.324,0.372958388,-1.525766074,65.76374644,37.5
108.337,0.372958388,-1.45985298,65.76993495,37.4
108.35,0.372532637,-1.392719272,65.76374644,37.5
108.362,0.372532637,-1.293849631,65.69373553,37.5
108.375,0.372532637,-1.226715924,65.68754702,37.6
108.388,0.371681133,-1.160802829,65.69373553,37.5
108.4,0.372532637,-1.094889735,65.62324789,37.7
108.413,0.372532637,-0.99479948,65.6294364,37.6
108.426,0.372532637,-0.928886386,65.62324789,37.7
108.439,0.371681133,-0.862973292,65.5294364,37.7
108.451,0.371681133,-0.795839584,65.52324789,37.8
108.464,0.371681133,-0.72992649,65.56513728,37.7
108.477,0.37082963,-0.662792783,65.45894877,37.9
108.489,0.371681133,-0.596879688,65.46513728,37.8
108.502,0.371681133,-0.563923141,65.45894877,37.9
108.515,0.371681133,-0.498010047,65.48274935,37.9
108.527,0.37082963,-0.463832887,65.38274935,38
108.54,0.37082963,-0.430876339,65.38893786,37.9
108.553,0.37082963,-0.364963245,65.38274935,38
108.566,0.37082963,-0.332006698,65.38274935,38
108.578,0.37082963,-0.26487299,65.38274935,38
108.591,0.37082963,-0.231916443,65.28274935,38.1
108.604,0.37082963,-0.198959896,65.28274935,38.1
108.616,0.37082963,-0.166003349,65.28274935,38.1
108.629,0.37082963,-0.133046802,65.28274935,38.1
108.642,0.37082963,-0.100090254,65.28274935,38.1
108.655,0.37082963,-0.065913094,65.18274935,38.2
108.667,0.37082963,0,65.18274935,38.2
108.68,0.37082963,0.032956547,65.18274935,38.2
108.693,0.370403879,0.065913094,65.18274935,38.2
108.705,0.370403879,0.100090254,65.21845022,38.2
108.718,0.370403879,0.100090254,65.21845022,38.2
108.731,0.37082963,0.133046802,65.21845022,38.2
108.743,0.37082963,0.166003349,65.21845022,38.2
108.756,0.37082963,0.166003349,65.21845022,38.2
108.769,0.370403879,0.198959896,65.21845022,38.2
108.782,0.37082963,0.198959896,65.21845022,38.2
108.794,0.370403879,0.231916443,65.11845022,38.3
108.807,0.370403879,0.231916443,65.11845022,38.3
108.82,0.370403879,0.231916443,65.11845022,38.3
108.832,0.37082963,0.26487299,65.12463873,38.2
108.845,0.37082963,0.26487299,65.11845022,38.3
108.858,0.37082963,0.26487299,65.12463873,38.2
108.87,0.370403879,0.299050151,65.11845022,38.3
108.883,0.37082963,0.299050151,65.1541511,38.3
108.896,0.370403879,0.299050151,65.11845022,38.3
108.909,0.370403879,0.299050151,65.11845022,38.3
108.921,0.370403879,0.26487299,65.1541511,38.3
108.934,0.370403879,0.26487299,65.1603396,38.2
108.947,0.370403879,0.26487299,65.11845022,38.3
108.959,0.370403879,0.231916443,65.22463873,38.1
108.972,0.370403879,0.231916443,65.21845022,38.2
108.985,0.37082963,0.198959896,65.21845022,38.2
108.998,0.37082963,0.198959896,65.21845022,38.2
109.01,0.37082963,0.166003349,65.22463873,38.1
109.023,0.37082963,0.133046802,65.21845022,38.2
109.036,0.370403879,0.133046802,65.22463873,38.1
109.048,0.370403879,0.100090254,65.21845022,38.2
109.061,0.370403879,0.065913094,65.22463873,38.1
109.074,0.37082963,0.032956547,65.21845022,38.2
109.086,0.37082963,0,65.31845022,38.1
109.099,0.37082963,-0.032956547,65.28274935,38.1
109.112,0.37082963,-0.065913094,65.28274935,38.1
109.125,0.37082963,-0.065913094,65.28893786,38
109.137,0.37082963,-0.100090254,65.28893786,38
109.15,0.37082963,-0.100090254,65.28893786,38
109.163,0.37082963,-0.133046802,65.28274935,38.1
109.175,0.37082963,-0.133046802,65.28274935,38.1
109.188,0.37082963,-0.166003349,65.28274935,38.1
109.201,0.37082963,-0.166003349,65.28274935,38.1
109.214,0.37082963,-0.166003349,65.28274935,38.1
109.226,0.37082963,-0.166003349,65.28893786,38
109.239,0.37082963,-0.166003349,65.28274935,38.1
109.252,0.37082963,-0.166003349,65.28893786,38
109.264,0.37082963,-0.166003349,65.28274935,38.1
109.277,0.37082963,-0.133046802,65.28274935,38.1
109.29,0.37082963,-0.133046802,65.28274935,38.1
109.302,0.37082963,-0.133046802,65.28274935,38.1
109.315,0.37082963,-0.100090254,65.28274935,38.1
109.328,0.37082963,-0.065913094,65.28893786,38
109.341,0.37082963,-0.032956547,65.28274935,38.1
109.353,0.37082963,0,65.32463873,38
109.366,0.37082963,0.032956547,65.31845022,38.1
109.379,0.37082963,0.100090254,65.21845022,38.2
109.391,0.37082963,0.133046802,65.21845022,38.2
109.404,0.370403879,0.166003349,65.22463873,38.1
109.417,0.370403879,0.198959896,65.22463873,38.1
109.429,0.370403879,0.26487299,65.22463873,38.1
109.442,0.37082963,0.299050151,65.22463873,38.1
109.455,0.37082963,0.332006698,65.12463873,38.2
109.468,0.37082963,0.364963245,65.11845022,38.3
109.48,0.370403879,0.397919792,65.11845022,38.3
109.493,0.370403879,0.397919792,65.11845022,38.3
109.506,0.370403879,0.430876339,65.1541511,38.3
109.518,0.37082963,0.463832887,65.1541511,38.3
109.531,0.37082963,0.498010047,65.1541511,38.3
109.544,0.37082963,0.498010047,65.1541511,38.3
109.556,0.37082963,0.530966594,65.1541511,38.3
109.569,0.370403879,0.563923141,65.0541511,38.4
109.582,0.370403879,0.596879688,65.0541511,38.4
109.595,0.37082963,0.596879688,65.0541511,38.4
109.607,0.370403879,0.629836235,65.0541511,38.4
109.62,0.370403879,0.629836235,65.0541511,38.4
109.633,0.37082963,0.662792783,65.0541511,38.4
109.645,0.37082963,0.662792783,65.0541511,38.4
109.658,0.37082963,0.662792783,65.0603396,38.3
109.671,0.37082963,0.696969943,65.0541511,38.4
109.684,0.370403879,0.696969943,65.0603396,38.3
109.696,0.370403879,0.696969943,65.0541511,38.4
109.709,0.37082963,0.696969943,65.0603396,38.3
109.722,0.37082963,0.696969943,65.0541511,38.4
109.734,0.37082963,0.662792783,65.0603396,38.3
109.747,0.37082963,0.662792783,65.0541511,38.4
109.76,0.37082963,0.662792783,65.0541511,38.4
109.772,0.37082963,0.629836235,65.0541511,38.4
109.785,0.370403879,0.629836235,65.0541511,38.4
109.798,0.370403879,0.596879688,65.0541511,38.4
109.811,0.370403879,0.530966594,65.1603396,38.2
109.823,0.370403879,0.498010047,65.11845022,38.3
109.836,0.370403879,0.430876339,65.11845022,38.3
109.849,0.37082963,0.397919792,65.11845022,38.3
109.861,0.37082963,0.332006698,65.21845022,38.2
109.874,0.371681133,0.26487299,65.22463873,38.1
109.887,0.37082963,0.198959896,65.21845022,38.2
109.899,0.37082963,0.133046802,65.18893786,38.1
109.912,0.37082963,0.065913094,65.31845022,38.1
109.925,0.37082963,0,65.28893786,38
109.938,0.37082963,-0.065913094,65.28274935,38.1
109.95,0.37082963,-0.133046802,65.38893786,37.9
109.963,0.37082963,-0.198959896,65.38274935,38
109.976,0.371681133,-0.26487299,65.48893786,37.8
109.988,0.37082963,-0.332006698,65.48274935,37.9
110.001,0.371681133,-0.397919792,65.48893786,37.8
110.014,0.371681133,-0.430876339,65.58274935,37.8
110.027,0.371681133,-0.463832887,65.58893786,37.7
110.039,0.371681133,-0.530966594,65.58274935,37.8
110.052,0.371681133,-0.563923141,65.68893786,37.6
110.065,0.371681133,-0.629836235,65.68274935,37.7
110.077,0.371681133,-0.662792783,65.68274935,37.7
110.09,0.371681133,-0.696969943,65.68274935,37.7
110.103,0.371681133,-0.72992649,65.66513728,37.6
110.115,0.371681133,-0.795839584,65.66513728,37.6
110.128,0.371681133,-0.828796131,65.76513728,37.5
110.141,0.371681133,-0.862973292,65.75894877,37.6
110.154,0.371681133,-0.895929839,65.75894877,37.6
110.166,0.371681133,-0.928886386,65.76513728,37.5
110.179,0.371681133,-0.961842933,65.75894877,37.6
110.192,0.371681133,-0.99479948,65.76513728,37.5
110.204,0.372532637,-0.99479948,65.75894877,37.6
110.217,0.372532637,-1.027756028,65.76513728,37.5
110.23,0.372532637,-1.027756028,65.75894877,37.6
110.242,0.372532637,-1.027756028,65.76513728,37.5
110.255,0.371681133,-0.99479948,65.75894877,37.6
110.268,0.372532637,-0.99479948,65.76513728,37.5
110.281,0.372532637,-0.99479948,65.75894877,37.6
110.293,0.372532637,-0.961842933,65.76513728,37.5
110.306,0.371681133,-0.895929839,65.75894877,37.6
110.319,0.372532637,-0.828796131,65.76513728,37.5
110.331,0.371681133,-0.762883037,65.68274935,37.7
110.344,0.371681133,-0.662792783,65.68893786,37.6
110.357,0.371681133,-0.596879688,65.68274935,37.7
110.37,0.371681133,-0.498010047,65.58274935,37.8
110.382,0.372532637,-0.397919792,65.58274935,37.8
110.395,0.371681133,-0.26487299,65.51845022,37.9
110.408,0.371681133,-0.166003349,65.42463873,37.9
110.42,0.37082963,0,65.4603396,37.9
110.433,0.37082963,0.100090254,65.3603396,38
110.446,0.37082963,0.231916443,65.2541511,38.2
110.458,0.37082963,0.332006698,65.2603396,38.1
110.471,0.370403879,0.430876339,65.1541511,38.3
110.484,0.37082963,0.530966594,65.1603396,38.2
110.497,0.37082963,0.629836235,65.0541511,38.4
110.509,0.37082963,0.72992649,65.0603396,38.3
110.522,0.37082963,0.795839584,64.98985197,38.5
110.535,0.37082963,0.895929839,64.98985197,38.5
110.547,0.37082963,0.961842933,64.98985197,38.5
110.56,0.37082963,1.027756028,64.89604048,38.5
110.573,0.37082963,1.094889735,64.88985197,38.6
110.585,0.37082963,1.193759376,64.91365255,38.6
110.598,0.37082963,1.260893084,64.91365255,38.6
110.611,0.37082963,1.359762725,64.81365255,38.7
110.624,0.371681133,1.426896432,64.84935343,38.7
110.636,0.371681133,1.525766074,64.8850543,38.7
110.649,0.371681133,1.625856329,64.91504339,38.6
110.662,0.371681133,1.757682517,64.80885488,38.8
110.674,0.371681133,1.857772772,64.85074426,38.7
110.687,0.371681133,1.989598961,64.84455575,38.8
110.7,0.372532637,2.122645762,64.88644514,38.7
110.713,0.371681133,2.255692564,64.83975808,38.9
110.725,0.372532637,2.354562206,64.84594659,38.8
110.738,0.371681133,2.487609007,64.87545896,38.9
110.751,0.371681133,2.620655809,64.81115983,39
110.763,0.371681133,2.752481998,64.83496041,39
110.776,0.372532637,2.885528799,64.87066129,39
110.789,0.372532637,3.018575601,64.90636216,39
110.801,0.371681133,3.151622403,64.84206303,39.1
110.814,0.371681133,3.250492044,64.84206303,39.1
110.827,0.371681133,3.350582299,64.86586361,39.1
110.84,0.371681133,3.383538846,64.90156449,39.1
110.852,0.371681133,3.44945194,64.90156449,39.1
110.865,0.371681133,3.482408487,64.907753,39
110.878,0.371681133,3.482408487,64.93726536,39.1
110.89,0.371681133,3.482408487,64.94345387,39
110.903,0.371681133,3.44945194,64.93726536,39.1
110.916,0.371681133,3.383538846,65.04345387,38.9
110.928,0.371681133,3.316405139,65.03726536,39
110.941,0.371681133,3.18457895,65.107753,38.8
110.954,0.371681133,3.051532148,65.10156449,38.9
110.967,0.371681133,2.918485347,65.207753,38.7
110.979,0.371681133,2.786659158,65.26586361,38.7
110.992,0.372532637,2.620655809,65.27205212,38.6
111.005,0.372532637,2.45465246,65.36586361,38.6
111.017,0.372532637,2.288649111,65.44825154,38.4
111.03,0.372532637,2.122645762,65.50636216,38.4
111.043,0.372532637,1.923685866,65.60636216,38.3
111.056,0.372532637,1.757682517,65.67066129,38.2
111.068,0.372532637,1.625856329,65.77066129,38.1
111.081,0.371681133,1.45985298,65.74114892,38
111.094,0.371681133,1.326806178,65.83496041,38
111.106,0.371681133,1.226715924,65.81734834,37.9
111.119,0.371681133,1.094889735,65.87545896,37.9
111.132,0.371681133,0.961842933,65.88164746,37.8
111.144,0.371681133,0.828796131,65.93975808,37.8
111.157,0.371681133,0.72992649,65.92214601,37.7
111.17,0.372532637,0.629836235,66.0159575,37.7
111.183,0.371681133,0.498010047,65.98644514,37.6
111.195,0.372532637,0.397919792,66.08025663,37.6
111.208,0.372532637,0.299050151,66.05074426,37.5
111.221,0.372532637,0.198959896,66.00266637,37.7
111.233,0.372532637,0.100090254,66.10885488,37.5
111.246,0.372532637,0.032956547,66.0850543,37.5
111.259,0.372532637,-0.065913094,66.05554193,37.4
111.271,0.372532637,-0.133046802,66.04935343,37.5
111.284,0.372532637,-0.198959896,66.05554193,37.4
111.297,0.372532637,-0.26487299,66.04935343,37.5
111.31,0.372532637,-0.332006698,66.11365255,37.4
111.322,0.372532637,-0.397919792,66.11365255,37.4
111.335,0.371681133,-0.498010047,66.08985197,37.4
111.348,0.371681133,-0.563923141,66.09604048,37.3
111.36,0.372532637,-0.662792783,66.08985197,37.4
111.373,0.372532637,-0.762883037,66.0603396,37.3
111.386,0.372532637,-0.895929839,66.1541511,37.3
111.399,0.372532637,-0.99479948,66.12463873,37.2
111.411,0.372532637,-1.127846282,66.08274935,37.3
111.424,0.372532637,-1.260893084,66.08893786,37.2
111.437,0.372532637,-1.392719272,66.05894877,37.3
111.449,0.372532637,-1.492809527,66.15894877,37.2
111.462,0.372532637,-1.625856329,66.12324789,37.2
111.475,0.372532637,-1.691769423,66.08754702,37.2
111.487,0.372958388,-1.757682517,66.09373553,37.1
111.5,0.372958388,-1.824816225,66.06374644,37.2
111.513,0.372958388,-1.857772772,66.09373553,37.1
111.526,0.372958388,-1.890729319,66.06374644,37.2
111.538,0.372958388,-1.890729319,66.06993495,37.1
111.551,0.372958388,-1.890729319,66.06374644,37.2
111.564,0.372958388,-1.857772772,66.06993495,37.1
111.576,0.372958388,-1.824816225,66.06374644,37.2
111.589,0.372958388,-1.72472597,65.96993495,37.2
111.602,0.372532637,-1.625856329,65.96374644,37.3
111.614,0.372958388,-1.525766074,65.96993495,37.2
111.627,0.372532637,-1.392719272,65.88754702,37.4
111.64,0.372532637,-1.293849631,65.9294364,37.3
111.653,0.372532637,-1.160802829,65.82324789,37.5
111.665,0.372532637,-1.027756028,65.72324789,37.6
111.678,0.371681133,-0.895929839,65.72324789,37.6
111.691,0.371681133,-0.762883037,65.62324789,37.7
111.703,0.371681133,-0.629836235,65.66513728,37.6
111.716,0.37082963,-0.530966594,65.55894877,37.8
111.729,0.371681133,-0.430876339,65.46513728,37.8
111.742,0.37082963,-0.299050151,65.48274935,37.9
111.754,0.37082963,-0.198959896,65.38893786,37.9
111.767,0.37082963,-0.100090254,65.38274935,38
111.78,0.371681133,0,65.28893786,38
111.792,0.371681133,0.100090254,65.31226172,38.2
111.805,0.371681133,0.198959896,65.32463873,38
111.818,0.37082963,0.26487299,65.21226172,38.3
111.83,0.37082963,0.364963245,65.22463873,38.1
111.843,0.37082963,0.430876339,65.11845022,38.3
111.856,0.37082963,0.498010047,65.12463873,38.2
111.869,0.37082963,0.563923141,65.1541511,38.3
111.881,0.37082963,0.662792783,65.0603396,38.3
111.894,0.37082963,0.696969943,65.0541511,38.4
111.907,0.37082963,0.762883037,65.0541511,38.4
111.919,0.37082963,0.828796131,65.0541511,38.4
111.932,0.37082963,0.895929839,64.9541511,38.5
111.945,0.37082963,0.928886386,64.99604048,38.4
111.957,0.37082963,0.99479948,64.9541511,38.5
111.97,0.37082963,1.027756028,64.9603396,38.4
111.983,0.37082963,1.094889735,64.98985197,38.5
111.996,0.37082963,1.127846282,64.99604048,38.4
112.008,0.371681133,1.160802829,65.00746405,38.6
112.021,0.371681133,1.193759376,64.91984106,38.5
112.034,0.371681133,1.226715924,64.90746405,38.7
112.046,0.371681133,1.260893084,64.91984106,38.5
112.059,0.371681133,1.293849631,64.94935343,38.6
112.072,0.371681133,1.326806178,64.95554193,38.5
112.085,0.371681133,1.326806178,64.94935343,38.6
112.097,0.371681133,1.326806178,64.94935343,38.6
112.11,0.371681133,1.293849631,64.94935343,38.6
112.123,0.371681133,1.260893084,65.04935343,38.5
112.135,0.371681133,1.260893084,65.05554193,38.4
112.148,0.371681133,1.193759376,65.04935343,38.5
112.161,0.371681133,1.127846282,65.01984106,38.4
112.173,0.371681133,1.027756028,65.11365255,38.4
112.186,0.372532637,0.961842933,65.11984106,38.3
112.199,0.371681133,0.862973292,65.21365255,38.3
112.212,0.371681133,0.762883037,65.19604048,38.2
112.224,0.371681133,0.662792783,65.28985197,38.2
112.237,0.372532637,0.530966594,65.29604048,38.1
112.25,0.372532637,0.430876339,65.3541511,38.1
112.262,0.372532637,0.332006698,65.4603396,37.9
112.275,0.372532637,0.231916443,65.4541511,38
112.288,0.372532637,0.166003349,65.5541511,37.9
112.3,0.372532637,0.100090254,65.5541511,37.9
112.313,0.371681133,0.032956547,65.6541511,37.8
112.326,0.371681133,-0.032956547,65.6603396,37.7
112.339,0.371681133,-0.100090254,65.68985197,37.8
112.351,0.371681133,-0.166003349,65.79604048,37.6
112.364,0.371681133,-0.231916443,65.7541511,37.7
112.377,0.372532637,-0.299050151,65.8603396,37.5
112.389,0.371681133,-0.364963245,65.8541511,37.6
112.402,0.372532637,-0.430876339,65.8603396,37.5
112.415,0.371681133,-0.530966594,65.94796259,37.6
112.428,0.371681133,-0.629836235,65.9603396,37.4
112.44,0.372532637,-0.72992649,66.01845022,37.4
112.453,0.372532637,-0.862973292,66.02463873,37.3
112.466,0.372532637,-0.961842933,66.01845022,37.4
112.478,0.372532637,-1.061933188,66.08274935,37.3
112.491,0.372532637,-1.193759376,66.05894877,37.3
112.504,0.371681133,-1.326806178,66.05894877,37.3
112.516,0.372532637,-1.45985298,66.1294364,37.1
112.529,0.372532637,-1.558722621,66.08754702,37.2
112.542,0.372532637,-1.691769423,66.09373553,37.1
112.555,0.372532637,-1.790639065,66.06374644,37.2
112.567,0.372958388,-1.923685866,66.13423407,37
112.58,0.372958388,-2.023776121,66.12804557,37.1
112.593,0.372958388,-2.122645762,66.0985332,37
112.605,0.372958388,-2.222736017,66.05045531,37.2
112.618,0.372958388,-2.288649111,66.16283233,36.9
112.631,0.372958388,-2.388739366,66.12665473,37.1
112.643,0.372958388,-2.45465246,66.13903174,36.9
112.656,0.372958388,-2.520565554,66.13284324,37
112.669,0.372958388,-2.587699262,66.10333087,36.9
112.682,0.372958388,-2.653612356,66.09714236,37
112.694,0.372958388,-2.686568903,66.16144149,36.9
112.707,0.372958388,-2.71952545,66.16144149,36.9
112.72,0.372958388,-2.71952545,66.16144149,36.9
112.732,0.372958388,-2.71952545,66.16763,36.8
112.745,0.372958388,-2.686568903,66.16144149,36.9
112.758,0.372958388,-2.653612356,66.06763,36.9
112.771,0.372958388,-2.620655809,66.06144149,37
112.783,0.372958388,-2.553522102,66.06763,36.9
112.796,0.372958388,-2.45465246,66.09095386,37.1
112.809,0.372958388,-2.354562206,66.00333087,37
112.821,0.372532637,-2.222736017,66.03284324,37.1
112.834,0.372532637,-2.122645762,65.93903174,37.1
112.847,0.372532637,-1.989598961,65.95664382,37.2
112.859,0.372532637,-1.857772772,65.86283233,37.2
112.872,0.371681133,-1.691769423,65.85664382,37.3
112.885,0.371681133,-1.558722621,65.75664382,37.4
112.898,0.371681133,-1.392719272,65.69234469,37.5
112.91,0.37082963,-1.260893084,65.69234469,37.5
112.923,0.37082963,-1.127846282,65.62804557,37.6
112.936,0.37082963,-1.027756028,65.52804557,37.7
112.948,0.37082963,-0.895929839,65.56993495,37.6
112.961,0.37082963,-0.762883037,65.46374644,37.8
112.974,0.37082963,-0.629836235,65.46993495,37.7
112.986,0.37082963,-0.530966594,65.38754702,37.9
112.999,0.37082963,-0.397919792,65.29373553,37.9
113.012,0.37082963,-0.26487299,65.28754702,38
113.025,0.37082963,-0.166003349,65.2294364,38
113.037,0.370403879,-0.065913094,65.22324789,38.1
113.05,0.370403879,0.032956547,65.26513728,38
113.063,0.370403879,0.100090254,65.15894877,38.2
113.075,0.370403879,0.198959896,65.15894877,38.2
113.088,0.370403879,0.26487299,65.08274935,38.3
113.101,0.369552375,0.332006698,65.08274935,38.3
113.114,0.370403879,0.430876339,65.12463873,38.2
113.126,0.37082963,0.498010047,65.1541511,38.3
113.139,0.37082963,0.563923141,65.0603396,38.3
113.152,0.370403879,0.629836235,65.08985197,38.4
113.164,0.37082963,0.72992649,65.0603396,38.3
113.177,0.37082963,0.795839584,64.94796259,38.6
113.19,0.37082963,0.862973292,64.9603396,38.4
113.202,0.37082963,0.928886386,64.98366346,38.6
113.215,0.37082963,0.99479948,64.99604048,38.4
113.228,0.37082963,1.061933188,64.91365255,38.6
113.241,0.37082963,1.127846282,64.91984106,38.5
113.253,0.37082963,1.193759376,64.91365255,38.6
113.266,0.371681133,1.226715924,64.91984106,38.5
113.279,0.371681133,1.293849631,64.91365255,38.6
113.291,0.371681133,1.359762725,64.94935343,38.6
113.304,0.371681133,1.392719272,64.95554193,38.5
113.317,0.37082963,1.45985298,64.94935343,38.6
113.329,0.37082963,1.492809527,64.95554193,38.5
113.342,0.371681133,1.525766074,64.8850543,38.7
113.355,0.371681133,1.558722621,64.89124281,38.6
113.368,0.371681133,1.591679168,64.90885488,38.7
113.38,0.371681133,1.591679168,64.89124281,38.6
113.393,0.371681133,1.625856329,64.87886579,38.8
113.406,0.372532637,1.625856329,64.89124281,38.6
113.418,0.371681133,1.625856329,64.8850543,38.7
113.431,0.371681133,1.591679168,64.99124281,38.5
113.444,0.371681133,1.591679168,64.9850543,38.6
113.457,0.372532637,1.558722621,64.99124281,38.5
113.469,0.371681133,1.525766074,64.9850543,38.6
113.482,0.371681133,1.492809527,64.99124281,38.5
113.495,0.371681133,1.426896432,64.99124281,38.5
113.507,0.371681133,1.359762725,65.09124281,38.4
113.52,0.371681133,1.293849631,65.05554193,38.4
113.533,0.372532637,1.226715924,65.04935343,38.5
113.545,0.372532637,1.160802829,65.15554193,38.3
113.558,0.372532637,1.094889735,65.14935343,38.4
113.571,0.372532637,0.99479948,65.25554193,38.2
113.584,0.372532637,0.928886386,65.24935343,38.3
113.596,0.372532637,0.828796131,65.21984106,38.2
113.609,0.372532637,0.762883037,65.31365255,38.2
113.622,0.372532637,0.696969943,65.31984106,38.1
113.634,0.372532637,0.596879688,65.41365255,38.1
113.647,0.372532637,0.530966594,65.41984106,38
113.66,0.372532637,0.463832887,65.48985197,38
113.672,0.372532637,0.397919792,65.49604048,37.9
113.685,0.372532637,0.332006698,65.48985197,38
113.698,0.372532637,0.26487299,65.58985197,37.9
113.711,0.372532637,0.231916443,65.59604048,37.8
113.723,0.372532637,0.166003349,65.58985197,37.9
113.736,0.372532637,0.133046802,65.69604048,37.7
113.749,0.372532637,0.100090254,65.68985197,37.8
113.761,0.372532637,0.065913094,65.69604048,37.7
113.774,0.372532637,0,65.68985197,37.8
113.787,0.372532637,-0.032956547,65.79604048,37.6
113.8,0.372532637,-0.100090254,65.78985197,37.7
113.812,0.372532637,-0.133046802,65.79604048,37.6
113.825,0.372532637,-0.166003349,65.88985197,37.6
113.838,0.372532637,-0.198959896,65.89604048,37.5
113.85,0.372532637,-0.26487299,65.8541511,37.6
113.863,0.372532637,-0.299050151,65.89604048,37.5
113.876,0.372532637,-0.364963245,65.9541511,37.5
113.888,0.372532637,-0.397919792,65.9541511,37.5
113.901,0.372532637,-0.463832887,65.9603396,37.4
113.914,0.372532637,-0.530966594,65.9541511,37.5
113.927,0.372532637,-0.596879688,65.9603396,37.4
113.939,0.372532637,-0.662792783,66.01845022,37.4
113.952,0.372532637,-0.72992649,66.02463873,37.3
113.965,0.372532637,-0.762883037,66.01845022,37.4
113.977,0.372532637,-0.828796131,66.02463873,37.3
113.99,0.372532637,-0.895929839,65.98274935,37.4
114.003,0.372532637,-0.961842933,65.98893786,37.3
114.015,0.372532637,-1.027756028,66.08274935,37.3
114.028,0.372532637,-1.061933188,66.06513728,37.2
114.041,0.372532637,-1.127846282,66.05894877,37.3
114.054,0.372532637,-1.193759376,66.06513728,37.2
114.066,0.372532637,-1.226715924,66.02324789,37.3
114.079,0.372958388,-1.260893084,66.0294364,37.2
114.092,0.372532637,-1.293849631,66.02324789,37.3
114.104,0.372532637,-1.359762725,65.99373553,37.2
114.117,0.372532637,-1.392719272,65.98754702,37.3
114.13,0.372532637,-1.426896432,65.98754702,37.3
114.143,0.372532637,-1.426896432,65.98754702,37.3
114.155,0.372958388,-1.426896432,65.98754702,37.3
114.168,0.372958388,-1.426896432,65.99373553,37.2
114.181,0.372958388,-1.426896432,65.98754702,37.3
114.193,0.372958388,-1.426896432,65.99373553,37.2
114.206,0.372958388,-1.426896432,65.98754702,37.3
114.219,0.372958388,-1.392719272,65.99373553,37.2
114.231,0.372958388,-1.359762725,65.98754702,37.3
114.244,0.372958388,-1.326806178,65.99373553,37.2
114.257,0.372958388,-1.293849631,66.02324789,37.3
114.27,0.372958388,-1.226715924,65.89373553,37.3
114.282,0.372958388,-1.127846282,65.92324789,37.4
114.295,0.372958388,-1.061933188,65.9294364,37.3
114.308,0.372958388,-0.961842933,65.82324789,37.5
114.32,0.372532637,-0.862973292,65.8294364,37.4
114.333,0.372532637,-0.795839584,65.85894877,37.5
114.346,0.372532637,-0.696969943,65.76513728,37.5
114.358,0.372532637,-0.596879688,65.75894877,37.6
114.371,0.372532637,-0.498010047,65.68893786,37.6
114.384,0.372532637,-0.397919792,65.68274935,37.7
114.397,0.372532637,-0.299050151,65.58893786,37.7
114.409,0.371681133,-0.198959896,65.58274935,37.8
114.422,0.371681133,-0.133046802,65.48274935,37.9
114.435,0.371681133,-0.065913094,65.48893786,37.8
114.447,0.371681133,0.032956547,65.48274935,37.9
114.46,0.37082963,0.100090254,65.42463873,37.9
114.473,0.37082963,0.166003349,65.38274935,38
114.486,0.37082963,0.231916443,65.32463873,38
114.498,0.37082963,0.332006698,65.28274935,38.1
114.511,0.37082963,0.397919792,65.32463873,38
114.524,0.37082963,0.463832887,65.21845022,38.2
114.536,0.37082963,0.530966594,65.22463873,38.1
114.549,0.37082963,0.596879688,65.21845022,38.2
114.562,0.37082963,0.629836235,65.12463873,38.2
114.574,0.37082963,0.696969943,65.1541511,38.3
114.587,0.37082963,0.72992649,65.1603396,38.2
114.6,0.37082963,0.795839584,65.1541511,38.3
114.613,0.37082963,0.828796131,65.12463873,38.2
114.625,0.371681133,0.895929839,65.0541511,38.4
114.638,0.371681133,0.928886386,65.0541511,38.4
114.651,0.37082963,0.961842933,65.0541511,38.4
114.663,0.37082963,0.99479948,65.0603396,38.3
114.676,0.37082963,1.027756028,65.0541511,38.4
114.689,0.37082963,1.094889735,64.9603396,38.4
114.701,0.37082963,1.127846282,64.9541511,38.5
114.714,0.371681133,1.160802829,64.99604048,38.4
114.727,0.371681133,1.193759376,64.98985197,38.5
114.74,0.371681133,1.226715924,64.98985197,38.5
114.752,0.371681133,1.226715924,64.98985197,38.5
114.765,0.371681133,1.226715924,64.98985197,38.5
114.778,0.371681133,1.260893084,64.98985197,38.5
114.79,0.371681133,1.293849631,65.01365255,38.5
114.803,0.371681133,1.293849631,65.01365255,38.5
114.816,0.372532637,1.293849631,65.01365255,38.5
114.829,0.371681133,1.293849631,65.01365255,38.5
114.841,0.371681133,1.260893084,65.01365255,38.5
114.854,0.371681133,1.260893084,65.01365255,38.5
114.867,0.371681133,1.226715924,65.01365255,38.5
114.879,0.371681133,1.193759376,65.11365255,38.4
114.892,0.371681133,1.160802829,65.08985197,38.4
114.905,0.372532637,1.094889735,65.09604048,38.3
114.917,0.371681133,1.061933188,65.08985197,38.4
114.93,0.371681133,0.99479948,65.18985197,38.3
114.943,0.371681133,0.928886386,65.18985197,38.3
114.956,0.372532637,0.862973292,65.1541511,38.3
114.968,0.371681133,0.795839584,65.2541511,38.2
114.981,0.371681133,0.72992649,65.2603396,38.1
114.994,0.371681133,0.662792783,65.2603396,38.1
115.006,0.372532637,0.596879688,65.3541511,38.1
115.019,0.372532637,0.530966594,65.3541511,38.1
115.032,0.372532637,0.463832887,65.3541511,38.1
115.044,0.372532637,0.397919792,65.4541511,38
115.057,0.372532637,0.364963245,65.42463873,37.9
115.07,0.372532637,0.299050151,65.41845022,38
115.083,0.372532637,0.231916443,65.52463873,37.8
115.095,0.372532637,0.198959896,65.51845022,37.9
115.108,0.372532637,0.166003349,65.52463873,37.8
115.121,0.372532637,0.133046802,65.51845022,37.9
115.133,0.372532637,0.133046802,65.51845022,37.9
115.146,0.372532637,0.100090254,65.61845022,37.8
115.159,0.371681133,0.065913094,65.61845022,37.8
115.172,0.372532637,0.032956547,65.61845022,37.8
115.184,0.371681133,0.032956547,65.61845022,37.8
115.197,0.371681133,0,65.61845022,37.8
115.21,0.371681133,0,65.62463873,37.7
115.222,0.372532637,-0.032956547,65.61845022,37.8
115.235,0.372532637,-0.032956547,65.7541511,37.7
115.248,0.372532637,-0.065913094,65.7541511,37.7
115.26,0.371681133,-0.065913094,65.7541511,37.7
115.273,0.372532637,-0.100090254,65.7541511,37.7
115.286,0.372532637,-0.100090254,65.7603396,37.6
115.299,0.371681133,-0.100090254,65.7541511,37.7
115.311,0.371681133,-0.100090254,65.7541511,37.7
115.324,0.372532637,-0.100090254,65.7541511,37.7
115.337,0.372532637,-0.100090254,65.7541511,37.7
115.349,0.371681133,-0.100090254,65.7541511,37.7
115.362,0.371681133,-0.100090254,65.7541511,37.7
115.375,0.372532637,-0.100090254,65.7541511,37.7
115.387,0.371681133,-0.100090254,65.7541511,37.7
115.4,0.371681133,-0.100090254,65.7541511,37.7
115.413,0.371681133,-0.065913094,65.7541511,37.7
115.426,0.372532637,-0.065913094,65.7541511,37.7
115.438,0.372532637,-0.065913094,65.7541511,37.7
115.451,0.371681133,-0.032956547,65.7541511,37.7
115.464,0.372532637,-0.032956547,65.7541511,37.7
115.476,0.372532637,-0.032956547,65.7541511,37.7
115.489,0.371681133,0,65.7541511,37.7
115.502,0.371681133,0,65.7541511,37.7
115.515,0.371681133,0.032956547,65.6541511,37.8
115.527,0.371681133,0.065913094,65.6541511,37.8
115.54,0.371681133,0.065913094,65.6541511,37.8
115.553,0.371681133,0.100090254,65.6541511,37.8
115.565,0.372532637,0.100090254,65.6541511,37.8
115.578,0.372532637,0.100090254,65.6541511,37.8
115.591,0.372532637,0.100090254,65.6541511,37.8
115.603,0.371681133,0.100090254,65.6541511,37.8
115.616,0.371681133,0.100090254,65.6541511,37.8
115.629,0.371681133,0.100090254,65.6541511,37.8
115.642,0.371681133,0.133046802,65.6541511,37.8
115.654,0.371681133,0.100090254,65.6541511,37.8
115.667,0.371681133,0.100090254,65.6541511,37.8
115.68,0.371681133,0.100090254,65.6541511,37.8
115.692,0.371681133,0.100090254,65.68985197,37.8
115.705,0.372532637,0.100090254,65.6541511,37.8
115.718,0.372532637,0.100090254,65.6541511,37.8
115.73,0.372532637,0.065913094,65.7541511,37.7
115.743,0.372532637,0.032956547,65.7541511,37.7
115.756,0.371681133,0,65.7541511,37.7
115.769,0.371681133,-0.032956547,65.7541511,37.7
115.781,0.371681133,-0.065913094,65.7541511,37.7
115.794,0.371681133,-0.100090254,65.7541511,37.7
115.807,0.371681133,-0.133046802,65.7541511,37.7
115.819,0.371681133,-0.166003349,65.7541511,37.7
115.832,0.371681133,-0.166003349,65.8541511,37.6
115.845,0.371681133,-0.198959896,65.8541511,37.6
115.858,0.371681133,-0.198959896,65.8603396,37.5
115.87,0.371681133,-0.231916443,65.8541511,37.6
115.883,0.372532637,-0.26487299,65.81845022,37.6
115.896,0.372532637,-0.299050151,65.81845022,37.6
115.908,0.372532637,-0.332006698,65.81845022,37.6
115.921,0.371681133,-0.364963245,65.91845022,37.5
115.934,0.371681133,-0.397919792,65.91845022,37.5
115.946,0.372532637,-0.397919792,65.91845022,37.5
115.959,0.372532637,-0.463832887,65.91845022,37.5
115.972,0.372532637,-0.498010047,65.91845022,37.5
115.985,0.372532637,-0.530966594,65.91845022,37.5
115.997,0.372532637,-0.563923141,66.01845022,37.4
116.01,0.371681133,-0.596879688,66.01845022,37.4
116.023,0.372532637,-0.662792783,66.01845022,37.4
116.035,0.372532637,-0.696969943,66.01845022,37.4
116.048,0.372532637,-0.72992649,66.01845022,37.4
116.061,0.372532637,-0.762883037,65.98893786,37.3
116.073,0.372532637,-0.795839584,65.98893786,37.3
116.086,0.372532637,-0.828796131,65.98274935,37.4
116.099,0.372532637,-0.862973292,66.08274935,37.3
116.112,0.372532637,-0.895929839,66.08274935,37.3
116.124,0.372532637,-0.895929839,66.08274935,37.3
116.137,0.371681133,-0.928886386,66.08274935,37.3
116.15,0.372532637,-0.961842933,66.08893786,37.2
116.162,0.372532637,-0.961842933,66.08274935,37.3
116.175,0.372532637,-0.99479948,66.08893786,37.2
116.188,0.372532637,-0.99479948,66.05894877,37.3
116.201,0.372532637,-0.99479948,66.06513728,37.2
116.213,0.372532637,-0.99479948,66.05894877,37.3
116.226,0.372532637,-0.99479948,66.06513728,37.2
116.239,0.372532637,-0.961842933,66.05894877,37.3
116.251,0.372532637,-0.928886386,66.06513728,37.2
116.264,0.372532637,-0.928886386,65.95894877,37.4
116.277,0.372532637,-0.862973292,65.96513728,37.3
116.289,0.372532637,-0.828796131,65.95894877,37.4
116.302,0.372532637,-0.762883037,65.98274935,37.4
116.315,0.372532637,-0.696969943,65.98274935,37.4
116.328,0.372532637,-0.629836235,65.88274935,37.5
116.34,0.371681133,-0.563923141,65.88274935,37.5
116.353,0.371681133,-0.498010047,65.88274935,37.5
116.366,0.371681133,-0.430876339,65.88274935,37.5
116.378,0.371681133,-0.332006698,65.81845022,37.6
116.391,0.371681133,-0.231916443,65.81845022,37.6
116.404,0.371681133,-0.166003349,65.71845022,37.7
116.416,0.371681133,-0.065913094,65.7603396,37.6
116.429,0.371681133,0.032956547,65.61845022,37.8
116.442,0.371681133,0.133046802,65.6603396,37.7
116.455,0.37082963,0.198959896,65.5541511,37.9
116.467,0.371681133,0.26487299,65.5603396,37.8
116.48,0.371681133,0.332006698,65.4541511,38
116.493,0.371681133,0.397919792,65.4603396,37.9
116.505,0.371681133,0.463832887,65.4541511,38
116.518,0.371681133,0.530966594,65.3541511,38.1
116.531,0.371681133,0.596879688,65.3541511,38.1
116.544,0.371681133,0.662792783,65.3541511,38.1
116.556,0.371681133,0.72992649,65.2541511,38.2
116.569,0.371681133,0.795839584,65.2603396,38.1
116.582,0.371681133,0.828796131,65.2541511,38.2
116.594,0.37082963,0.895929839,65.1541511,38.3
116.607,0.37082963,0.961842933,65.1541511,38.3
116.62,0.371681133,0.99479948,65.1541511,38.3
116.632,0.371681133,1.061933188,65.0541511,38.4
116.645,0.371681133,1.094889735,65.08985197,38.4
116.658,0.371681133,1.160802829,65.08985197,38.4
116.671,0.371681133,1.193759376,65.08985197,38.4
116.683,0.371681133,1.260893084,65.08985197,38.4
116.696,0.371681133,1.293849631,65.08985197,38.4
116.709,0.371681133,1.359762725,64.98985197,38.5
116.721,0.371681133,1.359762725,65.01365255,38.5
116.734,0.371681133,1.392719272,65.01984106,38.4
116.747,0.372532637,1.426896432,65.04935343,38.5
116.759,0.372532637,1.45985298,65.05554193,38.4
116.772,0.371681133,1.45985298,65.04935343,38.5
116.785,0.371681133,1.45985298,65.01365255,38.5
116.798,0.371681133,1.426896432,65.04935343,38.5
116.81,0.371681133,1.426896432,65.04935343,38.5
116.823,0.371681133,1.392719272,65.04935343,38.5
116.836,0.371681133,1.359762725,65.15554193,38.3
116.848,0.372532637,1.293849631,65.11365255,38.4
116.861,0.371681133,1.226715924,65.11984106,38.3
116.874,0.372532637,1.160802829,65.21365255,38.3
116.887,0.371681133,1.061933188,65.21365255,38.3
116.899,0.371681133,0.961842933,65.28985197,38.2
116.912,0.371681133,0.862973292,65.28985197,38.2
116.925,0.372532637,0.762883037,65.39604048,38
116.937,0.372532637,0.629836235,65.38985197,38.1
116.95,0.372532637,0.530966594,65.49604048,37.9
116.963,0.372532637,0.430876339,65.5541511,37.9
116.975,0.372532637,0.332006698,65.5603396,37.8
116.988,0.372532637,0.231916443,65.6541511,37.8
117.001,0.372532637,0.166003349,65.6541511,37.8
117.014,0.372532637,0.100090254,65.7541511,37.7
117.026,0.371681133,0.032956547,65.7541511,37.7
117.039,0.371681133,-0.032956547,65.7541511,37.7
117.052,0.371681133,-0.100090254,65.8603396,37.5
117.064,0.372532637,-0.133046802,65.8541511,37.6
117.077,0.372532637,-0.198959896,65.9541511,37.5
117.09,0.372532637,-0.299050151,65.9541511,37.5
117.102,0.372532637,-0.364963245,65.9541511,37.5
117.115,0.372532637,-0.463832887,66.02463873,37.3
117.128,0.371681133,-0.530966594,66.01845022,37.4
117.141,0.372532637,-0.629836235,66.12463873,37.2
117.153,0.372532637,-0.762883037,66.11845022,37.3
117.166,0.372532637,-0.862973292,66.08893786,37.2
117.179,0.372532637,-0.99479948,66.15894877,37.2
117.191,0.372532637,-1.094889735,66.16513728,37.1
117.204,0.372532637,-1.226715924,66.15894877,37.2
117.217,0.372532637,-1.359762725,66.2294364,37
117.23,0.372958388,-1.492809527,66.18754702,37.1
117.242,0.372958388,-1.625856329,66.16993495,37
117.255,0.372532637,-1.757682517,66.12804557,37.1
117.268,0.372532637,-1.857772772,66.22804557,37
117.28,0.372958388,-1.956642413,66.19234469,37
117.293,0.372958388,-2.056732668,66.15664382,37
117.306,0.372958388,-2.155602309,66.13284324,37
117.318,0.372958388,-2.288649111,66.23284324,36.9
117.331,0.372958388,-2.388739366,66.23903174,36.8
117.344,0.372958388,-2.487609007,66.19714236,36.9
117.357,0.372958388,-2.587699262,66.30333087,36.7
117.369,0.372958388,-2.653612356,66.26144149,36.8
117.382,0.372958388,-2.752481998,66.26763,36.7
117.395,0.372958388,-2.819615705,66.26144149,36.8
117.407,0.373809891,-2.852572252,66.36763,36.6
117.42,0.372958388,-2.885528799,66.32574062,36.7
117.433,0.373809891,-2.918485347,66.33192912,36.6
117.445,0.373809891,-2.918485347,66.32574062,36.7
117.458,0.373809891,-2.885528799,66.33192912,36.6
117.471,0.373809891,-2.852572252,66.32574062,36.7
117.484,0.372958388,-2.819615705,66.23192912,36.7
117.496,0.372958388,-2.71952545,66.26144149,36.8
117.509,0.372958388,-2.620655809,66.26763,36.7
117.522,0.372958388,-2.520565554,66.16144149,36.9
117.534,0.372958388,-2.388739366,66.16763,36.8
117.547,0.372958388,-2.222736017,66.09714236,37
117.56,0.372532637,-2.089689215,66.09714236,37
117.572,0.372532637,-1.956642413,65.99714236,37.1
117.585,0.372532637,-1.790639065,65.93284324,37.2
117.598,0.371681133,-1.658812876,65.93284324,37.2
117.611,0.371681133,-1.492809527,65.85664382,37.3
117.623,0.371681133,-1.359762725,65.7985332,37.3
117.636,0.37082963,-1.226715924,65.79234469,37.4
117.649,0.37082963,-1.061933188,65.6985332,37.4
117.661,0.37082963,-0.928886386,65.62804557,37.6
117.674,0.37082963,-0.828796131,65.63423407,37.5
117.687,0.37082963,-0.696969943,65.52804557,37.7
117.7,0.37082963,-0.563923141,65.56993495,37.6
117.712,0.37082963,-0.430876339,65.48754702,37.8
117.725,0.37082963,-0.299050151,65.38754702,37.9
117.738,0.370403879,-0.198959896,65.42324789,37.9
117.75,0.37082963,-0.100090254,65.32324789,38
117.763,0.37082963,0,65.32324789,38
117.776,0.370403879,0.065913094,65.35894877,38
117.788,0.370403879,0.166003349,65.25894877,38.1
117.801,0.370403879,0.231916443,65.28274935,38.1
117.814,0.370403879,0.299050151,65.28893786,38
117.827,0.37082963,0.364963245,65.21845022,38.2
117.839,0.371681133,0.463832887,65.22463873,38.1
117.852,0.37082963,0.530966594,65.2541511,38.2
117.865,0.37082963,0.596879688,65.2603396,38.1
117.877,0.37082963,0.662792783,65.1541511,38.3
117.89,0.37082963,0.762883037,65.1541511,38.3
117.903,0.37082963,0.828796131,65.1541511,38.3
117.915,0.37082963,0.895929839,65.1603396,38.2
117.928,0.37082963,0.928886386,65.0541511,38.4
117.941,0.37082963,0.99479948,65.08985197,38.4
117.954,0.37082963,1.061933188,65.08985197,38.4
117.966,0.37082963,1.094889735,65.08985197,38.4
117.979,0.37082963,1.127846282,65.08985197,38.4
117.992,0.371681133,1.160802829,65.08985197,38.4
118.004,0.371681133,1.193759376,64.99604048,38.4
118.017,0.371681133,1.226715924,64.98985197,38.5
118.03,0.37082963,1.260893084,65.01984106,38.4
118.043,0.371681133,1.260893084,64.98985197,38.5
118.055,0.371681133,1.260893084,64.99604048,38.4
118.068,0.371681133,1.260893084,65.11365255,38.4
118.081,0.371681133,1.260893084,65.11984106,38.3
118.093,0.371681133,1.226715924,65.11365255,38.4
118.106,0.371681133,1.193759376,65.09604048,38.3
118.119,0.371681133,1.160802829,65.08985197,38.4
118.131,0.371681133,1.094889735,65.19604048,38.2
118.144,0.371681133,0.99479948,65.18985197,38.3
118.157,0.371681133,0.895929839,65.19604048,38.2
118.17,0.371681133,0.795839584,65.28985197,38.2
118.182,0.371681133,0.72992649,65.2541511,38.2
118.195,0.372532637,0.629836235,65.3541511,38.1
118.208,0.372532637,0.498010047,65.3541511,38.1
118.22,0.371681133,0.397919792,65.4603396,37.9
118.233,0.371681133,0.299050151,65.51845022,37.9
118.246,0.371681133,0.198959896,65.52463873,37.8
118.258,0.371681133,0.133046802,65.61845022,37.8
118.271,0.371681133,0.065913094,65.62463873,37.7
118.284,0.371681133,0.032956547,65.71845022,37.7
118.297,0.371681133,-0.032956547,65.72463873,37.6
118.309,0.371681133,-0.065913094,65.71845022,37.7
118.322,0.371681133,-0.133046802,65.82463873,37.5
118.335,0.371681133,-0.166003349,65.81226172,37.7
118.347,0.371681133,-0.231916443,65.82463873,37.5
118.36,0.372532637,-0.299050151,65.91845022,37.5
118.373,0.371681133,-0.364963245,65.92463873,37.4
118.386,0.371681133,-0.397919792,65.91845022,37.5
118.398,0.371681133,-0.463832887,66.02463873,37.3
118.411,0.371681133,-0.563923141,66.01845022,37.4
118.424,0.371681133,-0.629836235,65.98274935,37.4
118.436,0.372532637,-0.696969943,65.98274935,37.4
118.449,0.371681133,-0.762883037,66.08274935,37.3
118.462,0.372532637,-0.828796131,66.08274935,37.3
118.474,0.372532637,-0.895929839,66.08274935,37.3
118.487,0.372532637,-0.961842933,66.06513728,37.2
118.5,0.372532637,-0.99479948,66.05894877,37.3
118.513,0.372532637,-1.061933188,66.16513728,37.1
118.525,0.372532637,-1.094889735,66.15894877,37.2
118.538,0.372532637,-1.127846282,66.16513728,37.1
118.551,0.372958388,-1.160802829,66.15894877,37.2
118.563,0.372958388,-1.160802829,66.12324789,37.2
118.576,0.372532637,-1.160802829,66.12324789,37.2
118.589,0.372958388,-1.160802829,66.12324789,37.2
118.602,0.372958388,-1.160802829,66.12324789,37.2
118.614,0.372958388,-1.127846282,66.0294364,37.2
118.627,0.372532637,-1.061933188,66.05894877,37.3
118.64,0.372532637,-1.027756028,66.05894877,37.3
118.652,0.372532637,-0.928886386,66.05894877,37.3
118.665,0.372532637,-0.862973292,66.05894877,37.3
118.678,0.372532637,-0.795839584,65.96513728,37.3
118.69,0.372532637,-0.72992649,65.95894877,37.4
118.703,0.372532637,-0.629836235,65.96513728,37.3
118.716,0.372532637,-0.530966594,65.88274935,37.5
118.729,0.372532637,-0.430876339,65.88893786,37.4
118.741,0.372532637,-0.332006698,65.81845022,37.6
118.754,0.372532637,-0.231916443,65.82463873,37.5
118.767,0.372532637,-0.133046802,65.71845022,37.7
118.779,0.371681133,-0.032956547,65.72463873,37.6
118.792,0.371681133,0.032956547,65.61845022,37.8
118.805,0.371681133,0.133046802,65.61845022,37.8
118.817,0.371681133,0.231916443,65.5541511,37.9
118.83,0.37082963,0.299050151,65.5541511,37.9
118.843,0.371681133,0.397919792,65.4541511,38
118.856,0.371681133,0.463832887,65.4541511,38
118.868,0.371681133,0.530966594,65.3603396,38
118.881,0.37082963,0.629836235,65.3541511,38.1
118.894,0.371681133,0.662792783,65.3603396,38
118.906,0.37082963,0.762883037,65.2541511,38.2
118.919,0.371681133,0.828796131,65.2603396,38.1
118.932,0.37082963,0.895929839,65.14796259,38.4
118.944,0.371681133,0.961842933,65.1603396,38.2
118.957,0.371681133,1.027756028,65.14796259,38.4
118.97,0.371681133,1.094889735,65.1603396,38.2
118.983,0.371681133,1.160802829,65.08985197,38.4
118.995,0.371681133,1.226715924,65.09604048,38.3
119.008,0.371681133,1.293849631,65.08985197,38.4
119.021,0.371681133,1.359762725,65.01984106,38.4
119.033,0.371681133,1.426896432,65.01365255,38.5
119.046,0.371681133,1.492809527,65.04935343,38.5
119.059,0.371681133,1.591679168,65.05554193,38.4
119.072,0.371681133,1.658812876,65.0850543,38.5
119.084,0.372532637,1.757682517,64.99124281,38.5
119.097,0.372532637,1.824816225,65.00885488,38.6
119.11,0.372532637,1.890729319,65.01504339,38.5
119.122,0.371681133,1.956642413,65.04455575,38.6
119.135,0.372532637,2.056732668,65.05074426,38.5
119.148,0.372532637,2.122645762,65.07406812,38.7
119.16,0.372532637,2.18977947,65.08644514,38.5
119.173,0.372532637,2.222736017,65.08025663,38.6
119.186,0.372532637,2.288649111,65.02214601,38.6
119.199,0.372532637,2.354562206,65.0159575,38.7
119.211,0.372532637,2.388739366,65.04594659,38.6
119.224,0.372532637,2.421695913,65.03975808,38.7
119.237,0.372532637,2.421695913,65.03975808,38.7
119.249,0.372532637,2.45465246,65.03975808,38.7
119.262,0.372532637,2.45465246,65.17545896,38.6
119.275,0.372532637,2.421695913,65.17545896,38.6
119.287,0.371681133,2.421695913,65.13975808,38.6
119.3,0.371681133,2.421695913,65.14594659,38.5
119.313,0.371681133,2.388739366,65.13975808,38.6
119.326,0.372532637,2.354562206,65.14594659,38.5
119.338,0.372532637,2.288649111,65.13975808,38.6
119.351,0.372532637,2.222736017,65.24594659,38.4
119.364,0.372532637,2.155602309,65.23975808,38.5
119.376,0.372532637,2.056732668,65.22214601,38.4
119.389,0.372532637,1.956642413,65.3159575,38.4
119.402,0.372532637,1.857772772,65.3159575,38.4
119.415,0.372958388,1.790639065,65.4159575,38.3
119.427,0.372532637,1.658812876,65.38025663,38.3
119.44,0.372532637,1.558722621,65.48025663,38.2
119.453,0.372532637,1.45985298,65.58025663,38.1
119.465,0.372532637,1.326806178,65.55074426,38
119.478,0.372532637,1.226715924,65.64455575,38
119.491,0.372532637,1.127846282,65.65074426,37.9
119.503,0.372532637,0.99479948,65.74455575,37.9
119.516,0.372958388,0.928886386,65.71504339,37.8
119.529,0.372532637,0.828796131,65.80885488,37.8
119.542,0.372532637,0.762883037,65.81504339,37.7
119.554,0.372532637,0.662792783,65.8850543,37.7
119.567,0.372532637,0.596879688,65.89124281,37.6
119.58,0.372532637,0.530966594,65.8850543,37.7
119.592,0.372532637,0.463832887,65.99124281,37.5
119.605,0.372532637,0.397919792,65.94935343,37.6
119.618,0.372532637,0.332006698,65.95554193,37.5
119.63,0.372532637,0.26487299,66.04935343,37.5
119.643,0.372532637,0.198959896,66.04935343,37.5
119.656,0.372532637,0.166003349,66.01984106,37.4
119.669,0.372532637,0.100090254,66.11365255,37.4
119.681,0.372958388,0.032956547,66.11984106,37.3
119.694,0.372532637,0,66.11365255,37.4
119.707,0.372532637,-0.065913094,66.11984106,37.3
119.719,0.372532637,-0.100090254,66.10746405,37.5
119.732,0.372958388,-0.133046802,66.19604048,37.2
119.745,0.372532637,-0.166003349,66.18366346,37.4
119.758,0.372532637,-0.198959896,66.19604048,37.2
119.77,0.372532637,-0.231916443,66.18985197,37.3
119.783,0.372532637,-0.26487299,66.1603396,37.2
119.796,0.372532637,-0.299050151,66.1541511,37.3
119.808,0.372532637,-0.332006698,66.1603396,37.2
119.821,0.372532637,-0.364963245,66.1541511,37.3
119.834,0.372532637,-0.397919792,66.1541511,37.3
119.846,0.372532637,-0.430876339,66.2541511,37.2
119.859,0.372532637,-0.463832887,66.21845022,37.2
119.872,0.372532637,-0.498010047,66.22463873,37.1
119.885,0.372532637,-0.530966594,66.21845022,37.2
119.897,0.371681133,-0.530966594,66.22463873,37.1
119.91,0.372532637,-0.563923141,66.21845022,37.2
119.923,0.372532637,-0.563923141,66.22463873,37.1
119.935,0.372532637,-0.563923141,66.21226172,37.3
119.948,0.372532637,-0.563923141,66.22463873,37.1
119.961,0.372532637,-0.530966594,66.21845022,37.2
119.973,0.372532637,-0.530966594,66.12463873,37.2
119.986,0.372532637,-0.498010047,66.11845022,37.3
119.999,0.372532637,-0.463832887,66.12463873,37.2
120.012,0.372532637,-0.430876339,66.11845022,37.3
120.024,0.372532637,-0.364963245,66.11845022,37.3
120.037,0.372532637,-0.332006698,66.01845022,37.4
120.05,0.372532637,-0.231916443,66.01845022,37.4
120.062,0.372532637,-0.198959896,66.02463873,37.3
120.075,0.372532637,-0.133046802,66.0541511,37.4
120.088,0.372532637,-0.065913094,65.9603396,37.4
120.101,0.372532637,0,65.9541511,37.5
120.113,0.372532637,0.065913094,65.9603396,37.4
120.126,0.372532637,0.133046802,65.9541511,37.5
120.139,0.372532637,0.166003349,65.8603396,37.5
120.151,0.371681133,0.198959896,65.8541511,37.6
120.164,0.371681133,0.231916443,65.8603396,37.5
120.177,0.371681133,0.299050151,65.8541511,37.6
120.189,0.371681133,0.299050151,65.7541511,37.7
120.202,0.371681133,0.332006698,65.78985197,37.7
120.215,0.371681133,0.364963245,65.78985197,37.7
120.228,0.371681133,0.397919792,65.7541511,37.7
120.24,0.371681133,0.430876339,65.7541511,37.7
120.253,0.371681133,0.430876339,65.7603396,37.6
120.266,0.371681133,0.463832887,65.6541511,37.8
120.278,0.371681133,0.498010047,65.6603396,37.7
120.291,0.371681133,0.498010047,65.64796259,37.9
120.304,0.371681133,0.498010047,65.6603396,37.7
120.316,0.371681133,0.530966594,65.64796259,37.9
120.329,0.372532637,0.530966594,65.6603396,37.7
120.342,0.372532637,0.498010047,65.6541511,37.8
120.355,0.372532637,0.498010047,65.6603396,37.7
120.367,0.371681133,0.498010047,65.6541511,37.8
120.38,0.371681133,0.498010047,65.6603396,37.7
120.393,0.371681133,0.463832887,65.6541511,37.8
120.405,0.371681133,0.463832887,65.6603396,37.7
120.418,0.371681133,0.430876339,65.7541511,37.7
120.431,0.371681133,0.397919792,65.7541511,37.7
120.444,0.371681133,0.364963245,65.7541511,37.7
120.456,0.371681133,0.332006698,65.71845022,37.7
120.469,0.372532637,0.299050151,65.72463873,37.6
120.482,0.371681133,0.26487299,65.71845022,37.7
120.494,0.371681133,0.231916443,65.82463873,37.5
120.507,0.371681133,0.198959896,65.81226172,37.7
120.52,0.371681133,0.166003349,65.82463873,37.5
120.532,0.371681133,0.133046802,65.81226172,37.7
120.545,0.371681133,0.065913094,65.82463873,37.5
120.558,0.371681133,0.032956547,65.81845022,37.6
120.571,0.372532637,0,65.88893786,37.4
120.583,0.371681133,-0.065913094,65.88274935,37.5
120.596,0.371681133,-0.100090254,65.88893786,37.4
120.609,0.371681133,-0.133046802,65.88274935,37.5
120.621,0.372532637,-0.166003349,65.88893786,37.4
120.634,0.372532637,-0.231916443,65.98274935,37.4
120.647,0.372532637,-0.26487299,65.98274935,37.4
120.659,0.372532637,-0.299050151,65.98893786,37.3
120.672,0.372532637,-0.332006698,65.98274935,37.4
120.685,0.371681133,-0.364963245,66.08893786,37.2
120.698,0.372532637,-0.397919792,66.08274935,37.3
120.71,0.372532637,-0.430876339,66.08893786,37.2
120.723,0.372532637,-0.430876339,66.08274935,37.3
120.736,0.372532637,-0.463832887,66.08893786,37.2
120.748,0.372532637,-0.463832887,66.08274935,37.3
120.761,0.372532637,-0.498010047,66.18893786,37.1
120.774,0.372532637,-0.530966594,66.18274935,37.2
120.787,0.372532637,-0.563923141,66.18893786,37.1
120.799,0.372532637,-0.596879688,66.18274935,37.2
120.812,0.372532637,-0.596879688,66.18274935,37.2
120.825,0.372532637,-0.596879688,66.18274935,37.2
120.837,0.372532637,-0.596879688,66.18274935,37.2
120.85,0.372532637,-0.596879688,66.18893786,37.1
120.863,0.372532637,-0.629836235,66.18274935,37.2
120.875,0.372532637,-0.629836235,66.18893786,37.1
120.888,0.372532637,-0.629836235,66.18274935,37.2
120.901,0.372532637,-0.629836235,66.18893786,37.1
120.914,0.372532637,-0.629836235,66.18274935,37.2
120.926,0.372532637,-0.629836235,66.18893786,37.1
120.939,0.372532637,-0.629836235,66.18274935,37.2
120.952,0.372532637,-0.629836235,66.18893786,37.1
120.964,0.372532637,-0.596879688,66.18274935,37.2
120.977,0.372532637,-0.596879688,66.18893786,37.1
120.99,0.372532637,-0.563923141,66.18274935,37.2
121.002,0.371681133,-0.563923141,66.08274935,37.3
121.015,0.372532637,-0.530966594,66.08274935,37.3
121.028,0.372532637,-0.498010047,66.08274935,37.3
121.041,0.371681133,-0.498010047,66.08893786,37.2
121.053,0.371681133,-0.463832887,66.08274935,37.3
121.066,0.371681133,-0.430876339,66.12463873,37.2
121.079,0.372532637,-0.397919792,66.08274935,37.3
121.091,0.372532637,-0.364963245,66.12463873,37.2
121.104,0.372532637,-0.332006698,66.11845022,37.3
121.117,0.372532637,-0.332006698,66.12463873,37.2
121.13,0.372532637,-0.299050151,66.01226172,37.5
121.142,0.372532637,-0.26487299,66.02463873,37.3
121.155,0.372532637,-0.231916443,66.01845022,37.4
121.168,0.371681133,-0.198959896,66.0603396,37.3
121.18,0.371681133,-0.166003349,66.0541511,37.4
121.193,0.371681133,-0.133046802,66.0603396,37.3
121.206,0.371681133,-0.133046802,66.0541511,37.4
121.218,0.372532637,-0.100090254,66.0603396,37.3
121.231,0.371681133,-0.100090254,66.0603396,37.3
121.244,0.371681133,-0.065913094,66.01845022,37.4
121.257,0.372532637,-0.065913094,65.92463873,37.4
121.269,0.372532637,-0.032956547,65.91845022,37.5
121.282,0.371681133,0,65.92463873,37.4
121.295,0.371681133,0,65.9541511,37.5
121.307,0.371681133,0,65.9603396,37.4
121.32,0.372532637,0.032956547,65.9541511,37.5
121.333,0.372532637,0.032956547,65.96652811,37.3
121.345,0.371681133,0.032956547,65.9541511,37.5
121.358,0.371681133,0.032956547,65.9603396,37.4
121.371,0.371681133,0.032956547,65.94796259,37.6
121.384,0.371681133,0.065913094,65.9603396,37.4
121.396,0.371681133,0.032956547,65.9541511,37.5
121.409,0.372532637,0.032956547,65.9603396,37.4
121.422,0.372532637,0.032956547,65.9541511,37.5
121.434,0.372532637,0.032956547,65.9603396,37.4
121.447,0.372532637,0.032956547,65.9541511,37.5
121.46,0.372532637,0.032956547,65.9603396,37.4
121.473,0.372532637,0.032956547,65.9541511,37.5
121.485,0.371681133,0.032956547,65.9541511,37.5
121.498,0.371681133,0.032956547,65.91845022,37.5
121.511,0.371681133,0,65.9541511,37.5
121.523,0.371681133,0,65.9603396,37.4
121.536,0.372532637,0.032956547,65.9541511,37.5
121.549,0.372532637,0.032956547,65.92463873,37.4
121.561,0.371681133,0,65.9541511,37.5
121.574,0.372532637,0,65.9603396,37.4
121.587,0.371681133,0,65.9541511,37.5
121.6,0.371681133,0,65.9603396,37.4
121.612,0.371681133,0,65.9541511,37.5
121.625,0.371681133,0,65.9603396,37.4
121.638,0.371681133,0,65.9541511,37.5
121.65,0.372532637,0,65.9603396,37.4
121.663,0.372532637,0,65.9541511,37.5
121.676,0.372532637,0,65.9603396,37.4
121.688,0.371681133,0,65.9541511,37.5
121.701,0.372532637,0,65.9603396,37.4
121.714,0.371681133,0,65.9603396,37.4
121.727,0.371681133,0,65.9541511,37.5
121.739,0.371681133,0,65.9603396,37.4
121.752,0.371681133,0.032956547,65.9541511,37.5
121.765,0.371681133,0,65.91845022,37.5
121.777,0.371681133,0.032956547,65.91845022,37.5
121.79,0.371681133,0.032956547,65.92463873,37.4
121.803,0.371681133,0.032956547,65.9541511,37.5
121.816,0.371681133,0.032956547,65.9603396,37.4
121.828,0.372532637,0.032956547,65.9541511,37.5
121.841,0.371681133,0.065913094,65.9603396,37.4
121.854,0.371681133,0.065913094,65.9541511,37.5
121.866,0.371681133,0.065913094,65.9603396,37.4
121.879,0.371681133,0.100090254,65.91845022,37.5
121.892,0.371681133,0.100090254,65.9603396,37.4
121.904,0.371681133,0.133046802,65.9541511,37.5
121.917,0.371681133,0.133046802,65.9603396,37.4
121.93,0.371681133,0.166003349,65.9541511,37.5
121.943,0.371681133,0.166003349,65.9603396,37.4
121.955,0.371681133,0.198959896,65.8541511,37.6
121.968,0.371681133,0.198959896,65.8541511,37.6
121.981,0.371681133,0.231916443,65.8541511,37.6
121.993,0.371681133,0.231916443,65.8541511,37.6
122.006,0.371681133,0.26487299,65.8603396,37.5
122.019,0.371681133,0.26487299,65.8541511,37.6
122.031,0.371681133,0.299050151,65.8603396,37.5
122.044,0.371681133,0.299050151,65.8541511,37.6
122.057,0.371681133,0.299050151,65.8541511,37.6
122.07,0.371681133,0.299050151,65.8541511,37.6
122.082,0.371681133,0.332006698,65.82463873,37.5
122.095,0.371681133,0.332006698,65.8541511,37.6
122.108,0.371681133,0.332006698,65.8603396,37.5
122.12,0.371681133,0.364963245,65.8541511,37.6
122.133,0.371681133,0.364963245,65.7603396,37.6
122.146,0.371681133,0.364963245,65.71845022,37.7
122.159,0.371681133,0.364963245,65.7541511,37.7
122.171,0.371681133,0.364963245,65.7541511,37.7
122.184,0.371681133,0.397919792,65.7541511,37.7
122.197,0.371681133,0.397919792,65.71845022,37.7
122.209,0.371681133,0.397919792,65.72463873,37.6
122.222,0.371681133,0.397919792,65.71845022,37.7
122.235,0.371681133,0.397919792,65.7541511,37.7
122.247,0.371681133,0.397919792,65.71845022,37.7
122.26,0.371681133,0.397919792,65.7541511,37.7
122.273,0.371681133,0.397919792,65.7541511,37.7
122.286,0.371681133,0.397919792,65.7541511,37.7
122.298,0.371681133,0.397919792,65.7603396,37.6
122.311,0.371681133,0.397919792,65.7541511,37.7
122.324,0.371681133,0.397919792,65.72463873,37.6
122.336,0.371681133,0.397919792,65.71845022,37.7
122.349,0.371681133,0.397919792,65.71845022,37.7
122.362,0.371681133,0.397919792,65.71845022,37.7
122.374,0.371681133,0.397919792,65.72463873,37.6
122.387,0.371681133,0.397919792,65.71845022,37.7
122.4,0.371681133,0.397919792,65.72463873,37.6
122.413,0.371681133,0.397919792,65.71845022,37.7
122.425,0.371681133,0.397919792,65.72463873,37.6
122.438,0.371681133,0.364963245,65.71845022,37.7
122.451,0.371681133,0.364963245,65.71845022,37.7
122.463,0.371681133,0.364963245,65.71845022,37.7
122.476,0.371681133,0.364963245,65.71845022,37.7
122.489,0.371681133,0.364963245,65.7541511,37.7
122.502,0.371681133,0.364963245,65.71845022,37.7
122.514,0.372532637,0.364963245,65.81845022,37.6
122.527,0.372532637,0.364963245,65.81845022,37.6
122.54,0.372532637,0.332006698,65.8541511,37.6
122.552,0.372958388,0.332006698,65.8541511,37.6
122.565,0.372532637,0.332006698,65.8541511,37.6
122.578,0.372532637,0.332006698,65.8541511,37.6
122.59,0.371681133,0.332006698,65.82463873,37.5
122.603,0.371681133,0.299050151,65.81845022,37.6
122.616,0.371681133,0.299050151,65.82463873,37.5
122.629,0.371681133,0.26487299,65.81845022,37.6
122.641,0.371681133,0.26487299,65.81845022,37.6
122.654,0.372532637,0.231916443,65.81845022,37.6
122.667,0.371681133,0.231916443,65.81845022,37.6
122.679,0.371681133,0.198959896,65.81845022,37.6
122.692,0.371681133,0.198959896,65.81845022,37.6
122.705,0.371681133,0.198959896,65.81845022,37.6
122.717,0.371681133,0.166003349,65.82463873,37.5
122.73,0.371681133,0.133046802,65.81845022,37.6
122.743,0.371681133,0.133046802,65.91845022,37.5
122.756,0.371681133,0.100090254,65.91845022,37.5
122.768,0.371681133,0.100090254,65.91845022,37.5
122.781,0.371681133,0.065913094,65.91845022,37.5
122.794,0.371681133,0.065913094,65.92463873,37.4
122.806,0.371681133,0.032956547,65.91845022,37.5
122.819,0.371681133,0.032956547,65.91845022,37.5
122.832,0.371681133,0,65.91845022,37.5
122.845,0.371681133,-0.032956547,65.88274935,37.5
122.857,0.371681133,-0.032956547,65.88274935,37.5
122.87,0.372532637,-0.065913094,65.88274935,37.5
122.883,0.372532637,-0.065913094,65.88274935,37.5
122.895,0.372532637,-0.100090254,65.88893786,37.4
122.908,0.371681133,-0.100090254,65.98274935,37.4
122.921,0.372532637,-0.133046802,65.98893786,37.3
122.933,0.372532637,-0.133046802,65.98274935,37.4
122.946,0.372532637,-0.166003349,65.98274935,37.4
122.959,0.371681133,-0.198959896,65.98274935,37.4
122.972,0.371681133,-0.198959896,65.98893786,37.3
122.984,0.371681133,-0.231916443,65.98274935,37.4
122.997,0.372532637,-0.26487299,65.98893786,37.3
123.01,0.371681133,-0.26487299,65.98274935,37.4
123.022,0.372532637,-0.299050151,66.08893786,37.2
123.035,0.371681133,-0.332006698,66.08274935,37.3
123.048,0.371681133,-0.332006698,66.08274935,37.3
123.06,0.371681133,-0.364963245,66.08274935,37.3
123.073,0.371681133,-0.397919792,66.08274935,37.3
123.086,0.371681133,-0.397919792,66.08274935,37.3
123.099,0.372532637,-0.430876339,66.08893786,37.2
123.111,0.372532637,-0.430876339,66.08274935,37.3
123.124,0.372532637,-0.463832887,66.18274935,37.2
123.137,0.372532637,-0.498010047,66.18274935,37.2
123.149,0.371681133,-0.530966594,66.18274935,37.2
123.162,0.372532637,-0.530966594,66.18274935,37.2
123.175,0.372532637,-0.563923141,66.18274935,37.2
123.188,0.372532637,-0.563923141,66.18893786,37.1
123.2,0.372532637,-0.563923141,66.18274935,37.2
123.213,0.372532637,-0.596879688,66.18893786,37.1
123.226,0.372532637,-0.629836235,66.18274935,37.2
123.238,0.372532637,-0.629836235,66.18893786,37.1
123.251,0.372532637,-0.662792783,66.18274935,37.2
123.264,0.372532637,-0.662792783,66.28893786,37
123.276,0.372532637,-0.662792783,66.28274935,37.1
123.289,0.372532637,-0.696969943,66.28893786,37
123.302,0.372532637,-0.696969943,66.28274935,37.1
123.315,0.372532637,-0.696969943,66.28893786,37
123.327,0.372532637,-0.696969943,66.28274935,37.1
123.34,0.372532637,-0.696969943,66.28893786,37
123.353,0.372532637,-0.696969943,66.28274935,37.1
123.365,0.372532637,-0.696969943,66.28893786,37
123.378,0.372532637,-0.696969943,66.28274935,37.1
123.391,0.372532637,-0.696969943,66.28893786,37
123.403,0.372532637,-0.696969943,66.28274935,37.1
123.416,0.372532637,-0.696969943,66.18893786,37.1
123.429,0.372532637,-0.696969943,66.28274935,37.1
123.442,0.372532637,-0.696969943,66.18274935,37.2
123.454,0.372532637,-0.696969943,66.18893786,37.1
123.467,0.372532637,-0.696969943,66.18274935,37.2
123.48,0.372532637,-0.662792783,66.18893786,37.1
123.492,0.372532637,-0.662792783,66.18274935,37.2
123.505,0.372532637,-0.629836235,66.18893786,37.1
123.518,0.372532637,-0.629836235,66.18274935,37.2
123.531,0.372532637,-0.596879688,66.18893786,37.1
123.543,0.372532637,-0.563923141,66.18274935,37.2
123.556,0.372532637,-0.563923141,66.18893786,37.1
123.569,0.372532637,-0.530966594,66.18274935,37.2
123.581,0.372532637,-0.498010047,66.18893786,37.1
123.594,0.372532637,-0.463832887,66.18274935,37.2
123.607,0.372532637,-0.463832887,66.18893786,37.1
123.619,0.372532637,-0.430876339,66.08274935,37.3
123.632,0.372532637,-0.397919792,66.08893786,37.2
123.645,0.372532637,-0.397919792,66.08274935,37.3
123.658,0.372532637,-0.364963245,66.12463873,37.2
123.67,0.372532637,-0.332006698,66.11845022,37.3
123.683,0.372532637,-0.332006698,66.12463873,37.2
123.696,0.372532637,-0.299050151,66.11845022,37.3
123.708,0.371681133,-0.26487299,66.11845022,37.3
123.721,0.371681133,-0.26487299,66.11845022,37.3
123.734,0.371681133,-0.231916443,66.11845022,37.3
123.746,0.371681133,-0.231916443,66.11845022,37.3
123.759,0.371681133,-0.198959896,66.11845022,37.3
123.772,0.372532637,-0.198959896,66.02463873,37.3
123.785,0.371681133,-0.198959896,66.01845022,37.4
123.797,0.372532637,-0.198959896,66.02463873,37.3
123.81,0.371681133,-0.166003349,66.01845022,37.4
123.823,0.372532637,-0.166003349,66.01845022,37.4
123.835,0.372532637,-0.166003349,66.01845022,37.4
123.848,0.372532637,-0.166003349,66.01845022,37.4
123.861,0.371681133,-0.166003349,66.01845022,37.4
123.874,0.371681133,-0.166003349,66.02463873,37.3
123.886,0.371681133,-0.166003349,66.01845022,37.4
123.899,0.371681133,-0.166003349,66.01845022,37.4
123.912,0.371681133,-0.166003349,66.01845022,37.4
123.924,0.371681133,-0.166003349,66.01845022,37.4
123.937,0.371681133,-0.198959896,66.11845022,37.3
123.95,0.371681133,-0.198959896,66.11845022,37.3
123.962,0.371681133,-0.231916443,66.12463873,37.2
123.975,0.371681133,-0.231916443,66.11845022,37.3
123.988,0.372532637,-0.26487299,66.12463873,37.2
124.001,0.371681133,-0.26487299,66.11845022,37.3
124.013,0.371681133,-0.299050151,66.12463873,37.2
124.026,0.371681133,-0.299050151,66.11845022,37.3
124.039,0.372532637,-0.332006698,66.11845022,37.3
124.051,0.371681133,-0.364963245,66.08274935,37.3
124.064,0.372532637,-0.364963245,66.11845022,37.3
124.077,0.372532637,-0.397919792,66.08274935,37.3
124.089,0.372532637,-0.397919792,66.08274935,37.3
124.102,0.372532637,-0.397919792,66.08274935,37.3
124.115,0.372532637,-0.430876339,66.18274935,37.2
124.128,0.372532637,-0.463832887,66.18274935,37.2
124.14,0.371681133,-0.463832887,66.18274935,37.2
124.153,0.371681133,-0.463832887,66.18274935,37.2
124.166,0.371681133,-0.498010047,66.18274935,37.2
124.178,0.372532637,-0.530966594,66.18274935,37.2
124.191,0.371681133,-0.530966594,66.18274935,37.2
124.204,0.372532637,-0.563923141,66.18893786,37.1
124.217,0.371681133,-0.563923141,66.18274935,37.2
124.229,0.372532637,-0.563923141,66.18893786,37.1
124.242,0.372532637,-0.596879688,66.18274935,37.2
124.255,0.372532637,-0.596879688,66.18893786,37.1
124.267,0.371681133,-0.596879688,66.18274935,37.2
124.28,0.372532637,-0.596879688,66.18893786,37.1
124.293,0.372532637,-0.629836235,66.18274935,37.2
124.305,0.372532637,-0.629836235,66.18893786,37.1
124.318,0.372532637,-0.629836235,66.18274935,37.2
124.331,0.372532637,-0.629836235,66.18893786,37.1
124.344,0.372532637,-0.629836235,66.18274935,37.2
124.356,0.372532637,-0.629836235,66.18893786,37.1
124.369,0.372532637,-0.629836235,66.18274935,37.2
124.382,0.372532637,-0.629836235,66.18274935,37.2
124.394,0.372532637,-0.596879688,66.15894877,37.2
124.407,0.372532637,-0.563923141,66.15894877,37.2
124.42,0.372532637,-0.563923141,66.15894877,37.2
124.432,0.371681133,-0.530966594,66.18274935,37.2
124.445,0.371681133,-0.498010047,66.18893786,37.1
124.458,0.371681133,-0.463832887,66.18274935,37.2
124.471,0.372532637,-0.430876339,66.18893786,37.1
124.483,0.372532637,-0.397919792,66.08274935,37.3
124.496,0.372532637,-0.364963245,66.08893786,37.2
124.509,0.371681133,-0.332006698,66.11845022,37.3
124.521,0.371681133,-0.299050151,66.12463873,37.2
124.534,0.371681133,-0.26487299,66.11845022,37.3
124.547,0.372532637,-0.198959896,66.12463873,37.2
124.56,0.372532637,-0.166003349,66.01845022,37.4
124.572,0.372532637,-0.100090254,66.02463873,37.3
124.585,0.372532637,-0.065913094,66.01845022,37.4
124.598,0.372532637,0,66.02463873,37.3
124.61,0.372532637,0.065913094,65.9541511,37.5
124.623,0.371681133,0.100090254,65.9541511,37.5
124.636,0.371681133,0.166003349,65.9541511,37.5
124.648,0.371681133,0.198959896,65.9603396,37.4
124.661,0.371681133,0.26487299,65.8541511,37.6
124.674,0.371681133,0.299050151,65.8603396,37.5
124.687,0.371681133,0.332006698,65.8541511,37.6
124.699,0.371681133,0.397919792,65.8541511,37.6
124.712,0.371681133,0.430876339,65.7603396,37.6
124.725,0.37082963,0.463832887,65.71845022,37.7
124.737,0.371681133,0.498010047,65.72463873,37.6
124.75,0.371681133,0.530966594,65.71845022,37.7
124.763,0.371681133,0.563923141,65.6603396,37.7
124.775,0.371681133,0.596879688,65.6541511,37.8
124.788,0.371681133,0.629836235,65.6603396,37.7
124.801,0.371681133,0.662792783,65.61845022,37.8
124.814,0.371681133,0.696969943,65.6541511,37.8
124.826,0.37082963,0.72992649,65.5541511,37.9
124.839,0.371681133,0.762883037,65.51845022,37.9
124.852,0.371681133,0.795839584,65.51845022,37.9
124.864,0.371681133,0.795839584,65.51845022,37.9
124.877,0.371681133,0.828796131,65.51845022,37.9
124.89,0.371681133,0.828796131,65.5541511,37.9
124.903,0.371681133,0.862973292,65.4541511,38
124.915,0.371681133,0.895929839,65.4541511,38
124.928,0.371681133,0.895929839,65.42463873,37.9
124.941,0.371681133,0.928886386,65.41845022,38
124.953,0.371681133,0.928886386,65.42463873,37.9
124.966,0.371681133,0.928886386,65.41845022,38
124.979,0.371681133,0.928886386,65.42463873,37.9
124.991,0.371681133,0.928886386,65.4541511,38
125.004,0.371681133,0.961842933,65.42463873,37.9
125.017,0.371681133,0.961842933,65.41845022,38
125.03,0.371681133,0.961842933,65.42463873,37.9
125.042,0.371681133,0.928886386,65.41845022,38
125.055,0.371681133,0.928886386,65.42463873,37.9
125.068,0.371681133,0.895929839,65.41845022,38
125.08,0.371681133,0.862973292,65.41845022,38
125.093,0.371681133,0.862973292,65.51845022,37.9
125.106,0.371681133,0.828796131,65.51845022,37.9
125.118,0.371681133,0.795839584,65.52463873,37.8
125.131,0.371681133,0.72992649,65.51845022,37.9
125.144,0.372532637,0.696969943,65.52463873,37.8
125.157,0.371681133,0.662792783,65.48274935,37.9
125.169,0.371681133,0.596879688,65.58893786,37.7
125.182,0.371681133,0.563923141,65.58274935,37.8
125.195,0.371681133,0.498010047,65.58893786,37.7
125.207,0.371681133,0.463832887,65.58274935,37.8
125.22,0.371681133,0.397919792,65.68893786,37.6
125.233,0.371681133,0.364963245,65.68274935,37.7
125.246,0.372532637,0.299050151,65.66513728,37.6
125.258,0.372532637,0.231916443,65.75894877,37.6
125.271,0.372532637,0.166003349,65.76513728,37.5
125.284,0.372532637,0.133046802,65.75894877,37.6
125.296,0.371681133,0.065913094,65.75894877,37.6
125.309,0.371681133,0.032956547,65.85894877,37.5
125.322,0.372532637,0,65.85894877,37.5
125.334,0.372532637,-0.032956547,65.86513728,37.4
125.347,0.372532637,-0.065913094,65.95894877,37.4
125.36,0.372532637,-0.133046802,65.96513728,37.3
125.373,0.371681133,-0.133046802,65.95894877,37.4
125.385,0.371681133,-0.166003349,65.98893786,37.3
125.398,0.371681133,-0.198959896,65.98274935,37.4
125.411,0.372532637,-0.231916443,66.08893786,37.2
125.423,0.371681133,-0.26487299,66.08274935,37.3
125.436,0.371681133,-0.332006698,66.08893786,37.2
125.449,0.372532637,-0.332006698,66.08274935,37.3
125.461,0.372532637,-0.364963245,66.18893786,37.1
125.474,0.372532637,-0.430876339,66.18274935,37.2
125.487,0.372532637,-0.430876339,66.18893786,37.1
125.5,0.372532637,-0.463832887,66.15894877,37.2
125.512,0.371681133,-0.498010047,66.16513728,37.1
125.525,0.371681133,-0.530966594,66.15894877,37.2
125.538,0.371681133,-0.563923141,66.16513728,37.1
125.55,0.372532637,-0.596879688,66.25894877,37.1
125.563,0.371681133,-0.629836235,66.25894877,37.1
125.576,0.372532637,-0.662792783,66.26513728,37
125.589,0.371681133,-0.662792783,66.25894877,37.1
125.601,0.372532637,-0.696969943,66.26513728,37
125.614,0.372532637,-0.696969943,66.25894877,37.1
125.627,0.372532637,-0.72992649,66.26513728,37
125.639,0.372532637,-0.762883037,66.25894877,37.1
125.652,0.372532637,-0.762883037,66.26513728,37
125.665,0.372532637,-0.762883037,66.25894877,37.1
125.677,0.372532637,-0.762883037,66.25894877,37.1
125.69,0.372532637,-0.762883037,66.25894877,37.1
125.703,0.372532637,-0.762883037,66.25894877,37.1
125.716,0.372532637,-0.72992649,66.25894877,37.1
125.728,0.372532637,-0.72992649,66.26513728,37
125.741,0.372532637,-0.72992649,66.25894877,37.1
125.754,0.372532637,-0.696969943,66.25894877,37.1
125.766,0.372532637,-0.662792783,66.25894877,37.1
125.779,0.371681133,-0.629836235,66.25894877,37.1
125.792,0.371681133,-0.596879688,66.15894877,37.2
125.804,0.371681133,-0.563923141,66.15894877,37.2
125.817,0.371681133,-0.530966594,66.18893786,37.1
125.83,0.372532637,-0.463832887,66.18274935,37.2
125.843,0.372532637,-0.430876339,66.18893786,37.1
125.855,0.372532637,-0.397919792,66.18274935,37.2
125.868,0.372532637,-0.364963245,66.18893786,37.1
125.881,0.372532637,-0.332006698,66.11845022,37.3
125.893,0.371681133,-0.26487299,66.08893786,37.2
125.906,0.371681133,-0.231916443,66.11845022,37.3
125.919,0.371681133,-0.166003349,66.11845022,37.3
125.932,0.371681133,-0.133046802,66.11845022,37.3
125.944,0.371681133,-0.100090254,66.01845022,37.4
125.957,0.371681133,-0.032956547,66.01845022,37.4
125.97,0.371681133,0,66.01845022,37.4
125.982,0.371681133,0.065913094,66.02463873,37.3
125.995,0.371681133,0.100090254,65.91845022,37.5
126.008,0.371681133,0.133046802,65.92463873,37.4
126.02,0.371681133,0.166003349,65.91845022,37.5
126.033,0.371681133,0.198959896,65.92463873,37.4
126.046,0.371681133,0.231916443,65.91845022,37.5
126.059,0.372532637,0.26487299,65.82463873,37.5
126.071,0.371681133,0.299050151,65.81845022,37.6
126.084,0.371681133,0.299050151,65.82463873,37.5
126.097,0.371681133,0.332006698,65.81845022,37.6
126.109,0.371681133,0.364963245,65.82463873,37.5
126.122,0.371681133,0.397919792,65.81845022,37.6
126.135,0.371681133,0.430876339,65.72463873,37.6
126.147,0.371681133,0.430876339,65.71845022,37.7
126.16,0.371681133,0.463832887,65.71845022,37.7
126.173,0.371681133,0.463832887,65.71845022,37.7
126.186,0.371681133,0.498010047,65.71845022,37.7
126.198,0.371681133,0.498010047,65.72463873,37.6
126.211,0.371681133,0.498010047,65.71845022,37.7
126.224,0.371681133,0.530966594,65.72463873,37.6
126.236,0.371681133,0.530966594,65.71845022,37.7
126.249,0.371681133,0.530966594,65.72463873,37.6
126.262,0.371681133,0.530966594,65.71845022,37.7
126.275,0.371681133,0.530966594,65.72463873,37.6
126.287,0.371681133,0.530966594,65.67656084,37.8
126.3,0.371681133,0.530966594,65.72463873,37.6
126.313,0.371681133,0.530966594,65.71845022,37.7
126.325,0.371681133,0.530966594,65.72463873,37.6
126.338,0.371681133,0.530966594,65.71845022,37.7
126.351,0.371681133,0.530966594,65.72463873,37.6
126.363,0.371681133,0.498010047,65.71845022,37.7
126.376,0.371681133,0.498010047,65.71845022,37.7
126.389,0.371681133,0.463832887,65.68274935,37.7
126.402,0.371681133,0.430876339,65.68274935,37.7
126.414,0.371681133,0.430876339,65.68893786,37.6
126.427,0.371681133,0.397919792,65.68274935,37.7
126.44,0.371681133,0.397919792,65.78893786,37.5
126.452,0.371681133,0.364963245,65.78274935,37.6
126.465,0.371681133,0.332006698,65.78893786,37.5
126.478,0.371681133,0.299050151,65.78274935,37.6
126.49,0.371681133,0.299050151,65.78893786,37.5
126.503,0.371681133,0.26487299,65.78274935,37.6
126.516,0.371681133,0.231916443,65.78893786,37.5
126.529,0.371681133,0.198959896,65.78274935,37.6
126.541,0.371681133,0.166003349,65.78274935,37.6
126.554,0.371681133,0.133046802,65.88274935,37.5
126.567,0.371681133,0.133046802,65.88274935,37.5
126.579,0.371681133,0.100090254,65.86513728,37.4
126.592,0.371681133,0.100090254,65.88274935,37.5
126.605,0.371681133,0.065913094,65.88893786,37.4
126.618,0.371681133,0.065913094,65.88274935,37.5
126.63,0.371681133,0.032956547,65.86513728,37.4
126.643,0.371681133,0,65.88274935,37.5
126.656,0.371681133,0,65.88893786,37.4
126.668,0.371681133,-0.032956547,65.88274935,37.5
126.681,0.372532637,-0.032956547,65.86513728,37.4
126.694,0.371681133,-0.065913094,65.95894877,37.4
126.706,0.371681133,-0.065913094,65.96513728,37.3
126.719,0.371681133,-0.065913094,65.95894877,37.4
126.732,0.371681133,-0.065913094,65.96513728,37.3
126.745,0.371681133,-0.065913094,65.95894877,37.4
126.757,0.371681133,-0.100090254,65.95894877,37.4
126.77,0.371681133,-0.100090254,65.95894877,37.4
126.783,0.371681133,-0.100090254,65.95894877,37.4
126.795,0.371681133,-0.100090254,65.96513728,37.3
126.808,0.371681133,-0.100090254,65.95894877,37.4
126.821,0.371681133,-0.100090254,65.96513728,37.3
126.833,0.371681133,-0.065913094,65.95894877,37.4
126.846,0.371681133,-0.065913094,65.96513728,37.3
126.859,0.371681133,-0.065913094,65.95276026,37.5
126.872,0.372532637,-0.032956547,65.96513728,37.3
126.884,0.372532637,-0.032956547,65.85894877,37.5
126.897,0.372532637,0,65.86513728,37.4
126.91,0.371681133,0,65.85894877,37.5
126.922,0.371681133,0.032956547,65.86513728,37.4
126.935,0.371681133,0.065913094,65.85894877,37.5
126.948,0.371681133,0.065913094,65.86513728,37.4
126.96,0.371681133,0.100090254,65.85894877,37.5
126.973,0.371681133,0.133046802,65.86513728,37.4
126.986,0.371681133,0.166003349,65.88893786,37.4
126.999,0.371681133,0.198959896,65.88274935,37.5
127.011,0.371681133,0.231916443,65.88893786,37.4
127.024,0.371681133,0.26487299,65.78274935,37.6
127.037,0.371681133,0.299050151,65.78893786,37.5
127.049,0.371681133,0.299050151,65.78274935,37.6
127.062,0.371681133,0.332006698,65.78893786,37.5
127.075,0.371681133,0.397919792,65.78274935,37.6
127.088,0.371681133,0.430876339,65.78893786,37.5
127.1,0.371681133,0.463832887,65.78274935,37.6
127.113,0.371681133,0.498010047,65.68893786,37.6
127.126,0.371681133,0.530966594,65.68274935,37.7
127.138,0.371681133,0.563923141,65.68274935,37.7
127.151,0.371681133,0.563923141,65.68274935,37.7
127.164,0.371681133,0.596879688,65.71845022,37.7
127.176,0.371681133,0.629836235,65.68274935,37.7
127.189,0.371681133,0.629836235,65.71845022,37.7
127.202,0.371681133,0.662792783,65.58893786,37.7
127.215,0.37082963,0.662792783,65.58274935,37.8
127.227,0.37082963,0.662792783,65.58893786,37.7
127.24,0.37082963,0.696969943,65.61845022,37.8
127.253,0.371681133,0.696969943,65.62463873,37.7
127.265,0.372532637,0.72992649,65.61845022,37.8
127.278,0.372532637,0.72992649,65.62463873,37.7
127.291,0.371681133,0.72992649,65.61845022,37.8
127.303,0.371681133,0.72992649,65.62463873,37.7
127.316,0.371681133,0.72992649,65.58274935,37.8
127.329,0.371681133,0.762883037,65.58274935,37.8
127.342,0.371681133,0.762883037,65.61845022,37.8
127.354,0.371681133,0.762883037,65.61845022,37.8
127.367,0.371681133,0.762883037,65.62463873,37.7
127.38,0.371681133,0.72992649,65.61845022,37.8
127.392,0.371681133,0.72992649,65.62463873,37.7
127.405,0.371681133,0.72992649,65.61845022,37.8
127.418,0.371681133,0.696969943,65.62463873,37.7
127.431,0.371681133,0.696969943,65.61845022,37.8
127.443,0.371681133,0.662792783,65.58893786,37.7
127.456,0.371681133,0.629836235,65.57656084,37.9
127.469,0.372532637,0.596879688,65.68893786,37.6
127.481,0.371681133,0.563923141,65.68274935,37.7
127.494,0.371681133,0.530966594,65.68893786,37.6
127.507,0.371681133,0.463832887,65.68274935,37.7
127.519,0.371681133,0.397919792,65.68893786,37.6
127.532,0.371681133,0.364963245,65.75894877,37.6
127.545,0.371681133,0.299050151,65.75894877,37.6
127.558,0.371681133,0.26487299,65.75894877,37.6
127.57,0.371681133,0.198959896,65.75894877,37.6
127.583,0.371681133,0.133046802,65.86513728,37.4
127.596,0.371681133,0.065913094,65.85894877,37.5
127.608,0.372532637,0,65.86513728,37.4
127.621,0.371681133,-0.032956547,65.95894877,37.4
127.634,0.371681133,-0.100090254,65.96513728,37.3
127.646,0.371681133,-0.166003349,65.91705939,37.5
127.659,0.371681133,-0.198959896,66.0294364,37.2
127.672,0.371681133,-0.26487299,66.02324789,37.3
127.685,0.371681133,-0.299050151,66.06513728,37.2
127.697,0.372532637,-0.332006698,66.15894877,37.2
127.71,0.372532637,-0.397919792,66.16513728,37.1
127.723,0.372532637,-0.430876339,66.12324789,37.2
127.735,0.372532637,-0.463832887,66.26513728,37
127.748,0.372532637,-0.530966594,66.25894877,37.1
127.761,0.372532637,-0.563923141,66.26513728,37
127.774,0.372532637,-0.629836235,66.26513728,37
127.786,0.371681133,-0.662792783,66.32324789,37
127.799,0.372532637,-0.72992649,66.3294364,36.9
127.812,0.371681133,-0.762883037,66.32324789,37
127.824,0.372532637,-0.828796131,66.3294364,36.9
127.837,0.372532637,-0.862973292,66.32324789,37
127.85,0.372532637,-0.895929839,66.3294364,36.9
127.862,0.372532637,-0.961842933,66.32324789,37
127.875,0.372532637,-0.99479948,66.29373553,36.9
127.888,0.372532637,-1.027756028,66.38754702,36.9
127.901,0.372532637,-1.061933188,66.39373553,36.8
127.913,0.372532637,-1.094889735,66.38754702,36.9
127.926,0.372532637,-1.127846282,66.38754702,36.9
127.939,0.372532637,-1.160802829,66.38754702,36.9
127.951,0.372532637,-1.193759376,66.38754702,36.9
127.964,0.372532637,-1.193759376,66.39373553,36.8
127.977,0.372532637,-1.226715924,66.38754702,36.9
127.99,0.372532637,-1.226715924,66.36993495,36.8
128.002,0.372532637,-1.226715924,66.36374644,36.9
128.015,0.372532637,-1.226715924,66.36993495,36.8
128.028,0.372532637,-1.226715924,66.38754702,36.9
128.04,0.372532637,-1.226715924,66.39373553,36.8
128.053,0.372958388,-1.226715924,66.38754702,36.9
128.066,0.372958388,-1.193759376,66.36993495,36.8
128.078,0.372532637,-1.193759376,66.38754702,36.9
128.091,0.372532637,-1.160802829,66.26993495,36.9
128.104,0.372532637,-1.127846282,66.28754702,37
128.117,0.372532637,-1.094889735,66.29373553,36.9
128.129,0.372532637,-1.027756028,66.28754702,37
128.142,0.372532637,-0.961842933,66.28754702,37
128.155,0.372532637,-0.928886386,66.29373553,36.9
128.167,0.372532637,-0.895929839,66.22324789,37.1
128.18,0.372532637,-0.828796131,66.2294364,37
128.193,0.372532637,-0.795839584,66.22324789,37.1
128.205,0.372532637,-0.72992649,66.2294364,37
128.218,0.371681133,-0.696969943,66.22324789,37.1
128.231,0.371681133,-0.629836235,66.1294364,37.1
128.244,0.372532637,-0.563923141,66.12324789,37.2
128.256,0.371681133,-0.498010047,66.13562491,37
128.269,0.371681133,-0.463832887,66.15894877,37.2
128.282,0.371681133,-0.397919792,66.0294364,37.2
128.294,0.372532637,-0.364963245,66.05894877,37.3
128.307,0.372532637,-0.299050151,66.06513728,37.2
128.32,0.371681133,-0.26487299,66.05894877,37.3
128.332,0.371681133,-0.231916443,65.96513728,37.3
128.345,0.371681133,-0.166003349,65.96513728,37.3
128.358,0.371681133,-0.133046802,65.96513728,37.3
128.371,0.371681133,-0.100090254,65.96513728,37.3
128.383,0.371681133,-0.100090254,65.95894877,37.4
128.396,0.371681133,-0.065913094,65.96513728,37.3
128.409,0.37082963,-0.032956547,65.88274935,37.5
128.421,0.371681133,-0.032956547,65.86513728,37.4
128.434,0.371681133,0,65.85894877,37.5
128.447,0.371681133,0.032956547,65.87132578,37.3
128.46,0.37082963,0.032956547,65.85894877,37.5
128.472,0.37082963,0.032956547,65.87132578,37.3
128.485,0.371681133,0.032956547,65.88274935,37.5
128.498,0.371681133,0.032956547,65.88893786,37.4
128.51,0.371681133,0.032956547,65.88274935,37.5
128.523,0.371681133,0.032956547,65.86513728,37.4
128.536,0.371681133,0.032956547,65.85894877,37.5
128.548,0.371681133,0.032956547,65.86513728,37.4
128.561,0.371681133,0.032956547,65.85894877,37.5
128.574,0.371681133,0.032956547,65.86513728,37.4
128.587,0.371681133,0,65.85894877,37.5
128.599,0.371681133,0,65.85894877,37.5
128.612,0.371681133,-0.032956547,65.85894877,37.5
128.625,0.371681133,-0.065913094,65.95894877,37.4
128.637,0.371681133,-0.100090254,65.96513728,37.3
128.65,0.371681133,-0.133046802,65.95894877,37.4
128.663,0.371681133,-0.166003349,65.96513728,37.3
128.675,0.371681133,-0.198959896,65.95894877,37.4
128.688,0.371681133,-0.231916443,65.96513728,37.3
128.701,0.371681133,-0.26487299,65.92324789,37.4
128.714,0.371681133,-0.299050151,66.0294364,37.2
128.726,0.371681133,-0.332006698,66.02324789,37.3
128.739,0.371681133,-0.397919792,66.0294364,37.2
128.752,0.371681133,-0.430876339,66.02324789,37.3
128.764,0.371681133,-0.463832887,66.0294364,37.2
128.777,0.371681133,-0.498010047,66.08754702,37.2
128.79,0.371681133,-0.563923141,66.09373553,37.1
128.803,0.371681133,-0.596879688,66.08754702,37.2
128.815,0.371681133,-0.629836235,66.09373553,37.1
128.828,0.371681133,-0.662792783,66.08754702,37.2
128.841,0.372532637,-0.696969943,66.19373553,37
128.853,0.372532637,-0.762883037,66.19373553,37
128.866,0.372532637,-0.795839584,66.18754702,37.1
128.879,0.372532637,-0.795839584,66.19373553,37
128.891,0.372532637,-0.828796131,66.18754702,37.1
128.904,0.372532637,-0.862973292,66.19373553,37
128.917,0.372532637,-0.895929839,66.28754702,37
128.93,0.372532637,-0.928886386,66.29373553,36.9
128.942,0.372532637,-0.961842933,66.26374644,37
128.955,0.372532637,-0.99479948,66.26993495,36.9
128.968,0.372532637,-0.99479948,66.28754702,37
128.98,0.372532637,-1.027756028,66.29373553,36.9
128.993,0.372532637,-1.027756028,66.28754702,37
129.006,0.372532637,-1.027756028,66.29373553,36.9
129.018,0.372532637,-1.027756028,66.28754702,37
129.031,0.372532637,-1.027756028,66.29373553,36.9
129.044,0.372532637,-1.027756028,66.28754702,37
129.057,0.372532637,-0.99479948,66.29373553,36.9
129.069,0.372532637,-0.99479948,66.28754702,37
129.082,0.372532637,-0.99479948,66.29373553,36.9
129.095,0.372532637,-0.99479948,66.28754702,37
129.107,0.372532637,-0.961842933,66.28754702,37
129.12,0.372532637,-0.928886386,66.29373553,36.9
129.133,0.372532637,-0.895929839,66.28754702,37
129.146,0.372532637,-0.862973292,66.19373553,37
129.158,0.372532637,-0.828796131,66.18754702,37.1
129.171,0.371681133,-0.762883037,66.18754702,37.1
129.184,0.372532637,-0.72992649,66.18754702,37.1
129.196,0.371681133,-0.662792783,66.2294364,37
129.209,0.372532637,-0.629836235,66.12324789,37.2
129.222,0.372532637,-0.563923141,66.1294364,37.1
129.234,0.372532637,-0.498010047,66.12324789,37.2
129.247,0.371681133,-0.430876339,66.1294364,37.1
129.26,0.372532637,-0.364963245,66.05894877,37.3
129.273,0.371681133,-0.332006698,66.05894877,37.3
129.285,0.371681133,-0.26487299,66.05894877,37.3
129.298,0.371681133,-0.198959896,65.95894877,37.4
129.311,0.371681133,-0.133046802,65.95894877,37.4
129.323,0.371681133,-0.065913094,65.96513728,37.3
129.336,0.371681133,0,65.85894877,37.5
129.349,0.37082963,0.065913094,65.85894877,37.5
129.361,0.37082963,0.133046802,65.85894877,37.5
129.374,0.371681133,0.198959896,65.75894877,37.6
129.387,0.371681133,0.26487299,65.75894877,37.6
129.4,0.371681133,0.299050151,65.75894877,37.6
129.412,0.37082963,0.332006698,65.78274935,37.6
129.425,0.37082963,0.397919792,65.68274935,37.7
129.438,0.37082963,0.430876339,65.68893786,37.6
129.45,0.37082963,0.463832887,65.68274935,37.7
129.463,0.37082963,0.530966594,65.68893786,37.6
129.476,0.371681133,0.563923141,65.68274935,37.7
129.489,0.371681133,0.596879688,65.58893786,37.7
129.501,0.371681133,0.629836235,65.58274935,37.8
129.514,0.37082963,0.662792783,65.58893786,37.7
129.527,0.371681133,0.696969943,65.58274935,37.8
129.539,0.37082963,0.72992649,65.58893786,37.7
129.552,0.37082963,0.762883037,65.48274935,37.9
129.565,0.37082963,0.762883037,65.48274935,37.9
129.577,0.37082963,0.795839584,65.48274935,37.9
129.59,0.37082963,0.828796131,65.48893786,37.8
129.603,0.37082963,0.862973292,65.48274935,37.9
129.616,0.37082963,0.895929839,65.48893786,37.8
129.628,0.371681133,0.895929839,65.48274935,37.9
129.641,0.37082963,0.928886386,65.48274935,37.9
129.654,0.37082963,0.928886386,65.48274935,37.9
129.666,0.371681133,0.928886386,65.38274935,38
129.679,0.371681133,0.928886386,65.41845022,38
129.692,0.371681133,0.961842933,65.38274935,38
129.704,0.371681133,0.961842933,65.38274935,38
129.717,0.371681133,0.961842933,65.38274935,38
129.73,0.371681133,0.961842933,65.38893786,37.9
129.743,0.371681133,0.961842933,65.38274935,38
129.755,0.371681133,0.961842933,65.48274935,37.9
129.768,0.371681133,0.928886386,65.48274935,37.9
129.781,0.37082963,0.928886386,65.48274935,37.9
129.793,0.371681133,0.895929839,65.48274935,37.9
129.806,0.371681133,0.862973292,65.48893786,37.8
129.819,0.371681133,0.828796131,65.48274935,37.9
129.832,0.371681133,0.795839584,65.48893786,37.8
129.844,0.371681133,0.762883037,65.48274935,37.9
129.857,0.37082963,0.72992649,65.58893786,37.7
129.87,0.37082963,0.696969943,65.58274935,37.8
129.882,0.371681133,0.629836235,65.55894877,37.8
129.895,0.371681133,0.596879688,65.55894877,37.8
129.908,0.371681133,0.563923141,65.66513728,37.6
129.92,0.371681133,0.498010047,65.65894877,37.7
129.933,0.371681133,0.463832887,65.66513728,37.6
129.946,0.371681133,0.430876339,65.65894877,37.7
129.959,0.371681133,0.364963245,65.65894877,37.7
129.971,0.371681133,0.332006698,65.72324789,37.6
129.984,0.371681133,0.299050151,65.72324789,37.6
129.997,0.371681133,0.231916443,65.72324789,37.6
130.009,0.371681133,0.198959896,65.7294364,37.5
130.022,0.371681133,0.166003349,65.72324789,37.6
130.035,0.371681133,0.133046802,65.82324789,37.5
130.047,0.371681133,0.100090254,65.82324789,37.5
130.06,0.371681133,0.065913094,65.82324789,37.5
130.073,0.371681133,0.065913094,65.82324789,37.5
130.086,0.371681133,0.032956547,65.8294364,37.4
130.098,0.371681133,0,65.82324789,37.5
130.111,0.371681133,-0.032956547,65.9294364,37.3
130.124,0.371681133,-0.032956547,65.92324789,37.4
130.136,0.371681133,-0.065913094,65.9294364,37.3
130.149,0.371681133,-0.065913094,65.92324789,37.4
130.162,0.371681133,-0.100090254,65.92324789,37.4
130.175,0.371681133,-0.100090254,65.92324789,37.4
130.187,0.371681133,-0.100090254,65.92324789,37.4
130.2,0.371681133,-0.100090254,65.92324789,37.4
130.213,0.371681133,-0.133046802,65.92324789,37.4
130.225,0.371681133,-0.133046802,65.92324789,37.4
130.238,0.371681133,-0.133046802,65.92324789,37.4
130.251,0.371681133,-0.100090254,65.92324789,37.4
130.263,0.371681133,-0.100090254,65.95894877,37.4
130.276,0.371681133,-0.100090254,65.92324789,37.4
130.289,0.371681133,-0.100090254,65.92324789,37.4
130.302,0.371681133,-0.100090254,65.9294364,37.3
130.314,0.371681133,-0.065913094,65.95894877,37.4
130.327,0.371681133,-0.065913094,65.96513728,37.3
130.34,0.371681133,-0.032956547,65.95894877,37.4
130.352,0.371681133,0,65.96513728,37.3
130.365,0.371681133,0.032956547,65.95894877,37.4
130.378,0.371681133,0.032956547,65.96513728,37.3
130.39,0.371681133,0.065913094,65.85894877,37.5
130.403,0.371681133,0.100090254,65.86513728,37.4
130.416,0.371681133,0.133046802,65.85894877,37.5
130.429,0.371681133,0.198959896,65.86513728,37.4
130.441,0.371681133,0.198959896,65.88274935,37.5
130.454,0.372532637,0.26487299,65.88893786,37.4
130.467,0.371681133,0.26487299,65.88274935,37.5
130.479,0.371681133,0.332006698,65.78893786,37.5
130.492,0.371681133,0.364963245,65.78274935,37.6
130.505,0.371681133,0.397919792,65.78893786,37.5
130.518,0.371681133,0.430876339,65.78274935,37.6
130.53,0.371681133,0.463832887,65.78893786,37.5
130.543,0.371681133,0.498010047,65.78274935,37.6
130.556,0.371681133,0.530966594,65.68274935,37.7
130.568,0.371681133,0.530966594,65.68274935,37.7
130.581,0.371681133,0.563923141,65.68274935,37.7
130.594,0.371681133,0.596879688,65.68893786,37.6
130.606,0.37082963,0.629836235,65.68274935,37.7
130.619,0.37082963,0.662792783,65.68893786,37.6
130.632,0.37082963,0.696969943,65.68274935,37.7
130.645,0.371681133,0.696969943,65.68893786,37.6
130.657,0.371681133,0.72992649,65.58274935,37.8
130.67,0.371681133,0.72992649,65.58893786,37.7
130.683,0.371681133,0.762883037,65.58274935,37.8
130.695,0.371681133,0.762883037,65.58893786,37.7
130.708,0.371681133,0.762883037,65.58274935,37.8
130.721,0.371681133,0.795839584,65.58893786,37.7
130.733,0.371681133,0.795839584,65.58274935,37.8
130.746,0.371681133,0.795839584,65.58893786,37.7
130.759,0.371681133,0.795839584,65.58274935,37.8
130.772,0.371681133,0.828796131,65.58893786,37.7
130.784,0.371681133,0.828796131,65.58274935,37.8
130.797,0.371681133,0.828796131,65.58893786,37.7
130.81,0.371681133,0.795839584,65.58274935,37.8
130.822,0.371681133,0.795839584,65.58893786,37.7
130.835,0.371681133,0.795839584,65.58274935,37.8
130.848,0.37082963,0.795839584,65.58274935,37.8
130.861,0.371681133,0.795839584,65.58274935,37.8
130.873,0.371681133,0.795839584,65.58274935,37.8
130.886,0.371681133,0.762883037,65.58893786,37.7
130.899,0.371681133,0.762883037,65.58893786,37.7
130.911,0.37082963,0.762883037,65.58893786,37.7
130.924,0.37082963,0.72992649,65.58274935,37.8
130.937,0.371681133,0.696969943,65.58893786,37.7
130.949,0.371681133,0.696969943,65.68274935,37.7
130.962,0.371681133,0.662792783,65.68274935,37.7
130.975,0.371681133,0.662792783,65.68274935,37.7
130.988,0.371681133,0.629836235,65.68893786,37.6
131,0.371681133,0.596879688,65.65894877,37.7
131.013,0.371681133,0.563923141,65.66513728,37.6
131.026,0.371681133,0.530966594,65.65894877,37.7
131.038,0.371681133,0.498010047,65.65894877,37.7
131.051,0.371681133,0.430876339,65.75894877,37.6
131.064,0.371681133,0.397919792,65.75894877,37.6
131.076,0.371681133,0.397919792,65.75894877,37.6
131.089,0.371681133,0.364963245,65.75894877,37.6
131.102,0.371681133,0.332006698,65.76513728,37.5
131.115,0.371681133,0.299050151,65.75894877,37.6
131.127,0.371681133,0.26487299,65.86513728,37.4
131.14,0.371681133,0.231916443,65.85894877,37.5
131.153,0.371681133,0.166003349,65.86513728,37.4
131.165,0.371681133,0.133046802,65.85894877,37.5
131.178,0.371681133,0.100090254,65.8294364,37.4
131.191,0.371681133,0.065913094,65.92324789,37.4
131.204,0.371681133,0.032956547,65.9294364,37.3
131.216,0.371681133,0,65.92324789,37.4
131.229,0.371681133,-0.032956547,65.9294364,37.3
131.242,0.371681133,-0.065913094,65.92324789,37.4
131.254,0.371681133,-0.100090254,65.92324789,37.4
131.267,0.371681133,-0.100090254,66.02324789,37.3
131.28,0.371681133,-0.166003349,66.02324789,37.3
131.292,0.371681133,-0.166003349,66.02324789,37.3
131.305,0.371681133,-0.198959896,66.0294364,37.2
131.318,0.371681133,-0.198959896,66.0294364,37.2
131.331,0.37082963,-0.231916443,66.02324789,37.3
131.343,0.371681133,-0.231916443,66.1294364,37.1
131.356,0.371681133,-0.26487299,66.12324789,37.2
131.369,0.371681133,-0.26487299,66.1294364,37.1
131.381,0.371681133,-0.299050151,66.12324789,37.2
131.394,0.371681133,-0.332006698,66.1294364,37.1
131.407,0.371681133,-0.332006698,66.12324789,37.2
131.419,0.371681133,-0.364963245,66.1294364,37.1
131.432,0.371681133,-0.364963245,66.12324789,37.2
131.445,0.371681133,-0.364963245,66.1294364,37.1
131.458,0.371681133,-0.397919792,66.12324789,37.2
131.47,0.372532637,-0.397919792,66.1294364,37.1
131.483,0.372532637,-0.397919792,66.12324789,37.2
131.496,0.371681133,-0.430876339,66.2294364,37
131.508,0.371681133,-0.430876339,66.22324789,37.1
131.521,0.371681133,-0.430876339,66.2294364,37
131.534,0.371681133,-0.430876339,66.22324789,37.1
131.547,0.371681133,-0.463832887,66.2294364,37
131.559,0.372532637,-0.463832887,66.2294364,37
131.572,0.371681133,-0.463832887,66.26513728,37
131.585,0.371681133,-0.463832887,66.26513728,37
131.597,0.371681133,-0.463832887,66.22324789,37.1
131.61,0.371681133,-0.463832887,66.2294364,37
131.623,0.371681133,-0.463832887,66.22324789,37.1
131.635,0.371681133,-0.463832887,66.2294364,37
131.648,0.371681133,-0.430876339,66.22324789,37.1
131.661,0.371681133,-0.430876339,66.2294364,37
131.674,0.371681133,-0.430876339,66.22324789,37.1
131.686,0.371681133,-0.430876339,66.2294364,37
131.699,0.371681133,-0.430876339,66.22324789,37.1
131.712,0.371681133,-0.430876339,66.2294364,37
131.724,0.371681133,-0.397919792,66.22324789,37.1
131.737,0.371681133,-0.397919792,66.2294364,37
131.75,0.371681133,-0.397919792,66.15894877,37.2
131.762,0.371681133,-0.397919792,66.16513728,37.1
131.775,0.371681133,-0.364963245,66.12324789,37.2
131.788,0.371681133,-0.364963245,66.1294364,37.1
131.801,0.371681133,-0.364963245,66.12324789,37.2
131.813,0.371681133,-0.332006698,66.15894877,37.2
131.826,0.371681133,-0.332006698,66.15894877,37.2
131.839,0.371681133,-0.332006698,66.15894877,37.2
131.851,0.371681133,-0.299050151,66.16513728,37.1
131.864,0.371681133,-0.299050151,66.15894877,37.2
131.877,0.371681133,-0.299050151,66.16513728,37.1
131.89,0.371681133,-0.26487299,66.15894877,37.2
131.902,0.371681133,-0.26487299,66.16513728,37.1
131.915,0.371681133,-0.26487299,66.15894877,37.2
131.928,0.371681133,-0.26487299,66.16513728,37.1
131.94,0.371681133,-0.26487299,66.15894877,37.2
131.953,0.371681133,-0.26487299,66.16513728,37.1
131.966,0.371681133,-0.26487299,66.15894877,37.2
131.978,0.372532637,-0.26487299,66.16513728,37.1
131.991,0.372532637,-0.231916443,66.15894877,37.2
132.004,0.372532637,-0.231916443,66.16513728,37.1
132.017,0.371681133,-0.231916443,66.15894877,37.2
132.029,0.371681133,-0.231916443,66.15894877,37.2
132.042,0.371681133,-0.231916443,66.15894877,37.2
132.055,0.371681133,-0.231916443,66.15894877,37.2
132.067,0.371681133,-0.26487299,66.16513728,37.1
132.08,0.371681133,-0.26487299,66.15894877,37.2
132.093,0.371681133,-0.26487299,66.16513728,37.1
132.105,0.371681133,-0.231916443,66.15894877,37.2
132.118,0.371681133,-0.231916443,66.16513728,37.1
132.131,0.371681133,-0.231916443,66.15894877,37.2
132.144,0.371681133,-0.231916443,66.16513728,37.1
132.156,0.371681133,-0.231916443,66.15894877,37.2
132.169,0.371681133,-0.231916443,66.16513728,37.1
132.182,0.371681133,-0.231916443,66.15894877,37.2
132.194,0.371681133,-0.231916443,66.16513728,37.1
132.207,0.371681133,-0.231916443,66.15894877,37.2
132.22,0.371681133,-0.231916443,66.15894877,37.2
132.233,0.371681133,-0.231916443,66.15894877,37.2
132.245,0.371681133,-0.231916443,66.15894877,37.2
132.258,0.371681133,-0.231916443,66.16513728,37.1
132.271,0.371681133,-0.231916443,66.15894877,37.2
132.283,0.371681133,-0.231916443,66.16513728,37.1
132.296,0.371681133,-0.198959896,66.15894877,37.2
132.309,0.371681133,-0.198959896,66.16513728,37.1
132.321,0.371681133,-0.198959896,66.15894877,37.2
132.334,0.371681133,-0.166003349,66.16513728,37.1
132.347,0.371681133,-0.166003349,66.15894877,37.2
132.36,0.371681133,-0.166003349,66.16513728,37.1
132.372,0.371681133,-0.133046802,66.05894877,37.3
132.385,0.371681133,-0.100090254,66.06513728,37.2
132.398,0.371681133,-0.100090254,66.05894877,37.3
132.41,0.371681133,-0.100090254,66.06513728,37.2
132.423,0.371681133,-0.065913094,66.05894877,37.3
132.436,0.371681133,-0.065913094,66.06513728,37.2
132.448,0.371681133,-0.065913094,66.05894877,37.3
132.461,0.371681133,-0.032956547,66.06513728,37.2
132.474,0.371681133,-0.032956547,66.06513728,37.2
132.487,0.371681133,-0.032956547,66.05894877,37.3
132.499,0.371681133,0,66.06513728,37.2
132.512,0.371681133,0,66.05894877,37.3
132.525,0.371681133,0,66.06513728,37.2
132.537,0.37082963,0.032956547,66.05894877,37.3
132.55,0.371681133,0.032956547,66.06513728,37.2
132.563,0.37082963,0.032956547,66.05894877,37.3
132.576,0.371681133,0.032956547,66.08893786,37.2
132.588,0.371681133,0.032956547,66.08274935,37.3
132.601,0.371681133,0.032956547,66.08893786,37.2
132.614,0.371681133,0.032956547,66.08274935,37.3
132.626,0.371681133,0.065913094,66.08893786,37.2
132.639,0.371681133,0.065913094,66.05894877,37.3
132.652,0.371681133,0.065913094,66.06513728,37.2
132.664,0.371681133,0.065913094,66.05894877,37.3
132.677,0.371681133,0.065913094,66.06513728,37.2
132.69,0.371681133,0.032956547,66.05894877,37.3
132.703,0.371681133,0.032956547,66.05894877,37.3
132.715,0.371681133,0.032956547,66.08274935,37.3
132.728,0.371681133,0.032956547,66.05894877,37.3
132.741,0.371681133,0.032956547,66.06513728,37.2
132.753,0.371681133,0.032956547,66.05894877,37.3
132.766,0.371681133,0,66.06513728,37.2
132.779,0.37082963,0,66.08274935,37.3
132.791,0.371681133,-0.032956547,66.06513728,37.2
132.804,0.371681133,-0.032956547,66.05894877,37.3
132.817,0.371681133,-0.065913094,66.06513728,37.2
132.83,0.371681133,-0.100090254,66.05894877,37.3
132.842,0.371681133,-0.100090254,66.16513728,37.1
132.855,0.371681133,-0.133046802,66.15894877,37.2
132.868,0.371681133,-0.133046802,66.16513728,37.1
132.88,0.371681133,-0.166003349,66.15894877,37.2
132.893,0.371681133,-0.198959896,66.15894877,37.2
132.906,0.371681133,-0.231916443,66.15894877,37.2
132.919,0.371681133,-0.231916443,66.12324789,37.2
132.931,0.371681133,-0.26487299,66.16513728,37.1
132.944,0.371681133,-0.299050151,66.12324789,37.2
132.957,0.371681133,-0.299050151,66.1294364,37.1
132.969,0.371681133,-0.332006698,66.12324789,37.2
132.982,0.371681133,-0.332006698,66.1294364,37.1
132.995,0.371681133,-0.364963245,66.22324789,37.1
133.007,0.371681133,-0.364963245,66.2294364,37
133.02,0.371681133,-0.397919792,66.22324789,37.1
133.033,0.371681133,-0.430876339,66.2294364,37
133.046,0.371681133,-0.430876339,66.22324789,37.1
133.058,0.371681133,-0.463832887,66.2294364,37
133.071,0.371681133,-0.498010047,66.22324789,37.1
133.084,0.371681133,-0.498010047,66.22324789,37.1
133.096,0.371681133,-0.498010047,66.18754702,37.1
133.109,0.371681133,-0.530966594,66.22324789,37.1
133.122,0.371681133,-0.530966594,66.2294364,37
133.134,0.371681133,-0.563923141,66.22324789,37.1
133.147,0.371681133,-0.563923141,66.3294364,36.9
133.16,0.371681133,-0.596879688,66.32324789,37
133.173,0.371681133,-0.596879688,66.3294364,36.9
133.185,0.371681133,-0.596879688,66.32324789,37
133.198,0.372532637,-0.596879688,66.3294364,36.9
133.211,0.371681133,-0.629836235,66.31705939,37.1
133.223,0.371681133,-0.629836235,66.3294364,36.9
133.236,0.371681133,-0.629836235,66.32324789,37
133.249,0.371681133,-0.629836235,66.3294364,36.9
133.262,0.371681133,-0.629836235,66.32324789,37
133.274,0.371681133,-0.629836235,66.3294364,36.9
133.287,0.372532637,-0.662792783,66.32324789,37
133.3,0.371681133,-0.662792783,66.28754702,37
133.312,0.372532637,-0.662792783,66.32324789,37
133.325,0.371681133,-0.662792783,66.28754702,37
133.338,0.371681133,-0.662792783,66.3294364,36.9
133.35,0.371681133,-0.662792783,66.28754702,37
133.363,0.371681133,-0.662792783,66.3294364,36.9
133.376,0.371681133,-0.662792783,66.32324789,37
133.389,0.372532637,-0.662792783,66.3294364,36.9
133.401,0.371681133,-0.662792783,66.32324789,37
133.414,0.371681133,-0.629836235,66.3294364,36.9
133.427,0.371681133,-0.629836235,66.32324789,37
133.439,0.371681133,-0.629836235,66.3294364,36.9
133.452,0.372532637,-0.629836235,66.28754702,37
133.465,0.372532637,-0.596879688,66.3294364,36.9
133.477,0.372532637,-0.596879688,66.32324789,37
133.49,0.372532637,-0.596879688,66.3294364,36.9
133.503,0.372532637,-0.563923141,66.22324789,37.1
133.516,0.371681133,-0.530966594,66.22324789,37.1
133.528,0.371681133,-0.498010047,66.22324789,37.1
133.541,0.371681133,-0.498010047,66.2294364,37
133.554,0.371681133,-0.498010047,66.2294364,37
133.566,0.371681133,-0.463832887,66.22324789,37.1
133.579,0.371681133,-0.463832887,66.2294364,37
133.592,0.371681133,-0.430876339,66.22324789,37.1
133.605,0.371681133,-0.397919792,66.2294364,37
133.617,0.371681133,-0.364963245,66.22324789,37.1
133.63,0.372532637,-0.364963245,66.2294364,37
133.643,0.372532637,-0.332006698,66.25894877,37.1
133.655,0.372532637,-0.332006698,66.2294364,37
133.668,0.371681133,-0.299050151,66.25894877,37.1
133.681,0.371681133,-0.299050151,66.16513728,37.1
133.693,0.371681133,-0.26487299,66.15894877,37.2
133.706,0.371681133,-0.231916443,66.15894877,37.2
133.719,0.371681133,-0.198959896,66.15894877,37.2
133.732,0.371681133,-0.198959896,66.15894877,37.2
133.744,0.371681133,-0.166003349,66.16513728,37.1
133.757,0.371681133,-0.166003349,66.15894877,37.2
133.77,0.371681133,-0.133046802,66.16513728,37.1
133.782,0.371681133,-0.100090254,66.15894877,37.2
133.795,0.371681133,-0.065913094,66.16513728,37.1
133.808,0.371681133,-0.065913094,66.15894877,37.2
133.82,0.371681133,-0.032956547,66.06513728,37.2
133.833,0.371681133,-0.032956547,66.05894877,37.3
133.846,0.371681133,0,66.06513728,37.2
133.859,0.371681133,0,66.05894877,37.3
133.871,0.371681133,0.032956547,66.06513728,37.2
133.884,0.371681133,0.032956547,66.05894877,37.3
133.897,0.371681133,0.065913094,66.05894877,37.3
133.909,0.371681133,0.100090254,66.08274935,37.3
133.922,0.371681133,0.133046802,66.08893786,37.2
133.935,0.371681133,0.166003349,66.08893786,37.2
133.948,0.37082963,0.166003349,65.98274935,37.4
133.96,0.37082963,0.198959896,65.98893786,37.3
133.973,0.37082963,0.231916443,65.98274935,37.4
133.986,0.371681133,0.26487299,65.98893786,37.3
133.998,0.371681133,0.299050151,65.97656084,37.5
134.011,0.371681133,0.299050151,65.98893786,37.3
134.024,0.371681133,0.332006698,65.88274935,37.5
134.036,0.371681133,0.364963245,65.89512636,37.3
134.049,0.37082963,0.397919792,65.88274935,37.5
134.062,0.37082963,0.430876339,65.88893786,37.4
134.075,0.37082963,0.463832887,65.88274935,37.5
134.087,0.37082963,0.498010047,65.88893786,37.4
134.1,0.371681133,0.530966594,65.78274935,37.6
134.113,0.37082963,0.563923141,65.78893786,37.5
134.125,0.37082963,0.596879688,65.78274935,37.6
134.138,0.37082963,0.596879688,65.78893786,37.5
134.151,0.37082963,0.629836235,65.78893786,37.5
134.163,0.37082963,0.662792783,65.78274935,37.6
134.176,0.37082963,0.696969943,65.68893786,37.6
134.189,0.37082963,0.72992649,65.68274935,37.7
134.202,0.37082963,0.72992649,65.68893786,37.6
134.214,0.37082963,0.795839584,65.68274935,37.7
134.227,0.37082963,0.795839584,65.66513728,37.6
134.24,0.37082963,0.828796131,65.65894877,37.7
134.252,0.371681133,0.862973292,65.58893786,37.7
134.265,0.371681133,0.862973292,65.58274935,37.8
134.278,0.371681133,0.895929839,65.58893786,37.7
134.291,0.371681133,0.928886386,65.58274935,37.8
134.303,0.37082963,0.961842933,65.58893786,37.7
134.316,0.37082963,0.99479948,65.58893786,37.7
134.329,0.371681133,1.027756028,65.48893786,37.8
134.341,0.37082963,1.061933188,65.48893786,37.8
134.354,0.37082963,1.094889735,65.48274935,37.9
134.367,0.371681133,1.094889735,65.48893786,37.8
134.379,0.371681133,1.127846282,65.48274935,37.9
134.392,0.371681133,1.160802829,65.48893786,37.8
134.405,0.37082963,1.160802829,65.48274935,37.9
134.418,0.371681133,1.193759376,65.52463873,37.8
134.43,0.371681133,1.193759376,65.51845022,37.9
134.443,0.371681133,1.226715924,65.52463873,37.8
134.456,0.371681133,1.226715924,65.51845022,37.9
134.468,0.371681133,1.260893084,65.42463873,37.9
134.481,0.371681133,1.260893084,65.41845022,38
134.494,0.371681133,1.293849631,65.42463873,37.9
134.506,0.371681133,1.293849631,65.42463873,37.9
134.519,0.371681133,1.293849631,65.4541511,38
134.532,0.371681133,1.293849631,65.42463873,37.9
134.545,0.371681133,1.293849631,65.4541511,38
134.557,0.371681133,1.293849631,65.4603396,37.9
134.57,0.371681133,1.293849631,65.41845022,38
134.583,0.371681133,1.293849631,65.52463873,37.8
134.595,0.371681133,1.293849631,65.51845022,37.9
134.608,0.371681133,1.260893084,65.53082724,37.7
134.621,0.371681133,1.226715924,65.51845022,37.9
134.634,0.371681133,1.226715924,65.53082724,37.7
134.646,0.371681133,1.193759376,65.51845022,37.9
134.659,0.371681133,1.160802829,65.52463873,37.8
134.672,0.372532637,1.127846282,65.51845022,37.9
134.684,0.372532637,1.094889735,65.52463873,37.8
134.697,0.372532637,1.061933188,65.62463873,37.7
134.71,0.371681133,0.99479948,65.62463873,37.7
134.722,0.372532637,0.961842933,65.62463873,37.7
134.735,0.372532637,0.895929839,65.61845022,37.8
134.748,0.372532637,0.862973292,65.68893786,37.6
134.761,0.371681133,0.828796131,65.68274935,37.7
134.773,0.371681133,0.762883037,65.68893786,37.6
134.786,0.371681133,0.696969943,65.68274935,37.7
134.799,0.371681133,0.662792783,65.79512636,37.4
134.811,0.371681133,0.629836235,65.78274935,37.6
134.824,0.371681133,0.563923141,65.79512636,37.4
134.837,0.371681133,0.530966594,65.75894877,37.6
134.849,0.372532637,0.463832887,65.88893786,37.4
134.862,0.372532637,0.397919792,65.88274935,37.5
134.875,0.372532637,0.364963245,65.86513728,37.4
134.888,0.371681133,0.332006698,65.85894877,37.5
134.9,0.372532637,0.299050151,65.96513728,37.3
134.913,0.371681133,0.231916443,65.96513728,37.3
134.926,0.372532637,0.198959896,65.96513728,37.3
134.938,0.372532637,0.166003349,65.96513728,37.3
134.951,0.372532637,0.133046802,66.05894877,37.3
134.964,0.372532637,0.100090254,66.06513728,37.2
134.977,0.371681133,0.100090254,66.05894877,37.3
134.989,0.371681133,0.065913094,66.06513728,37.2
135.002,0.371681133,0.032956547,66.05894877,37.3
135.015,0.371681133,0.032956547,66.06513728,37.2
135.027,0.371681133,0,66.15894877,37.2
135.04,0.372532637,-0.032956547,66.16513728,37.1
135.053,0.371681133,-0.032956547,66.15894877,37.2
135.065,0.371681133,-0.065913094,66.16513728,37.1
135.078,0.371681133,-0.065913094,66.15894877,37.2
135.091,0.371681133,-0.100090254,66.16513728,37.1
135.104,0.371681133,-0.100090254,66.15894877,37.2
135.116,0.371681133,-0.133046802,66.16513728,37.1
135.129,0.371681133,-0.133046802,66.16513728,37.1
135.142,0.371681133,-0.166003349,66.25894877,37.1
135.154,0.371681133,-0.166003349,66.26513728,37
135.167,0.371681133,-0.166003349,66.25894877,37.1
135.18,0.371681133,-0.198959896,66.26513728,37
135.192,0.371681133,-0.198959896,66.25894877,37.1
135.205,0.371681133,-0.198959896,66.26513728,37
135.218,0.371681133,-0.198959896,66.25894877,37.1
135.231,0.371681133,-0.198959896,66.26513728,37
135.243,0.371681133,-0.198959896,66.25894877,37.1
135.256,0.372532637,-0.231916443,66.26513728,37
135.269,0.371681133,-0.231916443,66.25894877,37.1
135.281,0.372532637,-0.231916443,66.26513728,37
135.294,0.371681133,-0.198959896,66.28893786,37
135.307,0.371681133,-0.198959896,66.28893786,37
135.32,0.371681133,-0.198959896,66.28893786,37
135.332,0.371681133,-0.198959896,66.25894877,37.1
135.345,0.371681133,-0.198959896,66.26513728,37
135.358,0.371681133,-0.166003349,66.25894877,37.1
135.37,0.371681133,-0.133046802,66.26513728,37
135.383,0.371681133,-0.133046802,66.28274935,37.1
135.396,0.372532637,-0.100090254,66.28893786,37
135.408,0.372532637,-0.065913094,66.18274935,37.2
135.421,0.372532637,-0.032956547,66.18893786,37.1
135.434,0.371681133,0,66.18274935,37.2
135.447,0.372532637,0,66.18893786,37.1
135.459,0.371681133,0.032956547,66.18274935,37.2
135.472,0.371681133,0.065913094,66.18893786,37.1
135.485,0.371681133,0.100090254,66.21845022,37.2
135.497,0.371681133,0.133046802,66.18893786,37.1
135.51,0.371681133,0.166003349,66.11845022,37.3
135.523,0.371681133,0.198959896,66.12463873,37.2
135.535,0.371681133,0.198959896,66.11845022,37.3
135.548,0.371681133,0.26487299,66.11845022,37.3
135.561,0.371681133,0.299050151,66.12463873,37.2
135.574,0.371681133,0.299050151,66.11845022,37.3
135.586,0.371681133,0.332006698,66.12463873,37.2
135.599,0.371681133,0.364963245,66.11845022,37.3
135.612,0.371681133,0.397919792,66.02463873,37.3
135.624,0.371681133,0.397919792,66.01845022,37.4
135.637,0.371681133,0.430876339,66.02463873,37.3
135.65,0.371681133,0.463832887,66.01845022,37.4
135.663,0.371681133,0.463832887,66.02463873,37.3
135.675,0.371681133,0.498010047,66.01845022,37.4
135.688,0.371681133,0.530966594,66.02463873,37.3
135.701,0.371681133,0.530966594,66.01845022,37.4
135.713,0.371681133,0.563923141,66.02463873,37.3
135.726,0.371681133,0.563923141,65.91845022,37.5
135.739,0.371681133,0.596879688,65.92463873,37.4
135.751,0.371681133,0.596879688,65.91845022,37.5
135.764,0.371681133,0.596879688,65.92463873,37.4
135.777,0.371681133,0.629836235,65.91845022,37.5
135.79,0.371681133,0.629836235,65.92463873,37.4
135.802,0.371681133,0.629836235,65.91845022,37.5
135.815,0.371681133,0.629836235,65.92463873,37.4
135.828,0.371681133,0.662792783,65.91845022,37.5
135.84,0.371681133,0.662792783,65.91845022,37.5
135.853,0.371681133,0.662792783,65.91845022,37.5
135.866,0.371681133,0.662792783,65.91845022,37.5
135.878,0.371681133,0.662792783,65.92463873,37.4
135.891,0.371681133,0.662792783,65.91845022,37.5
135.904,0.371681133,0.662792783,65.92463873,37.4
135.917,0.371681133,0.662792783,65.91845022,37.5
135.929,0.371681133,0.662792783,65.92463873,37.4
135.942,0.371681133,0.629836235,65.91845022,37.5
135.955,0.371681133,0.629836235,65.92463873,37.4
135.967,0.371681133,0.629836235,65.91845022,37.5
135.98,0.371681133,0.629836235,65.92463873,37.4
135.993,0.371681133,0.629836235,65.91845022,37.5
136.005,0.371681133,0.629836235,65.92463873,37.4
136.018,0.371681133,0.596879688,65.91845022,37.5
136.031,0.371681133,0.596879688,65.88893786,37.4
136.044,0.371681133,0.596879688,65.91845022,37.5
136.056,0.371681133,0.596879688,65.88893786,37.4
136.069,0.371681133,0.563923141,65.91845022,37.5
136.082,0.371681133,0.563923141,66.02463873,37.3
136.094,0.371681133,0.563923141,66.01845022,37.4
136.107,0.371681133,0.530966594,65.98893786,37.3
136.12,0.371681133,0.498010047,65.98274935,37.4
136.133,0.371681133,0.498010047,65.98274935,37.4
136.145,0.371681133,0.463832887,66.01845022,37.4
136.158,0.371681133,0.463832887,66.02463873,37.3
136.171,0.371681133,0.463832887,66.01845022,37.4
136.183,0.371681133,0.430876339,66.01845022,37.4
136.196,0.371681133,0.430876339,66.01845022,37.4
136.209,0.371681133,0.430876339,65.98274935,37.4
136.221,0.371681133,0.397919792,65.98274935,37.4
136.234,0.371681133,0.397919792,65.98274935,37.4
136.247,0.371681133,0.364963245,65.98274935,37.4
136.26,0.371681133,0.364963245,65.98893786,37.3
136.272,0.371681133,0.364963245,65.98893786,37.3
136.285,0.371681133,0.364963245,65.98893786,37.3
136.298,0.371681133,0.332006698,66.01845022,37.4
136.31,0.371681133,0.332006698,66.08274935,37.3
136.323,0.372532637,0.332006698,66.08274935,37.3
136.336,0.371681133,0.299050151,66.08274935,37.3
136.349,0.371681133,0.299050151,66.08893786,37.2
136.361,0.371681133,0.299050151,66.08893786,37.2
136.374,0.371681133,0.299050151,66.08274935,37.3
136.387,0.371681133,0.26487299,66.08274935,37.3
136.399,0.371681133,0.26487299,66.08274935,37.3
136.412,0.371681133,0.26487299,66.08274935,37.3
136.425,0.371681133,0.26487299,66.08274935,37.3
136.437,0.371681133,0.26487299,66.08274935,37.3
136.45,0.371681133,0.26487299,66.08893786,37.2
136.463,0.371681133,0.231916443,66.08893786,37.2
136.476,0.371681133,0.231916443,66.08893786,37.2
136.488,0.371681133,0.231916443,66.08274935,37.3
136.501,0.371681133,0.198959896,66.08893786,37.2
136.514,0.371681133,0.198959896,66.08274935,37.3
136.526,0.371681133,0.198959896,66.08893786,37.2
136.539,0.371681133,0.198959896,66.08274935,37.3
136.552,0.372532637,0.198959896,66.08893786,37.2
136.564,0.371681133,0.198959896,66.08274935,37.3
136.577,0.371681133,0.198959896,66.08893786,37.2
136.59,0.371681133,0.198959896,66.08274935,37.3
136.603,0.371681133,0.198959896,66.08274935,37.3
136.615,0.371681133,0.166003349,66.08274935,37.3
136.628,0.371681133,0.166003349,66.08893786,37.2
136.641,0.371681133,0.166003349,66.08274935,37.3
136.653,0.371681133,0.133046802,66.08893786,37.2
136.666,0.371681133,0.133046802,66.08274935,37.3
136.679,0.371681133,0.133046802,66.18893786,37.1
136.691,0.372532637,0.100090254,66.18274935,37.2
136.704,0.372532637,0.100090254,66.18274935,37.2
136.717,0.372532637,0.065913094,66.18274935,37.2
136.73,0.371681133,0.065913094,66.18274935,37.2
136.742,0.371681133,0.032956547,66.15894877,37.2
136.755,0.371681133,0.032956547,66.16513728,37.1
136.768,0.372532637,0,66.15894877,37.2
136.78,0.371681133,0,66.15894877,37.2
136.793,0.371681133,-0.032956547,66.15894877,37.2
136.806,0.371681133,-0.065913094,66.25894877,37.1
136.819,0.371681133,-0.100090254,66.25894877,37.1
136.831,0.371681133,-0.133046802,66.25894877,37.1
136.844,0.371681133,-0.166003349,66.26513728,37
136.857,0.371681133,-0.198959896,66.25894877,37.1
136.869,0.372532637,-0.231916443,66.26513728,37
136.882,0.371681133,-0.231916443,66.35894877,37
136.895,0.372532637,-0.26487299,66.35894877,37
136.907,0.371681133,-0.299050151,66.35894877,37
136.92,0.372532637,-0.332006698,66.35894877,37
136.933,0.372532637,-0.364963245,66.35894877,37
136.946,0.372532637,-0.397919792,66.36513728,36.9
136.958,0.371681133,-0.397919792,66.35894877,37
136.971,0.371681133,-0.430876339,66.46513728,36.8
136.984,0.372532637,-0.463832887,66.45894877,36.9
136.996,0.372532637,-0.498010047,66.45894877,36.9
137.009,0.372532637,-0.530966594,66.45894877,36.9
137.022,0.371681133,-0.596879688,66.45894877,36.9
137.034,0.371681133,-0.629836235,66.42324789,36.9
137.047,0.371681133,-0.662792783,66.5294364,36.7
137.06,0.372532637,-0.696969943,66.5294364,36.7
137.073,0.371681133,-0.762883037,66.5294364,36.7
137.085,0.372532637,-0.795839584,66.52324789,36.8
137.098,0.372532637,-0.862973292,66.52324789,36.8
137.111,0.372532637,-0.895929839,66.48754702,36.8
137.123,0.371681133,-0.961842933,66.48754702,36.8
137.136,0.372532637,-0.99479948,66.58754702,36.7
137.149,0.372532637,-1.027756028,66.58754702,36.7
137.162,0.372532637,-1.094889735,66.56374644,36.7
137.174,0.372532637,-1.127846282,66.56374644,36.7
137.187,0.372532637,-1.193759376,66.56374644,36.7
137.2,0.372532637,-1.226715924,66.56374644,36.7
137.212,0.372532637,-1.293849631,66.56374644,36.7
137.225,0.372532637,-1.326806178,66.56374644,36.7
137.238,0.372532637,-1.359762725,66.62804557,36.6
137.25,0.372532637,-1.426896432,66.62804557,36.6
137.263,0.372532637,-1.45985298,66.62804557,36.6
137.276,0.372958388,-1.492809527,66.63423407,36.5
137.289,0.372532637,-1.525766074,66.62804557,36.6
137.301,0.372958388,-1.558722621,66.63423407,36.5
137.314,0.372958388,-1.591679168,66.59234469,36.6
137.327,0.372958388,-1.625856329,66.5985332,36.5
137.339,0.372532637,-1.625856329,66.59234469,36.6
137.352,0.372532637,-1.658812876,66.5985332,36.5
137.365,0.372958388,-1.658812876,66.59234469,36.6
137.378,0.372958388,-1.691769423,66.56283233,36.5
137.39,0.372958388,-1.691769423,66.55664382,36.6
137.403,0.372958388,-1.691769423,66.55664382,36.6
137.416,0.372958388,-1.691769423,66.55664382,36.6
137.428,0.372958388,-1.72472597,66.56283233,36.5
137.441,0.372958388,-1.72472597,66.56283233,36.5
137.454,0.372958388,-1.691769423,66.56283233,36.5
137.466,0.372958388,-1.691769423,66.55664382,36.6
137.479,0.372958388,-1.691769423,66.55664382,36.6
137.492,0.372958388,-1.658812876,66.55664382,36.6
137.505,0.372958388,-1.658812876,66.59234469,36.6
137.517,0.372958388,-1.625856329,66.5985332,36.5
137.53,0.372958388,-1.591679168,66.59234469,36.6
137.543,0.372958388,-1.558722621,66.4985332,36.6
137.555,0.372958388,-1.492809527,66.49234469,36.7
137.568,0.372958388,-1.45985298,66.4985332,36.6
137.581,0.372532637,-1.426896432,66.49234469,36.7
137.593,0.372532637,-1.392719272,66.4985332,36.6
137.606,0.372532637,-1.359762725,66.49234469,36.7
137.619,0.372958388,-1.293849631,66.3985332,36.7
137.632,0.372532637,-1.260893084,66.42804557,36.8
137.644,0.372532637,-1.193759376,66.43423407,36.7
137.657,0.372532637,-1.127846282,66.42804557,36.8
137.67,0.372532637,-1.094889735,66.43423407,36.7
137.682,0.372532637,-1.027756028,66.32804557,36.9
137.695,0.372532637,-0.961842933,66.32804557,36.9
137.708,0.372532637,-0.928886386,66.32804557,36.9
137.72,0.372532637,-0.862973292,66.36993495,36.8
137.733,0.372532637,-0.795839584,66.26374644,37
137.746,0.372532637,-0.72992649,66.26993495,36.9
137.759,0.372532637,-0.662792783,66.26374644,37
137.771,0.371681133,-0.596879688,66.18754702,37.1
137.784,0.371681133,-0.530966594,66.18754702,37.1
137.797,0.371681133,-0.498010047,66.18754702,37.1
137.809,0.371681133,-0.430876339,66.19373553,37
137.822,0.372532637,-0.397919792,66.08754702,37.2
137.835,0.371681133,-0.332006698,66.09373553,37.1
137.848,0.371681133,-0.299050151,66.08754702,37.2
137.86,0.372532637,-0.26487299,66.09373553,37.1
137.873,0.371681133,-0.198959896,65.98754702,37.3
137.886,0.371681133,-0.166003349,65.99373553,37.2
137.898,0.371681133,-0.133046802,65.98754702,37.3
137.911,0.371681133,-0.100090254,65.99373553,37.2
137.924,0.371681133,-0.032956547,66.02324789,37.3
137.936,0.37082963,0,65.9294364,37.3
137.949,0.37082963,0.032956547,65.92324789,37.4
137.962,0.37082963,0.065913094,65.9294364,37.3
137.975,0.37082963,0.100090254,65.92324789,37.4
137.987,0.37082963,0.133046802,65.92324789,37.4
138,0.37082963,0.166003349,65.92324789,37.4
138.013,0.37082963,0.198959896,65.92324789,37.4
138.025,0.37082963,0.231916443,65.82324789,37.5
138.038,0.37082963,0.231916443,65.8294364,37.4
138.051,0.37082963,0.26487299,65.8294364,37.4
138.064,0.37082963,0.299050151,65.85894877,37.5
138.076,0.37082963,0.332006698,65.86513728,37.4
138.089,0.37082963,0.332006698,65.82324789,37.5
138.102,0.37082963,0.364963245,65.8294364,37.4
138.114,0.37082963,0.364963245,65.82324789,37.5
138.127,0.37082963,0.397919792,65.86513728,37.4
138.14,0.370403879,0.397919792,65.85894877,37.5
138.152,0.37082963,0.430876339,65.86513728,37.4
138.165,0.37082963,0.430876339,65.85894877,37.5
138.178,0.37082963,0.463832887,65.76513728,37.5
138.191,0.37082963,0.463832887,65.75894877,37.6
138.203,0.37082963,0.498010047,65.76513728,37.5
138.216,0.37082963,0.498010047,65.75894877,37.6
138.229,0.37082963,0.498010047,65.76513728,37.5
138.241,0.37082963,0.498010047,65.75894877,37.6
138.254,0.37082963,0.530966594,65.75894877,37.6
138.267,0.37082963,0.530966594,65.75894877,37.6
138.279,0.370403879,0.563923141,65.75894877,37.6
138.292,0.37082963,0.563923141,65.76513728,37.5
138.305,0.37082963,0.563923141,65.75894877,37.6
138.318,0.37082963,0.563923141,65.76513728,37.5
138.33,0.37082963,0.563923141,65.75894877,37.6
138.343,0.37082963,0.563923141,65.76513728,37.5
138.356,0.37082963,0.563923141,65.75894877,37.6
138.368,0.37082963,0.563923141,65.76513728,37.5
138.381,0.37082963,0.563923141,65.75894877,37.6
138.394,0.37082963,0.563923141,65.75894877,37.6
138.406,0.37082963,0.563923141,65.75894877,37.6
138.419,0.37082963,0.563923141,65.76513728,37.5
138.432,0.37082963,0.530966594,65.75894877,37.6
138.445,0.37082963,0.530966594,65.76513728,37.5
138.457,0.37082963,0.530966594,65.72324789,37.6
138.47,0.37082963,0.530966594,65.72324789,37.6
138.483,0.37082963,0.498010047,65.7294364,37.5
138.495,0.37082963,0.498010047,65.72324789,37.6
138.508,0.37082963,0.463832887,65.8294364,37.4
138.521,0.37082963,0.463832887,65.82324789,37.5
138.534,0.37082963,0.430876339,65.8294364,37.4
138.546,0.37082963,0.397919792,65.82324789,37.5
138.559,0.37082963,0.397919792,65.8294364,37.4
138.572,0.37082963,0.364963245,65.82324789,37.5
138.584,0.37082963,0.332006698,65.8294364,37.4
138.597,0.37082963,0.299050151,65.82324789,37.5
138.61,0.37082963,0.26487299,65.8294364,37.4
138.622,0.37082963,0.231916443,65.92324789,37.4
138.635,0.37082963,0.231916443,65.9294364,37.3
138.648,0.37082963,0.198959896,65.92324789,37.4
138.661,0.37082963,0.166003349,65.9294364,37.3
138.673,0.37082963,0.133046802,65.92324789,37.4
138.686,0.37082963,0.100090254,65.88754702,37.4
138.699,0.37082963,0.065913094,65.92324789,37.4
138.711,0.37082963,0.065913094,66.02324789,37.3
138.724,0.37082963,0.032956547,65.99373553,37.2
138.737,0.37082963,0,65.98754702,37.3
138.749,0.37082963,-0.032956547,65.99373553,37.2
138.762,0.37082963,-0.065913094,65.98754702,37.3
138.775,0.37082963,-0.100090254,65.99373553,37.2
138.788,0.37082963,-0.133046802,65.98754702,37.3
138.8,0.371681133,-0.166003349,66.09373553,37.1
138.813,0.371681133,-0.166003349,66.08754702,37.2
138.826,0.371681133,-0.198959896,66.09373553,37.1
138.838,0.371681133,-0.231916443,66.08754702,37.2
138.851,0.371681133,-0.26487299,66.09373553,37.1
138.864,0.371681133,-0.26487299,66.06374644,37.2
138.877,0.371681133,-0.299050151,66.06993495,37.1
138.889,0.37082963,-0.299050151,66.06374644,37.2
138.902,0.371681133,-0.332006698,66.06993495,37.1
138.915,0.371681133,-0.332006698,66.18754702,37.1
138.927,0.37082963,-0.364963245,66.19373553,37
138.94,0.371681133,-0.364963245,66.18754702,37.1
138.953,0.37082963,-0.364963245,66.18754702,37.1
138.965,0.371681133,-0.364963245,66.19373553,37
138.978,0.371681133,-0.364963245,66.18754702,37.1
138.991,0.371681133,-0.332006698,66.19373553,37
139.004,0.371681133,-0.332006698,66.18754702,37.1
139.016,0.371681133,-0.332006698,66.19373553,37
139.029,0.37082963,-0.332006698,66.18754702,37.1
139.042,0.371681133,-0.332006698,66.09373553,37.1
139.054,0.371681133,-0.299050151,66.08754702,37.2
139.067,0.371681133,-0.26487299,66.09373553,37.1
139.08,0.371681133,-0.26487299,66.08754702,37.2
139.092,0.371681133,-0.231916443,66.08754702,37.2
139.105,0.371681133,-0.198959896,66.08754702,37.2
139.118,0.371681133,-0.198959896,66.09373553,37.1
139.131,0.371681133,-0.166003349,66.09373553,37.1
139.143,0.37082963,-0.133046802,66.08754702,37.2
139.156,0.37082963,-0.065913094,66.09373553,37.1
139.169,0.37082963,-0.032956547,65.98754702,37.3
139.181,0.371681133,0,66.0294364,37.2
139.194,0.371681133,0.032956547,66.02324789,37.3
139.207,0.371681133,0.065913094,66.0294364,37.2
139.22,0.37082963,0.100090254,66.02324789,37.3
139.232,0.37082963,0.133046802,66.0294364,37.2
139.245,0.37082963,0.133046802,65.92324789,37.4
139.258,0.37082963,0.198959896,65.9294364,37.3
139.27,0.37082963,0.231916443,65.92324789,37.4
139.283,0.37082963,0.26487299,65.9294364,37.3
139.296,0.37082963,0.299050151,65.92324789,37.4
139.308,0.37082963,0.332006698,65.92324789,37.4
139.321,0.37082963,0.364963245,65.85894877,37.5
139.334,0.37082963,0.397919792,65.85894877,37.5
139.347,0.37082963,0.430876339,65.85894877,37.5
139.359,0.37082963,0.463832887,65.85894877,37.5
139.372,0.37082963,0.498010047,65.8294364,37.4
139.385,0.37082963,0.530966594,65.85894877,37.5
139.397,0.37082963,0.563923141,65.76513728,37.5
139.41,0.37082963,0.596879688,65.75894877,37.6
139.423,0.37082963,0.596879688,65.76513728,37.5
139.435,0.37082963,0.596879688,65.75894877,37.6
139.448,0.37082963,0.629836235,65.76513728,37.5
139.461,0.37082963,0.629836235,65.75894877,37.6
139.474,0.37082963,0.629836235,65.76513728,37.5
139.486,0.37082963,0.629836235,65.75894877,37.6
139.499,0.37082963,0.629836235,65.76513728,37.5
139.512,0.37082963,0.662792783,65.75894877,37.6
139.524,0.37082963,0.629836235,65.76513728,37.5
139.537,0.37082963,0.662792783,65.75894877,37.6
139.55,0.370403879,0.662792783,65.75894877,37.6
139.563,0.37082963,0.629836235,65.72324789,37.6
139.575,0.37082963,0.629836235,65.72324789,37.6
139.588,0.37082963,0.629836235,65.7294364,37.5
139.601,0.37082963,0.629836235,65.75894877,37.6
139.613,0.37082963,0.629836235,65.76513728,37.5
139.626,0.37082963,0.596879688,65.75894877,37.6
139.639,0.37082963,0.596879688,65.76513728,37.5
139.651,0.37082963,0.563923141,65.72324789,37.6
139.664,0.37082963,0.530966594,65.8294364,37.4
139.677,0.37082963,0.498010047,65.82324789,37.5
139.69,0.37082963,0.463832887,65.8294364,37.4
139.702,0.37082963,0.463832887,65.82324789,37.5
139.715,0.37082963,0.430876339,65.8294364,37.4
139.728,0.37082963,0.397919792,65.82324789,37.5
139.74,0.37082963,0.364963245,65.8294364,37.4
139.753,0.37082963,0.332006698,65.92324789,37.4
139.766,0.37082963,0.299050151,65.92324789,37.4
139.778,0.37082963,0.26487299,65.89373553,37.3
139.791,0.37082963,0.231916443,65.88754702,37.4
139.804,0.37082963,0.198959896,65.89373553,37.3
139.817,0.37082963,0.166003349,65.88754702,37.4
139.829,0.37082963,0.133046802,65.99373553,37.2
139.842,0.37082963,0.100090254,65.98754702,37.3
139.855,0.37082963,0.032956547,65.99373553,37.2
139.867,0.37082963,0,65.98754702,37.3
139.88,0.37082963,-0.032956547,65.99373553,37.2
139.893,0.37082963,-0.065913094,66.06374644,37.2
139.906,0.37082963,-0.100090254,66.06993495,37.1
139.918,0.37082963,-0.133046802,66.08754702,37.2
139.931,0.371681133,-0.166003349,66.08754702,37.2
139.944,0.371681133,-0.198959896,66.08754702,37.2
139.956,0.371681133,-0.231916443,66.08754702,37.2
139.969,0.371681133,-0.26487299,66.16993495,37
139.982,0.371681133,-0.299050151,66.18754702,37.1
139.994,0.371681133,-0.332006698,66.19373553,37
140.007,0.37082963,-0.332006698,66.18754702,37.1
140.02,0.37082963,-0.332006698,66.19373553,37
140.033,0.371681133,-0.364963245,66.18754702,37.1
140.045,0.371681133,-0.397919792,66.19373553,37
140.058,0.371681133,-0.397919792,66.18754702,37.1
140.071,0.371681133,-0.430876339,66.19373553,37
140.083,0.371681133,-0.430876339,66.28754702,37
140.096,0.371681133,-0.463832887,66.29373553,36.9
140.109,0.371681133,-0.463832887,66.28754702,37
140.121,0.371681133,-0.463832887,66.29373553,36.9
140.134,0.371681133,-0.463832887,66.28754702,37
140.147,0.371681133,-0.498010047,66.26374644,37
140.16,0.371681133,-0.498010047,66.29373553,36.9
140.172,0.371681133,-0.530966594,66.28754702,37
140.185,0.371681133,-0.530966594,66.29373553,36.9
140.198,0.371681133,-0.530966594,66.28754702,37
140.21,0.371681133,-0.530966594,66.26993495,36.9
140.223,0.371681133,-0.563923141,66.26374644,37
140.236,0.371681133,-0.563923141,66.29373553,36.9
140.249,0.371681133,-0.530966594,66.25755793,37.1
140.261,0.371681133,-0.563923141,66.26993495,36.9
140.274,0.371681133,-0.563923141,66.28754702,37
140.287,0.371681133,-0.563923141,66.29373553,36.9
140.299,0.371681133,-0.563923141,66.28754702,37
140.312,0.371681133,-0.563923141,66.29373553,36.9
140.325,0.371681133,-0.563923141,66.26374644,37
140.337,0.371681133,-0.563923141,66.26993495,36.9
140.35,0.371681133,-0.563923141,66.26374644,37
140.363,0.371681133,-0.563923141,66.26993495,36.9
140.376,0.371681133,-0.530966594,66.26993495,36.9
140.388,0.371681133,-0.530966594,66.28754702,37
140.401,0.371681133,-0.530966594,66.29373553,36.9
140.414,0.371681133,-0.530966594,66.26374644,37
140.426,0.371681133,-0.530966594,66.26993495,36.9
140.439,0.371681133,-0.498010047,66.26374644,37
140.452,0.371681133,-0.498010047,66.26993495,36.9
140.464,0.371681133,-0.498010047,66.26374644,37
140.477,0.371681133,-0.463832887,66.29373553,36.9
140.49,0.371681133,-0.463832887,66.28754702,37
140.503,0.371681133,-0.463832887,66.29373553,36.9
140.515,0.371681133,-0.463832887,66.28754702,37
140.528,0.371681133,-0.463832887,66.29373553,36.9
140.541,0.371681133,-0.430876339,66.28754702,37
140.553,0.371681133,-0.430876339,66.28754702,37
140.566,0.371681133,-0.430876339,66.28754702,37
140.579,0.371681133,-0.430876339,66.28754702,37
140.592,0.371681133,-0.397919792,66.29373553,36.9
140.604,0.371681133,-0.397919792,66.28754702,37
140.617,0.371681133,-0.397919792,66.29373553,36.9
140.63,0.37082963,-0.397919792,66.28754702,37
140.642,0.371681133,-0.364963245,66.19373553,37
140.655,0.371681133,-0.364963245,66.18754702,37.1
140.668,0.371681133,-0.332006698,66.19373553,37
140.68,0.371681133,-0.332006698,66.18754702,37.1
140.693,0.371681133,-0.332006698,66.19373553,37
140.706,0.371681133,-0.332006698,66.18754702,37.1
140.719,0.371681133,-0.332006698,66.18754702,37.1
140.731,0.371681133,-0.299050151,66.18754702,37.1
140.744,0.371681133,-0.299050151,66.18754702,37.1
140.757,0.371681133,-0.299050151,66.19373553,37
140.769,0.371681133,-0.299050151,66.18754702,37.1
140.782,0.371681133,-0.299050151,66.19373553,37
140.795,0.371681133,-0.26487299,66.18754702,37.1
140.807,0.371681133,-0.26487299,66.19373553,37
140.82,0.371681133,-0.26487299,66.18754702,37.1
140.833,0.371681133,-0.26487299,66.19373553,37
140.846,0.371681133,-0.26487299,66.18754702,37.1
140.858,0.371681133,-0.26487299,66.19992404,36.9
140.871,0.371681133,-0.231916443,66.18754702,37.1
140.884,0.371681133,-0.231916443,66.19373553,37
140.896,0.371681133,-0.231916443,66.18754702,37.1
140.909,0.371681133,-0.231916443,66.19373553,37
140.922,0.371681133,-0.231916443,66.18754702,37.1
140.935,0.371681133,-0.231916443,66.19373553,37
140.947,0.371681133,-0.231916443,66.18754702,37.1
140.96,0.371681133,-0.198959896,66.19373553,37
140.973,0.371681133,-0.198959896,66.19373553,37
140.985,0.371681133,-0.198959896,66.18754702,37.1
140.998,0.371681133,-0.198959896,66.19373553,37
141.011,0.37082963,-0.198959896,66.18754702,37.1
141.023,0.371681133,-0.198959896,66.19373553,37
141.036,0.371681133,-0.198959896,66.22324789,37.1
141.049,0.371681133,-0.198959896,66.19992404,36.9
141.062,0.37082963,-0.166003349,66.18754702,37.1
141.074,0.371681133,-0.166003349,66.19992404,36.9
141.087,0.37082963,-0.133046802,66.18754702,37.1
141.1,0.371681133,-0.133046802,66.19373553,37
141.112,0.371681133,-0.133046802,66.22324789,37.1
141.125,0.371681133,-0.100090254,66.2294364,37
141.138,0.37082963,-0.100090254,66.12324789,37.2
141.15,0.37082963,-0.100090254,66.1294364,37.1
141.163,0.37082963,-0.100090254,66.1294364,37.1
141.176,0.371681133,-0.065913094,66.12324789,37.2
141.189,0.371681133,-0.065913094,66.1294364,37.1
141.201,0.37082963,-0.032956547,66.12324789,37.2
141.214,0.37082963,0,66.1294364,37.1
141.227,0.37082963,0,66.12324789,37.2
141.239,0.371681133,0.032956547,66.1294364,37.1
141.252,0.371681133,0.065913094,66.12324789,37.2
141.265,0.37082963,0.065913094,66.1294364,37.1
141.278,0.371681133,0.100090254,66.12324789,37.2
141.29,0.371681133,0.100090254,66.1294364,37.1
141.303,0.371681133,0.133046802,66.12324789,37.2
141.316,0.37082963,0.133046802,66.05894877,37.3
141.328,0.37082963,0.166003349,66.05894877,37.3
141.341,0.37082963,0.166003349,66.05894877,37.3
141.354,0.371681133,0.198959896,66.0294364,37.2
141.366,0.37082963,0.198959896,66.02324789,37.3
141.379,0.37082963,0.231916443,66.06513728,37.2
141.392,0.371681133,0.26487299,66.05894877,37.3
141.405,0.371681133,0.299050151,66.06513728,37.2
141.417,0.371681133,0.299050151,66.08274935,37.3
141.43,0.371681133,0.299050151,66.06513728,37.2
141.443,0.371681133,0.299050151,66.05894877,37.3
141.455,0.37082963,0.332006698,65.9294364,37.3
141.468,0.37082963,0.332006698,65.95894877,37.4
141.481,0.371681133,0.332006698,65.96513728,37.3
141.493,0.371681133,0.332006698,65.95894877,37.4
141.506,0.37082963,0.364963245,65.96513728,37.3
141.519,0.37082963,0.364963245,65.95894877,37.4
141.532,0.37082963,0.364963245,65.9294364,37.3
141.544,0.37082963,0.364963245,65.96513728,37.3
141.557,0.37082963,0.364963245,65.95894877,37.4
141.57,0.37082963,0.364963245,65.96513728,37.3
141.582,0.371681133,0.364963245,65.92324789,37.4
141.595,0.371681133,0.364963245,65.9294364,37.3
141.608,0.371681133,0.364963245,65.92324789,37.4
141.621,0.37082963,0.364963245,65.97132578,37.2
141.633,0.37082963,0.332006698,65.92324789,37.4
141.646,0.37082963,0.332006698,65.97132578,37.2
141.659,0.37082963,0.332006698,65.92324789,37.4
141.671,0.37082963,0.332006698,65.9294364,37.3
141.684,0.37082963,0.332006698,65.92324789,37.4
141.697,0.37082963,0.332006698,65.9294364,37.3
141.709,0.37082963,0.332006698,66.02324789,37.3
141.722,0.37082963,0.299050151,66.0294364,37.2
141.735,0.37082963,0.26487299,66.0294364,37.2
141.748,0.37082963,0.231916443,66.0294364,37.2
141.76,0.37082963,0.231916443,66.0294364,37.2
141.773,0.37082963,0.231916443,66.02324789,37.3
141.786,0.371681133,0.198959896,66.0294364,37.2
141.798,0.37082963,0.166003349,66.02324789,37.3
141.811,0.37082963,0.166003349,66.0294364,37.2
141.824,0.37082963,0.133046802,66.02324789,37.3
141.836,0.371681133,0.133046802,66.13562491,37
141.849,0.37082963,0.100090254,66.12324789,37.2
141.862,0.37082963,0.065913094,66.13562491,37
141.875,0.37082963,0.032956547,66.12324789,37.2
141.887,0.37082963,0.032956547,66.09373553,37.1
141.9,0.37082963,0,66.08754702,37.2
141.913,0.37082963,-0.032956547,66.09373553,37.1
141.925,0.37082963,-0.032956547,66.08754702,37.2
141.938,0.37082963,-0.065913094,66.09373553,37.1
141.951,0.37082963,-0.065913094,66.08754702,37.2
141.964,0.371681133,-0.100090254,66.09373553,37.1
141.976,0.371681133,-0.100090254,66.09373553,37.1
141.989,0.371681133,-0.133046802,66.18754702,37.1
142.002,0.371681133,-0.133046802,66.19373553,37
142.014,0.37082963,-0.166003349,66.18754702,37.1
142.027,0.37082963,-0.166003349,66.19373553,37
142.04,0.37082963,-0.166003349,66.18754702,37.1
142.052,0.37082963,-0.198959896,66.19373553,37
142.065,0.37082963,-0.231916443,66.18754702,37.1
142.078,0.371681133,-0.231916443,66.19373553,37
142.091,0.37082963,-0.231916443,66.18754702,37.1
142.103,0.371681133,-0.26487299,66.19373553,37
142.116,0.371681133,-0.26487299,66.18754702,37.1
142.129,0.371681133,-0.26487299,66.19373553,37
142.141,0.37082963,-0.299050151,66.18754702,37.1
142.154,0.37082963,-0.299050151,66.19373553,37
142.167,0.37082963,-0.299050151,66.18754702,37.1
142.179,0.371681133,-0.299050151,66.19373553,37
142.192,0.371681133,-0.299050151,66.19373553,37
142.205,0.371681133,-0.299050151,66.18754702,37.1
142.218,0.371681133,-0.299050151,66.19373553,37
142.23,0.371681133,-0.299050151,66.18754702,37.1
142.243,0.37082963,-0.299050151,66.19373553,37
142.256,0.37082963,-0.299050151,66.18754702,37.1
142.268,0.37082963,-0.299050151,66.19373553,37
142.281,0.37082963,-0.299050151,66.18754702,37.1
142.294,0.371681133,-0.299050151,66.19373553,37
142.307,0.371681133,-0.299050151,66.18754702,37.1
142.319,0.371681133,-0.299050151,66.19373553,37
142.332,0.371681133,-0.299050151,66.18754702,37.1
142.345,0.37082963,-0.299050151,66.19373553,37
142.357,0.37082963,-0.299050151,66.18754702,37.1
142.37,0.371681133,-0.299050151,66.19373553,37
142.383,0.371681133,-0.26487299,66.18754702,37.1
142.395,0.371681133,-0.26487299,66.19373553,37
142.408,0.371681133,-0.26487299,66.18754702,37.1
142.421,0.371681133,-0.26487299,66.19373553,37
142.434,0.371681133,-0.231916443,66.19373553,37
142.446,0.371681133,-0.231916443,66.18754702,37.1
142.459,0.371681133,-0.231916443,66.19373553,37
142.472,0.371681133,-0.198959896,66.18754702,37.1
142.484,0.37082963,-0.198959896,66.19373553,37
142.497,0.371681133,-0.166003349,66.18754702,37.1
142.51,0.37082963,-0.166003349,66.19373553,37
142.522,0.371681133,-0.133046802,66.18754702,37.1
142.535,0.371681133,-0.133046802,66.19373553,37
142.548,0.37082963,-0.133046802,66.18754702,37.1
142.561,0.37082963,-0.100090254,66.19373553,37
142.573,0.37082963,-0.100090254,66.08754702,37.2
142.586,0.37082963,-0.100090254,66.09373553,37.1
142.599,0.37082963,-0.065913094,66.08754702,37.2
142.611,0.37082963,-0.032956547,66.09373553,37.1
142.624,0.37082963,-0.032956547,66.08754702,37.2
142.637,0.37082963,0,66.09373553,37.1
142.65,0.37082963,0,66.12324789,37.2
142.662,0.37082963,0,66.1294364,37.1
142.675,0.37082963,0.032956547,66.12324789,37.2
142.688,0.371681133,0.032956547,66.1294364,37.1
142.7,0.371681133,0.065913094,66.12324789,37.2
142.713,0.371681133,0.065913094,66.09373553,37.1
142.726,0.371681133,0.100090254,66.09373553,37.1
142.738,0.37082963,0.100090254,66.12324789,37.2
142.751,0.37082963,0.133046802,66.12324789,37.2
142.764,0.37082963,0.166003349,66.02324789,37.3
142.777,0.37082963,0.166003349,66.0294364,37.2
142.789,0.37082963,0.198959896,66.02324789,37.3
142.802,0.37082963,0.198959896,66.0294364,37.2
142.815,0.37082963,0.231916443,66.02324789,37.3
142.827,0.37082963,0.231916443,66.0294364,37.2
142.84,0.37082963,0.26487299,66.02324789,37.3
142.853,0.37082963,0.299050151,66.0294364,37.2
142.865,0.37082963,0.299050151,66.02324789,37.3
142.878,0.37082963,0.332006698,66.0294364,37.2
142.891,0.37082963,0.332006698,66.02324789,37.3
142.904,0.37082963,0.364963245,66.0294364,37.2
142.916,0.37082963,0.397919792,65.95894877,37.4
142.929,0.37082963,0.397919792,65.9294364,37.3
142.942,0.371681133,0.430876339,65.92324789,37.4
142.954,0.37082963,0.463832887,65.92324789,37.4
142.967,0.37082963,0.498010047,65.95894877,37.4
142.98,0.37082963,0.498010047,65.96513728,37.3
142.993,0.37082963,0.530966594,65.95894877,37.4
143.005,0.371681133,0.530966594,65.96513728,37.3
143.018,0.37082963,0.563923141,65.85894877,37.5
143.031,0.37082963,0.563923141,65.86513728,37.4
143.043,0.37082963,0.596879688,65.85894877,37.5
143.056,0.37082963,0.596879688,65.85894877,37.5
143.069,0.37082963,0.596879688,65.85894877,37.5
143.081,0.37082963,0.629836235,65.86513728,37.4
143.094,0.37082963,0.629836235,65.86513728,37.4
143.107,0.37082963,0.662792783,65.86513728,37.4
143.12,0.37082963,0.662792783,65.8294364,37.4
143.132,0.37082963,0.696969943,65.82324789,37.5
143.145,0.370403879,0.696969943,65.82324789,37.5
143.158,0.37082963,0.72992649,65.75894877,37.6
143.17,0.37082963,0.72992649,65.75894877,37.6
143.183,0.37082963,0.72992649,65.75894877,37.6
143.196,0.370403879,0.762883037,65.76513728,37.5
143.208,0.37082963,0.762883037,65.75894877,37.6
143.221,0.37082963,0.762883037,65.76513728,37.5
143.234,0.37082963,0.762883037,65.75894877,37.6
143.247,0.37082963,0.795839584,65.76513728,37.5
143.259,0.37082963,0.795839584,65.75894877,37.6
143.272,0.37082963,0.828796131,65.75894877,37.6
143.285,0.37082963,0.828796131,65.75894877,37.6
143.297,0.37082963,0.828796131,65.76513728,37.5
143.31,0.37082963,0.862973292,65.75894877,37.6
143.323,0.37082963,0.862973292,65.76513728,37.5
143.336,0.37082963,0.862973292,65.75894877,37.6
143.348,0.37082963,0.862973292,65.75894877,37.6
143.361,0.37082963,0.862973292,65.75894877,37.6
143.374,0.37082963,0.895929839,65.76513728,37.5
143.386,0.37082963,0.895929839,65.75894877,37.6
143.399,0.37082963,0.895929839,65.76513728,37.5
143.412,0.37082963,0.895929839,65.75894877,37.6
143.424,0.37082963,0.928886386,65.76513728,37.5
143.437,0.37082963,0.928886386,65.75894877,37.6
143.45,0.37082963,0.928886386,65.76513728,37.5
143.463,0.37082963,0.928886386,65.75894877,37.6
143.475,0.37082963,0.928886386,65.76513728,37.5
143.488,0.37082963,0.928886386,65.75894877,37.6
143.501,0.37082963,0.928886386,65.75894877,37.6
143.513,0.37082963,0.928886386,65.75894877,37.6
143.526,0.37082963,0.928886386,65.76513728,37.5
143.539,0.37082963,0.895929839,65.75894877,37.6
143.551,0.37082963,0.895929839,65.75894877,37.6
143.564,0.371681133,0.895929839,65.75894877,37.6
143.577,0.37082963,0.895929839,65.75894877,37.6
143.59,0.37082963,0.895929839,65.75894877,37.6
143.602,0.37082963,0.862973292,65.75894877,37.6
143.615,0.37082963,0.862973292,65.75894877,37.6
143.628,0.37082963,0.862973292,65.75894877,37.6
143.64,0.37082963,0.828796131,65.76513728,37.5
143.653,0.37082963,0.795839584,65.75894877,37.6
143.666,0.37082963,0.762883037,65.86513728,37.4
143.678,0.37082963,0.72992649,65.85894877,37.5
143.691,0.371681133,0.696969943,65.86513728,37.4
143.704,0.37082963,0.662792783,65.85894877,37.5
143.717,0.371681133,0.629836235,65.8294364,37.4
143.729,0.37082963,0.629836235,65.82324789,37.5
143.742,0.37082963,0.596879688,65.8294364,37.4
143.755,0.37082963,0.530966594,65.92324789,37.4
143.767,0.37082963,0.498010047,65.9294364,37.3
143.78,0.37082963,0.463832887,65.92324789,37.4
143.793,0.37082963,0.430876339,65.9294364,37.3
143.806,0.371681133,0.397919792,65.92324789,37.4
143.818,0.371681133,0.332006698,65.99373553,37.2
143.831,0.371681133,0.299050151,66.02324789,37.3
143.844,0.37082963,0.26487299,65.99373553,37.2
143.856,0.37082963,0.198959896,65.98754702,37.3
143.869,0.37082963,0.166003349,65.99373553,37.2
143.882,0.371681133,0.133046802,66.08754702,37.2
143.894,0.371681133,0.065913094,66.09373553,37.1
143.907,0.371681133,0.032956547,66.08754702,37.2
143.92,0.371681133,0,66.09373553,37.1
143.933,0.371681133,-0.032956547,66.18754702,37.1
143.945,0.37082963,-0.065913094,66.18754702,37.1
143.958,0.371681133,-0.100090254,66.19373553,37
143.971,0.37082963,-0.133046802,66.18754702,37.1
143.983,0.371681133,-0.166003349,66.19373553,37
143.996,0.371681133,-0.166003349,66.18754702,37.1
144.009,0.371681133,-0.198959896,66.29373553,36.9
144.022,0.371681133,-0.231916443,66.28754702,37
144.034,0.371681133,-0.231916443,66.29373553,36.9
144.047,0.371681133,-0.26487299,66.28754702,37
144.06,0.371681133,-0.26487299,66.29373553,36.9
144.072,0.37082963,-0.299050151,66.28754702,37
144.085,0.371681133,-0.332006698,66.29373553,36.9
144.098,0.371681133,-0.332006698,66.28754702,37
144.11,0.371681133,-0.332006698,66.4294364,36.8
144.123,0.371681133,-0.364963245,66.38754702,36.9
144.136,0.371681133,-0.364963245,66.38754702,36.9
144.149,0.371681133,-0.364963245,66.38754702,36.9
144.161,0.371681133,-0.397919792,66.39373553,36.8
144.174,0.371681133,-0.397919792,66.38754702,36.9
144.187,0.371681133,-0.397919792,66.39373553,36.8
144.199,0.371681133,-0.397919792,66.38754702,36.9
144.212,0.371681133,-0.397919792,66.38754702,36.9
144.225,0.371681133,-0.397919792,66.38754702,36.9
144.237,0.371681133,-0.397919792,66.38754702,36.9
144.25,0.371681133,-0.397919792,66.38754702,36.9
144.263,0.371681133,-0.364963245,66.38754702,36.9
144.276,0.371681133,-0.364963245,66.39373553,36.8
144.288,0.37082963,-0.332006698,66.39373553,36.8
144.301,0.37082963,-0.299050151,66.29373553,36.9
144.314,0.37082963,-0.26487299,66.32324789,37
144.326,0.37082963,-0.231916443,66.32324789,37
144.339,0.37082963,-0.198959896,66.32324789,37
144.352,0.371681133,-0.166003349,66.32324789,37
144.365,0.371681133,-0.133046802,66.32324789,37
144.377,0.371681133,-0.100090254,66.3294364,36.9
144.39,0.371681133,-0.065913094,66.22324789,37.1
144.403,0.37082963,0,66.2294364,37
144.415,0.371681133,0.032956547,66.22324789,37.1
144.428,0.37082963,0.065913094,66.22324789,37.1
144.441,0.37082963,0.100090254,66.22324789,37.1
144.453,0.37082963,0.166003349,66.15894877,37.2
144.466,0.37082963,0.198959896,66.16513728,37.1
144.479,0.37082963,0.231916443,66.16513728,37.1
144.492,0.37082963,0.299050151,66.16513728,37.1
144.504,0.37082963,0.332006698,66.15894877,37.2
144.517,0.37082963,0.364963245,66.06513728,37.2
144.53,0.371681133,0.397919792,66.05894877,37.3
144.542,0.37082963,0.430876339,66.06513728,37.2
144.555,0.37082963,0.463832887,66.05894877,37.3
144.568,0.37082963,0.498010047,66.06513728,37.2
144.58,0.37082963,0.530966594,65.95894877,37.4
144.593,0.37082963,0.563923141,65.96513728,37.3
144.606,0.37082963,0.596879688,65.98274935,37.4
144.619,0.37082963,0.596879688,65.98274935,37.4
144.631,0.37082963,0.629836235,65.95894877,37.4
144.644,0.371681133,0.629836235,65.95894877,37.4
144.657,0.371681133,0.662792783,65.96513728,37.3
144.669,0.37082963,0.662792783,65.95894877,37.4
144.682,0.37082963,0.662792783,65.86513728,37.4
144.695,0.37082963,0.696969943,65.85894877,37.5
144.708,0.37082963,0.696969943,65.86513728,37.4
144.72,0.37082963,0.696969943,65.85894877,37.5
144.733,0.37082963,0.72992649,65.86513728,37.4
144.746,0.371681133,0.72992649,65.85894877,37.5
144.758,0.371681133,0.72992649,65.86513728,37.4
144.771,0.37082963,0.72992649,65.85894877,37.5
144.784,0.37082963,0.72992649,65.86513728,37.4
144.796,0.37082963,0.72992649,65.85894877,37.5
144.809,0.37082963,0.72992649,65.86513728,37.4
144.822,0.37082963,0.696969943,65.85894877,37.5
144.835,0.37082963,0.696969943,65.86513728,37.4
144.847,0.37082963,0.662792783,65.85894877,37.5
144.86,0.37082963,0.662792783,65.8294364,37.4
144.873,0.37082963,0.629836235,65.92324789,37.4
144.885,0.37082963,0.596879688,65.9294364,37.3
144.898,0.371681133,0.563923141,65.92324789,37.4
144.911,0.371681133,0.563923141,65.92324789,37.4
144.923,0.371681133,0.530966594,65.92324789,37.4
144.936,0.37082963,0.463832887,65.92324789,37.4
144.949,0.37082963,0.430876339,66.0294364,37.2
144.962,0.37082963,0.397919792,66.02324789,37.3
144.974,0.37082963,0.364963245,66.0294364,37.2
144.987,0.37082963,0.332006698,66.02324789,37.3
145,0.37082963,0.26487299,66.0294364,37.2
145.012,0.37082963,0.231916443,66.12324789,37.2
145.025,0.37082963,0.166003349,66.09373553,37.1
145.038,0.37082963,0.133046802,66.08754702,37.2
145.051,0.371681133,0.100090254,66.09373553,37.1
145.063,0.371681133,0.032956547,66.08754702,37.2
145.076,0.371681133,0,66.19373553,37
145.089,0.371681133,-0.032956547,66.18754702,37.1
145.101,0.37082963,-0.065913094,66.19373553,37
145.114,0.37082963,-0.133046802,66.18754702,37.1
145.127,0.37082963,-0.166003349,66.29373553,36.9
145.139,0.371681133,-0.198959896,66.28754702,37
145.152,0.371681133,-0.26487299,66.29373553,36.9
145.165,0.371681133,-0.299050151,66.29373553,36.9
145.178,0.371681133,-0.332006698,66.39373553,36.8
145.19,0.371681133,-0.364963245,66.39373553,36.8
145.203,0.37082963,-0.397919792,66.38754702,36.9
145.216,0.37082963,-0.430876339,66.39373553,36.8
145.228,0.37082963,-0.463832887,66.48754702,36.8
145.241,0.371681133,-0.498010047,66.49373553,36.7
145.254,0.371681133,-0.530966594,66.48754702,36.8
145.266,0.371681133,-0.563923141,66.49373553,36.7
145.279,0.371681133,-0.596879688,66.48754702,36.8
145.292,0.371681133,-0.629836235,66.49373553,36.7
145.305,0.371681133,-0.629836235,66.48754702,36.8
145.317,0.371681133,-0.662792783,66.49373553,36.7
145.33,0.371681133,-0.696969943,66.58754702,36.7
145.343,0.371681133,-0.72992649,66.59373553,36.6
145.355,0.371681133,-0.762883037,66.56374644,36.7
145.368,0.371681133,-0.795839584,66.56993495,36.6
145.381,0.371681133,-0.828796131,66.56374644,36.7
145.393,0.372532637,-0.862973292,66.56374644,36.7
145.406,0.372532637,-0.895929839,66.56374644,36.7
145.419,0.371681133,-0.895929839,66.56374644,36.7
145.432,0.372532637,-0.895929839,66.56993495,36.6
145.444,0.372532637,-0.928886386,66.56374644,36.7
145.457,0.372532637,-0.928886386,66.56993495,36.6
145.47,0.372532637,-0.928886386,66.56374644,36.7
145.482,0.372532637,-0.961842933,66.63423407,36.5
145.495,0.372532637,-0.961842933,66.66374644,36.6
145.508,0.371681133,-0.961842933,66.66993495,36.5
145.521,0.371681133,-0.961842933,66.66374644,36.6
145.533,0.372532637,-0.961842933,66.66993495,36.5
145.546,0.372532637,-0.961842933,66.66374644,36.6
145.559,0.372532637,-0.961842933,66.66993495,36.5
145.571,0.372532637,-0.961842933,66.66374644,36.6
145.584,0.372532637,-0.928886386,66.56374644,36.7
145.597,0.372532637,-0.928886386,66.56374644,36.7
145.609,0.371681133,-0.928886386,66.56374644,36.7
145.622,0.372532637,-0.895929839,66.56993495,36.6
145.635,0.372532637,-0.895929839,66.56374644,36.7
145.648,0.372532637,-0.862973292,66.56993495,36.6
145.66,0.372532637,-0.828796131,66.56374644,36.7
145.673,0.372532637,-0.795839584,66.56993495,36.6
145.686,0.371681133,-0.762883037,66.56374644,36.7
145.698,0.371681133,-0.72992649,66.59373553,36.6
145.711,0.371681133,-0.696969943,66.48754702,36.8
145.724,0.371681133,-0.662792783,66.49373553,36.7
145.737,0.371681133,-0.629836235,66.48754702,36.8
145.749,0.371681133,-0.596879688,66.49373553,36.7
145.762,0.371681133,-0.563923141,66.48754702,36.8
145.775,0.371681133,-0.530966594,66.49373553,36.7
145.787,0.371681133,-0.498010047,66.48754702,36.8
145.8,0.371681133,-0.463832887,66.39373553,36.8
145.813,0.371681133,-0.430876339,66.38754702,36.9
145.825,0.371681133,-0.397919792,66.39373553,36.8
145.838,0.371681133,-0.364963245,66.42324789,36.9
145.851,0.371681133,-0.332006698,66.4294364,36.8
145.864,0.371681133,-0.26487299,66.4294364,36.8
145.876,0.371681133,-0.231916443,66.32324789,37
145.889,0.371681133,-0.198959896,66.3294364,36.9
145.902,0.371681133,-0.166003349,66.32324789,37
145.914,0.371681133,-0.133046802,66.3294364,36.9
145.927,0.371681133,-0.100090254,66.32324789,37
145.94,0.371681133,-0.065913094,66.3294364,36.9
145.952,0.37082963,-0.032956547,66.22324789,37.1
145.965,0.371681133,0,66.2294364,37
145.978,0.371681133,0.032956547,66.22324789,37.1
145.991,0.371681133,0.065913094,66.2294364,37
146.003,0.371681133,0.100090254,66.22324789,37.1
146.016,0.371681133,0.100090254,66.26513728,37
146.029,0.371681133,0.133046802,66.22324789,37.1
146.041,0.37082963,0.166003349,66.1294364,37.1
146.054,0.37082963,0.166003349,66.12324789,37.2
146.067,0.37082963,0.198959896,66.1294364,37.1
146.079,0.37082963,0.198959896,66.12324789,37.2
146.092,0.37082963,0.231916443,66.15894877,37.2
146.105,0.371681133,0.231916443,66.16513728,37.1
146.118,0.371681133,0.26487299,66.15894877,37.2
146.13,0.371681133,0.26487299,66.16513728,37.1
146.143,0.37082963,0.26487299,66.15894877,37.2
146.156,0.37082963,0.299050151,66.1294364,37.1
146.168,0.37082963,0.299050151,66.12324789,37.2
146.181,0.37082963,0.299050151,66.1294364,37.1
146.194,0.37082963,0.299050151,66.15894877,37.2
146.207,0.37082963,0.299050151,66.1294364,37.1
146.219,0.37082963,0.299050151,66.12324789,37.2
146.232,0.37082963,0.332006698,66.1294364,37.1
146.245,0.37082963,0.299050151,66.12324789,37.2
146.257,0.37082963,0.299050151,66.1294364,37.1
146.27,0.37082963,0.299050151,66.12324789,37.2
146.283,0.37082963,0.299050151,66.12324789,37.2
146.295,0.37082963,0.299050151,66.12324789,37.2
146.308,0.37082963,0.299050151,66.12324789,37.2
146.321,0.37082963,0.299050151,66.1294364,37.1
146.334,0.37082963,0.26487299,66.12324789,37.2
146.346,0.37082963,0.26487299,66.1294364,37.1
146.359,0.37082963,0.26487299,66.12324789,37.2
146.372,0.37082963,0.231916443,66.1294364,37.1
146.384,0.37082963,0.198959896,66.15894877,37.2
146.397,0.37082963,0.198959896,66.1294364,37.1
146.41,0.37082963,0.166003349,66.12324789,37.2
146.422,0.37082963,0.133046802,66.1294364,37.1
146.435,0.37082963,0.133046802,66.22324789,37.1
146.448,0.37082963,0.100090254,66.2294364,37
146.461,0.37082963,0.065913094,66.18754702,37.1
146.473,0.371681133,0.032956547,66.19373553,37
146.486,0.371681133,0,66.19373553,37
146.499,0.37082963,0,66.18754702,37.1
146.511,0.371681133,-0.032956547,66.19373553,37
146.524,0.371681133,-0.065913094,66.18754702,37.1
146.537,0.371681133,-0.100090254,66.29373553,36.9
146.55,0.37082963,-0.133046802,66.28754702,37
146.562,0.37082963,-0.166003349,66.29373553,36.9
146.575,0.37082963,-0.198959896,66.28754702,37
146.588,0.37082963,-0.231916443,66.29373553,36.9
146.6,0.37082963,-0.231916443,66.26374644,37
146.613,0.371681133,-0.26487299,66.29373553,36.9
146.626,0.371681133,-0.299050151,66.28754702,37
146.638,0.371681133,-0.364963245,66.39373553,36.8
146.651,0.371681133,-0.397919792,66.38754702,36.9
146.664,0.371681133,-0.430876339,66.36993495,36.8
146.677,0.371681133,-0.430876339,66.36374644,36.9
146.689,0.371681133,-0.463832887,66.36993495,36.8
146.702,0.371681133,-0.498010047,66.36993495,36.8
146.715,0.371681133,-0.530966594,66.46993495,36.7
146.727,0.371681133,-0.563923141,66.46993495,36.7
146.74,0.371681133,-0.563923141,66.46374644,36.8
146.753,0.371681133,-0.596879688,66.46993495,36.7
146.766,0.371681133,-0.629836235,66.46374644,36.8
146.778,0.371681133,-0.662792783,66.46993495,36.7
146.791,0.371681133,-0.662792783,66.46374644,36.8
146.804,0.371681133,-0.696969943,66.46993495,36.7
146.816,0.371681133,-0.72992649,66.56374644,36.7
146.829,0.371681133,-0.72992649,66.56993495,36.6
146.842,0.372532637,-0.72992649,66.56374644,36.7
146.854,0.371681133,-0.762883037,66.56993495,36.6
146.867,0.371681133,-0.762883037,66.56374644,36.7
146.88,0.371681133,-0.762883037,66.56993495,36.6
146.893,0.371681133,-0.795839584,66.56374644,36.7
146.905,0.371681133,-0.795839584,66.56374644,36.7
146.918,0.371681133,-0.795839584,66.56374644,36.7
146.931,0.371681133,-0.828796131,66.56993495,36.6
146.943,0.371681133,-0.828796131,66.56993495,36.6
146.956,0.371681133,-0.795839584,66.56374644,36.7
146.969,0.371681133,-0.795839584,66.56993495,36.6
146.981,0.371681133,-0.795839584,66.56374644,36.7
146.994,0.371681133,-0.795839584,66.56993495,36.6
147.007,0.372532637,-0.795839584,66.56374644,36.7
147.02,0.371681133,-0.795839584,66.56993495,36.6
147.032,0.371681133,-0.795839584,66.56374644,36.7
147.045,0.371681133,-0.762883037,66.56993495,36.6
147.058,0.371681133,-0.762883037,66.56374644,36.7
147.07,0.371681133,-0.762883037,66.59373553,36.6
147.083,0.371681133,-0.72992649,66.58754702,36.7
147.096,0.371681133,-0.696969943,66.59373553,36.6
147.108,0.371681133,-0.662792783,66.49373553,36.7
147.121,0.371681133,-0.629836235,66.48754702,36.8
147.134,0.371681133,-0.596879688,66.49373553,36.7
147.147,0.371681133,-0.563923141,66.48754702,36.8
147.159,0.371681133,-0.530966594,66.49373553,36.7
147.172,0.371681133,-0.498010047,66.48754702,36.8
147.185,0.371681133,-0.463832887,66.49373553,36.7
147.197,0.371681133,-0.397919792,66.42324789,36.9
147.21,0.371681133,-0.364963245,66.4294364,36.8
147.223,0.371681133,-0.332006698,66.42324789,36.9
147.236,0.371681133,-0.299050151,66.4294364,36.8
147.248,0.371681133,-0.231916443,66.42324789,36.9
147.261,0.37082963,-0.198959896,66.3294364,36.9
147.274,0.371681133,-0.166003349,66.32324789,37
147.286,0.371681133,-0.100090254,66.3294364,36.9
147.299,0.371681133,-0.065913094,66.32324789,37
147.312,0.37082963,-0.032956547,66.3294364,36.9
147.324,0.37082963,0,66.2294364,37
147.337,0.371681133,0.065913094,66.22324789,37.1
147.35,0.371681133,0.100090254,66.2294364,37
147.363,0.371681133,0.133046802,66.22324789,37.1
147.375,0.37082963,0.198959896,66.1294364,37.1
147.388,0.37082963,0.231916443,66.12324789,37.2
147.401,0.37082963,0.26487299,66.1294364,37.1
147.413,0.37082963,0.299050151,66.15894877,37.2
147.426,0.371681133,0.332006698,66.17132578,37
147.439,0.371681133,0.364963245,66.15894877,37.2
147.452,0.371681133,0.364963245,66.0294364,37.2
147.464,0.371681133,0.397919792,66.05894877,37.3
147.477,0.37082963,0.430876339,66.06513728,37.2
147.49,0.37082963,0.430876339,66.05894877,37.3
147.502,0.37082963,0.463832887,66.0294364,37.2
147.515,0.37082963,0.463832887,66.02324789,37.3
147.528,0.37082963,0.463832887,66.06513728,37.2
147.54,0.37082963,0.498010047,66.05894877,37.3
147.553,0.37082963,0.498010047,66.05894877,37.3
147.566,0.37082963,0.530966594,66.06513728,37.2
147.579,0.37082963,0.530966594,66.05894877,37.3
147.591,0.37082963,0.530966594,66.06513728,37.2
147.604,0.37082963,0.530966594,66.05894877,37.3
147.617,0.37082963,0.530966594,66.06513728,37.2
147.629,0.37082963,0.530966594,66.05894877,37.3
147.642,0.37082963,0.530966594,66.06513728,37.2
147.655,0.37082963,0.530966594,66.02324789,37.3
147.667,0.37082963,0.530966594,66.0294364,37.2
147.68,0.37082963,0.530966594,66.05894877,37.3
147.693,0.37082963,0.498010047,66.06513728,37.2
147.706,0.37082963,0.498010047,66.02324789,37.3
147.718,0.37082963,0.463832887,66.0294364,37.2
147.731,0.37082963,0.463832887,66.0294364,37.2
147.744,0.37082963,0.463832887,66.02324789,37.3
147.756,0.37082963,0.430876339,66.0294364,37.2
147.769,0.37082963,0.397919792,66.02324789,37.3
147.782,0.37082963,0.364963245,66.0294364,37.2
147.794,0.37082963,0.332006698,66.12324789,37.2
147.807,0.37082963,0.332006698,66.1294364,37.1
147.82,0.37082963,0.299050151,66.12324789,37.2
147.833,0.37082963,0.26487299,66.1294364,37.1
147.845,0.37082963,0.231916443,66.12324789,37.2
147.858,0.37082963,0.198959896,66.1294364,37.1
147.871,0.37082963,0.166003349,66.12324789,37.2
147.883,0.37082963,0.166003349,66.2294364,37
147.896,0.37082963,0.133046802,66.2294364,37
147.909,0.371681133,0.065913094,66.22324789,37.1
147.922,0.37082963,0.032956547,66.2294364,37
147.934,0.37082963,0.032956547,66.22324789,37.1
147.947,0.37082963,0,66.19373553,37
147.96,0.37082963,-0.065913094,66.18754702,37.1
147.972,0.371681133,-0.100090254,66.29992404,36.8
147.985,0.371681133,-0.133046802,66.28754702,37
147.998,0.37082963,-0.133046802,66.29992404,36.8
148.01,0.37082963,-0.166003349,66.28754702,37
148.023,0.371681133,-0.198959896,66.29992404,36.8
148.036,0.37082963,-0.198959896,66.28754702,37
148.049,0.371681133,-0.231916443,66.29373553,36.9
148.061,0.37082963,-0.26487299,66.28754702,37
148.074,0.37082963,-0.26487299,66.36993495,36.8
148.087,0.371681133,-0.299050151,66.36374644,36.9
148.099,0.371681133,-0.299050151,66.36993495,36.8
148.112,0.371681133,-0.332006698,66.39373553,36.8
148.125,0.371681133,-0.332006698,66.36374644,36.9
148.137,0.371681133,-0.364963245,66.36993495,36.8
148.15,0.37082963,-0.364963245,66.36374644,36.9
148.163,0.371681133,-0.364963245,66.39373553,36.8
148.176,0.371681133,-0.364963245,66.38754702,36.9
148.188,0.371681133,-0.364963245,66.39992404,36.7
148.201,0.371681133,-0.397919792,66.38754702,36.9
148.214,0.371681133,-0.364963245,66.39373553,36.8
148.226,0.37082963,-0.364963245,66.38135851,37
148.239,0.371681133,-0.364963245,66.39373553,36.8
148.252,0.371681133,-0.364963245,66.38754702,36.9
148.265,0.371681133,-0.332006698,66.39373553,36.8
148.277,0.371681133,-0.332006698,66.38754702,36.9
148.29,0.371681133,-0.332006698,66.39373553,36.8
148.303,0.371681133,-0.299050151,66.38754702,36.9
148.315,0.371681133,-0.299050151,66.39373553,36.8
148.328,0.371681133,-0.26487299,66.39373553,36.8
148.341,0.371681133,-0.26487299,66.38754702,36.9
148.353,0.37082963,-0.231916443,66.29373553,36.9
148.366,0.37082963,-0.198959896,66.28754702,37
148.379,0.37082963,-0.166003349,66.29373553,36.9
148.392,0.37082963,-0.133046802,66.28754702,37
148.404,0.371681133,-0.133046802,66.29373553,36.9
148.417,0.37082963,-0.100090254,66.28754702,37
148.43,0.371681133,-0.065913094,66.3294364,36.9
148.442,0.371681133,-0.032956547,66.28754702,37
148.455,0.371681133,0,66.29373553,36.9
148.468,0.371681133,0.032956547,66.18754702,37.1
148.48,0.371681133,0.065913094,66.19373553,37
148.493,0.37082963,0.065913094,66.2294364,37
148.506,0.37082963,0.100090254,66.22324789,37.1
148.519,0.37082963,0.166003349,66.2294364,37
148.531,0.37082963,0.166003349,66.22324789,37.1
148.544,0.37082963,0.198959896,66.2294364,37
148.557,0.37082963,0.26487299,66.12324789,37.2
148.569,0.37082963,0.26487299,66.1294364,37.1
148.582,0.37082963,0.299050151,66.12324789,37.2
148.595,0.37082963,0.332006698,66.13562491,37
148.608,0.37082963,0.364963245,66.12324789,37.2
148.62,0.37082963,0.397919792,66.1294364,37.1
148.633,0.37082963,0.397919792,66.15894877,37.2
148.646,0.37082963,0.430876339,66.0294364,37.2
148.658,0.37082963,0.463832887,66.02324789,37.3
148.671,0.37082963,0.498010047,66.0294364,37.2
148.684,0.37082963,0.498010047,66.0294364,37.2
148.696,0.37082963,0.498010047,66.05894877,37.3
148.709,0.37082963,0.530966594,66.06513728,37.2
148.722,0.37082963,0.530966594,66.02324789,37.3
148.735,0.37082963,0.563923141,66.0294364,37.2
148.747,0.37082963,0.563923141,66.02324789,37.3
148.76,0.37082963,0.596879688,66.0294364,37.2
148.773,0.37082963,0.596879688,66.05894877,37.3
148.785,0.37082963,0.596879688,66.07132578,37.1
148.798,0.37082963,0.596879688,66.05894877,37.3
148.811,0.37082963,0.596879688,66.07132578,37.1
148.823,0.37082963,0.596879688,66.05894877,37.3
148.836,0.37082963,0.596879688,66.06513728,37.2
148.849,0.37082963,0.563923141,66.05894877,37.3
148.862,0.37082963,0.563923141,66.0294364,37.2
148.874,0.37082963,0.563923141,66.02324789,37.3
148.887,0.37082963,0.563923141,66.06513728,37.2
148.9,0.37082963,0.563923141,66.02324789,37.3
148.912,0.37082963,0.563923141,66.02324789,37.3
148.925,0.37082963,0.530966594,66.0294364,37.2
148.938,0.37082963,0.530966594,66.02324789,37.3
148.951,0.37082963,0.498010047,66.0294364,37.2
148.963,0.37082963,0.498010047,66.02324789,37.3
148.976,0.37082963,0.463832887,66.03562491,37.1
148.989,0.37082963,0.430876339,66.02324789,37.3
149.001,0.37082963,0.397919792,66.1294364,37.1
149.014,0.37082963,0.397919792,66.12324789,37.2
149.027,0.37082963,0.364963245,66.1294364,37.1
149.039,0.37082963,0.332006698,66.12324789,37.2
149.052,0.371681133,0.299050151,66.1294364,37.1
149.065,0.37082963,0.26487299,66.08754702,37.2
149.078,0.37082963,0.231916443,66.09373553,37.1
149.09,0.37082963,0.231916443,66.08754702,37.2
149.103,0.37082963,0.198959896,66.19373553,37
149.116,0.371681133,0.166003349,66.18754702,37.1
149.128,0.371681133,0.133046802,66.18754702,37.1
149.141,0.371681133,0.100090254,66.19373553,37
149.154,0.371681133,0.065913094,66.18754702,37.1
149.166,0.371681133,0.032956547,66.19373553,37
149.179,0.37082963,0.032956547,66.18754702,37.1
149.192,0.37082963,0,66.19373553,37
149.205,0.37082963,-0.032956547,66.28754702,37
149.217,0.37082963,-0.065913094,66.29373553,36.9
149.23,0.371681133,-0.100090254,66.28754702,37
149.243,0.371681133,-0.133046802,66.29373553,36.9
149.255,0.371681133,-0.133046802,66.28754702,37
149.268,0.371681133,-0.166003349,66.29373553,36.9
149.281,0.37082963,-0.166003349,66.26374644,37
149.294,0.37082963,-0.198959896,66.26993495,36.9
149.306,0.37082963,-0.231916443,66.36374644,36.9
149.319,0.371681133,-0.231916443,66.39373553,36.8
149.332,0.371681133,-0.231916443,66.38754702,36.9
149.344,0.371681133,-0.26487299,66.38754702,36.9
149.357,0.371681133,-0.26487299,66.39373553,36.8
149.37,0.371681133,-0.26487299,66.36374644,36.9
149.382,0.371681133,-0.299050151,66.36993495,36.8
149.395,0.371681133,-0.299050151,66.38754702,36.9
149.408,0.371681133,-0.299050151,66.36993495,36.8
149.421,0.371681133,-0.26487299,66.38754702,36.9
149.433,0.37082963,-0.26487299,66.39373553,36.8
149.446,0.371681133,-0.26487299,66.38754702,36.9
149.459,0.371681133,-0.26487299,66.39373553,36.8
149.471,0.371681133,-0.26487299,66.38754702,36.9
149.484,0.371681133,-0.231916443,66.36993495,36.8
149.497,0.371681133,-0.231916443,66.36374644,36.9
149.509,0.371681133,-0.198959896,66.36993495,36.8
149.522,0.37082963,-0.198959896,66.28754702,37
149.535,0.371681133,-0.166003349,66.29373553,36.9
149.548,0.371681133,-0.166003349,66.29373553,36.9
149.56,0.371681133,-0.133046802,66.29373553,36.9
149.573,0.37082963,-0.100090254,66.29373553,36.9
149.586,0.37082963,-0.100090254,66.28754702,37
149.598,0.37082963,-0.065913094,66.29373553,36.9
149.611,0.371681133,-0.032956547,66.28754702,37
149.624,0.371681133,0,66.29373553,36.9
149.637,0.371681133,0.032956547,66.18754702,37.1
149.649,0.371681133,0.065913094,66.19373553,37
149.662,0.371681133,0.100090254,66.18754702,37.1
149.675,0.371681133,0.133046802,66.19373553,37
149.687,0.371681133,0.166003349,66.22324789,37.1
149.7,0.37082963,0.198959896,66.2294364,37
149.713,0.37082963,0.231916443,66.22324789,37.1
149.725,0.37082963,0.26487299,66.2294364,37
149.738,0.37082963,0.299050151,66.12324789,37.2
149.751,0.371681133,0.332006698,66.1294364,37.1
149.764,0.371681133,0.364963245,66.12324789,37.2
149.776,0.371681133,0.364963245,66.1294364,37.1
149.789,0.37082963,0.397919792,66.12324789,37.2
149.802,0.37082963,0.430876339,66.1294364,37.1
149.814,0.37082963,0.463832887,66.12324789,37.2
149.827,0.37082963,0.498010047,66.0294364,37.2
149.84,0.37082963,0.498010047,66.0294364,37.2
149.852,0.37082963,0.530966594,66.0294364,37.2
149.865,0.37082963,0.563923141,66.0294364,37.2
149.878,0.37082963,0.563923141,66.0294364,37.2
149.891,0.37082963,0.563923141,66.0294364,37.2
149.903,0.37082963,0.596879688,66.02324789,37.3
149.916,0.37082963,0.596879688,66.0294364,37.2
149.929,0.37082963,0.596879688,66.02324789,37.3
149.941,0.37082963,0.629836235,66.0294364,37.2
149.954,0.37082963,0.629836235,66.02324789,37.3
149.967,0.37082963,0.629836235,66.0294364,37.2
149.98,0.37082963,0.629836235,66.05894877,37.3
149.992,0.37082963,0.629836235,66.0294364,37.2
150.005,0.37082963,0.629836235,66.02324789,37.3
150.018,0.37082963,0.629836235,66.0294364,37.2
150.03,0.37082963,0.629836235,66.02324789,37.3
150.043,0.37082963,0.629836235,66.0294364,37.2
150.056,0.37082963,0.629836235,66.02324789,37.3
150.068,0.37082963,0.596879688,66.0294364,37.2
150.081,0.37082963,0.596879688,66.02324789,37.3
150.094,0.37082963,0.596879688,66.0294364,37.2
150.107,0.37082963,0.563923141,66.02324789,37.3
150.119,0.37082963,0.563923141,66.0294364,37.2
150.132,0.37082963,0.563923141,66.0294364,37.2
150.145,0.37082963,0.530966594,66.0294364,37.2
150.157,0.37082963,0.530966594,66.02324789,37.3
150.17,0.37082963,0.498010047,66.0294364,37.2
150.183,0.371681133,0.463832887,66.02324789,37.3
150.195,0.371681133,0.463832887,66.12324789,37.2
150.208,0.37082963,0.430876339,66.1294364,37.1
150.221,0.37082963,0.397919792,66.1294364,37.1
150.234,0.37082963,0.364963245,66.09373553,37.1
150.246,0.371681133,0.332006698,66.09373553,37.1
150.259,0.37082963,0.299050151,66.09373553,37.1
150.272,0.371681133,0.299050151,66.08754702,37.2
150.284,0.37082963,0.26487299,66.09373553,37.1
150.297,0.371681133,0.231916443,66.18754702,37.1
150.31,0.371681133,0.198959896,66.19373553,37
150.323,0.371681133,0.166003349,66.2294364,37
150.335,0.37082963,0.166003349,66.19373553,37
150.348,0.371681133,0.133046802,66.19373553,37
150.361,0.371681133,0.133046802,66.19373553,37
150.373,0.37082963,0.100090254,66.18754702,37.1
150.386,0.371681133,0.065913094,66.19373553,37
150.399,0.37082963,0.032956547,66.18754702,37.1
150.411,0.371681133,0,66.26993495,36.9
150.424,0.371681133,0,66.26374644,37
150.437,0.371681133,0,66.29373553,36.9
150.45,0.371681133,-0.032956547,66.28754702,37
150.462,0.371681133,-0.065913094,66.29373553,36.9
150.475,0.37082963,-0.065913094,66.26374644,37
150.488,0.37082963,-0.065913094,66.26374644,37
150.5,0.37082963,-0.100090254,66.26374644,37
150.513,0.371681133,-0.100090254,66.29373553,36.9
150.526,0.37082963,-0.100090254,66.29373553,36.9
150.538,0.371681133,-0.100090254,66.29373553,36.9
150.551,0.371681133,-0.100090254,66.28754702,37
150.564,0.371681133,-0.100090254,66.29373553,36.9
150.577,0.37082963,-0.100090254,66.28754702,37
150.589,0.37082963,-0.100090254,66.29373553,36.9
150.602,0.37082963,-0.100090254,66.28754702,37
150.615,0.371681133,-0.100090254,66.29373553,36.9
150.627,0.371681133,-0.065913094,66.28754702,37
150.64,0.371681133,-0.065913094,66.29373553,36.9
150.653,0.371681133,-0.065913094,66.28754702,37
150.666,0.371681133,-0.065913094,66.26374644,37
150.678,0.371681133,-0.065913094,66.28754702,37
150.691,0.37082963,-0.032956547,66.28754702,37
150.704,0.371681133,-0.032956547,66.28754702,37
150.716,0.371681133,0,66.26374644,37
150.729,0.371681133,0,66.28754702,37
150.742,0.37082963,0.032956547,66.28754702,37
150.754,0.37082963,0.032956547,66.28754702,37
150.767,0.37082963,0.065913094,66.18754702,37.1
150.78,0.371681133,0.100090254,66.19373553,37
150.793,0.371681133,0.100090254,66.18754702,37.1
150.805,0.371681133,0.133046802,66.19373553,37
150.818,0.371681133,0.133046802,66.18754702,37.1
150.831,0.372532637,0.166003349,66.19373553,37
150.843,0.372532637,0.166003349,66.22324789,37.1
150.856,0.371681133,0.198959896,66.2294364,37
150.869,0.37082963,0.231916443,66.18754702,37.1
150.881,0.37082963,0.231916443,66.19373553,37
150.894,0.37082963,0.231916443,66.18754702,37.1
150.907,0.371681133,0.26487299,66.19373553,37
150.92,0.371681133,0.26487299,66.18754702,37.1
150.932,0.371681133,0.26487299,66.19373553,37
150.945,0.37082963,0.299050151,66.18754702,37.1
150.958,0.371681133,0.299050151,66.19373553,37
150.97,0.371681133,0.299050151,66.18754702,37.1
150.983,0.37082963,0.299050151,66.2294364,37
150.996,0.37082963,0.332006698,66.22324789,37.1
151.009,0.37082963,0.332006698,66.19373553,37
151.021,0.37082963,0.332006698,66.08754702,37.2
151.034,0.37082963,0.332006698,66.2294364,37
151.047,0.37082963,0.332006698,66.22324789,37.1
151.059,0.37082963,0.332006698,66.2294364,37
151.072,0.37082963,0.332006698,66.22324789,37.1
151.085,0.37082963,0.299050151,66.22324789,37.1
151.097,0.37082963,0.299050151,66.19373553,37
151.11,0.37082963,0.299050151,66.19373553,37
151.123,0.37082963,0.299050151,66.19373553,37
151.136,0.37082963,0.299050151,66.18754702,37.1
151.148,0.37082963,0.299050151,66.19373553,37
151.161,0.37082963,0.26487299,66.18754702,37.1
151.174,0.371681133,0.26487299,66.19373553,37
151.186,0.37082963,0.26487299,66.18754702,37.1
151.199,0.37082963,0.231916443,66.19373553,37
151.212,0.37082963,0.198959896,66.18754702,37.1
151.224,0.37082963,0.198959896,66.19373553,37
151.237,0.37082963,0.166003349,66.18754702,37.1
151.25,0.37082963,0.166003349,66.18754702,37.1
151.263,0.371681133,0.133046802,66.18754702,37.1
151.275,0.37082963,0.133046802,66.19373553,37
151.288,0.37082963,0.100090254,66.18754702,37.1
151.301,0.37082963,0.065913094,66.29373553,36.9
151.313,0.37082963,0.065913094,66.28754702,37
151.326,0.37082963,0.032956547,66.29373553,36.9
151.339,0.371681133,0.032956547,66.28754702,37
151.352,0.371681133,0,66.28754702,37
151.364,0.37082963,-0.032956547,66.28754702,37
151.377,0.371681133,-0.032956547,66.28754702,37
151.39,0.371681133,-0.065913094,66.29373553,36.9
151.402,0.37082963,-0.065913094,66.26993495,36.9
151.415,0.37082963,-0.100090254,66.26993495,36.9
151.428,0.37082963,-0.133046802,66.36374644,36.9
151.44,0.371681133,-0.133046802,66.36993495,36.8
151.453,0.37082963,-0.166003349,66.36374644,36.9
151.466,0.37082963,-0.198959896,66.36374644,36.9
151.479,0.371681133,-0.198959896,66.36374644,36.9
151.491,0.371681133,-0.231916443,66.36374644,36.9
151.504,0.371681133,-0.26487299,66.36374644,36.9
151.517,0.371681133,-0.26487299,66.36993495,36.8
151.529,0.371681133,-0.299050151,66.36374644,36.9
151.542,0.371681133,-0.299050151,66.36374644,36.9
151.555,0.371681133,-0.332006698,66.46374644,36.8
151.567,0.371681133,-0.332006698,66.46374644,36.8
151.58,0.371681133,-0.332006698,66.46374644,36.8
151.593,0.371681133,-0.364963245,66.46374644,36.8
151.606,0.371681133,-0.364963245,66.46993495,36.7
151.618,0.371681133,-0.397919792,66.46374644,36.8
151.631,0.371681133,-0.397919792,66.46993495,36.7
151.644,0.371681133,-0.397919792,66.46374644,36.8
151.656,0.371681133,-0.430876339,66.46374644,36.8
151.669,0.371681133,-0.430876339,66.46374644,36.8
151.682,0.371681133,-0.430876339,66.46993495,36.7
151.695,0.371681133,-0.463832887,66.46374644,36.8
151.707,0.371681133,-0.463832887,66.46993495,36.7
151.72,0.371681133,-0.463832887,66.46374644,36.8
151.733,0.371681133,-0.463832887,66.56993495,36.6
151.745,0.371681133,-0.498010047,66.56374644,36.7
151.758,0.371681133,-0.498010047,66.56374644,36.7
151.771,0.371681133,-0.498010047,66.56374644,36.7
151.783,0.371681133,-0.530966594,66.56374644,36.7
151.796,0.371681133,-0.530966594,66.56374644,36.7
151.809,0.371681133,-0.530966594,66.56374644,36.7
151.822,0.371681133,-0.530966594,66.56993495,36.6
151.834,0.371681133,-0.530966594,66.56374644,36.7
151.847,0.371681133,-0.563923141,66.56993495,36.6
151.86,0.371681133,-0.563923141,66.56374644,36.7
151.872,0.371681133,-0.563923141,66.56993495,36.6
151.885,0.371681133,-0.563923141,66.56374644,36.7
151.898,0.371681133,-0.563923141,66.56993495,36.6
151.91,0.371681133,-0.563923141,66.56374644,36.7
151.923,0.371681133,-0.563923141,66.56993495,36.6
151.936,0.371681133,-0.563923141,66.56374644,36.7
151.949,0.371681133,-0.563923141,66.56993495,36.6
151.961,0.371681133,-0.563923141,66.56374644,36.7
151.974,0.371681133,-0.596879688,66.56993495,36.6
151.987,0.371681133,-0.596879688,66.56374644,36.7
151.999,0.371681133,-0.596879688,66.56993495,36.6
152.012,0.371681133,-0.563923141,66.56374644,36.7
152.025,0.371681133,-0.563923141,66.56993495,36.6
152.038,0.371681133,-0.563923141,66.56374644,36.7
152.05,0.371681133,-0.563923141,66.56374644,36.7
152.063,0.371681133,-0.563923141,66.56374644,36.7
152.076,0.371681133,-0.563923141,66.56993495,36.6
152.088,0.371681133,-0.563923141,66.56993495,36.6
152.101,0.371681133,-0.563923141,66.56374644,36.7
152.114,0.371681133,-0.563923141,66.56993495,36.6
152.126,0.371681133,-0.563923141,66.56374644,36.7
152.139,0.371681133,-0.563923141,66.56993495,36.6
152.152,0.371681133,-0.563923141,66.56374644,36.7
152.165,0.371681133,-0.563923141,66.56993495,36.6
152.177,0.371681133,-0.530966594,66.56374644,36.7
152.19,0.372532637,-0.563923141,66.56993495,36.6
152.203,0.371681133,-0.530966594,66.56374644,36.7
152.215,0.371681133,-0.530966594,66.56993495,36.6
152.228,0.371681133,-0.530966594,66.56374644,36.7
152.241,0.372532637,-0.530966594,66.56993495,36.6
152.253,0.371681133,-0.530966594,66.56374644,36.7
152.266,0.371681133,-0.530966594,66.56993495,36.6
152.279,0.371681133,-0.530966594,66.56374644,36.7
152.292,0.371681133,-0.530966594,66.56993495,36.6
152.304,0.371681133,-0.530966594,66.56374644,36.7
152.317,0.371681133,-0.530966594,66.56993495,36.6
152.33,0.371681133,-0.530966594,66.56374644,36.7
152.342,0.371681133,-0.530966594,66.56374644,36.7
152.355,0.371681133,-0.498010047,66.56993495,36.6
152.368,0.371681133,-0.498010047,66.56374644,36.7
152.381,0.371681133,-0.498010047,66.56993495,36.6
152.393,0.371681133,-0.498010047,66.56374644,36.7
152.406,0.371681133,-0.498010047,66.56993495,36.6
152.419,0.371681133,-0.498010047,66.56374644,36.7
152.431,0.372532637,-0.498010047,66.56993495,36.6
152.444,0.371681133,-0.498010047,66.56374644,36.7
152.457,0.371681133,-0.498010047,66.56993495,36.6
152.469,0.371681133,-0.498010047,66.56374644,36.7
152.482,0.371681133,-0.498010047,66.56993495,36.6
152.495,0.371681133,-0.498010047,66.56374644,36.7
152.508,0.371681133,-0.498010047,66.56993495,36.6
152.52,0.371681133,-0.498010047,66.56374644,36.7
152.533,0.371681133,-0.463832887,66.56374644,36.7
152.546,0.371681133,-0.463832887,66.56374644,36.7
152.558,0.371681133,-0.463832887,66.56374644,36.7
152.571,0.371681133,-0.463832887,66.56993495,36.6
152.584,0.371681133,-0.463832887,66.58754702,36.7
152.596,0.371681133,-0.463832887,66.59373553,36.6
152.609,0.371681133,-0.463832887,66.56374644,36.7
152.622,0.371681133,-0.463832887,66.56993495,36.6
152.635,0.371681133,-0.463832887,66.56374644,36.7
152.647,0.371681133,-0.463832887,66.56993495,36.6
152.66,0.371681133,-0.463832887,66.56374644,36.7
152.673,0.371681133,-0.463832887,66.56993495,36.6
152.685,0.371681133,-0.463832887,66.56374644,36.7
152.698,0.371681133,-0.498010047,66.56993495,36.6
152.711,0.371681133,-0.498010047,66.56374644,36.7
152.724,0.371681133,-0.498010047,66.56374644,36.7
152.736,0.371681133,-0.463832887,66.56374644,36.7
152.749,0.371681133,-0.463832887,66.56374644,36.7
152.762,0.371681133,-0.463832887,66.56993495,36.6
152.774,0.371681133,-0.463832887,66.56374644,36.7
152.787,0.371681133,-0.463832887,66.56993495,36.6
152.8,0.371681133,-0.463832887,66.56374644,36.7
152.812,0.371681133,-0.463832887,66.59373553,36.6
152.825,0.371681133,-0.463832887,66.58754702,36.7
152.838,0.371681133,-0.463832887,66.59373553,36.6
152.851,0.371681133,-0.463832887,66.58754702,36.7
152.863,0.371681133,-0.463832887,66.59373553,36.6
152.876,0.371681133,-0.430876339,66.58754702,36.7
152.889,0.371681133,-0.430876339,66.56993495,36.6
152.901,0.371681133,-0.430876339,66.46374644,36.8
152.914,0.371681133,-0.430876339,66.46993495,36.7
152.927,0.371681133,-0.430876339,66.48754702,36.8
152.939,0.371681133,-0.397919792,66.48754702,36.8
152.952,0.371681133,-0.397919792,66.46374644,36.8
152.965,0.371681133,-0.397919792,66.46374644,36.8
152.978,0.371681133,-0.397919792,66.46374644,36.8
152.99,0.371681133,-0.364963245,66.49373553,36.7
153.003,0.371681133,-0.364963245,66.49373553,36.7
153.016,0.371681133,-0.364963245,66.48754702,36.8
153.028,0.371681133,-0.332006698,66.49373553,36.7
153.041,0.371681133,-0.332006698,66.48754702,36.8
153.054,0.371681133,-0.299050151,66.49373553,36.7
153.066,0.371681133,-0.299050151,66.48754702,36.8
153.079,0.371681133,-0.26487299,66.49373553,36.7
153.092,0.371681133,-0.26487299,66.48754702,36.8
153.105,0.371681133,-0.231916443,66.49373553,36.7
153.117,0.371681133,-0.198959896,66.48754702,36.8
153.13,0.371681133,-0.166003349,66.39373553,36.8
153.143,0.371681133,-0.166003349,66.42324789,36.9
153.155,0.371681133,-0.133046802,66.4294364,36.8
153.168,0.371681133,-0.133046802,66.42324789,36.9
153.181,0.37082963,-0.100090254,66.4294364,36.8
153.194,0.371681133,-0.065913094,66.42324789,36.9
153.206,0.37082963,-0.032956547,66.42324789,36.9
153.219,0.37082963,0,66.42324789,36.9
153.232,0.37082963,0.032956547,66.42324789,36.9
153.244,0.371681133,0.065913094,66.3294364,36.9
153.257,0.37082963,0.100090254,66.32324789,37
153.27,0.37082963,0.133046802,66.3294364,36.9
153.282,0.37082963,0.166003349,66.32324789,37
153.295,0.37082963,0.166003349,66.3294364,36.9
153.308,0.37082963,0.198959896,66.32324789,37
153.321,0.371681133,0.231916443,66.3294364,36.9
153.333,0.37082963,0.26487299,66.22324789,37.1
153.346,0.37082963,0.26487299,66.2294364,37
153.359,0.37082963,0.332006698,66.22324789,37.1
153.371,0.371681133,0.364963245,66.2294364,37
153.384,0.37082963,0.397919792,66.22324789,37.1
153.397,0.371681133,0.397919792,66.22324789,37.1
153.41,0.371681133,0.430876339,66.12324789,37.2
153.422,0.37082963,0.430876339,66.15894877,37.2
153.435,0.37082963,0.463832887,66.15894877,37.2
153.448,0.37082963,0.498010047,66.12324789,37.2
153.46,0.37082963,0.530966594,66.1294364,37.1
153.473,0.37082963,0.530966594,66.12324789,37.2
153.486,0.371681133,0.563923141,66.1294364,37.1
153.498,0.371681133,0.563923141,66.12324789,37.2
153.511,0.371681133,0.563923141,66.1294364,37.1
153.524,0.37082963,0.596879688,66.12324789,37.2
153.537,0.37082963,0.596879688,66.0294364,37.2
153.549,0.37082963,0.596879688,66.02324789,37.3
153.562,0.37082963,0.596879688,66.0294364,37.2
153.575,0.37082963,0.596879688,66.02324789,37.3
153.587,0.37082963,0.629836235,66.02324789,37.3
153.6,0.37082963,0.629836235,66.02324789,37.3
153.613,0.37082963,0.629836235,66.02324789,37.3
153.625,0.37082963,0.629836235,66.06513728,37.2
153.638,0.37082963,0.629836235,66.02324789,37.3
153.651,0.37082963,0.629836235,66.0294364,37.2
153.664,0.37082963,0.596879688,66.02324789,37.3
153.676,0.37082963,0.596879688,66.0294364,37.2
153.689,0.37082963,0.596879688,66.02324789,37.3
153.702,0.37082963,0.596879688,66.0294364,37.2
153.714,0.37082963,0.596879688,66.01705939,37.4
153.727,0.37082963,0.596879688,66.1294364,37.1
153.74,0.37082963,0.563923141,66.11705939,37.3
153.753,0.37082963,0.563923141,66.1294364,37.1
153.765,0.37082963,0.530966594,66.12324789,37.2
153.778,0.37082963,0.498010047,66.1294364,37.1
153.791,0.37082963,0.463832887,66.12324789,37.2
153.803,0.37082963,0.430876339,66.12324789,37.2
153.816,0.37082963,0.430876339,66.08754702,37.2
153.829,0.371681133,0.397919792,66.08754702,37.2
153.841,0.371681133,0.364963245,66.19373553,37
153.854,0.37082963,0.332006698,66.18754702,37.1
153.867,0.37082963,0.299050151,66.19373553,37
153.88,0.37082963,0.26487299,66.18754702,37.1
153.892,0.371681133,0.231916443,66.19373553,37
153.905,0.37082963,0.198959896,66.18754702,37.1
153.918,0.37082963,0.166003349,66.19373553,37
153.93,0.37082963,0.166003349,66.28754702,37
153.943,0.371681133,0.133046802,66.29373553,36.9
153.956,0.371681133,0.100090254,66.28754702,37
153.968,0.37082963,0.065913094,66.29373553,36.9
153.981,0.371681133,0.032956547,66.28754702,37
153.994,0.371681133,0,66.29373553,36.9
154.007,0.371681133,-0.032956547,66.26374644,37
154.019,0.371681133,-0.065913094,66.36374644,36.9
154.032,0.371681133,-0.100090254,66.36374644,36.9
154.045,0.371681133,-0.133046802,66.38754702,36.9
154.057,0.371681133,-0.133046802,66.36993495,36.8
154.07,0.371681133,-0.166003349,66.36374644,36.9
154.083,0.371681133,-0.198959896,66.36993495,36.8
154.096,0.371681133,-0.198959896,66.36374644,36.9
154.108,0.37082963,-0.231916443,66.36993495,36.8
154.121,0.37082963,-0.26487299,66.46374644,36.8
154.134,0.371681133,-0.26487299,66.46993495,36.7
154.146,0.37082963,-0.26487299,66.46374644,36.8
154.159,0.37082963,-0.299050151,66.46993495,36.7
154.172,0.371681133,-0.299050151,66.46374644,36.8
154.184,0.371681133,-0.332006698,66.46374644,36.8
154.197,0.371681133,-0.332006698,66.46374644,36.8
154.21,0.371681133,-0.332006698,66.46374644,36.8
154.223,0.371681133,-0.364963245,66.46993495,36.7
154.235,0.37082963,-0.364963245,66.46374644,36.8
154.248,0.37082963,-0.364963245,66.46993495,36.7
154.261,0.37082963,-0.364963245,66.46374644,36.8
154.273,0.371681133,-0.364963245,66.46993495,36.7
154.286,0.371681133,-0.364963245,66.46374644,36.8
154.299,0.371681133,-0.364963245,66.46993495,36.7
154.311,0.371681133,-0.332006698,66.46374644,36.8
154.324,0.371681133,-0.332006698,66.46993495,36.7
154.337,0.371681133,-0.332006698,66.46374644,36.8
154.35,0.371681133,-0.332006698,66.46993495,36.7
154.362,0.371681133,-0.332006698,66.46374644,36.8
154.375,0.371681133,-0.299050151,66.46993495,36.7
154.388,0.371681133,-0.299050151,66.46374644,36.8
154.4,0.371681133,-0.26487299,66.46374644,36.8
154.413,0.371681133,-0.231916443,66.46374644,36.8
154.426,0.371681133,-0.198959896,66.46374644,36.8
154.439,0.371681133,-0.198959896,66.49373553,36.7
154.451,0.371681133,-0.166003349,66.36374644,36.9
154.464,0.371681133,-0.133046802,66.39373553,36.8
154.477,0.371681133,-0.100090254,66.36374644,36.9
154.489,0.371681133,-0.065913094,66.39373553,36.8
154.502,0.371681133,-0.032956547,66.38135851,37
154.515,0.371681133,0,66.39373553,36.8
154.527,0.37082963,0.032956547,66.38135851,37
154.54,0.371681133,0.065913094,66.29373553,36.9
154.553,0.37082963,0.100090254,66.28754702,37
154.566,0.371681133,0.133046802,66.29373553,36.9
154.578,0.371681133,0.166003349,66.28754702,37
154.591,0.371681133,0.198959896,66.3294364,36.9
154.604,0.37082963,0.231916443,66.32324789,37
154.616,0.37082963,0.26487299,66.29373553,36.9
154.629,0.37082963,0.299050151,66.22324789,37.1
154.642,0.37082963,0.364963245,66.22324789,37.1
154.654,0.37082963,0.397919792,66.2294364,37
154.667,0.37082963,0.430876339,66.22324789,37.1
154.68,0.37082963,0.463832887,66.1294364,37.1
154.693,0.37082963,0.498010047,66.12324789,37.2
154.705,0.371681133,0.530966594,66.1294364,37.1
154.718,0.371681133,0.563923141,66.12324789,37.2
154.731,0.371681133,0.629836235,66.1294364,37.1
154.743,0.37082963,0.629836235,66.02324789,37.3
154.756,0.37082963,0.662792783,66.0294364,37.2
154.769,0.37082963,0.696969943,66.02324789,37.3
154.781,0.37082963,0.72992649,66.02324789,37.3
154.794,0.37082963,0.762883037,66.02324789,37.3
154.807,0.37082963,0.762883037,66.02324789,37.3
154.82,0.37082963,0.762883037,66.02324789,37.3
154.832,0.37082963,0.795839584,66.02324789,37.3
154.845,0.37082963,0.795839584,66.0294364,37.2
154.858,0.37082963,0.828796131,66.02324789,37.3
154.87,0.37082963,0.828796131,65.9294364,37.3
154.883,0.37082963,0.828796131,65.92324789,37.4
154.896,0.37082963,0.828796131,65.9294364,37.3
154.909,0.37082963,0.862973292,65.92324789,37.4
154.921,0.37082963,0.862973292,65.9294364,37.3
154.934,0.37082963,0.862973292,65.92324789,37.4
154.947,0.37082963,0.895929839,65.96513728,37.3
154.959,0.37082963,0.895929839,65.92324789,37.4
154.972,0.37082963,0.895929839,65.9294364,37.3
154.985,0.37082963,0.862973292,65.92324789,37.4
154.997,0.37082963,0.862973292,65.92324789,37.4
155.01,0.37082963,0.862973292,65.92324789,37.4
155.023,0.370403879,0.862973292,65.95894877,37.4
155.036,0.37082963,0.862973292,65.9294364,37.3
155.048,0.37082963,0.862973292,65.92324789,37.4
155.061,0.371681133,0.828796131,66.0294364,37.2
155.074,0.37082963,0.795839584,66.02324789,37.3
155.086,0.37082963,0.795839584,66.0294364,37.2
155.099,0.37082963,0.762883037,66.01705939,37.4
155.112,0.37082963,0.72992649,66.0294364,37.2
155.125,0.37082963,0.696969943,66.02324789,37.3
155.137,0.37082963,0.662792783,65.99373553,37.2
155.15,0.37082963,0.629836235,66.08754702,37.2
155.163,0.371681133,0.596879688,66.09373553,37.1
155.175,0.371681133,0.530966594,66.08754702,37.2
155.188,0.371681133,0.498010047,66.08754702,37.2
155.201,0.371681133,0.463832887,66.08754702,37.2
155.213,0.371681133,0.430876339,66.08754702,37.2
155.226,0.371681133,0.364963245,66.19373553,37
155.239,0.37082963,0.332006698,66.18754702,37.1
155.252,0.37082963,0.299050151,66.19373553,37
155.264,0.37082963,0.26487299,66.18754702,37.1
155.277,0.37082963,0.231916443,66.16993495,37
155.29,0.37082963,0.166003349,66.25755793,37.1
155.302,0.37082963,0.133046802,66.26993495,36.9
155.315,0.37082963,0.100090254,66.26374644,37
155.328,0.371681133,0.065913094,66.27612345,36.8
155.34,0.371681133,0.032956547,66.26374644,37
155.353,0.371681133,0,66.36993495,36.8
155.366,0.37082963,-0.065913094,66.36374644,36.9
155.379,0.37082963,-0.100090254,66.36993495,36.8
155.391,0.37082963,-0.133046802,66.36374644,36.9
155.404,0.371681133,-0.133046802,66.36374644,36.9
155.417,0.371681133,-0.166003349,66.46374644,36.8
155.429,0.371681133,-0.198959896,66.46374644,36.8
155.442,0.371681133,-0.198959896,66.46374644,36.8
155.455,0.37082963,-0.231916443,66.46374644,36.8
155.467,0.37082963,-0.231916443,66.46993495,36.7
155.48,0.371681133,-0.26487299,66.46374644,36.8
155.493,0.371681133,-0.26487299,66.46993495,36.7
155.506,0.371681133,-0.299050151,66.46374644,36.8
155.518,0.371681133,-0.299050151,66.56993495,36.6
155.531,0.372532637,-0.332006698,66.56374644,36.7
155.544,0.372532637,-0.332006698,66.59373553,36.6
155.556,0.371681133,-0.332006698,66.58754702,36.7
155.569,0.371681133,-0.332006698,66.56993495,36.6
155.582,0.371681133,-0.364963245,66.56374644,36.7
155.595,0.371681133,-0.364963245,66.56374644,36.7
155.607,0.371681133,-0.364963245,66.56993495,36.6
155.62,0.371681133,-0.364963245,66.56374644,36.7
155.633,0.371681133,-0.364963245,66.56993495,36.6
155.645,0.371681133,-0.364963245,66.56374644,36.7
155.658,0.371681133,-0.364963245,66.56993495,36.6
155.671,0.371681133,-0.364963245,66.56374644,36.7
155.683,0.371681133,-0.364963245,66.56993495,36.6
155.696,0.371681133,-0.332006698,66.56374644,36.7
155.709,0.371681133,-0.332006698,66.56993495,36.6
155.722,0.371681133,-0.332006698,66.56374644,36.7
155.734,0.371681133,-0.332006698,66.59373553,36.6
155.747,0.371681133,-0.299050151,66.56374644,36.7
155.76,0.371681133,-0.299050151,66.46993495,36.7
155.772,0.371681133,-0.26487299,66.48754702,36.8
155.785,0.371681133,-0.26487299,66.49373553,36.7
155.798,0.371681133,-0.231916443,66.49373553,36.7
155.81,0.371681133,-0.231916443,66.48754702,36.8
155.823,0.371681133,-0.198959896,66.49373553,36.7
155.836,0.371681133,-0.198959896,66.46374644,36.8
155.849,0.371681133,-0.166003349,66.49373553,36.7
155.861,0.37082963,-0.166003349,66.48754702,36.8
155.874,0.371681133,-0.133046802,66.49373553,36.7
155.887,0.371681133,-0.133046802,66.48754702,36.8
155.899,0.371681133,-0.100090254,66.49992404,36.6
155.912,0.371681133,-0.100090254,66.48754702,36.8
155.925,0.371681133,-0.100090254,66.49992404,36.6
155.938,0.371681133,-0.100090254,66.48754702,36.8
155.95,0.371681133,-0.100090254,66.49373553,36.7
155.963,0.371681133,-0.065913094,66.48754702,36.8
155.976,0.371681133,-0.065913094,66.49373553,36.7
155.988,0.371681133,-0.065913094,66.48754702,36.8
156.001,0.371681133,-0.065913094,66.49373553,36.7
156.014,0.371681133,-0.065913094,66.49373553,36.7
156.026,0.371681133,-0.065913094,66.49373553,36.7
156.039,0.371681133,-0.065913094,66.49373553,36.7
156.052,0.371681133,-0.065913094,66.48754702,36.8
156.065,0.371681133,-0.065913094,66.49373553,36.7
156.077,0.371681133,-0.065913094,66.48754702,36.8
156.09,0.371681133,-0.065913094,66.49373553,36.7
156.103,0.371681133,-0.065913094,66.48754702,36.8
156.115,0.371681133,-0.065913094,66.49373553,36.7
156.128,0.371681133,-0.100090254,66.48754702,36.8
156.141,0.371681133,-0.133046802,66.49373553,36.7
156.154,0.37082963,-0.133046802,66.48135851,36.9
156.166,0.371681133,-0.133046802,66.49373553,36.7
156.179,0.371681133,-0.166003349,66.48754702,36.8
156.192,0.371681133,-0.166003349,66.46993495,36.7
156.204,0.371681133,-0.198959896,66.46374644,36.8
156.217,0.371681133,-0.231916443,66.46993495,36.7
156.23,0.371681133,-0.231916443,66.48754702,36.8
156.242,0.371681133,-0.26487299,66.59373553,36.6
156.255,0.371681133,-0.299050151,66.58754702,36.7
156.268,0.371681133,-0.299050151,66.58754702,36.7
156.281,0.371681133,-0.332006698,66.56993495,36.6
156.293,0.371681133,-0.364963245,66.56374644,36.7
156.306,0.371681133,-0.364963245,66.56993495,36.6
156.319,0.371681133,-0.397919792,66.56374644,36.7
156.331,0.371681133,-0.430876339,66.56993495,36.6
156.344,0.371681133,-0.430876339,66.56374644,36.7
156.357,0.371681133,-0.463832887,66.56993495,36.6
156.369,0.371681133,-0.463832887,66.66374644,36.6
156.382,0.371681133,-0.498010047,66.66993495,36.5
156.395,0.371681133,-0.498010047,66.66374644,36.6
156.408,0.371681133,-0.530966594,66.66993495,36.5
156.42,0.371681133,-0.563923141,66.66374644,36.6
156.433,0.371681133,-0.563923141,66.66993495,36.5
156.446,0.371681133,-0.563923141,66.66374644,36.6
156.458,0.371681133,-0.596879688,66.66993495,36.5
156.471,0.371681133,-0.596879688,66.62804557,36.6
156.484,0.371681133,-0.629836235,66.66993495,36.5
156.496,0.371681133,-0.629836235,66.63423407,36.5
156.509,0.372532637,-0.662792783,66.62804557,36.6
156.522,0.371681133,-0.662792783,66.63423407,36.5
156.535,0.371681133,-0.696969943,66.76374644,36.5
156.547,0.371681133,-0.696969943,66.76993495,36.4
156.56,0.371681133,-0.72992649,66.72804557,36.5
156.573,0.371681133,-0.72992649,66.76993495,36.4
156.585,0.371681133,-0.762883037,66.76374644,36.5
156.598,0.371681133,-0.762883037,66.73423407,36.4
156.611,0.371681133,-0.762883037,66.72804557,36.5
156.624,0.371681133,-0.762883037,66.76993495,36.4
156.636,0.371681133,-0.762883037,66.72804557,36.5
156.649,0.371681133,-0.762883037,66.73423407,36.4
156.662,0.372532637,-0.762883037,66.72804557,36.5
156.674,0.372532637,-0.762883037,66.73423407,36.4
156.687,0.371681133,-0.762883037,66.72804557,36.5
156.7,0.371681133,-0.762883037,66.76993495,36.4
156.712,0.371681133,-0.762883037,66.72804557,36.5
156.725,0.372532637,-0.762883037,66.72804557,36.5
156.738,0.372532637,-0.72992649,66.72804557,36.5
156.751,0.372532637,-0.72992649,66.72804557,36.5
156.763,0.371681133,-0.696969943,66.73423407,36.4
156.776,0.371681133,-0.696969943,66.72804557,36.5
156.789,0.371681133,-0.662792783,66.63423407,36.5
156.801,0.371681133,-0.662792783,66.62804557,36.6
156.814,0.371681133,-0.629836235,66.63423407,36.5
156.827,0.371681133,-0.596879688,66.66374644,36.6
156.84,0.371681133,-0.563923141,66.66993495,36.5
156.852,0.371681133,-0.530966594,66.66374644,36.6
156.865,0.371681133,-0.498010047,66.66993495,36.5
156.878,0.371681133,-0.463832887,66.66374644,36.6
156.89,0.371681133,-0.430876339,66.56993495,36.6
156.903,0.371681133,-0.397919792,66.56374644,36.7
156.916,0.371681133,-0.364963245,66.56993495,36.6
156.928,0.371681133,-0.332006698,66.56374644,36.7
156.941,0.371681133,-0.26487299,66.59373553,36.6
156.954,0.371681133,-0.231916443,66.58754702,36.7
156.967,0.371681133,-0.198959896,66.49373553,36.7
156.979,0.371681133,-0.166003349,66.48754702,36.8
156.992,0.371681133,-0.133046802,66.49373553,36.7
157.005,0.37082963,-0.100090254,66.48754702,36.8
157.017,0.371681133,-0.065913094,66.49373553,36.7
157.03,0.371681133,-0.032956547,66.48754702,36.8
157.043,0.371681133,0.032956547,66.42324789,36.9
157.055,0.371681133,0.065913094,66.39373553,36.8
157.068,0.371681133,0.100090254,66.38754702,36.9
157.081,0.37082963,0.133046802,66.39373553,36.8
157.094,0.37082963,0.166003349,66.38754702,36.9
157.106,0.37082963,0.198959896,66.29373553,36.9
157.119,0.371681133,0.198959896,66.28754702,37
157.132,0.37082963,0.231916443,66.29373553,36.9
157.144,0.37082963,0.26487299,66.32324789,37
157.157,0.37082963,0.299050151,66.3294364,36.9
157.17,0.37082963,0.299050151,66.32324789,37
157.182,0.37082963,0.332006698,66.3294364,36.9
157.195,0.37082963,0.332006698,66.32324789,37
157.208,0.37082963,0.364963245,66.3294364,36.9
157.221,0.37082963,0.364963245,66.22324789,37.1
157.233,0.37082963,0.397919792,66.2294364,37
157.246,0.37082963,0.397919792,66.18754702,37.1
157.259,0.37082963,0.397919792,66.2294364,37
157.271,0.37082963,0.430876339,66.22324789,37.1
157.284,0.37082963,0.430876339,66.22324789,37.1
157.297,0.37082963,0.430876339,66.22324789,37.1
157.31,0.37082963,0.430876339,66.22324789,37.1
157.322,0.37082963,0.430876339,66.22324789,37.1
157.335,0.371681133,0.430876339,66.2294364,37
157.348,0.37082963,0.430876339,66.18754702,37.1
157.36,0.37082963,0.430876339,66.19373553,37
157.373,0.37082963,0.430876339,66.2294364,37
157.386,0.37082963,0.430876339,66.22324789,37.1
157.398,0.37082963,0.430876339,66.22324789,37.1
157.411,0.37082963,0.430876339,66.18754702,37.1
157.424,0.37082963,0.430876339,66.18754702,37.1
157.437,0.37082963,0.430876339,66.18754702,37.1
157.449,0.37082963,0.430876339,66.19373553,37
157.462,0.37082963,0.397919792,66.19373553,37
157.475,0.37082963,0.397919792,66.19373553,37
157.487,0.37082963,0.397919792,66.18754702,37.1
157.5,0.37082963,0.364963245,66.22324789,37.1
157.513,0.371681133,0.364963245,66.32324789,37
157.525,0.37082963,0.364963245,66.28754702,37
157.538,0.37082963,0.364963245,66.28754702,37
157.551,0.37082963,0.332006698,66.29373553,36.9
157.564,0.37082963,0.332006698,66.28754702,37
157.576,0.37082963,0.332006698,66.29373553,36.9
157.589,0.37082963,0.299050151,66.28754702,37
157.602,0.37082963,0.26487299,66.28754702,37
157.614,0.37082963,0.26487299,66.28754702,37
157.627,0.371681133,0.26487299,66.29373553,36.9
157.64,0.371681133,0.231916443,66.28754702,37
157.653,0.371681133,0.231916443,66.29373553,36.9
157.665,0.37082963,0.198959896,66.28754702,37
157.678,0.37082963,0.198959896,66.29373553,36.9
157.691,0.37082963,0.166003349,66.28754702,37
157.703,0.371681133,0.166003349,66.28754702,37
157.716,0.37082963,0.166003349,66.28754702,37
157.729,0.37082963,0.166003349,66.29373553,36.9
157.741,0.37082963,0.133046802,66.28754702,37
157.754,0.37082963,0.133046802,66.39373553,36.8
157.767,0.37082963,0.133046802,66.38754702,36.9
157.78,0.371681133,0.133046802,66.36993495,36.8
157.792,0.37082963,0.100090254,66.36374644,36.9
157.805,0.37082963,0.100090254,66.36374644,36.9
157.818,0.37082963,0.100090254,66.36374644,36.9
157.83,0.371681133,0.100090254,66.38754702,36.9
157.843,0.371681133,0.100090254,66.36374644,36.9
157.856,0.371681133,0.065913094,66.36993495,36.8
157.868,0.371681133,0.065913094,66.36374644,36.9
157.881,0.371681133,0.065913094,66.39373553,36.8
157.894,0.371681133,0.065913094,66.38754702,36.9
157.907,0.37082963,0.065913094,66.38754702,36.9
157.919,0.371681133,0.065913094,66.38754702,36.9
157.932,0.37082963,0.065913094,66.38754702,36.9
157.945,0.37082963,0.065913094,66.39373553,36.8
157.957,0.37082963,0.065913094,66.36374644,36.9
157.97,0.37082963,0.065913094,66.36993495,36.8
157.983,0.37082963,0.065913094,66.36374644,36.9
157.996,0.37082963,0.032956547,66.36993495,36.8
158.008,0.37082963,0.032956547,66.36374644,36.9
158.021,0.371681133,0.065913094,66.36993495,36.8
158.034,0.37082963,0.065913094,66.38754702,36.9
158.046,0.371681133,0.065913094,66.39373553,36.8
158.059,0.371681133,0.065913094,66.38754702,36.9
158.072,0.371681133,0.065913094,66.39373553,36.8
158.084,0.37082963,0.065913094,66.38754702,36.9
158.097,0.37082963,0.065913094,66.39373553,36.8
158.11,0.371681133,0.065913094,66.38754702,36.9
158.123,0.37082963,0.065913094,66.38754702,36.9
158.135,0.37082963,0.065913094,66.36374644,36.9
158.148,0.37082963,0.065913094,66.36993495,36.8
158.161,0.37082963,0.065913094,66.36374644,36.9
158.173,0.37082963,0.100090254,66.39373553,36.8
158.186,0.37082963,0.100090254,66.38754702,36.9
158.199,0.37082963,0.100090254,66.38754702,36.9
158.211,0.37082963,0.100090254,66.38754702,36.9
158.224,0.37082963,0.100090254,66.38754702,36.9
158.237,0.37082963,0.133046802,66.39373553,36.8
158.25,0.37082963,0.133046802,66.36993495,36.8
158.262,0.37082963,0.133046802,66.36993495,36.8
158.275,0.37082963,0.133046802,66.36374644,36.9
158.288,0.37082963,0.133046802,66.39373553,36.8
158.3,0.37082963,0.133046802,66.38754702,36.9
158.313,0.37082963,0.133046802,66.39373553,36.8
158.326,0.37082963,0.133046802,66.36374644,36.9
158.339,0.37082963,0.133046802,66.36993495,36.8
158.351,0.37082963,0.133046802,66.36374644,36.9
158.364,0.37082963,0.133046802,66.36993495,36.8
158.377,0.37082963,0.133046802,66.38754702,36.9
158.389,0.37082963,0.133046802,66.38754702,36.9
158.402,0.37082963,0.133046802,66.36374644,36.9
158.415,0.37082963,0.133046802,66.36993495,36.8
158.427,0.37082963,0.133046802,66.36374644,36.9
158.44,0.37082963,0.133046802,66.36374644,36.9
158.453,0.37082963,0.133046802,66.36374644,36.9
158.466,0.37082963,0.133046802,66.39373553,36.8
158.478,0.371681133,0.133046802,66.38754702,36.9
158.491,0.37082963,0.100090254,66.38754702,36.9
158.504,0.37082963,0.100090254,66.38754702,36.9
158.516,0.37082963,0.100090254,66.38754702,36.9
158.529,0.37082963,0.100090254,66.39373553,36.8
158.542,0.37082963,0.100090254,66.36993495,36.8
158.554,0.37082963,0.100090254,66.36993495,36.8
158.567,0.37082963,0.065913094,66.36374644,36.9
158.58,0.37082963,0.065913094,66.36374644,36.9
158.593,0.37082963,0.032956547,66.36374644,36.9
158.605,0.37082963,0.032956547,66.36374644,36.9
158.618,0.37082963,0,66.36374644,36.9
158.631,0.37082963,0,66.36374644,36.9
158.643,0.37082963,-0.032956547,66.46374644,36.8
158.656,0.371681133,-0.032956547,66.46374644,36.8
158.669,0.371681133,-0.065913094,66.46374644,36.8
158.682,0.371681133,-0.065913094,66.46374644,36.8
158.694,0.371681133,-0.100090254,66.46374644,36.8
158.707,0.371681133,-0.100090254,66.46374644,36.8
158.72,0.371681133,-0.133046802,66.46374644,36.8
158.732,0.37082963,-0.133046802,66.46374644,36.8
158.745,0.371681133,-0.166003349,66.46374644,36.8
158.758,0.371681133,-0.198959896,66.46374644,36.8
158.77,0.371681133,-0.231916443,66.46374644,36.8
158.783,0.37082963,-0.231916443,66.56374644,36.7
158.796,0.371681133,-0.26487299,66.53423407,36.6
158.809,0.371681133,-0.26487299,66.56374644,36.7
158.821,0.371681133,-0.299050151,66.56993495,36.6
158.834,0.371681133,-0.299050151,66.56374644,36.7
158.847,0.371681133,-0.332006698,66.56993495,36.6
158.859,0.371681133,-0.332006698,66.52804557,36.7
158.872,0.371681133,-0.364963245,66.53423407,36.6
158.885,0.37082963,-0.364963245,66.52804557,36.7
158.897,0.37082963,-0.364963245,66.52804557,36.7
158.91,0.37082963,-0.397919792,66.52804557,36.7
158.923,0.371681133,-0.397919792,66.52804557,36.7
158.936,0.371681133,-0.397919792,66.62804557,36.6
158.948,0.371681133,-0.430876339,66.62804557,36.6
158.961,0.371681133,-0.430876339,66.62804557,36.6
158.974,0.371681133,-0.463832887,66.62804557,36.6
158.986,0.371681133,-0.463832887,66.62804557,36.6
158.999,0.37082963,-0.463832887,66.62804557,36.6
159.012,0.371681133,-0.463832887,66.63423407,36.5
159.025,0.371681133,-0.498010047,66.62804557,36.6
159.037,0.371681133,-0.498010047,66.63423407,36.5
159.05,0.37082963,-0.530966594,66.62804557,36.6
159.063,0.371681133,-0.530966594,66.63423407,36.5
159.075,0.371681133,-0.530966594,66.62804557,36.6
159.088,0.371681133,-0.530966594,66.63423407,36.5
159.101,0.371681133,-0.530966594,66.62804557,36.6
159.113,0.371681133,-0.530966594,66.63423407,36.5
159.126,0.371681133,-0.530966594,66.62804557,36.6
159.139,0.371681133,-0.530966594,66.63423407,36.5
159.152,0.371681133,-0.530966594,66.62804557,36.6
159.164,0.371681133,-0.530966594,66.63423407,36.5
159.177,0.371681133,-0.530966594,66.66374644,36.6
159.19,0.37082963,-0.498010047,66.66374644,36.6
159.202,0.371681133,-0.498010047,66.66374644,36.6
159.215,0.371681133,-0.498010047,66.66374644,36.6
159.228,0.371681133,-0.498010047,66.66374644,36.6
159.24,0.371681133,-0.498010047,66.66374644,36.6
159.253,0.371681133,-0.498010047,66.66374644,36.6
159.266,0.371681133,-0.498010047,66.66374644,36.6
159.279,0.371681133,-0.498010047,66.66993495,36.5
159.291,0.371681133,-0.498010047,66.66374644,36.6
159.304,0.371681133,-0.498010047,66.66993495,36.5
159.317,0.371681133,-0.498010047,66.66374644,36.6
159.329,0.371681133,-0.498010047,66.66993495,36.5
159.342,0.371681133,-0.463832887,66.66374644,36.6
159.355,0.371681133,-0.430876339,66.66993495,36.5
159.368,0.371681133,-0.430876339,66.66374644,36.6
159.38,0.371681133,-0.430876339,66.66993495,36.5
159.393,0.371681133,-0.397919792,66.66374644,36.6
159.406,0.371681133,-0.397919792,66.66993495,36.5
159.418,0.371681133,-0.397919792,66.66374644,36.6
159.431,0.371681133,-0.364963245,66.66993495,36.5
159.444,0.37082963,-0.364963245,66.56374644,36.7
159.456,0.37082963,-0.332006698,66.56993495,36.6
159.469,0.371681133,-0.332006698,66.56374644,36.7
159.482,0.371681133,-0.332006698,66.56374644,36.7
159.495,0.371681133,-0.299050151,66.56374644,36.7
159.507,0.371681133,-0.299050151,66.56993495,36.6
159.52,0.371681133,-0.299050151,66.56993495,36.6
159.533,0.37082963,-0.26487299,66.56374644,36.7
159.545,0.371681133,-0.231916443,66.56993495,36.6
159.558,0.371681133,-0.231916443,66.56374644,36.7
159.571,0.371681133,-0.198959896,66.56993495,36.6
159.583,0.371681133,-0.198959896,66.56374644,36.7
159.596,0.371681133,-0.198959896,66.56993495,36.6
159.609,0.37082963,-0.166003349,66.56374644,36.7
159.622,0.37082963,-0.166003349,66.56993495,36.6
159.634,0.37082963,-0.133046802,66.56374644,36.7
159.647,0.37082963,-0.133046802,66.46993495,36.7
159.66,0.37082963,-0.133046802,66.46374644,36.8
159.672,0.37082963,-0.100090254,66.46374644,36.8
159.685,0.371681133,-0.065913094,66.46374644,36.8
159.698,0.371681133,-0.065913094,66.46374644,36.8
159.711,0.371681133,-0.065913094,66.48754702,36.8
159.723,0.371681133,-0.032956547,66.46374644,36.8
159.736,0.37082963,-0.032956547,66.46993495,36.7
159.749,0.37082963,-0.032956547,66.48754702,36.8
159.761,0.371681133,0,66.49373553,36.7
159.774,0.371681133,0,66.48754702,36.8
159.787,0.371681133,0,66.49373553,36.7
159.799,0.371681133,0.032956547,66.48754702,36.8
159.812,0.371681133,0.032956547,66.49373553,36.7
159.825,0.37082963,0.032956547,66.48754702,36.8
159.838,0.371681133,0.065913094,66.49373553,36.7
159.85,0.371681133,0.065913094,66.48754702,36.8
159.863,0.37082963,0.065913094,66.49373553,36.7
159.876,0.37082963,0.065913094,66.48754702,36.8
159.888,0.37082963,0.065913094,66.48754702,36.8
159.901,0.37082963,0.065913094,66.48754702,36.8
159.914,0.37082963,0.065913094,66.48754702,36.8
159.926,0.371681133,0.065913094,66.49373553,36.7
159.939,0.37082963,0.100090254,66.48754702,36.8
159.952,0.37082963,0.100090254,66.49373553,36.7
159.965,0.371681133,0.100090254,66.48754702,36.8
159.977,0.371681133,0.100090254,66.49373553,36.7
159.99,0.37082963,0.100090254,66.48754702,36.8
160.003,0.37082963,0.100090254,66.49373553,36.7
160.015,0.37082963,0.100090254,66.48754702,36.8
160.028,0.37082963,0.100090254,66.49373553,36.7
160.041,0.37082963,0.100090254,66.48754702,36.8
160.054,0.371681133,0.100090254,66.49373553,36.7
160.066,0.371681133,0.100090254,66.48754702,36.8
160.079,0.371681133,0.100090254,66.49373553,36.7
160.092,0.37082963,0.100090254,66.48754702,36.8
160.104,0.371681133,0.100090254,66.49373553,36.7
160.117,0.37082963,0.100090254,66.48754702,36.8
160.13,0.37082963,0.133046802,66.49373553,36.7
160.142,0.371681133,0.100090254,66.48754702,36.8
160.155,0.37082963,0.100090254,66.48754702,36.8
160.168,0.37082963,0.100090254,66.48754702,36.8
160.181,0.37082963,0.100090254,66.48754702,36.8
160.193,0.37082963,0.100090254,66.49373553,36.7
160.206,0.371681133,0.100090254,66.48754702,36.8
160.219,0.371681133,0.133046802,66.49373553,36.7
160.231,0.371681133,0.133046802,66.38754702,36.9
160.244,0.371681133,0.133046802,66.49373553,36.7
160.257,0.371681133,0.133046802,66.42324789,36.9
160.269,0.371681133,0.133046802,66.4294364,36.8
160.282,0.371681133,0.133046802,66.42324789,36.9
160.295,0.371681133,0.133046802,66.39373553,36.8
160.308,0.371681133,0.166003349,66.38754702,36.9
160.32,0.371681133,0.166003349,66.39373553,36.8
160.333,0.37082963,0.166003349,66.38754702,36.9
160.346,0.37082963,0.166003349,66.39373553,36.8
160.358,0.37082963,0.166003349,66.38754702,36.9
160.371,0.37082963,0.166003349,66.38754702,36.9
160.384,0.37082963,0.198959896,66.38754702,36.9
160.397,0.37082963,0.198959896,66.38754702,36.9
160.409,0.37082963,0.198959896,66.38754702,36.9
160.422,0.37082963,0.198959896,66.38754702,36.9
160.435,0.37082963,0.198959896,66.39373553,36.8
160.447,0.37082963,0.198959896,66.38754702,36.9
160.46,0.37082963,0.231916443,66.39373553,36.8
160.473,0.37082963,0.231916443,66.38754702,36.9
160.485,0.37082963,0.26487299,66.39373553,36.8
160.498,0.37082963,0.26487299,66.38754702,36.9
160.511,0.37082963,0.26487299,66.4294364,36.8
160.524,0.37082963,0.26487299,66.38754702,36.9
160.536,0.371681133,0.299050151,66.39373553,36.8
160.549,0.371681133,0.299050151,66.38754702,36.9
160.562,0.37082963,0.299050151,66.39373553,36.8
160.574,0.37082963,0.299050151,66.38754702,36.9
160.587,0.371681133,0.299050151,66.38754702,36.9
160.6,0.371681133,0.332006698,66.38754702,36.9
160.612,0.371681133,0.332006698,66.38754702,36.9
160.625,0.371681133,0.332006698,66.38754702,36.9
160.638,0.37082963,0.332006698,66.38754702,36.9
160.651,0.37082963,0.332006698,66.38754702,36.9
160.663,0.37082963,0.332006698,66.38754702,36.9
160.676,0.37082963,0.332006698,66.39373553,36.8
160.689,0.37082963,0.332006698,66.38754702,36.9
160.701,0.371681133,0.332006698,66.29373553,36.9
160.714,0.371681133,0.364963245,66.38754702,36.9
160.727,0.371681133,0.364963245,66.29373553,36.9
160.74,0.37082963,0.364963245,66.38754702,36.9
160.752,0.37082963,0.364963245,66.28754702,37
160.765,0.37082963,0.364963245,66.38754702,36.9
160.778,0.37082963,0.364963245,66.28754702,37
160.79,0.37082963,0.364963245,66.38754702,36.9
160.803,0.37082963,0.364963245,66.29373553,36.9
160.816,0.37082963,0.364963245,66.39373553,36.8
160.828,0.37082963,0.364963245,66.28754702,37
160.841,0.37082963,0.332006698,66.38754702,36.9
160.854,0.37082963,0.364963245,66.28754702,37
160.867,0.37082963,0.364963245,66.4294364,36.8
160.879,0.37082963,0.364963245,66.28754702,37
160.892,0.37082963,0.364963245,66.29373553,36.9
160.905,0.37082963,0.364963245,66.28754702,37
160.917,0.37082963,0.364963245,66.39373553,36.8
160.93,0.37082963,0.364963245,66.28754702,37
160.943,0.37082963,0.364963245,66.39373553,36.8
160.955,0.37082963,0.364963245,66.38135851,37
160.968,0.37082963,0.364963245,66.39373553,36.8
160.981,0.37082963,0.332006698,66.38754702,36.9
160.994,0.37082963,0.332006698,66.39373553,36.8
161.006,0.371681133,0.332006698,66.38754702,36.9
161.019,0.371681133,0.332006698,66.39373553,36.8
161.032,0.371681133,0.332006698,66.38754702,36.9
161.044,0.371681133,0.332006698,66.38754702,36.9
161.057,0.37082963,0.332006698,66.39373553,36.8
161.07,0.37082963,0.299050151,66.38754702,36.9
161.083,0.37082963,0.332006698,66.39373553,36.8
161.095,0.37082963,0.332006698,66.38754702,36.9
161.108,0.371681133,0.299050151,66.39373553,36.8
161.121,0.37082963,0.299050151,66.38754702,36.9
161.133,0.37082963,0.299050151,66.39373553,36.8
161.146,0.37082963,0.299050151,66.38754702,36.9
161.159,0.37082963,0.299050151,66.39373553,36.8
161.171,0.371681133,0.299050151,66.38754702,36.9
161.184,0.371681133,0.299050151,66.39373553,36.8
161.197,0.37082963,0.299050151,66.38754702,36.9
161.21,0.37082963,0.299050151,66.39373553,36.8
161.222,0.37082963,0.26487299,66.38754702,36.9
161.235,0.37082963,0.26487299,66.38754702,36.9
161.248,0.37082963,0.26487299,66.38754702,36.9
161.26,0.371681133,0.26487299,66.38754702,36.9
161.273,0.371681133,0.26487299,66.39373553,36.8
161.286,0.37082963,0.26487299,66.38754702,36.9
161.298,0.37082963,0.26487299,66.39373553,36.8
161.311,0.37082963,0.26487299,66.38754702,36.9
161.324,0.37082963,0.26487299,66.39373553,36.8
161.337,0.37082963,0.26487299,66.38754702,36.9
161.349,0.37082963,0.26487299,66.39373553,36.8
161.362,0.37082963,0.26487299,66.38754702,36.9
161.375,0.37082963,0.26487299,66.39373553,36.8
161.387,0.37082963,0.26487299,66.38754702,36.9
161.4,0.371681133,0.231916443,66.39373553,36.8
161.413,0.371681133,0.231916443,66.38754702,36.9
161.426,0.371681133,0.231916443,66.39373553,36.8
161.438,0.37082963,0.231916443,66.38754702,36.9
161.451,0.37082963,0.231916443,66.38754702,36.9
161.464,0.371681133,0.231916443,66.38754702,36.9
161.476,0.371681133,0.231916443,66.38754702,36.9
161.489,0.371681133,0.231916443,66.39373553,36.8
161.502,0.37082963,0.231916443,66.38754702,36.9
161.514,0.37082963,0.198959896,66.39373553,36.8
161.527,0.37082963,0.198959896,66.36374644,36.9
161.54,0.371681133,0.198959896,66.39373553,36.8
161.553,0.371681133,0.198959896,66.38754702,36.9
161.565,0.371681133,0.166003349,66.39373553,36.8
161.578,0.37082963,0.166003349,66.38754702,36.9
161.591,0.37082963,0.166003349,66.49373553,36.7
161.603,0.37082963,0.166003349,66.48754702,36.8
161.616,0.37082963,0.133046802,66.46993495,36.7
161.629,0.37082963,0.133046802,66.46374644,36.8
161.641,0.37082963,0.133046802,66.46374644,36.8
161.654,0.37082963,0.133046802,66.46993495,36.7
161.667,0.37082963,0.100090254,66.48754702,36.8
161.68,0.37082963,0.100090254,66.49373553,36.7
161.692,0.37082963,0.065913094,66.46374644,36.8
161.705,0.37082963,0.065913094,66.46993495,36.7
161.718,0.37082963,0.032956547,66.46374644,36.8
161.73,0.371681133,0.032956547,66.46993495,36.7
161.743,0.37082963,0,66.45755793,36.9
161.756,0.371681133,0,66.46993495,36.7
161.769,0.37082963,0,66.46374644,36.8
161.781,0.371681133,-0.032956547,66.46993495,36.7
161.794,0.371681133,-0.065913094,66.46374644,36.8
161.807,0.371681133,-0.065913094,66.46993495,36.7
161.819,0.371681133,-0.100090254,66.56374644,36.7
161.832,0.37082963,-0.100090254,66.56374644,36.7
161.845,0.37082963,-0.133046802,66.56374644,36.7
161.857,0.37082963,-0.133046802,66.56374644,36.7
161.87,0.37082963,-0.166003349,66.56993495,36.6
161.883,0.37082963,-0.166003349,66.56374644,36.7
161.896,0.371681133,-0.198959896,66.56993495,36.6
161.908,0.37082963,-0.198959896,66.56374644,36.7
161.921,0.371681133,-0.198959896,66.56993495,36.6
161.934,0.37082963,-0.231916443,66.56374644,36.7
161.946,0.371681133,-0.26487299,66.63423407,36.5
161.959,0.371681133,-0.26487299,66.62804557,36.6
161.972,0.371681133,-0.299050151,66.66993495,36.5
161.984,0.371681133,-0.299050151,66.66374644,36.6
161.997,0.371681133,-0.332006698,66.66993495,36.5
162.01,0.371681133,-0.332006698,66.66374644,36.6
162.023,0.371681133,-0.332006698,66.66993495,36.5
162.035,0.371681133,-0.364963245,66.62804557,36.6
162.048,0.371681133,-0.364963245,66.62804557,36.6
162.061,0.37082963,-0.397919792,66.62804557,36.6
162.073,0.37082963,-0.397919792,66.62804557,36.6
162.086,0.371681133,-0.397919792,66.62804557,36.6
162.099,0.371681133,-0.397919792,66.62804557,36.6
162.112,0.371681133,-0.397919792,66.63423407,36.5
162.124,0.371681133,-0.397919792,66.62804557,36.6
162.137,0.371681133,-0.397919792,66.63423407,36.5
162.15,0.371681133,-0.364963245,66.62804557,36.6
162.162,0.371681133,-0.397919792,66.63423407,36.5
162.175,0.371681133,-0.397919792,66.66374644,36.6
162.188,0.371681133,-0.397919792,66.66993495,36.5
162.2,0.371681133,-0.364963245,66.66374644,36.6
162.213,0.371681133,-0.364963245,66.62804557,36.6
162.226,0.371681133,-0.364963245,66.62804557,36.6
162.239,0.371681133,-0.364963245,66.66374644,36.6
162.251,0.371681133,-0.332006698,66.66374644,36.6
162.264,0.371681133,-0.332006698,66.66374644,36.6
162.277,0.371681133,-0.299050151,66.66993495,36.5
162.289,0.371681133,-0.299050151,66.66374644,36.6
162.302,0.371681133,-0.26487299,66.66993495,36.5
162.315,0.371681133,-0.231916443,66.56374644,36.7
162.327,0.371681133,-0.198959896,66.56993495,36.6
162.34,0.371681133,-0.198959896,66.55755793,36.8
162.353,0.371681133,-0.166003349,66.56993495,36.6
162.366,0.371681133,-0.133046802,66.56374644,36.7
162.378,0.371681133,-0.100090254,66.56993495,36.6
162.391,0.37082963,-0.100090254,66.56374644,36.7
162.404,0.371681133,-0.065913094,66.56993495,36.6
162.416,0.371681133,-0.032956547,66.56374644,36.7
162.429,0.371681133,0,66.49373553,36.7
162.442,0.37082963,0.032956547,66.48754702,36.8
162.454,0.37082963,0.100090254,66.48754702,36.8
162.467,0.37082963,0.100090254,66.49373553,36.7
162.48,0.371681133,0.133046802,66.48754702,36.8
162.493,0.371681133,0.166003349,66.49373553,36.7
162.505,0.371681133,0.198959896,66.48754702,36.8
162.518,0.37082963,0.231916443,66.39373553,36.8
162.531,0.37082963,0.26487299,66.38135851,37
162.543,0.37082963,0.299050151,66.39373553,36.8
162.556,0.37082963,0.332006698,66.38754702,36.9
162.569,0.37082963,0.364963245,66.4294364,36.8
162.582,0.37082963,0.397919792,66.41705939,37
162.594,0.37082963,0.430876339,66.4294364,36.8
162.607,0.37082963,0.463832887,66.28135851,37.1
162.62,0.37082963,0.463832887,66.29373553,36.9
162.632,0.37082963,0.498010047,66.28754702,37
162.645,0.37082963,0.530966594,66.29373553,36.9
162.658,0.37082963,0.530966594,66.32324789,37
162.67,0.37082963,0.530966594,66.28754702,37
162.683,0.37082963,0.563923141,66.28754702,37
162.696,0.37082963,0.563923141,66.28754702,37
162.709,0.37082963,0.563923141,66.3294364,36.9
162.721,0.37082963,0.563923141,66.32324789,37
162.734,0.37082963,0.563923141,66.3294364,36.9
162.747,0.37082963,0.596879688,66.28754702,37
162.759,0.37082963,0.596879688,66.29373553,36.9
162.772,0.37082963,0.596879688,66.28754702,37
162.785,0.37082963,0.596879688,66.29373553,36.9
162.798,0.37082963,0.596879688,66.32324789,37
162.81,0.37082963,0.596879688,66.29373553,36.9
162.823,0.37082963,0.563923141,66.28754702,37
162.836,0.37082963,0.563923141,66.28754702,37
162.848,0.37082963,0.563923141,66.28754702,37
162.861,0.37082963,0.530966594,66.28754702,37
162.874,0.37082963,0.530966594,66.29373553,36.9
162.886,0.37082963,0.498010047,66.28754702,37
162.899,0.37082963,0.498010047,66.29373553,36.9
162.912,0.37082963,0.463832887,66.28754702,37
162.925,0.37082963,0.463832887,66.3294364,36.9
162.937,0.37082963,0.430876339,66.32324789,37
162.95,0.37082963,0.397919792,66.29373553,36.9
162.963,0.37082963,0.397919792,66.38754702,36.9
162.975,0.37082963,0.364963245,66.39373553,36.8
162.988,0.37082963,0.332006698,66.38754702,36.9
163.001,0.37082963,0.332006698,66.38754702,36.9
163.013,0.37082963,0.299050151,66.38754702,36.9
163.026,0.37082963,0.26487299,66.38754702,36.9
163.039,0.37082963,0.198959896,66.39373553,36.8
163.052,0.37082963,0.166003349,66.36374644,36.9
163.064,0.37082963,0.166003349,66.46993495,36.7
163.077,0.371681133,0.133046802,66.46374644,36.8
163.09,0.371681133,0.100090254,66.46993495,36.7
163.102,0.37082963,0.065913094,66.45755793,36.9
163.115,0.37082963,0.032956547,66.46993495,36.7
163.128,0.37082963,0.032956547,66.46374644,36.8
163.141,0.371681133,0,66.47612345,36.6
163.153,0.37082963,-0.032956547,66.46374644,36.8
163.166,0.37082963,-0.065913094,66.56993495,36.6
163.179,0.37082963,-0.100090254,66.55755793,36.8
163.191,0.371681133,-0.100090254,66.56993495,36.6
163.204,0.371681133,-0.133046802,66.56374644,36.7
163.217,0.37082963,-0.166003349,66.56993495,36.6
163.229,0.371681133,-0.166003349,66.56374644,36.7
163.242,0.371681133,-0.198959896,66.56374644,36.7
163.255,0.371681133,-0.231916443,66.56993495,36.6
163.268,0.371681133,-0.231916443,66.66374644,36.6
163.28,0.371681133,-0.231916443,66.66993495,36.5
163.293,0.371681133,-0.26487299,66.62804557,36.6
163.306,0.371681133,-0.26487299,66.66993495,36.5
163.318,0.37082963,-0.26487299,66.62804557,36.6
163.331,0.37082963,-0.26487299,66.63423407,36.5
163.344,0.37082963,-0.299050151,66.62804557,36.6
163.356,0.371681133,-0.299050151,66.63423407,36.5
163.369,0.37082963,-0.299050151,66.65755793,36.7
163.382,0.37082963,-0.26487299,66.66993495,36.5
163.395,0.37082963,-0.26487299,66.66374644,36.6
163.407,0.371681133,-0.26487299,66.66993495,36.5
163.42,0.371681133,-0.26487299,66.66374644,36.6
163.433,0.371681133,-0.26487299,66.66993495,36.5
163.445,0.371681133,-0.26487299,66.66374644,36.6
163.458,0.371681133,-0.231916443,66.66374644,36.6
163.471,0.371681133,-0.231916443,66.66374644,36.6
163.484,0.371681133,-0.198959896,66.66374644,36.6
163.496,0.371681133,-0.198959896,66.56993495,36.6
163.509,0.371681133,-0.166003349,66.56374644,36.7
163.522,0.371681133,-0.166003349,66.56993495,36.6
163.534,0.371681133,-0.133046802,66.56374644,36.7
163.547,0.371681133,-0.100090254,66.56993495,36.6
163.56,0.37082963,-0.065913094,66.56374644,36.7
163.572,0.37082963,-0.032956547,66.56993495,36.6
163.585,0.37082963,0,66.56374644,36.7
163.598,0.37082963,0,66.56993495,36.6
163.611,0.37082963,0.032956547,66.46374644,36.8
163.623,0.37082963,0.065913094,66.46993495,36.7
163.636,0.371681133,0.100090254,66.48754702,36.8
163.649,0.371681133,0.133046802,66.48754702,36.8
163.661,0.37082963,0.166003349,66.49373553,36.7
163.674,0.37082963,0.198959896,66.48754702,36.8
163.687,0.37082963,0.231916443,66.49373553,36.7
163.699,0.37082963,0.26487299,66.38754702,36.9
163.712,0.371681133,0.299050151,66.39373553,36.8
163.725,0.37082963,0.332006698,66.38754702,36.9
163.738,0.37082963,0.364963245,66.39373553,36.8
163.75,0.37082963,0.397919792,66.38754702,36.9
163.763,0.371681133,0.430876339,66.39373553,36.8
163.776,0.37082963,0.430876339,66.38754702,36.9
163.788,0.37082963,0.463832887,66.29373553,36.9
163.801,0.371681133,0.498010047,66.28754702,37
163.814,0.371681133,0.498010047,66.3294364,36.9
163.827,0.37082963,0.530966594,66.28754702,37
163.839,0.37082963,0.563923141,66.29373553,36.9
163.852,0.37082963,0.563923141,66.28754702,37
163.865,0.371681133,0.596879688,66.28754702,37
163.877,0.37082963,0.596879688,66.29373553,36.9
163.89,0.37082963,0.596879688,66.28754702,37
163.903,0.37082963,0.596879688,66.29373553,36.9
163.915,0.37082963,0.596879688,66.28754702,37
163.928,0.37082963,0.629836235,66.29373553,36.9
163.941,0.37082963,0.629836235,66.28754702,37
163.954,0.37082963,0.596879688,66.29373553,36.9
163.966,0.37082963,0.596879688,66.28754702,37
163.979,0.37082963,0.596879688,66.29373553,36.9
163.992,0.37082963,0.596879688,66.28754702,37
164.004,0.37082963,0.596879688,66.29373553,36.9
164.017,0.37082963,0.563923141,66.28754702,37
164.03,0.37082963,0.563923141,66.29373553,36.9
164.042,0.37082963,0.563923141,66.28754702,37
164.055,0.37082963,0.563923141,66.29373553,36.9
164.068,0.37082963,0.530966594,66.28754702,37
164.081,0.37082963,0.498010047,66.29373553,36.9
164.093,0.37082963,0.463832887,66.28754702,37
164.106,0.37082963,0.430876339,66.29373553,36.9
164.119,0.37082963,0.397919792,66.38754702,36.9
164.131,0.371681133,0.364963245,66.38754702,36.9
164.144,0.37082963,0.364963245,66.38754702,36.9
164.157,0.37082963,0.332006698,66.38754702,36.9
164.169,0.37082963,0.299050151,66.39373553,36.8
164.182,0.37082963,0.231916443,66.36374644,36.9
164.195,0.37082963,0.198959896,66.46993495,36.7
164.208,0.37082963,0.166003349,66.46374644,36.8
164.22,0.37082963,0.133046802,66.46993495,36.7
164.233,0.37082963,0.100090254,66.46374644,36.8
164.246,0.37082963,0.065913094,66.46993495,36.7
164.258,0.37082963,0.032956547,66.46374644,36.8
164.271,0.37082963,-0.032956547,66.56993495,36.6
164.284,0.37082963,-0.065913094,66.56374644,36.7
164.297,0.37082963,-0.100090254,66.53423407,36.6
164.309,0.37082963,-0.133046802,66.52804557,36.7
164.322,0.371681133,-0.166003349,66.66993495,36.5
164.335,0.371681133,-0.198959896,66.62804557,36.6
164.347,0.371681133,-0.231916443,66.63423407,36.5
164.36,0.371681133,-0.299050151,66.62804557,36.6
164.373,0.371681133,-0.332006698,66.63423407,36.5
164.385,0.37082963,-0.364963245,66.62804557,36.6
164.398,0.371681133,-0.364963245,66.73423407,36.4
164.411,0.371681133,-0.397919792,66.72804557,36.5
164.424,0.371681133,-0.430876339,66.72804557,36.5
164.436,0.371681133,-0.430876339,66.72804557,36.5
164.449,0.371681133,-0.463832887,66.72804557,36.5
164.462,0.371681133,-0.498010047,66.72804557,36.5
164.474,0.371681133,-0.498010047,66.72804557,36.5
164.487,0.371681133,-0.530966594,66.72804557,36.5
164.5,0.371681133,-0.530966594,66.72804557,36.5
164.513,0.371681133,-0.530966594,66.73423407,36.4
164.525,0.371681133,-0.563923141,66.82804557,36.4
164.538,0.371681133,-0.563923141,66.83423407,36.3
164.551,0.371681133,-0.563923141,66.82804557,36.4
164.563,0.371681133,-0.563923141,66.82804557,36.4
164.576,0.371681133,-0.563923141,66.82804557,36.4
164.589,0.371681133,-0.563923141,66.83423407,36.3
164.601,0.371681133,-0.563923141,66.82804557,36.4
164.614,0.371681133,-0.563923141,66.83423407,36.3
164.627,0.371681133,-0.563923141,66.82804557,36.4
164.64,0.371681133,-0.530966594,66.82804557,36.4
164.652,0.371681133,-0.530966594,66.82804557,36.4
164.665,0.371681133,-0.530966594,66.83423407,36.3
164.678,0.371681133,-0.498010047,66.76374644,36.5
164.69,0.371681133,-0.463832887,66.76993495,36.4
164.703,0.371681133,-0.463832887,66.76374644,36.5
164.716,0.371681133,-0.430876339,66.76993495,36.4
164.728,0.371681133,-0.430876339,66.72804557,36.5
164.741,0.371681133,-0.364963245,66.76374644,36.5
164.754,0.371681133,-0.332006698,66.76374644,36.5
164.767,0.371681133,-0.299050151,66.76374644,36.5
164.779,0.371681133,-0.26487299,66.66374644,36.6
164.792,0.371681133,-0.231916443,66.66374644,36.6
164.805,0.371681133,-0.198959896,66.66374644,36.6
164.817,0.371681133,-0.166003349,66.66993495,36.5
164.83,0.371681133,-0.133046802,66.68754702,36.6
164.843,0.371681133,-0.100090254,66.68754702,36.6
164.855,0.371681133,-0.065913094,66.58754702,36.7
164.868,0.371681133,0,66.56374644,36.7
164.881,0.371681133,0.032956547,66.58754702,36.7
164.894,0.371681133,0.100090254,66.58754702,36.7
164.906,0.371681133,0.133046802,66.58754702,36.7
164.919,0.37082963,0.166003349,66.48754702,36.8
164.932,0.37082963,0.198959896,66.48754702,36.8
164.944,0.37082963,0.26487299,66.48754702,36.8
164.957,0.371681133,0.299050151,66.48754702,36.8
164.97,0.372532637,0.332006698,66.52324789,36.8
164.983,0.372532637,0.364963245,66.42324789,36.9
164.995,0.371681133,0.397919792,66.42324789,36.9
165.008,0.37082963,0.430876339,66.42324789,36.9
165.021,0.37082963,0.463832887,66.42324789,36.9
165.033,0.37082963,0.498010047,66.42324789,36.9
165.046,0.37082963,0.530966594,66.28754702,37
165.059,0.37082963,0.563923141,66.32324789,37
165.071,0.37082963,0.596879688,66.28754702,37
165.084,0.37082963,0.596879688,66.29373553,36.9
165.097,0.37082963,0.629836235,66.32324789,37
165.11,0.37082963,0.662792783,66.29373553,36.9
165.122,0.37082963,0.662792783,66.18754702,37.1
165.135,0.37082963,0.696969943,66.18754702,37.1
165.148,0.371681133,0.696969943,66.18754702,37.1
165.16,0.371681133,0.72992649,66.18754702,37.1
165.173,0.37082963,0.72992649,66.18754702,37.1
165.186,0.371681133,0.72992649,66.19373553,37
165.198,0.37082963,0.72992649,66.18754702,37.1
165.211,0.37082963,0.72992649,66.2294364,37
165.224,0.37082963,0.762883037,66.22324789,37.1
165.237,0.37082963,0.762883037,66.18754702,37.1
165.249,0.37082963,0.762883037,66.22324789,37.1
165.262,0.37082963,0.762883037,66.18754702,37.1
165.275,0.37082963,0.762883037,66.18754702,37.1
165.287,0.37082963,0.762883037,66.19373553,37
165.3,0.37082963,0.762883037,66.18754702,37.1
165.313,0.37082963,0.72992649,66.19373553,37
165.326,0.37082963,0.72992649,66.18754702,37.1
165.338,0.37082963,0.72992649,66.18754702,37.1
165.351,0.37082963,0.72992649,66.18754702,37.1
165.364,0.37082963,0.696969943,66.19373553,37
165.376,0.37082963,0.696969943,66.29373553,36.9
165.389,0.37082963,0.662792783,66.28754702,37
165.402,0.37082963,0.629836235,66.28754702,37
165.414,0.371681133,0.596879688,66.28754702,37
165.427,0.371681133,0.563923141,66.28754702,37
165.44,0.37082963,0.563923141,66.26374644,37
165.453,0.37082963,0.530966594,66.26374644,37
165.465,0.37082963,0.463832887,66.26374644,37
165.478,0.371681133,0.430876339,66.36374644,36.9
165.491,0.37082963,0.397919792,66.36374644,36.9
165.503,0.37082963,0.364963245,66.36374644,36.9
165.516,0.37082963,0.332006698,66.36374644,36.9
165.529,0.37082963,0.26487299,66.36374644,36.9
165.542,0.371681133,0.231916443,66.42804557,36.8
165.554,0.371681133,0.198959896,66.42804557,36.8
165.567,0.37082963,0.166003349,66.46374644,36.8
165.58,0.37082963,0.133046802,66.42804557,36.8
165.592,0.371681133,0.065913094,66.42804557,36.8
165.605,0.371681133,0.032956547,66.52804557,36.7
165.618,0.371681133,0,66.52804557,36.7
165.63,0.371681133,-0.032956547,66.52804557,36.7
165.643,0.371681133,-0.065913094,66.52804557,36.7
165.656,0.371681133,-0.100090254,66.52804557,36.7
165.669,0.371681133,-0.133046802,66.62804557,36.6
165.681,0.37082963,-0.166003349,66.63423407,36.5
165.694,0.371681133,-0.198959896,66.62804557,36.6
165.707,0.371681133,-0.231916443,66.62804557,36.6
165.719,0.371681133,-0.26487299,66.62804557,36.6
165.732,0.371681133,-0.299050151,66.72804557,36.5
165.745,0.371681133,-0.332006698,66.72804557,36.5
165.757,0.371681133,-0.332006698,66.72804557,36.5
165.77,0.371681133,-0.364963245,66.72804557,36.5
165.783,0.371681133,-0.397919792,66.72804557,36.5
165.796,0.37082963,-0.430876339,66.72804557,36.5
165.808,0.371681133,-0.430876339,66.72804557,36.5
165.821,0.371681133,-0.463832887,66.72804557,36.5
165.834,0.371681133,-0.463832887,66.82804557,36.4
165.846,0.371681133,-0.498010047,66.82804557,36.4
165.859,0.371681133,-0.498010047,66.83423407,36.3
165.872,0.371681133,-0.530966594,66.82804557,36.4
165.884,0.371681133,-0.530966594,66.83423407,36.3
165.897,0.371681133,-0.563923141,66.82804557,36.4
165.91,0.371681133,-0.563923141,66.82804557,36.4
165.923,0.371681133,-0.563923141,66.82804557,36.4
165.935,0.371681133,-0.596879688,66.83423407,36.3
165.948,0.371681133,-0.596879688,66.82804557,36.4
165.961,0.371681133,-0.596879688,66.83423407,36.3
165.973,0.371681133,-0.596879688,66.82804557,36.4
165.986,0.371681133,-0.596879688,66.83423407,36.3
165.999,0.371681133,-0.596879688,66.82804557,36.4
166.012,0.371681133,-0.596879688,66.82804557,36.4
166.024,0.371681133,-0.596879688,66.82804557,36.4
166.037,0.371681133,-0.596879688,66.82804557,36.4
166.05,0.371681133,-0.563923141,66.82804557,36.4
166.062,0.371681133,-0.563923141,66.83423407,36.3
166.075,0.371681133,-0.563923141,66.82804557,36.4
166.088,0.371681133,-0.563923141,66.82804557,36.4
166.1,0.371681133,-0.563923141,66.82804557,36.4
166.113,0.371681133,-0.563923141,66.82804557,36.4
166.126,0.371681133,-0.530966594,66.82804557,36.4
166.139,0.371681133,-0.498010047,66.82804557,36.4
166.151,0.371681133,-0.498010047,66.83423407,36.3
166.164,0.371681133,-0.463832887,66.82804557,36.4
166.177,0.371681133,-0.463832887,66.83423407,36.3
166.189,0.371681133,-0.430876339,66.76374644,36.5
166.202,0.371681133,-0.430876339,66.76993495,36.4
166.215,0.371681133,-0.397919792,66.76374644,36.5
166.228,0.371681133,-0.364963245,66.76993495,36.4
166.24,0.371681133,-0.332006698,66.76374644,36.5
166.253,0.371681133,-0.299050151,66.76993495,36.4
166.266,0.371681133,-0.26487299,66.76374644,36.5
166.278,0.371681133,-0.26487299,66.76993495,36.4
166.291,0.371681133,-0.231916443,66.76374644,36.5
166.304,0.371681133,-0.198959896,66.66993495,36.5
166.316,0.371681133,-0.166003349,66.66374644,36.6
166.329,0.371681133,-0.133046802,66.66374644,36.6
166.342,0.371681133,-0.100090254,66.66374644,36.6
166.355,0.371681133,-0.065913094,66.66374644,36.6
166.367,0.371681133,-0.032956547,66.66374644,36.6
166.38,0.371681133,-0.032956547,66.69373553,36.5
166.393,0.371681133,0,66.68754702,36.6
166.405,0.37082963,0.032956547,66.58754702,36.7
166.418,0.371681133,0.065913094,66.58754702,36.7
166.431,0.37082963,0.100090254,66.58754702,36.7
166.443,0.37082963,0.133046802,66.59373553,36.6
166.456,0.37082963,0.166003349,66.58754702,36.7
166.469,0.371681133,0.198959896,66.59373553,36.6
166.482,0.371681133,0.198959896,66.58754702,36.7
166.494,0.371681133,0.231916443,66.59373553,36.6
166.507,0.37082963,0.231916443,66.48754702,36.8
166.52,0.371681133,0.231916443,66.49373553,36.7
166.532,0.371681133,0.26487299,66.48754702,36.8
166.545,0.37082963,0.26487299,66.49373553,36.7
166.558,0.37082963,0.299050151,66.48754702,36.8
166.57,0.37082963,0.299050151,66.49373553,36.7
166.583,0.37082963,0.332006698,66.48754702,36.8
166.596,0.371681133,0.332006698,66.49373553,36.7
166.609,0.371681133,0.332006698,66.48754702,36.8
166.621,0.37082963,0.332006698,66.49373553,36.7
166.634,0.37082963,0.332006698,66.48754702,36.8
166.647,0.37082963,0.332006698,66.48754702,36.8
166.659,0.37082963,0.332006698,66.48754702,36.8
166.672,0.371681133,0.299050151,66.49373553,36.7
166.685,0.371681133,0.299050151,66.48754702,36.8
166.698,0.371681133,0.299050151,66.48754702,36.8
166.71,0.37082963,0.299050151,66.48754702,36.8
166.723,0.37082963,0.26487299,66.48754702,36.8
166.736,0.37082963,0.299050151,66.49373553,36.7
166.748,0.37082963,0.26487299,66.48754702,36.8
166.761,0.371681133,0.26487299,66.49373553,36.7
166.774,0.37082963,0.231916443,66.48754702,36.8
166.786,0.371681133,0.231916443,66.58754702,36.7
166.799,0.371681133,0.198959896,66.58754702,36.7
166.812,0.371681133,0.166003349,66.58754702,36.7
166.825,0.37082963,0.133046802,66.58754702,36.7
166.837,0.37082963,0.133046802,66.59373553,36.6
166.85,0.37082963,0.100090254,66.56374644,36.7
166.863,0.37082963,0.065913094,66.56993495,36.6
166.875,0.371681133,0.032956547,66.56374644,36.7
166.888,0.371681133,0.032956547,66.58754702,36.7
166.901,0.371681133,0,66.58754702,36.7
166.913,0.37082963,-0.032956547,66.66374644,36.6
166.926,0.371681133,-0.065913094,66.66993495,36.5
166.939,0.371681133,-0.100090254,66.66374644,36.6
166.952,0.371681133,-0.133046802,66.66993495,36.5
166.964,0.37082963,-0.166003349,66.66374644,36.6
166.977,0.37082963,-0.166003349,66.66993495,36.5
166.99,0.37082963,-0.198959896,66.66374644,36.6
167.002,0.371681133,-0.231916443,66.76993495,36.4
167.015,0.371681133,-0.26487299,66.76374644,36.5
167.028,0.371681133,-0.299050151,66.76993495,36.4
167.041,0.371681133,-0.332006698,66.76374644,36.5
167.053,0.371681133,-0.364963245,66.76993495,36.4
167.066,0.371681133,-0.364963245,66.76374644,36.5
167.079,0.371681133,-0.397919792,66.73423407,36.4
167.091,0.371681133,-0.430876339,66.82804557,36.4
167.104,0.371681133,-0.463832887,66.86374644,36.4
167.117,0.371681133,-0.463832887,66.82804557,36.4
167.129,0.371681133,-0.498010047,66.82804557,36.4
167.142,0.371681133,-0.530966594,66.83423407,36.3
167.155,0.371681133,-0.563923141,66.86374644,36.4
167.168,0.371681133,-0.563923141,66.86993495,36.3
167.18,0.371681133,-0.596879688,66.82804557,36.4
167.193,0.371681133,-0.596879688,66.83423407,36.3
167.206,0.371681133,-0.629836235,66.82804557,36.4
167.218,0.371681133,-0.629836235,66.83423407,36.3
167.231,0.371681133,-0.629836235,66.82804557,36.4
167.244,0.372532637,-0.629836235,66.93423407,36.2
167.257,0.371681133,-0.629836235,66.92804557,36.3
167.269,0.371681133,-0.662792783,66.93423407,36.2
167.282,0.371681133,-0.662792783,66.92804557,36.3
167.295,0.371681133,-0.662792783,66.93423407,36.2
167.307,0.371681133,-0.662792783,66.92804557,36.3
167.32,0.372532637,-0.662792783,66.93423407,36.2
167.333,0.371681133,-0.662792783,66.92804557,36.3
167.345,0.371681133,-0.662792783,66.92804557,36.3
167.358,0.371681133,-0.629836235,66.92804557,36.3
167.371,0.371681133,-0.629836235,66.92804557,36.3
167.384,0.371681133,-0.629836235,66.93423407,36.2
167.396,0.371681133,-0.629836235,66.82804557,36.4
167.409,0.372532637,-0.629836235,66.83423407,36.3
167.422,0.371681133,-0.596879688,66.82804557,36.4
167.434,0.371681133,-0.596879688,66.83423407,36.3
167.447,0.37082963,-0.563923141,66.82804557,36.4
167.46,0.371681133,-0.530966594,66.83423407,36.3
167.472,0.371681133,-0.530966594,66.82804557,36.4
167.485,0.371681133,-0.498010047,66.86993495,36.3
167.498,0.371681133,-0.463832887,66.86374644,36.4
167.511,0.371681133,-0.463832887,66.86993495,36.3
167.523,0.371681133,-0.430876339,66.86374644,36.4
167.536,0.371681133,-0.397919792,66.86993495,36.3
167.549,0.371681133,-0.364963245,66.76374644,36.5
167.561,0.371681133,-0.332006698,66.76993495,36.4
167.574,0.371681133,-0.332006698,66.76374644,36.5
167.587,0.371681133,-0.26487299,66.76374644,36.5
167.599,0.371681133,-0.231916443,66.76374644,36.5
167.612,0.371681133,-0.231916443,66.76374644,36.5
167.625,0.371681133,-0.198959896,66.76993495,36.4
167.638,0.371681133,-0.166003349,66.78754702,36.5
167.65,0.371681133,-0.133046802,66.69373553,36.5
167.663,0.371681133,-0.100090254,66.68754702,36.6
167.676,0.371681133,-0.065913094,66.69373553,36.5
167.688,0.371681133,-0.032956547,66.68754702,36.6
167.701,0.371681133,0,66.69373553,36.5
167.714,0.371681133,0.065913094,66.68754702,36.6
167.727,0.371681133,0.100090254,66.59373553,36.6
167.739,0.371681133,0.100090254,66.58754702,36.7
167.752,0.371681133,0.133046802,66.59373553,36.6
167.765,0.371681133,0.133046802,66.58754702,36.7
167.777,0.37082963,0.166003349,66.59373553,36.6
167.79,0.37082963,0.198959896,66.58754702,36.7
167.803,0.37082963,0.231916443,66.58754702,36.7
167.815,0.37082963,0.26487299,66.58754702,36.7
167.828,0.37082963,0.26487299,66.48754702,36.8
167.841,0.371681133,0.299050151,66.49373553,36.7
167.854,0.371681133,0.299050151,66.48754702,36.8
167.866,0.37082963,0.299050151,66.5294364,36.7
167.879,0.37082963,0.332006698,66.52324789,36.8
167.892,0.37082963,0.332006698,66.49373553,36.7
167.904,0.37082963,0.332006698,66.48754702,36.8
167.917,0.37082963,0.364963245,66.5294364,36.7
167.93,0.37082963,0.364963245,66.48754702,36.8
167.942,0.37082963,0.364963245,66.49373553,36.7
167.955,0.37082963,0.364963245,66.48754702,36.8
167.968,0.37082963,0.364963245,66.48754702,36.8
167.981,0.37082963,0.364963245,66.48754702,36.8
167.993,0.37082963,0.364963245,66.48754702,36.8
168.006,0.37082963,0.364963245,66.48754702,36.8
168.019,0.371681133,0.397919792,66.48754702,36.8
168.031,0.37082963,0.364963245,66.49373553,36.7
168.044,0.371681133,0.364963245,66.48754702,36.8
168.057,0.371681133,0.364963245,66.49373553,36.7
168.07,0.37082963,0.364963245,66.48754702,36.8
168.082,0.37082963,0.332006698,66.49373553,36.7
168.095,0.37082963,0.332006698,66.48754702,36.8
168.108,0.37082963,0.332006698,66.49373553,36.7
168.12,0.37082963,0.299050151,66.48754702,36.8
168.133,0.37082963,0.299050151,66.49373553,36.7
168.146,0.37082963,0.26487299,66.48754702,36.8
168.158,0.37082963,0.26487299,66.49373553,36.7
168.171,0.37082963,0.231916443,66.48754702,36.8
168.184,0.37082963,0.231916443,66.59373553,36.6
168.197,0.37082963,0.198959896,66.58754702,36.7
168.209,0.371681133,0.166003349,66.59373553,36.6
168.222,0.371681133,0.166003349,66.58754702,36.7
168.235,0.371681133,0.133046802,66.59373553,36.6
168.247,0.37082963,0.133046802,66.56374644,36.7
168.26,0.37082963,0.100090254,66.56374644,36.7
168.273,0.37082963,0.065913094,66.56374644,36.7
168.285,0.37082963,0.032956547,66.56374644,36.7
168.298,0.37082963,0.032956547,66.69373553,36.5
168.311,0.37082963,0,66.66374644,36.6
168.324,0.371681133,-0.032956547,66.66993495,36.5
168.336,0.371681133,-0.032956547,66.66374644,36.6
168.349,0.371681133,-0.065913094,66.66993495,36.5
168.362,0.371681133,-0.065913094,66.66374644,36.6
168.374,0.37082963,-0.065913094,66.66993495,36.5
168.387,0.37082963,-0.100090254,66.66374644,36.6
168.4,0.371681133,-0.100090254,66.66993495,36.5
168.413,0.371681133,-0.133046802,66.66374644,36.6
168.425,0.371681133,-0.133046802,66.66993495,36.5
168.438,0.371681133,-0.133046802,66.66374644,36.6
168.451,0.371681133,-0.166003349,66.66993495,36.5
168.463,0.371681133,-0.166003349,66.66374644,36.6
168.476,0.37082963,-0.166003349,66.66374644,36.6
168.489,0.371681133,-0.198959896,66.66374644,36.6
168.501,0.371681133,-0.198959896,66.76374644,36.5
168.514,0.371681133,-0.198959896,66.66993495,36.5
168.527,0.371681133,-0.198959896,66.76374644,36.5
168.54,0.371681133,-0.198959896,66.76993495,36.4
168.552,0.371681133,-0.198959896,66.76374644,36.5
168.565,0.371681133,-0.198959896,66.76993495,36.4
168.578,0.371681133,-0.198959896,66.76374644,36.5
168.59,0.37082963,-0.198959896,66.76993495,36.4
168.603,0.37082963,-0.198959896,66.76374644,36.5
168.616,0.371681133,-0.198959896,66.76993495,36.4
168.628,0.371681133,-0.198959896,66.76374644,36.5
168.641,0.371681133,-0.198959896,66.76374644,36.5
168.654,0.37082963,-0.166003349,66.76374644,36.5
168.667,0.37082963,-0.166003349,66.66374644,36.6
168.679,0.37082963,-0.166003349,66.66374644,36.6
168.692,0.37082963,-0.166003349,66.66374644,36.6
168.705,0.371681133,-0.166003349,66.66993495,36.5
168.717,0.371681133,-0.133046802,66.66374644,36.6
168.73,0.371681133,-0.133046802,66.66993495,36.5
168.743,0.37082963,-0.100090254,66.66374644,36.6
168.756,0.371681133,-0.100090254,66.66993495,36.5
168.768,0.37082963,-0.065913094,66.66374644,36.6
168.781,0.371681133,-0.065913094,66.66993495,36.5
168.794,0.37082963,-0.032956547,66.66374644,36.6
168.806,0.37082963,-0.032956547,66.66993495,36.5
168.819,0.371681133,0,66.66374644,36.6
168.832,0.371681133,0,66.66993495,36.5
168.844,0.371681133,0.032956547,66.66374644,36.6
168.857,0.371681133,0.032956547,66.66374644,36.6
168.87,0.37082963,0.065913094,66.66374644,36.6
168.883,0.37082963,0.065913094,66.56374644,36.7
168.895,0.37082963,0.100090254,66.56993495,36.6
168.908,0.37082963,0.100090254,66.58754702,36.7
168.921,0.37082963,0.133046802,66.59373553,36.6
168.933,0.37082963,0.133046802,66.58754702,36.7
168.946,0.371681133,0.133046802,66.59373553,36.6
168.959,0.371681133,0.133046802,66.58135851,36.8
168.971,0.37082963,0.166003349,66.59373553,36.6
168.984,0.371681133,0.198959896,66.58135851,36.8
168.997,0.371681133,0.198959896,66.59373553,36.6
169.01,0.371681133,0.231916443,66.56374644,36.7
169.022,0.37082963,0.231916443,66.56993495,36.6
169.035,0.37082963,0.231916443,66.56374644,36.7
169.048,0.37082963,0.231916443,66.59373553,36.6
169.06,0.37082963,0.26487299,66.58754702,36.7
169.073,0.37082963,0.26487299,66.59373553,36.6
169.086,0.37082963,0.26487299,66.59373553,36.6
169.099,0.37082963,0.26487299,66.58754702,36.7
169.111,0.37082963,0.26487299,66.59373553,36.6
169.124,0.37082963,0.299050151,66.58754702,36.7
169.137,0.37082963,0.299050151,66.59373553,36.6
169.149,0.37082963,0.299050151,66.58754702,36.7
169.162,0.37082963,0.299050151,66.59373553,36.6
169.175,0.37082963,0.299050151,66.58754702,36.7
169.187,0.37082963,0.299050151,66.59373553,36.6
169.2,0.37082963,0.299050151,66.58754702,36.7
169.213,0.37082963,0.299050151,66.59373553,36.6
169.226,0.37082963,0.299050151,66.58754702,36.7
169.238,0.37082963,0.299050151,66.59373553,36.6
169.251,0.37082963,0.299050151,66.58754702,36.7
169.264,0.37082963,0.299050151,66.58754702,36.7
169.276,0.37082963,0.299050151,66.58754702,36.7
169.289,0.371681133,0.299050151,66.56374644,36.7
169.302,0.371681133,0.26487299,66.58754702,36.7
169.314,0.37082963,0.26487299,66.58754702,36.7
169.327,0.37082963,0.26487299,66.56993495,36.6
169.34,0.37082963,0.231916443,66.56374644,36.7
169.353,0.37082963,0.231916443,66.56993495,36.6
169.365,0.37082963,0.198959896,66.58754702,36.7
169.378,0.371681133,0.198959896,66.59373553,36.6
169.391,0.371681133,0.198959896,66.58754702,36.7
169.403,0.371681133,0.166003349,66.56993495,36.6
169.416,0.37082963,0.166003349,66.56374644,36.7
169.429,0.371681133,0.133046802,66.56993495,36.6
169.442,0.371681133,0.133046802,66.56374644,36.7
169.454,0.371681133,0.100090254,66.66374644,36.6
169.467,0.37082963,0.100090254,66.66374644,36.6
169.48,0.37082963,0.065913094,66.66374644,36.6
169.492,0.37082963,0.032956547,66.66993495,36.5
169.505,0.371681133,0.032956547,66.66374644,36.6
169.518,0.371681133,0.032956547,66.66993495,36.5
169.53,0.371681133,0,66.66374644,36.6
169.543,0.371681133,-0.032956547,66.66993495,36.5
169.556,0.371681133,-0.032956547,66.66374644,36.6
169.569,0.371681133,-0.032956547,66.66993495,36.5
169.581,0.37082963,-0.065913094,66.62804557,36.6
169.594,0.371681133,-0.100090254,66.63423407,36.5
169.607,0.371681133,-0.100090254,66.62804557,36.6
169.619,0.371681133,-0.133046802,66.63423407,36.5
169.632,0.371681133,-0.133046802,66.72804557,36.5
169.645,0.371681133,-0.166003349,66.72804557,36.5
169.657,0.37082963,-0.166003349,66.72804557,36.5
169.67,0.372532637,-0.166003349,66.76374644,36.5
169.683,0.372532637,-0.166003349,66.76993495,36.4
169.696,0.372532637,-0.198959896,66.76374644,36.5
169.708,0.371681133,-0.198959896,66.73423407,36.4
169.721,0.37082963,-0.198959896,66.72804557,36.5
169.734,0.371681133,-0.198959896,66.73423407,36.4
169.746,0.371681133,-0.198959896,66.72185706,36.6
169.759,0.371681133,-0.198959896,66.73423407,36.4
169.772,0.371681133,-0.231916443,66.72185706,36.6
169.785,0.371681133,-0.231916443,66.73423407,36.4
169.797,0.371681133,-0.231916443,66.72185706,36.6
169.81,0.371681133,-0.198959896,66.73423407,36.4
169.823,0.37082963,-0.198959896,66.72804557,36.5
169.835,0.37082963,-0.198959896,66.73423407,36.4
169.848,0.37082963,-0.231916443,66.72804557,36.5
169.861,0.371681133,-0.198959896,66.73423407,36.4
169.873,0.371681133,-0.198959896,66.72804557,36.5
169.886,0.371681133,-0.198959896,66.72804557,36.5
169.899,0.371681133,-0.198959896,66.72804557,36.5
169.912,0.37082963,-0.166003349,66.76374644,36.5
169.924,0.37082963,-0.166003349,66.76993495,36.4
169.937,0.37082963,-0.166003349,66.76374644,36.5
169.95,0.37082963,-0.133046802,66.73423407,36.4
169.962,0.37082963,-0.100090254,66.76374644,36.5
169.975,0.371681133,-0.100090254,66.66993495,36.5
169.988,0.371681133,-0.065913094,66.66374644,36.6
170,0.371681133,-0.065913094,66.66993495,36.5
170.013,0.371681133,-0.065913094,66.62804557,36.6
170.026,0.371681133,-0.032956547,66.63423407,36.5
170.039,0.37082963,0,66.66374644,36.6
170.051,0.37082963,0,66.66374644,36.6
170.064,0.371681133,0.032956547,66.66374644,36.6
170.077,0.371681133,0.065913094,66.66374644,36.6
170.089,0.371681133,0.065913094,66.66993495,36.5
170.102,0.37082963,0.065913094,66.66374644,36.6
170.115,0.37082963,0.100090254,66.66993495,36.5
170.128,0.37082963,0.100090254,66.66374644,36.6
170.14,0.371681133,0.133046802,66.56993495,36.6
170.153,0.37082963,0.133046802,66.56374644,36.7
170.166,0.37082963,0.133046802,66.56993495,36.6
170.178,0.37082963,0.166003349,66.56374644,36.7
170.191,0.37082963,0.166003349,66.56993495,36.6
170.204,0.37082963,0.198959896,66.56374644,36.7
170.216,0.37082963,0.198959896,66.56993495,36.6
170.229,0.37082963,0.231916443,66.56374644,36.7
170.242,0.37082963,0.231916443,66.56374644,36.7
170.255,0.37082963,0.231916443,66.56993495,36.6
170.267,0.37082963,0.26487299,66.58754702,36.7
170.28,0.37082963,0.26487299,66.59373553,36.6
170.293,0.37082963,0.26487299,66.58754702,36.7
170.305,0.37082963,0.26487299,66.59373553,36.6
170.318,0.37082963,0.26487299,66.56374644,36.7
170.331,0.37082963,0.26487299,66.56993495,36.6
170.343,0.37082963,0.299050151,66.55755793,36.8
170.356,0.371681133,0.299050151,66.56993495,36.6
170.369,0.371681133,0.299050151,66.55755793,36.8
170.382,0.37082963,0.299050151,66.59373553,36.6
170.394,0.37082963,0.299050151,66.58754702,36.7
170.407,0.37082963,0.299050151,66.59373553,36.6
170.42,0.37082963,0.299050151,66.58754702,36.7
170.432,0.37082963,0.299050151,66.58754702,36.7
170.445,0.37082963,0.26487299,66.56374644,36.7
170.458,0.37082963,0.26487299,66.56993495,36.6
170.471,0.37082963,0.26487299,66.56993495,36.6
170.483,0.37082963,0.26487299,66.56374644,36.7
170.496,0.37082963,0.26487299,66.56993495,36.6
170.509,0.37082963,0.26487299,66.56374644,36.7
170.521,0.37082963,0.26487299,66.56993495,36.6
170.534,0.37082963,0.26487299,66.55755793,36.8
170.547,0.37082963,0.231916443,66.59373553,36.6
170.559,0.371681133,0.231916443,66.58754702,36.7
170.572,0.37082963,0.231916443,66.59373553,36.6
170.585,0.37082963,0.231916443,66.58754702,36.7
170.598,0.37082963,0.198959896,66.59373553,36.6
170.61,0.37082963,0.198959896,66.56374644,36.7
170.623,0.37082963,0.198959896,66.56993495,36.6
170.636,0.371681133,0.198959896,66.56374644,36.7
170.648,0.371681133,0.198959896,66.56993495,36.6
170.661,0.37082963,0.198959896,66.56374644,36.7
170.674,0.37082963,0.198959896,66.56374644,36.7
170.686,0.37082963,0.198959896,66.56993495,36.6
170.699,0.37082963,0.198959896,66.56374644,36.7
170.712,0.37082963,0.198959896,66.56993495,36.6
170.725,0.37082963,0.198959896,66.56374644,36.7
170.737,0.37082963,0.198959896,66.56993495,36.6
170.75,0.37082963,0.198959896,66.56374644,36.7
170.763,0.37082963,0.198959896,66.56993495,36.6
170.775,0.37082963,0.198959896,66.66374644,36.6
170.788,0.371681133,0.198959896,66.66993495,36.5
170.801,0.37082963,0.166003349,66.66374644,36.6
170.814,0.37082963,0.166003349,66.66993495,36.5
170.826,0.37082963,0.166003349,66.66374644,36.6
170.839,0.37082963,0.166003349,66.66374644,36.6
170.852,0.37082963,0.198959896,66.56374644,36.7
170.864,0.37082963,0.198959896,66.58754702,36.7
170.877,0.37082963,0.198959896,66.56993495,36.6
170.89,0.37082963,0.198959896,66.56374644,36.7
170.902,0.371681133,0.198959896,66.56993495,36.6
170.915,0.371681133,0.198959896,66.56374644,36.7
170.928,0.371681133,0.198959896,66.59373553,36.6
170.941,0.371681133,0.198959896,66.56374644,36.7
170.953,0.371681133,0.231916443,66.56993495,36.6
170.966,0.371681133,0.231916443,66.56374644,36.7
170.979,0.37082963,0.231916443,66.56993495,36.6
170.991,0.37082963,0.231916443,66.58754702,36.7
171.004,0.371681133,0.26487299,66.59373553,36.6
171.017,0.37082963,0.26487299,66.56374644,36.7
171.029,0.37082963,0.26487299,66.56993495,36.6
171.042,0.371681133,0.26487299,66.58754702,36.7
171.055,0.371681133,0.26487299,66.59373553,36.6
171.068,0.371681133,0.299050151,66.59373553,36.6
171.08,0.37082963,0.299050151,66.58754702,36.7
171.093,0.37082963,0.299050151,66.59373553,36.6
171.106,0.37082963,0.299050151,66.58754702,36.7
171.118,0.37082963,0.299050151,66.56993495,36.6
171.131,0.37082963,0.299050151,66.56374644,36.7
171.144,0.37082963,0.299050151,66.56993495,36.6
171.157,0.37082963,0.299050151,66.56374644,36.7
171.169,0.37082963,0.26487299,66.56993495,36.6
171.182,0.37082963,0.26487299,66.56374644,36.7
171.195,0.371681133,0.26487299,66.59373553,36.6
171.207,0.37082963,0.26487299,66.58754702,36.7
171.22,0.37082963,0.26487299,66.59373553,36.6
171.233,0.37082963,0.26487299,66.58754702,36.7
171.245,0.37082963,0.26487299,66.59373553,36.6
171.258,0.37082963,0.26487299,66.58754702,36.7
171.271,0.371681133,0.26487299,66.59373553,36.6
171.284,0.371681133,0.26487299,66.58754702,36.7
171.296,0.37082963,0.231916443,66.59373553,36.6
171.309,0.37082963,0.231916443,66.56374644,36.7
171.322,0.37082963,0.231916443,66.66993495,36.5
171.334,0.37082963,0.198959896,66.66374644,36.6
171.347,0.37082963,0.166003349,66.66374644,36.6
171.36,0.37082963,0.166003349,66.66993495,36.5
171.372,0.37082963,0.133046802,66.66374644,36.6
171.385,0.37082963,0.133046802,66.66993495,36.5
171.398,0.37082963,0.133046802,66.66374644,36.6
171.411,0.371681133,0.100090254,66.66993495,36.5
171.423,0.371681133,0.065913094,66.66374644,36.6
171.436,0.371681133,0.065913094,66.66993495,36.5
171.449,0.371681133,0.032956547,66.66374644,36.6
171.461,0.371681133,0,66.66993495,36.5
171.474,0.37082963,0,66.76374644,36.5
171.487,0.37082963,-0.032956547,66.76993495,36.4
171.5,0.371681133,-0.032956547,66.76374644,36.5
171.512,0.371681133,-0.065913094,66.76993495,36.4
171.525,0.371681133,-0.100090254,66.76374644,36.5
171.538,0.37082963,-0.133046802,66.76993495,36.4
171.55,0.37082963,-0.133046802,66.76374644,36.5
171.563,0.371681133,-0.166003349,66.76993495,36.4
171.576,0.371681133,-0.198959896,66.76374644,36.5
171.588,0.371681133,-0.198959896,66.73423407,36.4
171.601,0.371681133,-0.231916443,66.72804557,36.5
171.614,0.371681133,-0.26487299,66.82804557,36.4
171.627,0.37082963,-0.26487299,66.82804557,36.4
171.639,0.371681133,-0.299050151,66.82804557,36.4
171.652,0.371681133,-0.332006698,66.82804557,36.4
171.665,0.371681133,-0.332006698,66.82804557,36.4
171.677,0.371681133,-0.364963245,66.82804557,36.4
171.69,0.371681133,-0.364963245,66.82804557,36.4
171.703,0.371681133,-0.397919792,66.82804557,36.4
171.715,0.371681133,-0.397919792,66.82804557,36.4
171.728,0.371681133,-0.430876339,66.83423407,36.3
171.741,0.371681133,-0.430876339,66.82804557,36.4
171.754,0.371681133,-0.430876339,66.83423407,36.3
171.766,0.371681133,-0.463832887,66.92804557,36.3
171.779,0.37082963,-0.463832887,66.8985332,36.2
171.792,0.371681133,-0.463832887,66.92804557,36.3
171.804,0.371681133,-0.463832887,66.93423407,36.2
171.817,0.37082963,-0.498010047,66.92804557,36.3
171.83,0.371681133,-0.463832887,66.93423407,36.2
171.842,0.371681133,-0.498010047,66.92804557,36.3
171.855,0.371681133,-0.498010047,66.93423407,36.2
171.868,0.371681133,-0.498010047,66.92804557,36.3
171.881,0.371681133,-0.463832887,66.92804557,36.3
171.893,0.371681133,-0.463832887,66.92804557,36.3
171.906,0.371681133,-0.463832887,66.92804557,36.3
171.919,0.371681133,-0.498010047,66.92804557,36.3
171.931,0.372532637,-0.463832887,66.93423407,36.2
171.944,0.371681133,-0.463832887,66.92804557,36.3
171.957,0.371681133,-0.463832887,66.92804557,36.3
171.97,0.371681133,-0.463832887,66.92804557,36.3
171.982,0.371681133,-0.463832887,66.92804557,36.3
171.995,0.371681133,-0.430876339,66.82804557,36.4
172.008,0.371681133,-0.430876339,66.82804557,36.4
172.02,0.371681133,-0.430876339,66.82804557,36.4
172.033,0.371681133,-0.397919792,66.82804557,36.4
172.046,0.371681133,-0.397919792,66.82804557,36.4
172.058,0.371681133,-0.364963245,66.82804557,36.4
172.071,0.371681133,-0.364963245,66.82804557,36.4
172.084,0.371681133,-0.332006698,66.82804557,36.4
172.097,0.371681133,-0.299050151,66.82804557,36.4
172.109,0.371681133,-0.299050151,66.82804557,36.4
172.122,0.371681133,-0.26487299,66.82804557,36.4
172.135,0.37082963,-0.231916443,66.82804557,36.4
172.147,0.371681133,-0.231916443,66.86374644,36.4
172.16,0.37082963,-0.198959896,66.86374644,36.4
172.173,0.37082963,-0.166003349,66.76374644,36.5
172.186,0.37082963,-0.166003349,66.76374644,36.5
172.198,0.371681133,-0.133046802,66.76374644,36.5
172.211,0.371681133,-0.133046802,66.76374644,36.5
172.224,0.371681133,-0.100090254,66.76374644,36.5
172.236,0.37082963,-0.065913094,66.76374644,36.5
172.249,0.371681133,-0.065913094,66.76374644,36.5
172.262,0.37082963,-0.032956547,66.76374644,36.5
172.274,0.371681133,0,66.76374644,36.5
172.287,0.37082963,0,66.76374644,36.5
172.3,0.37082963,0,66.76993495,36.4
172.313,0.37082963,0.032956547,66.66374644,36.6
172.325,0.371681133,0.065913094,66.66993495,36.5
172.338,0.371681133,0.065913094,66.66374644,36.6
172.351,0.371681133,0.100090254,66.66374644,36.6
172.363,0.371681133,0.100090254,66.66374644,36.6
172.376,0.371681133,0.133046802,66.68754702,36.6
172.389,0.371681133,0.133046802,66.68754702,36.6
172.401,0.371681133,0.133046802,66.66374644,36.6
172.414,0.371681133,0.166003349,66.66374644,36.6
172.427,0.37082963,0.166003349,66.69373553,36.5
172.44,0.371681133,0.166003349,66.68754702,36.6
172.452,0.37082963,0.198959896,66.68754702,36.6
172.465,0.371681133,0.198959896,66.68754702,36.6
172.478,0.37082963,0.198959896,66.66374644,36.6
172.49,0.37082963,0.231916443,66.68754702,36.6
172.503,0.37082963,0.231916443,66.68754702,36.6
172.516,0.37082963,0.231916443,66.68754702,36.6
172.529,0.37082963,0.231916443,66.69373553,36.5
172.541,0.37082963,0.231916443,66.68754702,36.6
172.554,0.37082963,0.231916443,66.68754702,36.6
172.567,0.371681133,0.231916443,66.68754702,36.6
172.579,0.371681133,0.231916443,66.68754702,36.6
172.592,0.37082963,0.26487299,66.68754702,36.6
172.605,0.37082963,0.231916443,66.68754702,36.6
172.617,0.37082963,0.231916443,66.68754702,36.6
172.63,0.37082963,0.231916443,66.66374644,36.6
172.643,0.371681133,0.26487299,66.68754702,36.6
172.656,0.371681133,0.26487299,66.66374644,36.6
172.668,0.37082963,0.26487299,66.68754702,36.6
172.681,0.371681133,0.26487299,66.68754702,36.6
172.694,0.371681133,0.231916443,66.68754702,36.6
172.706,0.37082963,0.231916443,66.68754702,36.6
172.719,0.371681133,0.231916443,66.69373553,36.5
172.732,0.371681133,0.231916443,66.68754702,36.6
172.744,0.371681133,0.231916443,66.66374644,36.6
172.757,0.37082963,0.231916443,66.68754702,36.6
172.77,0.37082963,0.198959896,66.66374644,36.6
172.783,0.37082963,0.198959896,66.66374644,36.6
172.795,0.37082963,0.198959896,66.66374644,36.6
172.808,0.37082963,0.198959896,66.66374644,36.6
172.821,0.37082963,0.198959896,66.66993495,36.5
172.833,0.37082963,0.198959896,66.66374644,36.6
172.846,0.37082963,0.166003349,66.66374644,36.6
172.859,0.37082963,0.166003349,66.66374644,36.6
172.872,0.371681133,0.166003349,66.68754702,36.6
172.884,0.371681133,0.166003349,66.66374644,36.6
172.897,0.371681133,0.133046802,66.66374644,36.6
172.91,0.37082963,0.133046802,66.66374644,36.6
172.922,0.37082963,0.133046802,66.66374644,36.6
172.935,0.37082963,0.100090254,66.66374644,36.6
172.948,0.37082963,0.100090254,66.66374644,36.6
172.96,0.37082963,0.100090254,66.66374644,36.6
172.973,0.37082963,0.065913094,66.66374644,36.6
172.986,0.37082963,0.065913094,66.66374644,36.6
172.999,0.37082963,0.065913094,66.76374644,36.5
173.011,0.37082963,0.065913094,66.76374644,36.5
173.024,0.37082963,0.065913094,66.76374644,36.5
173.037,0.37082963,0.032956547,66.76374644,36.5
173.049,0.37082963,0.032956547,66.76374644,36.5
173.062,0.37082963,0.032956547,66.76374644,36.5
173.075,0.37082963,0.032956547,66.76374644,36.5
173.087,0.37082963,0,66.76374644,36.5
173.1,0.37082963,0,66.76993495,36.4
173.113,0.37082963,0,66.76374644,36.5
173.126,0.37082963,0,66.76993495,36.4
173.138,0.371681133,-0.032956547,66.76374644,36.5
173.151,0.371681133,-0.032956547,66.76374644,36.5
173.164,0.37082963,-0.032956547,66.76374644,36.5
173.176,0.37082963,-0.032956547,66.76993495,36.4
173.189,0.37082963,-0.032956547,66.72804557,36.5
173.202,0.371681133,-0.032956547,66.76993495,36.4
173.215,0.371681133,-0.065913094,66.76374644,36.5
173.227,0.371681133,-0.065913094,66.76374644,36.5
173.24,0.371681133,-0.065913094,66.76374644,36.5
173.253,0.37082963,-0.065913094,66.76374644,36.5
173.265,0.371681133,-0.065913094,66.76374644,36.5
173.278,0.371681133,-0.065913094,66.76374644,36.5
173.291,0.371681133,-0.065913094,66.76993495,36.4
173.303,0.37082963,-0.100090254,66.76374644,36.5
173.316,0.371681133,-0.100090254,66.76993495,36.4
173.329,0.371681133,-0.100090254,66.76374644,36.5
173.342,0.371681133,-0.065913094,66.76993495,36.4
173.354,0.371681133,-0.065913094,66.76374644,36.5
173.367,0.371681133,-0.065913094,66.76993495,36.4
173.38,0.37082963,-0.065913094,66.76374644,36.5
173.392,0.37082963,-0.065913094,66.76993495,36.4
173.405,0.37082963,-0.065913094,66.72804557,36.5
173.418,0.371681133,-0.065913094,66.73423407,36.4
173.43,0.371681133,-0.065913094,66.72804557,36.5
173.443,0.371681133,-0.065913094,66.76993495,36.4
173.456,0.371681133,-0.065913094,66.76374644,36.5
173.469,0.371681133,-0.032956547,66.76993495,36.4
173.481,0.371681133,-0.032956547,66.76374644,36.5
173.494,0.371681133,-0.032956547,66.76993495,36.4
173.507,0.371681133,-0.032956547,66.76374644,36.5
173.519,0.371681133,-0.065913094,66.76993495,36.4
173.532,0.371681133,-0.065913094,66.76374644,36.5
173.545,0.371681133,-0.032956547,66.76374644,36.5
173.557,0.371681133,-0.032956547,66.76374644,36.5
173.57,0.37082963,-0.032956547,66.76374644,36.5
173.583,0.37082963,-0.032956547,66.76993495,36.4
173.596,0.37082963,-0.032956547,66.76374644,36.5
173.608,0.37082963,-0.032956547,66.76993495,36.4
173.621,0.37082963,0,66.76374644,36.5
173.634,0.37082963,-0.032956547,66.76993495,36.4
173.646,0.37082963,0,66.76374644,36.5
173.659,0.37082963,0,66.76993495,36.4
173.672,0.37082963,0,66.76374644,36.5
173.685,0.37082963,0,66.76993495,36.4
173.697,0.37082963,0,66.72804557,36.5
173.71,0.371681133,0,66.73423407,36.4
173.723,0.371681133,0,66.76374644,36.5
173.735,0.371681133,0,66.76993495,36.4
173.748,0.371681133,0,66.76374644,36.5
173.761,0.371681133,0,66.76374644,36.5
173.773,0.371681133,0,66.76374644,36.5
173.786,0.37082963,0,66.76374644,36.5
173.799,0.37082963,0,66.76374644,36.5
173.812,0.37082963,0,66.76993495,36.4
173.824,0.37082963,0,66.76993495,36.4
173.837,0.37082963,0,66.76374644,36.5
173.85,0.37082963,0,66.76374644,36.5
173.862,0.37082963,0,66.76374644,36.5
173.875,0.371681133,0,66.76993495,36.4
173.888,0.37082963,-0.032956547,66.76374644,36.5
173.901,0.371681133,-0.032956547,66.73423407,36.4
173.913,0.37082963,-0.032956547,66.76374644,36.5
173.926,0.371681133,-0.032956547,66.73423407,36.4
173.939,0.371681133,-0.032956547,66.72804557,36.5
173.951,0.371681133,-0.032956547,66.72804557,36.5
173.964,0.371681133,-0.065913094,66.72804557,36.5
173.977,0.371681133,-0.065913094,66.76374644,36.5
173.989,0.371681133,-0.065913094,66.76374644,36.5
174.002,0.37082963,-0.065913094,66.76374644,36.5
174.015,0.37082963,-0.065913094,66.76374644,36.5
174.028,0.371681133,-0.065913094,66.72804557,36.5
174.04,0.371681133,-0.100090254,66.76993495,36.4
174.053,0.371681133,-0.100090254,66.76374644,36.5
174.066,0.37082963,-0.100090254,66.76993495,36.4
174.078,0.37082963,-0.133046802,66.76374644,36.5
174.091,0.371681133,-0.133046802,66.73423407,36.4
174.104,0.37082963,-0.133046802,66.76374644,36.5
174.116,0.371681133,-0.133046802,66.76993495,36.4
174.129,0.371681133,-0.133046802,66.76374644,36.5
174.142,0.371681133,-0.133046802,66.86993495,36.3
174.155,0.37082963,-0.166003349,66.86374644,36.4
174.167,0.37082963,-0.166003349,66.83423407,36.3
174.18,0.371681133,-0.166003349,66.82804557,36.4
174.193,0.371681133,-0.166003349,66.83423407,36.3
174.205,0.37082963,-0.166003349,66.82804557,36.4
174.218,0.37082963,-0.166003349,66.82804557,36.4
174.231,0.37082963,-0.166003349,66.82804557,36.4
174.243,0.371681133,-0.166003349,66.82804557,36.4
174.256,0.371681133,-0.198959896,66.82804557,36.4
174.269,0.371681133,-0.198959896,66.82804557,36.4
174.282,0.371681133,-0.198959896,66.83423407,36.3
174.294,0.371681133,-0.198959896,66.82804557,36.4
174.307,0.371681133,-0.198959896,66.83423407,36.3
174.32,0.37082963,-0.198959896,66.82804557,36.4
174.332,0.371681133,-0.198959896,66.83423407,36.3
174.345,0.371681133,-0.198959896,66.86374644,36.4
174.358,0.371681133,-0.198959896,66.83423407,36.3
174.371,0.37082963,-0.198959896,66.82804557,36.4
174.383,0.371681133,-0.198959896,66.83423407,36.3
174.396,0.372532637,-0.198959896,66.86374644,36.4
174.409,0.372532637,-0.198959896,66.86993495,36.3
174.421,0.371681133,-0.198959896,66.86374644,36.4
174.434,0.371681133,-0.198959896,66.86374644,36.4
174.447,0.371681133,-0.198959896,66.86374644,36.4
174.459,0.371681133,-0.166003349,66.82804557,36.4
174.472,0.371681133,-0.166003349,66.82804557,36.4
174.485,0.37082963,-0.166003349,66.82804557,36.4
174.498,0.371681133,-0.166003349,66.83423407,36.3
174.51,0.37082963,-0.166003349,66.82804557,36.4
174.523,0.371681133,-0.166003349,66.83423407,36.3
174.536,0.371681133,-0.166003349,66.82804557,36.4
174.548,0.371681133,-0.133046802,66.86993495,36.3
174.561,0.371681133,-0.133046802,66.86374644,36.4
174.574,0.371681133,-0.133046802,66.83423407,36.3
174.586,0.371681133,-0.100090254,66.72804557,36.5
174.599,0.371681133,-0.100090254,66.73423407,36.4
174.612,0.371681133,-0.100090254,66.72185706,36.6
174.625,0.371681133,-0.065913094,66.73423407,36.4
174.637,0.371681133,-0.065913094,66.75755793,36.6
174.65,0.371681133,-0.032956547,66.76993495,36.4
174.663,0.371681133,-0.032956547,66.76374644,36.5
174.675,0.37082963,-0.032956547,66.76993495,36.4
174.688,0.37082963,-0.032956547,66.72804557,36.5
174.701,0.37082963,0,66.76374644,36.5
174.714,0.37082963,0,66.76374644,36.5
174.726,0.37082963,0.032956547,66.76374644,36.5
174.739,0.371681133,0.032956547,66.76993495,36.4
174.752,0.37082963,0.032956547,66.76374644,36.5
174.764,0.37082963,0.032956547,66.76993495,36.4
174.777,0.37082963,0.065913094,66.76374644,36.5
174.79,0.37082963,0.065913094,66.76993495,36.4
174.802,0.37082963,0.065913094,66.76374644,36.5
174.815,0.37082963,0.100090254,66.76993495,36.4
174.828,0.37082963,0.100090254,66.76374644,36.5
174.841,0.37082963,0.100090254,66.76374644,36.5
174.853,0.37082963,0.100090254,66.76374644,36.5
174.866,0.37082963,0.100090254,66.76993495,36.4
174.879,0.37082963,0.100090254,66.76374644,36.5
174.891,0.37082963,0.133046802,66.76374644,36.5
174.904,0.371681133,0.133046802,66.76374644,36.5
174.917,0.371681133,0.133046802,66.66374644,36.6
174.93,0.37082963,0.133046802,66.66993495,36.5
174.942,0.371681133,0.133046802,66.66374644,36.6
174.955,0.371681133,0.133046802,66.66993495,36.5
174.968,0.371681133,0.133046802,66.66374644,36.6
174.98,0.371681133,0.133046802,66.66993495,36.5
174.993,0.37082963,0.166003349,66.66374644,36.6
175.006,0.371681133,0.166003349,66.66993495,36.5
175.018,0.371681133,0.166003349,66.66374644,36.6
175.031,0.371681133,0.166003349,66.66993495,36.5
175.044,0.37082963,0.166003349,66.76374644,36.5
175.057,0.37082963,0.133046802,66.76993495,36.4
175.069,0.37082963,0.133046802,66.76374644,36.5
175.082,0.371681133,0.133046802,66.76374644,36.5
175.095,0.37082963,0.133046802,66.76374644,36.5
175.107,0.37082963,0.133046802,66.76374644,36.5
175.12,0.37082963,0.133046802,66.76993495,36.4
175.133,0.37082963,0.133046802,66.76374644,36.5
175.145,0.37082963,0.133046802,66.76993495,36.4
175.158,0.37082963,0.133046802,66.76374644,36.5
175.171,0.37082963,0.133046802,66.76993495,36.4
175.184,0.37082963,0.100090254,66.76374644,36.5
175.196,0.37082963,0.100090254,66.76993495,36.4
175.209,0.37082963,0.100090254,66.75755793,36.6
175.222,0.371681133,0.100090254,66.76993495,36.4
175.234,0.371681133,0.100090254,66.75755793,36.6
175.247,0.371681133,0.100090254,66.76993495,36.4
175.26,0.37082963,0.100090254,66.76374644,36.5
175.272,0.37082963,0.100090254,66.76993495,36.4
175.285,0.37082963,0.065913094,66.76374644,36.5
175.298,0.37082963,0.065913094,66.76374644,36.5
175.311,0.37082963,0.065913094,66.76374644,36.5
175.323,0.37082963,0.032956547,66.76374644,36.5
175.336,0.37082963,0.032956547,66.73423407,36.4
175.349,0.37082963,0.032956547,66.76374644,36.5
175.361,0.37082963,0.032956547,66.73423407,36.4
175.374,0.37082963,0.032956547,66.76374644,36.5
175.387,0.37082963,0.032956547,66.76993495,36.4
175.4,0.37082963,0,66.76374644,36.5
175.412,0.37082963,0,66.73423407,36.4
175.425,0.37082963,0,66.72804557,36.5
175.438,0.371681133,0,66.73423407,36.4
175.45,0.371681133,-0.032956547,66.72804557,36.5
175.463,0.371681133,-0.032956547,66.73423407,36.4
175.476,0.37082963,-0.032956547,66.72804557,36.5
175.488,0.371681133,-0.032956547,66.72804557,36.5
175.501,0.371681133,-0.032956547,66.72804557,36.5
175.514,0.371681133,-0.032956547,66.72804557,36.5
175.527,0.37082963,-0.065913094,66.72804557,36.5
175.539,0.37082963,-0.032956547,66.72804557,36.5
175.552,0.371681133,-0.032956547,66.73423407,36.4
175.565,0.371681133,-0.032956547,66.72804557,36.5
175.577,0.371681133,-0.065913094,66.73423407,36.4
175.59,0.37082963,-0.065913094,66.72804557,36.5
175.603,0.371681133,-0.065913094,66.73423407,36.4
175.616,0.37082963,-0.065913094,66.82804557,36.4
175.628,0.371681133,-0.065913094,66.73423407,36.4
175.641,0.371681133,-0.065913094,66.82804557,36.4
175.654,0.371681133,-0.065913094,66.73423407,36.4
175.666,0.37082963,-0.065913094,66.76374644,36.5
175.679,0.37082963,-0.065913094,66.76374644,36.5
175.692,0.371681133,-0.065913094,66.76374644,36.5
175.704,0.37082963,-0.065913094,66.76374644,36.5
175.717,0.37082963,-0.065913094,66.73423407,36.4
175.73,0.37082963,-0.065913094,66.76374644,36.5
175.743,0.371681133,-0.065913094,66.76993495,36.4
175.755,0.371681133,-0.065913094,66.76374644,36.5
175.768,0.37082963,-0.065913094,66.73423407,36.4
175.781,0.37082963,-0.065913094,66.72804557,36.5
175.793,0.37082963,-0.065913094,66.73423407,36.4
175.806,0.37082963,-0.065913094,66.72804557,36.5
175.819,0.371681133,-0.065913094,66.73423407,36.4
175.831,0.37082963,-0.065913094,66.72804557,36.5
175.844,0.37082963,-0.032956547,66.76993495,36.4
175.857,0.37082963,-0.032956547,66.76374644,36.5
175.87,0.371681133,-0.032956547,66.73423407,36.4
175.882,0.371681133,-0.032956547,66.72804557,36.5
175.895,0.371681133,-0.032956547,66.72804557,36.5
175.908,0.37082963,-0.032956547,66.82804557,36.4
175.92,0.37082963,-0.032956547,66.76374644,36.5
175.933,0.37082963,-0.032956547,66.76993495,36.4
175.946,0.37082963,-0.032956547,66.76374644,36.5
175.958,0.37082963,-0.032956547,66.83423407,36.3
175.971,0.37082963,-0.032956547,66.76374644,36.5
175.984,0.371681133,-0.032956547,66.73423407,36.4
175.997,0.37082963,-0.032956547,66.72185706,36.6
176.009,0.371681133,-0.032956547,66.73423407,36.4
176.022,0.37082963,-0.032956547,66.72185706,36.6
176.035,0.371681133,-0.032956547,66.76993495,36.4
176.047,0.371681133,-0.032956547,66.72804557,36.5
176.06,0.37082963,-0.032956547,66.73423407,36.4
176.073,0.37082963,-0.032956547,66.72804557,36.5
176.086,0.37082963,-0.032956547,66.76374644,36.5
176.098,0.37082963,-0.032956547,66.72804557,36.5
176.111,0.37082963,-0.032956547,66.72804557,36.5
176.124,0.37082963,0,66.76993495,36.4
176.136,0.37082963,0,66.76374644,36.5
176.149,0.37082963,0,66.76993495,36.4
176.162,0.371681133,0,66.76374644,36.5
176.174,0.37082963,0,66.76993495,36.4
176.187,0.37082963,0,66.76374644,36.5
176.2,0.37082963,0,66.73423407,36.4
176.213,0.37082963,0,66.72804557,36.5
176.225,0.371681133,0,66.73423407,36.4
176.238,0.37082963,0,66.72804557,36.5
176.251,0.371681133,0,66.76993495,36.4
176.263,0.371681133,0,66.76374644,36.5
176.276,0.371681133,0,66.73423407,36.4
176.289,0.371681133,0,66.72804557,36.5
176.301,0.37082963,0,66.72804557,36.5
176.314,0.37082963,0,66.73423407,36.4
176.327,0.371681133,-0.032956547,66.72804557,36.5
176.34,0.371681133,0,66.73423407,36.4
176.352,0.371681133,0,66.76374644,36.5
176.365,0.371681133,0,66.73423407,36.4
176.378,0.371681133,0,66.72804557,36.5
176.39,0.371681133,0,66.73423407,36.4
176.403,0.37082963,0,66.72804557,36.5
176.416,0.37082963,0,66.73423407,36.4
176.429,0.37082963,0,66.72804557,36.5
176.441,0.37082963,0,66.73423407,36.4
176.454,0.37082963,0,66.72804557,36.5
176.467,0.37082963,0,66.73423407,36.4
176.479,0.37082963,-0.032956547,66.72804557,36.5
176.492,0.371681133,-0.032956547,66.72804557,36.5
176.505,0.371681133,-0.032956547,66.83423407,36.3
176.517,0.371681133,0,66.76374644,36.5
176.53,0.371681133,0,66.76993495,36.4
176.543,0.371681133,0,66.76374644,36.5
176.556,0.371681133,0,66.73423407,36.4
176.568,0.37082963,0,66.75755793,36.6
176.581,0.37082963,0,66.73423407,36.4
176.594,0.37082963,0,66.72185706,36.6
176.606,0.371681133,0,66.74042258,36.3
176.619,0.371681133,-0.032956547,66.72804557,36.5
176.632,0.371681133,-0.032956547,66.76993495,36.4
176.645,0.37082963,-0.032956547,66.76374644,36.5
176.657,0.371681133,-0.032956547,66.76993495,36.4
176.67,0.371681133,0,66.76374644,36.5
176.683,0.371681133,0,66.73423407,36.4
176.695,0.37082963,0,66.72804557,36.5
176.708,0.37082963,0,66.72804557,36.5
176.721,0.37082963,0,66.76993495,36.4
176.733,0.37082963,0,66.72804557,36.5
176.746,0.37082963,0,66.83423407,36.3
176.759,0.37082963,0,66.72804557,36.5
176.772,0.371681133,0,66.76993495,36.4
176.784,0.371681133,0,66.72185706,36.6
176.797,0.37082963,0,66.73423407,36.4
176.81,0.37082963,0,66.72804557,36.5
176.822,0.371681133,0,66.76993495,36.4
176.835,0.37082963,0,66.72804557,36.5
176.848,0.37082963,0,66.73423407,36.4
176.86,0.37082963,0,66.76374644,36.5
176.873,0.371681133,0,66.76993495,36.4
176.886,0.371681133,0,66.72804557,36.5
176.899,0.37082963,0,66.76993495,36.4
176.911,0.37082963,0,66.76993495,36.4
176.924,0.37082963,0,66.86374644,36.4
176.937,0.371681133,0,66.76993495,36.4
176.949,0.371681133,0,66.76374644,36.5
176.962,0.371681133,0,66.76993495,36.4
176.975,0.371681133,0.032956547,66.76374644,36.5
176.987,0.371681133,0.032956547,66.73423407,36.4
177,0.37082963,0.032956547,66.72804557,36.5
177.013,0.37082963,0.032956547,66.73423407,36.4
177.026,0.37082963,0,66.76374644,36.5
177.038,0.371681133,0,66.76993495,36.4
177.051,0.371681133,0.032956547,66.86374644,36.4
177.064,0.371681133,0.032956547,66.86993495,36.3
177.076,0.371681133,0.032956547,66.82804557,36.4
177.089,0.37082963,0.032956547,66.72804557,36.5
177.102,0.37082963,0.032956547,66.86993495,36.3
177.115,0.37082963,0.032956547,66.76374644,36.5
177.127,0.37082963,0.032956547,66.76993495,36.4
177.14,0.37082963,0.032956547,66.76374644,36.5
177.153,0.37082963,0.032956547,66.76993495,36.4
177.165,0.37082963,0.032956547,66.76374644,36.5
177.178,0.37082963,0,66.73423407,36.4
177.191,0.37082963,0,66.72804557,36.5
177.203,0.37082963,0,66.76993495,36.4
177.216,0.37082963,0.032956547,66.76374644,36.5
177.229,0.371681133,0.032956547,66.76993495,36.4
177.242,0.37082963,0.032956547,66.76374644,36.5
177.254,0.371681133,0.032956547,66.73423407,36.4
177.267,0.371681133,0.032956547,66.76374644,36.5
177.28,0.371681133,0.032956547,66.73423407,36.4
177.292,0.37082963,0.032956547,66.82804557,36.4
177.305,0.37082963,0.032956547,66.73423407,36.4
177.318,0.37082963,0.032956547,66.83423407,36.3
177.33,0.37082963,0.032956547,66.72804557,36.5
177.343,0.37082963,0,66.83423407,36.3
177.356,0.37082963,0,66.82804557,36.4
177.369,0.37082963,0,66.83423407,36.3
177.381,0.37082963,0,66.82804557,36.4
177.394,0.37082963,0.032956547,66.86993495,36.3
177.407,0.371681133,0.032956547,66.72804557,36.5
177.419,0.371681133,0.032956547,66.86993495,36.3
177.432,0.371681133,0.032956547,66.76374644,36.5
177.445,0.371681133,0.032956547,66.86993495,36.3
177.458,0.37082963,0.032956547,66.72804557,36.5
177.47,0.371681133,0.032956547,66.83423407,36.3
177.483,0.371681133,0.032956547,66.72804557,36.5
177.496,0.371681133,0.032956547,66.73423407,36.4
177.508,0.371681133,0.032956547,66.72804557,36.5
177.521,0.37082963,0.032956547,66.73423407,36.4
177.534,0.37082963,0.032956547,66.72804557,36.5
177.546,0.371681133,0.032956547,66.73423407,36.4
177.559,0.37082963,0.032956547,66.72804557,36.5
177.572,0.37082963,0.032956547,66.73423407,36.4
177.585,0.37082963,0.032956547,66.76374644,36.5
177.597,0.37082963,0.032956547,66.76993495,36.4
177.61,0.37082963,0.032956547,66.76993495,36.4
177.623,0.37082963,0.032956547,66.76374644,36.5
177.635,0.37082963,0.032956547,66.76993495,36.4
177.648,0.37082963,0.032956547,66.72804557,36.5
177.661,0.37082963,0.032956547,66.83423407,36.3
177.673,0.371681133,0.032956547,66.72804557,36.5
177.686,0.37082963,0.032956547,66.86993495,36.3
177.699,0.37082963,0.032956547,66.86374644,36.4
177.712,0.37082963,0.032956547,66.86993495,36.3
177.724,0.37082963,0.032956547,66.76374644,36.5
177.737,0.37082963,0.032956547,66.86993495,36.3
177.75,0.37082963,0.032956547,66.76374644,36.5
177.762,0.371681133,0.032956547,66.83423407,36.3
177.775,0.371681133,0.032956547,66.82804557,36.4
177.788,0.371681133,0.032956547,66.83423407,36.3
177.801,0.371681133,0.032956547,66.82804557,36.4
177.813,0.371681133,0.065913094,66.83423407,36.3
177.826,0.371681133,0.065913094,66.72804557,36.5
177.839,0.371681133,0.065913094,66.83423407,36.3
177.851,0.371681133,0.065913094,66.72804557,36.5
177.864,0.371681133,0.032956547,66.83423407,36.3
177.877,0.371681133,0.032956547,66.86374644,36.4
177.889,0.371681133,0.032956547,66.83423407,36.3
177.902,0.37082963,0.032956547,66.76374644,36.5
177.915,0.371681133,0.032956547,66.86374644,36.4
177.928,0.371681133,0.032956547,66.82804557,36.4
177.94,0.371681133,0.065913094,66.82804557,36.4
177.953,0.37082963,0.065913094,66.82804557,36.4
177.966,0.37082963,0.065913094,66.82804557,36.4
177.978,0.37082963,0.065913094,66.83423407,36.3
177.991,0.37082963,0.032956547,66.82804557,36.4
178.004,0.37082963,0.032956547,66.83423407,36.3
178.016,0.371681133,0.032956547,66.86374644,36.4
178.029,0.371681133,0.032956547,66.86374644,36.4
178.042,0.371681133,0.032956547,66.86374644,36.4
178.055,0.371681133,0.032956547,66.83423407,36.3
178.067,0.371681133,0.032956547,66.82804557,36.4
178.08,0.371681133,0.032956547,66.83423407,36.3
178.093,0.371681133,0.032956547,66.82804557,36.4
178.105,0.37082963,0.032956547,66.86993495,36.3
178.118,0.371681133,0.032956547,66.82804557,36.4
178.131,0.371681133,0.032956547,66.82804557,36.4
178.144,0.37082963,0.032956547,66.82804557,36.4
178.156,0.37082963,0.032956547,66.83423407,36.3
178.169,0.37082963,0.032956547,66.82804557,36.4
178.182,0.37082963,0.032956547,66.83423407,36.3
178.194,0.37082963,0.032956547,66.86374644,36.4
178.207,0.37082963,0.032956547,66.82804557,36.4
178.22,0.371681133,0.032956547,66.82804557,36.4
178.232,0.371681133,0.032956547,66.82804557,36.4
178.245,0.37082963,0.032956547,66.82804557,36.4
178.258,0.371681133,0.032956547,66.83423407,36.3
178.271,0.37082963,0.032956547,66.82804557,36.4
178.283,0.371681133,0.032956547,66.83423407,36.3
178.296,0.37082963,0.032956547,66.86374644,36.4
178.309,0.37082963,0.032956547,66.83423407,36.3
178.321,0.37082963,0.032956547,66.82804557,36.4
178.334,0.37082963,0.032956547,66.82804557,36.4
178.347,0.37082963,0.032956547,66.82804557,36.4
178.359,0.371681133,0.032956547,66.83423407,36.3
178.372,0.371681133,0.032956547,66.83423407,36.3
178.385,0.371681133,0.032956547,66.83423407,36.3
178.398,0.371681133,0.032956547,66.82804557,36.4
178.41,0.371681133,0.032956547,66.86374644,36.4
178.423,0.371681133,0.032956547,66.82804557,36.4
178.436,0.371681133,0.032956547,66.82804557,36.4
178.448,0.371681133,0.032956547,66.82804557,36.4
178.461,0.371681133,0.032956547,66.83423407,36.3
178.474,0.371681133,0.032956547,66.83423407,36.3
178.487,0.37082963,0.032956547,66.82804557,36.4
178.499,0.371681133,0.032956547,66.82804557,36.4
178.512,0.371681133,0.032956547,66.82804557,36.4
178.525,0.371681133,0.032956547,66.82804557,36.4
178.537,0.371681133,0.032956547,66.82804557,36.4
178.55,0.371681133,0,66.83423407,36.3
178.563,0.37082963,0.032956547,66.82804557,36.4
178.575,0.37082963,0.032956547,66.83423407,36.3
178.588,0.371681133,0.032956547,66.82804557,36.4
178.601,0.371681133,0.032956547,66.83423407,36.3
178.614,0.371681133,0.032956547,66.82804557,36.4
178.626,0.371681133,0.032956547,66.82804557,36.4
178.639,0.371681133,0.032956547,66.82804557,36.4
178.652,0.371681133,0.032956547,66.83423407,36.3
178.664,0.371681133,0.032956547,66.82804557,36.4
178.677,0.371681133,0.032956547,66.83423407,36.3
178.69,0.371681133,0.032956547,66.82804557,36.4
178.702,0.371681133,0.032956547,66.83423407,36.3
178.715,0.371681133,0.032956547,66.82804557,36.4
178.728,0.371681133,0.032956547,66.82804557,36.4
178.741,0.371681133,0.032956547,66.82804557,36.4
178.753,0.37082963,0.032956547,66.83423407,36.3
178.766,0.37082963,0.032956547,66.82804557,36.4
178.779,0.37082963,0.032956547,66.83423407,36.3
178.791,0.37082963,0.032956547,66.82804557,36.4
178.804,0.37082963,0.032956547,66.83423407,36.3
178.817,0.37082963,0.032956547,66.82804557,36.4
178.83,0.37082963,0.032956547,66.82804557,36.4
178.842,0.371681133,0.032956547,66.82804557,36.4
178.855,0.37082963,0.032956547,66.82804557,36.4
178.868,0.37082963,0,66.83423407,36.3
178.88,0.37082963,0.032956547,66.82804557,36.4
178.893,0.371681133,0.032956547,66.83423407,36.3
178.906,0.371681133,0.032956547,66.82804557,36.4
178.918,0.371681133,0.032956547,66.82804557,36.4
178.931,0.371681133,0.032956547,66.82804557,36.4
178.944,0.371681133,0.032956547,66.82804557,36.4
178.957,0.37082963,0,66.82804557,36.4
178.969,0.37082963,0.032956547,66.83423407,36.3
178.982,0.37082963,0,66.82804557,36.4
178.995,0.37082963,0.032956547,66.82804557,36.4
179.007,0.371681133,0.032956547,66.82804557,36.4
179.02,0.371681133,0.032956547,66.82804557,36.4
179.033,0.371681133,0.032956547,66.82804557,36.4
179.045,0.371681133,0,66.82804557,36.4
179.058,0.371681133,0,66.82804557,36.4
179.071,0.37082963,0.032956547,66.83423407,36.3
179.084,0.371681133,0.032956547,66.83423407,36.3
179.096,0.371681133,0.032956547,66.82804557,36.4
179.109,0.371681133,0.032956547,66.82804557,36.4
179.122,0.371681133,0.032956547,66.86374644,36.4
179.134,0.371681133,0.032956547,66.86374644,36.4
179.147,0.37082963,0.032956547,66.86374644,36.4
179.16,0.371681133,0.032956547,66.82804557,36.4
179.173,0.371681133,0,66.82804557,36.4
179.185,0.371681133,0.032956547,66.82804557,36.4
179.198,0.37082963,0.032956547,66.82804557,36.4
179.211,0.371681133,0.032956547,66.82804557,36.4
179.223,0.37082963,0.032956547,66.82804557,36.4
179.236,0.37082963,0.032956547,66.82804557,36.4
179.249,0.37082963,0.032956547,66.82804557,36.4
179.261,0.37082963,0.032956547,66.82804557,36.4
179.274,0.371681133,0.032956547,66.82804557,36.4
179.287,0.371681133,0.032956547,66.82804557,36.4
179.3,0.371681133,0.032956547,66.82804557,36.4
179.312,0.37082963,0.032956547,66.82804557,36.4
179.325,0.371681133,0,66.83423407,36.3
179.338,0.37082963,0.032956547,66.82804557,36.4
179.35,0.37082963,0.032956547,66.83423407,36.3
179.363,0.37082963,0.032956547,66.82804557,36.4
179.376,0.37082963,0,66.83423407,36.3
179.388,0.37082963,0.032956547,66.82804557,36.4
179.401,0.371681133,0.032956547,66.83423407,36.3
179.414,0.37082963,0.032956547,66.82804557,36.4
179.427,0.371681133,0,66.83423407,36.3
179.439,0.371681133,0.032956547,66.82804557,36.4
179.452,0.371681133,0.032956547,66.83423407,36.3
179.465,0.371681133,0.032956547,66.82804557,36.4
179.477,0.37082963,0.032956547,66.83423407,36.3
179.49,0.37082963,0.032956547,66.82804557,36.4
179.503,0.371681133,0.032956547,66.82804557,36.4
179.516,0.371681133,0.032956547,66.82804557,36.4
179.528,0.371681133,0,66.82804557,36.4
179.541,0.37082963,0,66.83423407,36.3
179.554,0.37082963,0.032956547,66.82804557,36.4
179.566,0.37082963,0.032956547,66.83423407,36.3
179.579,0.37082963,0.032956547,66.82804557,36.4
179.592,0.371681133,0.032956547,66.82804557,36.4
179.604,0.37082963,0.032956547,66.82804557,36.4
179.617,0.37082963,0.032956547,66.83423407,36.3
179.63,0.371681133,0,66.82804557,36.4
179.643,0.371681133,0.032956547,66.83423407,36.3
179.655,0.371681133,0.032956547,66.82804557,36.4
179.668,0.371681133,0,66.83423407,36.3
179.681,0.371681133,0,66.82804557,36.4
179.693,0.37082963,0,66.83423407,36.3
179.706,0.37082963,0.032956547,66.82804557,36.4
179.719,0.371681133,0.032956547,66.83423407,36.3
179.731,0.371681133,0.032956547,66.82804557,36.4
179.744,0.371681133,0.032956547,66.83423407,36.3
179.757,0.37082963,0.032956547,66.82804557,36.4
179.77,0.371681133,0,66.83423407,36.3
179.782,0.371681133,0,66.82804557,36.4
179.795,0.371681133,0,66.82804557,36.4
179.808,0.37082963,0,66.82804557,36.4
179.82,0.37082963,0,66.82804557,36.4
179.833,0.37082963,0,66.82804557,36.4
179.846,0.37082963,0,66.82804557,36.4
179.859,0.37082963,0.032956547,66.83423407,36.3
179.871,0.37082963,0.032956547,66.82804557,36.4
179.884,0.37082963,0,66.83423407,36.3
179.897,0.37082963,0.032956547,66.82804557,36.4
179.909,0.37082963,0.032956547,66.83423407,36.3
179.922,0.37082963,0.032956547,66.82804557,36.4
179.935,0.371681133,0.032956547,66.83423407,36.3
179.947,0.37082963,0.032956547,66.82804557,36.4
179.96,0.37082963,0.032956547,66.83423407,36.3
179.973,0.37082963,0.032956547,66.82804557,36.4
179.986,0.371681133,0.032956547,66.83423407,36.3
179.998,0.371681133,0,66.82804557,36.4
180.011,0.37082963,0,66.83423407,36.3
180.024,0.37082963,0,66.82804557,36.4
180.036,0.371681133,0,66.82804557,36.4
180.049,0.37082963,0,66.82804557,36.4
180.062,0.37082963,0.032956547,66.83423407,36.3
180.074,0.37082963,0.032956547,66.83423407,36.3
180.087,0.37082963,0,66.82804557,36.4
180.1,0.37082963,0,66.83423407,36.3
180.113,0.37082963,0.032956547,66.82804557,36.4
180.125,0.37082963,0.032956547,66.83423407,36.3
180.138,0.37082963,0,66.82804557,36.4
180.151,0.371681133,0,66.83423407,36.3
180.163,0.37082963,0,66.82804557,36.4
180.176,0.37082963,0.032956547,66.82804557,36.4
180.189,0.37082963,0.032956547,66.82804557,36.4
180.202,0.37082963,0.032956547,66.82804557,36.4
180.214,0.37082963,0,66.82804557,36.4
180.227,0.37082963,0,66.82804557,36.4
180.24,0.37082963,0.032956547,66.82804557,36.4
180.252,0.37082963,0.032956547,66.82804557,36.4
180.265,0.371681133,0.032956547,66.82804557,36.4
180.278,0.371681133,0,66.82804557,36.4
180.29,0.371681133,0,66.82804557,36.4
180.303,0.371681133,0.032956547,66.82804557,36.4
180.316,0.371681133,0.032956547,66.83423407,36.3
180.329,0.37082963,0.032956547,66.82804557,36.4
180.341,0.371681133,0.032956547,66.83423407,36.3
180.354,0.371681133,0.032956547,66.82804557,36.4
180.367,0.371681133,0.032956547,66.83423407,36.3
180.379,0.371681133,0.032956547,66.82804557,36.4
180.392,0.37082963,0.032956547,66.83423407,36.3
180.405,0.37082963,0.032956547,66.82804557,36.4
180.417,0.37082963,0.032956547,66.83423407,36.3
180.43,0.37082963,0.032956547,66.82804557,36.4
180.443,0.37082963,0.032956547,66.83423407,36.3
180.456,0.37082963,0.032956547,66.82804557,36.4
180.468,0.37082963,0.032956547,66.83423407,36.3
180.481,0.37082963,0.032956547,66.82804557,36.4
180.494,0.37082963,0.032956547,66.82804557,36.4
180.506,0.371681133,0,66.82804557,36.4
180.519,0.37082963,0,66.82804557,36.4
180.532,0.37082963,0,66.83423407,36.3
180.545,0.37082963,0,66.82804557,36.4
180.557,0.371681133,0,66.83423407,36.3
180.57,0.37082963,0,66.82804557,36.4
180.583,0.37082963,0,66.83423407,36.3
180.595,0.371681133,0.032956547,66.82804557,36.4
180.608,0.371681133,0.032956547,66.83423407,36.3
180.621,0.37082963,0.032956547,66.82804557,36.4
180.633,0.371681133,0.032956547,66.83423407,36.3
180.646,0.371681133,0,66.82804557,36.4
180.659,0.371681133,0,66.83423407,36.3
180.672,0.371681133,0,66.82804557,36.4
180.684,0.37082963,0,66.83423407,36.3
180.697,0.37082963,0.032956547,66.82804557,36.4
180.71,0.371681133,0.032956547,66.83423407,36.3
180.722,0.37082963,0.032956547,66.82804557,36.4
180.735,0.37082963,0.032956547,66.82804557,36.4
180.748,0.37082963,0.032956547,66.83423407,36.3
180.76,0.37082963,0.032956547,66.82804557,36.4
180.773,0.37082963,0.032956547,66.83423407,36.3
180.786,0.37082963,0,66.82804557,36.4
180.799,0.37082963,0,66.83423407,36.3
180.811,0.37082963,0,66.82804557,36.4
180.824,0.371681133,0.032956547,66.83423407,36.3
180.837,0.371681133,0.032956547,66.82804557,36.4
180.849,0.371681133,0.032956547,66.83423407,36.3
180.862,0.371681133,0.032956547,66.82804557,36.4
180.875,0.371681133,0.032956547,66.82804557,36.4
180.888,0.371681133,0,66.82804557,36.4
180.9,0.37082963,0,66.83423407,36.3
180.913,0.37082963,0.032956547,66.82804557,36.4
180.926,0.371681133,0.032956547,66.83423407,36.3
180.938,0.371681133,0.032956547,66.82804557,36.4
180.951,0.371681133,0,66.83423407,36.3
180.964,0.371681133,0,66.82804557,36.4
180.976,0.37082963,0,66.82804557,36.4
180.989,0.37082963,0,66.82804557,36.4
181.002,0.37082963,0.032956547,66.82804557,36.4
181.015,0.371681133,0,66.83423407,36.3
181.027,0.371681133,0,66.82804557,36.4
181.04,0.371681133,0,66.83423407,36.3
181.053,0.37082963,0.032956547,66.82804557,36.4
181.065,0.371681133,0,66.83423407,36.3
181.078,0.37082963,0.032956547,66.82804557,36.4
181.091,0.37082963,0,66.83423407,36.3
181.103,0.37082963,0,66.82804557,36.4
181.116,0.37082963,0,66.82804557,36.4
181.129,0.37082963,0,66.82804557,36.4
181.142,0.37082963,0.032956547,66.82804557,36.4
181.154,0.37082963,0.032956547,66.83423407,36.3
181.167,0.37082963,0.032956547,66.82804557,36.4
181.18,0.37082963,0.032956547,66.83423407,36.3
181.192,0.37082963,0,66.82804557,36.4
181.205,0.371681133,0,66.83423407,36.3
181.218,0.371681133,0,66.82804557,36.4
181.23,0.371681133,0.032956547,66.83423407,36.3
181.243,0.37082963,0.032956547,66.82804557,36.4
181.256,0.371681133,0.032956547,66.83423407,36.3
181.269,0.371681133,0.032956547,66.82804557,36.4
181.281,0.371681133,0.032956547,66.83423407,36.3
181.294,0.371681133,0.032956547,66.82804557,36.4
181.307,0.371681133,0,66.83423407,36.3
181.319,0.37082963,0,66.82804557,36.4
181.332,0.37082963,0,66.83423407,36.3
181.345,0.37082963,0,66.82804557,36.4
181.358,0.37082963,0,66.82804557,36.4
181.37,0.37082963,0.032956547,66.83423407,36.3
181.383,0.37082963,0,66.82804557,36.4
181.396,0.37082963,0.032956547,66.83423407,36.3
181.408,0.37082963,0.032956547,66.82804557,36.4
181.421,0.37082963,0,66.83423407,36.3
181.434,0.371681133,0,66.82804557,36.4
181.446,0.371681133,0,66.83423407,36.3
181.459,0.37082963,0,66.82185706,36.5
181.472,0.371681133,0.032956547,66.83423407,36.3
181.485,0.371681133,0.032956547,66.82185706,36.5
181.497,0.371681133,0.032956547,66.83423407,36.3
181.51,0.371681133,0.032956547,66.82804557,36.4
181.523,0.371681133,0.032956547,66.83423407,36.3
181.535,0.371681133,0.032956547,66.82804557,36.4
181.548,0.371681133,0,66.83423407,36.3
181.561,0.371681133,0.032956547,66.82804557,36.4
181.574,0.37082963,0.032956547,66.82804557,36.4
181.586,0.37082963,0,66.83423407,36.3
181.599,0.371681133,0,66.82804557,36.4
181.612,0.371681133,0.032956547,66.83423407,36.3
181.624,0.371681133,0.032956547,66.82804557,36.4
181.637,0.371681133,0.032956547,66.83423407,36.3
181.65,0.37082963,0,66.82804557,36.4
181.662,0.371681133,0,66.83423407,36.3
181.675,0.37082963,0,66.82804557,36.4
181.688,0.37082963,0,66.83423407,36.3
181.701,0.37082963,0,66.82804557,36.4
181.713,0.37082963,0.032956547,66.83423407,36.3
181.726,0.37082963,0.032956547,66.82804557,36.4
181.739,0.37082963,0,66.82804557,36.4
181.751,0.37082963,0.032956547,66.82804557,36.4
181.764,0.37082963,0.032956547,66.82804557,36.4
181.777,0.371681133,0,66.83423407,36.3
181.789,0.371681133,0,66.82804557,36.4
181.802,0.37082963,0,66.83423407,36.3
181.815,0.37082963,0.032956547,66.82804557,36.4
181.828,0.371681133,0.032956547,66.83423407,36.3
181.84,0.371681133,0.032956547,66.82804557,36.4
181.853,0.37082963,0,66.83423407,36.3
181.866,0.37082963,0.032956547,66.82804557,36.4
181.878,0.37082963,0.032956547,66.83423407,36.3
181.891,0.371681133,0.032956547,66.82804557,36.4
181.904,0.37082963,0.032956547,66.83423407,36.3
181.917,0.37082963,0.032956547,66.82804557,36.4
181.929,0.371681133,0.032956547,66.83423407,36.3
181.942,0.37082963,0.032956547,66.82804557,36.4
181.955,0.37082963,0,66.82804557,36.4
181.967,0.37082963,0.032956547,66.82804557,36.4
181.98,0.371681133,0.032956547,66.82804557,36.4
181.993,0.371681133,0,66.83423407,36.3
182.005,0.37082963,0,66.82804557,36.4
182.018,0.37082963,0.032956547,66.83423407,36.3
182.031,0.37082963,0.032956547,66.82804557,36.4
182.044,0.37082963,0,66.83423407,36.3
182.056,0.37082963,0,66.82185706,36.5
182.069,0.37082963,0,66.7985332,36.3
182.082,0.37082963,0.032956547,66.82804557,36.4
182.094,0.37082963,0,66.83423407,36.3
182.107,0.37082963,0.032956547,66.82804557,36.4
182.12,0.371681133,0.032956547,66.83423407,36.3
182.132,0.371681133,0.032956547,66.82804557,36.4
182.145,0.371681133,0.032956547,66.82804557,36.4
182.158,0.37082963,0.032956547,66.82804557,36.4
182.171,0.37082963,0.032956547,66.82804557,36.4
182.183,0.37082963,0.032956547,66.83423407,36.3
182.196,0.371681133,0.032956547,66.82804557,36.4
182.209,0.37082963,0.032956547,66.83423407,36.3
182.221,0.37082963,0.032956547,66.82804557,36.4
182.234,0.371681133,0,66.83423407,36.3
182.247,0.37082963,0,66.82185706,36.5
182.26,0.37082963,0.032956547,66.83423407,36.3
182.272,0.37082963,0.032956547,66.82185706,36.5
182.285,0.371681133,0.032956547,66.83423407,36.3
182.298,0.371681133,0.032956547,66.82804557,36.4
182.31,0.371681133,0.032956547,66.83423407,36.3
182.323,0.371681133,0,66.82804557,36.4
182.336,0.37082963,0.032956547,66.83423407,36.3
182.348,0.37082963,0.032956547,66.82804557,36.4
182.361,0.37082963,0.032956547,66.82804557,36.4
182.374,0.37082963,0.032956547,66.82804557,36.4
182.387,0.37082963,0,66.82804557,36.4
182.399,0.371681133,0,66.83423407,36.3
182.412,0.37082963,0,66.82804557,36.4
182.425,0.371681133,0,66.83423407,36.3
182.437,0.371681133,0.032956547,66.82804557,36.4
182.45,0.371681133,0.032956547,66.93423407,36.2
182.463,0.37082963,0.032956547,66.92804557,36.3
182.475,0.37082963,0.032956547,66.93423407,36.2
182.488,0.37082963,0,66.92804557,36.3
182.501,0.371681133,0.032956547,66.93423407,36.2
182.514,0.371681133,0,66.92804557,36.3
182.526,0.371681133,0.032956547,66.82804557,36.4
182.539,0.37082963,0.032956547,66.92804557,36.3
182.552,0.37082963,0,66.92804557,36.3
182.564,0.37082963,0,66.93423407,36.2
182.577,0.371681133,0.032956547,66.92804557,36.3
182.59,0.371681133,0.032956547,66.83423407,36.3
182.603,0.371681133,0.032956547,66.82804557,36.4
182.615,0.371681133,0,66.83423407,36.3
182.628,0.371681133,0.032956547,66.92804557,36.3
182.641,0.371681133,0.032956547,66.93423407,36.2
182.653,0.371681133,0,66.92804557,36.3
182.666,0.37082963,0,66.93423407,36.2
182.679,0.37082963,0,66.92804557,36.3
182.691,0.37082963,0.032956547,66.93423407,36.2
182.704,0.37082963,0.032956547,66.92804557,36.3
182.717,0.371681133,0.032956547,66.93423407,36.2
182.73,0.371681133,0.032956547,66.92804557,36.3
182.742,0.371681133,0.032956547,66.92804557,36.3
182.755,0.371681133,0,66.93423407,36.2
182.768,0.371681133,0,66.92804557,36.3
182.78,0.37082963,0,66.93423407,36.2
182.793,0.37082963,0.032956547,66.92804557,36.3
182.806,0.37082963,0.032956547,66.94042258,36.1
182.818,0.37082963,0,66.92804557,36.3
182.831,0.371681133,0,66.93423407,36.2
182.844,0.371681133,0,66.88615619,36.4
182.857,0.37082963,0,66.93423407,36.2
182.869,0.37082963,0.032956547,66.92804557,36.3
182.882,0.371681133,0.032956547,66.93423407,36.2
182.895,0.371681133,0.032956547,66.92804557,36.3
182.907,0.371681133,0.032956547,66.93423407,36.2
182.92,0.371681133,0,66.92804557,36.3
182.933,0.371681133,0,66.93423407,36.2
182.945,0.371681133,0.032956547,66.92804557,36.3
182.958,0.371681133,0.032956547,66.92804557,36.3
182.971,0.37082963,0.032956547,66.93423407,36.2
182.984,0.37082963,0,66.92804557,36.3
182.996,0.37082963,0,66.93423407,36.2
183.009,0.371681133,0,66.92804557,36.3
183.022,0.371681133,0,66.93423407,36.2
183.034,0.371681133,0,66.92804557,36.3
183.047,0.371681133,0.032956547,66.93423407,36.2
183.06,0.37082963,0.032956547,66.92804557,36.3
183.073,0.371681133,0.032956547,66.93423407,36.2
183.085,0.371681133,0.032956547,66.92804557,36.3
183.098,0.371681133,0.032956547,66.93423407,36.2
183.111,0.371681133,0.032956547,66.92804557,36.3
183.123,0.37082963,0.032956547,66.93423407,36.2
183.136,0.37082963,0,66.92804557,36.3
183.149,0.37082963,0,66.92804557,36.3
183.161,0.37082963,0,66.93423407,36.2
183.174,0.371681133,0,66.92804557,36.3
183.187,0.37082963,0.032956547,66.93423407,36.2
183.2,0.37082963,0.032956547,66.92804557,36.3
183.212,0.37082963,0.032956547,66.92804557,36.3
183.225,0.37082963,0.032956547,66.92804557,36.3
183.238,0.37082963,0.032956547,66.93423407,36.2
183.25,0.371681133,0.032956547,66.92804557,36.3
183.263,0.371681133,0,66.93423407,36.2
183.276,0.371681133,0,66.92804557,36.3
183.289,0.371681133,0,66.93423407,36.2
183.301,0.37082963,0,66.92804557,36.3
183.314,0.37082963,0.032956547,66.93423407,36.2
183.327,0.37082963,0,66.92804557,36.3
183.339,0.37082963,0.032956547,66.8985332,36.2
183.352,0.37082963,0,66.92804557,36.3
183.365,0.37082963,0.032956547,66.93423407,36.2
183.377,0.37082963,0.032956547,66.93423407,36.2
183.39,0.37082963,0.032956547,66.92804557,36.3
183.403,0.37082963,0.032956547,66.93423407,36.2
183.416,0.37082963,0.032956547,66.92804557,36.3
183.428,0.37082963,0,66.93423407,36.2
183.441,0.371681133,0,66.92804557,36.3
183.454,0.371681133,0,66.93423407,36.2
183.466,0.37082963,0,66.92804557,36.3
183.479,0.37082963,0,66.93423407,36.2
183.492,0.37082963,0,66.92804557,36.3
183.504,0.37082963,0,66.93423407,36.2
183.517,0.37082963,0,66.92804557,36.3
183.53,0.371681133,0,66.93423407,36.2
183.543,0.371681133,0.032956547,66.92804557,36.3
183.555,0.371681133,0.032956547,66.93423407,36.2
183.568,0.371681133,0.032956547,66.92804557,36.3
183.581,0.371681133,0.032956547,66.93423407,36.2
183.593,0.371681133,0.032956547,66.92804557,36.3
183.606,0.371681133,0,66.92804557,36.3
183.619,0.371681133,0,66.92804557,36.3
183.632,0.371681133,0.032956547,66.92804557,36.3
183.644,0.37082963,0.032956547,66.93423407,36.2
183.657,0.371681133,0.032956547,66.92804557,36.3
183.67,0.371681133,0.032956547,66.93423407,36.2
183.682,0.371681133,0.032956547,66.92804557,36.3
183.695,0.37082963,0,66.93423407,36.2
183.708,0.37082963,0,66.92804557,36.3
183.72,0.37082963,0.032956547,66.93423407,36.2
183.733,0.37082963,0,66.92804557,36.3
183.746,0.371681133,0,66.93423407,36.2
183.759,0.371681133,0.032956547,66.92804557,36.3
183.771,0.371681133,0,66.93423407,36.2
183.784,0.371681133,0.032956547,66.89234469,36.3
183.797,0.371681133,0.032956547,66.93423407,36.2
183.809,0.37082963,0.032956547,66.92804557,36.3
183.822,0.371681133,0.032956547,66.93423407,36.2
183.835,0.372532637,0.032956547,66.92804557,36.3
183.847,0.371681133,0,66.93423407,36.2
183.86,0.371681133,0,66.92804557,36.3
183.873,0.371681133,0,66.93423407,36.2
183.886,0.371681133,0,66.92804557,36.3
183.898,0.371681133,0,66.92804557,36.3
183.911,0.37082963,0,66.92804557,36.3
183.924,0.37082963,0,66.92804557,36.3
183.936,0.37082963,0,66.93423407,36.2
183.949,0.371681133,0.032956547,66.92804557,36.3
183.962,0.37082963,0.032956547,66.93423407,36.2
183.974,0.37082963,0.032956547,66.92804557,36.3
183.987,0.37082963,0.032956547,66.93423407,36.2
184,0.37082963,0.032956547,66.92804557,36.3
184.013,0.371681133,0.032956547,66.93423407,36.2
184.025,0.371681133,0.032956547,66.92804557,36.3
184.038,0.371681133,0.032956547,66.93423407,36.2
184.051,0.37082963,0.032956547,66.92804557,36.3
184.063,0.37082963,0.032956547,66.93423407,36.2
184.076,0.371681133,0.032956547,66.92804557,36.3
184.089,0.371681133,0.032956547,66.93423407,36.2
184.102,0.371681133,0,66.89234469,36.3
184.114,0.371681133,0,66.93423407,36.2
184.127,0.371681133,0,66.92804557,36.3
184.14,0.371681133,0,66.8985332,36.2
184.152,0.371681133,0,66.89234469,36.3
184.165,0.371681133,0,66.8985332,36.2
184.178,0.37082963,0,66.89234469,36.3
184.19,0.371681133,0,66.93423407,36.2
184.203,0.37082963,0,66.92804557,36.3
184.216,0.37082963,0,66.93423407,36.2
184.229,0.371681133,0,66.92804557,36.3
184.241,0.371681133,0.032956547,66.93423407,36.2
184.254,0.371681133,0.032956547,66.92804557,36.3
184.267,0.371681133,0.032956547,66.92804557,36.3
184.279,0.37082963,0.032956547,66.92804557,36.3
184.292,0.37082963,0,66.92804557,36.3
184.305,0.37082963,0,66.92804557,36.3
184.318,0.37082963,0.032956547,66.92804557,36.3
184.33,0.37082963,0.032956547,66.93423407,36.2
184.343,0.37082963,0.032956547,66.92804557,36.3
184.356,0.37082963,0.032956547,66.93423407,36.2
184.368,0.371681133,0,66.92804557,36.3
184.381,0.371681133,0,66.92804557,36.3
184.394,0.371681133,0,66.92804557,36.3
184.406,0.37082963,0,66.8985332,36.2
184.419,0.37082963,0,66.89234469,36.3
184.432,0.371681133,0.032956547,66.93423407,36.2
184.445,0.371681133,0.032956547,66.92804557,36.3
184.457,0.371681133,0.032956547,66.92804557,36.3
184.47,0.371681133,0.032956547,66.92804557,36.3
184.483,0.371681133,0.032956547,66.89234469,36.3
184.495,0.37082963,0.032956547,66.92804557,36.3
184.508,0.371681133,0.032956547,66.93423407,36.2
184.521,0.371681133,0.032956547,66.92804557,36.3
184.533,0.371681133,0.032956547,66.92804557,36.3
184.546,0.371681133,0,66.89234469,36.3
184.559,0.371681133,0,66.89234469,36.3
184.572,0.37082963,0,66.89234469,36.3
184.584,0.37082963,0,66.8985332,36.2
184.597,0.37082963,0.032956547,66.92804557,36.3
184.61,0.371681133,0.032956547,66.93423407,36.2
184.622,0.37082963,0,66.92804557,36.3
184.635,0.37082963,0,66.8985332,36.2
184.648,0.37082963,0,66.89234469,36.3
184.66,0.371681133,0.032956547,66.8985332,36.2
184.673,0.37082963,0.032956547,66.89234469,36.3
184.686,0.37082963,0.032956547,66.92804557,36.3
184.699,0.37082963,0.032956547,66.92804557,36.3
184.711,0.371681133,0.032956547,66.93423407,36.2
184.724,0.37082963,0.032956547,66.92804557,36.3
184.737,0.371681133,0.032956547,66.93423407,36.2
184.749,0.371681133,0.032956547,66.89234469,36.3
184.762,0.371681133,0.032956547,66.89234469,36.3
184.775,0.371681133,0.032956547,66.89234469,36.3
184.788,0.371681133,0.032956547,66.92804557,36.3
184.8,0.371681133,0.032956547,66.92804557,36.3
184.813,0.37082963,0.032956547,66.92804557,36.3
184.826,0.37082963,0.032956547,66.8985332,36.2
184.838,0.37082963,0.032956547,66.89234469,36.3
184.851,0.371681133,0.032956547,66.89234469,36.3
184.864,0.37082963,0.032956547,66.92804557,36.3
184.876,0.371681133,0.032956547,66.93423407,36.2
184.889,0.37082963,0,66.92804557,36.3
184.902,0.371681133,0,66.8985332,36.2
184.915,0.37082963,0,66.89234469,36.3
184.927,0.37082963,0.032956547,66.8985332,36.2
184.94,0.37082963,0.032956547,66.89234469,36.3
184.953,0.371681133,0.032956547,66.8985332,36.2
184.965,0.371681133,0,66.92804557,36.3
184.978,0.371681133,0,66.8985332,36.2
184.991,0.371681133,0.032956547,66.89234469,36.3
185.004,0.37082963,0.032956547,66.89234469,36.3
185.016,0.371681133,0.032956547,66.92804557,36.3
185.029,0.371681133,0.032956547,66.8985332,36.2
185.042,0.371681133,0.032956547,66.92804557,36.3
185.054,0.371681133,0.032956547,66.93423407,36.2
185.067,0.371681133,0.032956547,66.89234469,36.3
185.08,0.371681133,0.032956547,66.89234469,36.3
185.092,0.371681133,0.032956547,66.92804557,36.3
185.105,0.37082963,0.032956547,66.92804557,36.3
185.118,0.371681133,0.032956547,66.93423407,36.2
185.131,0.37082963,0,66.93423407,36.2
185.143,0.37082963,0,66.93423407,36.2
185.156,0.37082963,0,66.92804557,36.3
185.169,0.371681133,0.032956547,66.92804557,36.3
185.181,0.371681133,0.032956547,66.92804557,36.3
185.194,0.371681133,0.032956547,66.89234469,36.3
185.207,0.371681133,0.032956547,66.89234469,36.3
185.219,0.371681133,0.032956547,66.8985332,36.2
185.232,0.37082963,0.032956547,66.89234469,36.3
185.245,0.37082963,0.032956547,66.8985332,36.2
185.258,0.371681133,0.032956547,66.89234469,36.3
185.27,0.371681133,0,66.93423407,36.2
185.283,0.371681133,0.032956547,66.92804557,36.3
185.296,0.371681133,0.032956547,66.89234469,36.3
185.308,0.37082963,0.032956547,66.92804557,36.3
185.321,0.37082963,0.032956547,66.92804557,36.3
185.334,0.37082963,0.032956547,66.92804557,36.3
185.346,0.37082963,0,66.92804557,36.3
185.359,0.371681133,0,66.92804557,36.3
185.372,0.371681133,0.032956547,66.92804557,36.3
185.385,0.371681133,0.032956547,66.89234469,36.3
185.397,0.371681133,0.032956547,66.92804557,36.3
185.41,0.371681133,0,66.93423407,36.2
185.423,0.371681133,0,66.92804557,36.3
185.435,0.37082963,0,66.93423407,36.2
185.448,0.371681133,0,66.89234469,36.3
185.461,0.371681133,0,66.89234469,36.3
185.474,0.371681133,0,66.89234469,36.3
185.486,0.371681133,0,66.89234469,36.3
185.499,0.371681133,0,66.89234469,36.3
185.512,0.371681133,0,66.8985332,36.2
185.524,0.371681133,0.032956547,66.92804557,36.3
185.537,0.37082963,0.032956547,66.92804557,36.3
185.55,0.37082963,0.032956547,66.92804557,36.3
185.562,0.37082963,0,66.92804557,36.3
185.575,0.37082963,0,66.93423407,36.2
185.588,0.37082963,0,66.92804557,36.3
185.601,0.37082963,0.032956547,66.93423407,36.2
185.613,0.37082963,0.032956547,66.92804557,36.3
185.626,0.371681133,0.032956547,66.8985332,36.2
185.639,0.371681133,0.032956547,66.89234469,36.3
185.651,0.371681133,0.032956547,66.8985332,36.2
185.664,0.37082963,0.032956547,66.89234469,36.3
185.677,0.37082963,0.032956547,66.8985332,36.2
185.689,0.37082963,0,66.89234469,36.3
185.702,0.371681133,0,66.8985332,36.2
185.715,0.37082963,0,66.89234469,36.3
185.728,0.37082963,0.032956547,66.8985332,36.2
185.74,0.37082963,0.032956547,66.89234469,36.3
185.753,0.371681133,0.032956547,66.8985332,36.2
185.766,0.371681133,0,66.89234469,36.3
185.778,0.371681133,0,66.89234469,36.3
185.791,0.37082963,0.032956547,66.89234469,36.3
185.804,0.37082963,0.032956547,66.8985332,36.2
185.817,0.37082963,0.032956547,66.8985332,36.2
185.829,0.37082963,0.032956547,66.89234469,36.3
185.842,0.37082963,0,66.93423407,36.2
185.855,0.371681133,0,66.92804557,36.3
185.867,0.371681133,0,66.93423407,36.2
185.88,0.37082963,0.032956547,66.92804557,36.3
185.893,0.37082963,0,66.93423407,36.2
185.905,0.37082963,0,66.92804557,36.3
185.918,0.371681133,0,66.8985332,36.2
185.931,0.37082963,0.032956547,66.89234469,36.3
185.944,0.37082963,0.032956547,66.93423407,36.2
185.956,0.37082963,0.032956547,66.92804557,36.3
185.969,0.371681133,0,66.93423407,36.2
185.982,0.371681133,0.032956547,66.92804557,36.3
185.994,0.371681133,0.032956547,66.93423407,36.2
186.007,0.371681133,0.032956547,66.92804557,36.3
186.02,0.371681133,0.032956547,66.8985332,36.2
186.033,0.371681133,0.032956547,66.92804557,36.3
186.045,0.37082963,0.032956547,66.93423407,36.2
186.058,0.37082963,0.032956547,66.92804557,36.3
186.071,0.37082963,0,66.92804557,36.3
186.083,0.37082963,0,66.89234469,36.3
186.096,0.37082963,0,66.92804557,36.3
186.109,0.37082963,0.032956547,66.8985332,36.2
186.121,0.37082963,0.032956547,66.89234469,36.3
186.134,0.371681133,0.032956547,66.93423407,36.2
186.147,0.371681133,0.032956547,66.92804557,36.3
186.16,0.371681133,0.032956547,66.8985332,36.2
186.172,0.371681133,0.032956547,66.89234469,36.3
186.185,0.371681133,0.032956547,66.93423407,36.2
186.198,0.371681133,0.032956547,66.92804557,36.3
186.21,0.371681133,0.032956547,66.93423407,36.2
186.223,0.371681133,0.032956547,66.92804557,36.3
186.236,0.371681133,0.032956547,66.92804557,36.3
186.248,0.371681133,0,66.92804557,36.3
186.261,0.37082963,0.032956547,66.92804557,36.3
186.274,0.37082963,0,66.92804557,36.3
186.287,0.37082963,0,66.92804557,36.3
186.299,0.37082963,0,66.92804557,36.3
186.312,0.37082963,0,66.92804557,36.3
186.325,0.37082963,0.032956547,66.92804557,36.3
186.337,0.371681133,0.032956547,66.92804557,36.3
186.35,0.371681133,0.032956547,66.93423407,36.2
186.363,0.371681133,0.032956547,66.92804557,36.3
186.375,0.371681133,0,66.93423407,36.2
186.388,0.37082963,0.032956547,66.92804557,36.3
186.401,0.37082963,0.032956547,66.93423407,36.2
186.414,0.37082963,0.032956547,66.92804557,36.3
186.426,0.37082963,0.032956547,66.93423407,36.2
186.439,0.37082963,0,66.92804557,36.3
186.452,0.37082963,0,66.92804557,36.3
186.464,0.371681133,0.032956547,66.92804557,36.3
186.477,0.371681133,0.032956547,66.89234469,36.3
186.49,0.37082963,0.032956547,66.92804557,36.3
186.503,0.37082963,0.032956547,66.92804557,36.3
186.515,0.371681133,0.032956547,66.93423407,36.2
186.528,0.371681133,0.032956547,66.92804557,36.3
186.541,0.371681133,0.032956547,66.93423407,36.2
186.553,0.37082963,0.032956547,66.92804557,36.3
186.566,0.371681133,0,66.93423407,36.2
186.579,0.371681133,0,66.92804557,36.3
186.591,0.371681133,0,66.93423407,36.2
186.604,0.37082963,0.032956547,66.92804557,36.3
186.617,0.371681133,0,66.8985332,36.2
186.63,0.37082963,0.032956547,66.89234469,36.3
186.642,0.37082963,0.032956547,66.93423407,36.2
186.655,0.371681133,0.032956547,66.92804557,36.3
186.668,0.371681133,0.032956547,66.8985332,36.2
186.68,0.371681133,0,66.92804557,36.3
186.693,0.371681133,0,66.92804557,36.3
186.706,0.37082963,0,66.92804557,36.3
186.718,0.37082963,0,66.92804557,36.3
186.731,0.37082963,0,66.92804557,36.3
186.744,0.37082963,0.032956547,66.89234469,36.3
186.757,0.37082963,0.032956547,66.8985332,36.2
186.769,0.37082963,0.032956547,66.89234469,36.3
186.782,0.371681133,0.032956547,66.93423407,36.2
186.795,0.37082963,0,66.89234469,36.3
186.807,0.371681133,0.032956547,66.93423407,36.2
186.82,0.371681133,0.032956547,66.92804557,36.3
186.833,0.371681133,0.032956547,66.93423407,36.2
186.846,0.371681133,0.032956547,66.92185706,36.4
186.858,0.371681133,0,66.8985332,36.2
186.871,0.371681133,0,66.92804557,36.3
186.884,0.371681133,0.032956547,66.93423407,36.2
186.896,0.37082963,0.032956547,66.92804557,36.3
186.909,0.371681133,0.032956547,66.93423407,36.2
186.922,0.371681133,0.032956547,66.92804557,36.3
186.934,0.37082963,0.032956547,66.92804557,36.3
186.947,0.37082963,0.032956547,66.92804557,36.3
186.96,0.37082963,0.032956547,66.92804557,36.3
186.973,0.37082963,0.032956547,66.8985332,36.2
186.985,0.37082963,0,66.92804557,36.3
186.998,0.37082963,0,66.93423407,36.2
187.011,0.37082963,0,66.92804557,36.3
187.023,0.371681133,0,66.93423407,36.2
187.036,0.37082963,0.032956547,66.92804557,36.3
187.049,0.37082963,0.032956547,66.93423407,36.2
187.061,0.371681133,0.032956547,66.89234469,36.3
187.074,0.371681133,0.032956547,66.8985332,36.2
187.087,0.371681133,0.032956547,66.92804557,36.3
187.1,0.37082963,0.032956547,66.93423407,36.2
187.112,0.371681133,0.032956547,66.92804557,36.3
187.125,0.37082963,0.032956547,66.89234469,36.3
187.138,0.37082963,0.032956547,66.89234469,36.3
187.15,0.371681133,0.032956547,66.92804557,36.3
187.163,0.37082963,0,66.92804557,36.3
187.176,0.37082963,0,66.92804557,36.3
187.189,0.37082963,0,66.93423407,36.2
187.201,0.37082963,0.032956547,66.92804557,36.3
187.214,0.371681133,0.032956547,66.93423407,36.2
187.227,0.37082963,0.032956547,66.89234469,36.3
187.239,0.37082963,0.032956547,66.93423407,36.2
187.252,0.37082963,0.032956547,66.92804557,36.3
187.265,0.37082963,0.032956547,66.8985332,36.2
187.277,0.37082963,0,66.89234469,36.3
187.29,0.371681133,0,66.93423407,36.2
187.303,0.371681133,0,66.92804557,36.3
187.316,0.371681133,0,66.92804557,36.3
187.328,0.37082963,0,66.92804557,36.3
187.341,0.37082963,0,66.92804557,36.3
187.354,0.37082963,0,66.8985332,36.2
187.366,0.37082963,0.032956547,66.89234469,36.3
187.379,0.37082963,0.032956547,66.93423407,36.2
187.392,0.37082963,0.032956547,66.92804557,36.3
187.404,0.37082963,0.032956547,66.93423407,36.2
187.417,0.37082963,0.032956547,66.92804557,36.3
187.43,0.37082963,0.032956547,66.93423407,36.2
187.443,0.37082963,0,66.92185706,36.4
187.455,0.371681133,0,66.93423407,36.2
187.468,0.37082963,0,66.92804557,36.3
187.481,0.37082963,0,66.93423407,36.2
187.493,0.37082963,0.032956547,66.92804557,36.3
187.506,0.37082963,0.032956547,66.93423407,36.2
187.519,0.37082963,0,66.92804557,36.3
187.532,0.37082963,0,66.92804557,36.3
187.544,0.371681133,0,66.92804557,36.3
187.557,0.371681133,0,66.92804557,36.3
187.57,0.371681133,0.032956547,67.03423407,36.1
187.582,0.37082963,0.032956547,67.02804557,36.2
187.595,0.37082963,0,67.03423407,36.1
187.608,0.37082963,0,66.92804557,36.3
187.62,0.37082963,0,67.03423407,36.1
187.633,0.37082963,0.032956547,66.88615619,36.4
187.646,0.37082963,0,66.9985332,36.1
187.659,0.37082963,0.032956547,66.92804557,36.3
187.671,0.37082963,0.032956547,66.93423407,36.2
187.684,0.371681133,0.032956547,66.92804557,36.3
187.697,0.37082963,0,67.03423407,36.1
187.709,0.371681133,0.032956547,66.92804557,36.3
187.722,0.371681133,0.032956547,66.93423407,36.2
187.735,0.371681133,0.032956547,66.89234469,36.3
187.747,0.37082963,0.032956547,66.9985332,36.1
187.76,0.371681133,0.032956547,67.03423407,36.1
187.773,0.37082963,0,67.02804557,36.2
187.786,0.37082963,0,67.03423407,36.1
187.798,0.37082963,0.032956547,67.02804557,36.2
187.811,0.37082963,0.032956547,67.03423407,36.1
187.824,0.37082963,0.032956547,67.02804557,36.2
187.836,0.37082963,0,67.03423407,36.1
187.849,0.37082963,0,66.99234469,36.2
187.862,0.37082963,0.032956547,67.03423407,36.1
187.875,0.371681133,0.032956547,67.02804557,36.2
187.887,0.371681133,0.032956547,66.9985332,36.1
187.9,0.37082963,0.032956547,66.99234469,36.2
187.913,0.37082963,0.032956547,66.99234469,36.2
187.925,0.37082963,0.032956547,66.99234469,36.2
187.938,0.371681133,0,66.99234469,36.2
187.951,0.37082963,0,67.03423407,36.1
187.963,0.37082963,0,67.02804557,36.2
187.976,0.37082963,0,66.9985332,36.1
187.989,0.37082963,0,66.99234469,36.2
188.002,0.371681133,0.032956547,66.9985332,36.1
188.014,0.37082963,0.032956547,66.99234469,36.2
188.027,0.37082963,0.032956547,67.03423407,36.1
188.04,0.37082963,0.032956547,67.02804557,36.2
188.052,0.37082963,0.032956547,67.03423407,36.1
188.065,0.37082963,0,67.02804557,36.2
188.078,0.37082963,0.032956547,67.03423407,36.1
188.09,0.37082963,0.032956547,67.02804557,36.2
188.103,0.371681133,0,67.02804557,36.2
188.116,0.37082963,0,67.02804557,36.2
188.129,0.37082963,0,67.02804557,36.2
188.141,0.37082963,0,67.03423407,36.1
188.154,0.37082963,0,67.02804557,36.2
188.167,0.37082963,0,66.9985332,36.1
188.179,0.37082963,0,66.99234469,36.2
188.192,0.37082963,0.032956547,66.9985332,36.1
188.205,0.37082963,0.032956547,67.02185706,36.3
188.218,0.371681133,0.032956547,67.03423407,36.1
188.23,0.37082963,0,67.02185706,36.3
188.243,0.37082963,0,67.03423407,36.1
188.256,0.37082963,0,66.99234469,36.2
188.268,0.371681133,0,66.9985332,36.1
188.281,0.371681133,0.032956547,67.02804557,36.2
188.294,0.371681133,0.032956547,66.9985332,36.1
188.306,0.371681133,0.032956547,66.99234469,36.2
188.319,0.37082963,0.032956547,66.99234469,36.2
188.332,0.37082963,0.032956547,66.99234469,36.2
188.345,0.37082963,0,66.9985332,36.1
188.357,0.37082963,0,66.9985332,36.1
188.37,0.37082963,0.032956547,67.02804557,36.2
188.383,0.371681133,0.032956547,66.9985332,36.1
188.395,0.371681133,0.032956547,67.02804557,36.2
188.408,0.371681133,0.032956547,66.9985332,36.1
188.421,0.37082963,0.032956547,66.99234469,36.2
188.433,0.37082963,0.032956547,66.9985332,36.1
188.446,0.37082963,0.032956547,66.99234469,36.2
188.459,0.37082963,0.032956547,66.9985332,36.1
188.472,0.37082963,0.032956547,66.99234469,36.2
188.484,0.371681133,0.032956547,66.9985332,36.1
188.497,0.371681133,0,66.99234469,36.2
188.51,0.371681133,0,66.9985332,36.1
188.522,0.371681133,0.032956547,66.99234469,36.2
188.535,0.372532637,0.032956547,67.03423407,36.1
188.548,0.371681133,0.032956547,67.03423407,36.1
188.561,0.37082963,0.032956547,67.02804557,36.2
188.573,0.371681133,0,66.9985332,36.1
188.586,0.37082963,0.032956547,66.99234469,36.2
188.599,0.37082963,0.032956547,66.9985332,36.1
188.611,0.371681133,0.032956547,66.99234469,36.2
188.624,0.371681133,0.032956547,66.9985332,36.1
188.637,0.371681133,0,67.02804557,36.2
188.649,0.37082963,0,67.03423407,36.1
188.662,0.37082963,0,66.99234469,36.2
188.675,0.371681133,0,66.9985332,36.1
188.688,0.371681133,0,66.99234469,36.2
188.7,0.371681133,0,66.99234469,36.2
188.713,0.371681133,0.032956547,67.03423407,36.1
188.726,0.371681133,0.032956547,67.02804557,36.2
188.738,0.371681133,0.032956547,67.03423407,36.1
188.751,0.371681133,0,66.99234469,36.2
188.764,0.37082963,0.032956547,66.9985332,36.1
188.776,0.37082963,0.032956547,66.99234469,36.2
188.789,0.37082963,0.032956547,66.9985332,36.1
188.802,0.37082963,0.032956547,67.02185706,36.3
188.815,0.37082963,0,67.03423407,36.1
188.827,0.37082963,0,67.02804557,36.2
188.84,0.371681133,0,67.03423407,36.1
188.853,0.37082963,0.032956547,66.99234469,36.2
188.865,0.371681133,0.032956547,67.03423407,36.1
188.878,0.37082963,0.032956547,67.02804557,36.2
188.891,0.371681133,0.032956547,66.9985332,36.1
188.904,0.371681133,0.032956547,66.99234469,36.2
188.916,0.37082963,0.032956547,66.99234469,36.2
188.929,0.371681133,0,66.9985332,36.1
188.942,0.371681133,0,66.99234469,36.2
188.954,0.37082963,0,66.9985332,36.1
188.967,0.37082963,0.032956547,67.02804557,36.2
188.98,0.37082963,0.032956547,67.03423407,36.1
188.992,0.37082963,0,67.02804557,36.2
189.005,0.371681133,0,67.03423407,36.1
189.018,0.37082963,0.032956547,67.02804557,36.2
189.031,0.37082963,0.032956547,67.03423407,36.1
189.043,0.37082963,0.032956547,67.02804557,36.2
189.056,0.37082963,0,67.03423407,36.1
189.069,0.37082963,0,66.99234469,36.2
189.081,0.37082963,0,67.03423407,36.1
189.094,0.37082963,0.032956547,67.02804557,36.2
189.107,0.371681133,0.032956547,67.03423407,36.1
189.119,0.371681133,0.032956547,66.99234469,36.2
189.132,0.371681133,0.032956547,67.03423407,36.1
189.145,0.37082963,0,67.02804557,36.2
189.158,0.37082963,0.032956547,67.02804557,36.2
189.17,0.371681133,0.032956547,66.99234469,36.2
189.183,0.37082963,0.032956547,66.99234469,36.2
189.196,0.371681133,0,66.9985332,36.1
189.208,0.371681133,0.032956547,66.99234469,36.2
189.221,0.371681133,0,66.9985332,36.1
189.234,0.37082963,0.032956547,66.99234469,36.2
189.247,0.371681133,0.032956547,66.9985332,36.1
189.259,0.37082963,0,66.99234469,36.2
189.272,0.371681133,0,66.9985332,36.1
189.285,0.371681133,0,66.99234469,36.2
189.297,0.371681133,0,66.9985332,36.1
189.31,0.371681133,0.032956547,67.02804557,36.2
189.323,0.371681133,0.032956547,66.9985332,36.1
189.335,0.37082963,0,66.99234469,36.2
189.348,0.371681133,0.032956547,66.9985332,36.1
189.361,0.371681133,0,66.99234469,36.2
189.374,0.371681133,0,66.9985332,36.1
189.386,0.37082963,0,66.99234469,36.2
189.399,0.371681133,0,67.02804557,36.2
189.412,0.371681133,0,66.9985332,36.1
189.424,0.371681133,0.032956547,66.99234469,36.2
189.437,0.37082963,0.032956547,66.9985332,36.1
189.45,0.37082963,0.032956547,67.02804557,36.2
189.462,0.371681133,0.032956547,67.03423407,36.1
189.475,0.37082963,0.032956547,66.99234469,36.2
189.488,0.37082963,0,66.9985332,36.1
189.501,0.37082963,0,66.99234469,36.2
189.513,0.371681133,0,66.9985332,36.1
189.526,0.371681133,0.032956547,66.99234469,36.2
189.539,0.371681133,0,66.9985332,36.1
189.551,0.37082963,0.032956547,66.99234469,36.2
189.564,0.371681133,0,66.9985332,36.1
189.577,0.37082963,0.032956547,66.99234469,36.2
189.59,0.37082963,0.032956547,67.03423407,36.1
189.602,0.371681133,0.032956547,66.99234469,36.2
189.615,0.371681133,0.032956547,66.9985332,36.1
189.628,0.371681133,0.032956547,66.9985332,36.1
189.64,0.371681133,0.032956547,66.99234469,36.2
189.653,0.37082963,0.032956547,66.99234469,36.2
189.666,0.37082963,0.032956547,66.99234469,36.2
189.678,0.37082963,0,66.99234469,36.2
189.691,0.37082963,0.032956547,66.99234469,36.2
189.704,0.37082963,0.032956547,66.9985332,36.1
189.717,0.371681133,0.032956547,66.99234469,36.2
189.729,0.371681133,0.032956547,66.9985332,36.1
189.742,0.371681133,0.032956547,66.99234469,36.2
189.755,0.37082963,0,66.9985332,36.1
189.767,0.371681133,0,66.99234469,36.2
189.78,0.371681133,0.032956547,66.99234469,36.2
189.793,0.371681133,0.032956547,66.99234469,36.2
189.805,0.37082963,0.032956547,66.9985332,36.1
189.818,0.37082963,0,66.99234469,36.2
189.831,0.37082963,0,66.9985332,36.1
189.844,0.37082963,0,66.99234469,36.2
189.856,0.371681133,0,66.99234469,36.2
189.869,0.37082963,0.032956547,66.99234469,36.2
189.882,0.37082963,0,66.99234469,36.2
189.894,0.37082963,0.032956547,66.99234469,36.2
189.907,0.37082963,0.032956547,66.9985332,36.1
189.92,0.371681133,0.032956547,66.9985332,36.1
189.933,0.371681133,0.032956547,66.99234469,36.2
189.945,0.371681133,0.032956547,66.99234469,36.2
189.958,0.371681133,0.032956547,66.99234469,36.2
189.971,0.371681133,0,66.9985332,36.1
189.983,0.37082963,0,66.99234469,36.2
189.996,0.37082963,0,66.9985332,36.1
190.009,0.37082963,0,66.99234469,36.2
190.021,0.37082963,0,66.9985332,36.1
190.034,0.37082963,0,66.99234469,36.2
190.047,0.37082963,0,66.9985332,36.1
190.06,0.37082963,0,66.99234469,36.2
190.072,0.37082963,0,66.9985332,36.1
190.085,0.371681133,0,66.99234469,36.2
190.098,0.37082963,0,66.9985332,36.1
190.11,0.371681133,0,66.99234469,36.2
190.123,0.371681133,0,66.9985332,36.1
190.136,0.371681133,0,66.99234469,36.2
190.148,0.371681133,0.032956547,66.9985332,36.1
190.161,0.371681133,0.032956547,66.99234469,36.2
190.174,0.371681133,0.032956547,66.99234469,36.2
190.187,0.37082963,0.032956547,66.99234469,36.2
190.199,0.371681133,0.032956547,66.99234469,36.2
190.212,0.371681133,0.032956547,67.03423407,36.1
190.225,0.371681133,0,66.99234469,36.2
190.237,0.371681133,0,66.99234469,36.2
190.25,0.371681133,0,66.99234469,36.2
190.263,0.371681133,0,66.99234469,36.2
190.276,0.371681133,0.032956547,66.99234469,36.2
190.288,0.37082963,0.032956547,67.03423407,36.1
190.301,0.37082963,0.032956547,66.99234469,36.2
190.314,0.37082963,0.032956547,66.9985332,36.1
190.326,0.371681133,0.032956547,66.99234469,36.2
190.339,0.37082963,0.032956547,66.9985332,36.1
190.352,0.37082963,0.032956547,66.99234469,36.2
190.364,0.37082963,0.032956547,66.9985332,36.1
190.377,0.37082963,0,66.99234469,36.2
190.39,0.37082963,0,66.9985332,36.1
190.403,0.371681133,0,66.99234469,36.2
190.415,0.371681133,0,66.9985332,36.1
190.428,0.371681133,0,67.02804557,36.2
190.441,0.37082963,0,67.02804557,36.2
190.453,0.371681133,0.032956547,66.99234469,36.2
190.466,0.371681133,0.032956547,66.9985332,36.1
190.479,0.37082963,0.032956547,66.99234469,36.2
190.491,0.37082963,0.032956547,66.9985332,36.1
190.504,0.37082963,0.032956547,66.99234469,36.2
190.517,0.37082963,0.032956547,66.9985332,36.1
190.53,0.37082963,0.032956547,66.99234469,36.2
190.542,0.37082963,0,67.02804557,36.2
190.555,0.37082963,0,67.02804557,36.2
190.568,0.371681133,0,66.9985332,36.1
190.58,0.37082963,0,66.99234469,36.2
190.593,0.371681133,0,66.99234469,36.2
190.606,0.37082963,0.032956547,67.02804557,36.2
190.618,0.371681133,0,67.02804557,36.2
190.631,0.371681133,0,67.02804557,36.2
190.644,0.371681133,0,66.99234469,36.2
190.657,0.371681133,0.032956547,66.99234469,36.2
190.669,0.371681133,0.032956547,66.9985332,36.1
190.682,0.371681133,0.032956547,66.9985332,36.1
190.695,0.37082963,0.032956547,66.9985332,36.1
190.707,0.371681133,0.032956547,66.99234469,36.2
190.72,0.371681133,0.032956547,66.99234469,36.2
190.733,0.371681133,0.032956547,66.99234469,36.2
190.746,0.371681133,0.032956547,66.99234469,36.2
190.758,0.37082963,0,66.99234469,36.2
190.771,0.37082963,0.032956547,66.99234469,36.2
190.784,0.37082963,0,66.9985332,36.1
190.796,0.37082963,0.032956547,66.99234469,36.2
190.809,0.37082963,0.032956547,66.99234469,36.2
190.822,0.37082963,0,66.99234469,36.2
190.834,0.371681133,0,66.99234469,36.2
190.847,0.37082963,0,66.99234469,36.2
190.86,0.371681133,0,66.9985332,36.1
190.873,0.37082963,0,66.99234469,36.2
190.885,0.371681133,0,66.9985332,36.1
190.898,0.371681133,0.032956547,66.99234469,36.2
190.911,0.371681133,0.032956547,66.9985332,36.1
190.923,0.37082963,0,66.99234469,36.2
190.936,0.37082963,0,66.9985332,36.1
190.949,0.37082963,0,66.99234469,36.2
190.962,0.371681133,0,66.9985332,36.1
190.974,0.37082963,0,66.99234469,36.2
190.987,0.371681133,0.032956547,66.9985332,36.1
191,0.371681133,0.032956547,66.99234469,36.2
191.012,0.371681133,0.032956547,66.9985332,36.1
191.025,0.37082963,0.032956547,66.99234469,36.2
191.038,0.37082963,0.032956547,66.99234469,36.2
191.05,0.37082963,0.032956547,66.99234469,36.2
191.063,0.37082963,0,66.9985332,36.1
191.076,0.37082963,0,66.99234469,36.2
191.089,0.37082963,0,66.9985332,36.1
191.101,0.37082963,0,66.9985332,36.1
191.114,0.37082963,0,66.99234469,36.2
191.127,0.371681133,0,66.99234469,36.2
191.139,0.37082963,0.032956547,66.99234469,36.2
191.152,0.37082963,0.032956547,66.9985332,36.1
191.165,0.37082963,0.032956547,66.99234469,36.2
191.177,0.37082963,0,66.9985332,36.1
191.19,0.371681133,0.032956547,66.99234469,36.2
191.203,0.371681133,0.032956547,66.9985332,36.1
191.216,0.371681133,0.032956547,66.99234469,36.2
191.228,0.37082963,0.032956547,66.9985332,36.1
191.241,0.37082963,0.032956547,66.99234469,36.2
191.254,0.371681133,0.032956547,66.99234469,36.2
191.266,0.371681133,0.032956547,66.99234469,36.2
191.279,0.371681133,0.032956547,66.9985332,36.1
191.292,0.371681133,0.032956547,66.99234469,36.2
191.305,0.371681133,0,66.9985332,36.1
191.317,0.37082963,0,66.99234469,36.2
191.33,0.37082963,0,66.99234469,36.2
191.343,0.37082963,0,66.99234469,36.2
191.355,0.37082963,0,66.99234469,36.2
191.368,0.371681133,0.032956547,66.99234469,36.2
191.381,0.37082963,0.032956547,66.9985332,36.1
191.393,0.37082963,0.032956547,66.99234469,36.2
191.406,0.37082963,0.032956547,66.99234469,36.2
191.419,0.371681133,0.032956547,67.02804557,36.2
191.432,0.371681133,0.032956547,66.99234469,36.2
191.444,0.371681133,0.032956547,66.99234469,36.2
191.457,0.37082963,0,66.99234469,36.2
191.47,0.37082963,0.032956547,66.9985332,36.1
191.482,0.37082963,0,66.99234469,36.2
191.495,0.371681133,0.032956547,66.99234469,36.2
191.508,0.371681133,0.032956547,66.99234469,36.2
191.52,0.371681133,0.032956547,66.9985332,36.1
191.533,0.371681133,0.032956547,66.99234469,36.2
191.546,0.371681133,0.032956547,66.9985332,36.1
191.559,0.371681133,0.032956547,66.99234469,36.2
191.571,0.371681133,0,66.99234469,36.2
191.584,0.371681133,0.032956547,66.99234469,36.2
191.597,0.371681133,0.032956547,66.99234469,36.2
191.609,0.37082963,0.032956547,66.99234469,36.2
191.622,0.37082963,0.032956547,66.99234469,36.2
191.635,0.37082963,0,66.99234469,36.2
191.647,0.37082963,0,66.99234469,36.2
191.66,0.371681133,0,66.9985332,36.1
191.673,0.371681133,0,66.99234469,36.2
191.686,0.371681133,0,66.9985332,36.1
191.698,0.371681133,0,66.99234469,36.2
191.711,0.371681133,0,66.99234469,36.2
191.724,0.371681133,0,66.99234469,36.2
191.736,0.371681133,0,66.99234469,36.2
191.749,0.37082963,0,66.99234469,36.2
191.762,0.37082963,0,66.9985332,36.1
191.775,0.37082963,0,66.99234469,36.2
191.787,0.37082963,0.032956547,66.9985332,36.1
191.8,0.371681133,0.032956547,66.99234469,36.2
191.813,0.37082963,0.032956547,66.99234469,36.2
191.825,0.371681133,0.032956547,66.99234469,36.2
191.838,0.37082963,0.032956547,66.99234469,36.2
191.851,0.37082963,0.032956547,66.9985332,36.1
191.863,0.371681133,0.032956547,66.99234469,36.2
191.876,0.371681133,0.032956547,66.9985332,36.1
191.889,0.371681133,0.032956547,66.99234469,36.2
191.902,0.371681133,0.032956547,66.9985332,36.1
191.914,0.37082963,0.032956547,66.99234469,36.2
191.927,0.371681133,0.032956547,66.9985332,36.1
191.94,0.371681133,0.032956547,66.99234469,36.2
191.952,0.371681133,0,66.9985332,36.1
191.965,0.371681133,0,66.99234469,36.2
191.978,0.37082963,0,66.9985332,36.1
191.991,0.37082963,0.032956547,66.99234469,36.2
192.003,0.37082963,0,66.9985332,36.1
192.016,0.37082963,0,66.99234469,36.2
192.029,0.37082963,0,66.99234469,36.2
192.041,0.37082963,0.032956547,66.99234469,36.2
192.054,0.371681133,0.032956547,66.99234469,36.2
192.067,0.371681133,0.032956547,66.99234469,36.2
192.079,0.37082963,0,66.99234469,36.2
192.092,0.37082963,0,66.96283233,36.1
192.105,0.37082963,0,66.99234469,36.2
192.118,0.37082963,0.032956547,66.9985332,36.1
192.13,0.371681133,0,66.99234469,36.2
192.143,0.371681133,0,66.9985332,36.1
192.156,0.371681133,0,66.99234469,36.2
192.168,0.371681133,0,66.9985332,36.1
192.181,0.371681133,0.032956547,66.99234469,36.2
192.194,0.371681133,0.032956547,66.9985332,36.1
192.206,0.37082963,0.032956547,66.99234469,36.2
192.219,0.371681133,0.032956547,66.9985332,36.1
192.232,0.371681133,0.032956547,66.99234469,36.2
192.245,0.371681133,0.032956547,66.9985332,36.1
192.257,0.37082963,0.032956547,66.99234469,36.2
192.27,0.371681133,0,66.9985332,36.1
192.283,0.371681133,0,66.99234469,36.2
192.295,0.371681133,0,66.9985332,36.1
192.308,0.371681133,0,66.99234469,36.2
192.321,0.37082963,0,66.99234469,36.2
192.333,0.37082963,0,66.99234469,36.2
192.346,0.37082963,0.032956547,66.99234469,36.2
192.359,0.371681133,0.032956547,66.9985332,36.1
192.372,0.371681133,0.032956547,66.99234469,36.2
192.384,0.371681133,0.032956547,66.9985332,36.1
192.397,0.37082963,0.032956547,66.99234469,36.2
192.41,0.371681133,0.032956547,66.9985332,36.1
192.422,0.371681133,0.032956547,66.99234469,36.2
192.435,0.371681133,0.032956547,66.9985332,36.1
192.448,0.37082963,0.032956547,66.99234469,36.2
192.461,0.37082963,0.032956547,66.9985332,36.1
192.473,0.37082963,0.032956547,66.99234469,36.2
192.486,0.37082963,0.032956547,66.9985332,36.1
192.499,0.371681133,0.032956547,66.99234469,36.2
192.511,0.371681133,0.032956547,66.99234469,36.2
192.524,0.371681133,0.032956547,66.99234469,36.2
192.537,0.371681133,0.032956547,66.99234469,36.2
192.549,0.371681133,0.032956547,66.9985332,36.1
192.562,0.371681133,0.032956547,66.9985332,36.1
192.575,0.371681133,0,66.9985332,36.1
192.588,0.37082963,0,66.99234469,36.2
192.6,0.371681133,0.032956547,66.9985332,36.1
192.613,0.37082963,0,66.99234469,36.2
192.626,0.37082963,0,66.9985332,36.1
192.638,0.37082963,0,66.99234469,36.2
192.651,0.371681133,0,66.9985332,36.1
192.664,0.37082963,0,66.99234469,36.2
192.677,0.37082963,0,66.96283233,36.1
192.689,0.371681133,0,66.99234469,36.2
192.702,0.37082963,0,66.9985332,36.1
192.715,0.371681133,0.032956547,66.99234469,36.2
192.727,0.37082963,0.032956547,66.99234469,36.2
192.74,0.37082963,0.032956547,66.99234469,36.2
192.753,0.37082963,0,66.99234469,36.2
192.765,0.371681133,0,66.9985332,36.1
192.778,0.37082963,0,66.99234469,36.2
192.791,0.37082963,0,66.9985332,36.1
192.804,0.37082963,0,66.99234469,36.2
192.816,0.37082963,0,66.9985332,36.1
192.829,0.37082963,0,66.99234469,36.2
192.842,0.37082963,0,66.9985332,36.1
192.854,0.37082963,0.032956547,66.99234469,36.2
192.867,0.371681133,0.032956547,66.9985332,36.1
192.88,0.371681133,0.032956547,66.99234469,36.2
192.892,0.37082963,0.032956547,66.9985332,36.1
192.905,0.37082963,0.032956547,66.99234469,36.2
192.918,0.37082963,0,66.9985332,36.1
192.931,0.37082963,0.032956547,66.99234469,36.2
192.943,0.37082963,0.032956547,66.9985332,36.1
192.956,0.37082963,0.032956547,66.99234469,36.2
192.969,0.37082963,0,66.99234469,36.2
192.981,0.37082963,0,66.99234469,36.2
192.994,0.37082963,0,66.99234469,36.2
193.007,0.37082963,0,67.0985332,36
193.02,0.37082963,0,66.99234469,36.2
193.032,0.37082963,0,66.9985332,36.1
193.045,0.37082963,0,66.99234469,36.2
193.058,0.37082963,0,66.9985332,36.1
193.07,0.37082963,0,66.99234469,36.2
193.083,0.37082963,0,66.9985332,36.1
193.096,0.37082963,0,66.98615619,36.3
193.108,0.371681133,0.032956547,66.9985332,36.1
193.121,0.371681133,0.032956547,66.99234469,36.2
193.134,0.37082963,0,66.9985332,36.1
193.147,0.37082963,0,66.99234469,36.2
193.159,0.37082963,0,66.9985332,36.1
193.172,0.371681133,0.032956547,66.99234469,36.2
193.185,0.37082963,0.032956547,66.99234469,36.2
193.197,0.371681133,0,66.99234469,36.2
193.21,0.37082963,0,67.09234469,36.1
193.223,0.37082963,0,66.9985332,36.1
193.235,0.371681133,0.032956547,67.09234469,36.1
193.248,0.372532637,0.032956547,67.0985332,36
193.261,0.371681133,0.032956547,67.09234469,36.1
193.274,0.371681133,0,66.9985332,36.1
193.286,0.37082963,0.032956547,67.09234469,36.1
193.299,0.371681133,0.032956547,67.0985332,36
193.312,0.37082963,0.032956547,67.09234469,36.1
193.324,0.371681133,0,67.0985332,36
193.337,0.371681133,0,67.09234469,36.1
193.35,0.371681133,0.032956547,67.09234469,36.1
193.362,0.371681133,0.032956547,67.09234469,36.1
193.375,0.371681133,0.032956547,66.99234469,36.2
193.388,0.371681133,0.032956547,67.12804557,36.1
193.401,0.371681133,0,67.09234469,36.1
193.413,0.371681133,0,66.9985332,36.1
193.426,0.371681133,0,66.99234469,36.2
193.439,0.371681133,0.032956547,66.9985332,36.1
193.451,0.37082963,0.032956547,67.09234469,36.1
193.464,0.371681133,0,67.0985332,36
193.477,0.371681133,0,67.09234469,36.1
193.49,0.371681133,0,67.0985332,36
193.502,0.371681133,0,67.09234469,36.1
193.515,0.371681133,0,67.0985332,36
193.528,0.371681133,0,67.09234469,36.1
193.54,0.371681133,0,67.0985332,36
193.553,0.371681133,0.032956547,67.09234469,36.1
193.566,0.371681133,0.032956547,67.09234469,36.1
193.578,0.371681133,0.032956547,67.09234469,36.1
193.591,0.371681133,0.032956547,67.09234469,36.1
193.604,0.37082963,0.032956547,67.09234469,36.1
193.617,0.37082963,0.032956547,67.09234469,36.1
193.629,0.371681133,0.032956547,67.0985332,36
193.642,0.37082963,0.032956547,67.09234469,36.1
193.655,0.371681133,0,67.0985332,36
193.667,0.37082963,0,67.09234469,36.1
193.68,0.37082963,0.032956547,67.0985332,36
193.693,0.37082963,0,67.08615619,36.2
193.706,0.37082963,0,67.0985332,36
193.718,0.37082963,0.032956547,67.09234469,36.1
193.731,0.37082963,0,67.0985332,36
193.744,0.37082963,0.032956547,67.09234469,36.1
193.756,0.371681133,0,67.0985332,36
193.769,0.37082963,0,67.09234469,36.1
193.782,0.37082963,0.032956547,67.0985332,36
193.794,0.37082963,0.032956547,67.09234469,36.1
193.807,0.371681133,0,67.09234469,36.1
193.82,0.371681133,0,67.0985332,36
193.833,0.37082963,0.032956547,67.09234469,36.1
193.845,0.37082963,0,67.0985332,36
193.858,0.37082963,0,67.09234469,36.1
193.871,0.37082963,0,67.0985332,36
193.883,0.37082963,0,67.09234469,36.1
193.896,0.371681133,0,67.0985332,36
193.909,0.371681133,0,67.09234469,36.1
193.921,0.371681133,0,67.0985332,36
193.934,0.371681133,0.032956547,67.09234469,36.1
193.947,0.371681133,0.032956547,67.0985332,36
193.96,0.371681133,0.032956547,67.09234469,36.1
193.972,0.371681133,0.032956547,67.0985332,36
193.985,0.371681133,0.032956547,67.09234469,36.1
193.998,0.37082963,0.032956547,67.09234469,36.1
194.01,0.37082963,0.032956547,67.09234469,36.1
194.023,0.37082963,0,67.09234469,36.1
194.036,0.371681133,0,67.09234469,36.1
194.048,0.371681133,0.032956547,67.09234469,36.1
194.061,0.371681133,0,67.0985332,36
194.074,0.371681133,0,67.09234469,36.1
194.087,0.37082963,0,67.0985332,36
194.099,0.37082963,0,67.09234469,36.1
194.112,0.37082963,0,67.0985332,36
194.125,0.37082963,0.032956547,67.09234469,36.1
194.137,0.371681133,0.032956547,67.0985332,36
194.15,0.37082963,0.032956547,67.09234469,36.1
194.163,0.37082963,0.032956547,67.0985332,36
194.176,0.371681133,0.032956547,67.09234469,36.1
194.188,0.37082963,0,67.09234469,36.1
194.201,0.37082963,0,67.09234469,36.1
194.214,0.37082963,0,67.09234469,36.1
194.226,0.371681133,0,67.0985332,36
194.239,0.37082963,0,67.09234469,36.1
194.252,0.371681133,0,67.0985332,36
194.264,0.371681133,0,67.09234469,36.1
194.277,0.371681133,0,67.0985332,36
194.29,0.371681133,0.032956547,67.08615619,36.2
194.303,0.371681133,0,67.0985332,36
194.315,0.371681133,0,67.09234469,36.1
194.328,0.371681133,0.032956547,67.0985332,36
194.341,0.371681133,0,67.09234469,36.1
194.353,0.371681133,0,67.0985332,36
194.366,0.371681133,0.032956547,67.09234469,36.1
194.379,0.371681133,0.032956547,67.09234469,36.1
194.392,0.371681133,0,67.09234469,36.1
194.404,0.371681133,0.032956547,67.0985332,36
194.417,0.37082963,0.032956547,67.0985332,36
194.43,0.37082963,0.032956547,67.09234469,36.1
194.442,0.37082963,0.032956547,67.0985332,36
194.455,0.37082963,0.032956547,67.09234469,36.1
194.468,0.37082963,0,67.0985332,36
194.48,0.37082963,0,67.08615619,36.2
194.493,0.37082963,0,67.0985332,36
194.506,0.37082963,0.032956547,67.09234469,36.1
194.519,0.371681133,0.032956547,67.0985332,36
194.531,0.371681133,0,67.08615619,36.2
194.544,0.371681133,0,67.0985332,36
194.557,0.371681133,0.032956547,67.09234469,36.1
194.569,0.371681133,0.032956547,67.0985332,36
194.582,0.371681133,0.032956547,67.09234469,36.1
194.595,0.371681133,0.032956547,67.09234469,36.1
194.607,0.371681133,0.032956547,67.09234469,36.1
194.62,0.371681133,0,67.09234469,36.1
194.633,0.371681133,0.032956547,67.0985332,36
194.646,0.37082963,0.032956547,67.09234469,36.1
194.658,0.37082963,0,67.0985332,36
194.671,0.37082963,0,67.09234469,36.1
194.684,0.37082963,0,67.0985332,36
194.696,0.37082963,0,67.09234469,36.1
194.709,0.371681133,0,67.0985332,36
194.722,0.37082963,0.032956547,67.09234469,36.1
194.734,0.371681133,0.032956547,67.0985332,36
194.747,0.37082963,0.032956547,67.09234469,36.1
194.76,0.37082963,0,67.0985332,36
194.773,0.37082963,0,67.09234469,36.1
194.785,0.37082963,0,67.0985332,36
194.798,0.371681133,0,67.0985332,36
194.811,0.37082963,0,67.09234469,36.1
194.823,0.37082963,0.032956547,67.09234469,36.1
194.836,0.37082963,0,67.09234469,36.1
194.849,0.37082963,0,67.0985332,36
194.862,0.37082963,0,67.09234469,36.1
194.874,0.37082963,0.032956547,67.0985332,36
194.887,0.37082963,0.032956547,67.09234469,36.1
194.9,0.371681133,0.032956547,67.0985332,36
194.912,0.371681133,0.032956547,67.09234469,36.1
194.925,0.371681133,0.032956547,67.0985332,36
194.938,0.371681133,0,67.09234469,36.1
194.95,0.371681133,0.032956547,67.0985332,36
194.963,0.37082963,0.032956547,67.09234469,36.1
194.976,0.37082963,0.032956547,67.09234469,36.1
194.989,0.371681133,0,67.0985332,36
195.001,0.371681133,0,67.09234469,36.1
195.014,0.37082963,0,67.0985332,36
195.027,0.37082963,0,67.09234469,36.1
195.039,0.371681133,0.032956547,67.0985332,36
195.052,0.37082963,0.032956547,67.09234469,36.1
195.065,0.37082963,0.032956547,67.0985332,36
195.077,0.37082963,0.032956547,67.08615619,36.2
195.09,0.37082963,0.032956547,67.10472171,35.9
195.103,0.37082963,0.032956547,67.09234469,36.1
195.116,0.37082963,0,67.10472171,35.9
195.128,0.37082963,0.032956547,67.09234469,36.1
195.141,0.371681133,0.032956547,67.0985332,36
195.154,0.37082963,0.032956547,67.09234469,36.1
195.166,0.371681133,0.032956547,67.0985332,36
195.179,0.371681133,0,67.09234469,36.1
195.192,0.37082963,0,67.09234469,36.1
195.205,0.37082963,0,67.0985332,36
195.217,0.37082963,0,67.09234469,36.1
195.23,0.37082963,0.032956547,67.0985332,36
195.243,0.37082963,0.032956547,67.09234469,36.1
195.255,0.37082963,0.032956547,67.0985332,36
195.268,0.37082963,0,67.09234469,36.1
195.281,0.37082963,0.032956547,67.10472171,35.9
195.293,0.37082963,0.032956547,67.09234469,36.1
195.306,0.37082963,0.032956547,67.0985332,36
195.319,0.37082963,0.032956547,67.08615619,36.2
195.332,0.371681133,0.032956547,67.0985332,36
195.344,0.371681133,0.032956547,67.09234469,36.1
195.357,0.371681133,0.032956547,67.0985332,36
195.37,0.37082963,0,67.09234469,36.1
195.382,0.371681133,0,67.0985332,36
195.395,0.37082963,0.032956547,67.09234469,36.1
195.408,0.37082963,0.032956547,67.0985332,36
195.421,0.37082963,0.032956547,67.0985332,36
195.433,0.37082963,0.032956547,67.09234469,36.1
195.446,0.371681133,0.032956547,67.0985332,36
195.459,0.37082963,0,67.09234469,36.1
195.471,0.37082963,0,67.0985332,36
195.484,0.37082963,0,67.09234469,36.1
195.497,0.371681133,0.032956547,67.0985332,36
195.509,0.37082963,0.032956547,67.09234469,36.1
195.522,0.371681133,0.032956547,67.0985332,36
195.535,0.37082963,0.032956547,67.09234469,36.1
195.548,0.37082963,0.032956547,67.0985332,36
195.56,0.37082963,0.032956547,67.09234469,36.1
195.573,0.371681133,0.032956547,67.0985332,36
195.586,0.371681133,0.032956547,67.09234469,36.1
195.598,0.371681133,0.032956547,67.09234469,36.1
195.611,0.37082963,0,67.09234469,36.1
195.624,0.37082963,0,67.09234469,36.1
195.636,0.37082963,0,67.0985332,36
195.649,0.37082963,0,67.09234469,36.1
195.662,0.37082963,0,67.0985332,36
195.675,0.371681133,0,67.09234469,36.1
195.687,0.37082963,0.032956547,67.0985332,36
195.7,0.37082963,0.032956547,67.09234469,36.1
195.713,0.371681133,0,67.0985332,36
195.725,0.371681133,0,67.09234469,36.1
195.738,0.371681133,0,67.0985332,36
195.751,0.371681133,0.032956547,67.09234469,36.1
195.763,0.371681133,0.032956547,67.0985332,36
195.776,0.37082963,0.032956547,67.09234469,36.1
195.789,0.371681133,0.032956547,67.0985332,36
195.802,0.371681133,0,67.09234469,36.1
195.814,0.371681133,0,67.09234469,36.1
195.827,0.37082963,0,67.09234469,36.1
195.84,0.37082963,0,67.09234469,36.1
195.852,0.37082963,0.032956547,67.0985332,36
195.865,0.37082963,0.032956547,67.09234469,36.1
195.878,0.37082963,0.032956547,67.0985332,36
195.891,0.371681133,0.032956547,67.09234469,36.1
195.903,0.371681133,0.032956547,67.0985332,36
195.916,0.371681133,0.032956547,67.08615619,36.2
195.929,0.371681133,0.032956547,67.0985332,36
195.941,0.37082963,0.032956547,67.09234469,36.1
195.954,0.371681133,0,67.0985332,36
195.967,0.37082963,0.032956547,67.09234469,36.1
195.979,0.37082963,0.032956547,67.0985332,36
195.992,0.37082963,0.032956547,67.09234469,36.1
196.005,0.371681133,0,67.0985332,36
196.018,0.371681133,0,67.09234469,36.1
196.03,0.371681133,0,67.0985332,36
196.043,0.37082963,0.032956547,67.09234469,36.1
196.056,0.37082963,0.032956547,67.0985332,36
196.068,0.37082963,0.032956547,67.0985332,36
196.081,0.371681133,0,67.09234469,36.1
196.094,0.37082963,0,67.0985332,36
196.106,0.37082963,0.032956547,67.09234469,36.1
196.119,0.37082963,0.032956547,67.0985332,36
196.132,0.37082963,0.032956547,67.09234469,36.1
196.145,0.37082963,0.032956547,67.0985332,36
196.157,0.371681133,0.032956547,67.09234469,36.1
196.17,0.37082963,0.032956547,67.0985332,36
196.183,0.371681133,0,67.09234469,36.1
196.195,0.371681133,0,67.0985332,36
196.208,0.371681133,0.032956547,67.09234469,36.1
196.221,0.371681133,0.032956547,67.0985332,36
196.234,0.371681133,0.032956547,67.08615619,36.2
196.246,0.371681133,0.032956547,67.0985332,36
196.259,0.37082963,0.032956547,67.09234469,36.1
196.272,0.371681133,0,67.0985332,36
196.284,0.37082963,0.032956547,67.09234469,36.1
196.297,0.371681133,0.032956547,67.0985332,36
196.31,0.371681133,0.032956547,67.09234469,36.1
196.322,0.371681133,0,67.09234469,36.1
196.335,0.371681133,0,67.09234469,36.1
196.348,0.371681133,0,67.09234469,36.1
196.361,0.37082963,0.032956547,67.09234469,36.1
196.373,0.37082963,0.032956547,67.09234469,36.1
196.386,0.37082963,0.032956547,67.09234469,36.1
196.399,0.37082963,0.032956547,67.09234469,36.1
196.411,0.371681133,0.032956547,67.09234469,36.1
196.424,0.371681133,0.032956547,67.09234469,36.1
196.437,0.37082963,0.032956547,67.09234469,36.1
196.449,0.371681133,0,67.09234469,36.1
196.462,0.37082963,0,67.0985332,36
196.475,0.37082963,0,67.09234469,36.1
196.488,0.37082963,0,67.0985332,36
196.5,0.37082963,0.032956547,67.09234469,36.1
196.513,0.37082963,0,67.0985332,36
196.526,0.371681133,0.032956547,67.09234469,36.1
196.538,0.371681133,0.032956547,67.09234469,36.1
196.551,0.37082963,0.032956547,67.09234469,36.1
196.564,0.37082963,0.032956547,67.0985332,36
196.577,0.37082963,0.032956547,67.09234469,36.1
196.589,0.371681133,0.032956547,67.0985332,36
196.602,0.37082963,0.032956547,67.09234469,36.1
196.615,0.371681133,0.032956547,67.09234469,36.1
196.627,0.371681133,0.032956547,67.09234469,36.1
196.64,0.371681133,0.032956547,67.0985332,36
196.653,0.371681133,0.032956547,67.09234469,36.1
196.665,0.371681133,0.032956547,67.0985332,36
196.678,0.37082963,0.032956547,67.12804557,36.1
196.691,0.371681133,0.032956547,67.09234469,36.1
196.704,0.371681133,0.032956547,67.09234469,36.1
196.716,0.371681133,0,67.09234469,36.1
196.729,0.37082963,0,67.09234469,36.1
196.742,0.371681133,0.032956547,67.09234469,36.1
196.754,0.371681133,0.032956547,67.09234469,36.1
196.767,0.37082963,0.032956547,67.09234469,36.1
196.78,0.37082963,0.032956547,67.09234469,36.1
196.792,0.37082963,0.032956547,67.09234469,36.1
196.805,0.37082963,0.032956547,67.09234469,36.1
196.818,0.37082963,0.032956547,67.09234469,36.1
196.831,0.37082963,0,67.09234469,36.1
196.843,0.37082963,0.032956547,67.09234469,36.1
196.856,0.37082963,0,67.09234469,36.1
196.869,0.37082963,0,67.09234469,36.1
196.881,0.37082963,0.032956547,67.09234469,36.1
196.894,0.371681133,0.032956547,67.09234469,36.1
196.907,0.371681133,0.032956547,67.09234469,36.1
196.92,0.37082963,0.032956547,67.09234469,36.1
196.932,0.37082963,0.032956547,67.09234469,36.1
196.945,0.371681133,0.032956547,67.09234469,36.1
196.958,0.371681133,0.032956547,67.0985332,36
196.97,0.371681133,0.032956547,67.09234469,36.1
196.983,0.371681133,0.032956547,67.09234469,36.1
196.996,0.37082963,0.032956547,67.09234469,36.1
197.008,0.37082963,0,67.0985332,36
197.021,0.37082963,0,67.09234469,36.1
197.034,0.371681133,0,67.0985332,36
197.047,0.371681133,0,67.09234469,36.1
197.059,0.371681133,0.032956547,67.0985332,36
197.072,0.371681133,0.032956547,67.09234469,36.1
197.085,0.37082963,0,67.09234469,36.1
197.097,0.37082963,0,67.09234469,36.1
197.11,0.37082963,0.032956547,67.09234469,36.1
197.123,0.371681133,0.032956547,67.09234469,36.1
197.135,0.371681133,0.032956547,67.0985332,36
197.148,0.371681133,0,67.09234469,36.1
197.161,0.371681133,0.032956547,67.0985332,36
197.174,0.371681133,0.032956547,67.09234469,36.1
197.186,0.371681133,0.032956547,67.09234469,36.1
197.199,0.371681133,0.032956547,67.09234469,36.1
197.212,0.37082963,0.032956547,67.0985332,36
197.224,0.371681133,0.032956547,67.09234469,36.1
197.237,0.37082963,0.032956547,67.0985332,36
197.25,0.371681133,0.032956547,67.09234469,36.1
197.263,0.37082963,0.032956547,67.09234469,36.1
197.275,0.37082963,0,67.12804557,36.1
197.288,0.37082963,0,67.12804557,36.1
197.301,0.37082963,0,67.12804557,36.1
197.313,0.37082963,0,67.09234469,36.1
197.326,0.37082963,0,67.0985332,36
197.339,0.37082963,0.032956547,67.09234469,36.1
197.351,0.371681133,0.032956547,67.0985332,36
197.364,0.37082963,0.032956547,67.09234469,36.1
197.377,0.371681133,0.032956547,67.09234469,36.1
197.39,0.371681133,0.032956547,67.09234469,36.1
197.402,0.371681133,0.032956547,67.09234469,36.1
197.415,0.371681133,0.032956547,67.09234469,36.1
197.428,0.371681133,0.032956547,67.0985332,36
197.44,0.371681133,0.032956547,67.09234469,36.1
197.453,0.371681133,0,67.09234469,36.1
197.466,0.371681133,0,67.09234469,36.1
197.478,0.371681133,0,67.09234469,36.1
197.491,0.371681133,0,67.09234469,36.1
197.504,0.371681133,0,67.09234469,36.1
197.517,0.37082963,0,67.09234469,36.1
197.529,0.37082963,0.032956547,67.09234469,36.1
197.542,0.37082963,0.032956547,67.0985332,36
197.555,0.37082963,0.032956547,67.09234469,36.1
197.567,0.37082963,0,67.09234469,36.1
197.58,0.371681133,0,67.09234469,36.1
197.593,0.37082963,0,67.09234469,36.1
197.606,0.37082963,0.032956547,67.09234469,36.1
197.618,0.37082963,0,67.09234469,36.1
197.631,0.37082963,0.032956547,67.09234469,36.1
197.644,0.37082963,0.032956547,67.09234469,36.1
197.656,0.37082963,0.032956547,67.09234469,36.1
197.669,0.371681133,0.032956547,67.09234469,36.1
197.682,0.371681133,0.032956547,67.09234469,36.1
197.694,0.371681133,0.032956547,67.09234469,36.1
197.707,0.371681133,0.032956547,67.09234469,36.1
197.72,0.371681133,0,67.09234469,36.1
197.733,0.371681133,0.032956547,67.0985332,36
197.745,0.371681133,0.032956547,67.09234469,36.1
197.758,0.37082963,0.032956547,67.09234469,36.1
197.771,0.37082963,0.032956547,67.09234469,36.1
197.783,0.37082963,0.032956547,67.09234469,36.1
197.796,0.371681133,0.032956547,67.09234469,36.1
197.809,0.37082963,0.032956547,67.0985332,36
197.821,0.37082963,0,67.09234469,36.1
197.834,0.371681133,0,67.0985332,36
197.847,0.37082963,0,67.09234469,36.1
197.86,0.371681133,0,67.0985332,36
197.872,0.37082963,0,67.09234469,36.1
197.885,0.37082963,0,67.09234469,36.1
197.898,0.37082963,0.032956547,67.09234469,36.1
197.91,0.37082963,0.032956547,67.0985332,36
197.923,0.37082963,0.032956547,67.12804557,36.1
197.936,0.37082963,0.032956547,67.09234469,36.1
197.949,0.371681133,0.032956547,67.09234469,36.1
197.961,0.372532637,0.032956547,67.12804557,36.1
197.974,0.372532637,0.032956547,67.09234469,36.1
197.987,0.371681133,0.032956547,67.09234469,36.1
197.999,0.371681133,0.032956547,67.09234469,36.1
198.012,0.371681133,0.032956547,67.09234469,36.1
198.025,0.371681133,0.032956547,67.09234469,36.1
198.037,0.37082963,0.032956547,67.09234469,36.1
198.05,0.371681133,0.032956547,67.0985332,36
198.063,0.37082963,0.032956547,67.09234469,36.1
198.076,0.37082963,0.032956547,67.0985332,36
198.088,0.37082963,0.032956547,67.09234469,36.1
198.101,0.37082963,0,67.0985332,36
198.114,0.37082963,0,67.09234469,36.1
198.126,0.37082963,0,67.0985332,36
198.139,0.37082963,0.032956547,67.09234469,36.1
198.152,0.37082963,0.032956547,67.0985332,36
198.164,0.37082963,0,67.09234469,36.1
198.177,0.371681133,0,67.0985332,36
198.19,0.37082963,0,67.09234469,36.1
198.203,0.37082963,0.032956547,67.0985332,36
198.215,0.37082963,0.032956547,67.09234469,36.1
198.228,0.371681133,0.032956547,67.0985332,36
198.241,0.371681133,0.032956547,67.09234469,36.1
198.253,0.371681133,0,67.09234469,36.1
198.266,0.371681133,0,67.09234469,36.1
198.279,0.37082963,0,67.09234469,36.1
198.292,0.371681133,0.032956547,67.0985332,36
198.304,0.37082963,0.032956547,67.09234469,36.1
198.317,0.371681133,0.032956547,67.0985332,36
198.33,0.37082963,0.032956547,67.09234469,36.1
198.342,0.37082963,0.032956547,67.0985332,36
198.355,0.37082963,0.032956547,67.09234469,36.1
198.368,0.37082963,0.032956547,67.0985332,36
198.38,0.37082963,0.032956547,67.09234469,36.1
198.393,0.371681133,0,67.0985332,36
198.406,0.371681133,0,67.09234469,36.1
198.419,0.371681133,0,67.0985332,36
198.431,0.37082963,0,67.09234469,36.1
198.444,0.37082963,0,67.0985332,36
198.457,0.371681133,0.032956547,67.09234469,36.1
198.469,0.37082963,0.032956547,67.09234469,36.1
198.482,0.37082963,0.032956547,67.09234469,36.1
198.495,0.37082963,0.032956547,67.09234469,36.1
198.507,0.37082963,0.032956547,67.09234469,36.1
198.52,0.371681133,0.032956547,67.0985332,36
198.533,0.371681133,0,67.09234469,36.1
198.546,0.371681133,0,67.09234469,36.1
198.558,0.37082963,0,67.09234469,36.1
198.571,0.37082963,0.032956547,67.09234469,36.1
198.584,0.37082963,0,67.09234469,36.1
198.596,0.37082963,0,67.09234469,36.1
198.609,0.371681133,0,67.0985332,36
198.622,0.37082963,0,67.09234469,36.1
198.635,0.371681133,0.032956547,67.0985332,36
198.647,0.37082963,0.032956547,67.09234469,36.1
198.66,0.37082963,0.032956547,67.0985332,36
198.673,0.37082963,0.032956547,67.09234469,36.1
198.685,0.371681133,0.032956547,67.09234469,36.1
198.698,0.37082963,0.032956547,67.09234469,36.1
198.711,0.37082963,0.032956547,67.09234469,36.1
198.723,0.37082963,0,67.09234469,36.1
198.736,0.37082963,0,67.09234469,36.1
198.749,0.371681133,0,67.09234469,36.1
198.762,0.37082963,0,67.09234469,36.1
198.774,0.371681133,0.032956547,67.0985332,36
198.787,0.37082963,0.032956547,67.09234469,36.1
198.8,0.37082963,0,67.0985332,36
198.812,0.37082963,0,67.09234469,36.1
198.825,0.371681133,0,67.0985332,36
198.838,0.37082963,0.032956547,67.09234469,36.1
198.85,0.371681133,0.032956547,67.0985332,36
198.863,0.37082963,0.032956547,67.09234469,36.1
198.876,0.371681133,0,67.0985332,36
198.889,0.37082963,0.032956547,67.09234469,36.1
198.901,0.37082963,0.032956547,67.0985332,36
198.914,0.37082963,0.032956547,67.09234469,36.1
198.927,0.37082963,0.032956547,67.09234469,36.1
198.939,0.371681133,0.032956547,67.19234469,36
198.952,0.37082963,0,67.09234469,36.1
198.965,0.37082963,0,67.1985332,35.9
198.978,0.37082963,0,67.09234469,36.1
198.99,0.37082963,0.032956547,67.0985332,36
199.003,0.371681133,0.032956547,67.09234469,36.1
199.016,0.37082963,0.032956547,67.0985332,36
199.028,0.37082963,0,67.09234469,36.1
199.041,0.37082963,0,67.0985332,36
199.054,0.37082963,0,67.08615619,36.2
199.066,0.37082963,0,67.0985332,36
199.079,0.37082963,0,67.09234469,36.1
199.092,0.371681133,0,67.0985332,36
199.105,0.371681133,0.032956547,67.09234469,36.1
199.117,0.371681133,0,67.0985332,36
199.13,0.371681133,0.032956547,67.09234469,36.1
199.143,0.371681133,0,67.0985332,36
199.155,0.37082963,0,67.09234469,36.1
199.168,0.37082963,0.032956547,67.19234469,36
199.181,0.37082963,0.032956547,67.19234469,36
199.193,0.37082963,0.032956547,67.19234469,36
199.206,0.37082963,0.032956547,67.1985332,35.9
199.219,0.37082963,0,67.19234469,36
199.232,0.37082963,0,67.1985332,35.9
199.244,0.37082963,0,67.19234469,36
199.257,0.371681133,0,67.1985332,35.9
199.27,0.37082963,0,67.19234469,36
199.282,0.371681133,0,67.1985332,35.9
199.295,0.37082963,0.032956547,67.19234469,36
199.308,0.37082963,0.032956547,67.1985332,35.9
199.321,0.37082963,0.032956547,67.19234469,36
199.333,0.37082963,0,67.1985332,35.9
199.346,0.37082963,0,67.09234469,36.1
199.359,0.37082963,0,67.1985332,35.9
199.371,0.37082963,0.032956547,67.19234469,36
199.384,0.371681133,0.032956547,67.1985332,35.9
199.397,0.37082963,0.032956547,67.19234469,36
199.409,0.37082963,0.032956547,67.19234469,36
199.422,0.371681133,0,67.09234469,36.1
199.435,0.37082963,0,67.19234469,36
199.448,0.37082963,0,67.16283233,35.9
199.46,0.37082963,0,67.19234469,36
199.473,0.371681133,0.032956547,67.1985332,35.9
199.486,0.37082963,0,67.15664382,36
199.498,0.371681133,0,67.1985332,35.9
199.511,0.37082963,0,67.15664382,36
199.524,0.371681133,0.032956547,67.1985332,35.9
199.536,0.371681133,0.032956547,67.19234469,36
199.549,0.37082963,0,67.19234469,36
199.562,0.37082963,0,67.19234469,36
199.575,0.37082963,0,67.19234469,36
199.587,0.37082963,0.032956547,67.1985332,35.9
199.6,0.37082963,0,67.19234469,36
199.613,0.37082963,0.032956547,67.1985332,35.9
199.625,0.37082963,0,67.19234469,36
199.638,0.37082963,0,67.19234469,36
199.651,0.37082963,0,67.19234469,36
199.664,0.37082963,0,67.1985332,35.9
199.676,0.37082963,0,67.19234469,36
199.689,0.371681133,0.032956547,67.1985332,35.9
199.702,0.37082963,0.032956547,67.19234469,36
199.714,0.371681133,0.032956547,67.16283233,35.9
199.727,0.371681133,0.032956547,67.19234469,36
199.74,0.37082963,0.032956547,67.1985332,35.9
199.752,0.371681133,0.032956547,67.19234469,36
199.765,0.37082963,0,67.16283233,35.9
199.778,0.37082963,0,67.15664382,36
199.791,0.37082963,0,67.19234469,36
199.803,0.371681133,0.032956547,67.19234469,36
199.816,0.371681133,0,67.19234469,36
199.829,0.371681133,0.032956547,67.1985332,35.9
199.841,0.371681133,0.032956547,67.19234469,36
199.854,0.371681133,0,67.1985332,35.9
199.867,0.37082963,0,67.19234469,36
199.879,0.37082963,0,67.1985332,35.9
199.892,0.37082963,0,67.19234469,36
199.905,0.37082963,0,67.1985332,35.9
199.918,0.37082963,0.032956547,67.18615619,36.1
199.93,0.371681133,0.032956547,67.1985332,35.9
199.943,0.371681133,0.032956547,67.18615619,36.1
199.956,0.371681133,0,67.1985332,35.9
199.968,0.37082963,0,67.19234469,36
199.981,0.371681133,0,67.1985332,35.9
199.994,0.371681133,0,67.19234469,36
200.007,0.37082963,0,67.19234469,36
200.019,0.371681133,0,67.19234469,36
200.032,0.37082963,0.032956547,67.15664382,36
200.045,0.37082963,0.032956547,67.1985332,35.9
200.057,0.37082963,0,67.19234469,36
200.07,0.371681133,0,67.1985332,35.9
200.083,0.37082963,0.032956547,67.19234469,36
200.095,0.371681133,0.032956547,67.1985332,35.9
200.108,0.37082963,0,67.19234469,36
200.121,0.371681133,0,67.1985332,35.9
200.134,0.371681133,0.032956547,67.19234469,36
200.146,0.371681133,0.032956547,67.1985332,35.9
200.159,0.371681133,0.032956547,67.19234469,36
200.172,0.371681133,0.032956547,67.1985332,35.9
200.184,0.37082963,0,67.19234469,36
200.197,0.37082963,0.032956547,67.1985332,35.9
200.21,0.37082963,0,67.19234469,36
200.222,0.371681133,0.032956547,67.19234469,36
200.235,0.371681133,0,67.19234469,36
200.248,0.371681133,0,67.19234469,36
200.261,0.37082963,0,67.1985332,35.9
200.273,0.37082963,0,67.19234469,36
200.286,0.371681133,0,67.1985332,35.9
200.299,0.37082963,0.032956547,67.19234469,36
200.311,0.371681133,0.032956547,67.1985332,35.9
200.324,0.37082963,0.032956547,67.19234469,36
200.337,0.37082963,0.032956547,67.1985332,35.9
200.35,0.37082963,0.032956547,67.19234469,36
200.362,0.37082963,0.032956547,67.1985332,35.9
200.375,0.37082963,0,67.19234469,36
200.388,0.37082963,0,67.19234469,36
200.4,0.37082963,0,67.19234469,36
200.413,0.37082963,0,67.19234469,36
200.426,0.37082963,0.032956547,67.19234469,36
200.438,0.37082963,0.032956547,67.19234469,36
200.451,0.371681133,0.032956547,67.1985332,35.9
200.464,0.37082963,0.032956547,67.19234469,36
200.477,0.371681133,0,67.16283233,35.9
200.489,0.37082963,0,67.15664382,36
200.502,0.371681133,0,67.1985332,35.9
200.515,0.37082963,0.032956547,67.15045531,36.1
200.527,0.371681133,0.032956547,67.16283233,35.9
200.54,0.37082963,0.032956547,67.15664382,36
200.553,0.371681133,0,67.16283233,35.9
200.565,0.371681133,0,67.19234469,36
200.578,0.371681133,0,67.16283233,35.9
200.591,0.371681133,0,67.19234469,36
200.604,0.371681133,0,67.19234469,36
200.616,0.37082963,0,67.19234469,36
200.629,0.37082963,0,67.19234469,36
200.642,0.37082963,0,67.1985332,35.9
200.654,0.37082963,0.032956547,67.19234469,36
200.667,0.37082963,0.032956547,67.1985332,35.9
200.68,0.37082963,0.032956547,67.19234469,36
200.693,0.37082963,0,67.1985332,35.9
200.705,0.37082963,0,67.19234469,36
200.718,0.371681133,0,67.1985332,35.9
200.731,0.371681133,0,67.18615619,36.1
200.743,0.37082963,0,67.1985332,35.9
200.756,0.37082963,0,67.15664382,36
200.769,0.371681133,0,67.16283233,35.9
200.781,0.371681133,0,67.19234469,36
200.794,0.371681133,0,67.1985332,35.9
200.807,0.371681133,0.032956547,67.19234469,36
200.82,0.371681133,0.032956547,67.19234469,36
200.832,0.371681133,0.032956547,67.1985332,35.9
200.845,0.371681133,0,67.19234469,36
200.858,0.371681133,0,67.1985332,35.9
200.87,0.37082963,0,67.15664382,36
200.883,0.371681133,0,67.16283233,35.9
200.896,0.37082963,0,67.15664382,36
200.908,0.37082963,0,67.1985332,35.9
200.921,0.37082963,0.032956547,67.19234469,36
200.934,0.37082963,0.032956547,67.1985332,35.9
200.947,0.37082963,0.032956547,67.19234469,36
200.959,0.371681133,0.032956547,67.1985332,35.9
200.972,0.37082963,0.032956547,67.19234469,36
200.985,0.37082963,0.032956547,67.19234469,36
200.997,0.37082963,0.032956547,67.19234469,36
201.01,0.37082963,0.032956547,67.19234469,36
201.023,0.371681133,0,67.1985332,35.9
201.035,0.371681133,0.032956547,67.19234469,36
201.048,0.37082963,0.032956547,67.1985332,35.9
201.061,0.37082963,0.032956547,67.19234469,36
201.074,0.371681133,0.032956547,67.1985332,35.9
201.086,0.37082963,0.032956547,67.15664382,36
201.099,0.371681133,0,67.16283233,35.9
201.112,0.37082963,0,67.19234469,36
201.124,0.371681133,0,67.1985332,35.9
201.137,0.371681133,0,67.19234469,36
201.15,0.371681133,0.032956547,67.1985332,35.9
201.163,0.371681133,0.032956547,67.19234469,36
201.175,0.371681133,0,67.1985332,35.9
201.188,0.37082963,0,67.19234469,36
201.201,0.37082963,0,67.19234469,36
201.213,0.37082963,0,67.1985332,35.9
201.226,0.37082963,0.032956547,67.15664382,36
201.239,0.37082963,0.032956547,67.16283233,35.9
201.251,0.37082963,0,67.15664382,36
201.264,0.371681133,0,67.16283233,35.9
201.277,0.371681133,0,67.18615619,36.1
201.29,0.371681133,0,67.1985332,35.9
201.302,0.371681133,0,67.18615619,36.1
201.315,0.37082963,0,67.1985332,35.9
201.328,0.37082963,0,67.19234469,36
201.34,0.371681133,0,67.1985332,35.9
201.353,0.371681133,0,67.19234469,36
201.366,0.37082963,0,67.1985332,35.9
201.379,0.37082963,0,67.19234469,36
201.391,0.37082963,0.032956547,67.19234469,36
201.404,0.371681133,0.032956547,67.19234469,36
201.417,0.371681133,0.032956547,67.19234469,36
201.429,0.371681133,0.032956547,67.1985332,35.9
201.442,0.371681133,0.032956547,67.19234469,36
201.455,0.371681133,0.032956547,67.1985332,35.9
201.467,0.371681133,0,67.19234469,36
201.48,0.371681133,0,67.16283233,35.9
201.493,0.371681133,0,67.18615619,36.1
201.506,0.371681133,0,67.16283233,35.9
201.518,0.37082963,0,67.15664382,36
201.531,0.37082963,0.032956547,67.16283233,35.9
201.544,0.37082963,0,67.15664382,36
201.556,0.371681133,0,67.1985332,35.9
201.569,0.371681133,0,67.19234469,36
201.582,0.371681133,0,67.1985332,35.9
201.594,0.371681133,0.032956547,67.19234469,36
201.607,0.37082963,0.032956547,67.16283233,35.9
201.62,0.37082963,0.032956547,67.1985332,35.9
201.633,0.37082963,0,67.19234469,36
201.645,0.37082963,0,67.1985332,35.9
201.658,0.37082963,0,67.19234469,36
201.671,0.37082963,0.032956547,67.1985332,35.9
201.683,0.37082963,0.032956547,67.19234469,36
201.696,0.37082963,0.032956547,67.1985332,35.9
201.709,0.371681133,0,67.19234469,36
201.721,0.371681133,0,67.16283233,35.9
201.734,0.371681133,0,67.15664382,36
201.747,0.371681133,0,67.1985332,35.9
201.76,0.37082963,0,67.19234469,36
201.772,0.371681133,0.032956547,67.1985332,35.9
201.785,0.37082963,0.032956547,67.19234469,36
201.798,0.371681133,0.032956547,67.16283233,35.9
201.81,0.37082963,0.032956547,67.15664382,36
201.823,0.37082963,0.032956547,67.16283233,35.9
201.836,0.37082963,0.032956547,67.1985332,35.9
201.849,0.37082963,0.032956547,67.15664382,36
201.861,0.37082963,0.032956547,67.16283233,35.9
201.874,0.37082963,0.032956547,67.15664382,36
201.887,0.37082963,0.032956547,67.1985332,35.9
201.899,0.371681133,0.032956547,67.15664382,36
201.912,0.37082963,0.032956547,67.16283233,35.9
201.925,0.371681133,0.032956547,67.15664382,36
201.937,0.371681133,0.032956547,67.16283233,35.9
201.95,0.371681133,0.032956547,67.15664382,36
201.963,0.371681133,0.032956547,67.16283233,35.9
201.976,0.371681133,0.032956547,67.19234469,36
201.988,0.37082963,0.032956547,67.1985332,35.9
202.001,0.37082963,0.032956547,67.15664382,36
202.014,0.37082963,0.032956547,67.16283233,35.9
202.026,0.37082963,0,67.15664382,36
202.039,0.37082963,0,67.16283233,35.9
202.052,0.37082963,0.032956547,67.15664382,36
202.065,0.37082963,0.032956547,67.15664382,36
202.077,0.37082963,0,67.15664382,36
202.09,0.371681133,0.032956547,67.15664382,36
202.103,0.37082963,0.032956547,67.16283233,35.9
202.115,0.37082963,0.032956547,67.15664382,36
202.128,0.37082963,0.032956547,67.16283233,35.9
202.141,0.371681133,0.032956547,67.15664382,36
202.153,0.371681133,0.032956547,67.16283233,35.9
202.166,0.371681133,0.032956547,67.15664382,36
202.179,0.371681133,0.032956547,67.16283233,35.9
202.192,0.371681133,0.032956547,67.15664382,36
202.204,0.371681133,0,67.16283233,35.9
202.217,0.37082963,0,67.15664382,36
202.23,0.37082963,0,67.16283233,35.9
202.242,0.371681133,0.032956547,67.15664382,36
202.255,0.371681133,0.032956547,67.1985332,35.9
202.268,0.371681133,0.032956547,67.19234469,36
202.28,0.371681133,0,67.16283233,35.9
202.293,0.37082963,0.032956547,67.15664382,36
202.306,0.371681133,0.032956547,67.16283233,35.9
202.319,0.371681133,0.032956547,67.15664382,36
202.331,0.371681133,0.032956547,67.16283233,35.9
202.344,0.37082963,0.032956547,67.15664382,36
202.357,0.37082963,0.032956547,67.15664382,36
202.369,0.37082963,0.032956547,67.15664382,36
202.382,0.37082963,0.032956547,67.15664382,36
202.395,0.37082963,0.032956547,67.16283233,35.9
202.408,0.37082963,0.032956547,67.15664382,36
202.42,0.37082963,0,67.16283233,35.9
202.433,0.37082963,0,67.15664382,36
202.446,0.371681133,0,67.16283233,35.9
202.458,0.371681133,0,67.15664382,36
202.471,0.37082963,0.032956547,67.16283233,35.9
202.484,0.37082963,0.032956547,67.15664382,36
202.496,0.37082963,0.032956547,67.16283233,35.9
202.509,0.371681133,0.032956547,67.15664382,36
202.522,0.371681133,0.032956547,67.1985332,35.9
202.535,0.37082963,0.032956547,67.19234469,36
202.547,0.371681133,0.032956547,67.1985332,35.9
202.56,0.371681133,0.032956547,67.15664382,36
202.573,0.371681133,0.032956547,67.16283233,35.9
202.585,0.37082963,0.032956547,67.15664382,36
202.598,0.37082963,0.032956547,67.16283233,35.9
202.611,0.37082963,0.032956547,67.15664382,36
202.623,0.37082963,0.032956547,67.16283233,35.9
202.636,0.37082963,0.032956547,67.15664382,36
202.649,0.371681133,0.032956547,67.15664382,36
202.662,0.371681133,0.032956547,67.19234469,36
202.674,0.371681133,0.032956547,67.19234469,36
202.687,0.371681133,0.032956547,67.19234469,36
202.7,0.371681133,0.032956547,67.19234469,36
202.712,0.371681133,0.032956547,67.15664382,36
202.725,0.37082963,0.032956547,67.15664382,36
202.738,0.37082963,0.032956547,67.15664382,36
202.75,0.37082963,0.032956547,67.15664382,36
202.763,0.371681133,0,67.15664382,36
202.776,0.371681133,0,67.15664382,36
202.789,0.37082963,0,67.15664382,36
202.801,0.37082963,0.032956547,67.19234469,36
202.814,0.37082963,0,67.1985332,35.9
202.827,0.371681133,0.032956547,67.15664382,36
202.839,0.37082963,0.032956547,67.15664382,36
202.852,0.37082963,0.032956547,67.15664382,36
202.865,0.37082963,0.032956547,67.15664382,36
202.878,0.37082963,0,67.15664382,36
202.89,0.37082963,0,67.15664382,36
202.903,0.371681133,0.032956547,67.15664382,36
202.916,0.371681133,0.032956547,67.16283233,35.9
202.928,0.37082963,0.032956547,67.15664382,36
202.941,0.37082963,0.032956547,67.15664382,36
202.954,0.37082963,0.032956547,67.15664382,36
202.966,0.371681133,0.032956547,67.15664382,36
202.979,0.371681133,0.032956547,67.15664382,36
202.992,0.371681133,0.032956547,67.16283233,35.9
203.005,0.371681133,0.032956547,67.19234469,36
203.017,0.371681133,0.032956547,67.16283233,35.9
203.03,0.371681133,0.032956547,67.15664382,36
203.043,0.371681133,0.032956547,67.16283233,35.9
203.055,0.371681133,0.032956547,67.19234469,36
203.068,0.371681133,0.032956547,67.16283233,35.9
203.081,0.371681133,0.032956547,67.15664382,36
203.094,0.371681133,0.032956547,67.16283233,35.9
203.106,0.37082963,0.032956547,67.15664382,36
203.119,0.371681133,0.032956547,67.15664382,36
203.132,0.371681133,0.032956547,67.15664382,36
203.144,0.371681133,0.032956547,67.15664382,36
203.157,0.37082963,0.032956547,67.15664382,36
203.17,0.37082963,0.032956547,67.15664382,36
203.182,0.37082963,0,67.15664382,36
203.195,0.37082963,0,67.15664382,36
203.208,0.37082963,0.032956547,67.15664382,36
203.221,0.37082963,0,67.15664382,36
203.233,0.371681133,0,67.15664382,36
203.246,0.371681133,0,67.15664382,36
203.259,0.371681133,0.032956547,67.15664382,36
203.271,0.371681133,0.032956547,67.15664382,36
203.284,0.37082963,0.032956547,67.16283233,35.9
203.297,0.37082963,0,67.19234469,36
203.309,0.37082963,0,67.1985332,35.9
203.322,0.371681133,0.032956547,67.19234469,36
203.335,0.37082963,0.032956547,67.19234469,36
203.348,0.37082963,0.032956547,67.15664382,36
203.36,0.371681133,0.032956547,67.16283233,35.9
203.373,0.371681133,0.032956547,67.19234469,36
203.386,0.371681133,0.032956547,67.16283233,35.9
203.398,0.371681133,0.032956547,67.15664382,36
203.411,0.371681133,0.032956547,67.16283233,35.9
203.424,0.371681133,0.032956547,67.15664382,36
203.436,0.37082963,0.032956547,67.15664382,36
203.449,0.371681133,0,67.15664382,36
203.462,0.371681133,0.032956547,67.16283233,35.9
203.475,0.371681133,0.032956547,67.15664382,36
203.487,0.371681133,0.032956547,67.1985332,35.9
203.5,0.371681133,0.032956547,67.15664382,36
203.513,0.37082963,0.032956547,67.16283233,35.9
203.525,0.371681133,0,67.15664382,36
203.538,0.37082963,0,67.15664382,36
203.551,0.371681133,0.032956547,67.15664382,36
203.564,0.37082963,0,67.15664382,36
203.576,0.37082963,0.032956547,67.16283233,35.9
203.589,0.37082963,0.032956547,67.15664382,36
203.602,0.37082963,0.032956547,67.16283233,35.9
203.614,0.37082963,0.032956547,67.15664382,36
203.627,0.37082963,0.032956547,67.15664382,36
203.64,0.37082963,0.032956547,67.15664382,36
203.652,0.371681133,0.032956547,67.15664382,36
203.665,0.371681133,0.032956547,67.15664382,36
203.678,0.371681133,0.032956547,67.16283233,35.9
203.691,0.37082963,0.032956547,67.15664382,36
203.703,0.37082963,0.032956547,67.16283233,35.9
203.716,0.37082963,0.032956547,67.15664382,36
203.729,0.371681133,0.032956547,67.15664382,36
203.741,0.371681133,0.032956547,67.15664382,36
203.754,0.371681133,0,67.15664382,36
203.767,0.371681133,0,67.15664382,36
203.78,0.371681133,0.032956547,67.15664382,36
203.792,0.371681133,0.032956547,67.15664382,36
203.805,0.37082963,0.032956547,67.15664382,36
203.818,0.371681133,0.032956547,67.15664382,36
203.83,0.37082963,0.032956547,67.15664382,36
203.843,0.37082963,0.032956547,67.15664382,36
203.856,0.37082963,0.032956547,67.15664382,36
203.868,0.371681133,0.032956547,67.16283233,35.9
203.881,0.37082963,0,67.15664382,36
203.894,0.37082963,0,67.16283233,35.9
203.907,0.37082963,0,67.15664382,36
203.919,0.37082963,0.032956547,67.15664382,36
203.932,0.37082963,0.032956547,67.15664382,36
203.945,0.37082963,0.032956547,67.15664382,36
203.957,0.371681133,0.032956547,67.15664382,36
203.97,0.371681133,0,67.15664382,36
203.983,0.37082963,0,67.15664382,36
203.995,0.37082963,0.032956547,67.15664382,36
204.008,0.37082963,0.032956547,67.15664382,36
204.021,0.37082963,0.032956547,67.15664382,36
204.034,0.371681133,0.032956547,67.15664382,36
204.046,0.371681133,0.032956547,67.15664382,36
204.059,0.371681133,0.032956547,67.15664382,36
204.072,0.37082963,0.032956547,67.15664382,36
204.084,0.371681133,0.032956547,67.16283233,35.9
204.097,0.37082963,0.032956547,67.15664382,36
204.11,0.37082963,0.032956547,67.16283233,35.9
204.122,0.37082963,0.032956547,67.15664382,36
204.135,0.37082963,0.032956547,67.15664382,36
204.148,0.37082963,0.032956547,67.15664382,36
204.161,0.37082963,0.032956547,67.16283233,35.9
204.173,0.37082963,0.032956547,67.15664382,36
204.186,0.37082963,0,67.16283233,35.9
204.199,0.37082963,0,67.15664382,36
204.211,0.37082963,0,67.15664382,36
204.224,0.37082963,0,67.15664382,36
204.237,0.37082963,0,67.15664382,36
204.25,0.371681133,0.032956547,67.15664382,36
204.262,0.371681133,0.032956547,67.15664382,36
204.275,0.371681133,0.032956547,67.15664382,36
204.288,0.37082963,0.032956547,67.15664382,36
204.3,0.371681133,0.032956547,67.16283233,35.9
204.313,0.37082963,0.032956547,67.15664382,36
204.326,0.37082963,0.032956547,67.16283233,35.9
204.338,0.371681133,0.032956547,67.15664382,36
204.351,0.371681133,0.032956547,67.16283233,35.9
204.364,0.371681133,0.032956547,67.15664382,36
204.377,0.37082963,0.032956547,67.16283233,35.9
204.389,0.37082963,0.032956547,67.15664382,36
204.402,0.37082963,0.032956547,67.16283233,35.9
204.415,0.37082963,0.032956547,67.15664382,36
204.427,0.371681133,0.032956547,67.16283233,35.9
204.44,0.371681133,0,67.15664382,36
204.453,0.371681133,0.032956547,67.16283233,35.9
204.465,0.371681133,0.032956547,67.15664382,36
204.478,0.371681133,0.032956547,67.16283233,35.9
204.491,0.371681133,0.032956547,67.15664382,36
204.504,0.371681133,0.032956547,67.15664382,36
204.516,0.37082963,0.032956547,67.15664382,36
204.529,0.37082963,0.032956547,67.15664382,36
204.542,0.37082963,0.032956547,67.15664382,36
204.554,0.37082963,0.032956547,67.15664382,36
204.567,0.37082963,0.032956547,67.16283233,35.9
204.58,0.37082963,0.032956547,67.15664382,36
204.593,0.37082963,0.032956547,67.16283233,35.9
204.605,0.37082963,0.032956547,67.15664382,36
204.618,0.371681133,0,67.16283233,35.9
204.631,0.37082963,0,67.15664382,36
204.643,0.371681133,0.032956547,67.15664382,36
204.656,0.37082963,0.032956547,67.15664382,36
204.669,0.37082963,0.032956547,67.16283233,35.9
204.681,0.37082963,0,67.15664382,36
204.694,0.37082963,0.032956547,67.16283233,35.9
204.707,0.37082963,0.032956547,67.15664382,36
204.72,0.371681133,0.032956547,67.15664382,36
204.732,0.371681133,0.032956547,67.15664382,36
204.745,0.371681133,0.032956547,67.15664382,36
204.758,0.371681133,0,67.15664382,36
204.77,0.37082963,0.032956547,67.15664382,36
204.783,0.37082963,0.032956547,67.16283233,35.9
204.796,0.37082963,0.032956547,67.15664382,36
204.809,0.37082963,0.032956547,67.16283233,35.9
204.821,0.37082963,0.032956547,67.15664382,36
204.834,0.37082963,0,67.15664382,36
204.847,0.37082963,0,67.15664382,36
204.859,0.37082963,0,67.16283233,35.9
204.872,0.37082963,0.032956547,67.15664382,36
204.885,0.371681133,0.032956547,67.16283233,35.9
204.897,0.371681133,0.032956547,67.15664382,36
204.91,0.371681133,0.032956547,67.15664382,36
204.923,0.371681133,0.032956547,67.15664382,36
204.936,0.37082963,0,67.15664382,36
204.948,0.37082963,0,67.15664382,36
204.961,0.37082963,0.032956547,67.15664382,36
204.974,0.37082963,0.032956547,67.15664382,36
204.986,0.37082963,0.032956547,67.15664382,36
204.999,0.371681133,0.032956547,67.16283233,35.9
205.012,0.371681133,0.032956547,67.15664382,36
205.024,0.371681133,0.032956547,67.16283233,35.9
205.037,0.37082963,0.032956547,67.15664382,36
205.05,0.37082963,0.032956547,67.16283233,35.9
205.063,0.37082963,0.032956547,67.15664382,36
205.075,0.371681133,0.032956547,67.16283233,35.9
205.088,0.37082963,0,67.15664382,36
205.101,0.37082963,0.032956547,67.16283233,35.9
205.113,0.371681133,0.032956547,67.15664382,36
205.126,0.371681133,0.032956547,67.16283233,35.9
205.139,0.37082963,0.032956547,67.15664382,36
205.151,0.37082963,0.032956547,67.16283233,35.9
205.164,0.371681133,0.032956547,67.25664382,35.9
205.177,0.371681133,0.032956547,67.16283233,35.9
205.19,0.371681133,0.032956547,67.25664382,35.9
205.202,0.37082963,0,67.15664382,36
205.215,0.37082963,0,67.15664382,36
205.228,0.37082963,0,67.15664382,36
205.24,0.371681133,0,67.26283233,35.8
205.253,0.37082963,0.032956547,67.15664382,36
205.266,0.371681133,0.032956547,67.16283233,35.9
205.279,0.37082963,0.032956547,67.15664382,36
205.291,0.371681133,0.032956547,67.26283233,35.8
205.304,0.37082963,0.032956547,67.15045531,36.1
205.317,0.37082963,0,67.26283233,35.8
205.329,0.37082963,0,67.15045531,36.1
205.342,0.37082963,0,67.26283233,35.8
205.355,0.37082963,0.032956547,67.15664382,36
205.367,0.37082963,0.032956547,67.16283233,35.9
205.38,0.371681133,0.032956547,67.15664382,36
205.393,0.371681133,0.032956547,67.26283233,35.8
205.406,0.371681133,0.032956547,67.25664382,35.9
205.418,0.37082963,0.032956547,67.25664382,35.9
205.431,0.37082963,0.032956547,67.25664382,35.9
205.444,0.37082963,0.032956547,67.25664382,35.9
205.456,0.37082963,0.032956547,67.26283233,35.8
205.469,0.37082963,0,67.25664382,35.9
205.482,0.37082963,0.032956547,67.26283233,35.8
205.494,0.37082963,0.032956547,67.25664382,35.9
205.507,0.371681133,0.032956547,67.26283233,35.8
205.52,0.37082963,0,67.25664382,35.9
205.533,0.371681133,0.032956547,67.26283233,35.8
205.545,0.37082963,0.032956547,67.25664382,35.9
205.558,0.371681133,0.032956547,67.26283233,35.8
205.571,0.371681133,0.032956547,67.25664382,35.9
205.583,0.371681133,0.032956547,67.25664382,35.9
205.596,0.371681133,0,67.25664382,35.9
205.609,0.37082963,0.032956547,67.25664382,35.9
205.622,0.371681133,0.032956547,67.25664382,35.9
205.634,0.371681133,0.032956547,67.25664382,35.9
205.647,0.371681133,0.032956547,67.26283233,35.8
205.66,0.37082963,0.032956547,67.25664382,35.9
205.672,0.37082963,0.032956547,67.26283233,35.8
205.685,0.37082963,0.032956547,67.25664382,35.9
205.698,0.371681133,0.032956547,67.26283233,35.8
205.71,0.371681133,0.032956547,67.25664382,35.9
205.723,0.371681133,0.032956547,67.26283233,35.8
205.736,0.37082963,0.032956547,67.25664382,35.9
205.749,0.37082963,0.032956547,67.26283233,35.8
205.761,0.37082963,0.032956547,67.25664382,35.9
205.774,0.37082963,0.032956547,67.26283233,35.8
205.787,0.37082963,0.032956547,67.25664382,35.9
205.799,0.37082963,0.032956547,67.25664382,35.9
205.812,0.37082963,0.032956547,67.25664382,35.9
205.825,0.371681133,0.032956547,67.25664382,35.9
205.837,0.371681133,0.032956547,67.26283233,35.8
205.85,0.37082963,0.032956547,67.25664382,35.9
205.863,0.37082963,0.032956547,67.26283233,35.8
205.876,0.37082963,0,67.25664382,35.9
205.888,0.371681133,0.032956547,67.26283233,35.8
205.901,0.37082963,0.032956547,67.25045531,36
205.914,0.37082963,0.032956547,67.26283233,35.8
205.926,0.37082963,0.032956547,67.25664382,35.9
205.939,0.371681133,0,67.26283233,35.8
205.952,0.37082963,0.032956547,67.25664382,35.9
205.965,0.37082963,0,67.26283233,35.8
205.977,0.371681133,0.032956547,67.25664382,35.9
205.99,0.371681133,0.032956547,67.25664382,35.9
206.003,0.37082963,0.032956547,67.25664382,35.9
206.015,0.37082963,0.032956547,67.25664382,35.9
206.028,0.37082963,0.032956547,67.26283233,35.8
206.041,0.37082963,0.032956547,67.25664382,35.9
206.053,0.37082963,0.032956547,67.26283233,35.8
206.066,0.371681133,0,67.25664382,35.9
206.079,0.371681133,0,67.26283233,35.8
206.092,0.371681133,0,67.25045531,36
206.104,0.371681133,0.032956547,67.26283233,35.8
206.117,0.371681133,0.032956547,67.25664382,35.9
206.13,0.37082963,0.032956547,67.26283233,35.8
206.142,0.37082963,0.032956547,67.25664382,35.9
206.155,0.37082963,0.032956547,67.26283233,35.8
206.168,0.371681133,0.032956547,67.25664382,35.9
206.18,0.371681133,0.032956547,67.26283233,35.8
206.193,0.37082963,0.032956547,67.25664382,35.9
206.206,0.37082963,0.032956547,67.25664382,35.9
206.219,0.37082963,0.032956547,67.25664382,35.9
206.231,0.371681133,0.032956547,67.25664382,35.9
206.244,0.37082963,0.032956547,67.26283233,35.8
206.257,0.37082963,0.032956547,67.25664382,35.9
206.269,0.37082963,0.032956547,67.26283233,35.8
206.282,0.37082963,0.032956547,67.25664382,35.9
206.295,0.37082963,0.032956547,67.26283233,35.8
206.308,0.37082963,0.032956547,67.25664382,35.9
206.32,0.37082963,0.032956547,67.26283233,35.8
206.333,0.37082963,0.032956547,67.25664382,35.9
206.346,0.37082963,0.032956547,67.26283233,35.8
206.358,0.37082963,0.032956547,67.25664382,35.9
206.371,0.371681133,0.032956547,67.26283233,35.8
206.384,0.371681133,0,67.25664382,35.9
206.396,0.371681133,0,67.25664382,35.9
206.409,0.371681133,0,67.25664382,35.9
206.422,0.371681133,0,67.25664382,35.9
206.435,0.371681133,0,67.25664382,35.9
206.447,0.371681133,0,67.25664382,35.9
206.46,0.371681133,0.032956547,67.26283233,35.8
206.473,0.371681133,0.032956547,67.25664382,35.9
206.485,0.371681133,0,67.26283233,35.8
206.498,0.371681133,0.032956547,67.25664382,35.9
206.511,0.37082963,0.032956547,67.26283233,35.8
206.523,0.37082963,0.032956547,67.25664382,35.9
206.536,0.371681133,0.032956547,67.26283233,35.8
206.549,0.371681133,0.032956547,67.25664382,35.9
206.562,0.37082963,0.032956547,67.26283233,35.8
206.574,0.37082963,0.032956547,67.25664382,35.9
206.587,0.37082963,0,67.25664382,35.9
206.6,0.37082963,0,67.25664382,35.9
206.612,0.371681133,0,67.25664382,35.9
206.625,0.371681133,0.032956547,67.26283233,35.8
206.638,0.37082963,0.032956547,67.25664382,35.9
206.651,0.37082963,0,67.26283233,35.8
206.663,0.37082963,0.032956547,67.25664382,35.9
206.676,0.37082963,0.032956547,67.26283233,35.8
206.689,0.37082963,0.032956547,67.25045531,36
206.701,0.371681133,0.032956547,67.26283233,35.8
206.714,0.37082963,0,67.25045531,36
206.727,0.37082963,0.032956547,67.26283233,35.8
206.739,0.37082963,0.032956547,67.25045531,36
206.752,0.371681133,0,67.26283233,35.8
206.765,0.37082963,0.032956547,67.25045531,36
206.778,0.37082963,0.032956547,67.26283233,35.8
206.79,0.37082963,0.032956547,67.25664382,35.9
206.803,0.37082963,0.032956547,67.26283233,35.8
206.816,0.37082963,0,67.25664382,35.9
206.828,0.37082963,0.032956547,67.25664382,35.9
206.841,0.37082963,0.032956547,67.26283233,35.8
206.854,0.37082963,0.032956547,67.25664382,35.9
206.866,0.37082963,0.032956547,67.26283233,35.8
206.879,0.37082963,0.032956547,67.25664382,35.9
206.892,0.37082963,0.032956547,67.26283233,35.8
206.905,0.37082963,0.032956547,67.25664382,35.9
206.917,0.371681133,0,67.26283233,35.8
206.93,0.371681133,0,67.25045531,36
206.943,0.371681133,0,67.26283233,35.8
206.955,0.371681133,0.032956547,67.25664382,35.9
206.968,0.371681133,0.032956547,67.26283233,35.8
206.981,0.37082963,0.032956547,67.25664382,35.9
206.994,0.37082963,0.032956547,67.26283233,35.8
207.006,0.37082963,0.032956547,67.25664382,35.9
207.019,0.371681133,0.032956547,67.26283233,35.8
207.032,0.37082963,0.032956547,67.26283233,35.8
207.044,0.37082963,0.032956547,67.25664382,35.9
207.057,0.37082963,0.032956547,67.26283233,35.8
207.07,0.371681133,0.032956547,67.25664382,35.9
207.082,0.37082963,0.032956547,67.26283233,35.8
207.095,0.37082963,0.032956547,67.25664382,35.9
207.108,0.37082963,0,67.26283233,35.8
207.121,0.37082963,0,67.25664382,35.9
207.133,0.37082963,0,67.26283233,35.8
207.146,0.37082963,0.032956547,67.25664382,35.9
207.159,0.371681133,0.032956547,67.26283233,35.8
207.171,0.371681133,0.032956547,67.25664382,35.9
207.184,0.371681133,0.032956547,67.25664382,35.9
207.197,0.37082963,0.032956547,67.25664382,35.9
207.209,0.371681133,0.032956547,67.25664382,35.9
207.222,0.371681133,0.032956547,67.26283233,35.8
207.235,0.371681133,0.032956547,67.25664382,35.9
207.248,0.371681133,0.032956547,67.26283233,35.8
207.26,0.371681133,0.032956547,67.25664382,35.9
207.273,0.37082963,0.032956547,67.26283233,35.8
207.286,0.371681133,0.032956547,67.25664382,35.9
207.298,0.371681133,0.032956547,67.26283233,35.8
207.311,0.37082963,0.032956547,67.25664382,35.9
207.324,0.37082963,0.032956547,67.26283233,35.8
207.337,0.37082963,0.032956547,67.25664382,35.9
207.349,0.37082963,0.032956547,67.26283233,35.8
207.362,0.37082963,0.032956547,67.25664382,35.9
207.375,0.371681133,0.032956547,67.26283233,35.8
207.387,0.37082963,0.032956547,67.25664382,35.9
207.4,0.371681133,0.032956547,67.2985332,35.8
207.413,0.371681133,0.032956547,67.26283233,35.8
207.425,0.37082963,0.032956547,67.25664382,35.9
207.438,0.37082963,0,67.26283233,35.8
207.451,0.37082963,0,67.25664382,35.9
207.464,0.37082963,0.032956547,67.26283233,35.8
207.476,0.37082963,0,67.25664382,35.9
207.489,0.37082963,0.032956547,67.26902083,35.7
207.502,0.37082963,0.032956547,67.25664382,35.9
207.514,0.37082963,0.032956547,67.26902083,35.7
207.527,0.37082963,0.032956547,67.25045531,36
207.54,0.37082963,0.032956547,67.26283233,35.8
207.552,0.371681133,0.032956547,67.25045531,36
207.565,0.371681133,0.032956547,67.26283233,35.8
207.578,0.371681133,0.032956547,67.25664382,35.9
207.591,0.371681133,0.032956547,67.26283233,35.8
207.603,0.371681133,0.032956547,67.25664382,35.9
207.616,0.371681133,0.032956547,67.26283233,35.8
207.629,0.371681133,0.032956547,67.25664382,35.9
207.641,0.371681133,0.032956547,67.25664382,35.9
207.654,0.371681133,0.032956547,67.26283233,35.8
207.667,0.37082963,0.032956547,67.25664382,35.9
207.68,0.37082963,0.032956547,67.26283233,35.8
207.692,0.37082963,0.032956547,67.25664382,35.9
207.705,0.37082963,0.032956547,67.26283233,35.8
207.718,0.37082963,0.032956547,67.25664382,35.9
207.73,0.371681133,0.032956547,67.26283233,35.8
207.743,0.371681133,0,67.25664382,35.9
207.756,0.371681133,0.032956547,67.26283233,35.8
207.768,0.37082963,0.032956547,67.25664382,35.9
207.781,0.37082963,0.032956547,67.26283233,35.8
207.794,0.371681133,0.032956547,67.25664382,35.9
207.807,0.371681133,0.032956547,67.26283233,35.8
207.819,0.371681133,0.032956547,67.25664382,35.9
207.832,0.371681133,0,67.25664382,35.9
207.845,0.371681133,0,67.25664382,35.9
207.857,0.37082963,0.032956547,67.25664382,35.9
207.87,0.37082963,0,67.25664382,35.9
207.883,0.37082963,0.032956547,67.25664382,35.9
207.895,0.37082963,0.032956547,67.26283233,35.8
207.908,0.371681133,0.032956547,67.25664382,35.9
207.921,0.371681133,0,67.26283233,35.8
207.934,0.37082963,0,67.25664382,35.9
207.946,0.371681133,0.032956547,67.26283233,35.8
207.959,0.371681133,0.032956547,67.25664382,35.9
207.972,0.371681133,0.032956547,67.26283233,35.8
207.984,0.371681133,0.032956547,67.25664382,35.9
207.997,0.371681133,0.032956547,67.26283233,35.8
208.01,0.371681133,0,67.25664382,35.9
208.023,0.371681133,0,67.26283233,35.8
208.035,0.371681133,0,67.25664382,35.9
208.048,0.371681133,0.032956547,67.26283233,35.8
208.061,0.37082963,0.032956547,67.25664382,35.9
208.073,0.371681133,0.032956547,67.26283233,35.8
208.086,0.37082963,0.032956547,67.25664382,35.9
208.099,0.371681133,0.032956547,67.25664382,35.9
208.111,0.37082963,0.032956547,67.26283233,35.8
208.124,0.37082963,0.032956547,67.25664382,35.9
208.137,0.37082963,0.032956547,67.25664382,35.9
208.15,0.37082963,0.032956547,67.25664382,35.9
208.162,0.37082963,0.032956547,67.26283233,35.8
208.175,0.37082963,0.032956547,67.25664382,35.9
208.188,0.37082963,0.032956547,67.26283233,35.8
208.2,0.37082963,0.032956547,67.25664382,35.9
208.213,0.37082963,0.032956547,67.25664382,35.9
208.226,0.37082963,0.032956547,67.25664382,35.9
208.238,0.371681133,0.032956547,67.25664382,35.9
208.251,0.37082963,0.032956547,67.25664382,35.9
208.264,0.37082963,0.032956547,67.26283233,35.8
208.277,0.37082963,0.032956547,67.25664382,35.9
208.289,0.37082963,0.032956547,67.26283233,35.8
208.302,0.37082963,0.032956547,67.25664382,35.9
208.315,0.371681133,0.032956547,67.25664382,35.9
208.327,0.37082963,0.032956547,67.25664382,35.9
208.34,0.37082963,0.032956547,67.25664382,35.9
208.353,0.37082963,0.032956547,67.25664382,35.9
208.366,0.37082963,0.032956547,67.25664382,35.9
208.378,0.37082963,0.032956547,67.26283233,35.8
208.391,0.371681133,0.032956547,67.25664382,35.9
208.404,0.371681133,0.032956547,67.25664382,35.9
208.416,0.371681133,0,67.25664382,35.9
208.429,0.371681133,0,67.25664382,35.9
208.442,0.37082963,0,67.25664382,35.9
208.454,0.37082963,0.032956547,67.26283233,35.8
208.467,0.371681133,0.032956547,67.25664382,35.9
208.48,0.371681133,0.032956547,67.26283233,35.8
208.493,0.371681133,0.032956547,67.25664382,35.9
208.505,0.371681133,0.032956547,67.26283233,35.8
208.518,0.37082963,0.032956547,67.25664382,35.9
208.531,0.37082963,0.032956547,67.25664382,35.9
208.543,0.37082963,0,67.25664382,35.9
208.556,0.37082963,0.032956547,67.26283233,35.8
208.569,0.371681133,0.032956547,67.25664382,35.9
208.581,0.371681133,0.032956547,67.26283233,35.8
208.594,0.371681133,0.032956547,67.25664382,35.9
208.607,0.37082963,0.032956547,67.25664382,35.9
208.62,0.37082963,0.032956547,67.25664382,35.9
208.632,0.371681133,0.032956547,67.25664382,35.9
208.645,0.371681133,0.032956547,67.25664382,35.9
208.658,0.371681133,0.032956547,67.26283233,35.8
208.67,0.371681133,0,67.26283233,35.8
208.683,0.371681133,0.032956547,67.25664382,35.9
208.696,0.37082963,0.032956547,67.25664382,35.9
208.709,0.37082963,0,67.25664382,35.9
208.721,0.371681133,0.032956547,67.25664382,35.9
208.734,0.371681133,0.032956547,67.25664382,35.9
208.747,0.37082963,0.032956547,67.26283233,35.8
208.759,0.37082963,0.032956547,67.25664382,35.9
208.772,0.37082963,0.032956547,67.26283233,35.8
208.785,0.37082963,0.032956547,67.25664382,35.9
208.797,0.371681133,0.032956547,67.26283233,35.8
208.81,0.37082963,0.032956547,67.25664382,35.9
208.823,0.37082963,0.032956547,67.25664382,35.9
208.836,0.37082963,0.032956547,67.25664382,35.9
208.848,0.37082963,0.032956547,67.26283233,35.8
208.861,0.371681133,0.032956547,67.25664382,35.9
208.874,0.371681133,0.032956547,67.26283233,35.8
208.886,0.371681133,0.032956547,67.25664382,35.9
208.899,0.371681133,0.032956547,67.25664382,35.9
208.912,0.37082963,0.032956547,67.25664382,35.9
208.924,0.37082963,0.032956547,67.25664382,35.9
208.937,0.371681133,0.032956547,67.25664382,35.9
208.95,0.371681133,0.032956547,67.25664382,35.9
208.963,0.371681133,0.032956547,67.25664382,35.9
208.975,0.37082963,0.032956547,67.26283233,35.8
208.988,0.37082963,0.032956547,67.25664382,35.9
209.001,0.37082963,0.032956547,67.25664382,35.9
209.013,0.37082963,0.032956547,67.25664382,35.9
209.026,0.37082963,0.032956547,67.25664382,35.9
209.039,0.37082963,0.032956547,67.25664382,35.9
209.052,0.371681133,0.032956547,67.26283233,35.8
209.064,0.371681133,0,67.25664382,35.9
209.077,0.37082963,0.032956547,67.25664382,35.9
209.09,0.37082963,0.032956547,67.25664382,35.9
209.102,0.37082963,0.032956547,67.25664382,35.9
209.115,0.37082963,0.032956547,67.25664382,35.9
209.128,0.37082963,0.032956547,67.25664382,35.9
209.14,0.37082963,0,67.25664382,35.9
209.153,0.371681133,0.032956547,67.25664382,35.9
209.166,0.37082963,0.032956547,67.25664382,35.9
209.179,0.371681133,0.032956547,67.25664382,35.9
209.191,0.371681133,0.032956547,67.25664382,35.9
209.204,0.371681133,0.032956547,67.25664382,35.9
209.217,0.37082963,0.032956547,67.25664382,35.9
209.229,0.37082963,0.032956547,67.25664382,35.9
209.242,0.37082963,0.032956547,67.25664382,35.9
209.255,0.37082963,0.032956547,67.25664382,35.9
209.267,0.37082963,0.032956547,67.26283233,35.8
209.28,0.37082963,0,67.25664382,35.9
209.293,0.371681133,0.032956547,67.26283233,35.8
209.306,0.371681133,0,67.25664382,35.9
209.318,0.371681133,0.032956547,67.26283233,35.8
209.331,0.37082963,0.032956547,67.25664382,35.9
209.344,0.37082963,0.032956547,67.26283233,35.8
209.356,0.37082963,0.032956547,67.25664382,35.9
209.369,0.37082963,0,67.26283233,35.8
209.382,0.37082963,0,67.25664382,35.9
209.395,0.37082963,0,67.26283233,35.8
209.407,0.37082963,0.032956547,67.25664382,35.9
209.42,0.371681133,0.032956547,67.26283233,35.8
209.433,0.371681133,0.032956547,67.25664382,35.9
209.445,0.371681133,0.032956547,67.26283233,35.8
209.458,0.37082963,0.032956547,67.25664382,35.9
209.471,0.37082963,0.032956547,67.26283233,35.8
209.483,0.371681133,0.032956547,67.25664382,35.9
209.496,0.37082963,0,67.25664382,35.9
209.509,0.371681133,0.032956547,67.25664382,35.9
209.522,0.371681133,0.032956547,67.25664382,35.9
209.534,0.371681133,0.032956547,67.25664382,35.9
209.547,0.37082963,0.032956547,67.25664382,35.9
209.56,0.371681133,0.032956547,67.26283233,35.8
209.572,0.37082963,0.032956547,67.25664382,35.9
209.585,0.371681133,0.032956547,67.26283233,35.8
209.598,0.37082963,0.032956547,67.25664382,35.9
209.61,0.37082963,0.032956547,67.26283233,35.8
209.623,0.37082963,0.032956547,67.25664382,35.9
209.636,0.37082963,0.032956547,67.26283233,35.8
209.649,0.37082963,0.032956547,67.25664382,35.9
209.661,0.37082963,0.032956547,67.26283233,35.8
209.674,0.37082963,0.032956547,67.25664382,35.9
209.687,0.371681133,0.032956547,67.26283233,35.8
209.699,0.371681133,0.032956547,67.25664382,35.9
209.712,0.371681133,0,67.26283233,35.8
209.725,0.371681133,0,67.25664382,35.9
209.738,0.37082963,0.032956547,67.26283233,35.8
209.75,0.37082963,0.032956547,67.25664382,35.9
209.763,0.37082963,0.032956547,67.26283233,35.8
209.776,0.37082963,0.032956547,67.25664382,35.9
209.788,0.37082963,0.032956547,67.25664382,35.9
209.801,0.37082963,0.032956547,67.25664382,35.9
209.814,0.37082963,0,67.25664382,35.9
209.826,0.37082963,0,67.26283233,35.8
209.839,0.37082963,0,67.26283233,35.8
209.852,0.371681133,0.032956547,67.26283233,35.8
209.865,0.371681133,0.032956547,67.25664382,35.9
209.877,0.371681133,0.032956547,67.25664382,35.9
209.89,0.37082963,0.032956547,67.25664382,35.9
209.903,0.37082963,0.032956547,67.25664382,35.9
209.915,0.37082963,0.032956547,67.25664382,35.9
209.928,0.37082963,0.032956547,67.25664382,35.9
209.941,0.37082963,0.032956547,67.25664382,35.9
209.953,0.37082963,0.032956547,67.26283233,35.8
209.966,0.37082963,0,67.25664382,35.9
209.979,0.371681133,0,67.25664382,35.9
209.992,0.371681133,0.032956547,67.25664382,35.9
210.004,0.37082963,0.032956547,67.25664382,35.9
210.017,0.37082963,0.032956547,67.25664382,35.9
210.03,0.37082963,0.032956547,67.25664382,35.9
210.042,0.37082963,0,67.25664382,35.9
210.055,0.37082963,0,67.25664382,35.9
210.068,0.37082963,0,67.23903174,35.8
210.081,0.37082963,0.032956547,67.25664382,35.9
210.093,0.37082963,0.032956547,67.25664382,35.9
210.106,0.37082963,0.032956547,67.25664382,35.9
210.119,0.371681133,0.032956547,67.26283233,35.8
210.131,0.37082963,0.032956547,67.25664382,35.9
210.144,0.37082963,0.032956547,67.26283233,35.8
210.157,0.37082963,0.032956547,67.25664382,35.9
210.169,0.37082963,0.032956547,67.25664382,35.9
210.182,0.37082963,0.032956547,67.25664382,35.9
210.195,0.37082963,0.032956547,67.25664382,35.9
210.208,0.37082963,0.032956547,67.25664382,35.9
210.22,0.371681133,0.032956547,67.25664382,35.9
210.233,0.37082963,0.032956547,67.25664382,35.9
210.246,0.37082963,0.032956547,67.25664382,35.9
210.258,0.371681133,0.032956547,67.25664382,35.9
210.271,0.371681133,0.032956547,67.25664382,35.9
210.284,0.371681133,0.032956547,67.26283233,35.8
210.296,0.37082963,0.032956547,67.25664382,35.9
210.309,0.37082963,0.032956547,67.26283233,35.8
210.322,0.37082963,0.032956547,67.25664382,35.9
210.335,0.37082963,0.032956547,67.26283233,35.8
210.347,0.37082963,0.032956547,67.25664382,35.9
210.36,0.371681133,0.032956547,67.26283233,35.8
210.373,0.37082963,0.032956547,67.25664382,35.9
210.385,0.37082963,0.032956547,67.26283233,35.8
210.398,0.37082963,0.032956547,67.25664382,35.9
210.411,0.37082963,0,67.26283233,35.8
210.423,0.371681133,0,67.25664382,35.9
210.436,0.371681133,0,67.26283233,35.8
210.449,0.371681133,0.032956547,67.25664382,35.9
210.462,0.37082963,0.032956547,67.26283233,35.8
210.474,0.37082963,0.032956547,67.25664382,35.9
210.487,0.37082963,0.032956547,67.25664382,35.9
210.5,0.37082963,0.032956547,67.25664382,35.9
210.512,0.37082963,0.032956547,67.25664382,35.9
210.525,0.37082963,0.032956547,67.26283233,35.8
210.538,0.37082963,0.032956547,67.25664382,35.9
210.551,0.37082963,0.032956547,67.26283233,35.8
210.563,0.37082963,0.032956547,67.25664382,35.9
210.576,0.37082963,0.032956547,67.26283233,35.8
210.589,0.371681133,0.032956547,67.25664382,35.9
210.601,0.371681133,0.032956547,67.26283233,35.8
210.614,0.37082963,0.032956547,67.25664382,35.9
210.627,0.37082963,0.032956547,67.26283233,35.8
210.639,0.37082963,0,67.25664382,35.9
210.652,0.37082963,0,67.26283233,35.8
210.665,0.37082963,0,67.25045531,36
210.678,0.37082963,0.032956547,67.26283233,35.8
210.69,0.37082963,0.032956547,67.25045531,36
210.703,0.371681133,0.032956547,67.26283233,35.8
210.716,0.371681133,0.032956547,67.25664382,35.9
210.728,0.371681133,0,67.26283233,35.8
210.741,0.37082963,0,67.25664382,35.9
210.754,0.37082963,0,67.25664382,35.9
210.767,0.37082963,0.032956547,67.25664382,35.9
210.779,0.37082963,0.032956547,67.25664382,35.9
210.792,0.37082963,0.032956547,67.26283233,35.8
210.805,0.37082963,0.032956547,67.25664382,35.9
210.817,0.37082963,0.032956547,67.26283233,35.8
210.83,0.37082963,0.032956547,67.25664382,35.9
210.843,0.37082963,0.032956547,67.23903174,35.8
210.855,0.37082963,0.032956547,67.25664382,35.9
210.868,0.37082963,0.032956547,67.26283233,35.8
210.881,0.371681133,0.032956547,67.23284324,35.9
210.894,0.371681133,0.032956547,67.26283233,35.8
210.906,0.371681133,0.032956547,67.25664382,35.9
210.919,0.371681133,0.032956547,67.26283233,35.8
210.932,0.371681133,0.032956547,67.25664382,35.9
210.944,0.371681133,0.032956547,67.25664382,35.9
210.957,0.37082963,0.032956547,67.25664382,35.9
210.97,0.37082963,0.032956547,67.25664382,35.9
210.982,0.37082963,0.032956547,67.25664382,35.9
210.995,0.37082963,0.032956547,67.25664382,35.9
211.008,0.37082963,0,67.26283233,35.8
211.021,0.371681133,0,67.25664382,35.9
211.033,0.371681133,0,67.26283233,35.8
211.046,0.37082963,0,67.23284324,35.9
211.059,0.37082963,0,67.26283233,35.8
211.071,0.37082963,0,67.25664382,35.9
211.084,0.37082963,0.032956547,67.26283233,35.8
211.097,0.37082963,0.032956547,67.25664382,35.9
211.109,0.371681133,0,67.26283233,35.8
211.122,0.37082963,0.032956547,67.25664382,35.9
211.135,0.371681133,0.032956547,67.26283233,35.8
211.148,0.37082963,0.032956547,67.25664382,35.9
211.16,0.37082963,0.032956547,67.23284324,35.9
211.173,0.37082963,0.032956547,67.25664382,35.9
211.186,0.371681133,0.032956547,67.25664382,35.9
211.198,0.371681133,0.032956547,67.26283233,35.8
211.211,0.37082963,0.032956547,67.25664382,35.9
211.224,0.37082963,0.032956547,67.26283233,35.8
211.237,0.37082963,0.032956547,67.25664382,35.9
211.249,0.371681133,0.032956547,67.26283233,35.8
211.262,0.37082963,0.032956547,67.25045531,36
211.275,0.37082963,0.032956547,67.26283233,35.8
211.287,0.37082963,0.032956547,67.25045531,36
211.3,0.37082963,0.032956547,67.26283233,35.8
211.313,0.37082963,0.032956547,67.25664382,35.9
211.325,0.37082963,0.032956547,67.26283233,35.8
211.338,0.37082963,0.032956547,67.25664382,35.9
211.351,0.37082963,0.032956547,67.26283233,35.8
211.364,0.37082963,0.032956547,67.25664382,35.9
211.376,0.37082963,0.032956547,67.25664382,35.9
211.389,0.37082963,0,67.25664382,35.9
211.402,0.37082963,0.032956547,67.25664382,35.9
211.414,0.371681133,0,67.26283233,35.8
211.427,0.37082963,0,67.25664382,35.9
211.44,0.37082963,0,67.26283233,35.8
211.453,0.37082963,0,67.25664382,35.9
211.465,0.37082963,0.032956547,67.26283233,35.8
211.478,0.371681133,0.032956547,67.25664382,35.9
211.491,0.37082963,0.032956547,67.26283233,35.8
211.503,0.37082963,0.032956547,67.25664382,35.9
211.516,0.371681133,0.032956547,67.26283233,35.8
211.529,0.371681133,0.032956547,67.25664382,35.9
211.541,0.37082963,0.032956547,67.25664382,35.9
211.554,0.37082963,0.032956547,67.25664382,35.9
211.567,0.37082963,0.032956547,67.25664382,35.9
211.58,0.37082963,0.032956547,67.23284324,35.9
211.592,0.37082963,0.032956547,67.36283233,35.7
211.605,0.371681133,0.032956547,67.26283233,35.8
211.618,0.371681133,0.032956547,67.35664382,35.8
211.63,0.371681133,0,67.25664382,35.9
211.643,0.37082963,0.032956547,67.35664382,35.8
211.656,0.37082963,0.032956547,67.26283233,35.8
211.668,0.371681133,0.032956547,67.35664382,35.8
211.681,0.371681133,0.032956547,67.36283233,35.7
211.694,0.371681133,0.032956547,67.35664382,35.8
211.707,0.37082963,0.032956547,67.36283233,35.7
211.719,0.37082963,0.032956547,67.35664382,35.8
211.732,0.371681133,0.032956547,67.36283233,35.7
211.745,0.371681133,0.032956547,67.35664382,35.8
211.757,0.371681133,0.032956547,67.35664382,35.8
211.77,0.371681133,0,67.35664382,35.8
211.783,0.37082963,0,67.25664382,35.9
211.796,0.37082963,0,67.26283233,35.8
211.808,0.37082963,0.032956547,67.25664382,35.9
211.821,0.371681133,0.032956547,67.26283233,35.8
211.834,0.37082963,0.032956547,67.25664382,35.9
211.846,0.371681133,0.032956547,67.26283233,35.8
211.859,0.37082963,0.032956547,67.25664382,35.9
211.872,0.37082963,0.032956547,67.26283233,35.8
211.884,0.37082963,0.032956547,67.35664382,35.8
211.897,0.371681133,0.032956547,67.36283233,35.7
211.91,0.371681133,0.032956547,67.35664382,35.8
211.923,0.371681133,0.032956547,67.36283233,35.7
211.935,0.371681133,0.032956547,67.35664382,35.8
211.948,0.371681133,0.032956547,67.35664382,35.8
211.961,0.371681133,0.032956547,67.35664382,35.8
211.973,0.371681133,0.032956547,67.35664382,35.8
211.986,0.37082963,0.032956547,67.36283233,35.7
211.999,0.37082963,0.032956547,67.35664382,35.8
212.011,0.37082963,0.032956547,67.36283233,35.7
212.024,0.37082963,0.032956547,67.35664382,35.8
212.037,0.37082963,0.032956547,67.36283233,35.7
212.05,0.37082963,0.032956547,67.25664382,35.9
212.062,0.37082963,0,67.36283233,35.7
212.075,0.37082963,0,67.35664382,35.8
212.088,0.371681133,0,67.36283233,35.7
212.1,0.371681133,0.032956547,67.25664382,35.9
212.113,0.372532637,0.032956547,67.36283233,35.7
212.126,0.372532637,0.032956547,67.35664382,35.8
212.138,0.371681133,0.032956547,67.3985332,35.7
212.151,0.371681133,0.032956547,67.35664382,35.8
212.164,0.371681133,0.032956547,67.35664382,35.8
212.177,0.371681133,0.032956547,67.35664382,35.8
212.189,0.37082963,0.032956547,67.35664382,35.8
212.202,0.37082963,0.032956547,67.36283233,35.7
212.215,0.37082963,0.032956547,67.35664382,35.8
212.227,0.37082963,0.032956547,67.36283233,35.7
212.24,0.37082963,0.032956547,67.35664382,35.8
212.253,0.37082963,0.032956547,67.36283233,35.7
212.266,0.37082963,0.032956547,67.35664382,35.8
212.278,0.371681133,0.032956547,67.36283233,35.7
212.291,0.371681133,0.032956547,67.35664382,35.8
212.304,0.371681133,0.032956547,67.36283233,35.7
212.316,0.371681133,0.032956547,67.35664382,35.8
212.329,0.371681133,0.032956547,67.36283233,35.7
212.342,0.371681133,0.032956547,67.35664382,35.8
212.354,0.371681133,0.032956547,67.36283233,35.7
212.367,0.37082963,0.032956547,67.35664382,35.8
212.38,0.37082963,0.032956547,67.36283233,35.7
212.393,0.37082963,0.032956547,67.35664382,35.8
212.405,0.37082963,0.032956547,67.35664382,35.8
212.418,0.37082963,0.032956547,67.35664382,35.8
212.431,0.37082963,0.032956547,67.35664382,35.8
212.443,0.37082963,0.032956547,67.36283233,35.7
212.456,0.37082963,0.032956547,67.35664382,35.8
212.469,0.37082963,0.032956547,67.36283233,35.7
212.482,0.37082963,0.032956547,67.35664382,35.8
212.494,0.371681133,0,67.36283233,35.7
212.507,0.371681133,0,67.35664382,35.8
212.52,0.37082963,0,67.36283233,35.7
212.532,0.37082963,0,67.35664382,35.8
212.545,0.37082963,0.032956547,67.35664382,35.8
212.558,0.37082963,0.032956547,67.35664382,35.8
212.57,0.371681133,0.032956547,67.35664382,35.8
212.583,0.371681133,0.032956547,67.36283233,35.7
212.596,0.37082963,0.032956547,67.35664382,35.8
212.609,0.37082963,0.032956547,67.36283233,35.7
212.621,0.37082963,0.032956547,67.35664382,35.8
212.634,0.371681133,0,67.36283233,35.7
212.647,0.371681133,0.032956547,67.35045531,35.9
212.659,0.371681133,0,67.36283233,35.7
212.672,0.371681133,0.032956547,67.35664382,35.8
212.685,0.37082963,0.032956547,67.36283233,35.7
212.697,0.37082963,0.032956547,67.35664382,35.8
212.71,0.371681133,0.032956547,67.36283233,35.7
212.723,0.37082963,0.032956547,67.35664382,35.8
212.736,0.371681133,0.032956547,67.36283233,35.7
212.748,0.37082963,0.032956547,67.35664382,35.8
212.761,0.37082963,0.032956547,67.36283233,35.7
212.774,0.37082963,0.032956547,67.35664382,35.8
212.786,0.37082963,0,67.35664382,35.8
212.799,0.37082963,0.032956547,67.36283233,35.7
212.812,0.37082963,0.032956547,67.35664382,35.8
212.824,0.37082963,0.032956547,67.36283233,35.7
212.837,0.37082963,0.032956547,67.35664382,35.8
212.85,0.37082963,0.032956547,67.36283233,35.7
212.863,0.37082963,0.032956547,67.35045531,35.9
212.875,0.37082963,0.032956547,67.36283233,35.7
212.888,0.371681133,0.032956547,67.35045531,35.9
212.901,0.371681133,0.032956547,67.36283233,35.7
212.913,0.371681133,0.032956547,67.35045531,35.9
212.926,0.371681133,0.032956547,67.36283233,35.7
212.939,0.371681133,0.032956547,67.35664382,35.8
212.952,0.371681133,0.032956547,67.36283233,35.7
212.964,0.371681133,0,67.35664382,35.8
212.977,0.371681133,0,67.36283233,35.7
212.99,0.37082963,0.032956547,67.36283233,35.7
213.002,0.37082963,0.032956547,67.35664382,35.8
213.015,0.37082963,0,67.36283233,35.7
213.028,0.37082963,0,67.35664382,35.8
213.04,0.37082963,0,67.36283233,35.7
213.053,0.37082963,0.032956547,67.35664382,35.8
213.066,0.371681133,0.032956547,67.36283233,35.7
213.079,0.37082963,0.032956547,67.35664382,35.8
213.091,0.37082963,0.032956547,67.36283233,35.7
213.104,0.37082963,0.032956547,67.35664382,35.8
213.117,0.37082963,0.032956547,67.36283233,35.7
213.129,0.37082963,0.032956547,67.35664382,35.8
213.142,0.37082963,0.032956547,67.36283233,35.7
213.155,0.37082963,0,67.35664382,35.8
213.168,0.37082963,0.032956547,67.35664382,35.8
213.18,0.37082963,0.032956547,67.36283233,35.7
213.193,0.37082963,0.032956547,67.35664382,35.8
213.206,0.37082963,0.032956547,67.36283233,35.7
213.218,0.37082963,0.032956547,67.35664382,35.8
213.231,0.37082963,0.032956547,67.36283233,35.7
213.244,0.37082963,0.032956547,67.35664382,35.8
213.256,0.371681133,0.032956547,67.36283233,35.7
213.269,0.371681133,0.032956547,67.35664382,35.8
213.282,0.371681133,0.032956547,67.36283233,35.7
213.295,0.37082963,0.032956547,67.35664382,35.8
213.307,0.371681133,0.032956547,67.36283233,35.7
213.32,0.371681133,0,67.35664382,35.8
213.333,0.371681133,0,67.36283233,35.7
213.345,0.371681133,0.032956547,67.35664382,35.8
213.358,0.371681133,0.032956547,67.35664382,35.8
213.371,0.371681133,0.032956547,67.36283233,35.7
213.383,0.371681133,0.032956547,67.35664382,35.8
213.396,0.37082963,0,67.36283233,35.7
213.409,0.37082963,0,67.35664382,35.8
213.422,0.371681133,0,67.36283233,35.7
213.434,0.371681133,0,67.35664382,35.8
213.447,0.37082963,0,67.36902083,35.6
213.46,0.37082963,0.032956547,67.35664382,35.8
213.472,0.37082963,0.032956547,67.36902083,35.6
213.485,0.371681133,0.032956547,67.35664382,35.8
213.498,0.371681133,0.032956547,67.36283233,35.7
213.51,0.37082963,0.032956547,67.35664382,35.8
213.523,0.37082963,0.032956547,67.36283233,35.7
213.536,0.37082963,0.032956547,67.35664382,35.8
213.549,0.371681133,0.032956547,67.36283233,35.7
213.561,0.37082963,0.032956547,67.35664382,35.8
213.574,0.37082963,0.032956547,67.36283233,35.7
213.587,0.371681133,0.032956547,67.35664382,35.8
213.599,0.371681133,0.032956547,67.35664382,35.8
213.612,0.371681133,0.032956547,67.35664382,35.8
213.625,0.371681133,0.032956547,67.35664382,35.8
213.638,0.37082963,0.032956547,67.36283233,35.7
213.65,0.37082963,0.032956547,67.35664382,35.8
213.663,0.37082963,0.032956547,67.36283233,35.7
213.676,0.37082963,0.032956547,67.35664382,35.8
213.688,0.37082963,0.032956547,67.36283233,35.7
213.701,0.371681133,0.032956547,67.35664382,35.8
213.714,0.371681133,0,67.36283233,35.7
213.726,0.371681133,0.032956547,67.35664382,35.8
213.739,0.37082963,0.032956547,67.36283233,35.7
213.752,0.371681133,0.032956547,67.35664382,35.8
213.765,0.371681133,0.032956547,67.36283233,35.7
213.777,0.37082963,0,67.35664382,35.8
213.79,0.371681133,0,67.36283233,35.7
213.803,0.37082963,0,67.35664382,35.8
213.815,0.371681133,0.032956547,67.36283233,35.7
213.828,0.371681133,0.032956547,67.35664382,35.8
213.841,0.37082963,0.032956547,67.36283233,35.7
213.853,0.37082963,0.032956547,67.36283233,35.7
213.866,0.37082963,0.032956547,67.35664382,35.8
213.879,0.37082963,0.032956547,67.35664382,35.8
213.892,0.37082963,0.032956547,67.35664382,35.8
213.904,0.37082963,0,67.36283233,35.7
213.917,0.37082963,0.032956547,67.35664382,35.8
213.93,0.37082963,0.032956547,67.36283233,35.7
213.942,0.37082963,0.032956547,67.35664382,35.8
213.955,0.37082963,0.032956547,67.36283233,35.7
213.968,0.37082963,0,67.35664382,35.8
213.981,0.37082963,0,67.36283233,35.7
213.993,0.37082963,0.032956547,67.35664382,35.8
214.006,0.37082963,0.032956547,67.36283233,35.7
214.019,0.37082963,0.032956547,67.35664382,35.8
214.031,0.37082963,0.032956547,67.36283233,35.7
214.044,0.37082963,0.032956547,67.35664382,35.8
214.057,0.37082963,0.032956547,67.36283233,35.7
214.069,0.371681133,0.032956547,67.35664382,35.8
214.082,0.371681133,0.032956547,67.36283233,35.7
214.095,0.37082963,0.032956547,67.35664382,35.8
214.108,0.371681133,0,67.35664382,35.8
214.12,0.37082963,0.032956547,67.35664382,35.8
214.133,0.37082963,0,67.36283233,35.7
214.146,0.37082963,0,67.36283233,35.7
214.158,0.371681133,0.032956547,67.35664382,35.8
214.171,0.37082963,0.032956547,67.35664382,35.8
214.184,0.37082963,0.032956547,67.35664382,35.8
214.197,0.37082963,0.032956547,67.35664382,35.8
214.209,0.371681133,0.032956547,67.35664382,35.8
214.222,0.371681133,0,67.36283233,35.7
214.235,0.371681133,0,67.36283233,35.7
214.247,0.37082963,0,67.36283233,35.7
214.26,0.37082963,0,67.35664382,35.8
214.273,0.37082963,0.032956547,67.35664382,35.8
214.285,0.371681133,0.032956547,67.35664382,35.8
214.298,0.371681133,0.032956547,67.35664382,35.8
214.311,0.37082963,0.032956547,67.35664382,35.8
214.324,0.37082963,0.032956547,67.36283233,35.7
214.336,0.37082963,0.032956547,67.35664382,35.8
214.349,0.371681133,0.032956547,67.35664382,35.8
214.362,0.37082963,0.032956547,67.35664382,35.8
214.374,0.371681133,0.032956547,67.35664382,35.8
214.387,0.371681133,0.032956547,67.35664382,35.8
214.4,0.371681133,0.032956547,67.35664382,35.8
214.412,0.37082963,0.032956547,67.36283233,35.7
214.425,0.37082963,0.032956547,67.35664382,35.8
214.438,0.37082963,0.032956547,67.36283233,35.7
214.451,0.37082963,0.032956547,67.35664382,35.8
214.463,0.37082963,0.032956547,67.35664382,35.8
214.476,0.37082963,0.032956547,67.35664382,35.8
214.489,0.371681133,0.032956547,67.35664382,35.8
214.501,0.371681133,0.032956547,67.35664382,35.8
214.514,0.37082963,0.032956547,67.36283233,35.7
214.527,0.37082963,0.032956547,67.36283233,35.7
214.539,0.37082963,0,67.35664382,35.8
214.552,0.371681133,0,67.35664382,35.8
214.565,0.37082963,0.032956547,67.35664382,35.8
214.578,0.37082963,0.032956547,67.35664382,35.8
214.59,0.37082963,0.032956547,67.35664382,35.8
214.603,0.37082963,0.032956547,67.36283233,35.7
214.616,0.371681133,0,67.36283233,35.7
214.628,0.371681133,0.032956547,67.36283233,35.7
214.641,0.371681133,0.032956547,67.35664382,35.8
214.654,0.371681133,0.032956547,67.35664382,35.8
214.667,0.371681133,0.032956547,67.35664382,35.8
214.679,0.37082963,0.032956547,67.35664382,35.8
214.692,0.371681133,0.032956547,67.35664382,35.8
214.705,0.371681133,0.032956547,67.35664382,35.8
214.717,0.371681133,0.032956547,67.35664382,35.8
214.73,0.37082963,0,67.36283233,35.7
214.743,0.371681133,0.032956547,67.35664382,35.8
214.755,0.37082963,0.032956547,67.35664382,35.8
214.768,0.37082963,0.032956547,67.35664382,35.8
214.781,0.37082963,0.032956547,67.35664382,35.8
214.794,0.37082963,0,67.35664382,35.8
214.806,0.37082963,0.032956547,67.35664382,35.8
214.819,0.37082963,0.032956547,67.33284324,35.8
214.832,0.37082963,0.032956547,67.36283233,35.7
214.844,0.371681133,0.032956547,67.35664382,35.8
214.857,0.371681133,0.032956547,67.35664382,35.8
214.87,0.371681133,0.032956547,67.35664382,35.8
214.882,0.37082963,0.032956547,67.35664382,35.8
214.895,0.37082963,0,67.35664382,35.8
214.908,0.37082963,0,67.35664382,35.8
214.921,0.371681133,0,67.36283233,35.7
214.933,0.371681133,0,67.35664382,35.8
214.946,0.37082963,0,67.35664382,35.8
214.959,0.37082963,0.032956547,67.35664382,35.8
214.971,0.37082963,0,67.35664382,35.8
214.984,0.37082963,0,67.35664382,35.8
214.997,0.37082963,0,67.35664382,35.8
215.01,0.37082963,0,67.35664382,35.8
215.022,0.37082963,0,67.35664382,35.8
215.035,0.371681133,0,67.35664382,35.8
215.048,0.371681133,0.032956547,67.35664382,35.8
215.06,0.371681133,0.032956547,67.35664382,35.8
215.073,0.37082963,0,67.35664382,35.8
215.086,0.37082963,0.032956547,67.35664382,35.8
215.098,0.37082963,0.032956547,67.35664382,35.8
215.111,0.371681133,0.032956547,67.35664382,35.8
215.124,0.37082963,0.032956547,67.35664382,35.8
215.137,0.37082963,0.032956547,67.35664382,35.8
215.149,0.37082963,0.032956547,67.35664382,35.8
215.162,0.37082963,0.032956547,67.35664382,35.8
215.175,0.37082963,0.032956547,67.35664382,35.8
215.187,0.37082963,0.032956547,67.35664382,35.8
215.2,0.37082963,0,67.35664382,35.8
215.213,0.37082963,0,67.35664382,35.8
215.225,0.371681133,0,67.35664382,35.8
215.238,0.371681133,0.032956547,67.35664382,35.8
215.251,0.371681133,0.032956547,67.35664382,35.8
215.264,0.37082963,0.032956547,67.35664382,35.8
215.276,0.37082963,0.032956547,67.35664382,35.8
215.289,0.37082963,0.032956547,67.35664382,35.8
215.302,0.371681133,0.032956547,67.35664382,35.8
215.314,0.371681133,0,67.35664382,35.8
215.327,0.371681133,0,67.36283233,35.7
215.34,0.371681133,0,67.35664382,35.8
215.353,0.371681133,0,67.35664382,35.8
215.365,0.371681133,0,67.35664382,35.8
215.378,0.371681133,0.032956547,67.36283233,35.7
215.391,0.37082963,0.032956547,67.35664382,35.8
215.403,0.37082963,0.032956547,67.36283233,35.7
215.416,0.37082963,0.032956547,67.35664382,35.8
215.429,0.371681133,0.032956547,67.36283233,35.7
215.441,0.371681133,0,67.35664382,35.8
215.454,0.371681133,0,67.35664382,35.8
215.467,0.371681133,0.032956547,67.35664382,35.8
215.48,0.371681133,0.032956547,67.35664382,35.8
215.492,0.371681133,0.032956547,67.35664382,35.8
215.505,0.371681133,0,67.35664382,35.8
215.518,0.371681133,0,67.35664382,35.8
215.53,0.371681133,0,67.35664382,35.8
215.543,0.371681133,0,67.36283233,35.7
215.556,0.371681133,0.032956547,67.35664382,35.8
215.568,0.371681133,0.032956547,67.36283233,35.7
215.581,0.371681133,0.032956547,67.35664382,35.8
215.594,0.371681133,0.032956547,67.36283233,35.7
215.607,0.371681133,0.032956547,67.35664382,35.8
215.619,0.371681133,0.032956547,67.36283233,35.7
215.632,0.371681133,0.032956547,67.35664382,35.8
215.645,0.371681133,0.032956547,67.36283233,35.7
215.657,0.371681133,0,67.35664382,35.8
215.67,0.371681133,0,67.36283233,35.7
215.683,0.37082963,0,67.35664382,35.8
215.696,0.37082963,0.032956547,67.36283233,35.7
215.708,0.37082963,0.032956547,67.35664382,35.8
215.721,0.37082963,0.032956547,67.36283233,35.7
215.734,0.371681133,0.032956547,67.35664382,35.8
215.746,0.371681133,0.032956547,67.35664382,35.8
215.759,0.371681133,0.032956547,67.35664382,35.8
215.772,0.371681133,0,67.35664382,35.8
215.784,0.371681133,0.032956547,67.36283233,35.7
215.797,0.37082963,0,67.35664382,35.8
215.81,0.37082963,0,67.36283233,35.7
215.823,0.37082963,0,67.35664382,35.8
215.835,0.37082963,0.032956547,67.36283233,35.7
215.848,0.37082963,0.032956547,67.35664382,35.8
215.861,0.37082963,0.032956547,67.36283233,35.7
215.873,0.37082963,0.032956547,67.35664382,35.8
215.886,0.371681133,0.032956547,67.36283233,35.7
215.899,0.371681133,0,67.35664382,35.8
215.911,0.371681133,0.032956547,67.36283233,35.7
215.924,0.371681133,0.032956547,67.35664382,35.8
215.937,0.37082963,0.032956547,67.36283233,35.7
215.95,0.37082963,0.032956547,67.35664382,35.8
215.962,0.37082963,0,67.35664382,35.8
215.975,0.37082963,0.032956547,67.35664382,35.8
215.988,0.37082963,0.032956547,67.36283233,35.7
216,0.371681133,0.032956547,67.35664382,35.8
216.013,0.371681133,0.032956547,67.36283233,35.7
216.026,0.371681133,0,67.35664382,35.8
216.039,0.371681133,0,67.35664382,35.8
216.051,0.371681133,0.032956547,67.35664382,35.8
216.064,0.37082963,0.032956547,67.35664382,35.8
216.077,0.371681133,0.032956547,67.36283233,35.7
216.089,0.371681133,0.032956547,67.33284324,35.8
216.102,0.371681133,0,67.36283233,35.7
216.115,0.371681133,0,67.35664382,35.8
216.127,0.371681133,0,67.36283233,35.7
216.14,0.371681133,0,67.35664382,35.8
216.153,0.371681133,0.032956547,67.35664382,35.8
216.166,0.371681133,0.032956547,67.35664382,35.8
216.178,0.371681133,0,67.35664382,35.8
216.191,0.371681133,0.032956547,67.35664382,35.8
216.204,0.371681133,0.032956547,67.35664382,35.8
216.216,0.371681133,0.032956547,67.35664382,35.8
216.229,0.37082963,0.032956547,67.35664382,35.8
216.242,0.37082963,0.032956547,67.35664382,35.8
216.254,0.37082963,0.032956547,67.35664382,35.8
216.267,0.371681133,0.032956547,67.36283233,35.7
216.28,0.371681133,0.032956547,67.35664382,35.8
216.293,0.37082963,0.032956547,67.36283233,35.7
216.305,0.37082963,0,67.35664382,35.8
216.318,0.37082963,0,67.36283233,35.7
216.331,0.37082963,0.032956547,67.35664382,35.8
216.343,0.37082963,0.032956547,67.36283233,35.7
216.356,0.37082963,0.032956547,67.35664382,35.8
216.369,0.37082963,0.032956547,67.36283233,35.7
216.382,0.37082963,0.032956547,67.35664382,35.8
216.394,0.37082963,0,67.36283233,35.7
216.407,0.37082963,0,67.35664382,35.8
216.42,0.37082963,0,67.35664382,35.8
216.432,0.37082963,0,67.35664382,35.8
216.445,0.37082963,0,67.35664382,35.8
216.458,0.371681133,0.032956547,67.35664382,35.8
216.47,0.371681133,0.032956547,67.35664382,35.8
216.483,0.371681133,0.032956547,67.36283233,35.7
216.496,0.371681133,0.032956547,67.35664382,35.8
216.509,0.371681133,0,67.36283233,35.7
216.521,0.37082963,0.032956547,67.35664382,35.8
216.534,0.37082963,0.032956547,67.33903174,35.7
216.547,0.37082963,0.032956547,67.35664382,35.8
216.559,0.37082963,0.032956547,67.36283233,35.7
216.572,0.37082963,0.032956547,67.35664382,35.8
216.585,0.37082963,0.032956547,67.36283233,35.7
216.597,0.37082963,0.032956547,67.35664382,35.8
216.61,0.371681133,0,67.36283233,35.7
216.623,0.37082963,0.032956547,67.35664382,35.8
216.636,0.37082963,0,67.36283233,35.7
216.648,0.37082963,0,67.35664382,35.8
216.661,0.37082963,0,67.36283233,35.7
216.674,0.37082963,0.032956547,67.35664382,35.8
216.686,0.37082963,0.032956547,67.36283233,35.7
216.699,0.37082963,0.032956547,67.35664382,35.8
216.712,0.37082963,0.032956547,67.36283233,35.7
216.725,0.37082963,0.032956547,67.36283233,35.7
216.737,0.37082963,0.032956547,67.35664382,35.8
216.75,0.371681133,0.032956547,67.36283233,35.7
216.763,0.371681133,0.032956547,67.35664382,35.8
216.775,0.371681133,0.032956547,67.36283233,35.7
216.788,0.37082963,0.032956547,67.35664382,35.8
216.801,0.371681133,0.032956547,67.36283233,35.7
216.813,0.372532637,0.032956547,67.35664382,35.8
216.826,0.372532637,0.032956547,67.36283233,35.7
216.839,0.371681133,0.032956547,67.35664382,35.8
216.852,0.371681133,0.032956547,67.36283233,35.7
216.864,0.371681133,0,67.35664382,35.8
216.877,0.371681133,0,67.36283233,35.7
216.89,0.371681133,0,67.35664382,35.8
216.902,0.371681133,0,67.35664382,35.8
216.915,0.37082963,0.032956547,67.35664382,35.8
216.928,0.371681133,0.032956547,67.35664382,35.8
216.94,0.37082963,0.032956547,67.35664382,35.8
216.953,0.37082963,0,67.35664382,35.8
216.966,0.37082963,0,67.36283233,35.7
216.979,0.37082963,0,67.35664382,35.8
216.991,0.371681133,0.032956547,67.36283233,35.7
217.004,0.37082963,0.032956547,67.35664382,35.8
217.017,0.371681133,0.032956547,67.36283233,35.7
217.029,0.37082963,0,67.35664382,35.8
217.042,0.37082963,0,67.35664382,35.8
217.055,0.37082963,0,67.35664382,35.8
217.068,0.37082963,0.032956547,67.36283233,35.7
217.08,0.37082963,0.032956547,67.35664382,35.8
217.093,0.37082963,0.032956547,67.35664382,35.8
217.106,0.37082963,0.032956547,67.35664382,35.8
217.118,0.37082963,0.032956547,67.35664382,35.8
217.131,0.37082963,0.032956547,67.36283233,35.7
217.144,0.37082963,0.032956547,67.35664382,35.8
217.156,0.371681133,0.032956547,67.36283233,35.7
217.169,0.371681133,0.032956547,67.35664382,35.8
217.182,0.371681133,0,67.36283233,35.7
217.195,0.37082963,0,67.35664382,35.8
217.207,0.371681133,0,67.36283233,35.7
217.22,0.37082963,0.032956547,67.35664382,35.8
217.233,0.37082963,0.032956547,67.36283233,35.7
217.245,0.37082963,0.032956547,67.35664382,35.8
217.258,0.371681133,0.032956547,67.36283233,35.7
217.271,0.371681133,0,67.35664382,35.8
217.283,0.371681133,0,67.36283233,35.7
217.296,0.37082963,0.032956547,67.35664382,35.8
217.309,0.37082963,0.032956547,67.35664382,35.8
217.322,0.37082963,0.032956547,67.35664382,35.8
217.334,0.37082963,0.032956547,67.35664382,35.8
217.347,0.37082963,0.032956547,67.36283233,35.7
217.36,0.37082963,0.032956547,67.35664382,35.8
217.372,0.37082963,0.032956547,67.36283233,35.7
217.385,0.37082963,0,67.35664382,35.8
217.398,0.37082963,0,67.36283233,35.7
217.411,0.37082963,0.032956547,67.35045531,35.9
217.423,0.37082963,0.032956547,67.33903174,35.7
217.436,0.37082963,0.032956547,67.32665473,35.9
217.449,0.37082963,0.032956547,67.36283233,35.7
217.461,0.37082963,0.032956547,67.35664382,35.8
217.474,0.371681133,0.032956547,67.36283233,35.7
217.487,0.371681133,0.032956547,67.35664382,35.8
217.499,0.371681133,0.032956547,67.36283233,35.7
217.512,0.37082963,0.032956547,67.35664382,35.8
217.525,0.371681133,0.032956547,67.35664382,35.8
217.538,0.371681133,0.032956547,67.35664382,35.8
217.55,0.37082963,0,67.35664382,35.8
217.563,0.37082963,0.032956547,67.36283233,35.7
217.576,0.371681133,0.032956547,67.35664382,35.8
217.588,0.371681133,0.032956547,67.36283233,35.7
217.601,0.371681133,0.032956547,67.35664382,35.8
217.614,0.37082963,0.032956547,67.36283233,35.7
217.626,0.37082963,0.032956547,67.35664382,35.8
217.639,0.37082963,0.032956547,67.36283233,35.7
217.652,0.37082963,0.032956547,67.35664382,35.8
217.665,0.37082963,0.032956547,67.36283233,35.7
217.677,0.37082963,0.032956547,67.35664382,35.8
217.69,0.37082963,0,67.36283233,35.7
217.703,0.37082963,0,67.35664382,35.8
217.715,0.37082963,0,67.35664382,35.8
217.728,0.37082963,0,67.36283233,35.7
217.741,0.371681133,0.032956547,67.35664382,35.8
217.754,0.371681133,0.032956547,67.36283233,35.7
217.766,0.371681133,0.032956547,67.35664382,35.8
217.779,0.371681133,0.032956547,67.36283233,35.7
217.792,0.371681133,0.032956547,67.35664382,35.8
217.804,0.371681133,0.032956547,67.36283233,35.7
217.817,0.37082963,0.032956547,67.35664382,35.8
217.83,0.371681133,0.032956547,67.36283233,35.7
217.842,0.371681133,0.032956547,67.35664382,35.8
217.855,0.371681133,0.032956547,67.36283233,35.7
217.868,0.37082963,0.032956547,67.35664382,35.8
217.881,0.37082963,0.032956547,67.36283233,35.7
217.893,0.37082963,0.032956547,67.35664382,35.8
217.906,0.37082963,0,67.35664382,35.8
217.919,0.37082963,0,67.36283233,35.7
217.931,0.37082963,0,67.35664382,35.8
217.944,0.37082963,0.032956547,67.33903174,35.7
217.957,0.37082963,0.032956547,67.35664382,35.8
217.969,0.37082963,0.032956547,67.36283233,35.7
217.982,0.37082963,0,67.35664382,35.8
217.995,0.37082963,0.032956547,67.36283233,35.7
218.008,0.37082963,0.032956547,67.35045531,35.9
218.02,0.371681133,0.032956547,67.36283233,35.7
218.033,0.371681133,0.032956547,67.35664382,35.8
218.046,0.371681133,0.032956547,67.36283233,35.7
218.058,0.37082963,0.032956547,67.35664382,35.8
218.071,0.37082963,0.032956547,67.36283233,35.7
218.084,0.37082963,0.032956547,67.35664382,35.8
218.097,0.371681133,0.032956547,67.36283233,35.7
218.109,0.371681133,0.032956547,67.35664382,35.8
218.122,0.37082963,0.032956547,67.35664382,35.8
218.135,0.37082963,0.032956547,67.36283233,35.7
218.147,0.37082963,0.032956547,67.35664382,35.8
218.16,0.37082963,0,67.36283233,35.7
218.173,0.37082963,0.032956547,67.35664382,35.8
218.185,0.371681133,0.032956547,67.36283233,35.7
218.198,0.371681133,0.032956547,67.35664382,35.8
218.211,0.371681133,0.032956547,67.36283233,35.7
218.224,0.37082963,0.032956547,67.35664382,35.8
218.236,0.371681133,0.032956547,67.36283233,35.7
218.249,0.371681133,0.032956547,67.35664382,35.8
218.262,0.37082963,0,67.36283233,35.7
218.274,0.37082963,0.032956547,67.35664382,35.8
218.287,0.37082963,0.032956547,67.36283233,35.7
218.3,0.37082963,0.032956547,67.35664382,35.8
218.312,0.37082963,0,67.36283233,35.7
218.325,0.37082963,0,67.36283233,35.7
218.338,0.37082963,0.032956547,67.35664382,35.8
218.351,0.37082963,0.032956547,67.36283233,35.7
218.363,0.37082963,0.032956547,67.35664382,35.8
218.376,0.37082963,0.032956547,67.36283233,35.7
218.389,0.37082963,0.032956547,67.35664382,35.8
218.401,0.37082963,0.032956547,67.36283233,35.7
218.414,0.371681133,0.032956547,67.35664382,35.8
218.427,0.371681133,0.032956547,67.36283233,35.7
218.44,0.37082963,0.032956547,67.35664382,35.8
218.452,0.37082963,0,67.36283233,35.7
218.465,0.371681133,0,67.35664382,35.8
218.478,0.371681133,0.032956547,67.36283233,35.7
218.49,0.371681133,0.032956547,67.35664382,35.8
218.503,0.37082963,0.032956547,67.33284324,35.8
218.516,0.37082963,0.032956547,67.33903174,35.7
218.528,0.37082963,0.032956547,67.35664382,35.8
218.541,0.37082963,0.032956547,67.36283233,35.7
218.554,0.37082963,0.032956547,67.35664382,35.8
218.567,0.371681133,0.032956547,67.36283233,35.7
218.579,0.37082963,0.032956547,67.35664382,35.8
218.592,0.37082963,0.032956547,67.36283233,35.7
218.605,0.37082963,0.032956547,67.35664382,35.8
218.617,0.371681133,0.032956547,67.36283233,35.7
218.63,0.37082963,0.032956547,67.35664382,35.8
218.643,0.37082963,0.032956547,67.33903174,35.7
218.655,0.37082963,0.032956547,67.35664382,35.8
218.668,0.37082963,0.032956547,67.36283233,35.7
218.681,0.37082963,0.032956547,67.35664382,35.8
218.694,0.37082963,0.032956547,67.35664382,35.8
218.706,0.37082963,0.032956547,67.36283233,35.7
218.719,0.37082963,0.032956547,67.35664382,35.8
218.732,0.37082963,0.032956547,67.43903174,35.6
218.744,0.37082963,0.032956547,67.35664382,35.8
218.757,0.37082963,0,67.46283233,35.6
218.77,0.37082963,0,67.35045531,35.9
218.783,0.37082963,0.032956547,67.46283233,35.6
218.795,0.37082963,0.032956547,67.35045531,35.9
218.808,0.37082963,0.032956547,67.36902083,35.6
218.821,0.37082963,0.032956547,67.35664382,35.8
218.833,0.371681133,0,67.36902083,35.6
218.846,0.37082963,0,67.35664382,35.8
218.859,0.37082963,0.032956547,67.36283233,35.7
218.871,0.37082963,0.032956547,67.35664382,35.8
218.884,0.371681133,0.032956547,67.36283233,35.7
218.897,0.37082963,0.032956547,67.35664382,35.8
218.91,0.37082963,0.032956547,67.36283233,35.7
218.922,0.371681133,0.032956547,67.36283233,35.7
218.935,0.37082963,0.032956547,67.33284324,35.8
218.948,0.37082963,0.032956547,67.36283233,35.7
218.96,0.37082963,0.032956547,67.35664382,35.8
218.973,0.37082963,0.032956547,67.36283233,35.7
218.986,0.37082963,0.032956547,67.35664382,35.8
218.998,0.37082963,0.032956547,67.36283233,35.7
219.011,0.37082963,0.032956547,67.35664382,35.8
219.024,0.371681133,0.032956547,67.36283233,35.7
219.037,0.37082963,0.032956547,67.33284324,35.8
219.049,0.371681133,0.032956547,67.36283233,35.7
219.062,0.371681133,0.032956547,67.35664382,35.8
219.075,0.371681133,0.032956547,67.46283233,35.6
219.087,0.37082963,0.032956547,67.45664382,35.7
219.1,0.37082963,0.032956547,67.36283233,35.7
219.113,0.37082963,0.032956547,67.36283233,35.7
219.126,0.37082963,0.032956547,67.36283233,35.7
219.138,0.37082963,0.032956547,67.36283233,35.7
219.151,0.37082963,0.032956547,67.35664382,35.8
219.164,0.37082963,0.032956547,67.36283233,35.7
219.176,0.37082963,0.032956547,67.45664382,35.7
219.189,0.37082963,0.032956547,67.33903174,35.7
219.202,0.37082963,0.032956547,67.43284324,35.7
219.214,0.37082963,0.032956547,67.36283233,35.7
219.227,0.37082963,0.032956547,67.35664382,35.8
219.24,0.37082963,0.032956547,67.36283233,35.7
219.253,0.37082963,0.032956547,67.35664382,35.8
219.265,0.37082963,0.032956547,67.36283233,35.7
219.278,0.37082963,0,67.45664382,35.7
219.291,0.371681133,0.032956547,67.36283233,35.7
219.303,0.371681133,0.032956547,67.45664382,35.7
219.316,0.371681133,0.032956547,67.46283233,35.6
219.329,0.37082963,0.032956547,67.46283233,35.6
219.341,0.371681133,0.032956547,67.45664382,35.7
219.354,0.37082963,0.032956547,67.46283233,35.6
219.367,0.37082963,0.032956547,67.43284324,35.7
219.38,0.371681133,0.032956547,67.43903174,35.6
219.392,0.37082963,0.032956547,67.43284324,35.7
219.405,0.37082963,0.032956547,67.46283233,35.6
219.418,0.37082963,0.032956547,67.43284324,35.7
219.43,0.37082963,0.032956547,67.46283233,35.6
219.443,0.371681133,0.032956547,67.45664382,35.7
219.456,0.371681133,0.032956547,67.46283233,35.6
219.469,0.371681133,0.032956547,67.45664382,35.7
219.481,0.371681133,0.032956547,67.46283233,35.6
219.494,0.371681133,0.032956547,67.45664382,35.7
219.507,0.371681133,0.032956547,67.36283233,35.7
219.519,0.371681133,0.032956547,67.45664382,35.7
219.532,0.371681133,0.032956547,67.36283233,35.7
219.545,0.371681133,0,67.45664382,35.7
219.557,0.371681133,0.032956547,67.35664382,35.8
219.57,0.371681133,0.032956547,67.45664382,35.7
219.583,0.371681133,0.032956547,67.46283233,35.6
219.596,0.37082963,0.032956547,67.46283233,35.6
219.608,0.37082963,0.032956547,67.45664382,35.7
219.621,0.37082963,0.032956547,67.46283233,35.6
219.634,0.371681133,0.032956547,67.45664382,35.7
219.646,0.37082963,0.032956547,67.46283233,35.6
219.659,0.371681133,0.032956547,67.45664382,35.7
219.672,0.371681133,0.032956547,67.46283233,35.6
219.684,0.371681133,0.032956547,67.45664382,35.7
219.697,0.371681133,0.032956547,67.46283233,35.6
219.71,0.37082963,0.032956547,67.45664382,35.7
219.723,0.37082963,0.032956547,67.46283233,35.6
219.735,0.37082963,0.032956547,67.45664382,35.7
219.748,0.371681133,0.032956547,67.43903174,35.6
219.761,0.371681133,0.032956547,67.43284324,35.7
219.773,0.371681133,0.032956547,67.46283233,35.6
219.786,0.371681133,0.032956547,67.45664382,35.7
219.799,0.371681133,0.032956547,67.46283233,35.6
219.811,0.37082963,0.032956547,67.45664382,35.7
219.824,0.37082963,0.032956547,67.46283233,35.6
219.837,0.37082963,0.032956547,67.45664382,35.7
219.85,0.37082963,0.032956547,67.45664382,35.7
219.862,0.37082963,0.032956547,67.43284324,35.7
219.875,0.371681133,0.032956547,67.46283233,35.6
219.888,0.37082963,0.032956547,67.46283233,35.6
219.9,0.371681133,0.032956547,67.43903174,35.6
219.913,0.37082963,0.032956547,67.43903174,35.6
219.926,0.37082963,0.032956547,67.43284324,35.7
219.939,0.37082963,0.032956547,67.45664382,35.7
219.951,0.37082963,0.032956547,67.45664382,35.7
219.964,0.37082963,0,67.46283233,35.6
219.977,0.37082963,0,67.45664382,35.7
219.989,0.37082963,0,67.46283233,35.6
220.002,0.37082963,0.032956547,67.45664382,35.7
220.015,0.37082963,0.032956547,67.46283233,35.6
220.027,0.37082963,0.032956547,67.43284324,35.7
220.04,0.37082963,0.032956547,67.46283233,35.6
220.053,0.37082963,0.032956547,67.45664382,35.7
220.066,0.37082963,0.032956547,67.46283233,35.6
220.078,0.371681133,0,67.45664382,35.7
220.091,0.371681133,0,67.46283233,35.6
220.104,0.371681133,0.032956547,67.43284324,35.7
220.116,0.371681133,0.032956547,67.43903174,35.6
220.129,0.37082963,0.032956547,67.43284324,35.7
220.142,0.37082963,0.032956547,67.46283233,35.6
220.155,0.37082963,0.032956547,67.45664382,35.7
220.167,0.371681133,0.032956547,67.45664382,35.7
220.18,0.37082963,0.032956547,67.45664382,35.7
220.193,0.37082963,0.032956547,67.43903174,35.6
220.205,0.37082963,0.032956547,67.43284324,35.7
220.218,0.371681133,0.032956547,67.46283233,35.6
220.231,0.37082963,0.032956547,67.45664382,35.7
220.243,0.371681133,0.032956547,67.45664382,35.7
220.256,0.37082963,0.032956547,67.45664382,35.7
220.269,0.371681133,0.032956547,67.46283233,35.6
220.282,0.371681133,0.032956547,67.43903174,35.6
220.294,0.371681133,0.032956547,67.43903174,35.6
220.307,0.37082963,0.032956547,67.45664382,35.7
220.32,0.37082963,0.032956547,67.45664382,35.7
220.332,0.37082963,0.032956547,67.45664382,35.7
220.345,0.37082963,0.032956547,67.45664382,35.7
220.358,0.37082963,0.032956547,67.45664382,35.7
220.37,0.37082963,0.032956547,67.43284324,35.7
220.383,0.371681133,0.032956547,67.46283233,35.6
220.396,0.371681133,0.032956547,67.45664382,35.7
220.409,0.371681133,0.032956547,67.43284324,35.7
220.421,0.371681133,0.032956547,67.43284324,35.7
220.434,0.37082963,0.032956547,67.43903174,35.6
220.447,0.37082963,0.032956547,67.45664382,35.7
220.459,0.37082963,0.032956547,67.45664382,35.7
220.472,0.37082963,0.032956547,67.45664382,35.7
220.485,0.371681133,0.032956547,67.46283233,35.6
220.497,0.371681133,0.032956547,67.45664382,35.7
220.51,0.371681133,0.032956547,67.46283233,35.6
220.523,0.371681133,0.032956547,67.43284324,35.7
220.536,0.371681133,0.032956547,67.43903174,35.6
220.548,0.37082963,0.032956547,67.45664382,35.7
220.561,0.371681133,0.032956547,67.46283233,35.6
220.574,0.371681133,0.032956547,67.45664382,35.7
220.586,0.371681133,0.032956547,67.46283233,35.6
220.599,0.37082963,0.032956547,67.43284324,35.7
220.612,0.371681133,0.032956547,67.43903174,35.6
220.625,0.37082963,0.032956547,67.43284324,35.7
220.637,0.37082963,0.032956547,67.43903174,35.6
220.65,0.37082963,0.032956547,67.43284324,35.7
220.663,0.37082963,0.032956547,67.43903174,35.6
220.675,0.37082963,0.032956547,67.45664382,35.7
220.688,0.371681133,0.032956547,67.46283233,35.6
220.701,0.371681133,0.032956547,67.45664382,35.7
220.713,0.37082963,0,67.45664382,35.7
220.726,0.37082963,0.032956547,67.45664382,35.7
220.739,0.37082963,0.032956547,67.46283233,35.6
220.752,0.371681133,0.032956547,67.43284324,35.7
220.764,0.37082963,0,67.43284324,35.7
220.777,0.37082963,0,67.43284324,35.7
220.79,0.37082963,0,67.45664382,35.7
220.802,0.371681133,0,67.45664382,35.7
220.815,0.371681133,0.032956547,67.45664382,35.7
220.828,0.371681133,0.032956547,67.43903174,35.6
220.841,0.371681133,0.032956547,67.45664382,35.7
220.853,0.37082963,0.032956547,67.43903174,35.6
220.866,0.371681133,0.032956547,67.43284324,35.7
220.879,0.371681133,0,67.46283233,35.6
220.891,0.371681133,0.032956547,67.45664382,35.7
220.904,0.37082963,0.032956547,67.46283233,35.6
220.917,0.37082963,0.032956547,67.45664382,35.7
220.929,0.37082963,0.032956547,67.45664382,35.7
220.942,0.37082963,0.032956547,67.45664382,35.7
220.955,0.37082963,0.032956547,67.46283233,35.6
220.968,0.37082963,0.032956547,67.45664382,35.7
220.98,0.37082963,0,67.46283233,35.6
220.993,0.371681133,0.032956547,67.43284324,35.7
221.006,0.37082963,0.032956547,67.43284324,35.7
221.018,0.371681133,0.032956547,67.43284324,35.7
221.031,0.37082963,0.032956547,67.46283233,35.6
221.044,0.371681133,0.032956547,67.45664382,35.7
221.056,0.37082963,0.032956547,67.46283233,35.6
221.069,0.371681133,0.032956547,67.46283233,35.6
221.082,0.37082963,0.032956547,67.46283233,35.6
221.095,0.371681133,0.032956547,67.45664382,35.7
221.107,0.37082963,0.032956547,67.43284324,35.7
221.12,0.37082963,0.032956547,67.45664382,35.7
221.133,0.37082963,0,67.45664382,35.7
221.145,0.37082963,0.032956547,67.45664382,35.7
221.158,0.37082963,0.032956547,67.45664382,35.7
221.171,0.37082963,0.032956547,67.46283233,35.6
221.184,0.37082963,0.032956547,67.45664382,35.7
221.196,0.37082963,0.032956547,67.45664382,35.7
221.209,0.37082963,0.032956547,67.45664382,35.7
221.222,0.37082963,0.032956547,67.45664382,35.7
221.234,0.37082963,0.032956547,67.45664382,35.7
221.247,0.37082963,0.032956547,67.45664382,35.7
221.26,0.37082963,0.032956547,67.43284324,35.7
221.272,0.37082963,0.032956547,67.46283233,35.6
221.285,0.37082963,0.032956547,67.45664382,35.7
221.298,0.371681133,0.032956547,67.45664382,35.7
221.311,0.371681133,0.032956547,67.45664382,35.7
221.323,0.37082963,0.032956547,67.45664382,35.7
221.336,0.37082963,0.032956547,67.46283233,35.6
221.349,0.37082963,0.032956547,67.43284324,35.7
221.361,0.37082963,0,67.43903174,35.6
221.374,0.37082963,0.032956547,67.45664382,35.7
221.387,0.37082963,0.032956547,67.46283233,35.6
221.399,0.371681133,0.032956547,67.45664382,35.7
221.412,0.371681133,0.032956547,67.45664382,35.7
221.425,0.371681133,0.032956547,67.45664382,35.7
221.438,0.371681133,0.032956547,67.46283233,35.6
221.45,0.371681133,0.032956547,67.45664382,35.7
221.463,0.37082963,0,67.45664382,35.7
221.476,0.37082963,0,67.45664382,35.7
221.488,0.37082963,0.032956547,67.45664382,35.7
221.501,0.37082963,0.032956547,67.45664382,35.7
221.514,0.37082963,0.032956547,67.45664382,35.7
221.526,0.371681133,0.032956547,67.46283233,35.6
221.539,0.371681133,0,67.45664382,35.7
221.552,0.371681133,0,67.46283233,35.6
221.565,0.37082963,0,67.43284324,35.7
221.577,0.371681133,0.032956547,67.46283233,35.6
221.59,0.37082963,0.032956547,67.45664382,35.7
221.603,0.37082963,0.032956547,67.46283233,35.6
221.615,0.37082963,0.032956547,67.45664382,35.7
221.628,0.37082963,0.032956547,67.46283233,35.6
221.641,0.37082963,0.032956547,67.43284324,35.7
221.654,0.371681133,0.032956547,67.43903174,35.6
221.666,0.37082963,0.032956547,67.43284324,35.7
221.679,0.37082963,0.032956547,67.43903174,35.6
221.692,0.37082963,0.032956547,67.43284324,35.7
221.704,0.371681133,0.032956547,67.43284324,35.7
221.717,0.371681133,0.032956547,67.43284324,35.7
221.73,0.37082963,0.032956547,67.43903174,35.6
221.742,0.37082963,0.032956547,67.46283233,35.6
221.755,0.37082963,0.032956547,67.43903174,35.6
221.768,0.371681133,0.032956547,67.43903174,35.6
221.781,0.37082963,0.032956547,67.45664382,35.7
221.793,0.371681133,0.032956547,67.46283233,35.6
221.806,0.37082963,0.032956547,67.45664382,35.7
221.819,0.37082963,0.032956547,67.46283233,35.6
221.831,0.37082963,0.032956547,67.45664382,35.7
221.844,0.37082963,0,67.46283233,35.6
221.857,0.37082963,0,67.43284324,35.7
221.87,0.37082963,0.032956547,67.46283233,35.6
221.882,0.37082963,0.032956547,67.45664382,35.7
221.895,0.37082963,0.032956547,67.46283233,35.6
221.908,0.37082963,0.032956547,67.45664382,35.7
221.92,0.37082963,0.032956547,67.46283233,35.6
221.933,0.371681133,0.032956547,67.45664382,35.7
221.946,0.371681133,0.032956547,67.46283233,35.6
221.958,0.37082963,0.032956547,67.45664382,35.7
221.971,0.37082963,0.032956547,67.46283233,35.6
221.984,0.37082963,0.032956547,67.45664382,35.7
221.997,0.37082963,0.032956547,67.45664382,35.7
222.009,0.37082963,0.032956547,67.45664382,35.7
222.022,0.37082963,0.032956547,67.45664382,35.7
222.035,0.37082963,0.032956547,67.46283233,35.6
222.047,0.37082963,0.032956547,67.43284324,35.7
222.06,0.37082963,0.032956547,67.46283233,35.6
222.073,0.37082963,0.032956547,67.43284324,35.7
222.085,0.37082963,0,67.43903174,35.6
222.098,0.371681133,0.032956547,67.43284324,35.7
222.111,0.371681133,0.032956547,67.46283233,35.6
222.124,0.371681133,0.032956547,67.45664382,35.7
222.136,0.37082963,0.032956547,67.46283233,35.6
222.149,0.37082963,0,67.43284324,35.7
222.162,0.37082963,0.032956547,67.43903174,35.6
222.174,0.37082963,0.032956547,67.43284324,35.7
222.187,0.37082963,0.032956547,67.43284324,35.7
222.2,0.37082963,0,67.43903174,35.6
222.212,0.37082963,0.032956547,67.43284324,35.7
222.225,0.37082963,0.032956547,67.43903174,35.6
222.238,0.37082963,0.032956547,67.45664382,35.7
222.251,0.37082963,0.032956547,67.46283233,35.6
222.263,0.37082963,0.032956547,67.43284324,35.7
222.276,0.371681133,0.032956547,67.43903174,35.6
222.289,0.37082963,0.032956547,67.43284324,35.7
222.301,0.371681133,0.032956547,67.46283233,35.6
222.314,0.371681133,0.032956547,67.45664382,35.7
222.327,0.371681133,0.032956547,67.46283233,35.6
222.34,0.37082963,0.032956547,67.45664382,35.7
222.352,0.37082963,0.032956547,67.46283233,35.6
222.365,0.37082963,0.032956547,67.45664382,35.7
222.378,0.37082963,0.032956547,67.45664382,35.7
222.39,0.37082963,0,67.45664382,35.7
222.403,0.37082963,0,67.43284324,35.7
222.416,0.371681133,0,67.43903174,35.6
222.428,0.37082963,0,67.43284324,35.7
222.441,0.37082963,0.032956547,67.46283233,35.6
222.454,0.37082963,0.032956547,67.45664382,35.7
222.467,0.371681133,0.032956547,67.46283233,35.6
222.479,0.371681133,0.032956547,67.45664382,35.7
222.492,0.37082963,0.032956547,67.46283233,35.6
222.505,0.371681133,0.032956547,67.45664382,35.7
222.517,0.37082963,0,67.46283233,35.6
222.53,0.371681133,0.032956547,67.45664382,35.7
222.543,0.37082963,0.032956547,67.46283233,35.6
222.556,0.371681133,0.032956547,67.45664382,35.7
222.568,0.371681133,0.032956547,67.46283233,35.6
222.581,0.37082963,0.032956547,67.45664382,35.7
222.594,0.37082963,0.032956547,67.46283233,35.6
222.606,0.37082963,0.032956547,67.45664382,35.7
222.619,0.37082963,0.032956547,67.46283233,35.6
222.632,0.371681133,0.032956547,67.46283233,35.6
222.644,0.37082963,0.032956547,67.45664382,35.7
222.657,0.37082963,0.032956547,67.46283233,35.6
222.67,0.37082963,0.032956547,67.43284324,35.7
222.683,0.37082963,0.032956547,67.46283233,35.6
222.695,0.37082963,0,67.43284324,35.7
222.708,0.37082963,0,67.43903174,35.6
222.721,0.37082963,0.032956547,67.43284324,35.7
222.733,0.37082963,0,67.46283233,35.6
222.746,0.37082963,0.032956547,67.45664382,35.7
222.759,0.371681133,0,67.46283233,35.6
222.771,0.371681133,0,67.45664382,35.7
222.784,0.371681133,0.032956547,67.46283233,35.6
222.797,0.371681133,0.032956547,67.45664382,35.7
222.81,0.37082963,0.032956547,67.46283233,35.6
222.822,0.371681133,0.032956547,67.46283233,35.6
222.835,0.37082963,0,67.46283233,35.6
222.848,0.37082963,0,67.46283233,35.6
222.86,0.37082963,0,67.45664382,35.7
222.873,0.37082963,0,67.46283233,35.6
222.886,0.37082963,0,67.45664382,35.7
222.898,0.371681133,0.032956547,67.46283233,35.6
222.911,0.37082963,0.032956547,67.45664382,35.7
222.924,0.37082963,0.032956547,67.46283233,35.6
222.937,0.37082963,0.032956547,67.45664382,35.7
222.949,0.371681133,0.032956547,67.46283233,35.6
222.962,0.371681133,0.032956547,67.45664382,35.7
222.975,0.371681133,0.032956547,67.46283233,35.6
222.987,0.371681133,0,67.45664382,35.7
223,0.37082963,0,67.45664382,35.7
223.013,0.37082963,0,67.45664382,35.7
223.026,0.371681133,0.032956547,67.45664382,35.7
223.038,0.371681133,0.032956547,67.46283233,35.6
223.051,0.37082963,0.032956547,67.45664382,35.7
223.064,0.371681133,0.032956547,67.46283233,35.6
223.076,0.371681133,0.032956547,67.45664382,35.7
223.089,0.371681133,0.032956547,67.46283233,35.6
223.102,0.371681133,0.032956547,67.45664382,35.7
223.114,0.371681133,0.032956547,67.46283233,35.6
223.127,0.37082963,0.032956547,67.45664382,35.7
223.14,0.37082963,0.032956547,67.46283233,35.6
223.153,0.37082963,0.032956547,67.45664382,35.7
223.165,0.37082963,0.032956547,67.46283233,35.6
223.178,0.37082963,0.032956547,67.45664382,35.7
223.191,0.37082963,0.032956547,67.46283233,35.6
223.203,0.37082963,0.032956547,67.46283233,35.6
223.216,0.371681133,0.032956547,67.46283233,35.6
223.229,0.371681133,0.032956547,67.46283233,35.6
223.241,0.37082963,0,67.45664382,35.7
223.254,0.37082963,0,67.46283233,35.6
223.267,0.37082963,0,67.45664382,35.7
223.28,0.371681133,0,67.46283233,35.6
223.292,0.371681133,0.032956547,67.45664382,35.7
223.305,0.371681133,0.032956547,67.46902083,35.5
223.318,0.37082963,0,67.45664382,35.7
223.33,0.371681133,0.032956547,67.46283233,35.6
223.343,0.37082963,0.032956547,67.45045531,35.8
223.356,0.37082963,0.032956547,67.46283233,35.6
223.369,0.37082963,0.032956547,67.45664382,35.7
223.381,0.37082963,0.032956547,67.46283233,35.6
223.394,0.371681133,0,67.45664382,35.7
223.407,0.371681133,0.032956547,67.46283233,35.6
223.419,0.37082963,0.032956547,67.45664382,35.7
223.432,0.37082963,0.032956547,67.46283233,35.6
223.445,0.371681133,0.032956547,67.46283233,35.6
223.457,0.37082963,0.032956547,67.45664382,35.7
223.47,0.37082963,0.032956547,67.46283233,35.6
223.483,0.37082963,0.032956547,67.45664382,35.7
223.496,0.371681133,0.032956547,67.46283233,35.6
223.508,0.37082963,0.032956547,67.45664382,35.7
223.521,0.37082963,0.032956547,67.46283233,35.6
223.534,0.37082963,0.032956547,67.45664382,35.7
223.546,0.37082963,0,67.46283233,35.6
223.559,0.37082963,0.032956547,67.45664382,35.7
223.572,0.37082963,0.032956547,67.46283233,35.6
223.585,0.37082963,0.032956547,67.45664382,35.7
223.597,0.37082963,0.032956547,67.46283233,35.6
223.61,0.37082963,0.032956547,67.45664382,35.7
223.623,0.37082963,0.032956547,67.45664382,35.7
223.635,0.37082963,0.032956547,67.43903174,35.6
223.648,0.37082963,0.032956547,67.45664382,35.7
223.661,0.37082963,0.032956547,67.46283233,35.6
223.673,0.37082963,0.032956547,67.45664382,35.7
223.686,0.371681133,0.032956547,67.46283233,35.6
223.699,0.37082963,0.032956547,67.45664382,35.7
223.712,0.371681133,0.032956547,67.46283233,35.6
223.724,0.37082963,0.032956547,67.45664382,35.7
223.737,0.371681133,0.032956547,67.46283233,35.6
223.75,0.37082963,0.032956547,67.45664382,35.7
223.762,0.37082963,0.032956547,67.46283233,35.6
223.775,0.37082963,0.032956547,67.45664382,35.7
223.788,0.37082963,0.032956547,67.45664382,35.7
223.8,0.37082963,0.032956547,67.46283233,35.6
223.813,0.37082963,0,67.45664382,35.7
223.826,0.371681133,0,67.46283233,35.6
223.839,0.37082963,0.032956547,67.45664382,35.7
223.851,0.37082963,0.032956547,67.46283233,35.6
223.864,0.37082963,0.032956547,67.45664382,35.7
223.877,0.37082963,0,67.46283233,35.6
223.889,0.371681133,0.032956547,67.45664382,35.7
223.902,0.37082963,0.032956547,67.46902083,35.5
223.915,0.37082963,0,67.45664382,35.7
223.927,0.37082963,0,67.46283233,35.6
223.94,0.37082963,0.032956547,67.45664382,35.7
223.953,0.37082963,0.032956547,67.46283233,35.6
223.966,0.37082963,0.032956547,67.45664382,35.7
223.978,0.37082963,0.032956547,67.46283233,35.6
223.991,0.37082963,0.032956547,67.46283233,35.6
224.004,0.37082963,0.032956547,67.46283233,35.6
224.016,0.37082963,0.032956547,67.45664382,35.7
224.029,0.37082963,0.032956547,67.45664382,35.7
224.042,0.37082963,0.032956547,67.46283233,35.6
224.055,0.37082963,0.032956547,67.45664382,35.7
224.067,0.37082963,0.032956547,67.46902083,35.5
224.08,0.37082963,0.032956547,67.45664382,35.7
224.093,0.37082963,0.032956547,67.46902083,35.5
224.105,0.37082963,0.032956547,67.45664382,35.7
224.118,0.37082963,0.032956547,67.46283233,35.6
224.131,0.371681133,0.032956547,67.45045531,35.8
224.143,0.371681133,0.032956547,67.46283233,35.6
224.156,0.371681133,0.032956547,67.45664382,35.7
224.169,0.37082963,0.032956547,67.46283233,35.6
224.182,0.37082963,0.032956547,67.45664382,35.7
224.194,0.37082963,0.032956547,67.46283233,35.6
224.207,0.37082963,0.032956547,67.45664382,35.7
224.22,0.37082963,0.032956547,67.46283233,35.6
224.232,0.37082963,0.032956547,67.43903174,35.6
224.245,0.371681133,0.032956547,67.45664382,35.7
224.258,0.371681133,0.032956547,67.46283233,35.6
224.27,0.37082963,0.032956547,67.45664382,35.7
224.283,0.37082963,0.032956547,67.46283233,35.6
224.296,0.37082963,0.032956547,67.45664382,35.7
224.309,0.371681133,0.032956547,67.46283233,35.6
224.321,0.371681133,0.032956547,67.45664382,35.7
224.334,0.371681133,0.032956547,67.46283233,35.6
224.347,0.371681133,0.032956547,67.45664382,35.7
224.359,0.37082963,0.032956547,67.46283233,35.6
224.372,0.371681133,0.032956547,67.45664382,35.7
224.385,0.371681133,0.032956547,67.46283233,35.6
224.398,0.371681133,0.032956547,67.45664382,35.7
224.41,0.37082963,0.032956547,67.43903174,35.6
224.423,0.37082963,0.032956547,67.43284324,35.7
224.436,0.371681133,0.032956547,67.43284324,35.7
224.448,0.371681133,0.032956547,67.43903174,35.6
224.461,0.37082963,0.032956547,67.45664382,35.7
224.474,0.37082963,0.032956547,67.46283233,35.6
224.486,0.37082963,0.032956547,67.45664382,35.7
224.499,0.37082963,0.032956547,67.46283233,35.6
224.512,0.37082963,0.032956547,67.43284324,35.7
224.525,0.37082963,0.032956547,67.46283233,35.6
224.537,0.371681133,0.032956547,67.45664382,35.7
224.55,0.371681133,0.032956547,67.46283233,35.6
224.563,0.37082963,0.032956547,67.45664382,35.7
224.575,0.371681133,0.032956547,67.46283233,35.6
224.588,0.371681133,0.032956547,67.43284324,35.7
224.601,0.371681133,0.032956547,67.46283233,35.6
224.613,0.371681133,0.032956547,67.45664382,35.7
224.626,0.371681133,0.032956547,67.46283233,35.6
224.639,0.37082963,0.032956547,67.45664382,35.7
224.652,0.371681133,0.032956547,67.46283233,35.6
224.664,0.37082963,0.032956547,67.46283233,35.6
224.677,0.371681133,0.032956547,67.45664382,35.7
224.69,0.37082963,0.032956547,67.46283233,35.6
224.702,0.37082963,0.032956547,67.45664382,35.7
224.715,0.37082963,0.032956547,67.46283233,35.6
224.728,0.37082963,0.032956547,67.45664382,35.7
224.741,0.37082963,0.032956547,67.46283233,35.6
224.753,0.371681133,0.032956547,67.45664382,35.7
224.766,0.371681133,0.032956547,67.46283233,35.6
224.779,0.371681133,0.032956547,67.45664382,35.7
224.791,0.37082963,0.032956547,67.46283233,35.6
224.804,0.371681133,0.032956547,67.45664382,35.7
224.817,0.371681133,0,67.43903174,35.6
224.829,0.371681133,0,67.43284324,35.7
224.842,0.371681133,0.032956547,67.46283233,35.6
224.855,0.37082963,0.032956547,67.45664382,35.7
224.868,0.371681133,0,67.46283233,35.6
224.88,0.37082963,0.032956547,67.45664382,35.7
224.893,0.37082963,0.032956547,67.46283233,35.6
224.906,0.37082963,0.032956547,67.45664382,35.7
224.918,0.371681133,0.032956547,67.45664382,35.7
224.931,0.371681133,0.032956547,67.43284324,35.7
224.944,0.371681133,0.032956547,67.46283233,35.6
224.956,0.37082963,0.032956547,67.46283233,35.6
224.969,0.37082963,0.032956547,67.45664382,35.7
224.982,0.37082963,0,67.46283233,35.6
224.995,0.37082963,0.032956547,67.45664382,35.7
225.007,0.37082963,0.032956547,67.46283233,35.6
225.02,0.371681133,0.032956547,67.43284324,35.7
225.033,0.371681133,0.032956547,67.46283233,35.6
225.045,0.371681133,0.032956547,67.45664382,35.7
225.058,0.37082963,0.032956547,67.46283233,35.6
225.071,0.37082963,0.032956547,67.45664382,35.7
225.084,0.371681133,0.032956547,67.46283233,35.6
225.096,0.371681133,0.032956547,67.45664382,35.7
225.109,0.371681133,0.032956547,67.46283233,35.6
225.122,0.37082963,0.032956547,67.45664382,35.7
225.134,0.371681133,0,67.46283233,35.6
225.147,0.371681133,0.032956547,67.45664382,35.7
225.16,0.371681133,0.032956547,67.46283233,35.6
225.172,0.371681133,0.032956547,67.43284324,35.7
225.185,0.371681133,0.032956547,67.43903174,35.6
225.198,0.37082963,0.032956547,67.43284324,35.7
225.211,0.37082963,0.032956547,67.43284324,35.7
225.223,0.37082963,0.032956547,67.45664382,35.7
225.236,0.371681133,0.032956547,67.46283233,35.6
225.249,0.371681133,0.032956547,67.46283233,35.6
225.261,0.371681133,0.032956547,67.46283233,35.6
225.274,0.371681133,0.032956547,67.43903174,35.6
225.287,0.371681133,0.032956547,67.43284324,35.7
225.299,0.371681133,0.032956547,67.43284324,35.7
225.312,0.37082963,0.032956547,67.45664382,35.7
225.325,0.37082963,0,67.46283233,35.6
225.338,0.37082963,0.032956547,67.45664382,35.7
225.35,0.37082963,0.032956547,67.43903174,35.6
225.363,0.37082963,0.032956547,67.45664382,35.7
225.376,0.37082963,0.032956547,67.46283233,35.6
225.388,0.371681133,0.032956547,67.45664382,35.7
225.401,0.371681133,0.032956547,67.45664382,35.7
225.414,0.371681133,0.032956547,67.45664382,35.7
225.427,0.371681133,0.032956547,67.45664382,35.7
225.439,0.371681133,0.032956547,67.45664382,35.7
225.452,0.371681133,0.032956547,67.46283233,35.6
225.465,0.371681133,0,67.45664382,35.7
225.477,0.371681133,0,67.43903174,35.6
225.49,0.371681133,0,67.43284324,35.7
225.503,0.37082963,0,67.43284324,35.7
225.515,0.37082963,0,67.43284324,35.7
225.528,0.37082963,0.032956547,67.46283233,35.6
225.541,0.37082963,0.032956547,67.45664382,35.7
225.554,0.37082963,0.032956547,67.46283233,35.6
225.566,0.37082963,0.032956547,67.43284324,35.7
225.579,0.371681133,0.032956547,67.45664382,35.7
225.592,0.371681133,0.032956547,67.45664382,35.7
225.604,0.37082963,0.032956547,67.46283233,35.6
225.617,0.371681133,0.032956547,67.45664382,35.7
225.63,0.371681133,0.032956547,67.46283233,35.6
225.642,0.371681133,0.032956547,67.45664382,35.7
225.655,0.371681133,0.032956547,67.43903174,35.6
225.668,0.37082963,0.032956547,67.43284324,35.7
225.681,0.37082963,0.032956547,67.45664382,35.7
225.693,0.37082963,0.032956547,67.45664382,35.7
225.706,0.37082963,0.032956547,67.45664382,35.7
225.719,0.37082963,0.032956547,67.45664382,35.7
225.731,0.37082963,0.032956547,67.45664382,35.7
225.744,0.371681133,0.032956547,67.45664382,35.7
225.757,0.371681133,0.032956547,67.45664382,35.7
225.77,0.37082963,0.032956547,67.45664382,35.7
225.782,0.37082963,0,67.45664382,35.7
225.795,0.37082963,0,67.45664382,35.7
225.808,0.37082963,0,67.45664382,35.7
225.82,0.37082963,0.032956547,67.45664382,35.7
225.833,0.37082963,0.032956547,67.45664382,35.7
225.846,0.37082963,0.032956547,67.46283233,35.6
225.858,0.37082963,0,67.45664382,35.7
225.871,0.37082963,0.032956547,67.46283233,35.6
225.884,0.37082963,0.032956547,67.45664382,35.7
225.897,0.37082963,0.032956547,67.46283233,35.6
225.909,0.37082963,0.032956547,67.45664382,35.7
225.922,0.371681133,0.032956547,67.46283233,35.6
225.935,0.371681133,0.032956547,67.45664382,35.7
225.947,0.371681133,0.032956547,67.46283233,35.6
225.96,0.371681133,0.032956547,67.45664382,35.7
225.973,0.371681133,0.032956547,67.46283233,35.6
225.985,0.371681133,0.032956547,67.45664382,35.7
225.998,0.371681133,0.032956547,67.46283233,35.6
226.011,0.371681133,0.032956547,67.45664382,35.7
226.024,0.37082963,0.032956547,67.46283233,35.6
226.036,0.37082963,0.032956547,67.45664382,35.7
226.049,0.37082963,0.032956547,67.46283233,35.6
226.062,0.371681133,0.032956547,67.43284324,35.7
226.074,0.37082963,0,67.45664382,35.7
226.087,0.371681133,0,67.45664382,35.7
226.1,0.37082963,0.032956547,67.46283233,35.6
226.113,0.37082963,0.032956547,67.43903174,35.6
226.125,0.37082963,0.032956547,67.43903174,35.6
226.138,0.37082963,0,67.43903174,35.6
226.151,0.37082963,0,67.45664382,35.7
226.163,0.37082963,0.032956547,67.46283233,35.6
226.176,0.37082963,0.032956547,67.45664382,35.7
226.189,0.37082963,0.032956547,67.46283233,35.6
226.201,0.37082963,0.032956547,67.45664382,35.7
226.214,0.37082963,0.032956547,67.43903174,35.6
226.227,0.37082963,0.032956547,67.45664382,35.7
226.24,0.371681133,0.032956547,67.46283233,35.6
226.252,0.371681133,0.032956547,67.45664382,35.7
226.265,0.371681133,0.032956547,67.46283233,35.6
226.278,0.371681133,0,67.43284324,35.7
226.29,0.37082963,0.032956547,67.45664382,35.7
226.303,0.37082963,0.032956547,67.45664382,35.7
226.316,0.37082963,0.032956547,67.46283233,35.6
226.328,0.371681133,0.032956547,67.45664382,35.7
226.341,0.37082963,0,67.46283233,35.6
226.354,0.37082963,0,67.45664382,35.7
226.367,0.37082963,0.032956547,67.45664382,35.7
226.379,0.37082963,0.032956547,67.45664382,35.7
226.392,0.37082963,0.032956547,67.45664382,35.7
226.405,0.37082963,0.032956547,67.43903174,35.6
226.417,0.37082963,0.032956547,67.45664382,35.7
226.43,0.37082963,0.032956547,67.46283233,35.6
226.443,0.37082963,0,67.55664382,35.6
226.456,0.37082963,0,67.46283233,35.6
226.468,0.37082963,0,67.55664382,35.6
226.481,0.37082963,0.032956547,67.53284324,35.6
226.494,0.37082963,0.032956547,67.45664382,35.7
226.506,0.37082963,0.032956547,67.45664382,35.7
226.519,0.37082963,0.032956547,67.55664382,35.6
226.532,0.37082963,0.032956547,67.43903174,35.6
226.544,0.371681133,0.032956547,67.43284324,35.7
226.557,0.371681133,0.032956547,67.45664382,35.7
226.57,0.37082963,0.032956547,67.43284324,35.7
226.583,0.37082963,0.032956547,67.45664382,35.7
226.595,0.37082963,0.032956547,67.55664382,35.6
226.608,0.37082963,0,67.45664382,35.7
226.621,0.37082963,0.032956547,67.46283233,35.6
226.633,0.37082963,0.032956547,67.53284324,35.6
226.646,0.37082963,0,67.43903174,35.6
226.659,0.37082963,0,67.45664382,35.7
226.671,0.371681133,0,67.46283233,35.6
226.684,0.37082963,0.032956547,67.55664382,35.6
226.697,0.37082963,0.032956547,67.43903174,35.6
226.71,0.37082963,0.032956547,67.53284324,35.6
226.722,0.371681133,0.032956547,67.53903174,35.5
226.735,0.371681133,0.032956547,67.53284324,35.6
226.748,0.371681133,0.032956547,67.56283233,35.5
226.76,0.371681133,0,67.55664382,35.6
226.773,0.37082963,0,67.43903174,35.6
226.786,0.37082963,0,67.53284324,35.6
226.799,0.37082963,0.032956547,67.53903174,35.5
226.811,0.37082963,0.032956547,67.53284324,35.6
226.824,0.37082963,0.032956547,67.53284324,35.6
226.837,0.37082963,0.032956547,67.53284324,35.6
226.849,0.371681133,0.032956547,67.45664382,35.7
226.862,0.371681133,0.032956547,67.53903174,35.5
226.875,0.371681133,0,67.53284324,35.6
226.887,0.371681133,0,67.53903174,35.5
226.9,0.37082963,0.032956547,67.43284324,35.7
226.913,0.37082963,0.032956547,67.43903174,35.6
226.926,0.37082963,0.032956547,67.43284324,35.7
226.938,0.371681133,0.032956547,67.53903174,35.5
226.951,0.371681133,0.032956547,67.43284324,35.7
226.964,0.371681133,0.032956547,67.53903174,35.5
226.976,0.371681133,0.032956547,67.43284324,35.7
226.989,0.37082963,0.032956547,67.56283233,35.5
227.002,0.37082963,0.032956547,67.45664382,35.7
227.014,0.37082963,0,67.56283233,35.5
227.027,0.37082963,0,67.53284324,35.6
227.04,0.371681133,0.032956547,67.53903174,35.5
227.053,0.371681133,0.032956547,67.55664382,35.6
227.065,0.37082963,0.032956547,67.53284324,35.6
227.078,0.37082963,0.032956547,67.56283233,35.5
227.091,0.37082963,0.032956547,67.55664382,35.6
227.103,0.371681133,0.032956547,67.56283233,35.5
227.116,0.37082963,0.032956547,67.55664382,35.6
227.129,0.37082963,0.032956547,67.56283233,35.5
227.142,0.37082963,0.032956547,67.55664382,35.6
227.154,0.37082963,0,67.56283233,35.5
227.167,0.37082963,0.032956547,67.55664382,35.6
227.18,0.37082963,0.032956547,67.53903174,35.5
227.192,0.37082963,0.032956547,67.55664382,35.6
227.205,0.37082963,0.032956547,67.56283233,35.5
227.218,0.37082963,0,67.55664382,35.6
227.23,0.37082963,0,67.56283233,35.5
227.243,0.37082963,0,67.53284324,35.6
227.256,0.37082963,0.032956547,67.53284324,35.6
227.269,0.371681133,0.032956547,67.53284324,35.6
227.281,0.371681133,0.032956547,67.53284324,35.6
227.294,0.37082963,0.032956547,67.53284324,35.6
227.307,0.37082963,0.032956547,67.53284324,35.6
227.319,0.37082963,0.032956547,67.56283233,35.5
227.332,0.37082963,0.032956547,67.53284324,35.6
227.345,0.37082963,0.032956547,67.56283233,35.5
227.357,0.37082963,0.032956547,67.55664382,35.6
227.37,0.37082963,0.032956547,67.56283233,35.5
227.383,0.37082963,0.032956547,67.53284324,35.6
227.396,0.371681133,0,67.56283233,35.5
227.408,0.37082963,0,67.55664382,35.6
227.421,0.37082963,0,67.56283233,35.5
227.434,0.37082963,0.032956547,67.55664382,35.6
227.446,0.371681133,0.032956547,67.53284324,35.6
227.459,0.371681133,0.032956547,67.53284324,35.6
227.472,0.371681133,0.032956547,67.53284324,35.6
227.485,0.371681133,0.032956547,67.53903174,35.5
227.497,0.371681133,0.032956547,67.53284324,35.6
227.51,0.371681133,0.032956547,67.56283233,35.5
227.523,0.371681133,0.032956547,67.53284324,35.6
227.535,0.37082963,0.032956547,67.56283233,35.5
227.548,0.37082963,0.032956547,67.53284324,35.6
227.561,0.37082963,0,67.53903174,35.5
227.573,0.37082963,0,67.53284324,35.6
227.586,0.37082963,0,67.53903174,35.5
227.599,0.37082963,0.032956547,67.53284324,35.6
227.612,0.371681133,0.032956547,67.53903174,35.5
227.624,0.371681133,0.032956547,67.55664382,35.6
227.637,0.37082963,0.032956547,67.56283233,35.5
227.65,0.37082963,0.032956547,67.55664382,35.6
227.662,0.371681133,0.032956547,67.55664382,35.6
227.675,0.371681133,0.032956547,67.55664382,35.6
227.688,0.371681133,0.032956547,67.56283233,35.5
227.7,0.37082963,0.032956547,67.56283233,35.5
227.713,0.37082963,0.032956547,67.53284324,35.6
227.726,0.37082963,0.032956547,67.53903174,35.5
227.739,0.37082963,0,67.55664382,35.6
227.751,0.37082963,0,67.56283233,35.5
227.764,0.37082963,0.032956547,67.55664382,35.6
227.777,0.371681133,0,67.56283233,35.5
227.789,0.371681133,0.032956547,67.55664382,35.6
227.802,0.371681133,0.032956547,67.56283233,35.5
227.815,0.371681133,0,67.52665473,35.7
227.828,0.371681133,0,67.56283233,35.5
227.84,0.37082963,0,67.55664382,35.6
227.853,0.37082963,0,67.56283233,35.5
227.866,0.37082963,0,67.55664382,35.6
227.878,0.37082963,0.032956547,67.56283233,35.5
227.891,0.37082963,0.032956547,67.53284324,35.6
227.904,0.37082963,0.032956547,67.53903174,35.5
227.916,0.37082963,0.032956547,67.53284324,35.6
227.929,0.37082963,0,67.53284324,35.6
227.942,0.371681133,0.032956547,67.56283233,35.5
227.955,0.371681133,0.032956547,67.55664382,35.6
227.967,0.37082963,0.032956547,67.53903174,35.5
227.98,0.37082963,0.032956547,67.53284324,35.6
227.993,0.37082963,0.032956547,67.53903174,35.5
228.005,0.371681133,0.032956547,67.53284324,35.6
228.018,0.371681133,0.032956547,67.53903174,35.5
228.031,0.371681133,0.032956547,67.53284324,35.6
228.043,0.37082963,0.032956547,67.56283233,35.5
228.056,0.37082963,0.032956547,67.55664382,35.6
228.069,0.37082963,0.032956547,67.53903174,35.5
228.082,0.37082963,0.032956547,67.53284324,35.6
228.094,0.37082963,0,67.53903174,35.5
228.107,0.371681133,0,67.55664382,35.6
228.12,0.37082963,0.032956547,67.55664382,35.6
228.132,0.371681133,0.032956547,67.55664382,35.6
228.145,0.37082963,0.032956547,67.55664382,35.6
228.158,0.371681133,0.032956547,67.53903174,35.5
228.171,0.371681133,0.032956547,67.53284324,35.6
228.183,0.371681133,0.032956547,67.53903174,35.5
228.196,0.37082963,0.032956547,67.53284324,35.6
228.209,0.371681133,0.032956547,67.56283233,35.5
228.221,0.37082963,0.032956547,67.55664382,35.6
228.234,0.37082963,0.032956547,67.53903174,35.5
228.247,0.37082963,0.032956547,67.53284324,35.6
228.259,0.371681133,0.032956547,67.56283233,35.5
228.272,0.371681133,0.032956547,67.55664382,35.6
228.285,0.371681133,0.032956547,67.53284324,35.6
228.298,0.37082963,0,67.53903174,35.5
228.31,0.371681133,0,67.53284324,35.6
228.323,0.371681133,0,67.53903174,35.5
228.336,0.37082963,0.032956547,67.55664382,35.6
228.348,0.371681133,0.032956547,67.56283233,35.5
228.361,0.371681133,0.032956547,67.55664382,35.6
228.374,0.371681133,0.032956547,67.56283233,35.5
228.386,0.37082963,0.032956547,67.55664382,35.6
228.399,0.37082963,0.032956547,67.56902083,35.4
228.412,0.37082963,0.032956547,67.55664382,35.6
228.425,0.37082963,0,67.53903174,35.5
228.437,0.37082963,0,67.55664382,35.6
228.45,0.37082963,0,67.56283233,35.5
228.463,0.37082963,0,67.53284324,35.6
228.475,0.37082963,0,67.53903174,35.5
228.488,0.371681133,0.032956547,67.53903174,35.5
228.501,0.371681133,0.032956547,67.53284324,35.6
228.514,0.37082963,0.032956547,67.53903174,35.5
228.526,0.37082963,0.032956547,67.53284324,35.6
228.539,0.37082963,0.032956547,67.53903174,35.5
228.552,0.37082963,0.032956547,67.53284324,35.6
228.564,0.37082963,0.032956547,67.53903174,35.5
228.577,0.37082963,0.032956547,67.53284324,35.6
228.59,0.37082963,0.032956547,67.56902083,35.4
228.602,0.37082963,0,67.55664382,35.6
228.615,0.371681133,0.032956547,67.53903174,35.5
228.628,0.371681133,0.032956547,67.55664382,35.6
228.641,0.371681133,0.032956547,67.56283233,35.5
228.653,0.37082963,0.032956547,67.55664382,35.6
228.666,0.371681133,0.032956547,67.53903174,35.5
228.679,0.371681133,0.032956547,67.55664382,35.6
228.691,0.37082963,0.032956547,67.56283233,35.5
228.704,0.37082963,0,67.53284324,35.6
228.717,0.37082963,0.032956547,67.53284324,35.6
228.729,0.37082963,0.032956547,67.53903174,35.5
228.742,0.37082963,0,67.53284324,35.6
228.755,0.37082963,0,67.53903174,35.5
228.768,0.37082963,0,67.53284324,35.6
228.78,0.37082963,0,67.53903174,35.5
228.793,0.37082963,0,67.55664382,35.6
228.806,0.371681133,0,67.56283233,35.5
228.818,0.37082963,0.032956547,67.55664382,35.6
228.831,0.37082963,0,67.53903174,35.5
228.844,0.37082963,0.032956547,67.55664382,35.6
228.857,0.37082963,0.032956547,67.56283233,35.5
228.869,0.37082963,0.032956547,67.53284324,35.6
228.882,0.37082963,0.032956547,67.53284324,35.6
228.895,0.37082963,0.032956547,67.53284324,35.6
228.907,0.37082963,0,67.55664382,35.6
228.92,0.37082963,0,67.53903174,35.5
228.933,0.371681133,0.032956547,67.55664382,35.6
228.945,0.371681133,0.032956547,67.53903174,35.5
228.958,0.371681133,0.032956547,67.53284324,35.6
228.971,0.37082963,0.032956547,67.53903174,35.5
228.984,0.37082963,0.032956547,67.53284324,35.6
228.996,0.371681133,0.032956547,67.53903174,35.5
229.009,0.371681133,0.032956547,67.53284324,35.6
229.022,0.371681133,0.032956547,67.53903174,35.5
229.034,0.371681133,0.032956547,67.55664382,35.6
229.047,0.371681133,0.032956547,67.56283233,35.5
229.06,0.37082963,0.032956547,67.53284324,35.6
229.072,0.371681133,0.032956547,67.53284324,35.6
229.085,0.37082963,0.032956547,67.53903174,35.5
229.098,0.37082963,0.032956547,67.55664382,35.6
229.111,0.37082963,0,67.53903174,35.5
229.123,0.37082963,0,67.53284324,35.6
229.136,0.371681133,0.032956547,67.53903174,35.5
229.149,0.37082963,0,67.53284324,35.6
229.161,0.37082963,0,67.54522025,35.4
229.174,0.37082963,0,67.53284324,35.6
229.187,0.37082963,0.032956547,67.54522025,35.4
229.199,0.371681133,0.032956547,67.52665473,35.7
229.212,0.371681133,0.032956547,67.53903174,35.5
229.225,0.371681133,0.032956547,67.53284324,35.6
229.238,0.371681133,0,67.56283233,35.5
229.25,0.37082963,0.032956547,67.55664382,35.6
229.263,0.37082963,0.032956547,67.53903174,35.5
229.276,0.37082963,0.032956547,67.53284324,35.6
229.288,0.37082963,0.032956547,67.53903174,35.5
229.301,0.37082963,0.032956547,67.53903174,35.5
229.314,0.37082963,0.032956547,67.55664382,35.6
229.327,0.37082963,0.032956547,67.56283233,35.5
229.339,0.37082963,0.032956547,67.53284324,35.6
229.352,0.37082963,0,67.53903174,35.5
229.365,0.37082963,0.032956547,67.53284324,35.6
229.377,0.371681133,0.032956547,67.53903174,35.5
229.39,0.37082963,0.032956547,67.53284324,35.6
229.403,0.371681133,0,67.56283233,35.5
229.415,0.37082963,0,67.55664382,35.6
229.428,0.37082963,0,67.56283233,35.5
229.441,0.37082963,0,67.53284324,35.6
229.454,0.37082963,0.032956547,67.53903174,35.5
229.466,0.371681133,0.032956547,67.53284324,35.6
229.479,0.371681133,0.032956547,67.53903174,35.5
229.492,0.37082963,0,67.53284324,35.6
229.504,0.371681133,0,67.55664382,35.6
229.517,0.37082963,0.032956547,67.55664382,35.6
229.53,0.37082963,0.032956547,67.55664382,35.6
229.543,0.37082963,0.032956547,67.53903174,35.5
229.555,0.37082963,0.032956547,67.53284324,35.6
229.568,0.37082963,0,67.53903174,35.5
229.581,0.37082963,0,67.53284324,35.6
229.593,0.37082963,0,67.53903174,35.5
229.606,0.37082963,0,67.53284324,35.6
229.619,0.37082963,0.032956547,67.53903174,35.5
229.631,0.37082963,0.032956547,67.53284324,35.6
229.644,0.37082963,0.032956547,67.53903174,35.5
229.657,0.37082963,0,67.53284324,35.6
229.67,0.37082963,0.032956547,67.53903174,35.5
229.682,0.37082963,0.032956547,67.53284324,35.6
229.695,0.37082963,0,67.53284324,35.6
229.708,0.37082963,0,67.53284324,35.6
229.72,0.37082963,0,67.53284324,35.6
229.733,0.37082963,0.032956547,67.53903174,35.5
229.746,0.37082963,0.032956547,67.53284324,35.6
229.758,0.37082963,0.032956547,67.56283233,35.5
229.771,0.37082963,0.032956547,67.53284324,35.6
229.784,0.37082963,0.032956547,67.56283233,35.5
229.797,0.37082963,0.032956547,67.53284324,35.6
229.809,0.37082963,0.032956547,67.53903174,35.5
229.822,0.37082963,0.032956547,67.53284324,35.6
229.835,0.37082963,0.032956547,67.53903174,35.5
229.847,0.371681133,0.032956547,67.53284324,35.6
229.86,0.371681133,0,67.53903174,35.5
229.873,0.371681133,0.032956547,67.53284324,35.6
229.885,0.371681133,0.032956547,67.53903174,35.5
229.898,0.371681133,0.032956547,67.53284324,35.6
229.911,0.371681133,0.032956547,67.53903174,35.5
229.924,0.371681133,0.032956547,67.53284324,35.6
229.936,0.371681133,0.032956547,67.53903174,35.5
229.949,0.371681133,0.032956547,67.56283233,35.5
229.962,0.371681133,0.032956547,67.55664382,35.6
229.974,0.37082963,0.032956547,67.55664382,35.6
229.987,0.37082963,0.032956547,67.53284324,35.6
230,0.371681133,0.032956547,67.53903174,35.5
230.013,0.371681133,0,67.55664382,35.6
230.025,0.37082963,0,67.53903174,35.5
230.038,0.37082963,0,67.53284324,35.6
230.051,0.37082963,0.032956547,67.53903174,35.5
230.063,0.371681133,0.032956547,67.53284324,35.6
230.076,0.371681133,0.032956547,67.53903174,35.5
230.089,0.37082963,0,67.53284324,35.6
230.101,0.37082963,0,67.53903174,35.5
230.114,0.37082963,0,67.53284324,35.6
230.127,0.371681133,0,67.53903174,35.5
230.14,0.371681133,0,67.53284324,35.6
230.152,0.37082963,0,67.53903174,35.5
230.165,0.37082963,0,67.53284324,35.6
230.178,0.371681133,0.032956547,67.53903174,35.5
230.19,0.371681133,0.032956547,67.53284324,35.6
230.203,0.371681133,0.032956547,67.53903174,35.5
230.216,0.37082963,0.032956547,67.53284324,35.6
230.229,0.371681133,0.032956547,67.53903174,35.5
230.241,0.37082963,0.032956547,67.53284324,35.6
230.254,0.37082963,0.032956547,67.55664382,35.6
230.267,0.37082963,0.032956547,67.53284324,35.6
230.279,0.37082963,0.032956547,67.53284324,35.6
230.292,0.37082963,0.032956547,67.53903174,35.5
230.305,0.37082963,0.032956547,67.55664382,35.6
230.317,0.37082963,0.032956547,67.56283233,35.5
230.33,0.371681133,0.032956547,67.53284324,35.6
230.343,0.371681133,0.032956547,67.53903174,35.5
230.356,0.371681133,0.032956547,67.53284324,35.6
230.368,0.37082963,0.032956547,67.53903174,35.5
230.381,0.37082963,0.032956547,67.53284324,35.6
230.394,0.37082963,0.032956547,67.53903174,35.5
230.406,0.371681133,0.032956547,67.53284324,35.6
230.419,0.37082963,0.032956547,67.53903174,35.5
230.432,0.37082963,0,67.53284324,35.6
230.444,0.37082963,0,67.53903174,35.5
230.457,0.37082963,0.032956547,67.53284324,35.6
230.47,0.37082963,0.032956547,67.53284324,35.6
230.483,0.37082963,0,67.53284324,35.6
230.495,0.371681133,0,67.53903174,35.5
230.508,0.37082963,0.032956547,67.53284324,35.6
230.521,0.371681133,0.032956547,67.53903174,35.5
230.533,0.37082963,0.032956547,67.53284324,35.6
230.546,0.37082963,0.032956547,67.53284324,35.6
230.559,0.37082963,0.032956547,67.53284324,35.6
230.572,0.37082963,0.032956547,67.55664382,35.6
230.584,0.37082963,0.032956547,67.53284324,35.6
230.597,0.371681133,0.032956547,67.53903174,35.5
230.61,0.371681133,0.032956547,67.53903174,35.5
230.622,0.371681133,0,67.53903174,35.5
230.635,0.37082963,0,67.53284324,35.6
230.648,0.37082963,0.032956547,67.53284324,35.6
230.66,0.37082963,0.032956547,67.53284324,35.6
230.673,0.37082963,0.032956547,67.53284324,35.6
230.686,0.37082963,0.032956547,67.53284324,35.6
230.699,0.371681133,0.032956547,67.53284324,35.6
230.711,0.37082963,0.032956547,67.53903174,35.5
230.724,0.371681133,0.032956547,67.53903174,35.5
230.737,0.371681133,0.032956547,67.53903174,35.5
230.749,0.37082963,0.032956547,67.53284324,35.6
230.762,0.37082963,0.032956547,67.53284324,35.6
230.775,0.37082963,0.032956547,67.53284324,35.6
230.787,0.371681133,0.032956547,67.53284324,35.6
230.8,0.371681133,0.032956547,67.53284324,35.6
230.813,0.371681133,0,67.53903174,35.5
230.826,0.371681133,0,67.53284324,35.6
230.838,0.371681133,0.032956547,67.53284324,35.6
230.851,0.37082963,0.032956547,67.53284324,35.6
230.864,0.371681133,0.032956547,67.53284324,35.6
230.876,0.37082963,0.032956547,67.53284324,35.6
230.889,0.37082963,0.032956547,67.53903174,35.5
230.902,0.37082963,0.032956547,67.53284324,35.6
230.914,0.37082963,0.032956547,67.53903174,35.5
230.927,0.37082963,0.032956547,67.53284324,35.6
230.94,0.371681133,0.032956547,67.53903174,35.5
230.953,0.371681133,0.032956547,67.53284324,35.6
230.965,0.372532637,0.032956547,67.56283233,35.5
230.978,0.371681133,0.032956547,67.55664382,35.6
230.991,0.37082963,0.032956547,67.56283233,35.5
231.003,0.37082963,0,67.53284324,35.6
231.016,0.37082963,0.032956547,67.53903174,35.5
231.029,0.371681133,0.032956547,67.53284324,35.6
231.042,0.371681133,0,67.53903174,35.5
231.054,0.371681133,0,67.53284324,35.6
231.067,0.37082963,0.032956547,67.53284324,35.6
231.08,0.37082963,0.032956547,67.53284324,35.6
231.092,0.371681133,0.032956547,67.53903174,35.5
231.105,0.371681133,0,67.53284324,35.6
231.118,0.371681133,0,67.53903174,35.5
231.13,0.371681133,0,67.53284324,35.6
231.143,0.37082963,0,67.53284324,35.6
231.156,0.37082963,0.032956547,67.53284324,35.6
231.169,0.37082963,0.032956547,67.55664382,35.6
231.181,0.37082963,0.032956547,67.53903174,35.5
231.194,0.37082963,0.032956547,67.53284324,35.6
231.207,0.371681133,0.032956547,67.53903174,35.5
231.219,0.371681133,0.032956547,67.53284324,35.6
231.232,0.371681133,0.032956547,67.53903174,35.5
231.245,0.37082963,0.032956547,67.53284324,35.6
231.258,0.37082963,0.032956547,67.53903174,35.5
231.27,0.37082963,0.032956547,67.53284324,35.6
231.283,0.371681133,0,67.53903174,35.5
231.296,0.371681133,0.032956547,67.53284324,35.6
231.308,0.371681133,0,67.53903174,35.5
231.321,0.371681133,0.032956547,67.53284324,35.6
231.334,0.371681133,0.032956547,67.53903174,35.5
231.346,0.371681133,0.032956547,67.53284324,35.6
231.359,0.37082963,0.032956547,67.53903174,35.5
231.372,0.371681133,0.032956547,67.53284324,35.6
231.385,0.371681133,0.032956547,67.53903174,35.5
231.397,0.371681133,0.032956547,67.53284324,35.6
231.41,0.37082963,0.032956547,67.53903174,35.5
231.423,0.37082963,0.032956547,67.53284324,35.6
231.435,0.37082963,0.032956547,67.55664382,35.6
231.448,0.371681133,0.032956547,67.53284324,35.6
231.461,0.371681133,0.032956547,67.53284324,35.6
231.473,0.371681133,0.032956547,67.53903174,35.5
231.486,0.371681133,0,67.53284324,35.6
231.499,0.371681133,0.032956547,67.53903174,35.5
231.512,0.37082963,0.032956547,67.53284324,35.6
231.524,0.37082963,0,67.53284324,35.6
231.537,0.37082963,0,67.53284324,35.6
231.55,0.371681133,0,67.53284324,35.6
231.562,0.371681133,0.032956547,67.53284324,35.6
231.575,0.371681133,0.032956547,67.53284324,35.6
231.588,0.37082963,0.032956547,67.53284324,35.6
