Project: Evolutionary Intensity Measures for More Accurate and Informative Liquefaction Hazard Evaluation,,,,
Exp9: 33 to 55% Relative Density Cyclic Simple Shear Tests under Transient Loadings,,,,
Operator: Wing Shun Kwan,,,,
Date: 2013-03-29,,,,
,,,,
Time [sec],Shear Strain [%],Shear Stress [kPa],Effective Vertical Stress [kPa],Excess Pore Pressure [kPa]
0.001,0.001284696,-0.397919792,101.9534916,0.3
0.013,0.001284696,-0.397919792,101.9534916,0.3
0.026,0.001284696,-0.397919792,101.929691,0.3
0.038,0.001284696,-0.364963245,101.929691,0.3
0.051,0.001284696,-0.364963245,101.929691,0.3
0.064,0.001284696,-0.364963245,101.929691,0.3
0.076,0.000856464,-0.332006698,101.929691,0.3
0.089,0.001284696,-0.332006698,101.929691,0.3
0.102,0.001284696,-0.364963245,101.929691,0.3
0.115,0.001284696,-0.364963245,101.929691,0.3
0.127,0.001284696,-0.364963245,101.929691,0.3
0.14,0.000856464,-0.364963245,101.929691,0.3
0.153,0.000856464,-0.364963245,101.929691,0.3
0.165,0.000856464,-0.364963245,101.929691,0.3
0.178,0.000856464,-0.364963245,101.929691,0.3
0.191,0.000856464,-0.364963245,101.929691,0.3
0.203,0.000856464,-0.364963245,101.929691,0.3
0.216,0.000856464,-0.364963245,101.929691,0.3
0.229,0.000856464,-0.364963245,101.9358796,0.2
0.242,0.000856464,-0.364963245,101.929691,0.3
0.254,0.000856464,-0.364963245,101.929691,0.3
0.267,0.001284696,-0.364963245,101.929691,0.3
0.28,0.000856464,-0.364963245,101.929691,0.3
0.292,0.001284696,-0.364963245,101.929691,0.3
0.305,0.001284696,-0.364963245,101.929691,0.3
0.318,0.001284696,-0.364963245,101.9358796,0.2
0.33,0.001284696,-0.364963245,101.929691,0.3
0.343,0.001284696,-0.364963245,101.9358796,0.2
0.356,0.001284696,-0.364963245,101.929691,0.3
0.369,0.001284696,-0.364963245,101.9358796,0.2
0.381,0.001284696,-0.364963245,101.9235025,0.4
0.394,0.000856464,-0.364963245,101.9358796,0.2
0.407,0.001284696,-0.364963245,101.929691,0.3
0.419,0.000856464,-0.397919792,101.9358796,0.2
0.432,0.001284696,-0.397919792,101.929691,0.3
0.445,0.001284696,-0.364963245,101.9358796,0.2
0.458,0.001284696,-0.364963245,101.929691,0.3
0.47,0.000856464,-0.364963245,101.929691,0.3
0.483,0.000856464,-0.397919792,101.929691,0.3
0.496,0.000856464,-0.397919792,101.929691,0.3
0.508,0.001284696,-0.397919792,101.929691,0.3
0.521,0.001284696,-0.364963245,101.929691,0.3
0.534,0.001284696,-0.364963245,101.929691,0.3
0.546,0.000856464,-0.364963245,101.929691,0.3
0.559,0.000856464,-0.364963245,101.929691,0.3
0.572,0.001284696,-0.364963245,101.929691,0.3
0.585,0.001284696,-0.364963245,101.929691,0.3
0.597,0.001284696,-0.364963245,101.929691,0.3
0.61,0.000856464,-0.364963245,101.929691,0.3
0.623,0.001284696,-0.364963245,101.929691,0.3
0.635,0.001284696,-0.364963245,101.929691,0.3
0.648,0.001284696,-0.364963245,101.929691,0.3
0.661,0.001284696,-0.364963245,101.929691,0.3
0.673,0.001284696,-0.364963245,101.929691,0.3
0.686,0.001284696,-0.364963245,101.929691,0.3
0.699,0.000856464,-0.364963245,101.929691,0.3
0.712,0.000856464,-0.364963245,101.929691,0.3
0.724,0.000856464,-0.364963245,101.929691,0.3
0.737,0.000856464,-0.364963245,101.929691,0.3
0.75,0.000856464,-0.364963245,101.929691,0.3
0.762,0.000856464,-0.364963245,101.929691,0.3
0.775,0.001284696,-0.364963245,101.929691,0.3
0.788,0.001284696,-0.364963245,101.929691,0.3
0.801,0.000856464,-0.332006698,101.929691,0.3
0.813,0.000856464,-0.332006698,101.929691,0.3
0.826,0.000856464,-0.332006698,101.929691,0.3
0.839,0.000856464,-0.332006698,101.929691,0.3
0.851,0.001284696,-0.332006698,101.929691,0.3
0.864,0.000856464,-0.332006698,101.929691,0.3
0.877,0.000856464,-0.332006698,101.929691,0.3
0.889,0.000856464,-0.332006698,101.929691,0.3
0.902,0.000856464,-0.332006698,101.929691,0.3
0.915,0.000856464,-0.364963245,101.9358796,0.2
0.928,0.000856464,-0.332006698,101.929691,0.3
0.94,0.000856464,-0.332006698,101.9596801,0.2
0.953,0.000856464,-0.332006698,101.929691,0.3
0.966,0.000856464,-0.332006698,101.929691,0.3
0.978,0.001284696,-0.332006698,101.929691,0.3
0.991,0.000856464,-0.332006698,101.929691,0.3
1.004,0.000856464,-0.332006698,101.929691,0.3
1.016,0.001284696,-0.299050151,101.929691,0.3
1.029,0.001284696,-0.299050151,101.929691,0.3
1.042,0.001284696,-0.299050151,101.929691,0.3
1.055,0.001284696,-0.299050151,101.929691,0.3
1.067,0.001284696,-0.299050151,101.929691,0.3
1.08,0.000856464,-0.299050151,101.9358796,0.2
1.093,0.000856464,-0.299050151,101.929691,0.3
1.105,0.000856464,-0.299050151,101.9358796,0.2
1.118,0.000856464,-0.26487299,101.929691,0.3
1.131,0.000856464,-0.26487299,101.9358796,0.2
1.144,0.000856464,-0.26487299,101.929691,0.3
1.156,0.000856464,-0.26487299,101.929691,0.3
1.169,0.000856464,-0.26487299,101.929691,0.3
1.182,0.000856464,-0.26487299,101.929691,0.3
1.194,0.000856464,-0.26487299,101.929691,0.3
1.207,0.001284696,-0.231916443,101.9534916,0.3
1.22,0.001284696,-0.231916443,101.929691,0.3
1.232,0.001284696,-0.26487299,101.929691,0.3
1.245,0.001284696,-0.26487299,101.929691,0.3
1.258,0.001284696,-0.26487299,101.929691,0.3
1.271,0.001284696,-0.26487299,101.929691,0.3
1.283,0.001284696,-0.26487299,101.929691,0.3
1.296,0.000856464,-0.26487299,101.929691,0.3
1.309,0.001284696,-0.26487299,101.929691,0.3
1.321,0.001284696,-0.299050151,101.929691,0.3
1.334,0.000856464,-0.332006698,101.929691,0.3
1.347,0.000856464,-0.332006698,101.929691,0.3
1.359,0.001284696,-0.397919792,101.929691,0.3
1.372,0.001284696,-0.430876339,101.929691,0.3
1.385,0.001284696,-0.498010047,101.929691,0.3
1.398,0.000856464,-0.563923141,101.929691,0.3
1.41,0.001284696,-0.629836235,101.929691,0.3
1.423,0.000856464,-0.696969943,101.929691,0.3
1.436,0.000856464,-0.762883037,101.929691,0.3
1.448,0.001284696,-0.828796131,101.929691,0.3
1.461,0.001284696,-0.895929839,101.929691,0.3
1.474,0.000856464,-0.961842933,101.8939902,0.3
1.487,0.000856464,-1.027756028,101.8939902,0.3
1.499,0.001284696,-1.094889735,101.8939902,0.3
1.512,0.001284696,-1.127846282,101.8939902,0.3
1.525,0.001284696,-1.193759376,101.9001787,0.2
1.537,0.001284696,-1.226715924,101.8939902,0.3
1.55,0.001284696,-1.260893084,101.9001787,0.2
1.563,0.001284696,-1.293849631,101.8878017,0.4
1.575,0.001284696,-1.326806178,101.9001787,0.2
1.588,0.001284696,-1.359762725,101.8878017,0.4
1.601,0.001284696,-1.359762725,101.9001787,0.2
1.614,0.001284696,-1.392719272,101.8939902,0.3
1.626,0.001284696,-1.392719272,101.9001787,0.2
1.639,0.001284696,-1.392719272,101.7939902,0.4
1.652,0.001284696,-1.392719272,101.8001787,0.3
1.664,0.001284696,-1.359762725,101.7521008,0.5
1.677,0.001284696,-1.359762725,101.7582893,0.4
1.69,0.001284696,-1.326806178,101.7582893,0.4
1.702,0.001284696,-1.293849631,101.7582893,0.4
1.715,0.001284696,-1.260893084,101.7939902,0.4
1.728,0.001284696,-1.226715924,101.7939902,0.4
1.741,0.001284696,-1.160802829,101.7582893,0.4
1.753,0.001284696,-1.127846282,101.7582893,0.4
1.766,0.001284696,-1.061933188,101.7582893,0.4
1.779,0.00214116,-0.99479948,101.7582893,0.4
1.791,0.001284696,-0.928886386,101.7582893,0.4
1.804,0.001284696,-0.862973292,101.7582893,0.4
1.817,0.001284696,-0.795839584,101.7644778,0.3
1.83,0.001284696,-0.72992649,101.7582893,0.4
1.842,0.001284696,-0.662792783,101.7582893,0.4
1.855,0.001284696,-0.563923141,101.7939902,0.4
1.868,0.001284696,-0.498010047,101.7939902,0.4
1.88,0.001284696,-0.430876339,101.7939902,0.4
1.893,0.001284696,-0.364963245,101.7939902,0.4
1.906,0.001284696,-0.299050151,101.7939902,0.4
1.918,0.001284696,-0.231916443,101.7939902,0.4
1.931,0.001284696,-0.166003349,101.7939902,0.4
1.944,0.001284696,-0.100090254,101.7939902,0.4
1.957,0.001284696,-0.032956547,101.7939902,0.4
1.969,0.001284696,0.032956547,101.7939902,0.4
1.982,0.001284696,0.100090254,101.7939902,0.4
1.995,0.001284696,0.166003349,101.7939902,0.4
2.007,0.001284696,0.26487299,101.7939902,0.4
2.02,0.001284696,0.332006698,101.7939902,0.4
2.033,0.001284696,0.364963245,101.7939902,0.4
2.045,0.001284696,0.430876339,101.7939902,0.4
2.058,0.001284696,0.498010047,101.6939902,0.5
2.071,0.001284696,0.530966594,101.6939902,0.5
2.084,0.000856464,0.596879688,101.6939902,0.5
2.096,0.000856464,0.629836235,101.6939902,0.5
2.109,0.000856464,0.662792783,101.6939902,0.5
2.122,0.000856464,0.696969943,101.7001787,0.4
2.134,0.000856464,0.762883037,101.6939902,0.5
2.147,0.000856464,0.762883037,101.7001787,0.4
2.16,0.001284696,0.795839584,101.6939902,0.5
2.173,0.000856464,0.795839584,101.6939902,0.5
2.185,0.000856464,0.828796131,101.6939902,0.5
2.198,0.000856464,0.828796131,101.6939902,0.5
2.211,0.000856464,0.828796131,101.6582893,0.5
2.223,0.000856464,0.828796131,101.6582893,0.5
2.236,0.000856464,0.795839584,101.6582893,0.5
2.249,0.000856464,0.795839584,101.6582893,0.5
2.261,0.000856464,0.795839584,101.6582893,0.5
2.274,0.000856464,0.762883037,101.6582893,0.5
2.287,0.000856464,0.72992649,101.6582893,0.5
2.3,0.000856464,0.72992649,101.6939902,0.5
2.312,0.000856464,0.696969943,101.6644778,0.4
2.325,0.000856464,0.696969943,101.6582893,0.5
2.338,0.001284696,0.662792783,101.6644778,0.4
2.35,0.001284696,0.629836235,101.6582893,0.5
2.363,0.001284696,0.596879688,101.6644778,0.4
2.376,0.001284696,0.563923141,101.6582893,0.5
2.388,0.000856464,0.563923141,101.6582893,0.5
2.401,0.000856464,0.530966594,101.7582893,0.4
2.414,0.000856464,0.463832887,101.6582893,0.5
2.427,0.000856464,0.430876339,101.7582893,0.4
2.439,0.000856464,0.397919792,101.7582893,0.4
2.452,0.000856464,0.364963245,101.7582893,0.4
2.465,0.001284696,0.332006698,101.7582893,0.4
2.477,0.000856464,0.299050151,101.7582893,0.4
2.49,0.001284696,0.26487299,101.7521008,0.5
2.503,0.001284696,0.231916443,101.7644778,0.3
2.516,0.001284696,0.198959896,101.7582893,0.4
2.528,0.001284696,0.166003349,101.7644778,0.3
2.541,0.001284696,0.166003349,101.7582893,0.4
2.554,0.000856464,0.166003349,101.7582893,0.4
2.566,0.000856464,0.166003349,101.7582893,0.4
2.579,0.000856464,0.166003349,101.7644778,0.3
2.592,0.000856464,0.198959896,101.7582893,0.4
2.604,0.000856464,0.198959896,101.7582893,0.4
2.617,0.000856464,0.231916443,101.7582893,0.4
2.63,0.000856464,0.231916443,101.7582893,0.4
2.643,0.000856464,0.299050151,101.7582893,0.4
2.655,0.001284696,0.299050151,101.7582893,0.4
2.668,0.000856464,0.332006698,101.6582893,0.5
2.681,0.000856464,0.364963245,101.6582893,0.5
2.693,0.000856464,0.397919792,101.6582893,0.5
2.706,0.000856464,0.397919792,101.6582893,0.5
2.719,0.000856464,0.397919792,101.6582893,0.5
2.731,0.001284696,0.397919792,101.6582893,0.5
2.744,0.000856464,0.364963245,101.6582893,0.5
2.757,0.001284696,0.332006698,101.7582893,0.4
2.77,0.001284696,0.26487299,101.7582893,0.4
2.782,0.000856464,0.166003349,101.7582893,0.4
2.795,0.000856464,0.065913094,101.7582893,0.4
2.808,0.001284696,-0.065913094,101.7287769,0.3
2.82,0.001284696,-0.231916443,101.7225884,0.4
2.833,0.001284696,-0.430876339,101.7287769,0.3
2.846,0.001284696,-0.629836235,101.7225884,0.4
2.859,0.001284696,-0.862973292,101.7225884,0.4
2.871,0.001284696,-1.127846282,101.7225884,0.4
2.884,0.001284696,-1.45985298,101.6225884,0.5
2.897,0.001284696,-1.790639065,101.5987878,0.5
2.909,0.00214116,-2.155602309,101.5987878,0.5
2.922,0.00214116,-2.553522102,101.463087,0.6
2.935,0.002569392,-2.985619054,101.463087,0.6
2.947,0.002569392,-3.44945194,101.3273861,0.7
2.96,0.003854088,-3.947461987,101.2035855,0.8
2.973,0.004710553,-4.411294873,101.109774,0.8
2.986,0.005138785,-4.942261467,101.0035855,1
2.998,0.005995249,-5.440271514,100.809774,1.1
3.011,0.006423481,-5.937060947,100.6035855,1.4
3.024,0.007708177,-6.367937287,100.409774,1.5
3.036,0.008564641,-6.800034239,100.2035855,1.8
3.049,0.008992873,-7.132040937,100.009774,1.9
3.062,0.009849337,-7.331000833,99.79739701,2.3
3.074,0.010705801,-7.429870474,99.67407315,2.2
3.087,0.011134033,-7.396913927,99.56788464,2.4
3.1,0.011134033,-7.263867126,99.47407315,2.4
3.113,0.011134033,-7.064907229,99.46788464,2.5
3.125,0.011134033,-6.732900532,99.47407315,2.4
3.138,0.011134033,-6.302024192,99.46788464,2.5
3.151,0.011134033,-5.805234759,99.46788464,2.5
3.163,0.011134033,-5.241311618,99.46788464,2.5
3.176,0.011134033,-4.643211317,99.43218377,2.5
3.189,0.010705801,-4.013375081,99.46788464,2.5
3.201,0.010705801,-3.350582299,99.46788464,2.5
3.214,0.010705801,-2.653612356,99.50358551,2.5
3.227,0.010705801,-1.923685866,99.50358551,2.5
3.24,0.009849337,-1.226715924,99.50358551,2.5
3.252,0.008992873,-0.463832887,99.4273861,2.6
3.265,0.008992873,0.364963245,99.36308697,2.7
3.278,0.008564641,1.193759376,99.29878784,2.8
3.29,0.007708177,2.023776121,99.19878784,2.9
3.303,0.007279945,2.819615705,99.12258842,3
3.316,0.005995249,3.582498742,98.9582893,3.2
3.329,0.005138785,4.411294873,98.89399017,3.3
3.341,0.003854088,5.207134458,98.62969104,3.6
3.354,0.00214116,6.037151202,98.35349163,3.9
3.367,0,6.865947333,97.9891925,4.3
3.379,-0.00214116,7.62883037,97.62489337,4.7
3.392,-0.004710553,8.292843766,97.24869396,5.1
3.405,-0.007279945,8.822589747,96.84869396,5.5
3.417,-0.008992873,9.187552992,96.52489337,5.8
3.43,-0.011134033,9.420690048,96.1891925,6.1
3.443,-0.01241873,9.519559689,96.05349163,6.2
3.456,-0.013275194,9.486603142,95.92969104,6.3
3.468,-0.013275194,9.386512888,95.89399017,6.3
3.481,-0.013703426,9.187552992,95.8582893,6.3
3.494,-0.013703426,8.889723454,95.92258842,6.2
3.506,-0.013703426,8.491803662,96.02258842,6.1
3.519,-0.013703426,7.993793615,96.06927548,5.9
3.532,-0.013703426,7.36395738,96.2273861,5.8
3.545,-0.01241873,6.699943985,96.3273861,5.7
3.557,-0.011990498,5.937060947,96.40358551,5.6
3.57,-0.011134033,5.108264816,96.50977402,5.4
3.583,-0.009849337,4.245291525,96.50358551,5.5
3.595,-0.008564641,3.316405139,96.40977402,5.5
3.608,-0.007279945,2.321605658,96.16788464,5.8
3.621,-0.005995249,1.260893084,95.97407315,5.9
3.633,-0.004710553,0.100090254,95.70358551,6.3
3.646,-0.003425856,-1.094889735,95.40358551,6.6
3.659,-0.00214116,-2.388739366,95.0273861,7
3.672,-0.000856464,-3.847371732,94.69878784,7.4
3.684,0.001284696,-5.473228061,94.4582893,7.7
3.697,0.004710553,-7.230910578,93.92969104,8.3
3.71,0.008564641,-8.955636548,93.33108188,8.9
3.722,0.013703426,-10.44844608,92.5200957,9.9
3.735,0.020555139,-11.70933916,91.75718741,10.7
3.748,0.028263316,-12.70413864,90.81050036,11.8
3.76,0.036827957,-13.53293477,89.88809061,12.7
3.773,0.04582083,-14.22990471,89.03521505,13.8
3.786,0.055241935,-14.79382785,88.41280531,14.4
3.799,0.063806576,-15.19174765,87.70800764,15.2
3.811,0.071086521,-15.52375434,87.1736976,15.7
3.824,0.078366466,-15.75567079,86.76750909,16.2
3.837,0.084789947,-15.95463068,86.56750909,16.4
3.849,0.089500499,-15.98758723,86.40800764,16.5
3.862,0.092498124,-15.88871759,86.23660589,16.6
3.875,0.095067516,-15.65558053,86.27710444,16.5
3.887,0.096780444,-15.29061729,86.30570269,16.4
3.9,0.096780444,-14.8267844,86.31050036,16.3
3.913,0.097208676,-14.19694817,86.37959716,16.1
3.926,0.096780444,-13.49997822,86.54869396,15.8
3.938,0.096780444,-12.70413864,86.5582893,15.6
3.951,0.09592398,-11.84116535,86.70358551,15.3
3.964,0.095067516,-10.91227896,86.69648289,15.2
3.976,0.094639284,-9.884522934,86.59648289,15.3
3.989,0.093354588,-8.690763558,86.53218377,15.4
4.002,0.092498124,-7.36395738,86.43218377,15.5
4.015,0.091213428,-5.937060947,86.26788464,15.7
4.027,0.089928731,-4.378338326,85.96788464,16
4.04,0.088644035,-2.786659158,85.70358551,16.3
4.053,0.086931107,-1.226715924,85.5273861,16.5
4.065,0.084789947,0.299050151,85.1273861,16.9
4.078,0.082220554,1.72472597,84.99878784,17.1
4.091,0.078366466,3.084488695,84.72258842,17.4
4.103,0.07494061,4.345381779,84.59399017,17.6
4.116,0.071086521,5.506184608,84.42969104,17.8
4.129,0.066804201,6.63403089,84.12969104,18.1
4.142,0.061665416,7.661786918,83.82969104,18.4
4.154,0.056526631,8.623629851,83.42969104,18.8
4.167,0.051816079,9.386512888,83.09399017,19.1
4.18,0.04796199,10.01756974,82.80017868,19.3
4.192,0.044536134,10.48140262,82.59399017,19.6
4.205,0.041538509,10.78045277,82.50017868,19.6
4.218,0.038969117,10.97941267,82.49399017,19.7
4.23,0.037256189,11.11123886,82.50017868,19.6
4.243,0.035971493,11.17837257,82.45210079,19.8
4.256,0.034686796,11.14541602,82.5644778,19.5
4.269,0.034258564,11.04532576,82.65210079,19.6
4.281,0.0334021,10.91227896,82.7644778,19.3
4.294,0.0334021,10.64740597,82.8582893,19.3
4.307,0.0334021,10.31539927,83.0644778,19
4.319,0.0334021,9.81860984,83.1582893,19
4.332,0.034258564,9.187552992,83.32877693,18.7
4.345,0.034258564,8.424669955,83.49878784,18.6
4.358,0.035543261,7.529960729,83.69878784,18.4
4.37,0.037256189,6.568117796,83.66308697,18.4
4.383,0.039397349,5.572097703,83.66308697,18.4
4.396,0.041966741,4.544341675,83.66308697,18.4
4.408,0.044107902,3.482408487,83.46308697,18.6
4.421,0.04582083,2.45465246,83.26927548,18.7
4.434,0.04796199,1.426896432,82.96308697,19.1
4.446,0.049246686,0.364963245,82.76927548,19.2
4.459,0.051387847,-0.662792783,82.46308697,19.6
4.472,0.051816079,-1.691769423,82.29878784,19.8
4.485,0.053100775,-2.885528799,82.12258842,20
4.497,0.055670167,-4.17937843,82.0582893,20.1
4.51,0.058667791,-5.539141155,82.02969104,20.2
4.523,0.061237184,-6.865947333,81.8891925,20.4
4.535,0.063806576,-8.09388387,81.88439483,20.5
4.548,0.066375968,-9.221730152,81.77959716,20.7
4.561,0.069801825,-10.18357308,81.68669978,20.9
4.573,0.072799449,-11.04532576,81.70570269,21
4.586,0.075368842,-11.70933916,81.71280531,21.1
4.599,0.078794698,-12.17317205,81.67230676,21.2
4.612,0.080935858,-12.4722222,81.63180822,21.3
4.624,0.082648787,-12.60404838,81.56750909,21.4
4.637,0.083933483,-12.67118209,81.56750909,21.4
4.65,0.085218179,-12.67118209,81.66750909,21.3
4.662,0.086931107,-12.60404838,81.66750909,21.3
4.675,0.087359339,-12.50517874,81.73180822,21.2
4.688,0.087359339,-12.33917539,81.73180822,21.2
4.701,0.087359339,-12.0743024,81.80800764,21.1
4.713,0.088215803,-11.74229571,81.83660589,21
4.726,0.088215803,-11.31019875,81.84140356,20.9
4.739,0.088215803,-10.81340932,81.88190211,20.8
4.751,0.087359339,-10.18357308,81.8509989,20.7
4.764,0.086931107,-9.420690048,81.78439483,20.6
4.777,0.086931107,-8.491803662,81.75349163,20.5
4.789,0.086074643,-7.429870474,81.62258842,20.5
4.802,0.086074643,-6.302024192,81.56308697,20.5
4.815,0.085218179,-5.141221363,81.4273861,20.6
4.828,0.084789947,-3.947461987,81.3273861,20.7
4.84,0.084789947,-2.786659158,81.26308697,20.8
4.853,0.083505251,-1.658812876,81.26308697,20.8
4.866,0.082220554,-0.463832887,81.19878784,20.9
4.878,0.080079394,0.762883037,81.12258842,21
4.891,0.078366466,2.056732668,80.92258842,21.2
4.904,0.075368842,3.316405139,80.89399017,21.3
4.916,0.073655913,4.511385128,80.8891925,21.4
4.929,0.071086521,5.63923141,80.84869396,21.5
4.942,0.067660665,6.732900532,80.68439483,21.7
4.955,0.064234808,7.694743465,80.51390719,22
4.967,0.061237184,8.491803662,80.3200957,22.1
4.98,0.058667791,9.08868335,80.21390719,22.3
4.993,0.055670167,9.486603142,80.1200957,22.3
5.005,0.054385471,9.685563038,80.07820632,22.4
5.018,0.053957239,9.718519585,80.04869396,22.3
5.031,0.053100775,9.619649944,80.14869396,22.2
5.044,0.052672543,9.420690048,80.12489337,22.2
5.056,0.052672543,9.121639897,80.1891925,22.1
5.069,0.052672543,8.690763558,80.25349163,22
5.082,0.052672543,8.09388387,80.42969104,21.8
5.094,0.053100775,7.36395738,80.4582893,21.7
5.107,0.054385471,6.533940636,80.52258842,21.6
5.12,0.055670167,5.60505425,80.49878784,21.6
5.132,0.056954863,4.643211317,80.49878784,21.6
5.145,0.059096024,3.681368384,80.49259933,21.7
5.158,0.06038072,2.752481998,80.39878784,21.7
5.171,0.061665416,1.824816225,80.29259933,21.9
5.183,0.062950112,0.928886386,80.19878784,21.9
5.196,0.063806576,0.032956547,79.99259933,22.2
5.209,0.065091272,-0.828796131,79.79878784,22.3
5.221,0.065519504,-1.757682517,79.71639992,22.5
5.234,0.066375968,-2.819615705,79.6582893,22.5
5.247,0.068517129,-4.013375081,79.69399017,22.5
5.259,0.070230057,-5.340181259,79.65349163,22.6
5.272,0.072799449,-6.601074343,79.61870487,22.8
5.285,0.07494061,-7.827790266,79.5200957,22.9
5.298,0.076653538,-8.955636548,79.5509989,23
5.31,0.078794698,-10.01756974,79.58190211,23.1
5.323,0.08136409,-10.94645612,79.51280531,23.3
5.336,0.084789947,-11.77525225,79.53180822,23.4
5.348,0.088215803,-12.43804504,79.46271142,23.6
5.361,0.091213428,-12.93605508,79.35791375,23.8
5.374,0.094639284,-13.30101833,79.36501637,23.9
5.387,0.098065141,-13.63302503,79.32451783,24
5.399,0.100634533,-13.86494147,79.25403019,24.2
5.412,0.103203925,-13.99798827,79.18401928,24.2
5.425,0.104916853,-13.99798827,79.17783077,24.3
5.437,0.106629782,-13.93085456,79.08401928,24.3
5.45,0.107058014,-13.76485121,79.11353165,24.4
5.463,0.107914478,-13.49997822,79.18401928,24.2
5.475,0.107914478,-13.16797153,79.15403019,24.3
5.488,0.107914478,-12.73709519,79.16501637,24.1
5.501,0.107914478,-12.20612859,79.05172524,24.2
5.514,0.107914478,-11.57629236,79.13891084,23.9
5.526,0.107058014,-10.84636587,79.06611826,23.9
5.539,0.107058014,-9.984613189,79.00570269,23.7
5.552,0.106629782,-8.922680001,78.90910952,23.7
5.564,0.105773318,-7.761877172,78.82489337,23.5
5.577,0.104916853,-6.533940636,78.5582893,23.6
5.59,0.104488621,-5.274268165,78.46308697,23.6
5.602,0.103632157,-4.013375081,78.3273861,23.7
5.615,0.103203925,-2.786659158,78.2273861,23.8
5.628,0.101919229,-1.525766074,78.16308697,23.9
5.641,0.099778069,-0.231916443,78.06308697,24
5.653,0.098065141,1.061933188,77.99878784,24.1
5.666,0.095067516,2.354562206,77.81639992,24.4
5.679,0.092498124,3.582498742,77.79399017,24.4
5.691,0.089928731,4.710345024,77.78300399,24.6
5.704,0.087359339,5.871147853,77.75488246,24.5
5.717,0.083933483,7.031950682,77.47820632,25
5.73,0.079651162,8.159796964,77.3200957,25.1
5.742,0.07494061,9.187552992,77.04960807,25.5
5.755,0.071086521,10.08348283,76.75579658,25.7
5.768,0.066375968,10.81340932,76.57340865,26
5.78,0.06252188,11.31019875,76.37959716,26.1
5.793,0.059096024,11.57629236,76.27959716,26.2
5.806,0.056954863,11.70933916,76.25579658,26.2
5.818,0.055670167,11.74229571,76.2200957,26.2
5.831,0.054385471,11.675162,76.28439483,26.1
5.844,0.053957239,11.51037926,76.24869396,26.1
5.857,0.053957239,11.27724221,76.31870487,26.1
5.869,0.053957239,10.91227896,76.3891925,25.9
5.882,0.053957239,10.44844608,76.45349163,25.8
5.895,0.053957239,9.78443268,76.62969104,25.6
5.907,0.054385471,8.988593096,76.69399017,25.5
5.92,0.055670167,8.026750163,76.72258842,25.4
5.933,0.057811327,6.998994135,76.79878784,25.3
5.945,0.059952488,5.871147853,76.79878784,25.3
5.958,0.06252188,4.776258118,76.76308697,25.3
5.971,0.065091272,3.615455289,76.66308697,25.4
5.984,0.066804201,2.45465246,76.46308697,25.6
5.996,0.068517129,1.293849631,76.26308697,25.8
6.009,0.070230057,0.166003349,75.96308697,26.1
6.022,0.071514753,-0.961842933,75.69878784,26.4
6.034,0.072799449,-2.18977947,75.62258842,26.5
6.047,0.075368842,-3.582498742,75.4582893,26.7
6.06,0.078366466,-5.108264816,75.42969104,26.8
6.073,0.08136409,-6.601074343,75.2891925,27
6.085,0.083933483,-8.026750163,75.28439483,27.1
6.098,0.087359339,-9.386512888,75.21529803,27.3
6.111,0.091213428,-10.58149288,75.28190211,27.4
6.123,0.095067516,-11.6092489,75.21280531,27.6
6.136,0.100634533,-12.4722222,75.13180822,27.8
6.149,0.104916853,-13.10205843,75.06271142,28
6.161,0.11048387,-13.60006848,74.98742612,28.3
6.174,0.114766191,-13.96381111,74.96501637,28.3
6.187,0.119048511,-14.22990471,74.91832932,28.5
6.2,0.122046136,-14.32877435,74.9602187,28.4
6.212,0.124187296,-14.32877435,74.91832932,28.5
6.225,0.125471992,-14.19694817,74.88881695,28.4
6.238,0.126756688,-13.96381111,74.88881695,28.4
6.25,0.126756688,-13.56589132,74.96501637,28.3
6.263,0.126756688,-13.13501498,74.89361462,28.3
6.276,0.126756688,-12.60404838,74.93411317,28.2
6.288,0.126756688,-12.0071687,74.90320997,28.1
6.301,0.126328456,-11.27724221,74.93660589,27.9
6.314,0.126328456,-10.44844608,74.88190211,27.8
6.327,0.125471992,-9.486603142,74.77340865,27.8
6.339,0.124615528,-8.35875686,74.6891925,27.6
6.352,0.124187296,-7.164997484,74.51639992,27.7
6.365,0.123330832,-5.9041044,74.3273861,27.7
6.377,0.1229026,-4.643211317,74.19739701,27.9
6.39,0.121617904,-3.350582299,74.0335746,27.9
6.403,0.120761439,-2.056732668,73.95689846,28.2
6.416,0.119048511,-0.72992649,73.89878784,28.2
6.428,0.116907351,0.563923141,73.79259933,28.4
6.441,0.114337959,1.890729319,73.62258842,28.5
6.454,0.110912102,3.117445243,73.55210079,28.7
6.466,0.10834271,4.312425232,73.55349163,28.7
6.479,0.104916853,5.473228061,73.54250545,28.9
6.492,0.101919229,6.63403089,73.38439483,29
6.504,0.097208676,7.827790266,73.1200957,29.3
6.517,0.092069892,8.955636548,72.95579658,29.5
6.53,0.087359339,9.984613189,72.67959716,29.8
6.543,0.082220554,10.84636587,72.51529803,30
6.555,0.076653538,11.51037926,72.31529803,30.2
6.568,0.072799449,11.9412556,72.11529803,30.4
6.581,0.069801825,12.23908514,72.07959716,30.4
6.593,0.066804201,12.40508849,72.07959716,30.4
6.606,0.065091272,12.4722222,72.07959716,30.4
6.619,0.063806576,12.43804504,72.05579658,30.4
6.631,0.062950112,12.30621885,72.1200957,30.3
6.644,0.06252188,12.10725895,72.18439483,30.2
6.657,0.061665416,11.84116535,72.24869396,30.1
6.67,0.061665416,11.41028901,72.32489337,30
6.682,0.061665416,10.84636587,72.3891925,29.9
6.695,0.06252188,10.11643938,72.52969104,29.7
6.708,0.062950112,9.254686699,72.6582893,29.5
6.72,0.065091272,8.258666606,72.72258842,29.4
6.733,0.066804201,7.197954031,72.79878784,29.3
6.746,0.069801825,6.103064296,72.76308697,29.3
6.759,0.072799449,4.975218014,72.66308697,29.4
6.771,0.07494061,3.814415185,72.56308697,29.5
6.784,0.077510002,2.686568903,72.36308697,29.7
6.797,0.079651162,1.525766074,72.06308697,30
6.809,0.08136409,0.430876339,71.76308697,30.3
6.822,0.082648787,-0.696969943,71.56308697,30.5
6.835,0.083933483,-1.824816225,71.42258842,30.7
6.847,0.086074643,-3.117445243,71.25210079,31
6.86,0.089500499,-4.511385128,71.19399017,31
6.873,0.092498124,-5.937060947,71.12350254,31.2
6.886,0.09592398,-7.296823673,71.02489337,31.3
6.898,0.099349837,-8.590673304,71.01390719,31.5
6.911,0.103203925,-9.78443268,71.02148654,31.4
6.924,0.107058014,-10.81340932,70.94001273,31.8
6.936,0.111768566,-11.70933916,70.97710444,31.8
6.949,0.116479119,-12.37213194,70.90181913,32.1
6.962,0.120761439,-12.87014199,70.90320997,32.1
6.974,0.125471992,-13.23510523,70.85652291,32.3
6.987,0.128897848,-13.46702168,70.8984123,32.2
7,0.131467241,-13.60006848,70.93411317,32.2
7.013,0.134036633,-13.60006848,70.93411317,32.2
7.025,0.135321329,-13.53293477,70.93411317,32.2
7.038,0.136177793,-13.33397487,70.9984123,32.1
7.051,0.136177793,-13.06910188,70.96271142,32.1
7.063,0.136177793,-12.70413864,71.09702146,32
7.076,0.136177793,-12.2732623,71.13180822,31.8
7.089,0.136177793,-11.675162,71.1066168,31.8
7.102,0.136177793,-10.97941267,71.18190211,31.5
7.114,0.135321329,-10.11643938,71.20910952,31.4
7.127,0.134464865,-9.055726803,71.12489337,31.2
7.14,0.134036633,-7.860746814,71.05210079,31.2
7.152,0.133180169,-6.533940636,70.96308697,31.1
7.165,0.132751937,-5.17417791,70.8273861,31.2
7.178,0.131895473,-3.748502091,70.7273861,31.3
7.19,0.130610777,-2.354562206,70.66308697,31.4
7.203,0.128897848,-0.928886386,70.49878784,31.6
7.216,0.126756688,0.563923141,70.39878784,31.7
7.229,0.124187296,2.056732668,70.22258842,31.9
7.241,0.120761439,3.515365035,70.22969104,32
7.254,0.116907351,4.90930492,70.31870487,32.1
7.267,0.113053262,6.269067645,70.18439483,32.2
7.279,0.10834271,7.728920625,69.91390719,32.6
7.292,0.101919229,9.187552992,69.67959716,32.8
7.305,0.094639284,10.58149288,69.3509989,33.2
7.317,0.086074643,11.84116535,69.11050036,33.5
7.33,0.077510002,12.93605508,68.84620123,33.8
7.343,0.067660665,13.79902837,68.58190211,34.1
7.356,0.058667791,14.46182116,68.3757136,34.4
7.368,0.05010315,14.9598312,68.18190211,34.5
7.381,0.041966741,15.29061729,68.08190211,34.6
7.394,0.035971493,15.48957718,68.04620123,34.6
7.406,0.032117404,15.58966744,68.01050036,34.6
7.419,0.028263316,15.62262399,68.08669978,34.5
7.432,0.025693923,15.52375434,68.1509989,34.4
7.445,0.024409227,15.32479445,68.21529803,34.3
7.457,0.023552763,15.0257443,68.35579658,34.1
7.47,0.023124531,14.62782451,68.5200957,33.9
7.483,0.023552763,14.09685791,68.64869396,33.7
7.495,0.023552763,13.39988797,68.8891925,33.4
7.508,0.024409227,12.50517874,69.02969104,33.2
7.521,0.025693923,11.51037926,69.1582893,33
7.533,0.027406851,10.44844608,69.29259933,32.9
7.546,0.030404476,9.386512888,69.36308697,32.7
7.559,0.034258564,8.258666606,69.22119759,32.9
7.572,0.038112653,7.097863777,69.0273861,33
7.584,0.042823205,5.9041044,68.72119759,33.4
7.597,0.046677294,4.643211317,68.4273861,33.6
7.61,0.051387847,3.283448591,68.12119759,34
7.622,0.055241935,1.890729319,67.76308697,34.3
7.635,0.058667791,0.530966594,67.45689846,34.7
7.648,0.06038072,-0.662792783,67.09878784,35
7.66,0.06252188,-1.757682517,66.91639992,35.3
7.673,0.065091272,-2.885528799,66.8582893,35.3
7.686,0.068945361,-4.113465336,66.65210079,35.6
7.699,0.074084145,-5.373137807,66.5582893,35.6
7.711,0.079651162,-6.601074343,66.39399017,35.8
7.724,0.084789947,-7.794833719,66.32969104,35.9
7.737,0.089928731,-8.822589747,66.35349163,35.9
7.749,0.095067516,-9.718519585,66.2891925,36
7.762,0.100634533,-10.48140262,66.22489337,36.1
7.775,0.105773318,-11.11123886,66.17820632,36.3
7.788,0.110912102,-11.54333581,66.1200957,36.3
7.8,0.114766191,-11.8082088,66.01390719,36.5
7.813,0.117763815,-11.87412189,66.0200957,36.4
7.826,0.119048511,-11.87412189,65.87820632,36.6
7.838,0.120333207,-11.77525225,65.98439483,36.4
7.851,0.120761439,-11.57629236,65.94250545,36.5
7.864,0.121617904,-11.31019875,65.92489337,36.4
7.876,0.121617904,-10.94645612,65.98300399,36.4
7.889,0.121617904,-10.48140262,65.92969104,36.3
7.902,0.121617904,-9.884522934,65.98780166,36.3
7.915,0.121617904,-9.154596445,65.92258842,36.2
7.927,0.120761439,-8.391713407,65.89878784,36.2
7.94,0.120761439,-7.529960729,65.86308697,36.2
7.953,0.120333207,-6.568117796,65.89878784,36.2
7.965,0.120333207,-5.572097703,65.89878784,36.2
7.978,0.119476743,-4.544341675,65.79259933,36.4
7.991,0.118192047,-3.482408487,65.69878784,36.4
8.003,0.117763815,-2.421695913,65.59878784,36.5
8.016,0.116479119,-1.392719272,65.49878784,36.6
8.029,0.114766191,-0.332006698,65.42258842,36.7
8.042,0.113053262,0.828796131,65.3582893,36.8
8.054,0.11048387,2.023776121,65.15210079,37.1
8.067,0.107914478,3.250492044,65.12969104,37.1
8.08,0.104916853,4.411294873,65.11870487,37.3
8.092,0.101919229,5.506184608,65.08439483,37.3
8.105,0.098493373,6.601074343,65.01390719,37.5
8.118,0.094639284,7.661786918,64.85579658,37.6
8.131,0.090785196,8.623629851,64.70910952,37.9
8.143,0.086931107,9.420690048,64.6509989,37.9
8.156,0.083933483,10.05052628,64.48051127,38.2
8.169,0.08136409,10.48140262,64.48669978,38.1
8.181,0.079651162,10.74749623,64.38051127,38.3
8.194,0.078366466,10.84636587,64.38669978,38.2
8.207,0.077510002,10.84636587,64.3509989,38.2
8.219,0.076653538,10.74749623,64.4509989,38.1
8.232,0.076653538,10.61444942,64.41529803,38.1
8.245,0.076225306,10.41548953,64.47959716,38
8.258,0.076225306,10.14939592,64.57959716,37.9
8.27,0.076653538,9.751476133,64.6200957,37.8
8.283,0.076653538,9.287643246,64.68439483,37.7
8.296,0.076653538,8.690763558,64.84250545,37.6
8.308,0.077510002,7.993793615,64.8891925,37.4
8.321,0.078794698,7.164997484,64.92350254,37.4
8.334,0.080079394,6.302024192,64.8582893,37.3
8.346,0.082648787,5.406094354,64.91639992,37.3
8.359,0.084789947,4.444251421,64.79878784,37.3
8.372,0.086931107,3.482408487,64.69259933,37.5
8.385,0.088644035,2.553522102,64.59878784,37.5
8.397,0.089928731,1.591679168,64.49259933,37.7
8.41,0.091213428,0.662792783,64.19878784,37.9
8.423,0.092498124,-0.198959896,63.99878784,38.1
8.435,0.093354588,-1.160802829,63.82258842,38.3
8.448,0.094639284,-2.222736017,63.7582893,38.4
8.461,0.096780444,-3.416495393,63.58780166,38.7
8.474,0.099349837,-4.710345024,63.52969104,38.7
8.486,0.102347461,-6.004194655,63.44730312,38.9
8.499,0.105773318,-7.296823673,63.44869396,38.9
8.512,0.10834271,-8.457626502,63.41390719,39.1
8.524,0.111768566,-9.486603142,63.31529803,39.2
8.537,0.116479119,-10.44844608,63.34001273,39.4
8.55,0.120761439,-11.27724221,63.34140356,39.4
8.562,0.126328456,-11.9412556,63.33041738,39.6
8.575,0.131467241,-12.43804504,63.30800764,39.6
8.588,0.136606025,-12.80300828,63.16132059,39.9
8.601,0.14174481,-13.03614534,63.20320997,39.8
8.613,0.145170667,-13.16797153,63.13272233,40
8.626,0.148596523,-13.23510523,63.13891084,39.9
8.639,0.149881219,-13.16797153,62.99702146,40.1
8.651,0.151594147,-13.06910188,62.99702146,40.1
8.664,0.151594147,-12.83718544,63.06750909,39.9
8.677,0.152450611,-12.53813529,63.02561971,40
8.689,0.152878844,-12.17317205,63.00800764,39.9
8.702,0.152878844,-11.675162,63.03041738,39.9
8.715,0.152450611,-11.07828231,63.04140356,39.7
8.728,0.152450611,-10.34835582,62.91050036,39.7
8.74,0.151594147,-9.519559689,62.87340865,39.7
8.753,0.151165915,-8.524760209,62.82489337,39.5
8.766,0.151165915,-7.462827022,62.68780166,39.6
8.778,0.150309451,-6.33498074,62.49878784,39.6
8.791,0.149881219,-5.141221363,62.45689846,39.7
8.804,0.149024755,-3.947461987,62.26308697,39.8
8.817,0.147740059,-2.71952545,62.16308697,39.9
8.829,0.146455363,-1.525766074,62.09878784,40
8.842,0.144742434,-0.299050151,61.89259933,40.3
8.855,0.14174481,0.928886386,61.82258842,40.3
8.867,0.138747186,2.18977947,61.61639992,40.6
8.88,0.136177793,3.416495393,61.59399017,40.6
8.893,0.131895473,4.544341675,61.5891925,40.7
8.905,0.128897848,5.63923141,61.58439483,40.8
8.918,0.124615528,6.767077692,61.4200957,41
8.931,0.120333207,7.927880521,61.25579658,41.2
8.944,0.114766191,9.021549643,61.07959716,41.4
8.956,0.109627406,9.950436029,60.9448104,41.7
8.969,0.104488621,10.78045277,60.78669978,41.8
8.982,0.099349837,11.37733246,60.70431185,42
8.994,0.094639284,11.8082088,60.64620123,42
9.007,0.091213428,12.0743024,60.54001273,42.2
9.02,0.089500499,12.17317205,60.54620123,42.1
9.032,0.088215803,12.1402155,60.50431185,42.2
9.045,0.086931107,12.0071687,60.61050036,42
9.058,0.086931107,11.77525225,60.6448104,42
9.071,0.086074643,11.44324556,60.61529803,41.9
9.083,0.086931107,11.01236922,60.77340865,41.8
9.096,0.086931107,10.41548953,60.8200957,41.6
9.109,0.087359339,9.685563038,60.94250545,41.5
9.121,0.088215803,8.856766907,60.9891925,41.3
9.134,0.089928731,7.927880521,60.98780166,41.3
9.147,0.092069892,6.931860428,61.02258842,41.1
9.16,0.094639284,5.9041044,60.99259933,41.2
9.172,0.098065141,4.842171213,60.89878784,41.2
9.185,0.099778069,3.781458638,60.69878784,41.4
9.198,0.102347461,2.71952545,60.46308697,41.6
9.21,0.104916853,1.625856329,60.26308697,41.8
9.223,0.106629782,0.596879688,59.95689846,42.2
9.236,0.107914478,-0.430876339,59.69878784,42.4
9.248,0.109199174,-1.45985298,59.41639992,42.8
9.261,0.110912102,-2.620655809,59.3582893,42.8
9.274,0.113481494,-3.91450544,59.18780166,43.1
9.287,0.117763815,-5.241311618,59.12969104,43.1
9.299,0.121617904,-6.500984088,59.04730312,43.3
9.312,0.125471992,-7.728920625,59.02489337,43.3
9.325,0.129326081,-8.822589747,59.01390719,43.5
9.337,0.133180169,-9.78443268,59.01529803,43.5
9.35,0.137890722,-10.61444942,58.98051127,43.7
9.363,0.142601274,-11.31019875,58.9757136,43.8
9.375,0.147311827,-11.8082088,59.04140356,43.7
9.388,0.151594147,-12.17317205,59.0066168,43.9
9.401,0.155876468,-12.40508849,58.93041738,44
9.414,0.15844586,-12.50517874,58.97230676,43.9
9.426,0.161015253,-12.50517874,58.97230676,43.9
9.439,0.161443485,-12.43804504,58.97230676,43.9
9.452,0.162728181,-12.30621885,59.06611826,43.9
9.464,0.163584645,-12.1402155,59.07230676,43.8
9.477,0.163584645,-11.87412189,59.0066168,43.9
9.49,0.163584645,-11.51037926,59.04140356,43.7
9.503,0.163584645,-11.04532576,58.9757136,43.8
9.515,0.163584645,-10.48140262,59.01050036,43.6
9.528,0.162728181,-9.851566387,58.90910952,43.7
9.541,0.162728181,-9.121639897,58.9200957,43.5
9.553,0.162728181,-8.325800313,58.78300399,43.6
9.566,0.162299949,-7.462827022,58.79399017,43.4
9.579,0.161443485,-6.601074343,58.61639992,43.6
9.591,0.161443485,-5.672187957,58.59878784,43.5
9.604,0.161015253,-4.776258118,58.49259933,43.7
9.617,0.160158788,-3.847371732,58.46308697,43.6
9.63,0.159730556,-2.952662507,58.39259933,43.8
9.642,0.158874092,-2.056732668,58.29878784,43.8
9.655,0.15844586,-1.226715924,58.21639992,44
9.668,0.1563047,-0.364963245,58.11639992,44.1
9.68,0.155020004,0.498010047,58.02258842,44.1
9.693,0.152878844,1.359762725,57.95210079,44.3
9.706,0.150309451,2.222736017,57.8582893,44.3
9.718,0.148596523,3.018575601,57.88780166,44.4
9.731,0.146455363,3.748502091,57.85349163,44.4
9.744,0.144742434,4.312425232,57.91870487,44.5
9.757,0.142601274,4.809214666,57.98439483,44.4
9.769,0.141316578,5.17417791,57.97820632,44.5
9.782,0.140031882,5.473228061,57.98439483,44.4
9.795,0.139175418,5.672187957,57.97820632,44.5
9.807,0.137890722,5.805234759,57.94869396,44.4
9.82,0.13746249,5.871147853,57.94250545,44.5
9.833,0.13746249,5.838191306,57.92489337,44.4
9.846,0.13746249,5.705144504,58.01870487,44.4
9.858,0.13746249,5.473228061,57.98300399,44.4
9.871,0.13746249,5.108264816,58.05349163,44.2
9.884,0.137890722,4.643211317,58.02350254,44.3
9.896,0.138747186,4.046331628,58.12969104,44.1
9.909,0.139175418,3.350582299,58.08780166,44.2
9.922,0.140031882,2.587699262,58.0582893,44.1
9.934,0.141316578,1.790639065,58.01639992,44.2
9.947,0.14174481,0.928886386,57.92258842,44.2
9.96,0.143029506,0.100090254,57.81639992,44.4
9.973,0.14388597,-0.72992649,57.82258842,44.3
9.985,0.144742434,-1.658812876,57.71639992,44.5
9.998,0.146027131,-2.653612356,57.6582893,44.5
10.011,0.147311827,-3.748502091,57.68780166,44.6
10.023,0.148596523,-4.942261467,57.75349163,44.5
10.036,0.149881219,-6.203154551,57.68300399,44.7
10.049,0.151165915,-7.429870474,57.77820632,44.7
10.061,0.152878844,-8.557716756,57.87340865,44.7
10.074,0.155020004,-9.552516237,58.01050036,44.6
10.087,0.157589396,-10.41548953,58.03521505,44.8
10.1,0.159730556,-11.11123886,58.17230676,44.7
10.112,0.161443485,-11.64220545,58.22561971,44.8
10.125,0.164441109,-12.04012524,58.23891084,44.8
10.138,0.167010501,-12.2732623,58.25652291,44.9
10.15,0.16872343,-12.43804504,58.29222379,44.9
10.163,0.17086459,-12.53813529,58.32792466,44.9
10.176,0.172149286,-12.57109184,58.33411317,44.8
10.189,0.173433982,-12.57109184,58.35172524,44.9
10.201,0.174290446,-12.50517874,58.33411317,44.8
10.214,0.174718678,-12.37213194,58.32792466,44.9
10.227,0.175575142,-12.20612859,58.2984123,44.8
10.239,0.175575142,-11.9412556,58.29222379,44.9
10.252,0.175575142,-11.57629236,58.33891084,44.7
10.265,0.175575142,-11.14541602,58.26132059,44.8
10.277,0.174718678,-10.58149288,58.30800764,44.6
10.29,0.174718678,-9.950436029,58.2066168,44.7
10.303,0.174718678,-9.221730152,58.20570269,44.5
10.316,0.174290446,-8.424669955,58.10431185,44.6
10.328,0.173433982,-7.562917276,58.01529803,44.5
10.341,0.173433982,-6.601074343,57.97820632,44.5
10.354,0.172577518,-5.63923141,57.7891925,44.5
10.366,0.172149286,-4.610254769,57.68780166,44.6
10.379,0.172149286,-3.615455289,57.5582893,44.6
10.392,0.171292822,-2.620655809,57.52258842,44.6
10.404,0.17086459,-1.625856329,57.42258842,44.7
10.417,0.169579894,-0.696969943,57.32258842,44.8
10.43,0.168295197,0.26487299,57.21639992,45
10.443,0.166154037,1.226715924,57.1582893,45
10.455,0.163584645,2.18977947,57.05210079,45.2
10.468,0.161015253,3.117445243,57.02969104,45.2
10.481,0.158874092,3.91450544,57.08300399,45.3
10.493,0.157161164,4.610254769,57.14869396,45.2
10.506,0.155020004,5.207134458,57.17820632,45.3
10.519,0.152878844,5.738101051,57.1200957,45.3
10.532,0.151594147,6.168977391,56.97820632,45.5
10.544,0.149881219,6.533940636,57.0200957,45.4
10.557,0.148596523,6.832990786,56.91390719,45.6
10.57,0.147311827,6.998994135,56.9200957,45.5
10.582,0.146455363,7.097863777,56.91390719,45.6
10.595,0.146027131,7.097863777,56.98439483,45.4
10.608,0.146027131,6.998994135,56.94250545,45.5
10.62,0.145170667,6.832990786,56.91870487,45.5
10.633,0.146027131,6.601074343,57.01870487,45.4
10.646,0.146027131,6.236111098,56.98300399,45.4
10.659,0.146027131,5.738101051,57.04730312,45.3
10.671,0.146455363,5.108264816,57.12350254,45.2
10.684,0.147311827,4.411294873,57.09399017,45.1
10.697,0.148596523,3.648411836,57.0582893,45.1
10.709,0.149024755,2.852572252,57.02258842,45.1
10.722,0.150309451,2.023776121,57.02258842,45.1
10.735,0.151594147,1.226715924,56.89259933,45.3
10.747,0.152450611,0.430876339,56.71639992,45.5
10.76,0.152878844,-0.364963245,56.61639992,45.6
10.773,0.153735308,-1.226715924,56.51639992,45.7
10.786,0.155020004,-2.222736017,56.55210079,45.7
10.798,0.1563047,-3.383538846,56.49399017,45.7
10.811,0.157589396,-4.677388477,56.48780166,45.8
10.824,0.159730556,-6.037151202,56.45349163,45.8
10.836,0.161015253,-7.331000833,56.54250545,45.9
10.849,0.162728181,-8.557716756,56.54960807,46
10.862,0.165725805,-9.652606491,56.68051127,46
10.875,0.168295197,-10.58149288,56.83521505,46
10.887,0.17086459,-11.37733246,56.83041738,46.1
10.9,0.174290446,-11.97421215,56.96132059,46.1
10.913,0.177288071,-12.40508849,57.05652291,46.1
10.925,0.180713927,-12.67118209,57.02792466,46.2
10.938,0.183283319,-12.80300828,57.05791375,46.1
10.951,0.18542448,-12.83718544,57.05172524,46.2
10.963,0.187137408,-12.83718544,57.05791375,46.1
10.976,0.187993872,-12.80300828,57.05172524,46.2
10.989,0.188422104,-12.70413864,57.05791375,46.1
11.002,0.189278568,-12.53813529,57.02792466,46.2
11.014,0.189278568,-12.2732623,57.03411317,46.1
11.027,0.1897068,-11.9412556,56.99222379,46.2
11.04,0.1897068,-11.51037926,57.03891084,46
11.052,0.189278568,-10.97941267,56.96132059,46.1
11.065,0.189278568,-10.34835582,57.00181913,46
11.078,0.188422104,-9.619649944,56.87091593,46
11.09,0.188422104,-8.822589747,56.8757136,45.9
11.103,0.187993872,-7.927880521,56.7509989,45.8
11.116,0.187137408,-6.998994135,56.61390719,45.9
11.129,0.187137408,-6.037151202,56.52489337,45.8
11.141,0.186709176,-5.008174562,56.32350254,46
11.154,0.186709176,-3.947461987,56.2582893,45.9
11.167,0.185852712,-2.918485347,56.11639992,46.1
11.179,0.18542448,-1.923685866,55.99878784,46.1
11.192,0.184568016,-0.928886386,55.91639992,46.3
11.205,0.182426855,0.032956547,55.92258842,46.2
11.218,0.180713927,1.027756028,55.85210079,46.4
11.23,0.178572767,2.023776121,55.6582893,46.5
11.243,0.176003374,3.018575601,55.58780166,46.7
11.256,0.173433982,3.947461987,55.65349163,46.6
11.268,0.17086459,4.776258118,55.74250545,46.7
11.281,0.16872343,5.539141155,55.7200957,46.7
11.294,0.166154037,6.269067645,55.64960807,46.9
11.306,0.163584645,6.998994135,55.54960807,47
11.319,0.161015253,7.62883037,55.47340865,47.1
11.332,0.157161164,8.159796964,55.37340865,47.2
11.345,0.153735308,8.557716756,55.27959716,47.2
11.357,0.151165915,8.7896332,55.24960807,47.3
11.37,0.149024755,8.889723454,55.15579658,47.3
11.383,0.148596523,8.856766907,55.2200957,47.2
11.395,0.147740059,8.756676652,55.18439483,47.2
11.408,0.147740059,8.524760209,55.18439483,47.2
11.421,0.147740059,8.192753511,55.24250545,47.2
11.433,0.148596523,7.794833719,55.31870487,47.1
11.446,0.148596523,7.230910578,55.38300399,47
11.459,0.149024755,6.568117796,55.44730312,46.9
11.472,0.150309451,5.838191306,55.48780166,46.8
11.484,0.151594147,5.042351722,55.4582893,46.7
11.497,0.152878844,4.212334977,55.41639992,46.8
11.51,0.155020004,3.350582299,55.42258842,46.7
11.522,0.1563047,2.520565554,55.31639992,46.9
11.535,0.157589396,1.691769423,55.19259933,47
11.548,0.158874092,0.895929839,55.09259933,47.1
11.561,0.159730556,0.100090254,54.89259933,47.3
11.573,0.160158788,-0.72992649,54.81639992,47.4
11.586,0.161015253,-1.658812876,54.71639992,47.5
11.599,0.162728181,-2.786659158,54.6582893,47.5
11.611,0.164441109,-4.079288176,54.55210079,47.7
11.624,0.167010501,-5.440271514,54.49399017,47.7
11.637,0.169579894,-6.767077692,54.44730312,47.9
11.649,0.172149286,-7.993793615,54.42489337,47.9
11.662,0.174718678,-9.121639897,54.54960807,48
11.675,0.177288071,-10.11643938,54.68669978,47.9
11.688,0.181142159,-10.97941267,54.79951418,48
11.7,0.18542448,-11.74229571,54.83660589,48
11.713,0.1897068,-12.30621885,54.92561971,48.1
11.726,0.193989121,-12.73709519,55.03891084,48
11.738,0.198271441,-13.00196818,54.99222379,48.2
11.751,0.200840834,-13.16797153,55.03411317,48.1
11.764,0.20426669,-13.23510523,55.02792466,48.2
11.776,0.20640785,-13.23510523,55.03411317,48.1
11.789,0.207692547,-13.13501498,55.05172524,48.2
11.802,0.208120779,-12.96901163,55.03411317,48.1
11.815,0.208977243,-12.70413864,54.99222379,48.2
11.827,0.208977243,-12.37213194,55.05652291,48.1
11.84,0.208977243,-11.9412556,55.03272233,48.1
11.853,0.208977243,-11.37733246,54.92561971,48.1
11.865,0.208120779,-10.71331907,54.93660589,47.9
11.878,0.208120779,-9.917479482,54.83521505,48
11.891,0.207692547,-9.055726803,54.81050036,47.8
11.904,0.206836082,-8.05970671,54.67340865,47.9
11.916,0.206836082,-7.064907229,54.54869396,47.8
11.929,0.20640785,-6.004194655,54.32350254,48
11.942,0.205551386,-4.876348373,54.2582893,47.9
11.954,0.205123154,-3.748502091,54.09259933,48.1
11.967,0.20426669,-2.620655809,53.89259933,48.3
11.98,0.203838458,-1.525766074,53.79259933,48.4
11.992,0.202553762,-0.430876339,53.72258842,48.4
12.005,0.199556137,0.662792783,53.65210079,48.6
12.018,0.196986745,1.757682517,53.55210079,48.7
12.031,0.194417353,2.918485347,53.48780166,48.8
12.043,0.190991496,4.013375081,53.48300399,48.9
12.056,0.187993872,5.042351722,53.57820632,48.9
12.069,0.184568016,6.070107749,53.41390719,49.1
12.081,0.179429231,7.132040937,53.2200957,49.2
12.094,0.173433982,8.126840417,52.87820632,49.6
12.107,0.166154037,9.021549643,52.64869396,49.7
12.119,0.159730556,9.751476133,52.41870487,50
12.132,0.152878844,10.28244273,52.28300399,50.1
12.145,0.147740059,10.61444942,52.14730312,50.2
12.158,0.143029506,10.81340932,52.04730312,50.3
12.17,0.140460114,10.87932241,52.02969104,50.2
12.183,0.138747186,10.84636587,52.02350254,50.3
12.196,0.137890722,10.71331907,52.12969104,50.1
12.208,0.13746249,10.54731572,52.12350254,50.2
12.221,0.13746249,10.24948618,52.22969104,50
12.234,0.137890722,9.851566387,52.32350254,50
12.247,0.137890722,9.353556341,52.42969104,49.8
12.259,0.139175418,8.756676652,52.62350254,49.7
12.272,0.140031882,8.026750163,52.72969104,49.5
12.285,0.142601274,7.263867126,52.78780166,49.5
12.297,0.145170667,6.402114447,52.89399017,49.3
12.31,0.147740059,5.539141155,52.95210079,49.3
12.323,0.150309451,4.677388477,52.95210079,49.3
12.335,0.152878844,3.814415185,52.92258842,49.2
12.348,0.155020004,2.985619054,52.81639992,49.4
12.361,0.157161164,2.155602309,52.72258842,49.4
12.374,0.15844586,1.359762725,52.49259933,49.7
12.386,0.160158788,0.596879688,52.29878784,49.8
12.399,0.161015253,-0.166003349,52.09259933,50.1
12.412,0.161443485,-0.961842933,51.92258842,50.2
12.424,0.162728181,-1.857772772,51.81639992,50.4
12.437,0.165725805,-2.918485347,51.7582893,50.4
12.45,0.168295197,-4.046331628,51.65210079,50.6
12.462,0.17086459,-5.141221363,51.49399017,50.7
12.475,0.173433982,-6.168977391,51.52350254,50.8
12.488,0.176003374,-7.064907229,51.45349163,50.8
12.501,0.178572767,-7.860746814,51.51870487,50.9
12.513,0.180713927,-8.491803662,51.58439483,50.8
12.526,0.183283319,-8.988593096,51.61390719,50.9
12.539,0.184568016,-9.320599793,51.54960807,51
12.551,0.185852712,-9.552516237,51.67340865,50.9
12.564,0.187137408,-9.652606491,51.67340865,50.9
12.577,0.187993872,-9.652606491,51.67959716,50.8
12.59,0.188422104,-9.585472784,51.67340865,50.9
12.602,0.188422104,-9.453646595,51.67959716,50.8
12.615,0.188422104,-9.254686699,51.67340865,50.9
12.628,0.188422104,-8.988593096,51.75579658,50.7
12.64,0.188422104,-8.657807011,51.74341956,50.9
12.653,0.188422104,-8.258666606,51.81390719,50.7
12.666,0.188422104,-7.794833719,51.77820632,50.7
12.678,0.188422104,-7.296823673,51.74869396,50.6
12.691,0.188422104,-6.767077692,51.68300399,50.7
12.704,0.187993872,-6.136020844,51.75349163,50.5
12.717,0.187993872,-5.440271514,51.68780166,50.6
12.729,0.187993872,-4.677388477,51.58780166,50.7
12.742,0.187993872,-3.91450544,51.55210079,50.7
12.755,0.187137408,-3.084488695,51.55210079,50.7
12.767,0.187137408,-2.288649111,51.55210079,50.7
12.78,0.186709176,-1.525766074,51.5582893,50.6
12.793,0.185852712,-0.762883037,51.58780166,50.7
12.805,0.184568016,-0.032956547,51.52969104,50.7
12.818,0.183283319,0.696969943,51.52350254,50.8
12.831,0.181998623,1.492809527,51.55349163,50.7
12.844,0.180713927,2.288649111,51.54730312,50.8
12.856,0.178572767,3.151622403,51.52489337,50.8
12.869,0.176859839,3.980418534,51.57820632,50.9
12.882,0.174718678,4.776258118,51.65579658,50.8
12.894,0.172577518,5.506184608,51.57340865,51
12.907,0.171292822,6.136020844,51.57959716,50.9
12.92,0.169579894,6.666987437,51.47340865,51.1
12.932,0.167438733,7.097863777,51.47959716,51
12.945,0.166154037,7.396913927,51.37340865,51.2
12.958,0.164869341,7.562917276,51.37959716,51.1
12.971,0.164441109,7.661786918,51.34960807,51.2
12.983,0.164441109,7.694743465,51.35579658,51.1
12.996,0.163584645,7.661786918,51.44960807,51.1
13.009,0.163584645,7.562917276,51.45579658,51
13.021,0.163584645,7.429870474,51.41390719,51.1
13.034,0.163584645,7.230910578,51.51390719,51
13.047,0.163584645,6.931860428,51.61390719,50.9
13.06,0.163584645,6.601074343,51.57820632,50.9
13.072,0.164441109,6.168977391,51.68439483,50.7
13.085,0.164441109,5.672187957,51.74250545,50.7
13.098,0.165725805,5.108264816,51.82489337,50.5
13.11,0.167010501,4.544341675,51.78300399,50.6
13.123,0.167438733,4.013375081,51.85349163,50.4
13.136,0.16872343,3.44945194,51.82350254,50.5
13.148,0.170008126,2.885528799,51.82969104,50.4
13.161,0.17086459,2.354562206,51.78780166,50.5
13.174,0.171292822,1.790639065,51.6582893,50.5
13.187,0.172577518,1.260893084,51.65210079,50.6
13.199,0.172577518,0.72992649,51.52258842,50.6
13.212,0.173433982,0.198959896,51.41639992,50.8
13.225,0.174290446,-0.332006698,51.4582893,50.7
13.237,0.174718678,-0.862973292,51.35210079,50.9
13.25,0.174718678,-1.426896432,51.38780166,50.9
13.263,0.176003374,-2.056732668,51.38780166,50.9
13.275,0.176859839,-2.686568903,51.28780166,51
13.288,0.177288071,-3.316405139,51.29399017,50.9
13.301,0.178144535,-3.88032828,51.18780166,51.1
13.314,0.178572767,-4.378338326,51.19399017,51
13.326,0.179857463,-4.776258118,51.22350254,51.1
13.339,0.180713927,-5.008174562,51.22969104,51
13.352,0.180713927,-5.141221363,51.24730312,51.1
13.364,0.180713927,-5.17417791,51.25349163,51
13.377,0.180713927,-5.17417791,51.24730312,51.1
13.39,0.181142159,-5.141221363,51.25349163,51
13.403,0.181142159,-5.042351722,51.24730312,51.1
13.415,0.180713927,-4.942261467,51.34730312,51
13.428,0.181142159,-4.842171213,51.38300399,51
13.441,0.180713927,-4.710345024,51.38300399,51
13.453,0.180713927,-4.544341675,51.38300399,51
13.466,0.180713927,-4.312425232,51.38300399,51
13.479,0.181142159,-4.079288176,51.4891925,50.8
13.491,0.181142159,-3.781458638,51.48300399,50.9
13.504,0.181142159,-3.44945194,51.4891925,50.8
13.517,0.180713927,-3.084488695,51.48300399,50.9
13.53,0.180713927,-2.653612356,51.44730312,50.9
13.542,0.180713927,-2.222736017,51.48300399,50.9
13.555,0.180713927,-1.757682517,51.48300399,50.9
13.568,0.179857463,-1.293849631,51.58300399,50.8
13.58,0.179857463,-0.828796131,51.61870487,50.8
13.593,0.179429231,-0.364963245,51.62489337,50.7
13.606,0.178572767,0.100090254,51.74250545,50.7
13.618,0.178144535,0.563923141,51.74869396,50.6
13.631,0.177288071,1.061933188,51.77820632,50.7
13.644,0.177288071,1.558722621,51.8200957,50.6
13.657,0.176859839,2.056732668,51.81390719,50.7
13.669,0.176003374,2.520565554,51.85579658,50.6
13.682,0.174718678,2.952662507,51.84960807,50.7
13.695,0.174718678,3.383538846,51.87959716,50.6
13.707,0.174290446,3.715545544,51.90910952,50.7
13.72,0.173433982,4.046331628,51.9448104,50.7
13.733,0.173433982,4.279468685,51.98051127,50.7
13.746,0.172577518,4.444251421,51.98051127,50.7
13.758,0.172577518,4.544341675,51.98051127,50.7
13.771,0.172149286,4.577298222,51.98051127,50.7
13.784,0.172149286,4.511385128,52.0509989,50.5
13.796,0.172149286,4.411294873,52.0448104,50.6
13.809,0.172149286,4.245291525,52.0509989,50.5
13.822,0.172149286,4.013375081,52.1448104,50.5
13.834,0.172149286,3.748502091,52.1509989,50.4
13.847,0.172577518,3.383538846,52.23862189,50.5
13.86,0.172577518,3.018575601,52.21529803,50.3
13.873,0.173433982,2.587699262,52.17340865,50.4
13.885,0.173433982,2.122645762,52.15579658,50.3
13.898,0.174290446,1.625856329,52.11390719,50.4
13.911,0.174718678,1.094889735,52.04869396,50.3
13.923,0.175575142,0.530966594,52.01870487,50.4
13.936,0.176003374,-0.032956547,51.94730312,50.4
13.949,0.176859839,-0.596879688,51.82350254,50.5
13.962,0.176859839,-1.193759376,51.82350254,50.5
13.974,0.177288071,-1.790639065,51.82350254,50.5
13.987,0.178144535,-2.421695913,51.82350254,50.5
14,0.178572767,-3.051532148,51.82969104,50.4
14.012,0.179429231,-3.681368384,51.82350254,50.5
14.025,0.179857463,-4.279468685,51.72969104,50.5
14.038,0.180713927,-4.842171213,51.72350254,50.6
14.05,0.181142159,-5.340181259,51.75349163,50.5
14.063,0.181998623,-5.738101051,51.78300399,50.6
14.076,0.181998623,-6.037151202,51.7891925,50.5
14.089,0.182426855,-6.236111098,51.78300399,50.6
14.101,0.182426855,-6.367937287,51.82489337,50.5
14.114,0.182426855,-6.367937287,51.81870487,50.6
14.127,0.182426855,-6.33498074,51.81870487,50.6
14.139,0.183283319,-6.203154551,51.81870487,50.6
14.152,0.183283319,-6.037151202,51.81870487,50.6
14.165,0.183283319,-5.805234759,51.81870487,50.6
14.177,0.182426855,-5.572097703,51.91870487,50.5
14.19,0.182426855,-5.274268165,51.88300399,50.5
14.203,0.182426855,-4.942261467,51.88300399,50.5
14.216,0.182426855,-4.544341675,51.88300399,50.5
14.228,0.182426855,-4.079288176,51.88300399,50.5
14.241,0.182426855,-3.582498742,51.88300399,50.5
14.254,0.182426855,-3.018575601,51.95349163,50.3
14.266,0.182426855,-2.421695913,51.94730312,50.4
14.279,0.182426855,-1.824816225,51.9891925,50.3
14.292,0.181998623,-1.226715924,51.98300399,50.4
14.304,0.181998623,-0.629836235,51.9891925,50.3
14.317,0.181142159,-0.032956547,52.11870487,50.3
14.33,0.179857463,0.563923141,52.12489337,50.2
14.343,0.179429231,1.193759376,52.13631694,50.4
14.355,0.178144535,1.790639065,52.18439483,50.2
14.368,0.177288071,2.45465246,52.17820632,50.3
14.381,0.176859839,3.117445243,52.25579658,50.2
14.393,0.176003374,3.781458638,52.17340865,50.4
14.406,0.174718678,4.411294873,52.2509989,50.3
14.419,0.173433982,5.008174562,52.28051127,50.4
14.432,0.172577518,5.539141155,52.21050036,50.4
14.444,0.172149286,6.004194655,52.20431185,50.5
14.457,0.171292822,6.33498074,52.21050036,50.4
14.47,0.17086459,6.568117796,52.14001273,50.6
14.482,0.169579894,6.732900532,52.14001273,50.6
14.495,0.169579894,6.732900532,52.14001273,50.6
14.508,0.169579894,6.699943985,52.14001273,50.6
14.52,0.169579894,6.601074343,52.14620123,50.5
14.533,0.169579894,6.402114447,52.20431185,50.5
14.546,0.169579894,6.168977391,52.21050036,50.4
14.559,0.169579894,5.838191306,52.30431185,50.4
14.571,0.170008126,5.440271514,52.28669978,50.3
14.584,0.170008126,4.942261467,52.3448104,50.3
14.597,0.17086459,4.411294873,52.4509989,50.1
14.609,0.171292822,3.847371732,52.40910952,50.2
14.622,0.172149286,3.283448591,52.34960807,50.2
14.635,0.173433982,2.71952545,52.31390719,50.2
14.647,0.174290446,2.122645762,52.24250545,50.2
14.66,0.174718678,1.525766074,52.18300399,50.2
14.673,0.175575142,0.895929839,52.02350254,50.3
14.686,0.176003374,0.299050151,51.9582893,50.2
14.698,0.176859839,-0.332006698,51.95210079,50.3
14.711,0.176859839,-0.961842933,51.8582893,50.3
14.724,0.177288071,-1.625856329,51.88780166,50.4
14.736,0.178144535,-2.354562206,51.89399017,50.3
14.749,0.178572767,-3.151622403,51.78780166,50.5
14.762,0.179857463,-3.91450544,51.82969104,50.4
14.775,0.180713927,-4.677388477,51.82350254,50.5
14.787,0.181142159,-5.373137807,51.82969104,50.4
14.8,0.182426855,-5.937060947,51.74730312,50.6
14.813,0.182426855,-6.367937287,51.75349163,50.5
14.825,0.183283319,-6.666987437,51.78300399,50.6
14.838,0.184139784,-6.800034239,51.81870487,50.6
14.851,0.184139784,-6.865947333,51.81870487,50.6
14.863,0.184139784,-6.800034239,51.81870487,50.6
14.876,0.184139784,-6.732900532,51.81870487,50.6
14.889,0.184139784,-6.601074343,51.81870487,50.6
14.902,0.184139784,-6.468027541,51.81870487,50.6
14.914,0.184568016,-6.269067645,51.91870487,50.5
14.927,0.184568016,-6.037151202,51.91870487,50.5
14.94,0.184139784,-5.771057599,51.91870487,50.5
14.952,0.184139784,-5.473228061,51.88300399,50.5
14.965,0.184139784,-5.108264816,51.8891925,50.4
14.978,0.184139784,-4.710345024,51.98300399,50.4
14.99,0.184139784,-4.279468685,51.95349163,50.3
15.003,0.184139784,-3.814415185,51.94730312,50.4
15.016,0.184139784,-3.316405139,51.95349163,50.3
15.029,0.184139784,-2.752481998,51.92350254,50.4
15.041,0.184139784,-2.18977947,51.92969104,50.3
15.054,0.183283319,-1.591679168,51.92350254,50.4
15.067,0.183283319,-1.027756028,51.95349163,50.3
15.079,0.182426855,-0.498010047,52.08300399,50.3
15.092,0.181998623,0.065913094,52.12489337,50.2
15.105,0.180713927,0.629836235,52.11870487,50.3
15.118,0.179857463,1.193759376,52.14869396,50.2
15.13,0.179429231,1.790639065,52.14250545,50.3
15.143,0.178572767,2.354562206,52.18439483,50.2
15.156,0.178144535,2.952662507,52.21390719,50.3
15.168,0.177288071,3.515365035,52.15579658,50.3
15.181,0.176003374,4.079288176,52.17340865,50.4
15.194,0.175575142,4.544341675,52.20910952,50.4
15.206,0.174718678,4.942261467,52.21529803,50.3
15.219,0.174290446,5.241311618,52.1448104,50.5
15.232,0.173433982,5.440271514,52.1509989,50.4
15.245,0.173433982,5.60505425,52.18051127,50.5
15.257,0.173433982,5.705144504,52.1509989,50.4
15.27,0.173433982,5.738101051,52.18051127,50.5
15.283,0.172577518,5.705144504,52.18669978,50.4
15.295,0.172577518,5.63923141,52.1448104,50.5
15.308,0.172577518,5.506184608,52.2509989,50.3
15.321,0.172577518,5.340181259,52.2448104,50.4
15.333,0.172577518,5.075308269,52.2509989,50.3
15.346,0.172577518,4.776258118,52.30910952,50.3
15.359,0.173433982,4.411294873,52.31529803,50.2
15.372,0.173433982,3.947461987,52.40910952,50.2
15.384,0.174290446,3.44945194,52.37959716,50.1
15.397,0.174718678,2.952662507,52.34960807,50.2
15.41,0.175575142,2.421695913,52.41390719,50.1
15.422,0.176003374,1.890729319,52.24250545,50.2
15.435,0.176859839,1.359762725,52.21870487,50.2
15.448,0.177288071,0.828796131,52.14730312,50.2
15.461,0.178144535,0.26487299,51.98780166,50.3
15.473,0.178144535,-0.26487299,51.95210079,50.3
15.486,0.178572767,-0.828796131,51.9582893,50.2
15.499,0.178572767,-1.392719272,51.88780166,50.4
15.511,0.179429231,-2.023776121,51.88780166,50.4
15.524,0.179857463,-2.653612356,51.88780166,50.4
15.537,0.180713927,-3.316405139,51.88780166,50.4
15.549,0.181142159,-4.013375081,51.92350254,50.4
15.562,0.181998623,-4.643211317,51.82350254,50.5
15.575,0.183283319,-5.274268165,51.84730312,50.5
15.588,0.183283319,-5.805234759,51.85349163,50.4
15.6,0.184139784,-6.236111098,51.88300399,50.5
15.613,0.184139784,-6.568117796,51.92489337,50.4
15.626,0.184568016,-6.800034239,51.91870487,50.5
15.638,0.184568016,-6.898903881,51.94250545,50.5
15.651,0.18542448,-6.931860428,51.94250545,50.5
15.664,0.18542448,-6.898903881,51.94250545,50.5
15.676,0.18542448,-6.832990786,51.94250545,50.5
15.689,0.18542448,-6.699943985,51.94250545,50.5
15.702,0.18542448,-6.533940636,51.94250545,50.5
15.715,0.18542448,-6.33498074,51.94250545,50.5
15.727,0.18542448,-6.103064296,52.04250545,50.4
15.74,0.18542448,-5.805234759,52.04250545,50.4
15.753,0.18542448,-5.473228061,52.02489337,50.3
15.765,0.18542448,-5.108264816,52.01870487,50.4
15.778,0.18542448,-4.710345024,51.9891925,50.3
15.791,0.184568016,-4.279468685,51.98300399,50.4
15.804,0.184568016,-3.748502091,51.95349163,50.3
15.816,0.184568016,-3.18457895,51.94730312,50.4
15.829,0.184568016,-2.587699262,51.92969104,50.3
15.842,0.184568016,-1.956642413,51.94730312,50.4
15.854,0.184139784,-1.326806178,52.05349163,50.2
15.867,0.183283319,-0.72992649,52.08300399,50.3
15.88,0.182426855,-0.133046802,52.0891925,50.2
15.892,0.181998623,0.463832887,52.11870487,50.3
15.905,0.181142159,1.127846282,52.11870487,50.3
15.918,0.179857463,1.757682517,52.14250545,50.3
15.931,0.179429231,2.45465246,52.17820632,50.3
15.943,0.178572767,3.18457895,52.21390719,50.3
15.956,0.178144535,3.91450544,52.17340865,50.4
15.969,0.176859839,4.610254769,52.21529803,50.3
15.981,0.175575142,5.274268165,52.1448104,50.5
15.994,0.174718678,5.838191306,52.18669978,50.4
16.007,0.173433982,6.367937287,52.10431185,50.6
16.019,0.172149286,6.800034239,52.11050036,50.5
16.032,0.17086459,7.097863777,52.00431185,50.7
16.045,0.170008126,7.296823673,52.01050036,50.6
16.058,0.169579894,7.396913927,52.00431185,50.7
16.07,0.16872343,7.396913927,52.00431185,50.7
16.083,0.16872343,7.331000833,52.00431185,50.7
16.096,0.16872343,7.164997484,52.00431185,50.7
16.108,0.16872343,6.931860428,52.10431185,50.6
16.121,0.16872343,6.63403089,52.08051127,50.6
16.134,0.16872343,6.236111098,52.1448104,50.5
16.147,0.169579894,5.771057599,52.2448104,50.4
16.159,0.170008126,5.207134458,52.20910952,50.4
16.172,0.17086459,4.610254769,52.27340865,50.3
16.185,0.172149286,3.980418534,52.35579658,50.1
16.197,0.172577518,3.383538846,52.31390719,50.2
16.21,0.174290446,2.786659158,52.27820632,50.2
16.223,0.175575142,2.155602309,52.21870487,50.2
16.235,0.175575142,1.558722621,52.04730312,50.3
16.248,0.176003374,0.928886386,51.98780166,50.3
16.261,0.176859839,0.299050151,51.85210079,50.4
16.274,0.177288071,-0.332006698,51.7582893,50.4
16.286,0.177288071,-1.027756028,51.75210079,50.5
16.299,0.178144535,-1.757682517,51.65210079,50.6
16.312,0.178572767,-2.587699262,51.68780166,50.6
16.324,0.179857463,-3.515365035,51.68780166,50.6
16.337,0.181142159,-4.444251421,51.58780166,50.7
16.35,0.182426855,-5.340181259,51.62350254,50.7
16.362,0.183283319,-6.236111098,51.64730312,50.7
16.375,0.184568016,-6.998994135,51.5891925,50.7
16.388,0.185852712,-7.62883037,51.64250545,50.8
16.401,0.186709176,-8.09388387,51.71390719,50.8
16.413,0.187993872,-8.424669955,51.74960807,50.8
16.426,0.188422104,-8.623629851,51.74960807,50.8
16.439,0.188422104,-8.723720105,51.75579658,50.7
16.451,0.189278568,-8.723720105,51.77340865,50.8
16.464,0.189278568,-8.657807011,51.77959716,50.7
16.477,0.1897068,-8.590673304,51.77340865,50.8
16.49,0.1897068,-8.457626502,51.75579658,50.7
16.502,0.1897068,-8.258666606,51.74960807,50.8
16.515,0.1897068,-8.026750163,51.75579658,50.7
16.528,0.1897068,-7.728920625,51.84960807,50.7
16.54,0.1897068,-7.36395738,51.8200957,50.6
16.553,0.1897068,-6.931860428,51.77820632,50.7
16.566,0.1897068,-6.500984088,51.78439483,50.6
16.578,0.1897068,-5.970017495,51.74250545,50.7
16.591,0.1897068,-5.440271514,51.72489337,50.6
16.604,0.1897068,-4.809214666,51.68300399,50.7
16.617,0.1897068,-4.146421883,51.64730312,50.7
16.629,0.1897068,-3.416495393,51.62350254,50.7
16.642,0.189278568,-2.71952545,51.58780166,50.7
16.655,0.189278568,-1.989598961,51.59399017,50.6
16.667,0.188422104,-1.293849631,51.58780166,50.7
16.68,0.187137408,-0.629836235,51.62969104,50.6
16.693,0.186709176,0,51.62350254,50.7
16.705,0.185852712,0.629836235,51.65349163,50.6
16.718,0.18542448,1.293849631,51.68300399,50.7
16.731,0.184139784,1.989598961,51.6891925,50.6
16.744,0.182426855,2.686568903,51.61870487,50.8
16.756,0.181142159,3.416495393,51.64250545,50.8
16.769,0.179857463,4.113465336,51.57820632,50.9
16.782,0.178572767,4.776258118,51.6200957,50.8
16.794,0.177288071,5.340181259,51.54960807,51
16.807,0.176859839,5.771057599,51.54960807,51
16.82,0.176003374,6.136020844,51.57340865,51
16.833,0.175575142,6.367937287,51.47340865,51.1
16.845,0.174718678,6.468027541,51.47340865,51.1
16.858,0.174718678,6.500984088,51.47340865,51.1
16.871,0.174290446,6.435070994,51.57340865,51
16.883,0.174290446,6.302024192,51.57959716,50.9
16.896,0.174290446,6.103064296,51.54960807,51
16.909,0.174290446,5.805234759,51.64960807,50.9
16.921,0.174290446,5.440271514,51.64960807,50.9
16.934,0.174718678,5.008174562,51.71390719,50.8
16.947,0.175575142,4.478428581,51.71390719,50.8
16.96,0.176003374,3.88032828,51.78439483,50.6
16.972,0.176859839,3.250492044,51.77820632,50.7
16.985,0.178144535,2.653612356,51.74869396,50.6
16.998,0.178572767,1.989598961,51.68300399,50.7
17.01,0.179429231,1.359762725,51.62969104,50.6
17.023,0.179857463,0.662792783,51.45210079,50.8
17.036,0.180713927,0,51.4582893,50.7
17.048,0.181142159,-0.72992649,51.35210079,50.9
17.061,0.181998623,-1.492809527,51.3582893,50.8
17.074,0.182426855,-2.288649111,51.28780166,51
17.087,0.183283319,-3.217535497,51.29399017,50.9
17.099,0.184568016,-4.17937843,51.18780166,51.1
17.112,0.18542448,-5.207134458,51.22350254,51.1
17.125,0.186709176,-6.203154551,51.24730312,51.1
17.137,0.187993872,-7.164997484,51.31870487,51.1
17.15,0.188422104,-8.026750163,51.41390719,51.1
17.163,0.1897068,-8.822589747,51.47340865,51.1
17.176,0.19184796,-9.453646595,51.58669978,51
17.188,0.193989121,-9.917479482,51.54001273,51.2
17.201,0.195702049,-10.24948618,51.58190211,51.1
17.214,0.196986745,-10.41548953,51.5757136,51.2
17.226,0.198271441,-10.51435917,51.60570269,51.1
17.239,0.199127905,-10.51435917,51.59951418,51.2
17.252,0.199556137,-10.48140262,51.60570269,51.1
17.264,0.200412602,-10.38253298,51.59951418,51.2
17.277,0.200412602,-10.24948618,51.58190211,51.1
17.29,0.200412602,-10.05052628,51.5757136,51.2
17.303,0.200412602,-9.78443268,51.5757136,51.2
17.315,0.200412602,-9.453646595,51.6757136,51.1
17.328,0.200412602,-9.021549643,51.64001273,51.1
17.341,0.200412602,-8.557716756,51.60431185,51.1
17.353,0.199556137,-8.05970671,51.58051127,51.1
17.366,0.199556137,-7.495783569,51.50910952,51.1
17.379,0.199556137,-6.865947333,51.44960807,51.1
17.391,0.199556137,-6.136020844,51.38439483,51
17.404,0.199556137,-5.406094354,51.31870487,51.1
17.417,0.199556137,-4.610254769,51.25349163,51
17.43,0.199127905,-3.814415185,51.12350254,51.2
17.442,0.199127905,-2.985619054,51.09399017,51.1
17.455,0.199127905,-2.18977947,51.05210079,51.2
17.468,0.198271441,-1.426896432,50.99399017,51.2
17.48,0.196986745,-0.696969943,50.98780166,51.3
17.493,0.195702049,0.032956547,50.99399017,51.2
17.506,0.195273817,0.762883037,51.02350254,51.3
17.519,0.193989121,1.492809527,51.02350254,51.3
17.531,0.192276193,2.222736017,50.94730312,51.4
17.544,0.190991496,2.985619054,50.98300399,51.4
17.557,0.189278568,3.715545544,50.94250545,51.5
17.569,0.187993872,4.444251421,50.94250545,51.5
17.582,0.185852712,5.042351722,50.87820632,51.6
17.595,0.184568016,5.539141155,50.78439483,51.6
17.607,0.184139784,5.9041044,50.81390719,51.7
17.62,0.182426855,6.136020844,50.81390719,51.7
17.633,0.181998623,6.269067645,50.81390719,51.7
17.646,0.181998623,6.33498074,50.8200957,51.6
17.658,0.181998623,6.302024192,50.77820632,51.7
17.671,0.181998623,6.203154551,50.78439483,51.6
17.684,0.181998623,6.070107749,50.77820632,51.7
17.696,0.181142159,5.838191306,50.78439483,51.6
17.709,0.181142159,5.572097703,50.87820632,51.6
17.722,0.181998623,5.207134458,50.84869396,51.5
17.734,0.181998623,4.776258118,50.94250545,51.5
17.747,0.182426855,4.245291525,51.02489337,51.3
17.76,0.183283319,3.715545544,51.01870487,51.4
17.773,0.184139784,3.151622403,50.9891925,51.3
17.785,0.184568016,2.587699262,50.94730312,51.4
17.798,0.18542448,1.989598961,50.89399017,51.3
17.811,0.186709176,1.392719272,50.85210079,51.4
17.823,0.187137408,0.762883037,50.71639992,51.5
17.836,0.187137408,0.166003349,50.61639992,51.6
17.849,0.187993872,-0.498010047,50.65210079,51.6
17.862,0.187993872,-1.160802829,50.5582893,51.6
17.874,0.188422104,-1.890729319,50.58780166,51.7
17.887,0.1897068,-2.686568903,50.59399017,51.6
17.9,0.190563264,-3.515365035,50.52350254,51.8
17.912,0.19184796,-4.411294873,50.52969104,51.7
17.925,0.192276193,-5.307224712,50.51731403,51.9
17.938,0.193989121,-6.168977391,50.55349163,51.7
17.95,0.194417353,-6.998994135,50.61870487,51.8
17.963,0.195273817,-7.728920625,50.68439483,51.7
17.976,0.196558513,-8.35875686,50.74960807,51.8
17.989,0.196986745,-8.889723454,50.81529803,51.7
18.001,0.197843209,-9.287643246,50.88051127,51.8
18.014,0.198271441,-9.585472784,50.90431185,51.8
18.027,0.199556137,-9.751476133,50.94001273,51.8
18.039,0.200412602,-9.81860984,50.94001273,51.8
18.052,0.200412602,-9.81860984,50.94001273,51.8
18.065,0.200412602,-9.751476133,50.94001273,51.8
18.077,0.200840834,-9.652606491,50.94001273,51.8
18.09,0.200840834,-9.519559689,50.94001273,51.8
18.103,0.200840834,-9.320599793,50.94001273,51.8
18.116,0.200840834,-9.055726803,50.90431185,51.8
18.128,0.200840834,-8.723720105,50.90431185,51.8
18.141,0.200840834,-8.325800313,50.98051127,51.7
18.154,0.200412602,-7.894923974,50.9448104,51.7
18.166,0.200412602,-7.429870474,50.90910952,51.7
18.179,0.200412602,-6.865947333,50.84960807,51.7
18.192,0.200412602,-6.236111098,50.8200957,51.6
18.205,0.200412602,-5.539141155,50.74250545,51.7
18.217,0.200412602,-4.776258118,50.71870487,51.7
18.23,0.200412602,-3.980418534,50.58300399,51.8
18.243,0.200412602,-3.151622403,50.52350254,51.8
18.255,0.199556137,-2.354562206,50.52350254,51.8
18.268,0.199556137,-1.558722621,50.52969104,51.7
18.281,0.198271441,-0.795839584,50.52350254,51.8
18.293,0.197843209,-0.065913094,50.55349163,51.7
18.306,0.196558513,0.662792783,50.54730312,51.8
18.319,0.195273817,1.45985298,50.48300399,51.9
18.332,0.193989121,2.255692564,50.51870487,51.9
18.344,0.192276193,3.051532148,50.54250545,51.9
18.357,0.190991496,3.91450544,50.47820632,52
18.37,0.189278568,4.743301571,50.44960807,52.1
18.382,0.187137408,5.539141155,50.45579658,52
18.395,0.18542448,6.236111098,50.37340865,52.2
18.408,0.183283319,6.832990786,50.27959716,52.2
18.42,0.181142159,7.296823673,50.17340865,52.4
18.433,0.179429231,7.62883037,50.11529803,52.4
18.446,0.178144535,7.827790266,50.10910952,52.5
18.459,0.176859839,7.894923974,50.07959716,52.4
18.471,0.176003374,7.860746814,50.07340865,52.5
18.484,0.176003374,7.761877172,50.07959716,52.4
18.497,0.176003374,7.562917276,50.14960807,52.4
18.509,0.175575142,7.331000833,50.15579658,52.3
18.522,0.175575142,6.966037588,50.24960807,52.3
18.535,0.176003374,6.533940636,50.2200957,52.2
18.548,0.176859839,5.970017495,50.27820632,52.2
18.56,0.177288071,5.373137807,50.34250545,52.1
18.573,0.178572767,4.710345024,50.32489337,52
18.586,0.179857463,4.046331628,50.38300399,52
18.598,0.181142159,3.383538846,50.35349163,51.9
18.611,0.182426855,2.71952545,50.32350254,52
18.624,0.184139784,2.056732668,50.29399017,51.9
18.636,0.184568016,1.359762725,50.15210079,52.1
18.649,0.18542448,0.696969943,50.02258842,52.1
18.662,0.185852712,0,49.91639992,52.3
18.675,0.186709176,-0.696969943,49.9582893,52.2
18.687,0.186709176,-1.45985298,49.85210079,52.4
18.7,0.187993872,-2.321605658,49.89399017,52.3
18.713,0.188422104,-3.283448591,49.78780166,52.5
18.725,0.190563264,-4.312425232,49.68780166,52.6
18.738,0.190991496,-5.373137807,49.72350254,52.6
18.751,0.193132657,-6.402114447,49.74730312,52.6
18.763,0.194417353,-7.36395738,49.81870487,52.6
18.776,0.195702049,-8.225710059,49.91390719,52.6
18.789,0.197843209,-8.988593096,49.97340865,52.6
18.802,0.199556137,-9.585472784,50.08051127,52.6
18.814,0.200840834,-10.05052628,50.14001273,52.6
18.827,0.202981994,-10.38253298,50.0757136,52.7
18.84,0.20426669,-10.58149288,50.09951418,52.7
18.852,0.205551386,-10.68036252,50.13521505,52.7
18.865,0.206836082,-10.68036252,50.13521505,52.7
18.878,0.207692547,-10.64740597,50.13521505,52.7
18.891,0.207692547,-10.54731572,50.13521505,52.7
18.903,0.207692547,-10.41548953,50.19951418,52.6
18.916,0.207692547,-10.21652963,50.19951418,52.6
18.929,0.207692547,-9.917479482,50.19951418,52.6
18.941,0.207692547,-9.585472784,50.1757136,52.6
18.954,0.207692547,-9.154596445,50.14001273,52.6
18.967,0.207692547,-8.690763558,50.10431185,52.6
18.979,0.207692547,-8.159796964,50.0448104,52.6
18.992,0.206836082,-7.595873823,50.00910952,52.6
19.005,0.206836082,-6.966037588,49.94960807,52.6
19.018,0.206836082,-6.236111098,49.87820632,52.6
19.03,0.20640785,-5.506184608,49.81870487,52.6
19.043,0.20640785,-4.710345024,49.74730312,52.6
19.056,0.20640785,-3.88032828,49.72350254,52.6
19.068,0.20640785,-3.051532148,49.59399017,52.6
19.081,0.20640785,-2.255692564,49.58780166,52.7
19.094,0.205551386,-1.45985298,49.59399017,52.6
19.106,0.20426669,-0.662792783,49.48780166,52.8
19.119,0.202981994,0.100090254,49.52969104,52.7
19.132,0.201697298,0.895929839,49.51731403,52.9
19.145,0.200412602,1.72472597,49.55349163,52.7
19.157,0.199127905,2.587699262,49.48300399,52.9
19.17,0.196986745,3.515365035,49.42489337,52.9
19.183,0.195273817,4.444251421,49.37820632,53.1
19.195,0.192276193,5.373137807,49.28439483,53.1
19.208,0.1897068,6.203154551,49.20771869,53.4
19.221,0.187137408,6.966037588,49.1200957,53.3
19.234,0.184568016,7.595873823,49.04960807,53.5
19.246,0.181142159,8.09388387,48.95579658,53.5
19.259,0.178572767,8.391713407,48.94960807,53.6
19.272,0.177288071,8.557716756,48.8200957,53.6
19.284,0.176003374,8.557716756,48.81390719,53.7
19.297,0.175575142,8.491803662,48.91390719,53.6
19.31,0.174718678,8.35875686,48.88439483,53.5
19.322,0.174718678,8.192753511,48.87820632,53.6
19.335,0.174718678,7.927880521,48.98439483,53.4
19.348,0.174718678,7.562917276,49.07820632,53.4
19.361,0.175575142,7.097863777,49.04869396,53.3
19.373,0.176003374,6.533940636,49.11870487,53.3
19.386,0.177288071,5.871147853,49.1891925,53.1
19.399,0.178572767,5.17417791,49.24730312,53.1
19.411,0.180713927,4.444251421,49.32350254,53
19.424,0.182426855,3.748502091,49.28780166,53
19.437,0.184139784,3.051532148,49.28780166,53
19.449,0.18542448,2.354562206,49.15210079,53.1
19.462,0.185852712,1.658812876,49.15210079,53.1
19.475,0.187137408,0.99479948,49.01639992,53.2
19.488,0.187993872,0.332006698,48.91639992,53.3
19.5,0.187993872,-0.332006698,48.81639992,53.4
19.513,0.188422104,-1.061933188,48.75210079,53.5
19.526,0.189278568,-1.824816225,48.65210079,53.6
19.538,0.190563264,-2.71952545,48.68780166,53.6
19.551,0.19184796,-3.681368384,48.58780166,53.7
19.564,0.193132657,-4.677388477,48.58780166,53.7
19.577,0.195273817,-5.672187957,48.48780166,53.8
19.589,0.196558513,-6.601074343,48.54730312,53.8
19.602,0.197843209,-7.429870474,48.61870487,53.8
19.615,0.199127905,-8.126840417,48.67820632,53.8
19.627,0.200840834,-8.690763558,48.74960807,53.8
19.64,0.202553762,-9.055726803,48.80910952,53.8
19.653,0.202981994,-9.221730152,48.8448104,53.8
19.665,0.202981994,-9.287643246,48.8448104,53.8
19.678,0.203838458,-9.221730152,48.8448104,53.8
19.691,0.203838458,-9.08868335,48.81529803,53.7
19.704,0.203838458,-8.889723454,48.80910952,53.8
19.716,0.203838458,-8.657807011,48.80910952,53.8
19.729,0.20426669,-8.35875686,48.80910952,53.8
19.742,0.203838458,-7.993793615,48.87340865,53.7
19.754,0.203838458,-7.62883037,48.87340865,53.7
19.767,0.203838458,-7.230910578,48.85579658,53.6
19.78,0.203838458,-6.767077692,48.81390719,53.7
19.792,0.203838458,-6.236111098,48.77820632,53.7
19.805,0.203838458,-5.60505425,48.74250545,53.7
19.818,0.203838458,-4.90930492,48.68300399,53.7
19.831,0.203838458,-4.17937843,48.55349163,53.7
19.843,0.203838458,-3.383538846,48.52350254,53.8
19.856,0.202981994,-2.553522102,48.52969104,53.7
19.869,0.202981994,-1.757682517,48.48780166,53.8
19.881,0.202553762,-0.99479948,48.52969104,53.7
19.894,0.200840834,-0.26487299,48.52350254,53.8
19.907,0.199556137,0.430876339,48.55349163,53.7
19.92,0.198271441,1.160802829,48.54730312,53.8
19.932,0.196986745,1.956642413,48.4891925,53.8
19.945,0.195702049,2.786659158,48.51870487,53.9
19.958,0.194417353,3.681368384,48.48439483,53.9
19.97,0.192276193,4.544341675,48.51390719,54
19.983,0.190563264,5.406094354,48.44960807,54.1
19.996,0.188422104,6.269067645,48.37340865,54.2
20.008,0.185852712,7.064907229,48.27340865,54.3
20.021,0.183283319,7.761877172,48.21529803,54.3
20.034,0.179857463,8.292843766,48.10910952,54.5
20.047,0.177288071,8.690763558,48.01529803,54.5
20.059,0.175575142,8.922680001,48.00910952,54.6
20.072,0.173433982,8.988593096,48.01529803,54.5
20.085,0.172577518,8.988593096,48.00910952,54.6
20.097,0.172149286,8.889723454,48.01529803,54.5
20.11,0.172149286,8.723720105,47.97340865,54.6
20.123,0.171292822,8.524760209,48.07959716,54.4
20.135,0.171292822,8.225710059,48.04960807,54.5
20.148,0.172149286,7.827790266,48.15579658,54.3
20.161,0.172149286,7.36395738,48.21390719,54.3
20.174,0.172577518,6.767077692,48.3200957,54.1
20.186,0.174290446,6.136020844,48.27820632,54.2
20.199,0.176003374,5.406094354,48.31870487,54.1
20.212,0.178144535,4.677388477,48.38300399,54
20.224,0.179857463,3.947461987,48.34730312,54
20.237,0.181998623,3.250492044,48.32350254,54
20.25,0.183283319,2.520565554,48.28780166,54
20.263,0.184139784,1.824816225,48.15210079,54.1
20.275,0.18542448,1.094889735,48.01639992,54.2
20.288,0.185852712,0.397919792,47.91639992,54.3
20.301,0.186709176,-0.26487299,47.8582893,54.3
20.313,0.187137408,-0.99479948,47.85210079,54.4
20.326,0.187993872,-1.790639065,47.78780166,54.5
20.339,0.189278568,-2.686568903,47.68780166,54.6
20.351,0.190563264,-3.681368384,47.69399017,54.5
20.364,0.192276193,-4.677388477,47.58780166,54.7
20.377,0.193989121,-5.672187957,47.62969104,54.6
20.39,0.195273817,-6.63403089,47.54730312,54.8
20.402,0.196986745,-7.495783569,47.62489337,54.7
20.415,0.198271441,-8.225710059,47.71390719,54.8
20.428,0.200412602,-8.7896332,47.77959716,54.7
20.44,0.201697298,-9.221730152,47.80910952,54.8
20.453,0.203838458,-9.486603142,47.8509989,54.7
20.466,0.20426669,-9.652606491,47.88051127,54.8
20.478,0.205123154,-9.652606491,47.88051127,54.8
20.491,0.205123154,-9.519559689,47.88051127,54.8
20.504,0.205123154,-9.353556341,47.9448104,54.7
20.517,0.205123154,-9.08868335,47.9448104,54.7
20.529,0.205123154,-8.756676652,47.90910952,54.7
20.542,0.205551386,-8.35875686,47.91529803,54.6
20.555,0.205551386,-7.927880521,47.90910952,54.7
20.567,0.205551386,-7.462827022,47.87959716,54.6
20.58,0.205123154,-6.931860428,47.81390719,54.7
20.593,0.205123154,-6.33498074,47.78439483,54.6
20.606,0.205123154,-5.705144504,47.71870487,54.7
20.618,0.205123154,-5.008174562,47.6891925,54.6
20.631,0.205123154,-4.279468685,47.64730312,54.7
20.644,0.205123154,-3.515365035,47.62969104,54.6
20.656,0.205123154,-2.71952545,47.48780166,54.8
20.669,0.20426669,-1.956642413,47.49399017,54.7
20.682,0.203838458,-1.193759376,47.48780166,54.8
20.694,0.202553762,-0.463832887,47.52350254,54.8
20.707,0.200840834,0.26487299,47.52350254,54.8
20.72,0.199556137,0.99479948,47.54730312,54.8
20.733,0.199127905,1.757682517,47.44730312,54.9
20.745,0.197843209,2.553522102,47.48300399,54.9
20.758,0.195702049,3.383538846,47.44869396,54.9
20.771,0.193989121,4.212334977,47.47820632,55
20.783,0.19184796,5.042351722,47.4200957,55
20.796,0.1897068,5.771057599,47.31390719,55.2
20.809,0.187993872,6.435070994,47.24960807,55.3
20.821,0.185852712,6.966037588,47.24960807,55.3
20.834,0.184568016,7.36395738,47.17340865,55.4
20.847,0.182426855,7.62883037,47.17340865,55.4
20.86,0.181998623,7.728920625,47.17340865,55.4
20.872,0.181142159,7.728920625,47.17340865,55.4
20.885,0.181142159,7.661786918,47.17340865,55.4
20.898,0.180713927,7.495783569,47.14960807,55.4
20.91,0.180713927,7.296823673,47.24960807,55.3
20.923,0.180713927,6.998994135,47.21390719,55.3
20.936,0.181142159,6.63403089,47.31390719,55.2
20.949,0.181142159,6.168977391,47.27820632,55.2
20.961,0.182426855,5.63923141,47.37820632,55.1
20.974,0.183283319,5.042351722,47.44250545,55
20.987,0.18542448,4.378338326,47.51870487,54.9
20.999,0.186709176,3.715545544,47.51870487,54.9
21.012,0.187993872,3.051532148,47.48300399,54.9
21.025,0.189278568,2.354562206,47.42350254,54.9
21.037,0.1897068,1.691769423,47.28780166,55
21.05,0.190991496,0.99479948,47.25210079,55
21.063,0.19184796,0.332006698,47.12258842,55
21.076,0.192276193,-0.332006698,47.05210079,55.2
21.088,0.192276193,-1.027756028,46.9582893,55.2
21.101,0.193132657,-1.790639065,46.98780166,55.3
21.114,0.194417353,-2.653612356,46.89399017,55.3
21.126,0.195702049,-3.582498742,46.92350254,55.4
21.139,0.196986745,-4.544341675,46.92969104,55.3
21.152,0.198271441,-5.506184608,46.82350254,55.5
21.164,0.199127905,-6.435070994,46.85349163,55.4
21.177,0.200412602,-7.331000833,46.91870487,55.5
21.19,0.201697298,-8.09388387,47.0200957,55.4
21.203,0.203838458,-8.756676652,47.07340865,55.5
21.215,0.205123154,-9.254686699,47.1448104,55.5
21.228,0.20640785,-9.619649944,47.18051127,55.5
21.241,0.206836082,-9.81860984,47.30431185,55.4
21.253,0.207692547,-9.851566387,47.34620123,55.3
21.266,0.208120779,-9.81860984,47.34001273,55.4
21.279,0.208120779,-9.685563038,47.31050036,55.3
21.292,0.208977243,-9.519559689,47.30431185,55.4
21.304,0.208977243,-9.287643246,47.31050036,55.3
21.317,0.208977243,-9.021549643,47.29812335,55.5
21.33,0.208977243,-8.690763558,47.28669978,55.3
21.342,0.208977243,-8.325800313,47.23862189,55.5
21.355,0.208977243,-7.927880521,47.2509989,55.3
21.368,0.208977243,-7.495783569,47.20910952,55.4
21.38,0.208977243,-7.064907229,47.17959716,55.3
21.393,0.208977243,-6.568117796,47.11390719,55.4
21.406,0.208977243,-6.004194655,47.07820632,55.4
21.419,0.208977243,-5.373137807,47.01870487,55.4
21.431,0.208977243,-4.710345024,46.98300399,55.4
21.444,0.208977243,-4.013375081,46.95349163,55.3
21.457,0.208977243,-3.283448591,46.82350254,55.5
21.469,0.208120779,-2.587699262,46.82969104,55.4
21.482,0.208120779,-1.857772772,46.82350254,55.5
21.495,0.207692547,-1.193759376,46.82969104,55.4
21.507,0.20640785,-0.563923141,46.82350254,55.5
21.52,0.205123154,0.032956547,46.82969104,55.4
21.533,0.20426669,0.662792783,46.84730312,55.5
21.546,0.202981994,1.260893084,46.7891925,55.5
21.558,0.202553762,1.890729319,46.78300399,55.6
21.571,0.200840834,2.520565554,46.82489337,55.5
21.584,0.199556137,3.151622403,46.74250545,55.7
21.596,0.197843209,3.748502091,46.77820632,55.7
21.609,0.196558513,4.312425232,46.67820632,55.8
21.622,0.195702049,4.776258118,46.67820632,55.8
21.635,0.194417353,5.141221363,46.71390719,55.8
21.647,0.193989121,5.406094354,46.61390719,55.9
21.66,0.193132657,5.539141155,46.61390719,55.9
21.673,0.193132657,5.60505425,46.6200957,55.8
21.685,0.193132657,5.572097703,46.61390719,55.9
21.698,0.193132657,5.506184608,46.71390719,55.8
21.711,0.192276193,5.373137807,46.71390719,55.8
21.723,0.192276193,5.141221363,46.7200957,55.7
21.736,0.192276193,4.876348373,46.81390719,55.7
21.749,0.193132657,4.544341675,46.78439483,55.6
21.762,0.193989121,4.113465336,46.87820632,55.6
21.774,0.194417353,3.615455289,46.88439483,55.5
21.787,0.195273817,3.051532148,46.84250545,55.6
21.8,0.196558513,2.520565554,46.92489337,55.4
21.812,0.196986745,1.989598961,46.78300399,55.6
21.825,0.197843209,1.426896432,46.72969104,55.5
21.838,0.198271441,0.828796131,46.68780166,55.6
21.85,0.199127905,0.26487299,46.5582893,55.6
21.863,0.199556137,-0.332006698,46.55210079,55.7
21.876,0.199556137,-0.961842933,46.4582893,55.7
21.889,0.200412602,-1.625856329,46.48780166,55.8
21.901,0.200840834,-2.321605658,46.49399017,55.7
21.914,0.201697298,-3.051532148,46.52350254,55.8
21.927,0.202553762,-3.847371732,46.42350254,55.9
21.939,0.202981994,-4.643211317,46.42350254,55.9
21.952,0.20426669,-5.406094354,46.45349163,55.8
21.965,0.205123154,-6.168977391,46.4891925,55.8
21.978,0.205123154,-6.832990786,46.51870487,55.9
21.99,0.205551386,-7.429870474,46.58439483,55.8
22.003,0.20640785,-7.894923974,46.61390719,55.9
22.016,0.206836082,-8.258666606,46.67959716,55.8
22.028,0.207692547,-8.524760209,46.70910952,55.9
22.041,0.208120779,-8.657807011,46.7509989,55.8
22.054,0.208120779,-8.690763558,46.7448104,55.9
22.066,0.208120779,-8.657807011,46.7509989,55.8
22.079,0.208120779,-8.590673304,46.8448104,55.8
22.092,0.208120779,-8.424669955,46.80910952,55.8
22.105,0.208120779,-8.258666606,46.80910952,55.8
22.117,0.208120779,-8.026750163,46.80910952,55.8
22.13,0.208120779,-7.728920625,46.80910952,55.8
22.143,0.208120779,-7.429870474,46.77340865,55.8
22.155,0.208120779,-7.031950682,46.77959716,55.7
22.168,0.208120779,-6.63403089,46.74960807,55.8
22.181,0.208120779,-6.136020844,46.75579658,55.7
22.193,0.208120779,-5.60505425,46.67820632,55.8
22.206,0.208120779,-5.042351722,46.64250545,55.8
22.219,0.208120779,-4.378338326,46.61870487,55.8
22.232,0.208120779,-3.681368384,46.5891925,55.7
22.244,0.208120779,-2.985619054,46.58300399,55.8
22.257,0.208120779,-2.288649111,46.55349163,55.7
22.27,0.207692547,-1.591679168,46.54730312,55.8
22.282,0.206836082,-0.961842933,46.54730312,55.8
22.295,0.20640785,-0.332006698,46.54730312,55.8
22.308,0.205123154,0.26487299,46.58300399,55.8
22.32,0.203838458,0.895929839,46.61870487,55.8
22.333,0.202981994,1.558722621,46.61870487,55.8
22.346,0.202553762,2.222736017,46.54250545,55.9
22.359,0.200840834,2.918485347,46.57820632,55.9
22.371,0.199556137,3.648411836,46.6200957,55.8
22.384,0.198271441,4.312425232,46.54960807,56
22.397,0.196986745,4.942261467,46.57340865,56
22.409,0.195702049,5.473228061,46.47340865,56.1
22.422,0.195273817,5.937060947,46.50910952,56.1
22.435,0.193989121,6.302024192,46.40910952,56.2
22.448,0.192276193,6.568117796,46.40910952,56.2
22.46,0.19184796,6.699943985,46.41529803,56.1
22.473,0.190991496,6.732900532,46.40910952,56.2
22.486,0.190991496,6.699943985,46.41529803,56.1
22.498,0.190563264,6.601074343,46.40910952,56.2
22.511,0.190563264,6.402114447,46.41529803,56.1
22.524,0.190563264,6.136020844,46.47340865,56.1
22.536,0.190563264,5.805234759,46.47959716,56
22.549,0.190991496,5.406094354,46.57340865,56
22.562,0.19184796,4.90930492,46.55579658,55.9
22.575,0.192276193,4.378338326,46.64960807,55.9
22.587,0.193989121,3.814415185,46.7200957,55.7
22.6,0.194417353,3.217535497,46.67820632,55.8
22.613,0.195702049,2.653612356,46.64250545,55.8
22.625,0.196558513,2.023776121,46.58300399,55.8
22.638,0.197843209,1.426896432,46.42350254,55.9
22.651,0.197843209,0.828796131,46.39399017,55.8
22.663,0.198271441,0.231916443,46.25210079,56
22.676,0.198271441,-0.397919792,46.2582893,55.9
22.689,0.199127905,-1.027756028,46.15210079,56.1
22.702,0.199556137,-1.691769423,46.19399017,56
22.714,0.200412602,-2.388739366,46.11731403,56.3
22.727,0.201697298,-3.18457895,46.12969104,56.1
22.74,0.202553762,-4.013375081,46.12350254,56.2
22.752,0.202981994,-4.842171213,46.15349163,56.1
22.765,0.203838458,-5.60505425,46.04730312,56.3
22.778,0.20426669,-6.302024192,46.0891925,56.2
22.791,0.205551386,-6.898903881,46.11870487,56.3
22.803,0.20640785,-7.396913927,46.18439483,56.2
22.816,0.20640785,-7.794833719,46.21390719,56.3
22.829,0.206836082,-8.05970671,46.25579658,56.2
22.841,0.207692547,-8.192753511,46.24960807,56.3
22.854,0.207692547,-8.192753511,46.25579658,56.2
22.867,0.207692547,-8.126840417,46.24960807,56.3
22.879,0.207692547,-7.993793615,46.35579658,56.1
22.892,0.208120779,-7.794833719,46.34960807,56.2
22.905,0.208120779,-7.595873823,46.34960807,56.2
22.918,0.207692547,-7.296823673,46.34960807,56.2
22.93,0.207692547,-6.966037588,46.35579658,56.1
22.943,0.207692547,-6.601074343,46.3200957,56.1
22.956,0.207692547,-6.236111098,46.3200957,56.1
22.968,0.207692547,-5.771057599,46.27820632,56.2
22.981,0.207692547,-5.274268165,46.24250545,56.2
22.994,0.207692547,-4.743301571,46.24250545,56.2
23.007,0.208120779,-4.113465336,46.21870487,56.2
23.019,0.207692547,-3.482408487,46.18300399,56.2
23.032,0.207692547,-2.819615705,46.1891925,56.1
23.045,0.207692547,-2.155602309,46.14730312,56.2
23.057,0.206836082,-1.45985298,46.15349163,56.1
23.07,0.20640785,-0.795839584,46.14730312,56.2
23.083,0.205123154,-0.166003349,46.18300399,56.2
23.095,0.20426669,0.463832887,46.18300399,56.2
23.108,0.202981994,1.094889735,46.21870487,56.2
23.121,0.202553762,1.790639065,46.24250545,56.2
23.134,0.200840834,2.553522102,46.27820632,56.2
23.146,0.199556137,3.350582299,46.21390719,56.3
23.159,0.198271441,4.146421883,46.24960807,56.3
23.172,0.196986745,4.942261467,46.17959716,56.3
23.184,0.195702049,5.672187957,46.10910952,56.5
23.197,0.194417353,6.367937287,46.1509989,56.4
23.21,0.192276193,6.998994135,46.0448104,56.6
23.222,0.1897068,7.595873823,45.98669978,56.6
23.235,0.186709176,8.026750163,45.88051127,56.8
23.248,0.184139784,8.325800313,45.88669978,56.7
23.261,0.181998623,8.524760209,45.78051127,56.9
23.273,0.179857463,8.590673304,45.78669978,56.8
23.286,0.179429231,8.623629851,45.78051127,56.9
23.299,0.178572767,8.557716756,45.78669978,56.8
23.311,0.178144535,8.491803662,45.8448104,56.8
23.324,0.178572767,8.325800313,45.8509989,56.7
23.337,0.178572767,8.126840417,45.8448104,56.8
23.35,0.178572767,7.860746814,45.91529803,56.6
23.362,0.178572767,7.495783569,45.90910952,56.7
23.375,0.178572767,7.031950682,45.97340865,56.6
23.388,0.179857463,6.500984088,46.04960807,56.5
23.4,0.181142159,5.9041044,46.14960807,56.4
23.413,0.182426855,5.241311618,46.11390719,56.4
23.426,0.184568016,4.577298222,46.17820632,56.3
23.438,0.186709176,3.91450544,46.14869396,56.2
23.451,0.188422104,3.250492044,46.08300399,56.3
23.464,0.189278568,2.587699262,46.05349163,56.2
23.477,0.190563264,1.956642413,45.98780166,56.3
23.489,0.190991496,1.326806178,45.8582893,56.3
23.502,0.19184796,0.696969943,45.71639992,56.5
23.515,0.19184796,0.065913094,45.61639992,56.6
23.527,0.193132657,-0.563923141,45.65210079,56.6
23.54,0.193132657,-1.226715924,45.55210079,56.7
23.553,0.194417353,-1.956642413,45.48780166,56.8
23.565,0.195702049,-2.752481998,45.48780166,56.8
23.578,0.196986745,-3.648411836,45.38780166,56.9
23.591,0.198271441,-4.544341675,45.38780166,56.9
23.604,0.199556137,-5.440271514,45.42350254,56.9
23.616,0.200412602,-6.269067645,45.32350254,57
23.629,0.201697298,-7.064907229,45.38300399,57
23.642,0.202981994,-7.728920625,45.44250545,57
23.654,0.20426669,-8.225710059,45.48439483,56.9
23.667,0.205551386,-8.590673304,45.54960807,57
23.68,0.20640785,-8.756676652,45.57340865,57
23.692,0.206836082,-8.7896332,45.57340865,57
23.705,0.207692547,-8.690763558,45.57340865,57
23.718,0.207692547,-8.557716756,45.54960807,57
23.731,0.207692547,-8.35875686,45.64960807,56.9
23.743,0.207692547,-8.126840417,45.65579658,56.8
23.756,0.207692547,-7.794833719,45.61390719,56.9
23.769,0.207692547,-7.429870474,45.61390719,56.9
23.781,0.207692547,-7.064907229,45.61390719,56.9
23.794,0.207692547,-6.63403089,45.58439483,56.8
23.807,0.207692547,-6.168977391,45.54250545,56.9
23.82,0.206836082,-5.672187957,45.52489337,56.8
23.832,0.206836082,-5.108264816,45.48300399,56.9
23.845,0.206836082,-4.478428581,45.44730312,56.9
23.858,0.207692547,-3.814415185,45.45349163,56.8
23.87,0.207692547,-3.117445243,45.42350254,56.9
23.883,0.207692547,-2.388739366,45.32969104,56.9
23.896,0.206836082,-1.691769423,45.32350254,57
23.908,0.205551386,-1.061933188,45.32350254,57
23.921,0.205123154,-0.430876339,45.32350254,57
23.934,0.203838458,0.166003349,45.35349163,56.9
23.947,0.202981994,0.762883037,45.34730312,57
23.959,0.201697298,1.392719272,45.3891925,56.9
23.972,0.200840834,1.989598961,45.41870487,57
23.985,0.199556137,2.653612356,45.44869396,56.9
23.997,0.198271441,3.350582299,45.33631694,57.2
24.01,0.196558513,4.013375081,45.38439483,57
24.023,0.195702049,4.643211317,45.27201781,57.3
24.035,0.194417353,5.17417791,45.3200957,57.1
24.048,0.193132657,5.672187957,45.24960807,57.3
24.061,0.192276193,6.070107749,45.25579658,57.2
24.074,0.190991496,6.367937287,45.24960807,57.3
24.086,0.190563264,6.568117796,45.17340865,57.4
24.099,0.1897068,6.666987437,45.17959716,57.3
24.112,0.1897068,6.699943985,45.17340865,57.4
24.124,0.189278568,6.63403089,45.25579658,57.2
24.137,0.189278568,6.500984088,45.24960807,57.3
24.15,0.189278568,6.302024192,45.25579658,57.2
24.163,0.189278568,6.037151202,45.24960807,57.3
24.175,0.189278568,5.705144504,45.3200957,57.1
24.188,0.1897068,5.307224712,45.41390719,57.1
24.201,0.190991496,4.809214666,45.37820632,57.1
24.213,0.19184796,4.312425232,45.47820632,57
24.226,0.192276193,3.814415185,45.47820632,57
24.239,0.193989121,3.283448591,45.54250545,56.9
24.251,0.195273817,2.71952545,45.51870487,56.9
24.264,0.195702049,2.18977947,45.38300399,57
24.277,0.196558513,1.625856329,45.32350254,57
24.29,0.196986745,1.061933188,45.28780166,57
24.302,0.197843209,0.498010047,45.15210079,57.1
24.315,0.198271441,-0.065913094,45.15210079,57.1
24.328,0.199127905,-0.662792783,45.05210079,57.2
24.34,0.199127905,-1.260893084,45.05210079,57.2
24.353,0.199556137,-1.890729319,44.99399017,57.2
24.366,0.199556137,-2.587699262,45.02350254,57.3
24.378,0.200840834,-3.316405139,45.02969104,57.2
24.391,0.201697298,-4.046331628,45.02350254,57.3
24.404,0.202981994,-4.776258118,44.95349163,57.3
24.417,0.203838458,-5.440271514,44.94730312,57.4
24.429,0.20426669,-6.037151202,44.9891925,57.3
24.442,0.20426669,-6.500984088,44.98300399,57.4
24.455,0.205123154,-6.832990786,45.04869396,57.3
24.467,0.205551386,-7.064907229,45.04250545,57.4
24.48,0.205551386,-7.164997484,45.08439483,57.3
24.493,0.205551386,-7.164997484,45.07820632,57.4
24.506,0.205551386,-7.097863777,45.08439483,57.3
24.518,0.205551386,-6.966037588,45.07820632,57.4
24.531,0.20640785,-6.800034239,45.08439483,57.3
24.544,0.20640785,-6.568117796,45.07820632,57.4
24.556,0.20640785,-6.302024192,45.04869396,57.3
24.569,0.205551386,-6.004194655,45.04250545,57.4
24.582,0.205551386,-5.672187957,45.14250545,57.3
24.594,0.205551386,-5.307224712,45.11870487,57.3
24.607,0.205551386,-4.876348373,45.11870487,57.3
24.62,0.205551386,-4.444251421,45.11870487,57.3
24.633,0.205551386,-3.980418534,45.08300399,57.3
24.645,0.20640785,-3.482408487,45.05349163,57.2
24.658,0.205551386,-2.952662507,45.04730312,57.3
24.671,0.205551386,-2.421695913,45.05349163,57.2
24.683,0.205123154,-1.890729319,45.04730312,57.3
24.696,0.205123154,-1.359762725,45.05349163,57.2
24.709,0.20426669,-0.862973292,45.08300399,57.3
24.721,0.203838458,-0.397919792,45.0891925,57.2
24.734,0.202981994,0.065913094,45.08300399,57.3
24.747,0.202553762,0.530966594,45.12489337,57.2
24.76,0.201697298,0.99479948,45.11870487,57.3
24.772,0.200840834,1.45985298,45.14869396,57.2
24.785,0.200412602,1.956642413,45.17820632,57.3
24.798,0.199556137,2.421695913,45.17820632,57.3
24.81,0.199127905,2.885528799,45.21390719,57.3
24.823,0.198271441,3.350582299,45.11390719,57.4
24.836,0.197843209,3.748502091,45.15579658,57.3
24.849,0.196558513,4.079288176,45.14960807,57.4
24.861,0.195702049,4.345381779,45.15579658,57.3
24.874,0.195273817,4.511385128,45.14960807,57.4
24.887,0.195273817,4.610254769,45.15579658,57.3
24.899,0.195273817,4.643211317,45.17340865,57.4
24.912,0.194417353,4.643211317,45.17340865,57.4
24.925,0.194417353,4.643211317,45.17340865,57.4
24.937,0.194417353,4.544341675,45.17959716,57.3
24.95,0.194417353,4.444251421,45.17340865,57.4
24.963,0.195273817,4.279468685,45.14960807,57.4
24.976,0.195273817,4.079288176,45.24960807,57.3
24.988,0.195273817,3.847371732,45.24960807,57.3
25.001,0.195273817,3.549542195,45.24960807,57.3
25.014,0.195702049,3.217535497,45.34960807,57.2
25.026,0.196558513,2.852572252,45.31390719,57.2
25.039,0.196986745,2.45465246,45.31390719,57.2
25.052,0.197843209,2.056732668,45.31390719,57.2
25.064,0.197843209,1.625856329,45.28439483,57.1
25.077,0.199127905,1.193759376,45.21870487,57.2
25.09,0.199556137,0.762883037,45.18300399,57.2
25.103,0.200412602,0.332006698,45.14730312,57.2
25.115,0.200412602,-0.100090254,45.12350254,57.2
25.128,0.200412602,-0.530966594,45.02350254,57.3
25.141,0.200840834,-0.961842933,44.99399017,57.2
25.153,0.201697298,-1.426896432,45.02350254,57.3
25.166,0.201697298,-1.890729319,45.02969104,57.2
25.179,0.201697298,-2.354562206,45.02350254,57.3
25.192,0.202553762,-2.819615705,44.92969104,57.3
25.204,0.202553762,-3.283448591,44.92350254,57.4
25.217,0.202981994,-3.715545544,44.95349163,57.3
25.23,0.203838458,-4.146421883,44.94730312,57.4
25.242,0.20426669,-4.544341675,44.9891925,57.3
25.255,0.205123154,-4.90930492,44.98300399,57.4
25.268,0.205123154,-5.207134458,44.9891925,57.3
25.28,0.205123154,-5.406094354,44.98300399,57.4
25.293,0.205123154,-5.572097703,45.01870487,57.4
25.306,0.205123154,-5.63923141,45.01870487,57.4
25.319,0.205123154,-5.705144504,45.01870487,57.4
25.331,0.205551386,-5.705144504,45.02489337,57.3
25.344,0.205551386,-5.672187957,45.01870487,57.4
25.357,0.205123154,-5.60505425,45.02489337,57.3
25.369,0.205123154,-5.473228061,45.01870487,57.4
25.382,0.205123154,-5.373137807,45.02489337,57.3
25.395,0.205123154,-5.207134458,45.01251636,57.5
25.407,0.205123154,-5.008174562,45.02489337,57.3
25.42,0.205123154,-4.776258118,45.01251636,57.5
25.433,0.205123154,-4.511385128,45.02489337,57.3
25.446,0.205123154,-4.245291525,44.98300399,57.4
25.458,0.205123154,-3.91450544,44.9891925,57.3
25.471,0.205123154,-3.549542195,45.01870487,57.4
25.484,0.205123154,-3.151622403,45.02489337,57.3
25.496,0.205123154,-2.752481998,45.01870487,57.4
25.509,0.20426669,-2.321605658,45.01870487,57.4
25.522,0.20426669,-1.890729319,45.01870487,57.4
25.535,0.20426669,-1.492809527,45.01870487,57.4
25.547,0.203838458,-1.094889735,45.04250545,57.4
25.56,0.203838458,-0.72992649,45.14250545,57.3
25.573,0.202981994,-0.364963245,45.14250545,57.3
25.585,0.202553762,-0.032956547,45.17820632,57.3
25.598,0.201697298,0.299050151,45.17820632,57.3
25.611,0.201697298,0.629836235,45.17820632,57.3
25.623,0.200840834,0.961842933,45.17820632,57.3
25.636,0.200840834,1.293849631,45.21390719,57.3
25.649,0.200412602,1.591679168,45.21390719,57.3
25.662,0.199556137,1.857772772,45.21390719,57.3
25.674,0.199556137,2.089689215,45.24960807,57.3
25.687,0.199127905,2.321605658,45.24960807,57.3
25.7,0.199127905,2.487609007,45.24960807,57.3
25.712,0.199127905,2.587699262,45.24960807,57.3
25.725,0.198271441,2.653612356,45.24960807,57.3
25.738,0.198271441,2.686568903,45.24960807,57.3
25.75,0.198271441,2.653612356,45.24960807,57.3
25.763,0.198271441,2.587699262,45.24960807,57.3
25.776,0.198271441,2.487609007,45.24960807,57.3
25.789,0.198271441,2.354562206,45.24960807,57.3
25.801,0.198271441,2.18977947,45.24960807,57.3
25.814,0.199127905,1.989598961,45.24960807,57.3
25.827,0.199127905,1.790639065,45.34960807,57.2
25.839,0.199127905,1.558722621,45.31390719,57.2
25.852,0.199127905,1.293849631,45.3200957,57.1
25.865,0.199556137,1.027756028,45.27820632,57.2
25.878,0.200412602,0.696969943,45.27820632,57.2
25.89,0.200412602,0.397919792,45.24250545,57.2
25.903,0.200840834,0.065913094,45.21870487,57.2
25.916,0.200840834,-0.299050151,45.21870487,57.2
25.928,0.201697298,-0.662792783,45.1891925,57.1
25.941,0.202553762,-1.027756028,45.08300399,57.3
25.954,0.202553762,-1.426896432,45.0891925,57.2
25.966,0.202553762,-1.790639065,45.04730312,57.3
25.979,0.202553762,-2.18977947,45.05349163,57.2
25.992,0.202981994,-2.553522102,45.04730312,57.3
26.005,0.202981994,-2.952662507,45.04730312,57.3
26.017,0.203838458,-3.316405139,45.04730312,57.3
26.03,0.20426669,-3.681368384,45.08300399,57.3
26.043,0.20426669,-4.013375081,45.08300399,57.3
26.055,0.20426669,-4.312425232,44.98300399,57.4
26.068,0.205123154,-4.577298222,44.9891925,57.3
26.081,0.205123154,-4.776258118,44.98300399,57.4
26.093,0.205123154,-4.90930492,44.9891925,57.3
26.106,0.205551386,-5.008174562,45.01870487,57.4
26.119,0.205123154,-5.075308269,45.04869396,57.3
26.132,0.205123154,-5.075308269,45.04250545,57.4
26.144,0.205123154,-5.008174562,45.04869396,57.3
26.157,0.205123154,-4.90930492,45.04250545,57.4
26.17,0.205123154,-4.809214666,45.02489337,57.3
26.182,0.205123154,-4.643211317,45.01870487,57.4
26.195,0.205123154,-4.444251421,45.01870487,57.4
26.208,0.205123154,-4.245291525,45.04250545,57.4
26.221,0.205123154,-3.980418534,45.01870487,57.4
26.233,0.205123154,-3.715545544,45.11870487,57.3
26.246,0.205123154,-3.416495393,45.11870487,57.3
26.259,0.205123154,-3.117445243,45.12489337,57.2
26.271,0.205123154,-2.786659158,45.14250545,57.3
26.284,0.20426669,-2.45465246,45.14250545,57.3
26.297,0.20426669,-2.089689215,45.14250545,57.3
26.309,0.20426669,-1.757682517,45.14869396,57.2
26.322,0.20426669,-1.426896432,45.17820632,57.3
26.335,0.203838458,-1.094889735,45.17820632,57.3
26.348,0.203838458,-0.795839584,45.17820632,57.3
26.36,0.202981994,-0.463832887,45.17820632,57.3
26.373,0.202553762,-0.166003349,45.21390719,57.3
26.386,0.202553762,0.133046802,45.31390719,57.2
26.398,0.201697298,0.430876339,45.34960807,57.2
26.411,0.200840834,0.762883037,45.34960807,57.2
26.424,0.200840834,1.061933188,45.34960807,57.2
26.436,0.200412602,1.326806178,45.34960807,57.2
26.449,0.199556137,1.591679168,45.34960807,57.2
26.462,0.199556137,1.824816225,45.37340865,57.2
26.475,0.199556137,2.023776121,45.37340865,57.2
26.487,0.199556137,2.18977947,45.37340865,57.2
26.5,0.199127905,2.321605658,45.37340865,57.2
26.513,0.199127905,2.421695913,45.37340865,57.2
26.525,0.198271441,2.487609007,45.40910952,57.2
26.538,0.198271441,2.520565554,45.41529803,57.1
26.551,0.198271441,2.487609007,45.40910952,57.2
26.564,0.198271441,2.45465246,45.41529803,57.1
26.576,0.198271441,2.354562206,45.40910952,57.2
26.589,0.198271441,2.255692564,45.41529803,57.1
26.602,0.199127905,2.089689215,45.37340865,57.2
26.614,0.199127905,1.890729319,45.37959716,57.1
26.627,0.199127905,1.658812876,45.37340865,57.2
26.64,0.199127905,1.426896432,45.35579658,57.1
26.652,0.199556137,1.160802829,45.34960807,57.2
26.665,0.200412602,0.862973292,45.4200957,57
26.678,0.200412602,0.530966594,45.31390719,57.2
26.691,0.200840834,0.198959896,45.28439483,57.1
26.703,0.200840834,-0.133046802,45.27820632,57.2
26.716,0.201697298,-0.463832887,45.24869396,57.1
26.729,0.201697298,-0.795839584,45.21870487,57.2
26.741,0.202553762,-1.127846282,45.21870487,57.2
26.754,0.202553762,-1.45985298,45.21870487,57.2
26.767,0.202981994,-1.790639065,45.21870487,57.2
26.779,0.202981994,-2.089689215,45.22489337,57.1
26.792,0.202981994,-2.388739366,45.18300399,57.2
26.805,0.202981994,-2.686568903,45.1891925,57.1
26.818,0.203838458,-2.952662507,45.21870487,57.2
26.83,0.203838458,-3.151622403,45.22489337,57.1
26.843,0.203838458,-3.350582299,45.11870487,57.3
26.856,0.203838458,-3.482408487,45.1891925,57.1
26.868,0.20426669,-3.582498742,45.18300399,57.2
26.881,0.20426669,-3.615455289,45.18300399,57.2
26.894,0.20426669,-3.615455289,45.21870487,57.2
26.907,0.20426669,-3.582498742,45.21870487,57.2
26.919,0.20426669,-3.515365035,45.21870487,57.2
26.932,0.203838458,-3.416495393,45.21870487,57.2
26.945,0.203838458,-3.283448591,45.21870487,57.2
26.957,0.203838458,-3.151622403,45.21870487,57.2
26.97,0.203838458,-2.985619054,45.21870487,57.2
26.983,0.20426669,-2.752481998,45.21870487,57.2
26.995,0.203838458,-2.553522102,45.24250545,57.2
27.008,0.203838458,-2.288649111,45.24250545,57.2
27.021,0.203838458,-2.056732668,45.21870487,57.2
27.034,0.203838458,-1.824816225,45.24250545,57.2
27.046,0.202981994,-1.558722621,45.24250545,57.2
27.059,0.202981994,-1.293849631,45.37820632,57.1
27.072,0.202981994,-1.061933188,45.37820632,57.1
27.084,0.202553762,-0.795839584,45.37820632,57.1
27.097,0.202553762,-0.563923141,45.37820632,57.1
27.11,0.202553762,-0.299050151,45.41390719,57.1
27.122,0.201697298,-0.065913094,45.41390719,57.1
27.135,0.201697298,0.198959896,45.4200957,57
27.148,0.201697298,0.430876339,45.41390719,57.1
27.161,0.200840834,0.662792783,45.45579658,57
27.173,0.200840834,0.895929839,45.44960807,57.1
27.186,0.200412602,1.127846282,45.45579658,57
27.199,0.199556137,1.359762725,45.44960807,57.1
27.211,0.199556137,1.558722621,45.47340865,57.1
27.224,0.199556137,1.757682517,45.47340865,57.1
27.237,0.199127905,1.923685866,45.47340865,57.1
27.25,0.199127905,2.089689215,45.50910952,57.1
27.262,0.199556137,2.18977947,45.50910952,57.1
27.275,0.199556137,2.288649111,45.50910952,57.1
27.288,0.199127905,2.354562206,45.50910952,57.1
27.3,0.199127905,2.354562206,45.50910952,57.1
27.313,0.199127905,2.354562206,45.50910952,57.1
27.326,0.199127905,2.321605658,45.51529803,57
27.338,0.199127905,2.222736017,45.50910952,57.1
27.351,0.198271441,2.089689215,45.47959716,57
27.364,0.199127905,1.956642413,45.57340865,57
27.377,0.199127905,1.757682517,45.57959716,56.9
27.389,0.199127905,1.558722621,45.54960807,57
27.402,0.199556137,1.293849631,45.54960807,57
27.415,0.199556137,1.027756028,45.54960807,57
27.427,0.200412602,0.72992649,45.51390719,57
27.44,0.200412602,0.397919792,45.51390719,57
27.453,0.200840834,0.065913094,45.47820632,57
27.465,0.200840834,-0.231916443,45.48439483,56.9
27.478,0.201697298,-0.596879688,45.44250545,57
27.491,0.201697298,-0.961842933,45.41870487,57
27.504,0.202553762,-1.326806178,45.31251636,57.2
27.516,0.202553762,-1.72472597,45.32489337,57
27.529,0.202981994,-2.122645762,45.31870487,57.1
27.542,0.202981994,-2.487609007,45.32489337,57
27.554,0.202981994,-2.885528799,45.31870487,57.1
27.567,0.203838458,-3.283448591,45.2891925,57
27.58,0.203838458,-3.648411836,45.31870487,57.1
27.593,0.20426669,-3.980418534,45.31870487,57.1
27.605,0.20426669,-4.279468685,45.31870487,57.1
27.618,0.205123154,-4.511385128,45.31870487,57.1
27.631,0.205123154,-4.677388477,45.31870487,57.1
27.643,0.205123154,-4.809214666,45.31870487,57.1
27.656,0.205123154,-4.876348373,45.21870487,57.2
27.669,0.205123154,-4.876348373,45.21870487,57.2
27.681,0.205123154,-4.842171213,45.21870487,57.2
27.694,0.205123154,-4.743301571,45.24250545,57.2
27.707,0.205551386,-4.577298222,45.21870487,57.2
27.72,0.205123154,-4.378338326,45.31870487,57.1
27.732,0.205123154,-4.146421883,45.31870487,57.1
27.745,0.205123154,-3.88032828,45.32489337,57
27.758,0.205123154,-3.615455289,45.31870487,57.1
27.77,0.205123154,-3.316405139,45.31870487,57.1
27.783,0.205123154,-2.952662507,45.34250545,57.1
27.796,0.20426669,-2.587699262,45.34250545,57.1
27.808,0.20426669,-2.222736017,45.34250545,57.1
27.821,0.20426669,-1.857772772,45.38439483,57
27.834,0.203838458,-1.45985298,45.37820632,57.1
27.847,0.202981994,-1.094889735,45.38439483,57
27.859,0.202981994,-0.72992649,45.37820632,57.1
27.872,0.202553762,-0.364963245,45.5200957,56.9
27.885,0.202553762,0,45.51390719,57
27.897,0.201697298,0.364963245,45.5200957,56.9
27.91,0.201697298,0.696969943,45.54960807,57
27.923,0.200840834,1.061933188,45.55579658,56.9
27.936,0.200412602,1.392719272,45.57340865,57
27.948,0.199556137,1.72472597,45.57340865,57
27.961,0.199556137,2.056732668,45.60910952,57
27.974,0.199127905,2.354562206,45.60910952,57
27.986,0.199127905,2.620655809,45.6448104,57
27.999,0.199127905,2.819615705,45.6448104,57
28.012,0.199127905,2.985619054,45.6509989,56.9
28.024,0.198271441,3.117445243,45.68051127,57
28.037,0.198271441,3.217535497,45.68669978,56.9
28.05,0.198271441,3.217535497,45.68051127,57
28.063,0.197843209,3.18457895,45.68669978,56.9
28.075,0.197843209,3.084488695,45.63862189,57.1
28.088,0.197843209,2.952662507,45.6509989,56.9
28.101,0.197843209,2.752481998,45.63862189,57.1
28.113,0.198271441,2.553522102,45.6509989,56.9
28.126,0.198271441,2.288649111,45.6448104,57
28.139,0.198271441,2.023776121,45.71529803,56.8
28.151,0.199127905,1.72472597,45.67340865,56.9
28.164,0.199127905,1.392719272,45.67340865,56.9
28.177,0.199556137,1.061933188,45.67340865,56.9
28.19,0.200412602,0.696969943,45.64960807,56.9
28.202,0.200412602,0.332006698,45.61390719,56.9
28.215,0.200840834,-0.032956547,45.47820632,57
28.228,0.201697298,-0.397919792,45.44250545,57
28.24,0.201697298,-0.795839584,45.44250545,57
28.253,0.202553762,-1.160802829,45.41870487,57
28.266,0.202553762,-1.525766074,45.41870487,57
28.279,0.202553762,-1.890729319,45.41870487,57
28.291,0.202981994,-2.255692564,45.41870487,57
28.304,0.203838458,-2.620655809,45.41870487,57
28.317,0.203838458,-2.952662507,45.41870487,57
28.329,0.203838458,-3.316405139,45.31870487,57.1
28.342,0.203838458,-3.582498742,45.31870487,57.1
28.355,0.20426669,-3.847371732,45.31870487,57.1
28.367,0.20426669,-4.046331628,45.31870487,57.1
28.38,0.205123154,-4.146421883,45.31870487,57.1
28.393,0.205123154,-4.212334977,45.31870487,57.1
28.406,0.205123154,-4.245291525,45.31870487,57.1
28.418,0.205123154,-4.17937843,45.31870487,57.1
28.431,0.205123154,-4.079288176,45.31870487,57.1
28.444,0.20426669,-3.947461987,45.31870487,57.1
28.456,0.20426669,-3.781458638,45.31870487,57.1
28.469,0.20426669,-3.582498742,45.31870487,57.1
28.482,0.20426669,-3.383538846,45.34250545,57.1
28.494,0.20426669,-3.151622403,45.34250545,57.1
28.507,0.20426669,-2.918485347,45.34250545,57.1
28.52,0.205123154,-2.653612356,45.34250545,57.1
28.533,0.20426669,-2.388739366,45.44250545,57
28.545,0.20426669,-2.089689215,45.44250545,57
28.558,0.20426669,-1.824816225,45.44250545,57
28.571,0.203838458,-1.525766074,45.47820632,57
28.583,0.202981994,-1.226715924,45.48439483,56.9
28.596,0.202981994,-0.928886386,45.57820632,56.9
28.609,0.202981994,-0.662792783,45.61390719,56.9
28.622,0.202553762,-0.397919792,45.61390719,56.9
28.634,0.202553762,-0.166003349,45.6200957,56.8
28.647,0.201697298,0.100090254,45.61390719,56.9
28.66,0.201697298,0.332006698,45.64960807,56.9
28.672,0.201697298,0.530966594,45.64960807,56.9
28.685,0.200840834,0.762883037,45.64960807,56.9
28.698,0.200840834,0.99479948,45.64960807,56.9
28.71,0.200412602,1.193759376,45.64960807,56.9
28.723,0.200412602,1.392719272,45.67959716,56.8
28.736,0.200412602,1.558722621,45.67340865,56.9
28.749,0.199556137,1.658812876,45.67959716,56.8
28.761,0.199556137,1.757682517,45.67340865,56.9
28.774,0.199556137,1.824816225,45.67959716,56.8
28.787,0.199556137,1.857772772,45.66722014,57
28.799,0.199556137,1.857772772,45.67959716,56.8
28.812,0.199127905,1.824816225,45.66722014,57
28.825,0.199127905,1.790639065,45.67340865,56.9
28.837,0.199556137,1.691769423,45.67340865,56.9
28.85,0.199556137,1.591679168,45.77340865,56.8
28.863,0.199556137,1.45985298,45.77340865,56.8
28.876,0.199556137,1.326806178,45.74960807,56.8
28.888,0.199556137,1.160802829,45.74960807,56.8
28.901,0.199556137,0.961842933,45.74960807,56.8
28.914,0.199556137,0.762883037,45.74960807,56.8
28.926,0.200412602,0.563923141,45.71390719,56.8
28.939,0.200412602,0.332006698,45.71390719,56.8
28.952,0.200840834,0.065913094,45.71390719,56.8
28.965,0.200840834,-0.198959896,45.67820632,56.8
28.977,0.201697298,-0.463832887,45.67820632,56.8
28.99,0.201697298,-0.72992649,45.64250545,56.8
29.003,0.202553762,-0.99479948,45.64250545,56.8
29.015,0.202553762,-1.260893084,45.51870487,56.9
29.028,0.202553762,-1.558722621,45.51870487,56.9
29.041,0.202553762,-1.857772772,45.51870487,56.9
29.053,0.202981994,-2.155602309,45.51870487,56.9
29.066,0.202981994,-2.45465246,45.51870487,56.9
29.079,0.203838458,-2.71952545,45.51870487,56.9
29.092,0.203838458,-2.985619054,45.51870487,56.9
29.104,0.203838458,-3.217535497,45.51870487,56.9
29.117,0.203838458,-3.44945194,45.51870487,56.9
29.13,0.20426669,-3.648411836,45.51870487,56.9
29.142,0.20426669,-3.814415185,45.51870487,56.9
29.155,0.20426669,-3.88032828,45.51870487,56.9
29.168,0.20426669,-3.947461987,45.51870487,56.9
29.18,0.20426669,-3.947461987,45.51870487,56.9
29.193,0.205123154,-3.91450544,45.51870487,56.9
29.206,0.20426669,-3.88032828,45.51251636,57
29.219,0.20426669,-3.814415185,45.51870487,56.9
29.231,0.205123154,-3.681368384,45.51870487,56.9
29.244,0.205123154,-3.582498742,45.52489337,56.8
29.257,0.20426669,-3.416495393,45.51870487,56.9
29.269,0.20426669,-3.250492044,45.52489337,56.8
29.282,0.20426669,-3.051532148,45.54250545,56.9
29.295,0.20426669,-2.819615705,45.54869396,56.8
29.308,0.203838458,-2.587699262,45.53631694,57
29.32,0.203838458,-2.354562206,45.54869396,56.8
29.333,0.203838458,-2.089689215,45.54250545,56.9
29.346,0.203838458,-1.824816225,45.54869396,56.8
29.358,0.203838458,-1.558722621,45.57820632,56.9
29.371,0.203838458,-1.326806178,45.58439483,56.8
29.384,0.203838458,-1.061933188,45.57820632,56.9
29.396,0.202981994,-0.828796131,45.57820632,56.9
29.409,0.202553762,-0.629836235,45.71390719,56.8
29.422,0.202553762,-0.397919792,45.71390719,56.8
29.435,0.202553762,-0.198959896,45.7200957,56.7
29.447,0.202553762,0,45.71390719,56.8
29.46,0.201697298,0.198959896,45.7200957,56.7
29.473,0.201697298,0.364963245,45.74960807,56.8
29.485,0.201697298,0.563923141,45.75579658,56.7
29.498,0.200840834,0.762883037,45.74960807,56.8
29.511,0.200840834,0.895929839,45.75579658,56.7
29.523,0.200412602,1.061933188,45.77340865,56.8
29.536,0.200412602,1.193759376,45.77959716,56.7
29.549,0.200412602,1.293849631,45.77340865,56.8
29.562,0.200412602,1.392719272,45.77340865,56.8
29.574,0.200412602,1.45985298,45.77340865,56.8
29.587,0.199556137,1.45985298,45.77340865,56.8
29.6,0.199556137,1.45985298,45.77340865,56.8
29.612,0.199556137,1.426896432,45.77340865,56.8
29.625,0.199556137,1.392719272,45.77340865,56.8
29.638,0.200412602,1.359762725,45.77340865,56.8
29.651,0.200412602,1.260893084,45.74960807,56.8
29.663,0.200412602,1.160802829,45.74960807,56.8
29.676,0.200412602,1.027756028,45.74960807,56.8
29.689,0.200412602,0.895929839,45.74960807,56.8
29.701,0.200412602,0.72992649,45.74960807,56.8
29.714,0.200412602,0.563923141,45.71390719,56.8
29.727,0.200412602,0.364963245,45.71390719,56.8
29.739,0.200840834,0.166003349,45.71390719,56.8
29.752,0.200840834,-0.065913094,45.71390719,56.8
29.765,0.201697298,-0.26487299,45.67820632,56.8
29.778,0.201697298,-0.498010047,45.67820632,56.8
29.79,0.202553762,-0.72992649,45.67820632,56.8
29.803,0.202553762,-0.961842933,45.64250545,56.8
29.816,0.202553762,-1.193759376,45.64250545,56.8
29.828,0.202553762,-1.45985298,45.64250545,56.8
29.841,0.202981994,-1.691769423,45.64869396,56.7
29.854,0.202981994,-1.923685866,45.61870487,56.8
29.866,0.202981994,-2.122645762,45.61870487,56.8
29.879,0.203838458,-2.354562206,45.61870487,56.8
29.892,0.203838458,-2.553522102,45.61870487,56.8
29.905,0.203838458,-2.752481998,45.61870487,56.8
29.917,0.203838458,-2.985619054,45.61870487,56.8
29.93,0.203838458,-3.151622403,45.62489337,56.7
29.943,0.203838458,-3.316405139,45.61870487,56.8
29.955,0.20426669,-3.44945194,45.52489337,56.8
29.968,0.20426669,-3.582498742,45.51870487,56.9
29.981,0.20426669,-3.648411836,45.52489337,56.8
29.994,0.20426669,-3.681368384,45.51870487,56.9
30.006,0.20426669,-3.681368384,45.52489337,56.8
30.019,0.20426669,-3.648411836,45.51870487,56.9
30.032,0.20426669,-3.549542195,45.52489337,56.8
30.044,0.20426669,-3.44945194,45.51870487,56.9
30.057,0.20426669,-3.316405139,45.52489337,56.8
30.07,0.20426669,-3.151622403,45.64250545,56.8
30.082,0.20426669,-2.985619054,45.64250545,56.8
30.095,0.20426669,-2.819615705,45.64250545,56.8
30.108,0.20426669,-2.620655809,45.64250545,56.8
30.121,0.20426669,-2.421695913,45.64869396,56.7
30.133,0.203838458,-2.18977947,45.64250545,56.8
30.146,0.203838458,-1.956642413,45.64869396,56.7
30.159,0.203838458,-1.691769423,45.67820632,56.8
30.171,0.202981994,-1.45985298,45.68439483,56.7
30.184,0.202981994,-1.226715924,45.67201781,56.9
30.197,0.202553762,-0.961842933,45.68439483,56.7
30.209,0.202553762,-0.72992649,45.67201781,56.9
30.222,0.202553762,-0.498010047,45.7200957,56.7
30.235,0.202553762,-0.26487299,45.71390719,56.8
30.248,0.201697298,-0.032956547,45.7200957,56.7
30.26,0.201697298,0.166003349,45.74960807,56.8
30.273,0.201697298,0.397919792,45.85579658,56.6
30.286,0.201697298,0.596879688,45.84960807,56.7
30.298,0.200840834,0.795839584,45.84960807,56.7
30.311,0.200412602,0.961842933,45.84960807,56.7
30.324,0.200412602,1.160802829,45.87340865,56.7
30.337,0.199556137,1.326806178,45.87340865,56.7
30.349,0.199556137,1.45985298,45.87340865,56.7
30.362,0.199556137,1.558722621,45.87340865,56.7
30.375,0.200412602,1.658812876,45.87340865,56.7
30.387,0.199556137,1.691769423,45.87340865,56.7
30.4,0.199556137,1.72472597,45.87340865,56.7
30.413,0.199556137,1.72472597,45.87340865,56.7
30.425,0.199556137,1.691769423,45.87340865,56.7
30.438,0.199556137,1.658812876,45.87340865,56.7
30.451,0.199556137,1.558722621,45.87340865,56.7
30.464,0.199556137,1.45985298,45.87340865,56.7
30.476,0.199556137,1.326806178,45.87340865,56.7
30.489,0.199556137,1.193759376,45.87340865,56.7
30.502,0.199556137,1.027756028,45.87340865,56.7
30.514,0.199556137,0.895929839,45.87340865,56.7
30.527,0.199556137,0.762883037,45.85579658,56.6
30.54,0.199556137,0.596879688,45.84960807,56.7
30.552,0.200412602,0.430876339,45.8200957,56.6
30.565,0.200412602,0.26487299,45.81390719,56.7
30.578,0.200840834,0.100090254,45.8200957,56.6
30.591,0.200840834,-0.065913094,45.81390719,56.7
30.603,0.200840834,-0.231916443,45.77820632,56.7
30.616,0.201697298,-0.430876339,45.77820632,56.7
30.629,0.201697298,-0.596879688,45.77820632,56.7
30.641,0.201697298,-0.762883037,45.78439483,56.6
30.654,0.202553762,-0.928886386,45.77820632,56.7
30.667,0.202553762,-1.094889735,45.74250545,56.7
30.68,0.202553762,-1.226715924,45.74250545,56.7
30.692,0.202981994,-1.392719272,45.74869396,56.6
30.705,0.202981994,-1.525766074,45.74250545,56.7
30.718,0.202981994,-1.658812876,45.74869396,56.6
30.73,0.202981994,-1.790639065,45.71870487,56.7
30.743,0.202981994,-1.890729319,45.72489337,56.6
30.756,0.202981994,-1.956642413,45.71870487,56.7
30.768,0.202981994,-2.023776121,45.74869396,56.6
30.781,0.202981994,-2.056732668,45.71870487,56.7
30.794,0.202981994,-2.089689215,45.71870487,56.7
30.807,0.202981994,-2.122645762,45.71870487,56.7
30.819,0.202981994,-2.122645762,45.71870487,56.7
30.832,0.202981994,-2.122645762,45.71870487,56.7
30.845,0.202981994,-2.056732668,45.71870487,56.7
30.857,0.202981994,-2.023776121,45.74250545,56.7
30.87,0.203838458,-1.923685866,45.74250545,56.7
30.883,0.202981994,-1.824816225,45.74250545,56.7
30.895,0.202981994,-1.658812876,45.74250545,56.7
30.908,0.202981994,-1.525766074,45.74250545,56.7
30.921,0.202981994,-1.359762725,45.74250545,56.7
30.934,0.202981994,-1.160802829,45.78439483,56.6
30.946,0.202981994,-0.928886386,45.77820632,56.7
30.959,0.202553762,-0.72992649,45.77820632,56.7
30.972,0.202553762,-0.498010047,45.77820632,56.7
30.984,0.201697298,-0.26487299,45.77820632,56.7
30.997,0.201697298,-0.065913094,45.81390719,56.7
31.01,0.201697298,0.100090254,45.81390719,56.7
31.023,0.201697298,0.299050151,45.81390719,56.7
31.035,0.200840834,0.463832887,45.84960807,56.7
31.048,0.200840834,0.662792783,45.84960807,56.7
31.061,0.200840834,0.828796131,45.84960807,56.7
31.073,0.200412602,0.99479948,45.84960807,56.7
31.086,0.200412602,1.160802829,45.87340865,56.7
31.099,0.199556137,1.326806178,45.87340865,56.7
31.111,0.199556137,1.492809527,45.87340865,56.7
31.124,0.199556137,1.625856329,45.87340865,56.7
31.137,0.199556137,1.757682517,45.87340865,56.7
31.15,0.199556137,1.890729319,45.90910952,56.7
31.162,0.199556137,1.989598961,45.90910952,56.7
31.175,0.199556137,2.056732668,45.90910952,56.7
31.188,0.199127905,2.089689215,45.90910952,56.7
31.2,0.199127905,2.122645762,45.90910952,56.7
31.213,0.199127905,2.089689215,45.90910952,56.7
31.226,0.199127905,2.056732668,45.90910952,56.7
31.238,0.199556137,1.956642413,45.91529803,56.6
31.251,0.199556137,1.857772772,45.90910952,56.7
31.264,0.199556137,1.72472597,45.97959716,56.5
31.277,0.199556137,1.558722621,46.00910952,56.6
31.289,0.199556137,1.392719272,45.97340865,56.6
31.302,0.199556137,1.226715924,45.97340865,56.6
31.315,0.199556137,1.027756028,45.97340865,56.6
31.327,0.199556137,0.828796131,45.94960807,56.6
31.34,0.200412602,0.563923141,45.94960807,56.6
31.353,0.200412602,0.299050151,45.91390719,56.6
31.366,0.201697298,0.032956547,45.91390719,56.6
31.378,0.201697298,-0.231916443,45.9200957,56.5
31.391,0.202553762,-0.530966594,45.87820632,56.6
31.404,0.201697298,-0.828796131,45.88439483,56.5
31.416,0.202553762,-1.127846282,45.83631694,56.7
31.429,0.202981994,-1.426896432,45.74869396,56.6
31.442,0.202981994,-1.757682517,45.74250545,56.7
31.454,0.202981994,-2.056732668,45.72489337,56.6
31.467,0.203838458,-2.388739366,45.71251636,56.8
31.48,0.203838458,-2.71952545,45.72489337,56.6
31.493,0.203838458,-3.018575601,45.71870487,56.7
31.505,0.203838458,-3.316405139,45.71870487,56.7
31.518,0.203838458,-3.582498742,45.71870487,56.7
31.531,0.20426669,-3.847371732,45.71870487,56.7
31.543,0.205123154,-4.046331628,45.71870487,56.7
31.556,0.205123154,-4.212334977,45.74250545,56.7
31.569,0.205123154,-4.345381779,45.71870487,56.7
31.581,0.205123154,-4.411294873,45.71870487,56.7
31.594,0.205123154,-4.444251421,45.64250545,56.8
31.607,0.205123154,-4.411294873,45.64250545,56.8
31.62,0.205123154,-4.345381779,45.64869396,56.7
31.632,0.205123154,-4.212334977,45.64250545,56.8
31.645,0.205123154,-4.079288176,45.64869396,56.7
31.658,0.205123154,-3.88032828,45.74250545,56.7
31.67,0.205123154,-3.648411836,45.74250545,56.7
31.683,0.205123154,-3.416495393,45.74250545,56.7
31.696,0.205123154,-3.151622403,45.74250545,56.7
31.708,0.20426669,-2.885528799,45.74250545,56.7
31.721,0.20426669,-2.620655809,45.74250545,56.7
31.734,0.20426669,-2.321605658,45.74250545,56.7
31.747,0.203838458,-2.023776121,45.74250545,56.7
31.759,0.203838458,-1.72472597,45.74250545,56.7
31.772,0.203838458,-1.426896432,45.77820632,56.7
31.785,0.203838458,-1.127846282,45.77820632,56.7
31.797,0.202981994,-0.862973292,45.81390719,56.7
31.81,0.202981994,-0.563923141,45.81390719,56.7
31.823,0.202553762,-0.299050151,45.91390719,56.6
31.836,0.202553762,-0.032956547,45.94960807,56.6
31.848,0.201697298,0.231916443,45.95579658,56.5
31.861,0.201697298,0.498010047,45.94960807,56.6
31.874,0.201697298,0.762883037,45.94960807,56.6
31.886,0.200840834,1.027756028,45.94341956,56.7
31.899,0.200412602,1.260893084,45.97340865,56.6
31.912,0.200412602,1.492809527,45.96722014,56.7
31.924,0.200412602,1.691769423,45.97959716,56.5
31.937,0.199556137,1.824816225,46.00910952,56.6
31.95,0.199556137,1.956642413,46.01529803,56.5
31.963,0.199556137,2.023776121,46.00292102,56.7
31.975,0.199556137,2.056732668,46.01529803,56.5
31.988,0.199556137,2.056732668,46.00292102,56.7
32.001,0.199556137,2.023776121,46.01529803,56.5
32.013,0.199127905,1.956642413,46.00910952,56.6
32.026,0.199556137,1.857772772,46.00910952,56.6
32.039,0.199556137,1.72472597,46.00910952,56.6
32.051,0.199556137,1.591679168,45.97340865,56.6
32.064,0.199556137,1.426896432,45.97340865,56.6
32.077,0.199556137,1.226715924,45.97340865,56.6
32.09,0.199556137,0.99479948,45.97340865,56.6
32.102,0.200412602,0.72992649,45.97340865,56.6
32.115,0.200412602,0.463832887,45.95579658,56.5
32.128,0.200840834,0.198959896,45.91390719,56.6
32.14,0.200840834,-0.100090254,45.9200957,56.5
32.153,0.201697298,-0.397919792,45.87820632,56.6
32.166,0.201697298,-0.662792783,45.88439483,56.5
32.179,0.202553762,-0.961842933,45.87820632,56.6
32.191,0.202553762,-1.260893084,45.84250545,56.6
32.204,0.202553762,-1.558722621,45.84250545,56.6
32.217,0.202553762,-1.857772772,45.84250545,56.6
32.229,0.202981994,-2.155602309,45.81870487,56.6
32.242,0.202981994,-2.421695913,45.81870487,56.6
32.255,0.203838458,-2.686568903,45.71870487,56.7
32.267,0.203838458,-2.985619054,45.71870487,56.7
32.28,0.20426669,-3.217535497,45.71870487,56.7
32.293,0.20426669,-3.482408487,45.71870487,56.7
32.306,0.20426669,-3.715545544,45.71870487,56.7
32.318,0.20426669,-3.91450544,45.71870487,56.7
32.331,0.20426669,-4.113465336,45.72489337,56.6
32.344,0.20426669,-4.245291525,45.71870487,56.7
32.356,0.205123154,-4.312425232,45.71870487,56.7
32.369,0.205123154,-4.345381779,45.71870487,56.7
32.382,0.205123154,-4.345381779,45.71870487,56.7
32.395,0.205123154,-4.279468685,45.71870487,56.7
32.407,0.205123154,-4.17937843,45.74250545,56.7
32.42,0.205123154,-4.046331628,45.74250545,56.7
32.433,0.205123154,-3.88032828,45.74250545,56.7
32.445,0.20426669,-3.681368384,45.74250545,56.7
32.458,0.20426669,-3.482408487,45.74250545,56.7
32.471,0.205123154,-3.250492044,45.74250545,56.7
32.483,0.205123154,-2.985619054,45.74250545,56.7
32.496,0.205123154,-2.686568903,45.74250545,56.7
32.509,0.20426669,-2.388739366,45.84250545,56.6
32.522,0.203838458,-2.056732668,45.84250545,56.6
32.534,0.203838458,-1.72472597,45.84250545,56.6
32.547,0.203838458,-1.392719272,45.87820632,56.6
32.56,0.202981994,-1.061933188,45.87820632,56.6
32.572,0.202553762,-0.72992649,45.87820632,56.6
32.585,0.202553762,-0.397919792,46.0200957,56.4
32.598,0.201697298,-0.100090254,46.01390719,56.5
32.61,0.201697298,0.198959896,46.0200957,56.4
32.623,0.201697298,0.530966594,46.04960807,56.5
32.636,0.200840834,0.828796131,46.05579658,56.4
32.649,0.200840834,1.127846282,46.04960807,56.5
32.661,0.200412602,1.426896432,46.07959716,56.4
32.674,0.200412602,1.72472597,46.07340865,56.5
32.687,0.199556137,1.989598961,46.11529803,56.4
32.699,0.199556137,2.222736017,46.10910952,56.5
32.712,0.199556137,2.45465246,46.1509989,56.4
32.725,0.199127905,2.620655809,46.1448104,56.5
32.738,0.199127905,2.752481998,46.18051127,56.5
32.75,0.199127905,2.852572252,46.18051127,56.5
32.763,0.199127905,2.918485347,46.18051127,56.5
32.776,0.198271441,2.952662507,46.18051127,56.5
32.788,0.198271441,2.952662507,46.18051127,56.5
32.801,0.198271441,2.918485347,46.18669978,56.4
32.814,0.198271441,2.819615705,46.18051127,56.5
32.826,0.198271441,2.686568903,46.18669978,56.4
32.839,0.199127905,2.520565554,46.18051127,56.5
32.852,0.199127905,2.354562206,46.1509989,56.4
32.865,0.199127905,2.122645762,46.1448104,56.5
32.877,0.199127905,1.890729319,46.11529803,56.4
32.89,0.199127905,1.658812876,46.10292102,56.6
32.903,0.199556137,1.392719272,46.17959716,56.3
32.915,0.199556137,1.094889735,46.17340865,56.4
32.928,0.200412602,0.795839584,46.15579658,56.3
32.941,0.200840834,0.498010047,46.11390719,56.4
32.953,0.200840834,0.198959896,46.01390719,56.5
32.966,0.200840834,-0.100090254,46.01390719,56.5
32.979,0.201697298,-0.430876339,45.97820632,56.5
32.992,0.201697298,-0.762883037,45.94250545,56.5
33.004,0.202553762,-1.061933188,45.94250545,56.5
33.017,0.202981994,-1.392719272,45.94250545,56.5
33.03,0.203838458,-1.72472597,45.94250545,56.5
33.042,0.202981994,-2.056732668,45.91870487,56.5
33.055,0.202981994,-2.354562206,45.91870487,56.5
33.068,0.203838458,-2.686568903,45.91870487,56.5
33.08,0.203838458,-3.018575601,45.78300399,56.6
33.093,0.203838458,-3.283448591,45.78300399,56.6
33.106,0.203838458,-3.582498742,45.78300399,56.6
33.119,0.20426669,-3.814415185,45.81870487,56.6
33.131,0.20426669,-4.013375081,45.82489337,56.5
33.144,0.205123154,-4.146421883,45.81870487,56.6
33.157,0.205123154,-4.245291525,45.82489337,56.5
33.169,0.205123154,-4.279468685,45.81870487,56.6
33.182,0.205123154,-4.245291525,45.81870487,56.6
33.195,0.205123154,-4.146421883,45.81870487,56.6
33.208,0.205123154,-4.013375081,45.82489337,56.5
33.22,0.205123154,-3.847371732,45.84250545,56.6
33.233,0.205123154,-3.615455289,45.84250545,56.6
33.246,0.205123154,-3.383538846,45.81870487,56.6
33.258,0.20426669,-3.117445243,45.81870487,56.6
33.271,0.20426669,-2.852572252,45.81870487,56.6
33.284,0.20426669,-2.520565554,45.81870487,56.6
33.296,0.20426669,-2.222736017,45.84250545,56.6
33.309,0.203838458,-1.890729319,45.84250545,56.6
33.322,0.203838458,-1.558722621,45.87820632,56.6
33.335,0.202981994,-1.226715924,45.97820632,56.5
33.347,0.202981994,-0.895929839,45.98439483,56.4
33.36,0.202553762,-0.596879688,46.01390719,56.5
33.373,0.202553762,-0.26487299,46.0200957,56.4
33.385,0.201697298,0.065913094,46.01390719,56.5
33.398,0.201697298,0.364963245,46.05579658,56.4
33.411,0.200840834,0.662792783,46.04960807,56.5
33.423,0.200840834,0.99479948,46.05579658,56.4
33.436,0.200840834,1.326806178,46.07340865,56.5
33.449,0.200412602,1.658812876,46.07340865,56.5
33.462,0.199556137,1.989598961,46.10910952,56.5
33.474,0.200412602,2.288649111,46.10910952,56.5
33.487,0.199556137,2.587699262,46.1448104,56.5
33.5,0.199127905,2.885528799,46.1448104,56.5
33.512,0.199127905,3.151622403,46.18051127,56.5
33.525,0.198271441,3.383538846,46.20431185,56.5
33.538,0.198271441,3.582498742,46.21050036,56.4
33.551,0.197843209,3.715545544,46.20431185,56.5
33.563,0.197843209,3.781458638,46.21050036,56.4
33.576,0.197843209,3.814415185,46.20431185,56.5
33.589,0.197843209,3.781458638,46.24001273,56.5
33.601,0.197843209,3.681368384,46.20431185,56.5
33.614,0.197843209,3.515365035,46.20431185,56.5
33.627,0.197843209,3.350582299,46.20431185,56.5
33.639,0.197843209,3.117445243,46.20431185,56.5
33.652,0.197843209,2.852572252,46.30431185,56.4
33.665,0.197843209,2.553522102,46.28051127,56.4
33.678,0.198271441,2.255692564,46.28051127,56.4
33.69,0.198271441,1.923685866,46.2448104,56.4
33.703,0.199127905,1.591679168,46.20910952,56.4
33.716,0.199556137,1.260893084,46.17340865,56.4
33.728,0.200412602,0.895929839,46.14960807,56.4
33.741,0.200412602,0.530966594,46.11390719,56.4
33.754,0.200840834,0.166003349,46.11390719,56.4
33.766,0.201697298,-0.231916443,46.07820632,56.4
33.779,0.201697298,-0.629836235,45.94250545,56.5
33.792,0.202553762,-1.027756028,45.94250545,56.5
33.805,0.202553762,-1.45985298,45.91870487,56.5
33.817,0.202553762,-1.890729319,45.91870487,56.5
33.83,0.202981994,-2.288649111,45.88300399,56.5
33.843,0.202981994,-2.686568903,45.88300399,56.5
33.855,0.203838458,-3.117445243,45.88300399,56.5
33.868,0.203838458,-3.515365035,45.88300399,56.5
33.881,0.203838458,-3.88032828,45.78300399,56.6
33.894,0.20426669,-4.212334977,45.78300399,56.6
33.906,0.205123154,-4.511385128,45.78300399,56.6
33.919,0.205123154,-4.743301571,45.81870487,56.6
33.932,0.205123154,-4.876348373,45.81870487,56.6
33.944,0.205123154,-4.942261467,45.84250545,56.6
33.957,0.205123154,-4.942261467,45.84250545,56.6
33.97,0.205123154,-4.876348373,45.84250545,56.6
33.982,0.205123154,-4.776258118,45.81870487,56.6
33.995,0.205123154,-4.577298222,45.84250545,56.6
34.008,0.205123154,-4.378338326,45.84869396,56.5
34.021,0.205123154,-4.113465336,45.84250545,56.6
34.033,0.205123154,-3.814415185,45.84869396,56.5
34.046,0.205123154,-3.482408487,45.84250545,56.6
34.059,0.205123154,-3.151622403,45.84869396,56.5
34.071,0.205123154,-2.786659158,45.83631694,56.7
34.084,0.205123154,-2.421695913,45.84869396,56.5
34.097,0.20426669,-2.023776121,45.83631694,56.7
34.109,0.203838458,-1.625856329,45.98439483,56.4
34.122,0.203838458,-1.226715924,45.97201781,56.6
34.135,0.202981994,-0.862973292,45.98439483,56.4
34.148,0.202981994,-0.498010047,45.97820632,56.5
34.16,0.202553762,-0.133046802,46.0200957,56.4
34.173,0.202553762,0.231916443,46.01390719,56.5
34.186,0.201697298,0.629836235,46.04960807,56.5
34.198,0.200840834,0.99479948,46.04960807,56.5
34.211,0.200840834,1.392719272,46.04960807,56.5
34.224,0.200412602,1.790639065,46.04960807,56.5
34.237,0.199556137,2.18977947,46.07340865,56.5
34.249,0.199556137,2.553522102,46.10910952,56.5
34.262,0.199127905,2.918485347,46.1448104,56.5
34.275,0.199127905,3.250492044,46.18051127,56.5
34.287,0.198271441,3.582498742,46.18051127,56.5
34.3,0.197843209,3.847371732,46.20431185,56.5
34.313,0.197843209,4.046331628,46.10431185,56.6
34.325,0.196986745,4.17937843,46.10431185,56.6
34.338,0.196986745,4.245291525,46.10431185,56.6
34.351,0.196986745,4.279468685,46.10431185,56.6
34.364,0.196986745,4.212334977,46.14001273,56.6
34.376,0.196986745,4.113465336,46.20431185,56.5
34.389,0.196986745,3.980418534,46.20431185,56.5
34.402,0.196986745,3.781458638,46.20431185,56.5
34.414,0.196986745,3.549542195,46.20431185,56.5
34.427,0.196986745,3.250492044,46.20431185,56.5
34.44,0.196986745,2.918485347,46.30431185,56.4
34.452,0.197843209,2.553522102,46.28051127,56.4
34.465,0.197843209,2.155602309,46.2448104,56.4
34.478,0.198271441,1.757682517,46.20910952,56.4
34.491,0.199127905,1.359762725,46.17340865,56.4
34.503,0.199556137,0.961842933,46.14960807,56.4
34.516,0.200412602,0.530966594,46.11390719,56.4
34.529,0.200840834,0.100090254,46.08439483,56.3
34.541,0.200840834,-0.364963245,46.04250545,56.4
34.554,0.201697298,-0.795839584,45.91870487,56.5
34.567,0.201697298,-1.260893084,45.88300399,56.5
34.58,0.202553762,-1.72472597,45.88300399,56.5
34.592,0.202981994,-2.222736017,45.88300399,56.5
34.605,0.202981994,-2.752481998,45.8891925,56.4
34.618,0.202981994,-3.250492044,45.88300399,56.5
34.63,0.203838458,-3.748502091,45.7891925,56.5
34.643,0.20426669,-4.279468685,45.78300399,56.6
34.656,0.205123154,-4.743301571,45.7891925,56.5
34.668,0.205123154,-5.141221363,45.78300399,56.6
34.681,0.205123154,-5.473228061,45.81870487,56.6
34.694,0.205123154,-5.738101051,45.84250545,56.6
34.707,0.205551386,-5.9041044,45.84250545,56.6
34.719,0.205551386,-5.970017495,45.84869396,56.5
34.732,0.205551386,-5.937060947,45.84250545,56.6
34.745,0.205551386,-5.838191306,45.84869396,56.5
34.757,0.205551386,-5.705144504,45.87820632,56.6
34.77,0.20640785,-5.473228061,45.88439483,56.5
34.783,0.205551386,-5.207134458,45.84250545,56.6
34.795,0.205551386,-4.942261467,45.84869396,56.5
34.808,0.205551386,-4.610254769,45.84250545,56.6
34.821,0.205551386,-4.279468685,45.84869396,56.5
34.834,0.205551386,-3.91450544,45.84250545,56.6
34.846,0.205551386,-3.482408487,45.81870487,56.6
34.859,0.205551386,-3.051532148,45.81870487,56.6
34.872,0.205123154,-2.620655809,45.81870487,56.6
34.884,0.205123154,-2.155602309,45.84250545,56.6
34.897,0.20426669,-1.658812876,45.84250545,56.6
34.91,0.20426669,-1.193759376,45.84250545,56.6
34.923,0.203838458,-0.762883037,45.97820632,56.5
34.935,0.203838458,-0.299050151,45.98439483,56.4
34.948,0.202981994,0.133046802,45.97820632,56.5
34.961,0.202553762,0.563923141,46.01390719,56.5
34.973,0.201697298,1.027756028,46.01390719,56.5
34.986,0.200840834,1.45985298,46.01390719,56.5
34.999,0.200840834,1.923685866,46.04960807,56.5
35.011,0.200412602,2.354562206,46.07959716,56.4
35.024,0.199556137,2.786659158,46.10910952,56.5
35.037,0.199127905,3.217535497,46.11529803,56.4
35.05,0.198271441,3.615455289,46.0448104,56.6
35.062,0.198271441,3.980418534,46.08051127,56.6
35.075,0.197843209,4.312425232,46.08051127,56.6
35.088,0.196986745,4.544341675,46.10431185,56.6
35.1,0.196986745,4.710345024,46.10431185,56.6
35.113,0.196558513,4.776258118,46.10431185,56.6
35.126,0.196558513,4.842171213,46.00431185,56.7
35.138,0.196558513,4.809214666,46.10431185,56.6
35.151,0.196558513,4.710345024,46.10431185,56.6
35.164,0.196558513,4.577298222,46.10431185,56.6
35.177,0.195702049,4.345381779,46.10431185,56.6
35.189,0.196558513,4.113465336,46.10431185,56.6
35.202,0.196558513,3.814415185,46.20431185,56.5
35.215,0.196986745,3.44945194,46.18669978,56.4
35.227,0.196986745,3.084488695,46.28051127,56.4
35.24,0.197843209,2.686568903,46.28669978,56.3
35.253,0.198271441,2.288649111,46.2448104,56.4
35.266,0.199127905,1.857772772,46.21529803,56.3
35.278,0.199127905,1.45985298,46.14960807,56.4
35.291,0.199556137,1.061933188,46.1200957,56.3
35.304,0.199556137,0.629836235,45.97820632,56.5
35.316,0.200412602,0.198959896,45.94869396,56.4
35.329,0.200840834,-0.231916443,45.91870487,56.5
35.342,0.201697298,-0.662792783,45.85349163,56.4
35.354,0.201697298,-1.094889735,45.84730312,56.5
35.367,0.201697298,-1.558722621,45.75349163,56.5
35.38,0.202553762,-1.989598961,45.74730312,56.6
35.393,0.202553762,-2.487609007,45.74730312,56.6
35.405,0.202981994,-2.918485347,45.74730312,56.6
35.418,0.202981994,-3.383538846,45.74730312,56.6
35.431,0.203838458,-3.847371732,45.75349163,56.5
35.443,0.20426669,-4.279468685,45.78300399,56.6
35.456,0.205123154,-4.677388477,45.78300399,56.6
35.469,0.205551386,-4.975218014,45.68300399,56.7
35.481,0.205551386,-5.274268165,45.6891925,56.6
35.494,0.205551386,-5.473228061,45.67681549,56.8
35.507,0.205551386,-5.60505425,45.72489337,56.6
35.52,0.205551386,-5.63923141,45.71870487,56.7
35.532,0.205551386,-5.63923141,45.72489337,56.6
35.545,0.205551386,-5.539141155,45.71870487,56.7
35.558,0.205551386,-5.440271514,45.82489337,56.5
35.57,0.205551386,-5.274268165,45.78300399,56.6
35.583,0.205551386,-5.075308269,45.7891925,56.5
35.596,0.205551386,-4.876348373,45.78300399,56.6
35.609,0.205551386,-4.610254769,45.81870487,56.6
35.621,0.205551386,-4.345381779,45.78300399,56.6
35.634,0.205551386,-4.046331628,45.78300399,56.6
35.647,0.205551386,-3.748502091,45.78300399,56.6
35.659,0.205551386,-3.416495393,45.78300399,56.6
35.672,0.205551386,-3.051532148,45.78300399,56.6
35.685,0.205551386,-2.686568903,45.78300399,56.6
35.697,0.205123154,-2.288649111,45.78300399,56.6
35.71,0.205123154,-1.890729319,45.78300399,56.6
35.723,0.20426669,-1.525766074,45.78300399,56.6
35.736,0.20426669,-1.160802829,45.91870487,56.5
35.748,0.203838458,-0.795839584,45.91870487,56.5
35.761,0.203838458,-0.430876339,45.91870487,56.5
35.774,0.202553762,-0.065913094,45.94250545,56.5
35.786,0.202553762,0.26487299,45.94250545,56.5
35.799,0.201697298,0.629836235,45.94250545,56.5
35.812,0.201697298,0.99479948,45.98439483,56.4
35.824,0.200840834,1.359762725,45.97820632,56.5
35.837,0.200840834,1.691769423,46.0200957,56.4
35.85,0.200412602,2.023776121,46.01390719,56.5
35.863,0.200412602,2.354562206,46.04960807,56.5
35.875,0.199556137,2.653612356,46.04960807,56.5
35.888,0.199556137,2.918485347,46.07340865,56.5
35.901,0.199127905,3.151622403,46.07340865,56.5
35.913,0.198271441,3.350582299,46.10910952,56.5
35.926,0.198271441,3.515365035,46.10910952,56.5
35.939,0.198271441,3.582498742,46.10910952,56.5
35.952,0.198271441,3.615455289,46.10910952,56.5
35.964,0.197843209,3.582498742,46.10910952,56.5
35.977,0.198271441,3.515365035,46.10910952,56.5
35.99,0.197843209,3.383538846,46.10910952,56.5
36.002,0.198271441,3.217535497,46.07959716,56.4
36.015,0.198271441,3.018575601,46.10910952,56.5
36.028,0.198271441,2.786659158,46.07959716,56.4
36.04,0.199127905,2.520565554,46.17340865,56.4
36.053,0.199127905,2.255692564,46.15579658,56.3
36.066,0.199127905,1.923685866,46.14960807,56.4
36.079,0.199127905,1.591679168,46.11390719,56.4
36.091,0.199556137,1.226715924,46.07820632,56.4
36.104,0.200412602,0.862973292,46.07820632,56.4
36.117,0.200840834,0.498010047,46.04250545,56.4
36.129,0.200840834,0.133046802,45.91870487,56.5
36.142,0.201697298,-0.26487299,45.8891925,56.4
36.155,0.201697298,-0.629836235,45.88300399,56.5
36.167,0.202553762,-1.027756028,45.85349163,56.4
36.18,0.202553762,-1.426896432,45.84730312,56.5
36.193,0.202553762,-1.824816225,45.82969104,56.4
36.206,0.202981994,-2.222736017,45.82350254,56.5
36.218,0.202981994,-2.587699262,45.72969104,56.5
36.231,0.203838458,-2.985619054,45.72350254,56.6
36.244,0.203838458,-3.350582299,45.72969104,56.5
36.256,0.20426669,-3.715545544,45.72350254,56.6
36.269,0.20426669,-4.079288176,45.75349163,56.5
36.282,0.205123154,-4.378338326,45.72350254,56.6
36.295,0.205551386,-4.677388477,45.72350254,56.6
36.307,0.205551386,-4.942261467,45.74730312,56.6
36.32,0.205551386,-5.108264816,45.74730312,56.6
36.333,0.205551386,-5.241311618,45.78300399,56.6
36.345,0.205551386,-5.340181259,45.78300399,56.6
36.358,0.205551386,-5.373137807,45.78300399,56.6
36.371,0.20640785,-5.340181259,45.81870487,56.6
36.383,0.205551386,-5.274268165,45.81870487,56.6
36.396,0.205551386,-5.141221363,45.78300399,56.6
36.409,0.205551386,-5.008174562,45.78300399,56.6
36.422,0.205551386,-4.842171213,45.78300399,56.6
36.434,0.205551386,-4.643211317,45.78300399,56.6
36.447,0.205551386,-4.411294873,45.78300399,56.6
36.46,0.205551386,-4.146421883,45.78300399,56.6
36.472,0.205551386,-3.88032828,45.78300399,56.6
36.485,0.205551386,-3.582498742,45.78300399,56.6
36.498,0.205551386,-3.250492044,45.78300399,56.6
36.51,0.205123154,-2.918485347,45.78300399,56.6
36.523,0.205123154,-2.520565554,45.78300399,56.6
36.536,0.205123154,-2.155602309,45.78300399,56.6
36.549,0.20426669,-1.757682517,45.81870487,56.6
36.561,0.20426669,-1.392719272,45.81870487,56.6
36.574,0.203838458,-1.027756028,45.84250545,56.6
36.587,0.203838458,-0.696969943,45.94250545,56.5
36.599,0.202981994,-0.364963245,45.94250545,56.5
36.612,0.202981994,-0.032956547,45.97820632,56.5
36.625,0.202553762,0.26487299,45.97820632,56.5
36.638,0.201697298,0.563923141,45.98439483,56.4
36.65,0.201697298,0.828796131,45.97820632,56.5
36.663,0.201697298,1.094889735,45.98439483,56.4
36.676,0.200840834,1.326806178,46.00771869,56.6
36.688,0.200840834,1.525766074,46.0200957,56.4
36.701,0.200840834,1.691769423,46.00771869,56.6
36.714,0.200412602,1.824816225,46.0200957,56.4
36.726,0.200412602,1.923685866,46.01390719,56.5
36.739,0.200412602,1.989598961,46.0200957,56.4
36.752,0.200412602,1.989598961,46.00771869,56.6
36.765,0.199556137,1.956642413,46.0200957,56.4
36.777,0.199556137,1.890729319,46.00771869,56.6
36.79,0.199556137,1.790639065,46.0200957,56.4
36.803,0.199556137,1.658812876,46.00771869,56.6
36.815,0.199556137,1.45985298,46.01390719,56.5
36.828,0.200412602,1.260893084,46.01390719,56.5
36.841,0.200412602,1.027756028,45.97820632,56.5
36.853,0.200412602,0.762883037,45.97820632,56.5
36.866,0.200840834,0.498010047,45.94250545,56.5
36.879,0.200840834,0.198959896,45.94250545,56.5
36.892,0.201697298,-0.100090254,45.94250545,56.5
36.904,0.202553762,-0.397919792,45.92489337,56.4
36.917,0.202553762,-0.72992649,45.88300399,56.5
36.93,0.202981994,-1.027756028,45.8891925,56.4
36.942,0.202981994,-1.326806178,45.84730312,56.5
36.955,0.202981994,-1.625856329,45.85349163,56.4
36.968,0.203838458,-1.923685866,45.84730312,56.5
36.981,0.202981994,-2.222736017,45.84730312,56.5
36.993,0.203838458,-2.520565554,45.84730312,56.5
37.006,0.203838458,-2.819615705,45.74730312,56.6
37.019,0.20426669,-3.117445243,45.74730312,56.6
37.031,0.20426669,-3.383538846,45.74730312,56.6
37.044,0.20426669,-3.615455289,45.74730312,56.6
37.057,0.20426669,-3.814415185,45.74730312,56.6
37.069,0.205123154,-3.980418534,45.74730312,56.6
37.082,0.205123154,-4.079288176,45.74730312,56.6
37.095,0.205123154,-4.113465336,45.74730312,56.6
37.108,0.205123154,-4.079288176,45.78300399,56.6
37.12,0.205123154,-4.046331628,45.78300399,56.6
37.133,0.205123154,-3.91450544,45.78300399,56.6
37.146,0.205123154,-3.748502091,45.78300399,56.6
37.158,0.205123154,-3.549542195,45.78300399,56.6
37.171,0.205123154,-3.350582299,45.78300399,56.6
37.184,0.205123154,-3.084488695,45.78300399,56.6
37.196,0.205123154,-2.852572252,45.78300399,56.6
37.209,0.205123154,-2.587699262,45.78300399,56.6
37.222,0.20426669,-2.321605658,45.78300399,56.6
37.235,0.20426669,-2.056732668,45.7891925,56.5
37.247,0.20426669,-1.757682517,45.81870487,56.6
37.26,0.203838458,-1.492809527,45.84869396,56.5
37.273,0.203838458,-1.193759376,45.94250545,56.5
37.285,0.202981994,-0.895929839,45.94869396,56.4
37.298,0.202981994,-0.629836235,45.97820632,56.5
37.311,0.202981994,-0.397919792,45.98439483,56.4
37.324,0.202981994,-0.133046802,45.97820632,56.5
37.336,0.202553762,0.133046802,45.97820632,56.5
37.349,0.202553762,0.364963245,46.01390719,56.5
37.362,0.201697298,0.629836235,46.01390719,56.5
37.374,0.200840834,0.862973292,46.01390719,56.5
37.387,0.200840834,1.094889735,46.04960807,56.5
37.4,0.200840834,1.326806178,46.05579658,56.4
37.412,0.200840834,1.525766074,46.04960807,56.5
37.425,0.200412602,1.691769423,46.05579658,56.4
37.438,0.200412602,1.824816225,46.04960807,56.5
37.451,0.200412602,1.956642413,46.05579658,56.4
37.463,0.200412602,2.056732668,46.04341956,56.6
37.476,0.200412602,2.089689215,46.07959716,56.4
37.489,0.200412602,2.122645762,46.07340865,56.5
37.501,0.200412602,2.089689215,46.07340865,56.5
37.514,0.200412602,2.056732668,46.07340865,56.5
37.527,0.200412602,1.989598961,46.07340865,56.5
37.539,0.200412602,1.857772772,46.04960807,56.5
37.552,0.200412602,1.72472597,46.04960807,56.5
37.565,0.200412602,1.558722621,46.04960807,56.5
37.578,0.200412602,1.392719272,46.04960807,56.5
37.59,0.200412602,1.193759376,46.04960807,56.5
37.603,0.200412602,0.961842933,46.11390719,56.4
37.616,0.200412602,0.72992649,46.1200957,56.3
37.628,0.200840834,0.498010047,46.07820632,56.4
37.641,0.200840834,0.26487299,46.08439483,56.3
37.654,0.201697298,0,45.97820632,56.5
37.667,0.202553762,-0.26487299,45.94250545,56.5
37.679,0.202553762,-0.498010047,45.94250545,56.5
37.692,0.202981994,-0.762883037,45.91870487,56.5
37.705,0.202981994,-1.027756028,45.91870487,56.5
37.717,0.203838458,-1.260893084,45.91870487,56.5
37.73,0.20426669,-1.525766074,45.88300399,56.5
37.743,0.203838458,-1.790639065,45.91870487,56.5
37.755,0.203838458,-2.023776121,45.88300399,56.5
37.768,0.203838458,-2.288649111,45.88300399,56.5
37.781,0.203838458,-2.520565554,45.88300399,56.5
37.794,0.20426669,-2.752481998,45.88300399,56.5
37.806,0.20426669,-2.952662507,45.88300399,56.5
37.819,0.20426669,-3.151622403,45.8891925,56.4
37.832,0.20426669,-3.316405139,45.78300399,56.6
37.844,0.20426669,-3.44945194,45.7891925,56.5
37.857,0.205123154,-3.549542195,45.78300399,56.6
37.87,0.205123154,-3.648411836,45.7891925,56.5
37.882,0.205123154,-3.681368384,45.78300399,56.6
37.895,0.205123154,-3.681368384,45.7891925,56.5
37.908,0.205123154,-3.681368384,45.78300399,56.6
37.921,0.205123154,-3.615455289,45.7891925,56.5
37.933,0.205123154,-3.549542195,45.78300399,56.6
37.946,0.205123154,-3.44945194,45.7891925,56.5
37.959,0.205123154,-3.316405139,45.78300399,56.6
37.971,0.205123154,-3.151622403,45.82489337,56.5
37.984,0.205123154,-3.018575601,45.81870487,56.6
37.997,0.205123154,-2.819615705,45.7891925,56.5
38.01,0.20426669,-2.620655809,45.81870487,56.6
38.022,0.20426669,-2.388739366,45.92489337,56.4
38.035,0.20426669,-2.18977947,45.91870487,56.5
38.048,0.20426669,-1.956642413,45.94869396,56.4
38.06,0.203838458,-1.757682517,45.94250545,56.5
38.073,0.203838458,-1.525766074,45.94250545,56.5
38.086,0.203838458,-1.293849631,45.94250545,56.5
38.098,0.203838458,-1.094889735,45.94250545,56.5
38.111,0.203838458,-0.895929839,45.98439483,56.4
38.124,0.202981994,-0.696969943,45.97820632,56.5
38.137,0.202981994,-0.530966594,45.98439483,56.4
38.149,0.202553762,-0.364963245,45.97820632,56.5
38.162,0.202553762,-0.166003349,45.98439483,56.4
38.175,0.202553762,-0.032956547,46.01390719,56.5
38.187,0.202553762,0.133046802,46.0200957,56.4
38.2,0.201697298,0.26487299,46.01390719,56.5
38.213,0.202553762,0.364963245,46.0200957,56.4
38.225,0.201697298,0.498010047,46.01390719,56.5
38.238,0.201697298,0.563923141,46.0200957,56.4
38.251,0.201697298,0.629836235,46.01390719,56.5
38.264,0.201697298,0.662792783,46.01390719,56.5
38.276,0.201697298,0.696969943,46.01390719,56.5
38.289,0.200840834,0.696969943,46.01390719,56.5
38.302,0.201697298,0.662792783,46.01390719,56.5
38.314,0.201697298,0.596879688,46.01390719,56.5
38.327,0.201697298,0.530966594,46.0200957,56.4
38.34,0.201697298,0.430876339,46.11390719,56.4
38.353,0.201697298,0.332006698,46.1200957,56.3
38.365,0.201697298,0.198959896,46.11390719,56.4
38.378,0.201697298,0.032956547,46.11390719,56.4
38.391,0.201697298,-0.100090254,46.07820632,56.4
38.403,0.201697298,-0.26487299,46.07820632,56.4
38.416,0.201697298,-0.430876339,46.07820632,56.4
38.429,0.202553762,-0.629836235,46.07820632,56.4
38.441,0.202553762,-0.828796131,46.04250545,56.4
38.454,0.202553762,-0.99479948,46.04250545,56.4
38.467,0.202553762,-1.193759376,46.04250545,56.4
38.48,0.202981994,-1.392719272,46.04250545,56.4
38.492,0.202981994,-1.558722621,45.91870487,56.5
38.505,0.203838458,-1.72472597,45.91870487,56.5
38.518,0.203838458,-1.857772772,45.91870487,56.5
38.53,0.203838458,-2.023776121,45.91870487,56.5
38.543,0.203838458,-2.155602309,45.91870487,56.5
38.556,0.203838458,-2.288649111,45.91870487,56.5
38.568,0.20426669,-2.388739366,45.91870487,56.5
38.581,0.20426669,-2.45465246,45.91870487,56.5
38.594,0.20426669,-2.520565554,45.91870487,56.5
38.607,0.20426669,-2.553522102,45.91870487,56.5
38.619,0.20426669,-2.553522102,45.91870487,56.5
38.632,0.20426669,-2.553522102,45.92489337,56.4
38.645,0.20426669,-2.520565554,45.91870487,56.5
38.657,0.20426669,-2.487609007,45.91870487,56.5
38.67,0.203838458,-2.421695913,45.91870487,56.5
38.683,0.203838458,-2.321605658,45.92489337,56.4
38.696,0.20426669,-2.222736017,45.91870487,56.5
38.708,0.20426669,-2.089689215,45.92489337,56.4
38.721,0.20426669,-1.989598961,45.91870487,56.5
38.734,0.203838458,-1.857772772,45.91870487,56.5
38.746,0.203838458,-1.691769423,45.94250545,56.5
38.759,0.203838458,-1.525766074,45.94250545,56.5
38.772,0.203838458,-1.359762725,45.94250545,56.5
38.784,0.203838458,-1.193759376,45.94250545,56.5
38.797,0.202981994,-0.99479948,45.98439483,56.4
38.81,0.202981994,-0.828796131,45.97820632,56.5
38.823,0.202981994,-0.629836235,45.98439483,56.4
38.835,0.202981994,-0.463832887,45.97820632,56.5
38.848,0.202553762,-0.26487299,45.98439483,56.4
38.861,0.202553762,-0.100090254,45.97820632,56.5
38.873,0.202553762,0.032956547,46.1200957,56.3
38.886,0.202553762,0.198959896,46.11390719,56.4
38.899,0.201697298,0.364963245,46.1200957,56.3
38.911,0.201697298,0.530966594,46.11390719,56.4
38.924,0.201697298,0.662792783,46.15579658,56.3
38.937,0.201697298,0.795839584,46.14960807,56.4
38.95,0.200840834,0.961842933,46.14960807,56.4
38.962,0.200840834,1.061933188,46.14960807,56.4
38.975,0.200840834,1.193759376,46.14960807,56.4
38.988,0.200840834,1.293849631,46.14960807,56.4
39,0.200840834,1.359762725,46.17340865,56.4
39.013,0.200412602,1.392719272,46.17340865,56.4
39.026,0.200412602,1.426896432,46.17340865,56.4
39.039,0.200412602,1.426896432,46.17959716,56.3
39.051,0.200412602,1.392719272,46.17340865,56.4
39.064,0.200412602,1.359762725,46.17340865,56.4
39.077,0.200412602,1.326806178,46.17340865,56.4
39.089,0.200412602,1.226715924,46.17340865,56.4
39.102,0.200840834,1.127846282,46.14960807,56.4
39.115,0.200840834,1.027756028,46.14960807,56.4
39.127,0.200840834,0.895929839,46.14960807,56.4
39.14,0.200412602,0.762883037,46.14960807,56.4
39.153,0.200840834,0.629836235,46.14960807,56.4
39.166,0.200840834,0.498010047,46.14960807,56.4
39.178,0.200840834,0.332006698,46.11390719,56.4
39.191,0.200840834,0.133046802,46.11390719,56.4
39.204,0.200840834,-0.032956547,46.07820632,56.4
39.216,0.201697298,-0.198959896,46.07820632,56.4
39.229,0.201697298,-0.364963245,46.07820632,56.4
39.242,0.202553762,-0.563923141,46.07820632,56.4
39.254,0.202553762,-0.72992649,46.04250545,56.4
39.267,0.202553762,-0.895929839,46.04250545,56.4
39.28,0.202981994,-1.061933188,46.04250545,56.4
39.293,0.202981994,-1.226715924,46.04869396,56.3
39.305,0.202981994,-1.359762725,46.04250545,56.4
39.318,0.202981994,-1.525766074,46.02489337,56.3
39.331,0.203838458,-1.658812876,46.01870487,56.4
39.343,0.203838458,-1.757682517,46.04869396,56.3
39.356,0.203838458,-1.857772772,46.01870487,56.4
39.369,0.203838458,-1.923685866,46.02489337,56.3
39.382,0.203838458,-2.023776121,46.01251636,56.5
39.394,0.20426669,-2.089689215,46.02489337,56.3
39.407,0.203838458,-2.122645762,46.03631694,56.5
39.42,0.20426669,-2.155602309,46.04869396,56.3
39.432,0.203838458,-2.155602309,46.01870487,56.4
39.445,0.20426669,-2.155602309,46.02489337,56.3
39.458,0.203838458,-2.122645762,46.01870487,56.4
39.47,0.20426669,-2.056732668,46.04250545,56.4
39.483,0.203838458,-1.989598961,46.04250545,56.4
39.496,0.203838458,-1.890729319,46.04250545,56.4
39.509,0.203838458,-1.790639065,46.04250545,56.4
39.521,0.203838458,-1.658812876,46.01870487,56.4
39.534,0.203838458,-1.525766074,46.02489337,56.3
39.547,0.203838458,-1.392719272,46.04250545,56.4
39.559,0.203838458,-1.260893084,46.04869396,56.3
39.572,0.202981994,-1.094889735,46.04250545,56.4
39.585,0.202981994,-0.928886386,46.04869396,56.3
39.597,0.202981994,-0.795839584,46.07820632,56.4
39.61,0.202981994,-0.629836235,46.04869396,56.3
39.623,0.202981994,-0.463832887,46.07820632,56.4
39.636,0.202981994,-0.299050151,46.07820632,56.4
39.648,0.202981994,-0.166003349,46.07820632,56.4
39.661,0.202553762,0,46.11390719,56.4
39.674,0.202553762,0.133046802,46.11390719,56.4
39.686,0.201697298,0.299050151,46.11390719,56.4
39.699,0.201697298,0.430876339,46.11390719,56.4
39.712,0.201697298,0.596879688,46.11390719,56.4
39.725,0.201697298,0.72992649,46.14960807,56.4
39.737,0.201697298,0.895929839,46.14960807,56.4
39.75,0.200840834,1.027756028,46.14960807,56.4
39.763,0.200840834,1.160802829,46.14960807,56.4
39.775,0.200840834,1.293849631,46.14960807,56.4
39.788,0.200840834,1.392719272,46.17340865,56.4
39.801,0.200840834,1.525766074,46.17340865,56.4
39.813,0.200412602,1.625856329,46.17340865,56.4
39.826,0.200412602,1.691769423,46.17340865,56.4
39.839,0.200412602,1.757682517,46.17340865,56.4
39.852,0.200412602,1.824816225,46.17340865,56.4
39.864,0.200412602,1.857772772,46.17340865,56.4
39.877,0.200412602,1.890729319,46.17340865,56.4
39.89,0.200412602,1.890729319,46.17340865,56.4
39.902,0.200412602,1.890729319,46.17340865,56.4
39.915,0.200412602,1.857772772,46.17959716,56.3
39.928,0.199556137,1.824816225,46.20910952,56.4
39.94,0.199556137,1.757682517,46.17959716,56.3
39.953,0.200412602,1.691769423,46.17340865,56.4
39.966,0.200412602,1.591679168,46.17340865,56.4
39.979,0.200412602,1.492809527,46.17340865,56.4
39.991,0.200412602,1.392719272,46.27340865,56.3
40.004,0.200412602,1.293849631,46.25579658,56.2
40.017,0.200412602,1.160802829,46.24960807,56.3
40.029,0.200412602,0.99479948,46.25579658,56.2
40.042,0.200412602,0.862973292,46.24960807,56.3
40.055,0.200840834,0.72992649,46.25579658,56.2
40.068,0.200840834,0.563923141,46.21390719,56.3
40.08,0.200840834,0.397919792,46.2200957,56.2
40.093,0.200840834,0.231916443,46.21390719,56.3
40.106,0.201697298,0.065913094,46.18439483,56.2
40.118,0.201697298,-0.100090254,46.17820632,56.3
40.131,0.202553762,-0.299050151,46.18439483,56.2
40.144,0.202553762,-0.463832887,46.17820632,56.3
40.156,0.202553762,-0.662792783,46.14869396,56.2
40.169,0.202553762,-0.828796131,46.14250545,56.3
40.182,0.202981994,-0.99479948,46.14250545,56.3
40.195,0.202981994,-1.160802829,46.04250545,56.4
40.207,0.202981994,-1.293849631,46.04250545,56.4
40.22,0.202981994,-1.45985298,46.02489337,56.3
40.233,0.202981994,-1.591679168,46.01870487,56.4
40.245,0.203838458,-1.757682517,46.02489337,56.3
40.258,0.203838458,-1.857772772,46.01870487,56.4
40.271,0.203838458,-1.956642413,46.02489337,56.3
40.283,0.203838458,-2.023776121,46.01870487,56.4
40.296,0.203838458,-2.089689215,46.02489337,56.3
40.309,0.203838458,-2.122645762,46.01870487,56.4
40.322,0.203838458,-2.155602309,46.02489337,56.3
40.334,0.203838458,-2.122645762,46.01870487,56.4
40.347,0.20426669,-2.056732668,46.02489337,56.3
40.36,0.203838458,-1.989598961,46.01870487,56.4
40.372,0.203838458,-1.890729319,46.04250545,56.4
40.385,0.203838458,-1.757682517,46.01870487,56.4
40.398,0.203838458,-1.625856329,46.01870487,56.4
40.411,0.203838458,-1.492809527,46.04250545,56.4
40.423,0.203838458,-1.359762725,46.14869396,56.2
40.436,0.203838458,-1.193759376,46.14250545,56.3
40.449,0.203838458,-0.99479948,46.14869396,56.2
40.461,0.202981994,-0.828796131,46.14250545,56.3
40.474,0.202981994,-0.662792783,46.14869396,56.2
40.487,0.202981994,-0.498010047,46.14250545,56.3
40.499,0.202981994,-0.332006698,46.14869396,56.2
40.512,0.202553762,-0.133046802,46.14250545,56.3
40.525,0.202553762,0.032956547,46.18439483,56.2
40.538,0.201697298,0.198959896,46.17820632,56.3
40.55,0.201697298,0.364963245,46.2200957,56.2
40.563,0.200840834,0.530966594,46.21390719,56.3
40.576,0.200840834,0.662792783,46.2200957,56.2
40.588,0.200840834,0.828796131,46.24960807,56.3
40.601,0.201697298,0.961842933,46.25579658,56.2
40.614,0.200840834,1.094889735,46.24960807,56.3
40.626,0.200840834,1.226715924,46.25579658,56.2
40.639,0.200840834,1.326806178,46.24960807,56.3
40.652,0.200412602,1.426896432,46.25579658,56.2
40.665,0.200412602,1.492809527,46.27340865,56.3
40.677,0.200412602,1.558722621,46.27340865,56.3
40.69,0.200412602,1.591679168,46.27340865,56.3
40.703,0.200412602,1.625856329,46.27340865,56.3
40.715,0.200412602,1.591679168,46.27340865,56.3
40.728,0.200412602,1.591679168,46.27340865,56.3
40.741,0.200412602,1.525766074,46.27959716,56.2
40.754,0.200412602,1.45985298,46.27340865,56.3
40.766,0.200412602,1.326806178,46.37959716,56.1
40.779,0.200412602,1.226715924,46.37340865,56.2
40.792,0.200412602,1.094889735,46.35579658,56.1
40.804,0.200412602,0.961842933,46.34960807,56.2
40.817,0.200412602,0.795839584,46.3200957,56.1
40.83,0.200840834,0.662792783,46.31390719,56.2
40.842,0.200840834,0.463832887,46.3200957,56.1
40.855,0.200840834,0.299050151,46.31390719,56.2
40.868,0.200840834,0.100090254,46.3200957,56.1
40.881,0.201697298,-0.065913094,46.27820632,56.2
40.893,0.201697298,-0.26487299,46.27820632,56.2
40.906,0.202553762,-0.430876339,46.27820632,56.2
40.919,0.202553762,-0.629836235,46.27820632,56.2
40.931,0.202553762,-0.828796131,46.24869396,56.1
40.944,0.202981994,-1.027756028,46.24250545,56.2
40.957,0.202981994,-1.193759376,46.24869396,56.1
40.969,0.202981994,-1.392719272,46.14250545,56.3
40.982,0.202981994,-1.591679168,46.14869396,56.2
40.995,0.202981994,-1.757682517,46.11870487,56.3
41.008,0.202981994,-1.923685866,46.12489337,56.2
41.02,0.203838458,-2.089689215,46.11870487,56.3
41.033,0.203838458,-2.255692564,46.12489337,56.2
41.046,0.203838458,-2.388739366,46.11870487,56.3
41.058,0.203838458,-2.487609007,46.11870487,56.3
41.071,0.203838458,-2.587699262,46.11870487,56.3
41.084,0.20426669,-2.653612356,46.11870487,56.3
41.096,0.20426669,-2.686568903,46.11870487,56.3
41.109,0.20426669,-2.653612356,46.11870487,56.3
41.122,0.20426669,-2.620655809,46.11870487,56.3
41.135,0.203838458,-2.520565554,46.11870487,56.3
41.147,0.20426669,-2.388739366,46.12489337,56.2
41.16,0.20426669,-2.255692564,46.11870487,56.3
41.173,0.20426669,-2.089689215,46.11870487,56.3
41.185,0.20426669,-1.956642413,46.14250545,56.3
41.198,0.20426669,-1.757682517,46.14250545,56.3
41.211,0.203838458,-1.591679168,46.14250545,56.3
41.224,0.203838458,-1.392719272,46.14250545,56.3
41.236,0.203838458,-1.160802829,46.14869396,56.2
41.249,0.202981994,-0.961842933,46.14250545,56.3
41.262,0.202981994,-0.762883037,46.14869396,56.2
41.274,0.202981994,-0.563923141,46.17820632,56.3
41.287,0.202553762,-0.397919792,46.18439483,56.2
41.3,0.202553762,-0.198959896,46.17820632,56.3
41.312,0.201697298,-0.032956547,46.2200957,56.2
41.325,0.201697298,0.133046802,46.31390719,56.2
41.338,0.201697298,0.299050151,46.3200957,56.1
41.351,0.201697298,0.463832887,46.31390719,56.2
41.363,0.200840834,0.596879688,46.35579658,56.1
41.376,0.200840834,0.72992649,46.34960807,56.2
41.389,0.200840834,0.828796131,46.34960807,56.2
41.401,0.201697298,0.961842933,46.34960807,56.2
41.414,0.200840834,1.027756028,46.34960807,56.2
41.427,0.200840834,1.094889735,46.35579658,56.1
41.439,0.200840834,1.127846282,46.34960807,56.2
41.452,0.200840834,1.160802829,46.35579658,56.1
41.465,0.200412602,1.160802829,46.34960807,56.2
41.478,0.200412602,1.160802829,46.35579658,56.1
41.49,0.200840834,1.127846282,46.34341956,56.3
41.503,0.200840834,1.027756028,46.35579658,56.1
41.516,0.200840834,0.961842933,46.34960807,56.2
41.528,0.200840834,0.862973292,46.35579658,56.1
41.541,0.200840834,0.72992649,46.34960807,56.2
41.554,0.200840834,0.629836235,46.3200957,56.1
41.567,0.200840834,0.498010047,46.31390719,56.2
41.579,0.200840834,0.332006698,46.3200957,56.1
41.592,0.200840834,0.166003349,46.27820632,56.2
41.605,0.201697298,0,46.28439483,56.1
41.617,0.201697298,-0.166003349,46.27820632,56.2
41.63,0.201697298,-0.364963245,46.27820632,56.2
41.643,0.202553762,-0.530966594,46.27820632,56.2
41.655,0.202553762,-0.696969943,46.24250545,56.2
41.668,0.202553762,-0.895929839,46.24250545,56.2
41.681,0.202981994,-1.061933188,46.24250545,56.2
41.694,0.202981994,-1.260893084,46.24869396,56.1
41.706,0.202981994,-1.426896432,46.24250545,56.2
41.719,0.202981994,-1.591679168,46.22489337,56.1
41.732,0.203838458,-1.757682517,46.21870487,56.2
41.744,0.203838458,-1.923685866,46.21870487,56.2
41.757,0.203838458,-2.089689215,46.21870487,56.2
41.77,0.203838458,-2.222736017,46.21870487,56.2
41.783,0.203838458,-2.354562206,46.11870487,56.3
41.795,0.20426669,-2.487609007,46.11870487,56.3
41.808,0.20426669,-2.587699262,46.11870487,56.3
41.821,0.20426669,-2.653612356,46.11870487,56.3
41.833,0.20426669,-2.71952545,46.11870487,56.3
41.846,0.20426669,-2.752481998,46.11870487,56.3
41.859,0.20426669,-2.786659158,46.11870487,56.3
41.871,0.20426669,-2.752481998,46.11870487,56.3
41.884,0.20426669,-2.686568903,46.11870487,56.3
41.897,0.20426669,-2.620655809,46.11870487,56.3
41.91,0.20426669,-2.487609007,46.11870487,56.3
41.922,0.20426669,-2.354562206,46.11870487,56.3
41.935,0.203838458,-2.18977947,46.11870487,56.3
41.948,0.203838458,-2.056732668,46.14869396,56.2
41.96,0.203838458,-1.857772772,46.14250545,56.3
41.973,0.203838458,-1.658812876,46.14869396,56.2
41.986,0.203838458,-1.45985298,46.14250545,56.3
41.998,0.203838458,-1.260893084,46.14869396,56.2
42.011,0.202981994,-1.061933188,46.24250545,56.2
42.024,0.202981994,-0.828796131,46.28439483,56.1
42.037,0.202981994,-0.629836235,46.27820632,56.2
42.049,0.202553762,-0.430876339,46.28439483,56.1
42.062,0.202553762,-0.231916443,46.27820632,56.2
42.075,0.202553762,-0.032956547,46.28439483,56.1
42.087,0.202553762,0.133046802,46.31390719,56.2
42.1,0.201697298,0.332006698,46.3200957,56.1
42.113,0.201697298,0.498010047,46.31390719,56.2
42.126,0.201697298,0.662792783,46.34960807,56.2
42.138,0.201697298,0.795839584,46.34960807,56.2
42.151,0.201697298,0.961842933,46.34960807,56.2
42.164,0.200840834,1.094889735,46.34960807,56.2
42.176,0.200840834,1.193759376,46.37340865,56.2
42.189,0.200840834,1.293849631,46.37959716,56.1
42.202,0.200840834,1.359762725,46.37340865,56.2
42.214,0.200412602,1.426896432,46.37959716,56.1
42.227,0.200412602,1.45985298,46.37340865,56.2
42.24,0.200412602,1.45985298,46.37959716,56.1
42.253,0.200412602,1.426896432,46.37340865,56.2
42.265,0.200412602,1.326806178,46.37959716,56.1
42.278,0.200840834,1.226715924,46.34960807,56.2
42.291,0.200412602,1.127846282,46.34960807,56.2
42.303,0.200412602,0.99479948,46.34960807,56.2
42.316,0.200412602,0.862973292,46.34960807,56.2
42.329,0.200840834,0.696969943,46.34960807,56.2
42.341,0.200840834,0.498010047,46.31390719,56.2
42.354,0.200840834,0.299050151,46.3200957,56.1
42.367,0.201697298,0.100090254,46.31390719,56.2
42.38,0.201697298,-0.100090254,46.27820632,56.2
42.392,0.201697298,-0.299050151,46.27820632,56.2
42.405,0.202553762,-0.530966594,46.28439483,56.1
42.418,0.202981994,-0.72992649,46.27820632,56.2
42.43,0.202981994,-0.961842933,46.28439483,56.1
42.443,0.203838458,-1.193759376,46.27820632,56.2
42.456,0.202981994,-1.45985298,46.24869396,56.1
42.468,0.203838458,-1.691769423,46.21870487,56.2
42.481,0.203838458,-1.923685866,46.21870487,56.2
42.494,0.203838458,-2.155602309,46.21870487,56.2
42.507,0.203838458,-2.388739366,46.21870487,56.2
42.519,0.203838458,-2.620655809,46.21870487,56.2
42.532,0.20426669,-2.819615705,46.21870487,56.2
42.545,0.20426669,-3.051532148,46.11870487,56.3
42.557,0.20426669,-3.250492044,46.11870487,56.3
42.57,0.20426669,-3.416495393,46.11870487,56.3
42.583,0.20426669,-3.549542195,46.11870487,56.3
42.596,0.205123154,-3.681368384,46.11870487,56.3
42.608,0.205123154,-3.781458638,46.08300399,56.3
42.621,0.205123154,-3.814415185,46.11870487,56.3
42.634,0.205551386,-3.847371732,46.12489337,56.2
42.646,0.205123154,-3.847371732,46.11870487,56.3
42.659,0.205123154,-3.814415185,46.12489337,56.2
42.672,0.205123154,-3.748502091,46.11870487,56.3
42.684,0.205551386,-3.615455289,46.12489337,56.2
42.697,0.205551386,-3.482408487,46.13631694,56.4
42.71,0.205123154,-3.316405139,46.14869396,56.2
42.723,0.205123154,-3.117445243,46.14250545,56.3
42.735,0.205123154,-2.885528799,46.12489337,56.2
42.748,0.20426669,-2.686568903,46.11870487,56.3
42.761,0.20426669,-2.421695913,46.14869396,56.2
42.773,0.20426669,-2.18977947,46.14250545,56.3
42.786,0.20426669,-1.923685866,46.24869396,56.1
42.799,0.203838458,-1.691769423,46.24250545,56.2
42.811,0.203838458,-1.426896432,46.28439483,56.1
42.824,0.203838458,-1.160802829,46.27820632,56.2
42.837,0.203838458,-0.928886386,46.28439483,56.1
42.85,0.202981994,-0.696969943,46.27820632,56.2
42.862,0.202553762,-0.430876339,46.27820632,56.2
42.875,0.202553762,-0.231916443,46.3200957,56.1
42.888,0.202553762,0,46.31390719,56.2
42.9,0.201697298,0.231916443,46.3200957,56.1
42.913,0.201697298,0.430876339,46.31390719,56.2
42.926,0.201697298,0.629836235,46.3200957,56.1
42.939,0.200840834,0.828796131,46.34960807,56.2
42.951,0.200840834,0.99479948,46.35579658,56.1
42.964,0.200840834,1.160802829,46.34960807,56.2
42.977,0.200840834,1.326806178,46.34960807,56.2
42.989,0.200412602,1.45985298,46.34341956,56.3
43.002,0.200412602,1.558722621,46.37340865,56.2
43.015,0.200412602,1.625856329,46.37340865,56.2
43.027,0.200412602,1.691769423,46.37340865,56.2
43.04,0.200840834,1.72472597,46.37340865,56.2
43.053,0.200412602,1.72472597,46.37340865,56.2
43.066,0.200412602,1.72472597,46.37340865,56.2
43.078,0.200412602,1.691769423,46.37340865,56.2
43.091,0.200412602,1.658812876,46.37340865,56.2
43.104,0.200412602,1.558722621,46.37340865,56.2
43.116,0.200412602,1.426896432,46.37340865,56.2
43.129,0.200412602,1.293849631,46.47959716,56
43.142,0.200412602,1.160802829,46.47340865,56.1
43.154,0.200840834,0.99479948,46.45579658,56
43.167,0.200840834,0.828796131,46.44960807,56.1
43.18,0.200840834,0.629836235,46.41390719,56.1
43.193,0.201697298,0.430876339,46.41390719,56.1
43.205,0.201697298,0.231916443,46.41390719,56.1
43.218,0.200840834,0,46.41390719,56.1
43.231,0.201697298,-0.231916443,46.38439483,56
43.243,0.202553762,-0.463832887,46.37820632,56.1
43.256,0.202553762,-0.696969943,46.38439483,56
43.269,0.202981994,-0.928886386,46.34250545,56.1
43.282,0.202981994,-1.160802829,46.34869396,56
43.294,0.202981994,-1.392719272,46.24250545,56.2
43.307,0.203838458,-1.625856329,46.24869396,56.1
43.32,0.203838458,-1.857772772,46.21870487,56.2
43.332,0.203838458,-2.089689215,46.22489337,56.1
43.345,0.203838458,-2.321605658,46.21870487,56.2
43.358,0.203838458,-2.520565554,46.21870487,56.2
43.37,0.203838458,-2.71952545,46.21870487,56.2
43.383,0.20426669,-2.918485347,46.21870487,56.2
43.396,0.20426669,-3.084488695,46.22489337,56.1
43.409,0.20426669,-3.250492044,46.21870487,56.2
43.421,0.205123154,-3.350582299,46.22489337,56.1
43.434,0.205123154,-3.44945194,46.21870487,56.2
43.447,0.205123154,-3.515365035,46.22489337,56.1
43.459,0.205123154,-3.515365035,46.21870487,56.2
43.472,0.205123154,-3.515365035,46.22489337,56.1
43.485,0.205123154,-3.44945194,46.21870487,56.2
43.497,0.205123154,-3.350582299,46.21870487,56.2
43.51,0.205123154,-3.217535497,46.21870487,56.2
43.523,0.205123154,-3.051532148,46.21870487,56.2
43.536,0.205123154,-2.885528799,46.21870487,56.2
43.548,0.20426669,-2.686568903,46.21870487,56.2
43.561,0.20426669,-2.520565554,46.21870487,56.2
43.574,0.20426669,-2.288649111,46.24250545,56.2
43.586,0.20426669,-2.056732668,46.24250545,56.2
43.599,0.20426669,-1.790639065,46.24250545,56.2
43.612,0.20426669,-1.525766074,46.24869396,56.1
43.625,0.203838458,-1.293849631,46.24250545,56.2
43.637,0.203838458,-1.061933188,46.28439483,56.1
43.65,0.202981994,-0.795839584,46.27820632,56.2
43.663,0.202981994,-0.530966594,46.28439483,56.1
43.675,0.202981994,-0.299050151,46.31390719,56.2
43.688,0.202553762,-0.065913094,46.31390719,56.2
43.701,0.202553762,0.166003349,46.31390719,56.2
43.713,0.201697298,0.430876339,46.41390719,56.1
43.726,0.201697298,0.662792783,46.44960807,56.1
43.739,0.201697298,0.928886386,46.44960807,56.1
43.752,0.200840834,1.160802829,46.44960807,56.1
43.764,0.200840834,1.392719272,46.47340865,56.1
43.777,0.200412602,1.625856329,46.47340865,56.1
43.79,0.200412602,1.824816225,46.47340865,56.1
43.802,0.200412602,1.989598961,46.50910952,56.1
43.815,0.200412602,2.122645762,46.50910952,56.1
43.828,0.200412602,2.255692564,46.40910952,56.2
43.84,0.199556137,2.354562206,46.4448104,56.2
43.853,0.199556137,2.421695913,46.4448104,56.2
43.866,0.199556137,2.421695913,46.4448104,56.2
43.879,0.199556137,2.388739366,46.50910952,56.1
43.891,0.199556137,2.321605658,46.50910952,56.1
43.904,0.199556137,2.222736017,46.50910952,56.1
43.917,0.199556137,2.089689215,46.5509989,56
43.929,0.199556137,1.923685866,46.50910952,56.1
43.942,0.199556137,1.757682517,46.51529803,56
43.955,0.200412602,1.558722621,46.50910952,56.1
43.968,0.200412602,1.359762725,46.47959716,56
43.98,0.200412602,1.127846282,46.44960807,56.1
43.993,0.200412602,0.895929839,46.44960807,56.1
44.006,0.200840834,0.629836235,46.44960807,56.1
44.018,0.200840834,0.397919792,46.4200957,56
44.031,0.200840834,0.133046802,46.41390719,56.1
44.044,0.201697298,-0.100090254,46.37820632,56.1
44.056,0.201697298,-0.364963245,46.37820632,56.1
44.069,0.202553762,-0.629836235,46.34250545,56.1
44.082,0.202981994,-0.895929839,46.34250545,56.1
44.095,0.202981994,-1.160802829,46.34250545,56.1
44.107,0.202981994,-1.426896432,46.34869396,56
44.12,0.202981994,-1.658812876,46.31870487,56.1
44.133,0.203838458,-1.923685866,46.32489337,56
44.145,0.203838458,-2.18977947,46.21870487,56.2
44.158,0.203838458,-2.421695913,46.22489337,56.1
44.171,0.203838458,-2.653612356,46.21251636,56.3
44.183,0.203838458,-2.885528799,46.22489337,56.1
44.196,0.20426669,-3.051532148,46.21870487,56.2
44.209,0.20426669,-3.250492044,46.22489337,56.1
44.222,0.20426669,-3.416495393,46.21870487,56.2
44.234,0.205123154,-3.515365035,46.22489337,56.1
44.247,0.205123154,-3.582498742,46.21870487,56.2
44.26,0.205123154,-3.615455289,46.21870487,56.2
44.272,0.205123154,-3.615455289,46.21870487,56.2
44.285,0.205123154,-3.549542195,46.21870487,56.2
44.298,0.205123154,-3.44945194,46.21870487,56.2
44.311,0.205123154,-3.316405139,46.21870487,56.2
44.323,0.205123154,-3.151622403,46.22489337,56.1
44.336,0.20426669,-2.952662507,46.21870487,56.2
44.349,0.20426669,-2.752481998,46.22489337,56.1
44.361,0.20426669,-2.487609007,46.21870487,56.2
44.374,0.20426669,-2.255692564,46.24250545,56.2
44.387,0.20426669,-1.989598961,46.24250545,56.2
44.399,0.20426669,-1.72472597,46.24250545,56.2
44.412,0.20426669,-1.426896432,46.24250545,56.2
44.425,0.203838458,-1.160802829,46.27820632,56.2
44.438,0.203838458,-0.895929839,46.27820632,56.2
44.45,0.202981994,-0.662792783,46.27820632,56.2
44.463,0.202981994,-0.430876339,46.41390719,56.1
44.476,0.202981994,-0.198959896,46.41390719,56.1
44.488,0.202553762,0.032956547,46.41390719,56.1
44.501,0.202553762,0.231916443,46.44960807,56.1
44.514,0.201697298,0.463832887,46.44960807,56.1
44.526,0.201697298,0.662792783,46.44960807,56.1
44.539,0.201697298,0.862973292,46.44960807,56.1
44.552,0.201697298,1.027756028,46.47340865,56.1
44.565,0.200840834,1.226715924,46.47340865,56.1
44.577,0.200840834,1.392719272,46.47340865,56.1
44.59,0.200412602,1.525766074,46.47340865,56.1
44.603,0.200412602,1.658812876,46.47959716,56
44.615,0.200412602,1.72472597,46.47340865,56.1
44.628,0.200412602,1.790639065,46.47959716,56
44.641,0.199556137,1.824816225,46.47340865,56.1
44.654,0.199556137,1.857772772,46.51529803,56
44.666,0.200412602,1.824816225,46.50910952,56.1
44.679,0.200412602,1.790639065,46.51529803,56
44.692,0.200412602,1.72472597,46.47340865,56.1
44.704,0.199556137,1.591679168,46.47959716,56
44.717,0.200412602,1.45985298,46.47340865,56.1
44.73,0.200412602,1.326806178,46.47959716,56
44.742,0.200412602,1.160802829,46.47340865,56.1
44.755,0.200412602,0.99479948,46.45579658,56
44.768,0.200840834,0.828796131,46.44960807,56.1
44.781,0.200840834,0.629836235,46.44960807,56.1
44.793,0.200840834,0.430876339,46.41390719,56.1
44.806,0.201697298,0.231916443,46.41390719,56.1
44.819,0.201697298,0.032956547,46.4200957,56
44.831,0.201697298,-0.166003349,46.37820632,56.1
44.844,0.202553762,-0.364963245,46.38439483,56
44.857,0.202553762,-0.530966594,46.37820632,56.1
44.869,0.202553762,-0.72992649,46.38439483,56
44.882,0.202553762,-0.895929839,46.37820632,56.1
44.895,0.202553762,-1.061933188,46.34869396,56
44.908,0.202981994,-1.226715924,46.34250545,56.1
44.92,0.202981994,-1.359762725,46.34869396,56
44.933,0.203838458,-1.492809527,46.34250545,56.1
44.946,0.203838458,-1.591679168,46.34869396,56
44.958,0.203838458,-1.691769423,46.34250545,56.1
44.971,0.203838458,-1.757682517,46.34250545,56.1
44.984,0.203838458,-1.824816225,46.31870487,56.1
44.997,0.203838458,-1.857772772,46.31870487,56.1
45.009,0.203838458,-1.890729319,46.32489337,56
45.022,0.203838458,-1.890729319,46.31870487,56.1
45.035,0.203838458,-1.857772772,46.34869396,56
45.047,0.203838458,-1.824816225,46.34250545,56.1
45.06,0.203838458,-1.757682517,46.34869396,56
45.073,0.203838458,-1.658812876,46.34250545,56.1
45.085,0.203838458,-1.558722621,46.34250545,56.1
45.098,0.203838458,-1.45985298,46.34250545,56.1
45.111,0.202981994,-1.359762725,46.34250545,56.1
45.124,0.203838458,-1.260893084,46.34250545,56.1
45.136,0.202981994,-1.127846282,46.34869396,56
45.149,0.203838458,-1.027756028,46.34250545,56.1
45.162,0.202981994,-0.862973292,46.38439483,56
45.174,0.202981994,-0.72992649,46.34250545,56.1
45.187,0.202981994,-0.596879688,46.37820632,56.1
45.2,0.202981994,-0.463832887,46.37820632,56.1
45.212,0.202981994,-0.332006698,46.37820632,56.1
45.225,0.202553762,-0.198959896,46.37820632,56.1
45.238,0.202553762,-0.065913094,46.37820632,56.1
45.251,0.202553762,0.065913094,46.41390719,56.1
45.263,0.202553762,0.198959896,46.4200957,56
45.276,0.201697298,0.332006698,46.41390719,56.1
45.289,0.201697298,0.430876339,46.4200957,56
45.301,0.201697298,0.530966594,46.41390719,56.1
45.314,0.201697298,0.662792783,46.4200957,56
45.327,0.200840834,0.762883037,46.41390719,56.1
45.34,0.200840834,0.862973292,46.45579658,56
45.352,0.200840834,0.928886386,46.44960807,56.1
45.365,0.200840834,0.99479948,46.45579658,56
45.378,0.200840834,1.061933188,46.44960807,56.1
45.39,0.200840834,1.127846282,46.45579658,56
45.403,0.200412602,1.160802829,46.44960807,56.1
45.416,0.200412602,1.160802829,46.45579658,56
45.428,0.200412602,1.160802829,46.44960807,56.1
45.441,0.200840834,1.160802829,46.45579658,56
45.454,0.200840834,1.127846282,46.44960807,56.1
45.467,0.200412602,1.061933188,46.45579658,56
45.479,0.200840834,0.961842933,46.44960807,56.1
45.492,0.200840834,0.862973292,46.44960807,56.1
45.505,0.200840834,0.762883037,46.44960807,56.1
45.517,0.200840834,0.662792783,46.41390719,56.1
45.53,0.200840834,0.530966594,46.4200957,56
45.543,0.200840834,0.397919792,46.41390719,56.1
45.555,0.200840834,0.231916443,46.5200957,55.9
45.568,0.201697298,0.100090254,46.51390719,56
45.581,0.201697298,-0.065913094,46.48439483,55.9
45.594,0.201697298,-0.198959896,46.47820632,56
45.606,0.201697298,-0.364963245,46.38439483,56
45.619,0.202553762,-0.530966594,46.37820632,56.1
45.632,0.202553762,-0.696969943,46.38439483,56
45.644,0.202553762,-0.828796131,46.37820632,56.1
45.657,0.202553762,-0.99479948,46.34250545,56.1
45.67,0.202981994,-1.127846282,46.34250545,56.1
45.683,0.202981994,-1.293849631,46.34250545,56.1
45.695,0.202981994,-1.426896432,46.31870487,56.1
45.708,0.202981994,-1.558722621,46.31870487,56.1
45.721,0.202981994,-1.658812876,46.31870487,56.1
45.733,0.203838458,-1.790639065,46.31870487,56.1
45.746,0.203838458,-1.890729319,46.34250545,56.1
45.759,0.203838458,-1.956642413,46.34250545,56.1
45.771,0.203838458,-2.023776121,46.31870487,56.1
45.784,0.203838458,-2.089689215,46.31870487,56.1
45.797,0.203838458,-2.122645762,46.31870487,56.1
45.81,0.203838458,-2.155602309,46.31870487,56.1
45.822,0.203838458,-2.122645762,46.31870487,56.1
45.835,0.203838458,-2.122645762,46.32489337,56
45.848,0.203838458,-2.089689215,46.31870487,56.1
45.86,0.203838458,-2.023776121,46.31870487,56.1
45.873,0.203838458,-1.956642413,46.34250545,56.1
45.886,0.203838458,-1.857772772,46.34250545,56.1
45.898,0.203838458,-1.790639065,46.34250545,56.1
45.911,0.203838458,-1.691769423,46.34869396,56
45.924,0.203838458,-1.591679168,46.34250545,56.1
45.937,0.203838458,-1.45985298,46.34869396,56
45.949,0.203838458,-1.326806178,46.34250545,56.1
45.962,0.203838458,-1.193759376,46.34250545,56.1
45.975,0.203838458,-1.027756028,46.34250545,56.1
45.987,0.202981994,-0.895929839,46.34250545,56.1
46,0.202981994,-0.72992649,46.34250545,56.1
46.013,0.202981994,-0.596879688,46.37820632,56.1
46.026,0.202553762,-0.430876339,46.37820632,56.1
46.038,0.202553762,-0.299050151,46.37820632,56.1
46.051,0.202981994,-0.166003349,46.38439483,56
46.064,0.202553762,-0.032956547,46.37820632,56.1
46.076,0.201697298,0.100090254,46.38439483,56
46.089,0.201697298,0.231916443,46.37820632,56.1
46.102,0.201697298,0.332006698,46.4200957,56
46.114,0.201697298,0.463832887,46.41390719,56.1
46.127,0.200840834,0.563923141,46.4200957,56
46.14,0.201697298,0.629836235,46.41390719,56.1
46.153,0.201697298,0.72992649,46.4200957,56
46.165,0.201697298,0.828796131,46.41390719,56.1
46.178,0.200840834,0.895929839,46.41390719,56.1
46.191,0.200840834,0.961842933,46.44960807,56.1
46.203,0.200840834,0.99479948,46.44960807,56.1
46.216,0.200840834,1.061933188,46.45579658,56
46.229,0.200840834,1.061933188,46.44960807,56.1
46.241,0.200840834,1.061933188,46.4200957,56
46.254,0.200840834,1.061933188,46.41390719,56.1
46.267,0.200840834,0.99479948,46.5200957,55.9
46.28,0.200840834,0.961842933,46.54341956,56.1
46.292,0.200840834,0.862973292,46.5200957,55.9
46.305,0.200840834,0.795839584,46.54341956,56.1
46.318,0.200840834,0.696969943,46.5200957,55.9
46.33,0.200840834,0.596879688,46.51390719,56
46.343,0.200840834,0.463832887,46.5200957,55.9
46.356,0.200840834,0.364963245,46.51390719,56
46.369,0.200840834,0.231916443,46.51390719,56
46.381,0.200840834,0.100090254,46.51390719,56
46.394,0.201697298,-0.065913094,46.51390719,56
46.407,0.201697298,-0.198959896,46.47820632,56
46.419,0.201697298,-0.364963245,46.47820632,56
46.432,0.201697298,-0.498010047,46.47820632,56
46.445,0.202553762,-0.662792783,46.47820632,56
46.457,0.202981994,-0.795839584,46.44250545,56
46.47,0.202981994,-0.961842933,46.44250545,56
46.483,0.202981994,-1.094889735,46.44250545,56
46.496,0.202981994,-1.226715924,46.44250545,56
46.508,0.202981994,-1.359762725,46.44250545,56
46.521,0.202981994,-1.525766074,46.44869396,55.9
46.534,0.203838458,-1.625856329,46.44250545,56
46.546,0.203838458,-1.757682517,46.32489337,56
46.559,0.202981994,-1.857772772,46.31870487,56.1
46.572,0.203838458,-1.956642413,46.34250545,56.1
46.584,0.203838458,-2.023776121,46.31870487,56.1
46.597,0.203838458,-2.089689215,46.32489337,56
46.61,0.203838458,-2.122645762,46.34250545,56.1
46.623,0.203838458,-2.122645762,46.34869396,56
46.635,0.203838458,-2.122645762,46.31870487,56.1
46.648,0.203838458,-2.089689215,46.32489337,56
46.661,0.203838458,-2.056732668,46.31870487,56.1
46.673,0.203838458,-1.989598961,46.34250545,56.1
46.686,0.203838458,-1.890729319,46.34250545,56.1
46.699,0.203838458,-1.790639065,46.34250545,56.1
46.712,0.203838458,-1.658812876,46.34250545,56.1
46.724,0.202981994,-1.525766074,46.34250545,56.1
46.737,0.202981994,-1.426896432,46.34869396,56
46.75,0.203838458,-1.260893084,46.34250545,56.1
46.762,0.203838458,-1.127846282,46.34869396,56
46.775,0.202981994,-0.961842933,46.37201781,56.2
46.788,0.202981994,-0.828796131,46.34869396,56
46.8,0.202981994,-0.696969943,46.33631694,56.2
46.813,0.202981994,-0.563923141,46.48439483,55.9
46.826,0.202981994,-0.430876339,46.47820632,56
46.839,0.202553762,-0.299050151,46.48439483,55.9
46.851,0.202553762,-0.198959896,46.47820632,56
46.864,0.202553762,-0.100090254,46.48439483,55.9
46.877,0.202553762,0,46.47820632,56
46.889,0.202553762,0.100090254,46.48439483,55.9
46.902,0.201697298,0.198959896,46.47820632,56
46.915,0.201697298,0.26487299,46.47820632,56
46.927,0.201697298,0.364963245,46.47820632,56
46.94,0.201697298,0.430876339,46.57820632,55.9
46.953,0.201697298,0.498010047,46.61390719,55.9
46.966,0.201697298,0.563923141,46.61390719,55.9
46.978,0.200840834,0.629836235,46.6200957,55.8
46.991,0.200840834,0.662792783,46.61390719,55.9
47.004,0.201697298,0.696969943,46.61390719,55.9
47.016,0.201697298,0.696969943,46.61390719,55.9
47.029,0.200840834,0.72992649,46.6200957,55.8
47.042,0.200840834,0.762883037,46.61390719,55.9
47.055,0.200840834,0.72992649,46.61390719,55.9
47.067,0.201697298,0.72992649,46.61390719,55.9
47.08,0.200840834,0.696969943,46.61390719,55.9
47.093,0.200840834,0.696969943,46.61390719,55.9
47.105,0.200840834,0.662792783,46.61390719,55.9
47.118,0.200840834,0.596879688,46.61390719,55.9
47.131,0.201697298,0.563923141,46.61390719,55.9
47.143,0.201697298,0.498010047,46.6200957,55.8
47.156,0.201697298,0.463832887,46.61390719,55.9
47.169,0.200840834,0.364963245,46.61390719,55.9
47.182,0.200840834,0.26487299,46.61390719,55.9
47.194,0.200840834,0.198959896,46.57820632,55.9
47.207,0.201697298,0.100090254,46.57820632,55.9
47.22,0.201697298,0,46.57820632,55.9
47.232,0.201697298,-0.065913094,46.57820632,55.9
47.245,0.201697298,-0.198959896,46.57820632,55.9
47.258,0.201697298,-0.26487299,46.57820632,55.9
47.27,0.201697298,-0.364963245,46.57820632,55.9
47.283,0.202553762,-0.463832887,46.54250545,55.9
47.296,0.202553762,-0.563923141,46.54250545,55.9
47.309,0.202553762,-0.662792783,46.54869396,55.8
47.321,0.201697298,-0.72992649,46.54250545,55.9
47.334,0.201697298,-0.828796131,46.54869396,55.8
47.347,0.201697298,-0.895929839,46.54250545,55.9
47.359,0.202553762,-0.99479948,46.54869396,55.8
47.372,0.202553762,-1.061933188,46.54250545,55.9
47.385,0.202981994,-1.127846282,46.54250545,55.9
47.398,0.202981994,-1.193759376,46.54250545,55.9
47.41,0.202981994,-1.260893084,46.54250545,55.9
47.423,0.202981994,-1.293849631,46.52489337,55.8
47.436,0.202981994,-1.359762725,46.54250545,55.9
47.448,0.202981994,-1.392719272,46.52489337,55.8
47.461,0.202981994,-1.392719272,46.51870487,55.9
47.474,0.202981994,-1.426896432,46.52489337,55.8
47.486,0.202981994,-1.426896432,46.51870487,55.9
47.499,0.202981994,-1.392719272,46.52489337,55.8
47.512,0.202981994,-1.392719272,46.51870487,55.9
47.525,0.202981994,-1.359762725,46.52489337,55.8
47.537,0.202981994,-1.326806178,46.54250545,55.9
47.55,0.202981994,-1.260893084,46.54869396,55.8
47.563,0.202981994,-1.193759376,46.54250545,55.9
47.575,0.202981994,-1.127846282,46.54869396,55.8
47.588,0.202981994,-1.061933188,46.54250545,55.9
47.601,0.202981994,-0.99479948,46.54250545,55.9
47.613,0.202981994,-0.895929839,46.54250545,55.9
47.626,0.202981994,-0.828796131,46.54250545,55.9
47.639,0.202981994,-0.72992649,46.54869396,55.8
47.652,0.202981994,-0.662792783,46.54250545,55.9
47.664,0.202981994,-0.563923141,46.54869396,55.8
47.677,0.202981994,-0.463832887,46.54250545,55.9
47.69,0.202553762,-0.364963245,46.54869396,55.8
47.702,0.202981994,-0.26487299,46.54250545,55.9
47.715,0.202981994,-0.198959896,46.58439483,55.8
47.728,0.202553762,-0.133046802,46.57820632,55.9
47.741,0.202553762,-0.032956547,46.58439483,55.8
47.753,0.202553762,0.032956547,46.57820632,55.9
47.766,0.201697298,0.100090254,46.57820632,55.9
47.779,0.201697298,0.133046802,46.57820632,55.9
47.791,0.201697298,0.198959896,46.57820632,55.9
47.804,0.201697298,0.231916443,46.57820632,55.9
47.817,0.201697298,0.299050151,46.57820632,55.9
47.829,0.201697298,0.299050151,46.57820632,55.9
47.842,0.201697298,0.332006698,46.57820632,55.9
47.855,0.201697298,0.332006698,46.57820632,55.9
47.868,0.201697298,0.332006698,46.57820632,55.9
47.88,0.200840834,0.332006698,46.57820632,55.9
47.893,0.201697298,0.299050151,46.57820632,55.9
47.906,0.201697298,0.299050151,46.57820632,55.9
47.918,0.201697298,0.231916443,46.58439483,55.8
47.931,0.201697298,0.198959896,46.57820632,55.9
47.944,0.201697298,0.133046802,46.58439483,55.8
47.956,0.201697298,0.065913094,46.57820632,55.9
47.969,0.201697298,0,46.58439483,55.8
47.982,0.201697298,-0.065913094,46.57820632,55.9
47.995,0.201697298,-0.133046802,46.58439483,55.8
48.007,0.201697298,-0.198959896,46.57820632,55.9
48.02,0.201697298,-0.26487299,46.54869396,55.8
48.033,0.202553762,-0.332006698,46.57820632,55.9
48.045,0.202553762,-0.430876339,46.58439483,55.8
48.058,0.202553762,-0.530966594,46.54250545,55.9
48.071,0.202553762,-0.629836235,46.54869396,55.8
48.084,0.202553762,-0.696969943,46.54250545,55.9
48.096,0.202553762,-0.795839584,46.54869396,55.8
48.109,0.202553762,-0.895929839,46.51870487,55.9
48.122,0.202553762,-0.99479948,46.54869396,55.8
48.134,0.202553762,-1.061933188,46.51870487,55.9
48.147,0.202553762,-1.160802829,46.51870487,55.9
48.16,0.202981994,-1.260893084,46.51870487,55.9
48.172,0.202981994,-1.326806178,46.54250545,55.9
48.185,0.202981994,-1.426896432,46.54869396,55.8
48.198,0.202981994,-1.492809527,46.51870487,55.9
48.211,0.202981994,-1.558722621,46.52489337,55.8
48.223,0.202981994,-1.625856329,46.51870487,55.9
48.236,0.202981994,-1.658812876,46.52489337,55.8
48.249,0.203838458,-1.72472597,46.51870487,55.9
48.261,0.203838458,-1.757682517,46.52489337,55.8
48.274,0.203838458,-1.790639065,46.51870487,55.9
48.287,0.202981994,-1.790639065,46.51870487,55.9
48.299,0.203838458,-1.824816225,46.51870487,55.9
48.312,0.203838458,-1.824816225,46.51870487,55.9
48.325,0.203838458,-1.824816225,46.51870487,55.9
48.338,0.203838458,-1.790639065,46.51870487,55.9
48.35,0.203838458,-1.757682517,46.51870487,55.9
48.363,0.203838458,-1.72472597,46.54250545,55.9
48.376,0.203838458,-1.691769423,46.54250545,55.9
48.388,0.203838458,-1.625856329,46.51870487,55.9
48.401,0.203838458,-1.558722621,46.52489337,55.8
48.414,0.203838458,-1.45985298,46.51870487,55.9
48.427,0.203838458,-1.392719272,46.54869396,55.8
48.439,0.203838458,-1.293849631,46.54250545,55.9
48.452,0.202981994,-1.193759376,46.54250545,55.9
48.465,0.202981994,-1.127846282,46.54250545,55.9
48.477,0.202981994,-1.027756028,46.54250545,55.9
48.49,0.202981994,-0.895929839,46.54250545,55.9
48.503,0.202981994,-0.795839584,46.54250545,55.9
48.515,0.202981994,-0.696969943,46.58439483,55.8
48.528,0.202981994,-0.596879688,46.57820632,55.9
48.541,0.202981994,-0.498010047,46.57820632,55.9
48.554,0.202553762,-0.397919792,46.57820632,55.9
48.566,0.202553762,-0.299050151,46.57820632,55.9
48.579,0.202553762,-0.198959896,46.54250545,55.9
48.592,0.202553762,-0.133046802,46.57820632,55.9
48.604,0.202553762,-0.032956547,46.57820632,55.9
48.617,0.202553762,0.032956547,46.57820632,55.9
48.63,0.201697298,0.065913094,46.57820632,55.9
48.642,0.201697298,0.133046802,46.57820632,55.9
48.655,0.201697298,0.166003349,46.57820632,55.9
48.668,0.201697298,0.231916443,46.61390719,55.9
48.681,0.201697298,0.26487299,46.61390719,55.9
48.693,0.201697298,0.299050151,46.61390719,55.9
48.706,0.201697298,0.332006698,46.6200957,55.8
48.719,0.201697298,0.332006698,46.61390719,55.9
48.731,0.201697298,0.364963245,46.6200957,55.8
48.744,0.201697298,0.332006698,46.61390719,55.9
48.757,0.201697298,0.332006698,46.6200957,55.8
48.77,0.201697298,0.332006698,46.61390719,55.9
48.782,0.201697298,0.299050151,46.6200957,55.8
48.795,0.201697298,0.231916443,46.61390719,55.9
48.808,0.201697298,0.166003349,46.61390719,55.9
48.82,0.201697298,0.100090254,46.57820632,55.9
48.833,0.201697298,0,46.57820632,55.9
48.846,0.201697298,-0.065913094,46.58439483,55.8
48.858,0.201697298,-0.133046802,46.57820632,55.9
48.871,0.201697298,-0.231916443,46.58439483,55.8
48.884,0.201697298,-0.332006698,46.57820632,55.9
48.897,0.201697298,-0.397919792,46.58439483,55.8
48.909,0.201697298,-0.498010047,46.54250545,55.9
48.922,0.201697298,-0.596879688,46.54869396,55.8
48.935,0.202553762,-0.696969943,46.54250545,55.9
48.947,0.202553762,-0.795839584,46.58439483,55.8
48.96,0.202553762,-0.895929839,46.53631694,56
48.973,0.202553762,-0.99479948,46.54869396,55.8
48.985,0.202553762,-1.094889735,46.53631694,56
48.998,0.202981994,-1.160802829,46.54869396,55.8
49.011,0.202981994,-1.260893084,46.54250545,55.9
49.024,0.202981994,-1.359762725,46.54869396,55.8
49.036,0.202981994,-1.426896432,46.54250545,55.9
49.049,0.202981994,-1.492809527,46.54250545,55.9
49.062,0.202981994,-1.558722621,46.54250545,55.9
49.074,0.202981994,-1.591679168,46.54250545,55.9
49.087,0.203838458,-1.658812876,46.51870487,55.9
49.1,0.203838458,-1.691769423,46.51870487,55.9
49.113,0.203838458,-1.72472597,46.54250545,55.9
49.125,0.202981994,-1.757682517,46.51870487,55.9
49.138,0.202981994,-1.757682517,46.51870487,55.9
49.151,0.203838458,-1.757682517,46.52489337,55.8
49.163,0.203838458,-1.757682517,46.51870487,55.9
49.176,0.203838458,-1.72472597,46.54250545,55.9
49.189,0.203838458,-1.72472597,46.51870487,55.9
49.201,0.203838458,-1.658812876,46.52489337,55.8
49.214,0.203838458,-1.625856329,46.54250545,55.9
49.227,0.203838458,-1.558722621,46.54869396,55.8
49.24,0.203838458,-1.492809527,46.54250545,55.9
49.252,0.202981994,-1.426896432,46.54869396,55.8
49.265,0.202981994,-1.326806178,46.54250545,55.9
49.278,0.202981994,-1.260893084,46.54869396,55.8
49.29,0.202981994,-1.160802829,46.54250545,55.9
49.303,0.202981994,-1.061933188,46.54250545,55.9
49.316,0.202981994,-0.961842933,46.54250545,55.9
49.328,0.202981994,-0.895929839,46.54250545,55.9
49.341,0.202981994,-0.795839584,46.54250545,55.9
49.354,0.202981994,-0.72992649,46.54250545,55.9
49.367,0.202981994,-0.629836235,46.58439483,55.8
49.379,0.202981994,-0.563923141,46.57820632,55.9
49.392,0.202981994,-0.498010047,46.58439483,55.8
49.405,0.202553762,-0.463832887,46.57820632,55.9
49.417,0.202553762,-0.397919792,46.58439483,55.8
49.43,0.202981994,-0.364963245,46.57820632,55.9
49.443,0.202981994,-0.332006698,46.58439483,55.8
49.456,0.202981994,-0.299050151,46.57820632,55.9
49.468,0.202553762,-0.26487299,46.58439483,55.8
49.481,0.202981994,-0.26487299,46.57201781,56
49.494,0.202553762,-0.26487299,46.58439483,55.8
49.506,0.202553762,-0.26487299,46.57820632,55.9
49.519,0.202553762,-0.26487299,46.58439483,55.8
49.532,0.202553762,-0.26487299,46.57820632,55.9
49.544,0.202553762,-0.26487299,46.58439483,55.8
49.557,0.202553762,-0.299050151,46.57820632,55.9
49.57,0.202981994,-0.332006698,46.57820632,55.9
49.583,0.202981994,-0.364963245,46.57820632,55.9
49.595,0.202553762,-0.397919792,46.57820632,55.9
49.608,0.202553762,-0.430876339,46.58439483,55.8
49.621,0.202553762,-0.463832887,46.57820632,55.9
49.633,0.202553762,-0.498010047,46.58439483,55.8
49.646,0.202553762,-0.530966594,46.57820632,55.9
49.659,0.202553762,-0.596879688,46.58439483,55.8
49.671,0.202553762,-0.629836235,46.54250545,55.9
49.684,0.202553762,-0.696969943,46.57820632,55.9
49.697,0.202981994,-0.72992649,46.67820632,55.8
49.71,0.202981994,-0.762883037,46.57820632,55.9
49.722,0.202981994,-0.828796131,46.57820632,55.9
49.735,0.202553762,-0.862973292,46.54250545,55.9
49.748,0.202553762,-0.895929839,46.64250545,55.8
49.76,0.202553762,-0.961842933,46.54250545,55.9
49.773,0.202553762,-0.99479948,46.64250545,55.8
49.786,0.202981994,-1.061933188,46.54250545,55.9
49.799,0.202981994,-1.094889735,46.54250545,55.9
49.811,0.202981994,-1.127846282,46.54250545,55.9
49.824,0.202981994,-1.160802829,46.54869396,55.8
49.837,0.202981994,-1.193759376,46.54250545,55.9
49.849,0.202981994,-1.226715924,46.54250545,55.9
49.862,0.202981994,-1.226715924,46.54250545,55.9
49.875,0.202981994,-1.260893084,46.54250545,55.9
49.887,0.202981994,-1.260893084,46.54250545,55.9
49.9,0.202981994,-1.260893084,46.54250545,55.9
49.913,0.202981994,-1.260893084,46.54250545,55.9
49.926,0.202981994,-1.260893084,46.54250545,55.9
49.938,0.202981994,-1.260893084,46.54869396,55.8
49.951,0.202981994,-1.226715924,46.54250545,55.9
49.964,0.202981994,-1.193759376,46.54869396,55.8
49.976,0.202981994,-1.160802829,46.64250545,55.8
49.989,0.202981994,-1.127846282,46.54869396,55.8
50.002,0.202981994,-1.061933188,46.64250545,55.8
50.014,0.202981994,-1.027756028,46.54869396,55.8
50.027,0.202981994,-0.961842933,46.64250545,55.8
50.04,0.202981994,-0.928886386,46.54250545,55.9
50.053,0.202981994,-0.862973292,46.64250545,55.8
50.065,0.202981994,-0.828796131,46.64250545,55.8
50.078,0.202981994,-0.762883037,46.64250545,55.8
50.091,0.202981994,-0.72992649,46.64250545,55.8
50.103,0.202553762,-0.696969943,46.64869396,55.7
50.116,0.202553762,-0.629836235,46.67820632,55.8
50.129,0.202553762,-0.596879688,46.64869396,55.7
50.142,0.202981994,-0.530966594,46.67820632,55.8
50.154,0.202981994,-0.463832887,46.68439483,55.7
50.167,0.202981994,-0.397919792,46.67820632,55.8
50.18,0.202553762,-0.364963245,46.68439483,55.7
50.192,0.202553762,-0.299050151,46.67820632,55.8
50.205,0.202553762,-0.231916443,46.68439483,55.7
50.218,0.202553762,-0.198959896,46.67820632,55.8
50.23,0.202553762,-0.166003349,46.68439483,55.7
50.243,0.202553762,-0.133046802,46.67820632,55.8
50.256,0.202553762,-0.100090254,46.67820632,55.8
50.269,0.202553762,-0.065913094,46.67820632,55.8
50.281,0.202553762,-0.032956547,46.67820632,55.8
50.294,0.201697298,-0.032956547,46.67820632,55.8
50.307,0.201697298,0,46.67820632,55.8
50.319,0.202553762,0,46.68439483,55.7
50.332,0.202553762,0,46.67820632,55.8
50.345,0.202553762,0,46.68439483,55.7
50.357,0.202553762,0,46.67820632,55.8
50.37,0.202553762,-0.032956547,46.68439483,55.7
50.383,0.202553762,-0.065913094,46.67820632,55.8
50.396,0.202553762,-0.100090254,46.67820632,55.8
50.408,0.202553762,-0.133046802,46.67820632,55.8
50.421,0.202553762,-0.166003349,46.67820632,55.8
50.434,0.202553762,-0.198959896,46.67820632,55.8
50.446,0.202553762,-0.231916443,46.67820632,55.8
50.459,0.202553762,-0.299050151,46.67820632,55.8
50.472,0.202553762,-0.332006698,46.64250545,55.8
50.484,0.202553762,-0.397919792,46.64250545,55.8
50.497,0.202553762,-0.430876339,46.64250545,55.8
50.51,0.202553762,-0.463832887,46.64250545,55.8
50.523,0.202553762,-0.530966594,46.64250545,55.8
50.535,0.202553762,-0.563923141,46.67820632,55.8
50.548,0.202553762,-0.596879688,46.64869396,55.7
50.561,0.202553762,-0.629836235,46.64250545,55.8
50.573,0.202553762,-0.662792783,46.64250545,55.8
50.586,0.202553762,-0.696969943,46.64250545,55.8
50.599,0.202553762,-0.72992649,46.64869396,55.7
50.612,0.202553762,-0.762883037,46.64250545,55.8
50.624,0.202553762,-0.795839584,46.64869396,55.7
50.637,0.202553762,-0.828796131,46.64250545,55.8
50.65,0.202553762,-0.862973292,46.64869396,55.7
50.662,0.202553762,-0.862973292,46.64250545,55.8
50.675,0.202553762,-0.862973292,46.64869396,55.7
50.688,0.202553762,-0.862973292,46.64250545,55.8
50.7,0.202553762,-0.828796131,46.64869396,55.7
50.713,0.202553762,-0.828796131,46.64250545,55.8
50.726,0.202553762,-0.795839584,46.64869396,55.7
50.739,0.202553762,-0.762883037,46.64250545,55.8
50.751,0.202553762,-0.696969943,46.64869396,55.7
50.764,0.202553762,-0.662792783,46.64250545,55.8
50.777,0.202553762,-0.596879688,46.64250545,55.8
50.789,0.202553762,-0.530966594,46.64250545,55.8
50.802,0.202553762,-0.463832887,46.67820632,55.8
50.815,0.202553762,-0.397919792,46.67820632,55.8
50.827,0.202553762,-0.332006698,46.67820632,55.8
50.84,0.202553762,-0.26487299,46.68439483,55.7
50.853,0.202553762,-0.198959896,46.67820632,55.8
50.866,0.202553762,-0.100090254,46.68439483,55.7
50.878,0.202553762,-0.032956547,46.67820632,55.8
50.891,0.202553762,0.032956547,46.68439483,55.7
50.904,0.201697298,0.100090254,46.67820632,55.8
50.916,0.201697298,0.198959896,46.68439483,55.7
50.929,0.201697298,0.26487299,46.67820632,55.8
50.942,0.201697298,0.332006698,46.67820632,55.8
50.955,0.201697298,0.364963245,46.67820632,55.8
50.967,0.201697298,0.430876339,46.67820632,55.8
50.98,0.201697298,0.463832887,46.71390719,55.8
50.993,0.201697298,0.530966594,46.71390719,55.8
51.005,0.201697298,0.563923141,46.7200957,55.7
51.018,0.201697298,0.596879688,46.71390719,55.8
51.031,0.201697298,0.629836235,46.7200957,55.7
51.043,0.201697298,0.662792783,46.71390719,55.8
51.056,0.201697298,0.696969943,46.7200957,55.7
51.069,0.200840834,0.696969943,46.71390719,55.8
51.082,0.200840834,0.696969943,46.71390719,55.8
51.094,0.200840834,0.72992649,46.71390719,55.8
51.107,0.200840834,0.696969943,46.71390719,55.8
51.12,0.200840834,0.696969943,46.71390719,55.8
51.132,0.200840834,0.662792783,46.71390719,55.8
51.145,0.200840834,0.629836235,46.71390719,55.8
51.158,0.200840834,0.596879688,46.71390719,55.8
51.171,0.200840834,0.530966594,46.71390719,55.8
51.183,0.200840834,0.498010047,46.71390719,55.8
51.196,0.200840834,0.430876339,46.71390719,55.8
51.209,0.200840834,0.364963245,46.71390719,55.8
51.221,0.200840834,0.299050151,46.68439483,55.7
51.234,0.201697298,0.231916443,46.67820632,55.8
51.247,0.200840834,0.166003349,46.67820632,55.8
51.259,0.200840834,0.065913094,46.67820632,55.8
51.272,0.200840834,0,46.67820632,55.8
51.285,0.201697298,-0.065913094,46.67820632,55.8
51.298,0.201697298,-0.166003349,46.67820632,55.8
51.31,0.200840834,-0.231916443,46.68439483,55.7
51.323,0.200840834,-0.332006698,46.67820632,55.8
51.336,0.201697298,-0.397919792,46.68439483,55.7
51.348,0.201697298,-0.498010047,46.67820632,55.8
51.361,0.202553762,-0.563923141,46.64869396,55.7
51.374,0.201697298,-0.662792783,46.67820632,55.8
51.386,0.202553762,-0.72992649,46.68439483,55.7
51.399,0.202553762,-0.828796131,46.64250545,55.8
51.412,0.202553762,-0.895929839,46.64869396,55.7
51.425,0.202553762,-0.961842933,46.64250545,55.8
51.437,0.202553762,-1.027756028,46.64869396,55.7
51.45,0.202981994,-1.061933188,46.64250545,55.8
51.463,0.202981994,-1.127846282,46.64869396,55.7
51.475,0.202981994,-1.160802829,46.64250545,55.8
51.488,0.202981994,-1.193759376,46.64250545,55.8
51.501,0.202981994,-1.193759376,46.64869396,55.7
51.514,0.202981994,-1.226715924,46.64250545,55.8
51.526,0.202981994,-1.226715924,46.64869396,55.7
51.539,0.202981994,-1.193759376,46.64250545,55.8
51.552,0.202981994,-1.193759376,46.64869396,55.7
51.564,0.202981994,-1.160802829,46.64250545,55.8
51.577,0.202981994,-1.094889735,46.64869396,55.7
51.59,0.202981994,-1.027756028,46.64250545,55.8
51.602,0.202981994,-0.961842933,46.64869396,55.7
51.615,0.202981994,-0.895929839,46.67820632,55.8
51.628,0.202981994,-0.795839584,46.64869396,55.7
51.641,0.202981994,-0.696969943,46.67820632,55.8
51.653,0.202553762,-0.596879688,46.64869396,55.7
51.666,0.202553762,-0.498010047,46.67820632,55.8
51.679,0.202553762,-0.397919792,46.68439483,55.7
51.691,0.202553762,-0.26487299,46.67820632,55.8
51.704,0.202553762,-0.133046802,46.68439483,55.7
51.717,0.202553762,-0.032956547,46.67820632,55.8
51.729,0.202553762,0.065913094,46.67820632,55.8
51.742,0.201697298,0.166003349,46.67820632,55.8
51.755,0.201697298,0.26487299,46.67820632,55.8
51.768,0.201697298,0.332006698,46.71390719,55.8
51.78,0.201697298,0.430876339,46.71390719,55.8
51.793,0.200840834,0.530966594,46.71390719,55.8
51.806,0.200840834,0.596879688,46.7200957,55.7
51.818,0.200840834,0.629836235,46.71390719,55.8
51.831,0.200840834,0.696969943,46.7200957,55.7
51.844,0.201697298,0.762883037,46.71390719,55.8
51.856,0.201697298,0.795839584,46.71390719,55.8
51.869,0.201697298,0.795839584,46.74960807,55.8
51.882,0.200840834,0.762883037,46.71390719,55.8
51.895,0.200840834,0.762883037,46.71390719,55.8
51.907,0.200840834,0.696969943,46.7200957,55.7
51.92,0.200840834,0.662792783,46.71390719,55.8
51.933,0.200840834,0.596879688,46.7200957,55.7
51.945,0.200840834,0.530966594,46.71390719,55.8
51.958,0.200840834,0.463832887,46.67820632,55.8
51.971,0.200840834,0.397919792,46.67820632,55.8
51.984,0.200840834,0.299050151,46.71390719,55.8
51.996,0.200840834,0.198959896,46.77820632,55.7
52.009,0.200840834,0.133046802,46.77820632,55.7
52.022,0.201697298,0.032956547,46.78439483,55.6
52.034,0.200840834,-0.065913094,46.77820632,55.7
52.047,0.201697298,-0.166003349,46.78439483,55.6
52.06,0.201697298,-0.26487299,46.77820632,55.7
52.072,0.201697298,-0.364963245,46.78439483,55.6
52.085,0.201697298,-0.430876339,46.77820632,55.7
52.098,0.201697298,-0.530966594,46.78439483,55.6
52.111,0.201697298,-0.629836235,46.74250545,55.7
52.123,0.201697298,-0.762883037,46.74869396,55.6
52.136,0.202553762,-0.828796131,46.74250545,55.7
52.149,0.202553762,-0.928886386,46.64869396,55.7
52.161,0.202553762,-0.99479948,46.64250545,55.8
52.174,0.202553762,-1.061933188,46.64250545,55.8
52.187,0.202553762,-1.127846282,46.64250545,55.8
52.199,0.202981994,-1.160802829,46.64250545,55.8
52.212,0.202981994,-1.226715924,46.64869396,55.7
52.225,0.202981994,-1.260893084,46.64250545,55.8
52.238,0.202981994,-1.293849631,46.64869396,55.7
52.25,0.202981994,-1.293849631,46.61870487,55.8
52.263,0.202981994,-1.293849631,46.62489337,55.7
52.276,0.202981994,-1.260893084,46.61870487,55.8
52.288,0.202981994,-1.226715924,46.62489337,55.7
52.301,0.202981994,-1.226715924,46.64250545,55.8
52.314,0.202981994,-1.160802829,46.64869396,55.7
52.327,0.202981994,-1.094889735,46.64250545,55.8
52.339,0.202981994,-1.027756028,46.64250545,55.8
52.352,0.202981994,-0.928886386,46.64250545,55.8
52.365,0.202981994,-0.862973292,46.64250545,55.8
52.377,0.202981994,-0.762883037,46.64250545,55.8
52.39,0.202981994,-0.662792783,46.64250545,55.8
52.403,0.202981994,-0.563923141,46.67820632,55.8
52.415,0.202553762,-0.463832887,46.67820632,55.8
52.428,0.202553762,-0.364963245,46.67820632,55.8
52.441,0.202553762,-0.26487299,46.67820632,55.8
52.454,0.202553762,-0.166003349,46.67820632,55.8
52.466,0.202553762,-0.065913094,46.67820632,55.8
52.479,0.202553762,0.032956547,46.67820632,55.8
52.492,0.202553762,0.133046802,46.67820632,55.8
52.504,0.201697298,0.198959896,46.67820632,55.8
52.517,0.201697298,0.26487299,46.67820632,55.8
52.53,0.201697298,0.332006698,46.67820632,55.8
52.542,0.201697298,0.397919792,46.67820632,55.8
52.555,0.201697298,0.430876339,46.71390719,55.8
52.568,0.201697298,0.498010047,46.71390719,55.8
52.581,0.201697298,0.530966594,46.71390719,55.8
52.593,0.201697298,0.563923141,46.7200957,55.7
52.606,0.200840834,0.563923141,46.71390719,55.8
52.619,0.200840834,0.596879688,46.7200957,55.7
52.631,0.200840834,0.563923141,46.81390719,55.7
52.644,0.200840834,0.563923141,46.81390719,55.7
52.657,0.200840834,0.530966594,46.77820632,55.7
52.67,0.200840834,0.498010047,46.77820632,55.7
52.682,0.201697298,0.430876339,46.77820632,55.7
52.695,0.201697298,0.364963245,46.77820632,55.7
52.708,0.201697298,0.299050151,46.77820632,55.7
52.72,0.201697298,0.198959896,46.77820632,55.7
52.733,0.201697298,0.133046802,46.78439483,55.6
52.746,0.201697298,0.065913094,46.77820632,55.7
52.758,0.201697298,-0.032956547,46.78439483,55.6
52.771,0.201697298,-0.133046802,46.77201781,55.8
52.784,0.201697298,-0.231916443,46.78439483,55.6
52.797,0.201697298,-0.332006698,46.77201781,55.8
52.809,0.201697298,-0.430876339,46.74869396,55.6
52.822,0.201697298,-0.530966594,46.74250545,55.7
52.835,0.201697298,-0.629836235,46.74869396,55.6
52.847,0.202553762,-0.72992649,46.74250545,55.7
52.86,0.202553762,-0.795839584,46.74869396,55.6
52.873,0.202553762,-0.895929839,46.74250545,55.7
52.885,0.202553762,-0.99479948,46.74250545,55.7
52.898,0.202981994,-1.094889735,46.74250545,55.7
52.911,0.202981994,-1.160802829,46.74250545,55.7
52.924,0.202981994,-1.260893084,46.74250545,55.7
52.936,0.202981994,-1.293849631,46.74250545,55.7
52.949,0.202981994,-1.359762725,46.74250545,55.7
52.962,0.202981994,-1.426896432,46.74250545,55.7
52.974,0.202981994,-1.45985298,46.74869396,55.6
52.987,0.202981994,-1.492809527,46.74250545,55.7
53,0.202981994,-1.525766074,46.74869396,55.6
53.013,0.202981994,-1.525766074,46.74250545,55.7
53.025,0.202981994,-1.525766074,46.74869396,55.6
53.038,0.202981994,-1.525766074,46.74250545,55.7
53.051,0.202981994,-1.525766074,46.74250545,55.7
53.063,0.202981994,-1.525766074,46.74250545,55.7
53.076,0.202981994,-1.45985298,46.74250545,55.7
53.089,0.202981994,-1.426896432,46.74250545,55.7
53.101,0.202981994,-1.359762725,46.71870487,55.7
53.114,0.202981994,-1.293849631,46.71870487,55.7
53.127,0.202981994,-1.226715924,46.74250545,55.7
53.14,0.202981994,-1.160802829,46.74250545,55.7
53.152,0.202981994,-1.094889735,46.74250545,55.7
53.165,0.202981994,-0.99479948,46.74250545,55.7
53.178,0.202981994,-0.928886386,46.74250545,55.7
53.19,0.202981994,-0.862973292,46.74250545,55.7
53.203,0.202981994,-0.795839584,46.74869396,55.6
53.216,0.202981994,-0.662792783,46.74250545,55.7
53.228,0.202981994,-0.563923141,46.74869396,55.6
53.241,0.202981994,-0.498010047,46.77820632,55.7
53.254,0.202553762,-0.397919792,46.78439483,55.6
53.267,0.202553762,-0.332006698,46.77820632,55.7
53.279,0.202553762,-0.231916443,46.78439483,55.6
53.292,0.202553762,-0.166003349,46.77820632,55.7
53.305,0.202553762,-0.065913094,46.78439483,55.6
53.317,0.202553762,0,46.77820632,55.7
53.33,0.202553762,0.032956547,46.78439483,55.6
53.343,0.201697298,0.100090254,46.77820632,55.7
53.356,0.201697298,0.133046802,46.78439483,55.6
53.368,0.201697298,0.166003349,46.77820632,55.7
53.381,0.201697298,0.198959896,46.78439483,55.6
53.394,0.201697298,0.231916443,46.77820632,55.7
53.406,0.201697298,0.231916443,46.77820632,55.7
53.419,0.201697298,0.231916443,46.77820632,55.7
53.432,0.201697298,0.198959896,46.77820632,55.7
53.444,0.201697298,0.198959896,46.77820632,55.7
53.457,0.201697298,0.166003349,46.77820632,55.7
53.47,0.201697298,0.100090254,46.77820632,55.7
53.483,0.201697298,0.065913094,46.77820632,55.7
53.495,0.201697298,0,46.78439483,55.6
53.508,0.201697298,-0.100090254,46.77820632,55.7
53.521,0.201697298,-0.166003349,46.78439483,55.6
53.533,0.201697298,-0.231916443,46.77820632,55.7
53.546,0.201697298,-0.332006698,46.74869396,55.6
53.559,0.202553762,-0.430876339,46.74250545,55.7
53.571,0.202553762,-0.530966594,46.74250545,55.7
53.584,0.202553762,-0.596879688,46.74250545,55.7
53.597,0.202553762,-0.72992649,46.74250545,55.7
53.61,0.202553762,-0.828796131,46.74250545,55.7
53.622,0.202553762,-0.928886386,46.74250545,55.7
53.635,0.202981994,-1.027756028,46.74250545,55.7
53.648,0.202981994,-1.160802829,46.74250545,55.7
53.66,0.202981994,-1.260893084,46.74250545,55.7
53.673,0.202981994,-1.359762725,46.74250545,55.7
53.686,0.202981994,-1.45985298,46.72489337,55.6
53.699,0.202981994,-1.558722621,46.71870487,55.7
53.711,0.202981994,-1.658812876,46.72489337,55.6
53.724,0.203838458,-1.757682517,46.71870487,55.7
53.737,0.202981994,-1.824816225,46.72489337,55.6
53.749,0.203838458,-1.923685866,46.71870487,55.7
53.762,0.203838458,-1.956642413,46.71870487,55.7
53.775,0.203838458,-2.023776121,46.71870487,55.7
53.787,0.203838458,-2.056732668,46.71870487,55.7
53.8,0.203838458,-2.056732668,46.71870487,55.7
53.813,0.203838458,-2.089689215,46.71870487,55.7
53.826,0.203838458,-2.056732668,46.71870487,55.7
53.838,0.203838458,-2.056732668,46.71870487,55.7
53.851,0.203838458,-2.023776121,46.74250545,55.7
53.864,0.203838458,-1.956642413,46.71870487,55.7
53.876,0.203838458,-1.890729319,46.71870487,55.7
53.889,0.203838458,-1.824816225,46.71870487,55.7
53.902,0.203838458,-1.757682517,46.71870487,55.7
53.914,0.203838458,-1.658812876,46.74250545,55.7
53.927,0.203838458,-1.558722621,46.74250545,55.7
53.94,0.203838458,-1.45985298,46.74869396,55.6
53.953,0.203838458,-1.392719272,46.74250545,55.7
53.965,0.203838458,-1.260893084,46.74869396,55.6
53.978,0.202981994,-1.160802829,46.74250545,55.7
53.991,0.202981994,-1.061933188,46.74869396,55.6
54.003,0.202981994,-0.961842933,46.74250545,55.7
54.016,0.202981994,-0.862973292,46.74869396,55.6
54.029,0.202981994,-0.72992649,46.74250545,55.7
54.042,0.202981994,-0.629836235,46.74869396,55.6
54.054,0.202981994,-0.530966594,46.74250545,55.7
54.067,0.202553762,-0.430876339,46.78439483,55.6
54.08,0.202553762,-0.364963245,46.77820632,55.7
54.092,0.202553762,-0.26487299,46.78439483,55.6
54.105,0.202553762,-0.198959896,46.77820632,55.7
54.118,0.202553762,-0.133046802,46.77820632,55.7
54.13,0.202553762,-0.032956547,46.78439483,55.6
54.143,0.202553762,0.032956547,46.77820632,55.7
54.156,0.202553762,0.065913094,46.77820632,55.7
54.169,0.201697298,0.100090254,46.77820632,55.7
54.181,0.201697298,0.133046802,46.78439483,55.6
54.194,0.201697298,0.166003349,46.77820632,55.7
54.207,0.201697298,0.198959896,46.78439483,55.6
54.219,0.201697298,0.198959896,46.77820632,55.7
54.232,0.201697298,0.166003349,46.78439483,55.6
54.245,0.201697298,0.166003349,46.77820632,55.7
54.257,0.201697298,0.133046802,46.78439483,55.6
54.27,0.201697298,0.100090254,46.77820632,55.7
54.283,0.201697298,0.032956547,46.77820632,55.7
54.296,0.201697298,0,46.77820632,55.7
54.308,0.201697298,-0.100090254,46.77820632,55.7
54.321,0.201697298,-0.166003349,46.77820632,55.7
54.334,0.201697298,-0.231916443,46.78439483,55.6
54.346,0.202553762,-0.332006698,46.77820632,55.7
54.359,0.202553762,-0.397919792,46.77820632,55.7
54.372,0.201697298,-0.463832887,46.77820632,55.7
54.385,0.202553762,-0.563923141,46.77820632,55.7
54.397,0.202553762,-0.662792783,46.74250545,55.7
54.41,0.202553762,-0.762883037,46.77820632,55.7
54.423,0.202553762,-0.862973292,46.74250545,55.7
54.435,0.202553762,-0.961842933,46.74250545,55.7
54.448,0.202553762,-1.061933188,46.74250545,55.7
54.461,0.202553762,-1.160802829,46.74250545,55.7
54.473,0.202553762,-1.226715924,46.74250545,55.7
54.486,0.202981994,-1.326806178,46.72489337,55.6
54.499,0.202981994,-1.392719272,46.71870487,55.7
54.512,0.202981994,-1.45985298,46.72489337,55.6
54.524,0.202981994,-1.525766074,46.71870487,55.7
54.537,0.203838458,-1.591679168,46.72489337,55.6
54.55,0.202981994,-1.625856329,46.71870487,55.7
54.562,0.202981994,-1.658812876,46.71870487,55.7
54.575,0.202981994,-1.658812876,46.71870487,55.7
54.588,0.202981994,-1.691769423,46.71870487,55.7
54.6,0.202981994,-1.691769423,46.71870487,55.7
54.613,0.202981994,-1.658812876,46.74250545,55.7
54.626,0.202981994,-1.625856329,46.74250545,55.7
54.639,0.202981994,-1.591679168,46.74250545,55.7
54.651,0.202981994,-1.558722621,46.74250545,55.7
54.664,0.202981994,-1.45985298,46.74250545,55.7
54.677,0.202981994,-1.359762725,46.74250545,55.7
54.689,0.202981994,-1.260893084,46.74250545,55.7
54.702,0.202981994,-1.160802829,46.74869396,55.6
54.715,0.202981994,-1.061933188,46.74250545,55.7
54.728,0.202981994,-0.928886386,46.74869396,55.6
54.74,0.202981994,-0.828796131,46.74250545,55.7
54.753,0.202981994,-0.696969943,46.78439483,55.6
54.766,0.202981994,-0.563923141,46.77820632,55.7
54.778,0.202553762,-0.463832887,46.74869396,55.6
54.791,0.202553762,-0.332006698,46.77820632,55.7
54.804,0.202553762,-0.231916443,46.77820632,55.7
54.816,0.202553762,-0.133046802,46.77820632,55.7
54.829,0.202553762,-0.032956547,46.77820632,55.7
54.842,0.202553762,0.032956547,46.77820632,55.7
54.855,0.201697298,0.100090254,46.77820632,55.7
54.867,0.201697298,0.166003349,46.81390719,55.7
54.88,0.201697298,0.231916443,46.77820632,55.7
54.893,0.201697298,0.26487299,46.8200957,55.6
54.905,0.201697298,0.299050151,46.81390719,55.7
54.918,0.201697298,0.332006698,46.8200957,55.6
54.931,0.201697298,0.364963245,46.77820632,55.7
54.943,0.201697298,0.364963245,46.78439483,55.6
54.956,0.201697298,0.364963245,46.77820632,55.7
54.969,0.201697298,0.364963245,46.8200957,55.6
54.982,0.201697298,0.332006698,46.81390719,55.7
54.994,0.201697298,0.332006698,46.81390719,55.7
55.007,0.201697298,0.299050151,46.81390719,55.7
55.02,0.201697298,0.26487299,46.78439483,55.6
55.032,0.201697298,0.231916443,46.77820632,55.7
55.045,0.201697298,0.166003349,46.77820632,55.7
55.058,0.201697298,0.133046802,46.77820632,55.7
55.071,0.201697298,0.065913094,46.77820632,55.7
55.083,0.200840834,0.032956547,46.77820632,55.7
55.096,0.201697298,-0.032956547,46.77820632,55.7
55.109,0.201697298,-0.100090254,46.77820632,55.7
55.121,0.201697298,-0.166003349,46.77820632,55.7
55.134,0.201697298,-0.198959896,46.77820632,55.7
55.147,0.201697298,-0.26487299,46.77820632,55.7
55.159,0.201697298,-0.332006698,46.77820632,55.7
55.172,0.201697298,-0.397919792,46.77820632,55.7
55.185,0.201697298,-0.463832887,46.77820632,55.7
55.198,0.201697298,-0.530966594,46.77820632,55.7
55.21,0.201697298,-0.563923141,46.77820632,55.7
55.223,0.201697298,-0.629836235,46.74869396,55.6
55.236,0.201697298,-0.696969943,46.74250545,55.7
55.248,0.201697298,-0.72992649,46.74869396,55.6
55.261,0.202553762,-0.762883037,46.74250545,55.7
55.274,0.202553762,-0.828796131,46.74250545,55.7
55.286,0.202553762,-0.862973292,46.74250545,55.7
55.299,0.202553762,-0.862973292,46.74250545,55.7
55.312,0.202553762,-0.895929839,46.74250545,55.7
55.325,0.202553762,-0.895929839,46.74250545,55.7
55.337,0.202553762,-0.895929839,46.74869396,55.6
55.35,0.202553762,-0.895929839,46.74250545,55.7
55.363,0.202553762,-0.895929839,46.74250545,55.7
55.375,0.202553762,-0.862973292,46.74250545,55.7
55.388,0.202553762,-0.828796131,46.74869396,55.6
55.401,0.202553762,-0.795839584,46.74250545,55.7
55.414,0.202553762,-0.72992649,46.74869396,55.6
55.426,0.202553762,-0.696969943,46.74250545,55.7
55.439,0.202553762,-0.629836235,46.74869396,55.6
55.452,0.202553762,-0.563923141,46.73631694,55.8
55.464,0.202553762,-0.530966594,46.78439483,55.6
55.477,0.202553762,-0.463832887,46.73631694,55.8
55.49,0.202553762,-0.397919792,46.74869396,55.6
55.502,0.202553762,-0.332006698,46.77820632,55.7
55.515,0.202553762,-0.26487299,46.77820632,55.7
55.528,0.202553762,-0.166003349,46.77820632,55.7
55.541,0.202553762,-0.100090254,46.77820632,55.7
55.553,0.202553762,-0.032956547,46.77820632,55.7
55.566,0.202553762,0.032956547,46.77820632,55.7
55.579,0.201697298,0.100090254,46.77820632,55.7
55.591,0.201697298,0.166003349,46.77820632,55.7
55.604,0.201697298,0.198959896,46.78439483,55.6
55.617,0.201697298,0.26487299,46.81390719,55.7
55.629,0.201697298,0.299050151,46.8200957,55.6
55.642,0.201697298,0.332006698,46.81390719,55.7
55.655,0.201697298,0.397919792,46.81390719,55.7
55.668,0.201697298,0.430876339,46.81390719,55.7
55.68,0.201697298,0.430876339,46.81390719,55.7
55.693,0.201697298,0.463832887,46.81390719,55.7
55.706,0.200840834,0.463832887,46.81390719,55.7
55.718,0.201697298,0.463832887,46.81390719,55.7
55.731,0.201697298,0.430876339,46.81390719,55.7
55.744,0.200840834,0.397919792,46.81390719,55.7
55.757,0.201697298,0.364963245,46.87820632,55.6
55.769,0.201697298,0.332006698,46.91390719,55.6
55.782,0.201697298,0.299050151,46.91390719,55.6
55.795,0.201697298,0.231916443,46.87820632,55.6
55.807,0.201697298,0.166003349,46.87820632,55.6
55.82,0.201697298,0.100090254,46.87820632,55.6
55.833,0.201697298,0.032956547,46.88439483,55.5
55.845,0.201697298,-0.032956547,46.87820632,55.6
55.858,0.201697298,-0.100090254,46.87820632,55.6
55.871,0.201697298,-0.166003349,46.87820632,55.6
55.884,0.201697298,-0.231916443,46.87820632,55.6
55.896,0.201697298,-0.332006698,46.84250545,55.6
55.909,0.201697298,-0.397919792,46.88439483,55.5
55.922,0.201697298,-0.430876339,46.87820632,55.6
55.934,0.201697298,-0.530966594,46.84869396,55.5
55.947,0.201697298,-0.596879688,46.84250545,55.6
55.96,0.201697298,-0.662792783,46.84869396,55.5
55.972,0.201697298,-0.696969943,46.84250545,55.6
55.985,0.201697298,-0.762883037,46.84869396,55.5
55.998,0.202553762,-0.828796131,46.84250545,55.6
56.011,0.202553762,-0.895929839,46.84869396,55.5
56.023,0.202553762,-0.928886386,46.84250545,55.6
56.036,0.202553762,-0.961842933,46.84250545,55.6
56.049,0.202553762,-0.99479948,46.84250545,55.6
56.061,0.202553762,-1.027756028,46.84250545,55.6
56.074,0.202981994,-1.027756028,46.84250545,55.6
56.087,0.202553762,-1.061933188,46.84250545,55.6
56.1,0.202553762,-1.061933188,46.84869396,55.5
56.112,0.202553762,-1.061933188,46.81870487,55.6
56.125,0.202553762,-1.027756028,46.84869396,55.5
56.138,0.202981994,-1.027756028,46.84250545,55.6
56.15,0.202981994,-0.99479948,46.84869396,55.5
56.163,0.202553762,-0.961842933,46.84250545,55.6
56.176,0.202553762,-0.895929839,46.84250545,55.6
56.188,0.202553762,-0.862973292,46.84250545,55.6
56.201,0.202553762,-0.795839584,46.84250545,55.6
56.214,0.202553762,-0.72992649,46.84250545,55.6
56.227,0.202553762,-0.662792783,46.84250545,55.6
56.239,0.202553762,-0.596879688,46.84250545,55.6
56.252,0.202553762,-0.498010047,46.84250545,55.6
56.265,0.202553762,-0.397919792,46.84250545,55.6
56.277,0.202553762,-0.332006698,46.84250545,55.6
56.29,0.202553762,-0.26487299,46.87820632,55.6
56.303,0.202553762,-0.166003349,46.87820632,55.6
56.315,0.201697298,-0.065913094,46.88439483,55.5
56.328,0.201697298,0,46.87820632,55.6
56.341,0.201697298,0.100090254,46.87820632,55.6
56.354,0.201697298,0.198959896,46.87820632,55.6
56.366,0.201697298,0.26487299,46.87820632,55.6
56.379,0.201697298,0.332006698,46.87820632,55.6
56.392,0.201697298,0.364963245,46.87820632,55.6
56.404,0.201697298,0.397919792,46.87820632,55.6
56.417,0.201697298,0.463832887,46.87820632,55.6
56.43,0.201697298,0.498010047,46.91390719,55.6
56.443,0.201697298,0.498010047,46.91390719,55.6
56.455,0.201697298,0.530966594,46.91390719,55.6
56.468,0.201697298,0.498010047,46.87820632,55.6
56.481,0.200840834,0.498010047,46.87820632,55.6
56.493,0.200840834,0.463832887,46.87820632,55.6
56.506,0.201697298,0.430876339,46.87820632,55.6
56.519,0.200840834,0.364963245,46.87820632,55.6
56.531,0.200840834,0.332006698,46.87820632,55.6
56.544,0.200840834,0.231916443,46.88439483,55.5
56.557,0.201697298,0.166003349,46.87820632,55.6
56.57,0.202553762,0.100090254,46.88439483,55.5
56.582,0.202553762,0,46.87820632,55.6
56.595,0.202553762,-0.065913094,46.88439483,55.5
56.608,0.201697298,-0.166003349,46.87820632,55.6
56.62,0.201697298,-0.26487299,46.88439483,55.5
56.633,0.201697298,-0.364963245,46.84250545,55.6
56.646,0.202553762,-0.498010047,46.84869396,55.5
56.658,0.202553762,-0.596879688,46.83631694,55.7
56.671,0.202553762,-0.72992649,46.84869396,55.5
56.684,0.202553762,-0.828796131,46.84250545,55.6
56.697,0.202553762,-0.928886386,46.84869396,55.5
56.709,0.202553762,-1.027756028,46.84250545,55.6
56.722,0.202553762,-1.127846282,46.84869396,55.5
56.735,0.202981994,-1.226715924,46.84250545,55.6
56.747,0.202981994,-1.326806178,46.84250545,55.6
56.76,0.202981994,-1.426896432,46.84250545,55.6
56.773,0.202981994,-1.525766074,46.84250545,55.6
56.786,0.203838458,-1.591679168,46.84869396,55.5
56.798,0.203838458,-1.658812876,46.81870487,55.6
56.811,0.203838458,-1.72472597,46.84869396,55.5
56.824,0.203838458,-1.790639065,46.84250545,55.6
56.836,0.203838458,-1.824816225,46.82489337,55.5
56.849,0.203838458,-1.857772772,46.81870487,55.6
56.862,0.203838458,-1.890729319,46.82489337,55.5
56.874,0.203838458,-1.890729319,46.81251636,55.7
56.887,0.203838458,-1.890729319,46.81870487,55.6
56.9,0.203838458,-1.857772772,46.84250545,55.6
56.913,0.202981994,-1.824816225,46.81870487,55.6
56.925,0.202981994,-1.790639065,46.81870487,55.6
56.938,0.202981994,-1.72472597,46.81870487,55.6
56.951,0.203838458,-1.658812876,46.81870487,55.6
56.963,0.203838458,-1.558722621,46.81870487,55.6
56.976,0.203838458,-1.45985298,46.81870487,55.6
56.989,0.203838458,-1.359762725,46.81870487,55.6
57.001,0.203838458,-1.260893084,46.84250545,55.6
57.014,0.203838458,-1.160802829,46.84250545,55.6
57.027,0.203838458,-1.027756028,46.84250545,55.6
57.04,0.203838458,-0.895929839,46.84869396,55.5
57.052,0.202981994,-0.762883037,46.84250545,55.6
57.065,0.202981994,-0.629836235,46.84250545,55.6
57.078,0.202553762,-0.498010047,46.84250545,55.6
57.09,0.202553762,-0.332006698,46.84250545,55.6
57.103,0.202553762,-0.198959896,46.87820632,55.6
57.116,0.202553762,-0.100090254,46.88439483,55.5
57.129,0.201697298,0.032956547,46.87820632,55.6
57.141,0.201697298,0.166003349,46.88439483,55.5
57.154,0.201697298,0.26487299,46.87820632,55.6
57.167,0.201697298,0.364963245,46.88439483,55.5
57.179,0.201697298,0.463832887,46.91390719,55.6
57.192,0.201697298,0.563923141,46.9200957,55.5
57.205,0.201697298,0.662792783,46.91390719,55.6
57.217,0.201697298,0.72992649,46.9200957,55.5
57.23,0.200840834,0.762883037,46.91390719,55.6
57.243,0.200840834,0.795839584,46.91390719,55.6
57.256,0.201697298,0.828796131,46.91390719,55.6
57.268,0.200840834,0.862973292,46.91390719,55.6
57.281,0.200840834,0.828796131,46.91390719,55.6
57.294,0.200840834,0.828796131,46.91390719,55.6
57.306,0.200840834,0.795839584,46.9200957,55.5
57.319,0.200840834,0.762883037,46.91390719,55.6
57.332,0.200840834,0.696969943,46.9200957,55.5
57.344,0.200840834,0.629836235,46.91390719,55.6
57.357,0.200840834,0.530966594,46.9200957,55.5
57.37,0.200840834,0.430876339,46.91390719,55.6
57.383,0.200840834,0.332006698,46.9200957,55.5
57.395,0.200840834,0.231916443,46.91390719,55.6
57.408,0.200840834,0.133046802,46.88439483,55.5
57.421,0.201697298,0.032956547,46.87820632,55.6
57.433,0.201697298,-0.065913094,46.87820632,55.6
57.446,0.201697298,-0.198959896,46.87820632,55.6
57.459,0.201697298,-0.299050151,46.87820632,55.6
57.472,0.202553762,-0.430876339,46.87820632,55.6
57.484,0.201697298,-0.530966594,46.84250545,55.6
57.497,0.202553762,-0.662792783,46.84250545,55.6
57.51,0.202553762,-0.795839584,46.84250545,55.6
57.522,0.202553762,-0.928886386,46.84869396,55.5
57.535,0.202553762,-1.027756028,46.84250545,55.6
57.548,0.202981994,-1.127846282,46.84869396,55.5
57.56,0.202981994,-1.226715924,46.84250545,55.6
57.573,0.202981994,-1.326806178,46.84869396,55.5
57.586,0.202981994,-1.426896432,46.84250545,55.6
57.599,0.203838458,-1.525766074,46.84869396,55.5
57.611,0.203838458,-1.591679168,46.81870487,55.6
57.624,0.202981994,-1.691769423,46.81870487,55.6
57.637,0.202981994,-1.72472597,46.81870487,55.6
57.649,0.202981994,-1.790639065,46.81870487,55.6
57.662,0.203838458,-1.824816225,46.81870487,55.6
57.675,0.203838458,-1.857772772,46.81870487,55.6
57.687,0.203838458,-1.857772772,46.81870487,55.6
57.7,0.203838458,-1.857772772,46.81870487,55.6
57.713,0.203838458,-1.824816225,46.81870487,55.6
57.726,0.20426669,-1.790639065,46.81870487,55.6
57.738,0.203838458,-1.72472597,46.84250545,55.6
57.751,0.203838458,-1.625856329,46.81870487,55.6
57.764,0.203838458,-1.558722621,46.84250545,55.6
57.776,0.203838458,-1.45985298,46.84250545,55.6
57.789,0.203838458,-1.326806178,46.84250545,55.6
57.802,0.203838458,-1.193759376,46.84869396,55.5
57.815,0.202981994,-1.094889735,46.84250545,55.6
57.827,0.202981994,-0.961842933,46.84869396,55.5
57.84,0.202981994,-0.795839584,46.84250545,55.6
57.853,0.202981994,-0.662792783,46.84869396,55.5
57.865,0.202981994,-0.498010047,46.84250545,55.6
57.878,0.202981994,-0.364963245,46.87820632,55.6
57.891,0.202553762,-0.231916443,46.87820632,55.6
57.903,0.202553762,-0.100090254,46.88439483,55.5
57.916,0.202553762,0.032956547,46.87820632,55.6
57.929,0.202553762,0.166003349,46.88439483,55.5
57.942,0.201697298,0.26487299,46.87820632,55.6
57.954,0.201697298,0.364963245,46.91390719,55.6
57.967,0.201697298,0.498010047,46.91390719,55.6
57.98,0.201697298,0.563923141,46.91390719,55.6
57.992,0.201697298,0.662792783,46.9200957,55.5
58.005,0.201697298,0.72992649,46.91390719,55.6
58.018,0.200840834,0.795839584,46.9200957,55.5
58.03,0.200840834,0.828796131,46.91390719,55.6
58.043,0.200840834,0.862973292,46.9200957,55.5
58.056,0.200840834,0.862973292,46.91390719,55.6
58.069,0.200840834,0.895929839,46.9200957,55.5
58.081,0.200840834,0.862973292,46.90771869,55.7
58.094,0.200840834,0.862973292,46.9200957,55.5
58.107,0.200840834,0.795839584,46.91390719,55.6
58.119,0.200840834,0.762883037,46.9200957,55.5
58.132,0.200840834,0.662792783,46.91390719,55.6
58.145,0.200840834,0.596879688,46.9200957,55.5
58.158,0.200840834,0.498010047,46.91390719,55.6
58.17,0.200840834,0.397919792,46.87820632,55.6
58.183,0.200840834,0.299050151,46.87820632,55.6
58.196,0.200840834,0.198959896,46.87820632,55.6
58.208,0.200840834,0.100090254,46.88439483,55.5
58.221,0.200840834,-0.032956547,46.87820632,55.6
58.234,0.200840834,-0.166003349,46.87820632,55.6
58.246,0.201697298,-0.26487299,46.87820632,55.6
58.259,0.201697298,-0.397919792,46.87820632,55.6
58.272,0.201697298,-0.530966594,46.94250545,55.5
58.285,0.201697298,-0.629836235,46.87820632,55.6
58.297,0.202553762,-0.762883037,46.84250545,55.6
58.31,0.202553762,-0.862973292,46.84250545,55.6
58.323,0.202553762,-0.99479948,46.84250545,55.6
58.335,0.202553762,-1.127846282,46.84250545,55.6
58.348,0.202553762,-1.226715924,46.84250545,55.6
58.361,0.202981994,-1.326806178,46.84250545,55.6
58.373,0.202981994,-1.426896432,46.84250545,55.6
58.386,0.202981994,-1.525766074,46.84250545,55.6
58.399,0.202981994,-1.591679168,46.84250545,55.6
58.412,0.202981994,-1.658812876,46.84250545,55.6
58.424,0.203838458,-1.691769423,46.84869396,55.5
58.437,0.203838458,-1.757682517,46.84250545,55.6
58.45,0.203838458,-1.757682517,46.81870487,55.6
58.462,0.203838458,-1.757682517,46.81870487,55.6
58.475,0.203838458,-1.757682517,46.81870487,55.6
58.488,0.203838458,-1.72472597,46.81870487,55.6
58.501,0.202981994,-1.691769423,46.84250545,55.6
58.513,0.202981994,-1.625856329,46.84869396,55.5
58.526,0.203838458,-1.525766074,46.84250545,55.6
58.539,0.203838458,-1.45985298,46.84869396,55.5
58.551,0.203838458,-1.359762725,46.84250545,55.6
58.564,0.203838458,-1.260893084,46.84869396,55.5
58.577,0.203838458,-1.127846282,46.84250545,55.6
58.589,0.202981994,-0.99479948,46.84869396,55.5
58.602,0.202981994,-0.862973292,46.84250545,55.6
58.615,0.202981994,-0.72992649,46.84869396,55.5
58.628,0.202981994,-0.596879688,46.84250545,55.6
58.64,0.202981994,-0.463832887,46.88439483,55.5
58.653,0.202553762,-0.332006698,46.87820632,55.6
58.666,0.202553762,-0.198959896,46.87820632,55.6
58.678,0.202553762,-0.065913094,46.87820632,55.6
58.691,0.202553762,0.065913094,46.87820632,55.6
58.704,0.201697298,0.166003349,46.87820632,55.6
58.716,0.201697298,0.299050151,46.87820632,55.6
58.729,0.201697298,0.397919792,46.9200957,55.5
58.742,0.201697298,0.498010047,46.91390719,55.6
58.755,0.201697298,0.596879688,46.9200957,55.5
58.767,0.200840834,0.662792783,46.91390719,55.6
58.78,0.200840834,0.72992649,46.9200957,55.5
58.793,0.200840834,0.795839584,46.91390719,55.6
58.805,0.200840834,0.862973292,46.9200957,55.5
58.818,0.200840834,0.895929839,46.91390719,55.6
58.831,0.200840834,0.928886386,46.9200957,55.5
58.844,0.200840834,0.928886386,46.94960807,55.6
58.856,0.200840834,0.928886386,46.94960807,55.6
58.869,0.200840834,0.928886386,46.94960807,55.6
58.882,0.200840834,0.895929839,46.94960807,55.6
58.894,0.200840834,0.862973292,46.94960807,55.6
58.907,0.200840834,0.795839584,46.91390719,55.6
58.92,0.200840834,0.72992649,46.9200957,55.5
58.932,0.200412602,0.629836235,46.91390719,55.6
58.945,0.200840834,0.563923141,47.01390719,55.5
58.958,0.200840834,0.463832887,47.01390719,55.5
58.971,0.200840834,0.364963245,47.01390719,55.5
58.983,0.200840834,0.26487299,47.01390719,55.5
58.996,0.200840834,0.166003349,46.97820632,55.5
59.009,0.200840834,0.065913094,46.97820632,55.5
59.021,0.200840834,-0.065913094,46.97820632,55.5
59.034,0.201697298,-0.166003349,46.97820632,55.5
59.047,0.201697298,-0.299050151,46.97820632,55.5
59.059,0.201697298,-0.430876339,46.97820632,55.5
59.072,0.202553762,-0.530966594,46.97820632,55.5
59.085,0.202553762,-0.662792783,46.97820632,55.5
59.098,0.202553762,-0.762883037,46.94250545,55.5
59.11,0.202981994,-0.862973292,46.94250545,55.5
59.123,0.202553762,-0.99479948,46.94250545,55.5
59.136,0.202553762,-1.094889735,46.94869396,55.4
59.148,0.202553762,-1.193759376,46.94869396,55.4
59.161,0.202981994,-1.293849631,46.94250545,55.5
59.174,0.202981994,-1.359762725,46.94250545,55.5
59.187,0.202981994,-1.45985298,46.94250545,55.5
59.199,0.202981994,-1.525766074,46.82489337,55.5
59.212,0.202981994,-1.591679168,46.84250545,55.6
59.225,0.202981994,-1.658812876,46.82489337,55.5
59.237,0.203838458,-1.691769423,46.81870487,55.6
59.25,0.203838458,-1.691769423,46.82489337,55.5
59.263,0.203838458,-1.691769423,46.81251636,55.7
59.275,0.203838458,-1.691769423,46.82489337,55.5
59.288,0.203838458,-1.658812876,46.81870487,55.6
59.301,0.203838458,-1.625856329,46.84869396,55.5
59.314,0.203838458,-1.558722621,46.84250545,55.6
59.326,0.203838458,-1.492809527,46.82489337,55.5
59.339,0.203838458,-1.426896432,46.81870487,55.6
59.352,0.202981994,-1.326806178,46.84869396,55.5
59.364,0.202981994,-1.193759376,46.84250545,55.6
59.377,0.202981994,-1.094889735,46.84250545,55.6
59.39,0.202981994,-0.961842933,46.84250545,55.6
59.402,0.202981994,-0.862973292,46.84250545,55.6
59.415,0.202981994,-0.72992649,46.84869396,55.5
59.428,0.202981994,-0.629836235,46.87820632,55.6
59.441,0.202981994,-0.498010047,46.88439483,55.5
59.453,0.202981994,-0.364963245,46.87820632,55.6
59.466,0.202981994,-0.26487299,46.88439483,55.5
59.479,0.202553762,-0.133046802,46.87820632,55.6
59.491,0.202553762,-0.032956547,46.88439483,55.5
59.504,0.202553762,0.100090254,46.87820632,55.6
59.517,0.202553762,0.198959896,46.98439483,55.4
59.53,0.202553762,0.299050151,46.97820632,55.5
59.542,0.201697298,0.397919792,46.97820632,55.5
59.555,0.201697298,0.463832887,47.01390719,55.5
59.568,0.201697298,0.530966594,46.97820632,55.5
59.58,0.201697298,0.596879688,47.01390719,55.5
59.593,0.201697298,0.662792783,46.97820632,55.5
59.606,0.200840834,0.696969943,47.01390719,55.5
59.618,0.200840834,0.72992649,47.01390719,55.5
59.631,0.200840834,0.762883037,47.01390719,55.5
59.644,0.200840834,0.762883037,47.01390719,55.5
59.657,0.200840834,0.72992649,47.01390719,55.5
59.669,0.200840834,0.72992649,47.01390719,55.5
59.682,0.200840834,0.696969943,47.01390719,55.5
59.695,0.200840834,0.662792783,47.01390719,55.5
59.707,0.200840834,0.629836235,47.01390719,55.5
59.72,0.200840834,0.563923141,47.0200957,55.4
59.733,0.200840834,0.463832887,47.01390719,55.5
59.745,0.201697298,0.397919792,47.0200957,55.4
59.758,0.201697298,0.299050151,46.97820632,55.5
59.771,0.201697298,0.198959896,46.97820632,55.5
59.784,0.200840834,0.133046802,46.97820632,55.5
59.796,0.201697298,0.032956547,46.98439483,55.4
59.809,0.201697298,-0.065913094,46.97820632,55.5
59.822,0.201697298,-0.166003349,46.98439483,55.4
59.834,0.201697298,-0.26487299,46.97820632,55.5
59.847,0.201697298,-0.397919792,46.94869396,55.4
59.86,0.201697298,-0.498010047,46.94250545,55.5
59.872,0.202553762,-0.596879688,46.94250545,55.5
59.885,0.202553762,-0.696969943,46.94250545,55.5
59.898,0.202553762,-0.795839584,46.94250545,55.5
59.911,0.202553762,-0.895929839,46.94250545,55.5
59.923,0.202553762,-0.99479948,46.94250545,55.5
59.936,0.202981994,-1.094889735,46.94869396,55.4
59.949,0.202981994,-1.193759376,46.94250545,55.5
59.961,0.202981994,-1.260893084,46.94869396,55.4
59.974,0.202981994,-1.326806178,46.94250545,55.5
59.987,0.202981994,-1.392719272,46.94869396,55.4
60,0.202981994,-1.45985298,46.94250545,55.5
60.012,0.202981994,-1.492809527,46.94869396,55.4
60.025,0.202981994,-1.558722621,46.94250545,55.5
60.038,0.202981994,-1.591679168,46.92489337,55.4
60.05,0.203838458,-1.591679168,46.91870487,55.5
60.063,0.202981994,-1.591679168,46.91870487,55.5
60.076,0.202981994,-1.558722621,46.91870487,55.5
60.088,0.203838458,-1.558722621,46.91870487,55.5
60.101,0.203838458,-1.492809527,46.92489337,55.4
60.114,0.203838458,-1.45985298,46.91870487,55.5
60.127,0.203838458,-1.392719272,46.94869396,55.4
60.139,0.202981994,-1.293849631,46.94250545,55.5
60.152,0.202981994,-1.226715924,46.94869396,55.4
60.165,0.202981994,-1.127846282,46.94250545,55.5
60.177,0.202981994,-1.027756028,46.94869396,55.4
60.19,0.202981994,-0.928886386,46.94250545,55.5
60.203,0.202981994,-0.828796131,46.94869396,55.4
60.215,0.202981994,-0.72992649,46.94250545,55.5
60.228,0.202981994,-0.596879688,46.94869396,55.4
60.241,0.202981994,-0.463832887,46.94250545,55.5
60.254,0.202553762,-0.364963245,46.98439483,55.4
60.266,0.202553762,-0.26487299,46.97820632,55.5
60.279,0.202553762,-0.166003349,46.97820632,55.5
60.292,0.202553762,-0.065913094,46.97820632,55.5
60.304,0.202553762,0.032956547,46.97820632,55.5
60.317,0.202553762,0.133046802,46.97820632,55.5
60.33,0.201697298,0.198959896,46.97820632,55.5
60.343,0.201697298,0.299050151,46.97820632,55.5
60.355,0.201697298,0.364963245,46.98439483,55.4
60.368,0.201697298,0.397919792,47.01390719,55.5
60.381,0.201697298,0.463832887,47.01390719,55.5
60.393,0.201697298,0.498010047,47.01390719,55.5
60.406,0.201697298,0.530966594,47.0200957,55.4
60.419,0.201697298,0.563923141,47.01390719,55.5
60.431,0.201697298,0.596879688,47.0200957,55.4
60.444,0.201697298,0.596879688,47.01390719,55.5
60.457,0.201697298,0.596879688,47.0200957,55.4
60.47,0.201697298,0.563923141,47.01390719,55.5
60.482,0.200840834,0.530966594,47.0200957,55.4
60.495,0.201697298,0.498010047,47.01390719,55.5
60.508,0.201697298,0.430876339,47.0200957,55.4
60.52,0.200840834,0.364963245,47.01390719,55.5
60.533,0.200840834,0.299050151,47.0200957,55.4
60.546,0.201697298,0.231916443,47.01390719,55.5
60.559,0.201697298,0.166003349,46.98439483,55.4
60.571,0.200840834,0.100090254,46.97820632,55.5
60.584,0.201697298,0,46.97820632,55.5
60.597,0.200840834,-0.065913094,46.97820632,55.5
60.609,0.201697298,-0.166003349,46.97820632,55.5
60.622,0.201697298,-0.26487299,46.98439483,55.4
60.635,0.201697298,-0.364963245,46.97820632,55.5
60.647,0.202553762,-0.463832887,46.98439483,55.4
60.66,0.202553762,-0.563923141,46.94250545,55.5
60.673,0.202553762,-0.662792783,46.98439483,55.4
60.686,0.202553762,-0.72992649,46.97820632,55.5
60.698,0.202553762,-0.828796131,46.98439483,55.4
60.711,0.202553762,-0.928886386,46.97820632,55.5
60.724,0.202553762,-0.99479948,46.98439483,55.4
60.736,0.202981994,-1.094889735,46.94250545,55.5
60.749,0.202981994,-1.160802829,46.94869396,55.4
60.762,0.202981994,-1.226715924,46.94250545,55.5
60.774,0.202981994,-1.293849631,46.92489337,55.4
60.787,0.202981994,-1.326806178,46.94250545,55.5
60.8,0.202981994,-1.392719272,46.94869396,55.4
60.813,0.202981994,-1.426896432,46.94250545,55.5
60.825,0.202981994,-1.45985298,46.94250545,55.5
60.838,0.202981994,-1.45985298,46.94250545,55.5
60.851,0.202981994,-1.45985298,46.94250545,55.5
60.863,0.203838458,-1.426896432,46.94250545,55.5
60.876,0.203838458,-1.426896432,46.94250545,55.5
60.889,0.202981994,-1.392719272,46.94250545,55.5
60.902,0.202981994,-1.359762725,46.91870487,55.5
60.914,0.202981994,-1.293849631,46.91870487,55.5
60.927,0.202981994,-1.226715924,46.94869396,55.4
60.94,0.202981994,-1.160802829,46.94250545,55.5
60.952,0.202981994,-1.094889735,46.94869396,55.4
60.965,0.202981994,-0.99479948,46.94250545,55.5
60.978,0.202981994,-0.928886386,46.94250545,55.5
60.99,0.202981994,-0.828796131,46.94250545,55.5
61.003,0.202981994,-0.72992649,46.94869396,55.4
61.016,0.202981994,-0.629836235,46.94250545,55.5
61.029,0.202981994,-0.530966594,46.94869396,55.4
61.041,0.202553762,-0.430876339,46.97820632,55.5
61.054,0.202553762,-0.332006698,46.98439483,55.4
61.067,0.202981994,-0.231916443,46.97820632,55.5
61.079,0.202981994,-0.133046802,46.97820632,55.5
61.092,0.202981994,-0.032956547,46.97820632,55.5
61.105,0.202553762,0.032956547,46.97820632,55.5
61.117,0.202553762,0.100090254,46.97820632,55.5
61.13,0.201697298,0.166003349,46.97820632,55.5
61.143,0.202553762,0.231916443,46.98439483,55.4
61.156,0.201697298,0.299050151,46.97820632,55.5
61.168,0.201697298,0.332006698,47.0200957,55.4
61.181,0.201697298,0.397919792,47.01390719,55.5
61.194,0.201697298,0.397919792,46.98439483,55.4
61.206,0.201697298,0.430876339,46.97820632,55.5
61.219,0.201697298,0.463832887,46.98439483,55.4
61.232,0.201697298,0.463832887,47.01390719,55.5
61.244,0.201697298,0.463832887,47.0200957,55.4
61.257,0.201697298,0.463832887,47.01390719,55.5
61.27,0.201697298,0.463832887,47.01390719,55.5
61.283,0.202553762,0.430876339,47.01390719,55.5
61.295,0.202553762,0.397919792,47.01390719,55.5
61.308,0.201697298,0.332006698,47.01390719,55.5
61.321,0.201697298,0.26487299,46.97820632,55.5
61.333,0.201697298,0.198959896,46.98439483,55.4
61.346,0.201697298,0.133046802,46.97820632,55.5
61.359,0.201697298,0.065913094,46.98439483,55.4
61.372,0.201697298,0,46.97820632,55.5
61.384,0.201697298,-0.065913094,46.98439483,55.4
61.397,0.201697298,-0.133046802,46.97820632,55.5
61.41,0.201697298,-0.231916443,46.98439483,55.4
61.422,0.201697298,-0.299050151,46.97820632,55.5
61.435,0.201697298,-0.364963245,46.98439483,55.4
61.448,0.201697298,-0.463832887,46.97820632,55.5
61.46,0.201697298,-0.530966594,46.94869396,55.4
61.473,0.202553762,-0.629836235,46.94250545,55.5
61.486,0.202553762,-0.696969943,46.97820632,55.5
61.499,0.202553762,-0.762883037,46.94250545,55.5
61.511,0.202553762,-0.862973292,46.94869396,55.4
61.524,0.202553762,-0.928886386,46.94250545,55.5
61.537,0.202553762,-0.99479948,46.94250545,55.5
61.549,0.202553762,-1.061933188,46.94250545,55.5
61.562,0.202553762,-1.094889735,46.94250545,55.5
61.575,0.202553762,-1.160802829,46.94250545,55.5
61.587,0.202981994,-1.193759376,46.94250545,55.5
61.6,0.202981994,-1.226715924,46.94250545,55.5
61.613,0.202981994,-1.260893084,46.94869396,55.4
61.626,0.202981994,-1.293849631,46.94250545,55.5
61.638,0.202981994,-1.293849631,46.94869396,55.4
61.651,0.202981994,-1.293849631,46.94250545,55.5
61.664,0.202981994,-1.293849631,46.94250545,55.5
61.676,0.202981994,-1.260893084,46.94250545,55.5
61.689,0.202981994,-1.226715924,46.94869396,55.4
61.702,0.202981994,-1.193759376,46.91870487,55.5
61.715,0.202981994,-1.127846282,46.94869396,55.4
61.727,0.202981994,-1.094889735,46.94250545,55.5
61.74,0.202981994,-0.99479948,46.94869396,55.4
61.753,0.202981994,-0.961842933,46.94250545,55.5
61.765,0.202981994,-0.895929839,46.94869396,55.4
61.778,0.202981994,-0.795839584,46.94250545,55.5
61.791,0.202981994,-0.72992649,46.94250545,55.5
61.803,0.202981994,-0.629836235,46.94869396,55.4
61.816,0.202981994,-0.563923141,46.97820632,55.5
61.829,0.202981994,-0.463832887,46.98439483,55.4
61.842,0.202553762,-0.364963245,46.97820632,55.5
61.854,0.202553762,-0.299050151,46.98439483,55.4
61.867,0.202553762,-0.198959896,46.97820632,55.5
61.88,0.202553762,-0.133046802,46.98439483,55.4
61.892,0.202553762,-0.065913094,46.97820632,55.5
61.905,0.202553762,0,46.98439483,55.4
61.918,0.202553762,0.065913094,46.97820632,55.5
61.93,0.201697298,0.133046802,46.98439483,55.4
61.943,0.201697298,0.166003349,46.97201781,55.6
61.956,0.201697298,0.231916443,46.98439483,55.4
61.969,0.201697298,0.26487299,46.97820632,55.5
61.981,0.201697298,0.299050151,46.98439483,55.4
61.994,0.201697298,0.332006698,46.97820632,55.5
62.007,0.201697298,0.364963245,46.98439483,55.4
62.019,0.201697298,0.364963245,46.97820632,55.5
62.032,0.201697298,0.364963245,46.97820632,55.5
62.045,0.201697298,0.364963245,47.01390719,55.5
62.058,0.201697298,0.332006698,47.01390719,55.5
62.07,0.202553762,0.332006698,47.01390719,55.5
62.083,0.201697298,0.299050151,47.01390719,55.5
62.096,0.201697298,0.26487299,46.98439483,55.4
62.108,0.201697298,0.198959896,47.01390719,55.5
62.121,0.201697298,0.166003349,47.0200957,55.4
62.134,0.201697298,0.133046802,46.97820632,55.5
62.146,0.202553762,0.032956547,46.97820632,55.5
62.159,0.201697298,-0.032956547,46.97820632,55.5
62.172,0.201697298,-0.100090254,46.97820632,55.5
62.185,0.201697298,-0.133046802,46.97820632,55.5
62.197,0.201697298,-0.198959896,46.97820632,55.5
62.21,0.202553762,-0.26487299,46.97820632,55.5
62.223,0.201697298,-0.332006698,46.97820632,55.5
62.235,0.201697298,-0.397919792,46.97820632,55.5
62.248,0.202553762,-0.463832887,46.94250545,55.5
62.261,0.202553762,-0.563923141,46.94250545,55.5
62.273,0.202553762,-0.629836235,46.97820632,55.5
62.286,0.202553762,-0.696969943,46.94250545,55.5
62.299,0.202553762,-0.762883037,46.94250545,55.5
62.312,0.202553762,-0.795839584,46.94250545,55.5
62.324,0.202553762,-0.862973292,46.94869396,55.4
62.337,0.202553762,-0.928886386,46.94250545,55.5
62.35,0.202553762,-0.99479948,46.94869396,55.4
62.362,0.202553762,-1.027756028,46.94250545,55.5
62.375,0.202553762,-1.061933188,46.94869396,55.4
62.388,0.202553762,-1.094889735,46.94250545,55.5
62.401,0.202553762,-1.127846282,46.94869396,55.4
62.413,0.202981994,-1.160802829,46.94250545,55.5
62.426,0.202981994,-1.160802829,46.94869396,55.4
62.439,0.202981994,-1.160802829,46.91870487,55.5
62.451,0.202553762,-1.160802829,46.92489337,55.4
62.464,0.202553762,-1.160802829,46.94250545,55.5
62.477,0.202553762,-1.127846282,46.94869396,55.4
62.489,0.202553762,-1.094889735,46.94250545,55.5
62.502,0.202981994,-1.061933188,46.94869396,55.4
62.515,0.202553762,-1.027756028,46.94250545,55.5
62.528,0.202553762,-0.961842933,46.94869396,55.4
62.54,0.202981994,-0.895929839,46.94869396,55.4
62.553,0.202981994,-0.828796131,46.94250545,55.5
62.566,0.202553762,-0.762883037,46.94869396,55.4
62.578,0.202553762,-0.696969943,46.94250545,55.5
62.591,0.202553762,-0.629836235,47.04869396,55.3
62.604,0.202553762,-0.563923141,47.04250545,55.4
62.616,0.202981994,-0.498010047,47.04869396,55.3
62.629,0.202553762,-0.430876339,47.04250545,55.4
62.642,0.202553762,-0.364963245,47.08439483,55.3
62.655,0.202553762,-0.299050151,47.07820632,55.4
62.667,0.202553762,-0.231916443,47.08439483,55.3
62.68,0.202553762,-0.166003349,47.07820632,55.4
62.693,0.202553762,-0.100090254,47.07820632,55.4
62.705,0.202553762,-0.032956547,47.17820632,55.3
62.718,0.202553762,0.032956547,47.14250545,55.3
62.731,0.202553762,0.065913094,47.17820632,55.3
62.744,0.202553762,0.133046802,47.17820632,55.3
62.756,0.202553762,0.166003349,47.17820632,55.3
62.769,0.202553762,0.198959896,47.17820632,55.3
62.782,0.202553762,0.231916443,47.18439483,55.2
62.794,0.202553762,0.231916443,47.17820632,55.3
62.807,0.202553762,0.26487299,47.18439483,55.2
62.82,0.202553762,0.26487299,47.17820632,55.3
62.832,0.202553762,0.26487299,47.18439483,55.2
62.845,0.202553762,0.26487299,47.17820632,55.3
62.858,0.201697298,0.231916443,47.17820632,55.3
62.871,0.201697298,0.198959896,47.17820632,55.3
62.883,0.201697298,0.166003349,47.17820632,55.3
62.896,0.201697298,0.133046802,47.17820632,55.3
62.909,0.201697298,0.100090254,47.17820632,55.3
62.921,0.201697298,0.065913094,47.17820632,55.3
62.934,0.201697298,0,47.17820632,55.3
62.947,0.202553762,-0.032956547,47.17820632,55.3
62.959,0.202553762,-0.100090254,47.14250545,55.3
62.972,0.202553762,-0.166003349,47.14250545,55.3
62.985,0.202553762,-0.198959896,47.14250545,55.3
62.998,0.201697298,-0.26487299,47.17820632,55.3
63.01,0.202553762,-0.332006698,47.18439483,55.2
63.023,0.202553762,-0.364963245,47.17820632,55.3
63.036,0.202553762,-0.430876339,47.14869396,55.2
63.048,0.202553762,-0.498010047,47.14250545,55.3
63.061,0.202553762,-0.563923141,47.14869396,55.2
63.074,0.202553762,-0.629836235,47.14250545,55.3
63.087,0.202553762,-0.662792783,47.14869396,55.2
63.099,0.202553762,-0.72992649,47.14250545,55.3
63.112,0.202553762,-0.795839584,47.14869396,55.2
63.125,0.202553762,-0.828796131,47.14250545,55.3
63.137,0.202553762,-0.895929839,47.12489337,55.2
63.15,0.202553762,-0.928886386,47.11870487,55.3
63.163,0.202553762,-0.961842933,47.12489337,55.2
63.175,0.202981994,-0.99479948,47.11870487,55.3
63.188,0.202981994,-1.027756028,47.12489337,55.2
63.201,0.202553762,-1.061933188,47.14250545,55.3
63.214,0.202981994,-1.061933188,47.14869396,55.2
63.226,0.202981994,-1.061933188,47.11870487,55.3
63.239,0.202981994,-1.061933188,47.12489337,55.2
63.252,0.202553762,-1.061933188,47.14250545,55.3
63.264,0.202553762,-1.061933188,47.14250545,55.3
63.277,0.202553762,-1.027756028,47.14250545,55.3
63.29,0.202553762,-1.027756028,47.14250545,55.3
63.302,0.202553762,-0.961842933,47.14869396,55.2
63.315,0.202553762,-0.928886386,47.14250545,55.3
63.328,0.202553762,-0.895929839,47.14869396,55.2
63.341,0.202981994,-0.828796131,47.14250545,55.3
63.353,0.202553762,-0.762883037,47.14869396,55.2
63.366,0.202553762,-0.696969943,47.14250545,55.3
63.379,0.202553762,-0.662792783,47.14869396,55.2
63.391,0.202981994,-0.596879688,47.14250545,55.3
63.404,0.202553762,-0.530966594,47.14250545,55.3
63.417,0.202553762,-0.463832887,47.14250545,55.3
63.43,0.202553762,-0.397919792,47.14250545,55.3
63.442,0.202553762,-0.332006698,47.14250545,55.3
63.455,0.202553762,-0.299050151,47.14250545,55.3
63.468,0.202553762,-0.231916443,47.14250545,55.3
63.48,0.202553762,-0.166003349,47.17820632,55.3
63.493,0.202553762,-0.100090254,47.17820632,55.3
63.506,0.202553762,-0.065913094,47.17820632,55.3
63.518,0.202553762,-0.032956547,47.17820632,55.3
63.531,0.202553762,0.032956547,47.18439483,55.2
63.544,0.201697298,0.065913094,47.17820632,55.3
63.557,0.202553762,0.065913094,47.17820632,55.3
63.569,0.202553762,0.100090254,47.17820632,55.3
63.582,0.202553762,0.133046802,47.17820632,55.3
63.595,0.202553762,0.166003349,47.17820632,55.3
63.607,0.202553762,0.166003349,47.18439483,55.2
63.62,0.202553762,0.166003349,47.17820632,55.3
63.633,0.202553762,0.133046802,47.18439483,55.2
63.645,0.202553762,0.133046802,47.17820632,55.3
63.658,0.201697298,0.133046802,47.18439483,55.2
63.671,0.201697298,0.100090254,47.17820632,55.3
63.684,0.201697298,0.100090254,47.18439483,55.2
63.696,0.201697298,0.065913094,47.17820632,55.3
63.709,0.201697298,0.032956547,47.18439483,55.2
63.722,0.202553762,0,47.17820632,55.3
63.734,0.202553762,-0.065913094,47.17820632,55.3
63.747,0.202553762,-0.133046802,47.17820632,55.3
63.76,0.201697298,-0.166003349,47.17820632,55.3
63.773,0.201697298,-0.231916443,47.14250545,55.3
63.785,0.202553762,-0.26487299,47.14250545,55.3
63.798,0.202553762,-0.332006698,47.18439483,55.2
63.811,0.202553762,-0.397919792,47.14250545,55.3
63.823,0.202553762,-0.430876339,47.14869396,55.2
63.836,0.202553762,-0.463832887,47.14250545,55.3
63.849,0.201697298,-0.530966594,47.14869396,55.2
63.861,0.202553762,-0.596879688,47.14250545,55.3
63.874,0.202553762,-0.629836235,47.14869396,55.2
63.887,0.202553762,-0.696969943,47.14250545,55.3
63.9,0.202553762,-0.72992649,47.14250545,55.3
63.912,0.202553762,-0.762883037,47.14250545,55.3
63.925,0.202553762,-0.795839584,47.14250545,55.3
63.938,0.202553762,-0.862973292,47.14250545,55.3
63.95,0.202553762,-0.895929839,47.14250545,55.3
63.963,0.202553762,-0.928886386,47.14250545,55.3
63.976,0.202553762,-0.961842933,47.14250545,55.3
63.988,0.202553762,-0.961842933,47.14869396,55.2
64.001,0.202553762,-0.961842933,47.14250545,55.3
64.014,0.202553762,-0.99479948,47.14869396,55.2
64.027,0.202553762,-0.99479948,47.14250545,55.3
64.039,0.202553762,-0.99479948,47.14869396,55.2
64.052,0.202553762,-0.961842933,47.14250545,55.3
64.065,0.202553762,-0.961842933,47.14869396,55.2
64.077,0.202553762,-0.928886386,47.14250545,55.3
64.09,0.202553762,-0.895929839,47.14250545,55.3
64.103,0.202553762,-0.862973292,47.14250545,55.3
64.116,0.202553762,-0.828796131,47.14869396,55.2
64.128,0.202553762,-0.762883037,47.14250545,55.3
64.141,0.202553762,-0.72992649,47.14869396,55.2
64.154,0.202553762,-0.696969943,47.14250545,55.3
64.166,0.202553762,-0.629836235,47.14250545,55.3
64.179,0.202553762,-0.596879688,47.14250545,55.3
64.192,0.202553762,-0.530966594,47.14250545,55.3
64.204,0.202553762,-0.498010047,47.14250545,55.3
64.217,0.202553762,-0.430876339,47.14869396,55.2
64.23,0.202553762,-0.397919792,47.14250545,55.3
64.243,0.202553762,-0.332006698,47.18439483,55.2
64.255,0.202553762,-0.26487299,47.14250545,55.3
64.268,0.202553762,-0.231916443,47.14869396,55.2
64.281,0.202553762,-0.166003349,47.17820632,55.3
64.293,0.202553762,-0.133046802,47.14869396,55.2
64.306,0.202553762,-0.100090254,47.14250545,55.3
64.319,0.202553762,-0.032956547,47.14869396,55.2
64.331,0.202553762,0,47.17820632,55.3
64.344,0.202553762,0.032956547,47.18439483,55.2
64.357,0.202553762,0.032956547,47.17820632,55.3
64.37,0.202553762,0.065913094,47.18439483,55.2
64.382,0.201697298,0.065913094,47.17820632,55.3
64.395,0.201697298,0.100090254,47.18439483,55.2
64.408,0.201697298,0.100090254,47.17820632,55.3
64.42,0.201697298,0.065913094,47.18439483,55.2
64.433,0.201697298,0.065913094,47.17820632,55.3
64.446,0.201697298,0.065913094,47.17820632,55.3
64.459,0.201697298,0.065913094,47.17820632,55.3
64.471,0.201697298,0.032956547,47.17820632,55.3
64.484,0.201697298,0,47.18439483,55.2
64.497,0.201697298,0,47.17820632,55.3
64.509,0.202553762,-0.032956547,47.18439483,55.2
64.522,0.201697298,-0.100090254,47.17820632,55.3
64.535,0.202553762,-0.133046802,47.18439483,55.2
64.547,0.201697298,-0.166003349,47.17820632,55.3
64.56,0.201697298,-0.198959896,47.18439483,55.2
64.573,0.201697298,-0.26487299,47.14250545,55.3
64.586,0.201697298,-0.299050151,47.14869396,55.2
64.598,0.202553762,-0.364963245,47.14250545,55.3
64.611,0.202553762,-0.397919792,47.14869396,55.2
64.624,0.202553762,-0.430876339,47.14250545,55.3
64.636,0.202553762,-0.498010047,47.14869396,55.2
64.649,0.202553762,-0.530966594,47.14250545,55.3
64.662,0.202553762,-0.563923141,47.14250545,55.3
64.674,0.202553762,-0.629836235,47.14250545,55.3
64.687,0.202553762,-0.662792783,47.14250545,55.3
64.7,0.202553762,-0.696969943,47.14869396,55.2
64.713,0.202553762,-0.72992649,47.14250545,55.3
64.725,0.202553762,-0.762883037,47.14869396,55.2
64.738,0.202553762,-0.795839584,47.14250545,55.3
64.751,0.202553762,-0.828796131,47.14250545,55.3
64.763,0.202553762,-0.828796131,47.14250545,55.3
64.776,0.202553762,-0.862973292,47.11870487,55.3
64.789,0.202553762,-0.895929839,47.11870487,55.3
64.802,0.202553762,-0.895929839,47.14250545,55.3
64.814,0.202553762,-0.895929839,47.14869396,55.2
64.827,0.202553762,-0.895929839,47.14250545,55.3
64.84,0.202553762,-0.895929839,47.12489337,55.2
64.852,0.202553762,-0.895929839,47.14250545,55.3
64.865,0.202553762,-0.862973292,47.14250545,55.3
64.878,0.202553762,-0.828796131,47.14250545,55.3
64.89,0.202553762,-0.795839584,47.14869396,55.2
64.903,0.202553762,-0.762883037,47.14250545,55.3
64.916,0.202981994,-0.762883037,47.12489337,55.2
64.929,0.202553762,-0.72992649,47.11870487,55.3
64.941,0.202553762,-0.696969943,47.14250545,55.3
64.954,0.202553762,-0.629836235,47.14250545,55.3
64.967,0.202553762,-0.596879688,47.14250545,55.3
64.979,0.202553762,-0.530966594,47.14250545,55.3
64.992,0.202553762,-0.498010047,47.14250545,55.3
65.005,0.202553762,-0.430876339,47.14869396,55.2
65.017,0.202553762,-0.397919792,47.14250545,55.3
65.03,0.202553762,-0.364963245,47.14869396,55.2
65.043,0.202553762,-0.299050151,47.14250545,55.3
65.056,0.202553762,-0.26487299,47.14869396,55.2
65.068,0.202553762,-0.231916443,47.14250545,55.3
65.081,0.202553762,-0.198959896,47.14869396,55.2
65.094,0.202553762,-0.133046802,47.14250545,55.3
65.106,0.202553762,-0.133046802,47.14869396,55.2
65.119,0.202553762,-0.100090254,47.14250545,55.3
65.132,0.202553762,-0.032956547,47.14869396,55.2
65.145,0.202553762,0,47.17820632,55.3
65.157,0.202553762,0,47.17820632,55.3
65.17,0.201697298,0,47.17820632,55.3
65.183,0.201697298,0.032956547,47.17820632,55.3
65.195,0.201697298,0.032956547,47.18439483,55.2
65.208,0.202553762,0.032956547,47.17820632,55.3
65.221,0.202553762,0.032956547,47.18439483,55.2
65.233,0.202553762,0.032956547,47.17820632,55.3
65.246,0.202553762,0,47.18439483,55.2
65.259,0.201697298,0,47.17820632,55.3
65.272,0.201697298,-0.032956547,47.18439483,55.2
65.284,0.201697298,-0.032956547,47.17820632,55.3
65.297,0.201697298,-0.065913094,47.18439483,55.2
65.31,0.201697298,-0.100090254,47.17820632,55.3
65.322,0.201697298,-0.166003349,47.18439483,55.2
65.335,0.201697298,-0.198959896,47.14250545,55.3
65.348,0.202553762,-0.231916443,47.18439483,55.2
65.36,0.202553762,-0.26487299,47.17820632,55.3
65.373,0.201697298,-0.299050151,47.17820632,55.3
65.386,0.202553762,-0.332006698,47.17820632,55.3
65.399,0.202553762,-0.397919792,47.17820632,55.3
65.411,0.202553762,-0.430876339,47.17820632,55.3
65.424,0.202553762,-0.463832887,47.17820632,55.3
65.437,0.201697298,-0.498010047,47.17820632,55.3
65.449,0.202553762,-0.530966594,47.14869396,55.2
65.462,0.202553762,-0.563923141,47.14250545,55.3
65.475,0.202553762,-0.596879688,47.14250545,55.3
65.488,0.202553762,-0.629836235,47.14250545,55.3
65.5,0.202553762,-0.662792783,47.14869396,55.2
65.513,0.202553762,-0.696969943,47.14250545,55.3
65.526,0.202553762,-0.72992649,47.14869396,55.2
65.538,0.202553762,-0.72992649,47.14250545,55.3
65.551,0.202553762,-0.762883037,47.14869396,55.2
65.564,0.202553762,-0.795839584,47.14250545,55.3
65.576,0.202553762,-0.795839584,47.14869396,55.2
65.589,0.202553762,-0.795839584,47.14250545,55.3
65.602,0.201697298,-0.795839584,47.14869396,55.2
65.615,0.202553762,-0.795839584,47.14250545,55.3
65.627,0.202553762,-0.828796131,47.14869396,55.2
65.64,0.202553762,-0.795839584,47.18439483,55.2
65.653,0.202553762,-0.795839584,47.17820632,55.3
65.665,0.202553762,-0.795839584,47.14250545,55.3
65.678,0.202553762,-0.762883037,47.14250545,55.3
65.691,0.202553762,-0.72992649,47.14869396,55.2
65.703,0.202553762,-0.696969943,47.14250545,55.3
65.716,0.202553762,-0.662792783,47.14869396,55.2
65.729,0.202553762,-0.629836235,47.14250545,55.3
65.742,0.202553762,-0.596879688,47.14869396,55.2
65.754,0.202553762,-0.563923141,47.13631694,55.4
65.767,0.202553762,-0.530966594,47.14869396,55.2
65.78,0.202553762,-0.463832887,47.17201781,55.4
65.792,0.202553762,-0.430876339,47.14869396,55.2
65.805,0.202553762,-0.397919792,47.14250545,55.3
65.818,0.202553762,-0.364963245,47.14869396,55.2
65.831,0.202553762,-0.332006698,47.17820632,55.3
65.843,0.202553762,-0.299050151,47.18439483,55.2
65.856,0.202553762,-0.231916443,47.17820632,55.3
65.869,0.202553762,-0.198959896,47.17820632,55.3
65.881,0.201697298,-0.166003349,47.17820632,55.3
65.894,0.201697298,-0.133046802,47.17820632,55.3
65.907,0.202553762,-0.100090254,47.18439483,55.2
65.919,0.202553762,-0.100090254,47.17820632,55.3
65.932,0.202553762,-0.065913094,47.18439483,55.2
65.945,0.202553762,-0.065913094,47.17820632,55.3
65.958,0.201697298,-0.032956547,47.17820632,55.3
65.97,0.202553762,-0.032956547,47.17820632,55.3
65.983,0.202553762,0,47.17820632,55.3
65.996,0.202981994,0,47.21390719,55.3
66.008,0.202553762,0,47.21390719,55.3
66.021,0.202553762,0,47.21390719,55.3
66.034,0.202553762,-0.032956547,47.17820632,55.3
66.046,0.202553762,-0.032956547,47.17820632,55.3
66.059,0.202553762,-0.065913094,47.17820632,55.3
66.072,0.202553762,-0.065913094,47.17820632,55.3
66.085,0.202553762,-0.100090254,47.17820632,55.3
66.097,0.201697298,-0.100090254,47.27820632,55.2
66.11,0.201697298,-0.133046802,47.27820632,55.2
66.123,0.202553762,-0.166003349,47.27820632,55.2
66.135,0.202553762,-0.198959896,47.27820632,55.2
66.148,0.202553762,-0.231916443,47.27820632,55.2
66.161,0.202553762,-0.26487299,47.27820632,55.2
66.174,0.202553762,-0.299050151,47.24250545,55.2
66.186,0.202553762,-0.332006698,47.28439483,55.1
66.199,0.202553762,-0.364963245,47.27820632,55.2
66.212,0.202553762,-0.397919792,47.28439483,55.1
66.224,0.202553762,-0.463832887,47.27820632,55.2
66.237,0.202553762,-0.463832887,47.28439483,55.1
66.25,0.202553762,-0.498010047,47.27820632,55.2
66.262,0.202553762,-0.563923141,47.24869396,55.1
66.275,0.202553762,-0.596879688,47.24250545,55.2
66.288,0.202553762,-0.629836235,47.24869396,55.1
66.301,0.202553762,-0.662792783,47.24250545,55.2
66.313,0.202553762,-0.662792783,47.24869396,55.1
66.326,0.202553762,-0.696969943,47.24250545,55.2
66.339,0.202553762,-0.696969943,47.24869396,55.1
66.351,0.202553762,-0.72992649,47.24250545,55.2
66.364,0.202553762,-0.72992649,47.24250545,55.2
66.377,0.202553762,-0.72992649,47.24250545,55.2
66.389,0.202553762,-0.762883037,47.24250545,55.2
66.402,0.202553762,-0.762883037,47.24869396,55.1
66.415,0.202553762,-0.762883037,47.24250545,55.2
66.428,0.202553762,-0.762883037,47.24869396,55.1
66.44,0.202553762,-0.762883037,47.24250545,55.2
66.453,0.202553762,-0.72992649,47.24869396,55.1
66.466,0.202553762,-0.72992649,47.24250545,55.2
66.478,0.202553762,-0.696969943,47.24869396,55.1
66.491,0.202553762,-0.696969943,47.24250545,55.2
66.504,0.202553762,-0.662792783,47.24869396,55.1
66.517,0.202553762,-0.629836235,47.24250545,55.2
66.529,0.202553762,-0.596879688,47.24869396,55.1
66.542,0.202553762,-0.563923141,47.27820632,55.2
66.555,0.202553762,-0.530966594,47.27820632,55.2
66.567,0.202553762,-0.498010047,47.27820632,55.2
66.58,0.202553762,-0.463832887,47.27820632,55.2
66.593,0.202553762,-0.430876339,47.28439483,55.1
66.605,0.202553762,-0.397919792,47.27820632,55.2
66.618,0.201697298,-0.332006698,47.28439483,55.1
66.631,0.202553762,-0.299050151,47.27820632,55.2
66.644,0.202553762,-0.299050151,47.28439483,55.1
66.656,0.202553762,-0.26487299,47.27820632,55.2
66.669,0.202553762,-0.231916443,47.27820632,55.2
66.682,0.202553762,-0.198959896,47.27820632,55.2
66.694,0.202553762,-0.166003349,47.27820632,55.2
66.707,0.202553762,-0.133046802,47.27820632,55.2
66.72,0.202553762,-0.133046802,47.28439483,55.1
66.732,0.201697298,-0.100090254,47.27820632,55.2
66.745,0.201697298,-0.100090254,47.27820632,55.2
66.758,0.201697298,-0.100090254,47.27820632,55.2
66.771,0.202553762,-0.065913094,47.27820632,55.2
66.783,0.202553762,-0.065913094,47.27820632,55.2
66.796,0.201697298,-0.065913094,47.27820632,55.2
66.809,0.201697298,-0.100090254,47.27820632,55.2
66.821,0.202553762,-0.100090254,47.28439483,55.1
66.834,0.202553762,-0.100090254,47.27820632,55.2
66.847,0.202553762,-0.100090254,47.28439483,55.1
66.86,0.202553762,-0.133046802,47.27820632,55.2
66.872,0.201697298,-0.133046802,47.28439483,55.1
66.885,0.202553762,-0.166003349,47.27820632,55.2
66.898,0.202553762,-0.198959896,47.28439483,55.1
66.91,0.201697298,-0.231916443,47.27820632,55.2
66.923,0.202553762,-0.231916443,47.28439483,55.1
66.936,0.202553762,-0.26487299,47.27820632,55.2
66.948,0.202553762,-0.299050151,47.28439483,55.1
66.961,0.201697298,-0.332006698,47.27820632,55.2
66.974,0.201697298,-0.364963245,47.28439483,55.1
66.987,0.201697298,-0.397919792,47.27820632,55.2
66.999,0.202553762,-0.430876339,47.24869396,55.1
67.012,0.202553762,-0.463832887,47.24250545,55.2
67.025,0.202553762,-0.463832887,47.24869396,55.1
67.037,0.202553762,-0.498010047,47.24250545,55.2
67.05,0.202553762,-0.530966594,47.24869396,55.1
67.063,0.202553762,-0.563923141,47.24250545,55.2
67.075,0.202553762,-0.596879688,47.24250545,55.2
67.088,0.202553762,-0.629836235,47.24869396,55.1
67.101,0.202553762,-0.662792783,47.24250545,55.2
67.114,0.202553762,-0.662792783,47.24869396,55.1
67.126,0.202553762,-0.696969943,47.24250545,55.2
67.139,0.202553762,-0.696969943,47.24869396,55.1
67.152,0.202553762,-0.72992649,47.24250545,55.2
67.164,0.202553762,-0.72992649,47.24869396,55.1
67.177,0.202553762,-0.72992649,47.24250545,55.2
67.19,0.202553762,-0.72992649,47.24869396,55.1
67.203,0.202553762,-0.72992649,47.24250545,55.2
67.215,0.202553762,-0.72992649,47.24250545,55.2
67.228,0.202553762,-0.72992649,47.24250545,55.2
67.241,0.202553762,-0.72992649,47.24869396,55.1
67.253,0.202553762,-0.72992649,47.24250545,55.2
67.266,0.202553762,-0.696969943,47.24250545,55.2
67.279,0.202553762,-0.696969943,47.24250545,55.2
67.291,0.202553762,-0.662792783,47.24250545,55.2
67.304,0.202553762,-0.629836235,47.24250545,55.2
67.317,0.202553762,-0.596879688,47.24250545,55.2
67.33,0.202553762,-0.596879688,47.24250545,55.2
67.342,0.202553762,-0.563923141,47.24250545,55.2
67.355,0.201697298,-0.530966594,47.24250545,55.2
67.368,0.202553762,-0.498010047,47.24250545,55.2
67.38,0.202553762,-0.463832887,47.24250545,55.2
67.393,0.202553762,-0.430876339,47.24869396,55.1
67.406,0.202553762,-0.397919792,47.24250545,55.2
67.418,0.202981994,-0.364963245,47.28439483,55.1
67.431,0.202553762,-0.332006698,47.27820632,55.2
67.444,0.202981994,-0.299050151,47.28439483,55.1
67.457,0.202553762,-0.26487299,47.24250545,55.2
67.469,0.202553762,-0.231916443,47.24869396,55.1
67.482,0.202553762,-0.231916443,47.24250545,55.2
67.495,0.202553762,-0.198959896,47.28439483,55.1
67.507,0.202553762,-0.198959896,47.27820632,55.2
67.52,0.202553762,-0.166003349,47.28439483,55.1
67.533,0.202553762,-0.166003349,47.24250545,55.2
67.546,0.202553762,-0.133046802,47.24869396,55.1
67.558,0.202553762,-0.133046802,47.27820632,55.2
67.571,0.202553762,-0.133046802,47.27820632,55.2
67.584,0.202553762,-0.133046802,47.27820632,55.2
67.596,0.201697298,-0.133046802,47.27820632,55.2
67.609,0.202553762,-0.133046802,47.28439483,55.1
67.622,0.201697298,-0.133046802,47.24250545,55.2
67.634,0.202553762,-0.133046802,47.24869396,55.1
67.647,0.202553762,-0.166003349,47.24250545,55.2
67.66,0.202553762,-0.166003349,47.28439483,55.1
67.673,0.202553762,-0.198959896,47.27820632,55.2
67.685,0.202553762,-0.231916443,47.28439483,55.1
67.698,0.201697298,-0.231916443,47.27820632,55.2
67.711,0.201697298,-0.26487299,47.28439483,55.1
67.723,0.202553762,-0.26487299,47.27820632,55.2
67.736,0.202553762,-0.299050151,47.28439483,55.1
67.749,0.202553762,-0.332006698,47.24250545,55.2
67.761,0.202553762,-0.364963245,47.24250545,55.2
67.774,0.202553762,-0.397919792,47.24250545,55.2
67.787,0.202553762,-0.430876339,47.27820632,55.2
67.8,0.202553762,-0.463832887,47.24869396,55.1
67.812,0.202553762,-0.463832887,47.24250545,55.2
67.825,0.202553762,-0.530966594,47.24869396,55.1
67.838,0.202553762,-0.563923141,47.24250545,55.2
67.85,0.201697298,-0.563923141,47.24869396,55.1
67.863,0.202553762,-0.596879688,47.24250545,55.2
67.876,0.202553762,-0.596879688,47.24869396,55.1
67.889,0.202553762,-0.629836235,47.24250545,55.2
67.901,0.201697298,-0.662792783,47.24869396,55.1
67.914,0.202553762,-0.662792783,47.24250545,55.2
67.927,0.202553762,-0.696969943,47.24869396,55.1
67.939,0.202553762,-0.696969943,47.24250545,55.2
67.952,0.202553762,-0.72992649,47.24869396,55.1
67.965,0.202553762,-0.72992649,47.24250545,55.2
67.977,0.202553762,-0.72992649,47.24250545,55.2
67.99,0.202553762,-0.72992649,47.24250545,55.2
68.003,0.202553762,-0.72992649,47.24869396,55.1
68.016,0.202553762,-0.72992649,47.24250545,55.2
68.028,0.202553762,-0.696969943,47.24869396,55.1
68.041,0.202553762,-0.696969943,47.24250545,55.2
68.054,0.202553762,-0.662792783,47.24869396,55.1
68.066,0.202553762,-0.662792783,47.24250545,55.2
68.079,0.202553762,-0.629836235,47.24250545,55.2
68.092,0.202553762,-0.629836235,47.24250545,55.2
68.104,0.202553762,-0.596879688,47.24869396,55.1
68.117,0.202553762,-0.563923141,47.24250545,55.2
68.13,0.202553762,-0.530966594,47.24869396,55.1
68.143,0.202553762,-0.498010047,47.24250545,55.2
68.155,0.202553762,-0.463832887,47.24869396,55.1
68.168,0.202553762,-0.463832887,47.24250545,55.2
68.181,0.202553762,-0.430876339,47.24869396,55.1
68.193,0.202553762,-0.397919792,47.24250545,55.2
68.206,0.202553762,-0.364963245,47.24869396,55.1
68.219,0.202553762,-0.332006698,47.24250545,55.2
68.232,0.202553762,-0.332006698,47.24869396,55.1
68.244,0.202553762,-0.299050151,47.27820632,55.2
68.257,0.202553762,-0.26487299,47.28439483,55.1
68.27,0.202553762,-0.26487299,47.27820632,55.2
68.282,0.202553762,-0.231916443,47.27820632,55.2
68.295,0.202553762,-0.231916443,47.28439483,55.1
68.308,0.202553762,-0.198959896,47.27820632,55.2
68.32,0.202553762,-0.198959896,47.28439483,55.1
68.333,0.201697298,-0.198959896,47.27820632,55.2
68.346,0.202553762,-0.198959896,47.28439483,55.1
68.359,0.202553762,-0.166003349,47.27820632,55.2
68.371,0.202553762,-0.166003349,47.24869396,55.1
68.384,0.202553762,-0.166003349,47.24250545,55.2
68.397,0.202553762,-0.166003349,47.24869396,55.1
68.409,0.202553762,-0.166003349,47.27820632,55.2
68.422,0.202553762,-0.166003349,47.28439483,55.1
68.435,0.202553762,-0.166003349,47.27820632,55.2
68.447,0.202553762,-0.166003349,47.28439483,55.1
68.46,0.202553762,-0.198959896,47.27820632,55.2
68.473,0.202553762,-0.198959896,47.28439483,55.1
68.486,0.202553762,-0.231916443,47.27820632,55.2
68.498,0.202553762,-0.231916443,47.27820632,55.2
68.511,0.202553762,-0.26487299,47.27820632,55.2
68.524,0.202553762,-0.299050151,47.27820632,55.2
68.536,0.202553762,-0.332006698,47.28439483,55.1
68.549,0.202553762,-0.332006698,47.27820632,55.2
68.562,0.202553762,-0.364963245,47.27820632,55.2
68.575,0.202553762,-0.397919792,47.27820632,55.2
68.587,0.202553762,-0.430876339,47.24250545,55.2
68.6,0.202553762,-0.430876339,47.24250545,55.2
68.613,0.202553762,-0.463832887,47.24250545,55.2
68.625,0.202553762,-0.463832887,47.24869396,55.1
68.638,0.202553762,-0.498010047,47.24250545,55.2
68.651,0.202553762,-0.530966594,47.24250545,55.2
68.663,0.202553762,-0.563923141,47.27820632,55.2
68.676,0.202553762,-0.563923141,47.24250545,55.2
68.689,0.202553762,-0.596879688,47.24250545,55.2
68.702,0.202553762,-0.596879688,47.24869396,55.1
68.714,0.202553762,-0.596879688,47.24250545,55.2
68.727,0.202553762,-0.629836235,47.24869396,55.1
68.74,0.202553762,-0.629836235,47.24250545,55.2
68.752,0.202553762,-0.629836235,47.24250545,55.2
68.765,0.202553762,-0.629836235,47.24250545,55.2
68.778,0.202553762,-0.629836235,47.24250545,55.2
68.79,0.202553762,-0.629836235,47.24250545,55.2
68.803,0.202553762,-0.662792783,47.24250545,55.2
68.816,0.202553762,-0.662792783,47.24869396,55.1
68.829,0.202553762,-0.629836235,47.24250545,55.2
68.841,0.202553762,-0.629836235,47.24869396,55.1
68.854,0.202553762,-0.629836235,47.24250545,55.2
68.867,0.202553762,-0.596879688,47.24869396,55.1
68.879,0.202553762,-0.596879688,47.24250545,55.2
68.892,0.202553762,-0.563923141,47.24869396,55.1
68.905,0.202553762,-0.530966594,47.24250545,55.2
68.918,0.202553762,-0.530966594,47.24869396,55.1
68.93,0.202553762,-0.530966594,47.24250545,55.2
68.943,0.202553762,-0.498010047,47.24869396,55.1
68.956,0.202553762,-0.463832887,47.24250545,55.2
68.968,0.202553762,-0.430876339,47.24250545,55.2
68.981,0.202553762,-0.397919792,47.24250545,55.2
68.994,0.202553762,-0.397919792,47.24250545,55.2
69.006,0.202553762,-0.364963245,47.24869396,55.1
69.019,0.202553762,-0.364963245,47.24250545,55.2
69.032,0.202553762,-0.332006698,47.24869396,55.1
69.045,0.202553762,-0.299050151,47.24250545,55.2
69.057,0.202553762,-0.26487299,47.28439483,55.1
69.07,0.202553762,-0.26487299,47.27820632,55.2
69.083,0.202553762,-0.231916443,47.28439483,55.1
69.095,0.202553762,-0.231916443,47.27820632,55.2
69.108,0.202553762,-0.198959896,47.28439483,55.1
69.121,0.202553762,-0.198959896,47.27820632,55.2
69.133,0.202553762,-0.198959896,47.28439483,55.1
69.146,0.202553762,-0.198959896,47.24250545,55.2
69.159,0.202553762,-0.198959896,47.28439483,55.1
69.172,0.202553762,-0.198959896,47.27820632,55.2
69.184,0.202553762,-0.198959896,47.27820632,55.2
69.197,0.202553762,-0.198959896,47.27820632,55.2
69.21,0.202553762,-0.198959896,47.27820632,55.2
69.222,0.202553762,-0.198959896,47.28439483,55.1
69.235,0.202553762,-0.198959896,47.24250545,55.2
69.248,0.202553762,-0.231916443,47.24250545,55.2
69.26,0.202553762,-0.231916443,47.24250545,55.2
69.273,0.202553762,-0.26487299,47.27820632,55.2
69.286,0.202553762,-0.26487299,47.27820632,55.2
69.299,0.202553762,-0.26487299,47.27820632,55.2
69.311,0.202553762,-0.299050151,47.27820632,55.2
69.324,0.202553762,-0.299050151,47.24250545,55.2
69.337,0.201697298,-0.332006698,47.24250545,55.2
69.349,0.201697298,-0.364963245,47.24250545,55.2
69.362,0.201697298,-0.397919792,47.24250545,55.2
69.375,0.201697298,-0.397919792,47.24250545,55.2
69.388,0.201697298,-0.430876339,47.24250545,55.2
69.4,0.202553762,-0.430876339,47.24250545,55.2
69.413,0.202553762,-0.463832887,47.24250545,55.2
69.426,0.202553762,-0.463832887,47.24250545,55.2
69.438,0.202553762,-0.498010047,47.24869396,55.1
69.451,0.202553762,-0.498010047,47.24250545,55.2
69.464,0.201697298,-0.530966594,47.27820632,55.2
69.476,0.202553762,-0.563923141,47.27820632,55.2
69.489,0.202553762,-0.563923141,47.24250545,55.2
69.502,0.202553762,-0.563923141,47.24869396,55.1
69.515,0.202553762,-0.563923141,47.24250545,55.2
69.527,0.202553762,-0.596879688,47.24869396,55.1
69.54,0.201697298,-0.596879688,47.24250545,55.2
69.553,0.202553762,-0.596879688,47.24869396,55.1
69.565,0.202553762,-0.629836235,47.24250545,55.2
69.578,0.202553762,-0.629836235,47.24869396,55.1
69.591,0.202553762,-0.629836235,47.24250545,55.2
69.604,0.202553762,-0.629836235,47.24869396,55.1
69.616,0.202553762,-0.629836235,47.24250545,55.2
69.629,0.202553762,-0.629836235,47.24869396,55.1
69.642,0.202553762,-0.596879688,47.24250545,55.2
69.654,0.202553762,-0.596879688,47.24869396,55.1
69.667,0.202553762,-0.596879688,47.24250545,55.2
69.68,0.202553762,-0.563923141,47.24869396,55.1
69.692,0.202553762,-0.530966594,47.24250545,55.2
69.705,0.202553762,-0.530966594,47.24869396,55.1
69.718,0.202553762,-0.498010047,47.24250545,55.2
69.731,0.202553762,-0.463832887,47.24250545,55.2
69.743,0.202553762,-0.463832887,47.24250545,55.2
69.756,0.202553762,-0.430876339,47.24250545,55.2
69.769,0.202553762,-0.430876339,47.24869396,55.1
69.781,0.202553762,-0.397919792,47.24250545,55.2
69.794,0.202553762,-0.364963245,47.28439483,55.1
69.807,0.202553762,-0.364963245,47.27820632,55.2
69.819,0.202553762,-0.332006698,47.28439483,55.1
69.832,0.202553762,-0.332006698,47.27820632,55.2
69.845,0.202553762,-0.299050151,47.27820632,55.2
69.858,0.202553762,-0.299050151,47.27820632,55.2
69.87,0.202553762,-0.26487299,47.24250545,55.2
69.883,0.202553762,-0.26487299,47.24250545,55.2
69.896,0.202553762,-0.231916443,47.24250545,55.2
69.908,0.202553762,-0.231916443,47.24869396,55.1
69.921,0.202553762,-0.231916443,47.24250545,55.2
69.934,0.202553762,-0.231916443,47.24250545,55.2
69.947,0.202553762,-0.231916443,47.27820632,55.2
69.959,0.202553762,-0.198959896,47.27820632,55.2
69.972,0.202553762,-0.198959896,47.27820632,55.2
69.985,0.202553762,-0.231916443,47.27820632,55.2
69.997,0.202553762,-0.231916443,47.27820632,55.2
70.01,0.202553762,-0.231916443,47.27820632,55.2
70.023,0.202553762,-0.231916443,47.28439483,55.1
70.035,0.202553762,-0.231916443,47.27820632,55.2
70.048,0.202553762,-0.231916443,47.24869396,55.1
70.061,0.201697298,-0.26487299,47.24250545,55.2
70.074,0.201697298,-0.26487299,47.28439483,55.1
70.086,0.202553762,-0.299050151,47.24250545,55.2
70.099,0.202553762,-0.332006698,47.24869396,55.1
70.112,0.202553762,-0.332006698,47.34250545,55.1
70.124,0.202553762,-0.364963245,47.34869396,55
70.137,0.202553762,-0.364963245,47.34250545,55.1
70.15,0.202553762,-0.397919792,47.34869396,55
70.162,0.202553762,-0.397919792,47.34250545,55.1
70.175,0.202553762,-0.430876339,47.34869396,55
70.188,0.202553762,-0.430876339,47.34250545,55.1
70.201,0.202553762,-0.463832887,47.34869396,55
70.213,0.202553762,-0.463832887,47.34869396,55
70.226,0.202553762,-0.498010047,47.37820632,55.1
70.239,0.202553762,-0.530966594,47.34869396,55
70.251,0.202553762,-0.530966594,47.34250545,55.1
70.264,0.202553762,-0.563923141,47.34869396,55
70.277,0.202553762,-0.563923141,47.34250545,55.1
70.29,0.202553762,-0.563923141,47.34869396,55
70.302,0.202553762,-0.596879688,47.34250545,55.1
70.315,0.202553762,-0.596879688,47.34869396,55
70.328,0.202553762,-0.596879688,47.34250545,55.1
70.34,0.202553762,-0.596879688,47.34869396,55
70.353,0.202553762,-0.596879688,47.34250545,55.1
70.366,0.202553762,-0.596879688,47.34869396,55
70.378,0.202553762,-0.629836235,47.34250545,55.1
70.391,0.202553762,-0.629836235,47.34250545,55.1
70.404,0.202553762,-0.629836235,47.37820632,55.1
70.417,0.202553762,-0.596879688,47.34250545,55.1
70.429,0.202553762,-0.596879688,47.34869396,55
70.442,0.202553762,-0.596879688,47.34250545,55.1
70.455,0.202553762,-0.563923141,47.34869396,55
70.467,0.202553762,-0.563923141,47.34250545,55.1
70.48,0.202553762,-0.530966594,47.34869396,55
70.493,0.202553762,-0.530966594,47.34250545,55.1
70.505,0.202553762,-0.498010047,47.34869396,55
70.518,0.202553762,-0.498010047,47.34250545,55.1
70.531,0.202553762,-0.463832887,47.34869396,55
70.544,0.202553762,-0.463832887,47.37820632,55.1
70.556,0.202553762,-0.463832887,47.34250545,55.1
70.569,0.202553762,-0.430876339,47.34250545,55.1
70.582,0.202553762,-0.397919792,47.34869396,55
70.594,0.202553762,-0.364963245,47.34250545,55.1
70.607,0.202553762,-0.364963245,47.38439483,55
70.62,0.202553762,-0.332006698,47.37820632,55.1
70.632,0.202553762,-0.332006698,47.34869396,55
70.645,0.202553762,-0.299050151,47.34250545,55.1
70.658,0.202553762,-0.299050151,47.34250545,55.1
70.671,0.202553762,-0.299050151,47.37820632,55.1
70.683,0.202553762,-0.26487299,47.38439483,55
70.696,0.202553762,-0.26487299,47.37820632,55.1
70.709,0.202981994,-0.231916443,47.38439483,55
70.721,0.202981994,-0.231916443,47.37820632,55.1
70.734,0.202553762,-0.231916443,47.38439483,55
70.747,0.202553762,-0.26487299,47.34250545,55.1
70.76,0.202553762,-0.26487299,47.38439483,55
70.772,0.202553762,-0.26487299,47.34250545,55.1
70.785,0.202553762,-0.26487299,47.34869396,55
70.798,0.202553762,-0.26487299,47.34250545,55.1
70.81,0.202553762,-0.26487299,47.34869396,55
70.823,0.202553762,-0.26487299,47.34250545,55.1
70.836,0.202553762,-0.26487299,47.34869396,55
70.848,0.202553762,-0.299050151,47.34250545,55.1
70.861,0.202553762,-0.299050151,47.34869396,55
70.874,0.202553762,-0.299050151,47.37820632,55.1
70.887,0.202553762,-0.299050151,47.38439483,55
70.899,0.202553762,-0.332006698,47.34250545,55.1
70.912,0.202553762,-0.332006698,47.34869396,55
70.925,0.202553762,-0.364963245,47.34250545,55.1
70.937,0.202553762,-0.364963245,47.34250545,55.1
70.95,0.202553762,-0.397919792,47.34869396,55
70.963,0.202553762,-0.397919792,47.34250545,55.1
70.975,0.202553762,-0.430876339,47.34869396,55
70.988,0.202553762,-0.430876339,47.34250545,55.1
71.001,0.202553762,-0.463832887,47.34869396,55
71.014,0.202553762,-0.463832887,47.34250545,55.1
71.026,0.201697298,-0.498010047,47.34869396,55
71.039,0.202553762,-0.498010047,47.34250545,55.1
71.052,0.202553762,-0.498010047,47.34869396,55
71.064,0.202553762,-0.530966594,47.34250545,55.1
71.077,0.202553762,-0.530966594,47.34250545,55.1
71.09,0.202553762,-0.563923141,47.34250545,55.1
71.103,0.202553762,-0.563923141,47.34250545,55.1
71.115,0.202553762,-0.563923141,47.34250545,55.1
71.128,0.202553762,-0.563923141,47.34869396,55
71.141,0.202553762,-0.563923141,47.34250545,55.1
71.153,0.202553762,-0.596879688,47.34250545,55.1
71.166,0.202553762,-0.563923141,47.34250545,55.1
71.179,0.202553762,-0.563923141,47.34250545,55.1
71.191,0.202553762,-0.563923141,47.34250545,55.1
71.204,0.202553762,-0.563923141,47.34250545,55.1
71.217,0.202553762,-0.563923141,47.34250545,55.1
71.23,0.202553762,-0.563923141,47.34250545,55.1
71.242,0.202553762,-0.563923141,47.34250545,55.1
71.255,0.202553762,-0.530966594,47.34250545,55.1
71.268,0.202553762,-0.530966594,47.34250545,55.1
71.28,0.202553762,-0.530966594,47.34250545,55.1
71.293,0.201697298,-0.498010047,47.34250545,55.1
71.306,0.202553762,-0.498010047,47.34869396,55
71.318,0.201697298,-0.463832887,47.34250545,55.1
71.331,0.202553762,-0.430876339,47.38439483,55
71.344,0.202553762,-0.430876339,47.34250545,55.1
71.357,0.202553762,-0.397919792,47.38439483,55
71.369,0.202553762,-0.397919792,47.34250545,55.1
71.382,0.202553762,-0.364963245,47.37820632,55.1
71.395,0.202553762,-0.364963245,47.37820632,55.1
71.407,0.202553762,-0.364963245,47.34869396,55
71.42,0.202553762,-0.332006698,47.34869396,55
71.433,0.202553762,-0.332006698,47.34250545,55.1
71.446,0.202553762,-0.299050151,47.34869396,55
71.458,0.201697298,-0.299050151,47.34250545,55.1
71.471,0.201697298,-0.26487299,47.38439483,55
71.484,0.201697298,-0.26487299,47.37820632,55.1
71.496,0.201697298,-0.26487299,47.38439483,55
71.509,0.202553762,-0.26487299,47.34250545,55.1
71.522,0.202553762,-0.26487299,47.38439483,55
71.534,0.202553762,-0.26487299,47.37820632,55.1
71.547,0.202553762,-0.26487299,47.38439483,55
71.56,0.202553762,-0.231916443,47.34250545,55.1
71.573,0.202553762,-0.231916443,47.38439483,55
71.585,0.202553762,-0.26487299,47.37820632,55.1
71.598,0.202553762,-0.26487299,47.37820632,55.1
71.611,0.202553762,-0.26487299,47.34250545,55.1
71.623,0.202553762,-0.299050151,47.34250545,55.1
71.636,0.202553762,-0.299050151,47.34869396,55
71.649,0.202553762,-0.299050151,47.34250545,55.1
71.661,0.202553762,-0.299050151,47.34869396,55
71.674,0.202553762,-0.332006698,47.34250545,55.1
71.687,0.201697298,-0.332006698,47.34869396,55
71.7,0.201697298,-0.332006698,47.34250545,55.1
71.712,0.201697298,-0.332006698,47.34869396,55
71.725,0.202553762,-0.364963245,47.34250545,55.1
71.738,0.202553762,-0.397919792,47.34869396,55
71.75,0.202553762,-0.397919792,47.34250545,55.1
71.763,0.201697298,-0.430876339,47.34869396,55
71.776,0.202553762,-0.430876339,47.34250545,55.1
71.789,0.202553762,-0.430876339,47.34869396,55
71.801,0.202553762,-0.430876339,47.34250545,55.1
71.814,0.201697298,-0.463832887,47.34869396,55
71.827,0.202553762,-0.463832887,47.34250545,55.1
71.839,0.202553762,-0.498010047,47.34869396,55
71.852,0.202553762,-0.498010047,47.34250545,55.1
71.865,0.202553762,-0.530966594,47.34250545,55.1
71.877,0.202553762,-0.530966594,47.34250545,55.1
71.89,0.202553762,-0.530966594,47.34869396,55
71.903,0.202553762,-0.530966594,47.34250545,55.1
71.916,0.202553762,-0.530966594,47.34869396,55
71.928,0.202553762,-0.530966594,47.34250545,55.1
71.941,0.202553762,-0.530966594,47.34869396,55
71.954,0.202553762,-0.530966594,47.34250545,55.1
71.966,0.202553762,-0.530966594,47.34869396,55
71.979,0.202553762,-0.530966594,47.34250545,55.1
71.992,0.202553762,-0.530966594,47.34869396,55
72.004,0.202553762,-0.530966594,47.34250545,55.1
72.017,0.202553762,-0.530966594,47.34869396,55
72.03,0.202553762,-0.530966594,47.34250545,55.1
72.043,0.202553762,-0.530966594,47.34869396,55
72.055,0.201697298,-0.498010047,47.34250545,55.1
72.068,0.202553762,-0.498010047,47.34250545,55.1
72.081,0.202553762,-0.498010047,47.34250545,55.1
72.093,0.202553762,-0.463832887,47.34869396,55
72.106,0.202553762,-0.463832887,47.34250545,55.1
72.119,0.202553762,-0.463832887,47.34250545,55.1
72.132,0.202553762,-0.430876339,47.34250545,55.1
72.144,0.202553762,-0.430876339,47.34250545,55.1
72.157,0.202553762,-0.397919792,47.34869396,55
72.17,0.202553762,-0.364963245,47.34250545,55.1
72.182,0.202553762,-0.364963245,47.34869396,55
72.195,0.202553762,-0.364963245,47.34250545,55.1
72.208,0.202553762,-0.332006698,47.34869396,55
72.22,0.202553762,-0.332006698,47.34250545,55.1
72.233,0.201697298,-0.299050151,47.34869396,55
72.246,0.202553762,-0.299050151,47.33631694,55.2
72.259,0.202553762,-0.299050151,47.34869396,55
72.271,0.202553762,-0.26487299,47.34250545,55.1
72.284,0.202553762,-0.26487299,47.34869396,55
72.297,0.202553762,-0.26487299,47.34250545,55.1
72.309,0.202553762,-0.26487299,47.34869396,55
72.322,0.202553762,-0.26487299,47.34250545,55.1
72.335,0.202553762,-0.26487299,47.34869396,55
72.347,0.202553762,-0.26487299,47.34250545,55.1
72.36,0.202553762,-0.26487299,47.34250545,55.1
72.373,0.202553762,-0.26487299,47.34250545,55.1
72.386,0.202553762,-0.26487299,47.34250545,55.1
72.398,0.202553762,-0.26487299,47.34869396,55
72.411,0.202553762,-0.26487299,47.34250545,55.1
72.424,0.202553762,-0.299050151,47.34869396,55
72.436,0.202553762,-0.26487299,47.34250545,55.1
72.449,0.202553762,-0.299050151,47.34250545,55.1
72.462,0.202553762,-0.299050151,47.37820632,55.1
72.475,0.202553762,-0.332006698,47.34250545,55.1
72.487,0.202553762,-0.332006698,47.34250545,55.1
72.5,0.202553762,-0.332006698,47.34250545,55.1
72.513,0.202553762,-0.332006698,47.34250545,55.1
72.525,0.202553762,-0.364963245,47.34250545,55.1
72.538,0.202553762,-0.397919792,47.34250545,55.1
72.551,0.202553762,-0.397919792,47.34250545,55.1
72.563,0.202553762,-0.397919792,47.34250545,55.1
72.576,0.202553762,-0.430876339,47.34250545,55.1
72.589,0.202553762,-0.430876339,47.34250545,55.1
72.602,0.202553762,-0.430876339,47.34250545,55.1
72.614,0.202553762,-0.463832887,47.34250545,55.1
72.627,0.202553762,-0.463832887,47.34250545,55.1
72.64,0.202553762,-0.463832887,47.34250545,55.1
72.652,0.202553762,-0.498010047,47.34250545,55.1
72.665,0.202553762,-0.498010047,47.34250545,55.1
72.678,0.202553762,-0.498010047,47.34250545,55.1
72.69,0.202553762,-0.498010047,47.34250545,55.1
72.703,0.202553762,-0.498010047,47.34869396,55
72.716,0.202553762,-0.530966594,47.34250545,55.1
72.729,0.202553762,-0.530966594,47.34869396,55
72.741,0.202553762,-0.530966594,47.34250545,55.1
72.754,0.202553762,-0.530966594,47.34869396,55
72.767,0.202553762,-0.530966594,47.34250545,55.1
72.779,0.202553762,-0.530966594,47.34869396,55
72.792,0.202553762,-0.530966594,47.34250545,55.1
72.805,0.202553762,-0.530966594,47.34869396,55
72.818,0.202553762,-0.498010047,47.34250545,55.1
72.83,0.202553762,-0.498010047,47.34250545,55.1
72.843,0.202553762,-0.498010047,47.34869396,55
72.856,0.202553762,-0.498010047,47.34250545,55.1
72.868,0.202553762,-0.463832887,47.34869396,55
72.881,0.202553762,-0.463832887,47.34250545,55.1
72.894,0.202553762,-0.463832887,47.34869396,55
72.906,0.202553762,-0.463832887,47.34250545,55.1
72.919,0.202553762,-0.430876339,47.34869396,55
72.932,0.201697298,-0.430876339,47.34250545,55.1
72.945,0.202553762,-0.397919792,47.34869396,55
72.957,0.202553762,-0.397919792,47.34250545,55.1
72.97,0.202553762,-0.364963245,47.34869396,55
72.983,0.202553762,-0.364963245,47.34250545,55.1
72.995,0.202553762,-0.364963245,47.38439483,55
73.008,0.201697298,-0.332006698,47.34250545,55.1
73.021,0.201697298,-0.332006698,47.34869396,55
73.033,0.202553762,-0.332006698,47.34250545,55.1
73.046,0.202553762,-0.299050151,47.37820632,55.1
73.059,0.202553762,-0.299050151,47.37820632,55.1
73.072,0.202553762,-0.299050151,47.34250545,55.1
73.084,0.202553762,-0.299050151,47.34869396,55
73.097,0.202553762,-0.299050151,47.34250545,55.1
73.11,0.202553762,-0.299050151,47.34869396,55
73.122,0.202553762,-0.299050151,47.34250545,55.1
73.135,0.202553762,-0.299050151,47.34869396,55
73.148,0.202553762,-0.299050151,47.34250545,55.1
73.161,0.202553762,-0.26487299,47.34250545,55.1
73.173,0.202553762,-0.26487299,47.34250545,55.1
73.186,0.202553762,-0.26487299,47.34250545,55.1
73.199,0.202553762,-0.299050151,47.34250545,55.1
73.211,0.202553762,-0.299050151,47.34250545,55.1
73.224,0.202553762,-0.299050151,47.34250545,55.1
73.237,0.202553762,-0.299050151,47.34250545,55.1
73.249,0.202553762,-0.332006698,47.34250545,55.1
73.262,0.201697298,-0.332006698,47.34250545,55.1
73.275,0.201697298,-0.332006698,47.34250545,55.1
73.288,0.202553762,-0.364963245,47.34250545,55.1
73.3,0.202553762,-0.364963245,47.34250545,55.1
73.313,0.202553762,-0.364963245,47.34250545,55.1
73.326,0.201697298,-0.364963245,47.34250545,55.1
73.338,0.202553762,-0.364963245,47.34869396,55
73.351,0.201697298,-0.397919792,47.34250545,55.1
73.364,0.202553762,-0.430876339,47.34869396,55
73.376,0.202553762,-0.430876339,47.34250545,55.1
73.389,0.202553762,-0.430876339,47.34869396,55
73.402,0.202553762,-0.430876339,47.34250545,55.1
73.415,0.202553762,-0.463832887,47.34869396,55
73.427,0.202553762,-0.463832887,47.34250545,55.1
73.44,0.202553762,-0.463832887,47.34869396,55
73.453,0.202553762,-0.463832887,47.34250545,55.1
73.465,0.202553762,-0.463832887,47.34869396,55
73.478,0.202553762,-0.463832887,47.34250545,55.1
73.491,0.202553762,-0.498010047,47.34869396,55
73.504,0.202553762,-0.498010047,47.34250545,55.1
73.516,0.202553762,-0.498010047,47.34869396,55
73.529,0.202553762,-0.498010047,47.34250545,55.1
73.542,0.202553762,-0.498010047,47.34869396,55
73.554,0.202553762,-0.498010047,47.34250545,55.1
73.567,0.202553762,-0.498010047,47.34250545,55.1
73.58,0.202553762,-0.498010047,47.34869396,55
73.592,0.202553762,-0.498010047,47.34250545,55.1
73.605,0.202553762,-0.498010047,47.34869396,55
73.618,0.202553762,-0.498010047,47.34250545,55.1
73.631,0.202553762,-0.498010047,47.34869396,55
73.643,0.202553762,-0.463832887,47.34250545,55.1
73.656,0.202553762,-0.463832887,47.34869396,55
73.669,0.202553762,-0.463832887,47.34250545,55.1
73.681,0.202553762,-0.463832887,47.34869396,55
73.694,0.202553762,-0.430876339,47.34250545,55.1
73.707,0.202553762,-0.430876339,47.34869396,55
73.719,0.202553762,-0.430876339,47.34250545,55.1
73.732,0.202553762,-0.397919792,47.34250545,55.1
73.745,0.202553762,-0.397919792,47.34250545,55.1
73.758,0.202553762,-0.364963245,47.34250545,55.1
73.77,0.202553762,-0.364963245,47.34250545,55.1
73.783,0.202553762,-0.364963245,47.34250545,55.1
73.796,0.202553762,-0.364963245,47.34869396,55
73.808,0.202553762,-0.364963245,47.34869396,55
73.821,0.202553762,-0.332006698,47.34869396,55
73.834,0.202553762,-0.332006698,47.34250545,55.1
73.847,0.201697298,-0.332006698,47.34250545,55.1
73.859,0.202553762,-0.332006698,47.34250545,55.1
73.872,0.201697298,-0.332006698,47.34250545,55.1
73.885,0.202553762,-0.299050151,47.34250545,55.1
73.897,0.202553762,-0.299050151,47.37820632,55.1
73.91,0.202553762,-0.299050151,47.38439483,55
73.923,0.202553762,-0.299050151,47.37820632,55.1
73.935,0.202553762,-0.299050151,47.34869396,55
73.948,0.202553762,-0.299050151,47.34250545,55.1
73.961,0.201697298,-0.299050151,47.34869396,55
73.974,0.202553762,-0.299050151,47.34250545,55.1
73.986,0.202553762,-0.332006698,47.34869396,55
73.999,0.202553762,-0.332006698,47.37820632,55.1
74.012,0.202553762,-0.332006698,47.34869396,55
74.024,0.202553762,-0.332006698,47.34250545,55.1
74.037,0.202553762,-0.332006698,47.34869396,55
74.05,0.202553762,-0.332006698,47.34250545,55.1
74.062,0.202553762,-0.364963245,47.34250545,55.1
74.075,0.202553762,-0.364963245,47.34869396,55
74.088,0.202553762,-0.364963245,47.34250545,55.1
74.101,0.202553762,-0.364963245,47.34869396,55
74.113,0.202553762,-0.397919792,47.34250545,55.1
74.126,0.202553762,-0.397919792,47.34869396,55
74.139,0.202553762,-0.397919792,47.34250545,55.1
74.151,0.202553762,-0.430876339,47.34869396,55
74.164,0.202553762,-0.430876339,47.34250545,55.1
74.177,0.202553762,-0.463832887,47.34869396,55
74.19,0.202553762,-0.463832887,47.34250545,55.1
74.202,0.202553762,-0.463832887,47.34869396,55
74.215,0.202553762,-0.463832887,47.34250545,55.1
74.228,0.202553762,-0.463832887,47.34869396,55
74.24,0.202981994,-0.463832887,47.44250545,55
74.253,0.202553762,-0.498010047,47.34250545,55.1
74.266,0.202553762,-0.498010047,47.44250545,55
74.278,0.202553762,-0.498010047,47.44250545,55
74.291,0.202553762,-0.498010047,47.44869396,54.9
74.304,0.202553762,-0.498010047,47.44250545,55
74.317,0.202553762,-0.498010047,47.44869396,54.9
74.329,0.202553762,-0.498010047,47.34250545,55.1
74.342,0.202553762,-0.498010047,47.44869396,54.9
74.355,0.202553762,-0.498010047,47.34250545,55.1
74.367,0.202553762,-0.498010047,47.44869396,54.9
74.38,0.202553762,-0.498010047,47.34250545,55.1
74.393,0.202553762,-0.498010047,47.44869396,54.9
74.405,0.202553762,-0.498010047,47.34250545,55.1
74.418,0.202553762,-0.498010047,47.44869396,54.9
74.431,0.202553762,-0.498010047,47.44250545,55
74.444,0.202553762,-0.498010047,47.44250545,55
74.456,0.202553762,-0.463832887,47.44250545,55
74.469,0.202553762,-0.463832887,47.44250545,55
74.482,0.202553762,-0.463832887,47.44250545,55
74.494,0.202553762,-0.463832887,47.44869396,54.9
74.507,0.202553762,-0.430876339,47.44250545,55
74.52,0.202553762,-0.430876339,47.44869396,54.9
74.533,0.202553762,-0.430876339,47.44250545,55
74.545,0.202553762,-0.430876339,47.44869396,54.9
74.558,0.202553762,-0.430876339,47.44250545,55
74.571,0.202553762,-0.397919792,47.44869396,54.9
74.583,0.202553762,-0.397919792,47.44250545,55
74.596,0.202553762,-0.364963245,47.44869396,54.9
74.609,0.202553762,-0.364963245,47.44250545,55
74.621,0.202553762,-0.364963245,47.44869396,54.9
74.634,0.202553762,-0.364963245,47.44250545,55
74.647,0.202553762,-0.364963245,47.44869396,54.9
74.66,0.202553762,-0.332006698,47.44250545,55
74.672,0.202553762,-0.332006698,47.44869396,54.9
74.685,0.202553762,-0.332006698,47.44250545,55
74.698,0.202553762,-0.332006698,47.44869396,54.9
74.71,0.202553762,-0.332006698,47.44250545,55
74.723,0.202553762,-0.332006698,47.48439483,54.9
74.736,0.202553762,-0.332006698,47.47820632,55
74.748,0.201697298,-0.332006698,47.48439483,54.9
74.761,0.202553762,-0.332006698,47.44250545,55
74.774,0.202553762,-0.332006698,47.44250545,55
74.787,0.202553762,-0.332006698,47.44869396,54.9
74.799,0.202553762,-0.364963245,47.44250545,55
74.812,0.202553762,-0.364963245,47.44869396,54.9
74.825,0.202553762,-0.364963245,47.44250545,55
74.837,0.202553762,-0.364963245,47.44869396,54.9
74.85,0.202553762,-0.364963245,47.44250545,55
74.863,0.202553762,-0.364963245,47.44869396,54.9
74.876,0.202553762,-0.364963245,47.44250545,55
74.888,0.202553762,-0.364963245,47.44869396,54.9
74.901,0.202553762,-0.397919792,47.44250545,55
74.914,0.202553762,-0.430876339,47.44869396,54.9
74.926,0.202553762,-0.430876339,47.44250545,55
74.939,0.202553762,-0.430876339,47.44250545,55
74.952,0.202553762,-0.430876339,47.44250545,55
74.964,0.202553762,-0.430876339,47.44250545,55
74.977,0.202553762,-0.430876339,47.44250545,55
74.99,0.202553762,-0.463832887,47.44250545,55
75.003,0.202553762,-0.463832887,47.44869396,54.9
75.015,0.202553762,-0.463832887,47.44250545,55
75.028,0.202553762,-0.463832887,47.44869396,54.9
75.041,0.201697298,-0.463832887,47.44250545,55
75.053,0.202553762,-0.463832887,47.44250545,55
75.066,0.202553762,-0.498010047,47.44250545,55
75.079,0.202553762,-0.463832887,47.44250545,55
75.091,0.202553762,-0.463832887,47.44250545,55
75.104,0.202553762,-0.463832887,47.44250545,55
75.117,0.202553762,-0.463832887,47.44250545,55
75.13,0.202553762,-0.463832887,47.44250545,55
75.142,0.202553762,-0.463832887,47.44250545,55
75.155,0.202553762,-0.463832887,47.44250545,55
75.168,0.202553762,-0.463832887,47.44250545,55
75.18,0.202553762,-0.463832887,47.44250545,55
75.193,0.202553762,-0.463832887,47.44250545,55
75.206,0.202553762,-0.463832887,47.44250545,55
75.219,0.202553762,-0.463832887,47.44869396,54.9
75.231,0.202553762,-0.430876339,47.44250545,55
75.244,0.202553762,-0.430876339,47.44250545,55
75.257,0.202553762,-0.430876339,47.44250545,55
75.269,0.202553762,-0.430876339,47.44250545,55
75.282,0.202553762,-0.397919792,47.44250545,55
75.295,0.201697298,-0.397919792,47.44250545,55
75.307,0.202553762,-0.397919792,47.44869396,54.9
75.32,0.202553762,-0.397919792,47.44250545,55
75.333,0.202553762,-0.397919792,47.44869396,54.9
75.346,0.202553762,-0.364963245,47.44250545,55
75.358,0.202553762,-0.364963245,47.48439483,54.9
75.371,0.201697298,-0.364963245,47.47820632,55
75.384,0.201697298,-0.364963245,47.44869396,54.9
75.396,0.201697298,-0.332006698,47.44250545,55
75.409,0.202553762,-0.332006698,47.48439483,54.9
75.422,0.202553762,-0.299050151,47.47820632,55
75.434,0.202553762,-0.299050151,47.48439483,54.9
75.447,0.202553762,-0.332006698,47.47820632,55
75.46,0.201697298,-0.332006698,47.44250545,55
75.473,0.202553762,-0.332006698,47.44250545,55
75.485,0.202553762,-0.332006698,47.44250545,55
75.498,0.202553762,-0.332006698,47.48439483,54.9
75.511,0.202553762,-0.332006698,47.47820632,55
75.523,0.202553762,-0.332006698,47.48439483,54.9
75.536,0.202553762,-0.332006698,47.47820632,55
75.549,0.202553762,-0.332006698,47.48439483,54.9
75.562,0.202553762,-0.332006698,47.47820632,55
75.574,0.202553762,-0.332006698,47.44869396,54.9
75.587,0.202553762,-0.332006698,47.44250545,55
75.6,0.201697298,-0.332006698,47.44869396,54.9
75.612,0.201697298,-0.332006698,47.44250545,55
75.625,0.202553762,-0.364963245,47.44869396,54.9
75.638,0.202553762,-0.364963245,47.44250545,55
75.65,0.202553762,-0.364963245,47.44250545,55
75.663,0.202553762,-0.364963245,47.44250545,55
75.676,0.202553762,-0.364963245,47.44250545,55
75.689,0.202553762,-0.364963245,47.44250545,55
75.701,0.202553762,-0.397919792,47.44250545,55
75.714,0.202553762,-0.397919792,47.44250545,55
75.727,0.202553762,-0.397919792,47.44250545,55
75.739,0.202553762,-0.430876339,47.44250545,55
75.752,0.202553762,-0.430876339,47.44250545,55
75.765,0.202553762,-0.430876339,47.44250545,55
75.777,0.202553762,-0.430876339,47.44250545,55
75.79,0.202553762,-0.430876339,47.44250545,55
75.803,0.202553762,-0.430876339,47.44250545,55
75.816,0.202553762,-0.463832887,47.44250545,55
75.828,0.202553762,-0.463832887,47.44869396,54.9
75.841,0.202553762,-0.463832887,47.44250545,55
75.854,0.202553762,-0.463832887,47.44250545,55
75.866,0.202553762,-0.463832887,47.44250545,55
75.879,0.202553762,-0.463832887,47.44250545,55
75.892,0.202553762,-0.463832887,47.44250545,55
75.905,0.202553762,-0.463832887,47.44869396,54.9
75.917,0.202553762,-0.463832887,47.44250545,55
75.93,0.202553762,-0.463832887,47.44869396,54.9
75.943,0.202553762,-0.463832887,47.44250545,55
75.955,0.202553762,-0.463832887,47.44250545,55
75.968,0.202553762,-0.463832887,47.44869396,54.9
75.981,0.202553762,-0.463832887,47.44250545,55
75.993,0.201697298,-0.463832887,47.44869396,54.9
76.006,0.201697298,-0.430876339,47.44250545,55
76.019,0.202553762,-0.430876339,47.44869396,54.9
76.032,0.201697298,-0.430876339,47.44250545,55
76.044,0.201697298,-0.397919792,47.44869396,54.9
76.057,0.202553762,-0.397919792,47.44250545,55
76.07,0.202553762,-0.397919792,47.44869396,54.9
76.082,0.202553762,-0.397919792,47.44250545,55
76.095,0.202553762,-0.397919792,47.44869396,54.9
76.108,0.202553762,-0.397919792,47.44250545,55
76.12,0.202553762,-0.397919792,47.44869396,54.9
76.133,0.202553762,-0.397919792,47.47820632,55
76.146,0.202553762,-0.364963245,47.44869396,54.9
76.159,0.202553762,-0.364963245,47.44250545,55
76.171,0.202553762,-0.364963245,47.44250545,55
76.184,0.202553762,-0.364963245,47.44250545,55
76.197,0.202553762,-0.332006698,47.44250545,55
76.209,0.202553762,-0.332006698,47.44869396,54.9
76.222,0.202553762,-0.299050151,47.44250545,55
76.235,0.202553762,-0.299050151,47.44869396,54.9
76.248,0.202553762,-0.299050151,47.44250545,55
76.26,0.202553762,-0.299050151,47.44869396,54.9
76.273,0.202553762,-0.299050151,47.47820632,55
76.286,0.202553762,-0.299050151,47.48439483,54.9
76.298,0.202553762,-0.299050151,47.47820632,55
76.311,0.202553762,-0.299050151,47.44250545,55
76.324,0.202553762,-0.299050151,47.44250545,55
76.336,0.202553762,-0.332006698,47.44250545,55
76.349,0.202553762,-0.332006698,47.44250545,55
76.362,0.202553762,-0.332006698,47.44250545,55
76.375,0.202553762,-0.332006698,47.44250545,55
76.387,0.202553762,-0.332006698,47.44250545,55
76.4,0.202553762,-0.332006698,47.47820632,55
76.413,0.202553762,-0.332006698,47.44250545,55
76.425,0.202553762,-0.332006698,47.44250545,55
76.438,0.202553762,-0.332006698,47.44250545,55
76.451,0.202553762,-0.364963245,47.44250545,55
76.463,0.202553762,-0.364963245,47.44250545,55
76.476,0.202553762,-0.364963245,47.44250545,55
76.489,0.202553762,-0.364963245,47.44250545,55
76.502,0.202553762,-0.364963245,47.44250545,55
76.514,0.202553762,-0.364963245,47.44869396,54.9
76.527,0.202553762,-0.364963245,47.44250545,55
76.54,0.202553762,-0.364963245,47.44250545,55
76.552,0.202553762,-0.397919792,47.44250545,55
76.565,0.202553762,-0.397919792,47.44869396,54.9
76.578,0.202553762,-0.397919792,47.44250545,55
76.591,0.201697298,-0.397919792,47.44869396,54.9
76.603,0.201697298,-0.397919792,47.44250545,55
76.616,0.202553762,-0.430876339,47.44869396,54.9
76.629,0.202553762,-0.430876339,47.44250545,55
76.641,0.202553762,-0.430876339,47.44869396,54.9
76.654,0.202553762,-0.430876339,47.44250545,55
76.667,0.202553762,-0.430876339,47.44869396,54.9
76.679,0.202553762,-0.463832887,47.44250545,55
76.692,0.202553762,-0.463832887,47.44250545,55
76.705,0.202553762,-0.463832887,47.48439483,54.9
76.718,0.202553762,-0.463832887,47.44250545,55
76.73,0.202553762,-0.463832887,47.44869396,54.9
76.743,0.202553762,-0.463832887,47.44250545,55
76.756,0.202553762,-0.463832887,47.44869396,54.9
76.768,0.202553762,-0.463832887,47.44250545,55
76.781,0.202553762,-0.463832887,47.44869396,54.9
76.794,0.202553762,-0.463832887,47.44250545,55
76.806,0.202553762,-0.463832887,47.48439483,54.9
76.819,0.202553762,-0.463832887,47.47820632,55
76.832,0.202553762,-0.430876339,47.44869396,54.9
76.845,0.202553762,-0.430876339,47.44250545,55
76.857,0.202553762,-0.430876339,47.44250545,55
76.87,0.202553762,-0.430876339,47.44250545,55
76.883,0.202553762,-0.430876339,47.44250545,55
76.895,0.202553762,-0.430876339,47.44869396,54.9
76.908,0.202553762,-0.430876339,47.44250545,55
76.921,0.202553762,-0.397919792,47.44869396,54.9
76.934,0.202553762,-0.397919792,47.44250545,55
76.946,0.202553762,-0.397919792,47.44869396,54.9
76.959,0.202553762,-0.397919792,47.44250545,55
76.972,0.202553762,-0.397919792,47.44869396,54.9
76.984,0.202553762,-0.364963245,47.44250545,55
76.997,0.202553762,-0.364963245,47.44869396,54.9
77.01,0.202553762,-0.364963245,47.44250545,55
77.022,0.202553762,-0.364963245,47.44869396,54.9
77.035,0.202553762,-0.364963245,47.44250545,55
77.048,0.202553762,-0.364963245,47.44250545,55
77.061,0.202553762,-0.364963245,47.44250545,55
77.073,0.201697298,-0.364963245,47.44250545,55
77.086,0.202553762,-0.364963245,47.44250545,55
77.099,0.201697298,-0.364963245,47.44250545,55
77.111,0.201697298,-0.332006698,47.44250545,55
77.124,0.201697298,-0.332006698,47.44869396,54.9
77.137,0.201697298,-0.364963245,47.47820632,55
77.149,0.202553762,-0.364963245,47.47820632,55
77.162,0.202553762,-0.364963245,47.47820632,55
77.175,0.202553762,-0.364963245,47.44869396,54.9
77.188,0.202553762,-0.364963245,47.44250545,55
77.2,0.202553762,-0.364963245,47.44869396,54.9
77.213,0.202553762,-0.364963245,47.44250545,55
77.226,0.202553762,-0.364963245,47.44869396,54.9
77.238,0.202553762,-0.397919792,47.44250545,55
77.251,0.202553762,-0.397919792,47.44869396,54.9
77.264,0.202553762,-0.397919792,47.44250545,55
77.277,0.202553762,-0.397919792,47.44869396,54.9
77.289,0.202553762,-0.397919792,47.44250545,55
77.302,0.202553762,-0.397919792,47.44869396,54.9
77.315,0.202553762,-0.397919792,47.44250545,55
77.327,0.202553762,-0.430876339,47.44869396,54.9
77.34,0.202553762,-0.430876339,47.44250545,55
77.353,0.202553762,-0.430876339,47.44869396,54.9
77.365,0.202553762,-0.430876339,47.47820632,55
77.378,0.202553762,-0.463832887,47.48439483,54.9
77.391,0.202553762,-0.430876339,47.47820632,55
77.404,0.202553762,-0.430876339,47.47820632,55
77.416,0.202553762,-0.430876339,47.44250545,55
77.429,0.202553762,-0.430876339,47.44250545,55
77.442,0.202553762,-0.463832887,47.44250545,55
77.454,0.201697298,-0.463832887,47.44250545,55
77.467,0.201697298,-0.463832887,47.44869396,54.9
77.48,0.202553762,-0.463832887,47.44250545,55
77.492,0.202553762,-0.463832887,47.44869396,54.9
77.505,0.202553762,-0.463832887,47.44250545,55
77.518,0.202553762,-0.463832887,47.44869396,54.9
77.531,0.202553762,-0.463832887,47.44250545,55
77.543,0.201697298,-0.463832887,47.44250545,55
77.556,0.201697298,-0.463832887,47.44250545,55
77.569,0.201697298,-0.430876339,47.44250545,55
77.581,0.202553762,-0.430876339,47.44250545,55
77.594,0.202553762,-0.430876339,47.44250545,55
77.607,0.202553762,-0.430876339,47.44250545,55
77.62,0.202553762,-0.430876339,47.44250545,55
77.632,0.202553762,-0.430876339,47.44250545,55
77.645,0.202553762,-0.430876339,47.44250545,55
77.658,0.202553762,-0.430876339,47.44250545,55
77.67,0.202553762,-0.397919792,47.44250545,55
77.683,0.202553762,-0.397919792,47.44869396,54.9
77.696,0.202553762,-0.397919792,47.44250545,55
77.708,0.202553762,-0.397919792,47.44250545,55
77.721,0.202553762,-0.397919792,47.44869396,54.9
77.734,0.202553762,-0.364963245,47.44250545,55
77.747,0.202553762,-0.364963245,47.44250545,55
77.759,0.202553762,-0.364963245,47.44250545,55
77.772,0.202553762,-0.364963245,47.44250545,55
77.785,0.202553762,-0.364963245,47.44250545,55
77.797,0.202553762,-0.364963245,47.44869396,54.9
77.81,0.202553762,-0.364963245,47.44250545,55
77.823,0.202553762,-0.364963245,47.44869396,54.9
77.835,0.202553762,-0.364963245,47.44250545,55
77.848,0.202553762,-0.364963245,47.44869396,54.9
77.861,0.202553762,-0.332006698,47.44250545,55
77.874,0.202553762,-0.332006698,47.44250545,55
77.886,0.202553762,-0.332006698,47.44250545,55
77.899,0.201697298,-0.332006698,47.44250545,55
77.912,0.202553762,-0.332006698,47.44250545,55
77.924,0.202553762,-0.364963245,47.44250545,55
77.937,0.202553762,-0.364963245,47.44250545,55
77.95,0.202553762,-0.364963245,47.47820632,55
77.963,0.202553762,-0.364963245,47.44869396,54.9
77.975,0.202553762,-0.364963245,47.47820632,55
77.988,0.202553762,-0.397919792,47.44869396,54.9
78.001,0.202553762,-0.364963245,47.44250545,55
78.013,0.202553762,-0.364963245,47.44869396,54.9
78.026,0.202553762,-0.397919792,47.44250545,55
78.039,0.202553762,-0.397919792,47.44869396,54.9
78.051,0.202553762,-0.397919792,47.44250545,55
78.064,0.202553762,-0.397919792,47.44250545,55
78.077,0.201697298,-0.397919792,47.44250545,55
78.09,0.201697298,-0.397919792,47.44250545,55
78.102,0.202553762,-0.397919792,47.44869396,54.9
78.115,0.202553762,-0.430876339,47.44250545,55
78.128,0.202553762,-0.430876339,47.44869396,54.9
78.14,0.201697298,-0.430876339,47.44250545,55
78.153,0.202553762,-0.430876339,47.44869396,54.9
78.166,0.202553762,-0.430876339,47.44250545,55
78.178,0.202553762,-0.430876339,47.44869396,54.9
78.191,0.202553762,-0.430876339,47.44250545,55
78.204,0.202553762,-0.463832887,47.44869396,54.9
78.217,0.202553762,-0.463832887,47.44250545,55
78.229,0.202553762,-0.463832887,47.44869396,54.9
78.242,0.202553762,-0.463832887,47.44250545,55
78.255,0.202553762,-0.463832887,47.44869396,54.9
78.267,0.202553762,-0.463832887,47.44250545,55
78.28,0.202553762,-0.463832887,47.44869396,54.9
78.293,0.202553762,-0.463832887,47.44250545,55
78.306,0.202553762,-0.430876339,47.44250545,55
78.318,0.202553762,-0.430876339,47.44250545,55
78.331,0.202553762,-0.430876339,47.44869396,54.9
78.344,0.202553762,-0.463832887,47.44250545,55
78.356,0.202553762,-0.430876339,47.44250545,55
78.369,0.202553762,-0.430876339,47.44250545,55
78.382,0.202553762,-0.430876339,47.44250545,55
78.394,0.202553762,-0.430876339,47.44250545,55
78.407,0.202553762,-0.430876339,47.44869396,54.9
78.42,0.202553762,-0.430876339,47.44250545,55
78.433,0.202553762,-0.397919792,47.44869396,54.9
78.445,0.202553762,-0.397919792,47.44250545,55
78.458,0.202553762,-0.397919792,47.44250545,55
78.471,0.202553762,-0.397919792,47.44250545,55
78.483,0.202553762,-0.397919792,47.44869396,54.9
78.496,0.202553762,-0.397919792,47.44250545,55
78.509,0.202553762,-0.397919792,47.44869396,54.9
78.521,0.202553762,-0.397919792,47.44250545,55
78.534,0.202553762,-0.397919792,47.44869396,54.9
78.547,0.202553762,-0.364963245,47.44250545,55
78.56,0.202553762,-0.364963245,47.48439483,54.9
78.572,0.202553762,-0.364963245,47.47820632,55
78.585,0.201697298,-0.364963245,47.44869396,54.9
78.598,0.201697298,-0.364963245,47.44250545,55
78.61,0.201697298,-0.364963245,47.44250545,55
78.623,0.202553762,-0.364963245,47.44869396,54.9
78.636,0.202553762,-0.364963245,47.44250545,55
78.648,0.202553762,-0.364963245,47.48439483,54.9
78.661,0.202553762,-0.364963245,47.44250545,55
78.674,0.202553762,-0.364963245,47.44869396,54.9
78.687,0.202553762,-0.364963245,47.44250545,55
78.699,0.202553762,-0.332006698,47.44869396,54.9
78.712,0.202553762,-0.332006698,47.44250545,55
78.725,0.202553762,-0.364963245,47.48439483,54.9
78.737,0.202553762,-0.364963245,47.44250545,55
78.75,0.202553762,-0.364963245,47.48439483,54.9
78.763,0.202553762,-0.364963245,47.44250545,55
78.776,0.202553762,-0.364963245,47.44869396,54.9
78.788,0.202553762,-0.364963245,47.44250545,55
78.801,0.202553762,-0.364963245,47.44869396,54.9
78.814,0.202553762,-0.364963245,47.44250545,55
78.826,0.202553762,-0.364963245,47.44250545,55
78.839,0.202553762,-0.364963245,47.44250545,55
78.852,0.202553762,-0.397919792,47.54250545,54.9
78.864,0.202553762,-0.397919792,47.44250545,55
78.877,0.202553762,-0.397919792,47.54250545,54.9
78.89,0.202553762,-0.397919792,47.44869396,54.9
78.903,0.202553762,-0.397919792,47.54250545,54.9
78.915,0.202553762,-0.397919792,47.44869396,54.9
78.928,0.202553762,-0.397919792,47.54250545,54.9
78.941,0.202553762,-0.397919792,47.57820632,54.9
78.953,0.202553762,-0.397919792,47.54250545,54.9
78.966,0.202553762,-0.430876339,47.54250545,54.9
78.979,0.202553762,-0.430876339,47.54250545,54.9
78.992,0.202553762,-0.430876339,47.54250545,54.9
79.004,0.202553762,-0.430876339,47.54250545,54.9
79.017,0.202553762,-0.430876339,47.54250545,54.9
79.03,0.202553762,-0.430876339,47.54869396,54.8
79.042,0.202553762,-0.430876339,47.54250545,54.9
79.055,0.202553762,-0.430876339,47.54250545,54.9
79.068,0.202553762,-0.430876339,47.44250545,55
79.08,0.202553762,-0.463832887,47.54869396,54.8
79.093,0.202553762,-0.463832887,47.54250545,54.9
79.106,0.202553762,-0.430876339,47.54250545,54.9
79.119,0.202553762,-0.430876339,47.54250545,54.9
79.131,0.202553762,-0.463832887,47.54250545,54.9
79.144,0.202553762,-0.463832887,47.54250545,54.9
79.157,0.202553762,-0.463832887,47.54250545,54.9
79.169,0.202553762,-0.430876339,47.54869396,54.8
79.182,0.202553762,-0.430876339,47.54250545,54.9
79.195,0.202553762,-0.430876339,47.54869396,54.8
79.207,0.202553762,-0.430876339,47.54250545,54.9
79.22,0.202553762,-0.430876339,47.54869396,54.8
79.233,0.202553762,-0.430876339,47.54250545,54.9
79.246,0.201697298,-0.430876339,47.54869396,54.8
79.258,0.202553762,-0.430876339,47.54250545,54.9
79.271,0.202553762,-0.430876339,47.54869396,54.8
79.284,0.202553762,-0.397919792,47.54250545,54.9
79.296,0.201697298,-0.397919792,47.54869396,54.8
79.309,0.202553762,-0.397919792,47.54250545,54.9
79.322,0.202553762,-0.397919792,47.54250545,54.9
79.335,0.201697298,-0.364963245,47.54250545,54.9
79.347,0.201697298,-0.364963245,47.54250545,54.9
79.36,0.202553762,-0.364963245,47.54250545,54.9
79.373,0.202553762,-0.364963245,47.54250545,54.9
79.385,0.202553762,-0.364963245,47.54869396,54.8
79.398,0.202553762,-0.364963245,47.57820632,54.9
79.411,0.202553762,-0.364963245,47.58439483,54.8
79.423,0.202553762,-0.364963245,47.54250545,54.9
79.436,0.202553762,-0.364963245,47.58439483,54.8
79.449,0.202553762,-0.332006698,47.57820632,54.9
79.462,0.202553762,-0.364963245,47.58439483,54.8
79.474,0.202553762,-0.364963245,47.54250545,54.9
79.487,0.202553762,-0.332006698,47.54869396,54.8
79.5,0.202553762,-0.332006698,47.54250545,54.9
79.512,0.201697298,-0.332006698,47.54869396,54.8
79.525,0.202553762,-0.332006698,47.54250545,54.9
79.538,0.202553762,-0.364963245,47.57820632,54.9
79.55,0.202553762,-0.364963245,47.57820632,54.9
79.563,0.202553762,-0.364963245,47.57820632,54.9
79.576,0.202553762,-0.364963245,47.58439483,54.8
79.589,0.202553762,-0.364963245,47.57820632,54.9
79.601,0.202553762,-0.364963245,47.58439483,54.8
79.614,0.202553762,-0.364963245,47.54250545,54.9
79.627,0.202553762,-0.364963245,47.54869396,54.8
79.639,0.202553762,-0.364963245,47.54250545,54.9
79.652,0.202553762,-0.364963245,47.54250545,54.9
79.665,0.202553762,-0.397919792,47.54250545,54.9
79.678,0.202553762,-0.397919792,47.54250545,54.9
79.69,0.202553762,-0.397919792,47.54250545,54.9
79.703,0.202553762,-0.397919792,47.54869396,54.8
79.716,0.202553762,-0.397919792,47.54250545,54.9
79.728,0.202553762,-0.397919792,47.54869396,54.8
79.741,0.202553762,-0.397919792,47.54250545,54.9
79.754,0.202553762,-0.397919792,47.54250545,54.9
79.766,0.202553762,-0.397919792,47.54250545,54.9
79.779,0.201697298,-0.397919792,47.54250545,54.9
79.792,0.202553762,-0.430876339,47.54250545,54.9
79.805,0.202553762,-0.430876339,47.54869396,54.8
79.817,0.202553762,-0.430876339,47.54250545,54.9
79.83,0.202553762,-0.430876339,47.54869396,54.8
79.843,0.202553762,-0.430876339,47.54250545,54.9
79.855,0.202553762,-0.430876339,47.58439483,54.8
79.868,0.202553762,-0.430876339,47.54250545,54.9
79.881,0.202553762,-0.430876339,47.54869396,54.8
79.893,0.202553762,-0.430876339,47.54250545,54.9
79.906,0.202553762,-0.430876339,47.54869396,54.8
79.919,0.202553762,-0.430876339,47.54250545,54.9
79.932,0.202553762,-0.430876339,47.58439483,54.8
79.944,0.202553762,-0.430876339,47.54250545,54.9
79.957,0.202553762,-0.430876339,47.54869396,54.8
79.97,0.202553762,-0.430876339,47.54250545,54.9
79.982,0.202553762,-0.430876339,47.54869396,54.8
79.995,0.202553762,-0.430876339,47.54250545,54.9
80.008,0.202553762,-0.430876339,47.54869396,54.8
80.02,0.202553762,-0.430876339,47.54250545,54.9
80.033,0.202553762,-0.397919792,47.58439483,54.8
80.046,0.201697298,-0.397919792,47.57820632,54.9
80.059,0.202553762,-0.397919792,47.57820632,54.9
80.071,0.202553762,-0.397919792,47.54250545,54.9
80.084,0.202553762,-0.397919792,47.54250545,54.9
80.097,0.202553762,-0.397919792,47.54869396,54.8
80.109,0.202553762,-0.364963245,47.54250545,54.9
80.122,0.202553762,-0.364963245,47.54869396,54.8
80.135,0.202981994,-0.364963245,47.57820632,54.9
80.148,0.202981994,-0.364963245,47.58439483,54.8
80.16,0.202553762,-0.364963245,47.57820632,54.9
80.173,0.202553762,-0.364963245,47.54869396,54.8
80.186,0.202553762,-0.364963245,47.54250545,54.9
80.198,0.202553762,-0.364963245,47.54869396,54.8
80.211,0.202553762,-0.364963245,47.54250545,54.9
80.224,0.202553762,-0.364963245,47.54250545,54.9
80.236,0.202553762,-0.364963245,47.54250545,54.9
80.249,0.202553762,-0.364963245,47.54250545,54.9
80.262,0.202553762,-0.364963245,47.54250545,54.9
80.275,0.202553762,-0.364963245,47.54250545,54.9
80.287,0.202553762,-0.332006698,47.54869396,54.8
80.3,0.202553762,-0.364963245,47.54250545,54.9
80.313,0.202553762,-0.364963245,47.58439483,54.8
80.325,0.202553762,-0.364963245,47.57820632,54.9
80.338,0.202553762,-0.364963245,47.57820632,54.9
80.351,0.202553762,-0.364963245,47.54250545,54.9
80.363,0.202553762,-0.364963245,47.54250545,54.9
80.376,0.202553762,-0.364963245,47.54250545,54.9
80.389,0.202553762,-0.364963245,47.54250545,54.9
80.402,0.202553762,-0.397919792,47.54869396,54.8
80.414,0.202553762,-0.364963245,47.54250545,54.9
80.427,0.201697298,-0.364963245,47.54869396,54.8
80.44,0.202553762,-0.364963245,47.54250545,54.9
80.452,0.202553762,-0.397919792,47.54869396,54.8
80.465,0.202553762,-0.397919792,47.54250545,54.9
80.478,0.202553762,-0.397919792,47.54869396,54.8
80.491,0.202553762,-0.397919792,47.54250545,54.9
80.503,0.202553762,-0.397919792,47.54869396,54.8
80.516,0.202553762,-0.397919792,47.54869396,54.8
80.529,0.202553762,-0.397919792,47.54869396,54.8
80.541,0.202553762,-0.397919792,47.54869396,54.8
80.554,0.202553762,-0.397919792,47.54250545,54.9
80.567,0.202553762,-0.397919792,47.54250545,54.9
80.579,0.202553762,-0.397919792,47.54250545,54.9
80.592,0.202553762,-0.397919792,47.54869396,54.8
80.605,0.202553762,-0.430876339,47.54250545,54.9
80.618,0.202553762,-0.397919792,47.54869396,54.8
80.63,0.202553762,-0.430876339,47.54250545,54.9
80.643,0.202553762,-0.430876339,47.54869396,54.8
80.656,0.202553762,-0.430876339,47.54250545,54.9
80.668,0.202553762,-0.397919792,47.54869396,54.8
80.681,0.202553762,-0.430876339,47.54250545,54.9
80.694,0.202553762,-0.430876339,47.54869396,54.8
80.706,0.202553762,-0.430876339,47.54250545,54.9
80.719,0.202553762,-0.430876339,47.54869396,54.8
80.732,0.202553762,-0.430876339,47.54250545,54.9
80.745,0.202553762,-0.397919792,47.54250545,54.9
80.757,0.202553762,-0.430876339,47.54869396,54.8
80.77,0.202553762,-0.397919792,47.54250545,54.9
80.783,0.202553762,-0.397919792,47.54869396,54.8
80.795,0.202553762,-0.397919792,47.54250545,54.9
80.808,0.202553762,-0.397919792,47.54869396,54.8
80.821,0.202553762,-0.397919792,47.54250545,54.9
80.834,0.202553762,-0.397919792,47.54869396,54.8
80.846,0.202553762,-0.430876339,47.54250545,54.9
80.859,0.202553762,-0.397919792,47.54869396,54.8
80.872,0.202553762,-0.397919792,47.54250545,54.9
80.884,0.202553762,-0.397919792,47.54869396,54.8
80.897,0.202553762,-0.397919792,47.54250545,54.9
80.91,0.202553762,-0.364963245,47.58439483,54.8
80.922,0.202553762,-0.364963245,47.57820632,54.9
80.935,0.202553762,-0.364963245,47.58439483,54.8
80.948,0.201697298,-0.364963245,47.54250545,54.9
80.961,0.202553762,-0.364963245,47.54250545,54.9
80.973,0.202553762,-0.364963245,47.54250545,54.9
80.986,0.202553762,-0.397919792,47.54250545,54.9
80.999,0.202553762,-0.364963245,47.57820632,54.9
81.011,0.202553762,-0.364963245,47.58439483,54.8
81.024,0.202553762,-0.364963245,47.57820632,54.9
81.037,0.202553762,-0.364963245,47.58439483,54.8
81.049,0.202553762,-0.364963245,47.54250545,54.9
81.062,0.202553762,-0.364963245,47.54869396,54.8
81.075,0.202553762,-0.364963245,47.54250545,54.9
81.088,0.202553762,-0.364963245,47.54869396,54.8
81.1,0.202553762,-0.364963245,47.54250545,54.9
81.113,0.202553762,-0.364963245,47.54869396,54.8
81.126,0.202553762,-0.397919792,47.54250545,54.9
81.138,0.202553762,-0.397919792,47.54869396,54.8
81.151,0.202553762,-0.397919792,47.54250545,54.9
81.164,0.202553762,-0.364963245,47.54869396,54.8
81.177,0.202553762,-0.364963245,47.54250545,54.9
81.189,0.202553762,-0.397919792,47.54869396,54.8
81.202,0.202553762,-0.397919792,47.54250545,54.9
81.215,0.202553762,-0.397919792,47.54869396,54.8
81.227,0.202553762,-0.397919792,47.54250545,54.9
81.24,0.202553762,-0.397919792,47.54869396,54.8
81.253,0.202553762,-0.397919792,47.54250545,54.9
81.265,0.202553762,-0.397919792,47.54250545,54.9
81.278,0.202553762,-0.397919792,47.54869396,54.8
81.291,0.201697298,-0.397919792,47.54250545,54.9
81.304,0.201697298,-0.397919792,47.54869396,54.8
81.316,0.202553762,-0.397919792,47.54250545,54.9
81.329,0.202553762,-0.397919792,47.54869396,54.8
81.342,0.202553762,-0.430876339,47.54250545,54.9
81.354,0.201697298,-0.397919792,47.54869396,54.8
81.367,0.202553762,-0.397919792,47.54250545,54.9
81.38,0.202553762,-0.397919792,47.54869396,54.8
81.392,0.202553762,-0.397919792,47.54250545,54.9
81.405,0.202553762,-0.430876339,47.54869396,54.8
81.418,0.202553762,-0.430876339,47.54250545,54.9
81.431,0.202553762,-0.430876339,47.54869396,54.8
81.443,0.202553762,-0.430876339,47.54250545,54.9
81.456,0.202553762,-0.430876339,47.54869396,54.8
81.469,0.201697298,-0.430876339,47.54250545,54.9
81.481,0.202553762,-0.430876339,47.54250545,54.9
81.494,0.202553762,-0.430876339,47.54869396,54.8
81.507,0.202553762,-0.430876339,47.54250545,54.9
81.52,0.202553762,-0.430876339,47.54869396,54.8
81.532,0.202553762,-0.430876339,47.54250545,54.9
81.545,0.202553762,-0.430876339,47.54869396,54.8
81.558,0.202553762,-0.397919792,47.54250545,54.9
81.57,0.202553762,-0.397919792,47.54869396,54.8
81.583,0.202553762,-0.397919792,47.54250545,54.9
81.596,0.202553762,-0.397919792,47.54869396,54.8
81.608,0.202553762,-0.397919792,47.54250545,54.9
81.621,0.202553762,-0.364963245,47.54250545,54.9
81.634,0.202553762,-0.364963245,47.54250545,54.9
81.647,0.202553762,-0.364963245,47.54250545,54.9
81.659,0.202553762,-0.364963245,47.54250545,54.9
81.672,0.202553762,-0.364963245,47.54250545,54.9
81.685,0.202553762,-0.364963245,47.54869396,54.8
81.697,0.202553762,-0.364963245,47.54250545,54.9
81.71,0.202553762,-0.364963245,47.54869396,54.8
81.723,0.202553762,-0.332006698,47.54250545,54.9
81.735,0.202553762,-0.332006698,47.54250545,54.9
81.748,0.202553762,-0.332006698,47.54250545,54.9
81.761,0.202553762,-0.332006698,47.54250545,54.9
81.774,0.202553762,-0.332006698,47.54250545,54.9
81.786,0.201697298,-0.332006698,47.54250545,54.9
81.799,0.202553762,-0.332006698,47.54869396,54.8
81.812,0.202553762,-0.332006698,47.54250545,54.9
81.824,0.202553762,-0.332006698,47.54869396,54.8
81.837,0.202553762,-0.332006698,47.54250545,54.9
81.85,0.202553762,-0.332006698,47.54869396,54.8
81.863,0.202553762,-0.332006698,47.54250545,54.9
81.875,0.202553762,-0.332006698,47.54869396,54.8
81.888,0.202553762,-0.332006698,47.54250545,54.9
81.901,0.202553762,-0.332006698,47.58439483,54.8
81.913,0.202553762,-0.332006698,47.54250545,54.9
81.926,0.201697298,-0.332006698,47.54869396,54.8
81.939,0.201697298,-0.332006698,47.54250545,54.9
81.951,0.201697298,-0.332006698,47.54250545,54.9
81.964,0.202553762,-0.332006698,47.54869396,54.8
81.977,0.202553762,-0.332006698,47.54250545,54.9
81.99,0.201697298,-0.364963245,47.54869396,54.8
82.002,0.201697298,-0.364963245,47.54250545,54.9
82.015,0.202553762,-0.364963245,47.54869396,54.8
82.028,0.202553762,-0.364963245,47.54250545,54.9
82.04,0.202553762,-0.364963245,47.54869396,54.8
82.053,0.202553762,-0.364963245,47.53631694,55
82.066,0.202553762,-0.397919792,47.54869396,54.8
82.078,0.202553762,-0.397919792,47.54250545,54.9
82.091,0.202553762,-0.397919792,47.54869396,54.8
82.104,0.202553762,-0.397919792,47.54250545,54.9
82.117,0.202553762,-0.397919792,47.54869396,54.8
82.129,0.202553762,-0.364963245,47.54250545,54.9
82.142,0.202553762,-0.397919792,47.54869396,54.8
82.155,0.202553762,-0.397919792,47.54250545,54.9
82.167,0.202553762,-0.397919792,47.54250545,54.9
82.18,0.202553762,-0.397919792,47.54250545,54.9
82.193,0.202553762,-0.397919792,47.54250545,54.9
82.206,0.202553762,-0.397919792,47.54869396,54.8
82.218,0.202553762,-0.397919792,47.54250545,54.9
82.231,0.202553762,-0.397919792,47.54869396,54.8
82.244,0.202553762,-0.364963245,47.54250545,54.9
82.256,0.202553762,-0.397919792,47.54869396,54.8
82.269,0.202553762,-0.397919792,47.54250545,54.9
82.282,0.202553762,-0.397919792,47.54869396,54.8
82.294,0.201697298,-0.397919792,47.54250545,54.9
82.307,0.201697298,-0.397919792,47.57820632,54.9
82.32,0.201697298,-0.397919792,47.54250545,54.9
82.333,0.202553762,-0.397919792,47.54250545,54.9
82.345,0.202553762,-0.397919792,47.54250545,54.9
82.358,0.202553762,-0.364963245,47.54250545,54.9
82.371,0.202553762,-0.364963245,47.54250545,54.9
82.383,0.202553762,-0.397919792,47.54250545,54.9
82.396,0.202553762,-0.364963245,47.54869396,54.8
82.409,0.202553762,-0.364963245,47.54250545,54.9
82.421,0.202553762,-0.364963245,47.54250545,54.9
82.434,0.201697298,-0.364963245,47.57820632,54.9
82.447,0.202553762,-0.364963245,47.57820632,54.9
82.46,0.202553762,-0.364963245,47.54250545,54.9
82.472,0.202553762,-0.364963245,47.54250545,54.9
82.485,0.202553762,-0.364963245,47.54869396,54.8
82.498,0.202553762,-0.364963245,47.54250545,54.9
82.51,0.202553762,-0.364963245,47.54869396,54.8
82.523,0.202553762,-0.364963245,47.54250545,54.9
82.536,0.202553762,-0.364963245,47.54869396,54.8
82.549,0.202553762,-0.364963245,47.54250545,54.9
82.561,0.202553762,-0.364963245,47.54869396,54.8
82.574,0.202553762,-0.364963245,47.54250545,54.9
82.587,0.202553762,-0.364963245,47.54869396,54.8
82.599,0.202553762,-0.364963245,47.54250545,54.9
82.612,0.202553762,-0.364963245,47.54869396,54.8
82.625,0.202553762,-0.364963245,47.54250545,54.9
82.637,0.202553762,-0.364963245,47.54869396,54.8
82.65,0.202553762,-0.364963245,47.54250545,54.9
82.663,0.202553762,-0.364963245,47.54869396,54.8
82.676,0.202553762,-0.364963245,47.54250545,54.9
82.688,0.201697298,-0.364963245,47.57820632,54.9
82.701,0.202553762,-0.364963245,47.57820632,54.9
82.714,0.202553762,-0.364963245,47.54250545,54.9
82.726,0.202553762,-0.364963245,47.54869396,54.8
82.739,0.202553762,-0.364963245,47.54250545,54.9
82.752,0.202553762,-0.364963245,47.54869396,54.8
82.764,0.202553762,-0.364963245,47.54250545,54.9
82.777,0.202553762,-0.364963245,47.54869396,54.8
82.79,0.202553762,-0.364963245,47.54250545,54.9
82.803,0.202553762,-0.364963245,47.54869396,54.8
82.815,0.202553762,-0.364963245,47.54250545,54.9
82.828,0.202553762,-0.364963245,47.54869396,54.8
82.841,0.202553762,-0.364963245,47.54250545,54.9
82.853,0.202553762,-0.397919792,47.54250545,54.9
82.866,0.202553762,-0.364963245,47.54250545,54.9
82.879,0.202553762,-0.364963245,47.54250545,54.9
82.892,0.202553762,-0.364963245,47.54869396,54.8
82.904,0.202553762,-0.364963245,47.54250545,54.9
82.917,0.202553762,-0.364963245,47.54869396,54.8
82.93,0.202553762,-0.397919792,47.57820632,54.9
82.942,0.202553762,-0.397919792,47.58439483,54.8
82.955,0.202553762,-0.364963245,47.54250545,54.9
82.968,0.202553762,-0.364963245,47.54250545,54.9
82.98,0.202553762,-0.397919792,47.54250545,54.9
82.993,0.202553762,-0.397919792,47.54250545,54.9
83.006,0.202553762,-0.397919792,47.54250545,54.9
83.019,0.202553762,-0.364963245,47.54250545,54.9
83.031,0.201697298,-0.364963245,47.54250545,54.9
83.044,0.201697298,-0.364963245,47.54250545,54.9
83.057,0.202553762,-0.364963245,47.54250545,54.9
83.069,0.202553762,-0.364963245,47.54250545,54.9
83.082,0.202553762,-0.364963245,47.54250545,54.9
83.095,0.202553762,-0.364963245,47.54250545,54.9
83.107,0.202553762,-0.364963245,47.54250545,54.9
83.12,0.202553762,-0.364963245,47.54250545,54.9
83.133,0.202553762,-0.364963245,47.54250545,54.9
83.146,0.202553762,-0.364963245,47.54250545,54.9
83.158,0.201697298,-0.364963245,47.54250545,54.9
83.171,0.201697298,-0.364963245,47.54250545,54.9
83.184,0.202553762,-0.364963245,47.54250545,54.9
83.196,0.202553762,-0.364963245,47.54869396,54.8
83.209,0.202553762,-0.364963245,47.54250545,54.9
83.222,0.202553762,-0.364963245,47.54869396,54.8
83.235,0.202553762,-0.364963245,47.54250545,54.9
83.247,0.202553762,-0.364963245,47.54869396,54.8
83.26,0.202553762,-0.364963245,47.54250545,54.9
83.273,0.202553762,-0.364963245,47.54869396,54.8
83.285,0.202553762,-0.364963245,47.54250545,54.9
83.298,0.202553762,-0.364963245,47.54869396,54.8
83.311,0.202553762,-0.364963245,47.54250545,54.9
83.323,0.202553762,-0.364963245,47.54869396,54.8
83.336,0.202553762,-0.364963245,47.54250545,54.9
83.349,0.202553762,-0.364963245,47.54869396,54.8
83.362,0.202553762,-0.364963245,47.54250545,54.9
83.374,0.202553762,-0.364963245,47.54250545,54.9
83.387,0.202553762,-0.364963245,47.54869396,54.8
83.4,0.201697298,-0.364963245,47.54250545,54.9
83.412,0.202553762,-0.364963245,47.54869396,54.8
83.425,0.202553762,-0.364963245,47.54250545,54.9
83.438,0.202553762,-0.364963245,47.54869396,54.8
83.45,0.202553762,-0.364963245,47.54250545,54.9
83.463,0.202553762,-0.364963245,47.54869396,54.8
83.476,0.202553762,-0.364963245,47.54250545,54.9
83.489,0.202553762,-0.364963245,47.54869396,54.8
83.501,0.202553762,-0.364963245,47.54250545,54.9
83.514,0.202553762,-0.397919792,47.54869396,54.8
83.527,0.202553762,-0.397919792,47.54250545,54.9
83.539,0.202553762,-0.364963245,47.54250545,54.9
83.552,0.202553762,-0.364963245,47.54250545,54.9
83.565,0.202553762,-0.364963245,47.54250545,54.9
83.578,0.202553762,-0.397919792,47.54250545,54.9
83.59,0.202553762,-0.397919792,47.54869396,54.8
83.603,0.202553762,-0.397919792,47.54250545,54.9
83.616,0.201697298,-0.397919792,47.54869396,54.8
83.628,0.202553762,-0.397919792,47.54250545,54.9
83.641,0.202553762,-0.397919792,47.64250545,54.8
83.654,0.202553762,-0.397919792,47.54250545,54.9
83.666,0.202553762,-0.397919792,47.64869396,54.7
83.679,0.202553762,-0.430876339,47.54250545,54.9
83.692,0.202553762,-0.430876339,47.64869396,54.7
83.705,0.202553762,-0.430876339,47.54250545,54.9
83.717,0.202553762,-0.430876339,47.64869396,54.7
83.73,0.202553762,-0.397919792,47.64250545,54.8
83.743,0.202553762,-0.430876339,47.64869396,54.7
83.755,0.202981994,-0.430876339,47.64250545,54.8
83.768,0.202553762,-0.430876339,47.64869396,54.7
83.781,0.202553762,-0.430876339,47.64250545,54.8
83.793,0.202553762,-0.430876339,47.64869396,54.7
83.806,0.202553762,-0.430876339,47.64250545,54.8
83.819,0.202553762,-0.430876339,47.64869396,54.7
83.832,0.202553762,-0.430876339,47.64250545,54.8
83.844,0.202553762,-0.430876339,47.64869396,54.7
83.857,0.202553762,-0.430876339,47.64250545,54.8
83.87,0.202553762,-0.430876339,47.64869396,54.7
83.882,0.202553762,-0.430876339,47.64250545,54.8
83.895,0.201697298,-0.430876339,47.64250545,54.8
83.908,0.202553762,-0.430876339,47.64250545,54.8
83.921,0.202553762,-0.397919792,47.64250545,54.8
83.933,0.202553762,-0.430876339,47.64869396,54.7
83.946,0.202553762,-0.430876339,47.64250545,54.8
83.959,0.202553762,-0.430876339,47.64869396,54.7
83.971,0.202553762,-0.397919792,47.64250545,54.8
83.984,0.201697298,-0.397919792,47.64869396,54.7
83.997,0.201697298,-0.397919792,47.64250545,54.8
84.009,0.201697298,-0.397919792,47.64869396,54.7
84.022,0.202553762,-0.397919792,47.64250545,54.8
84.035,0.202553762,-0.397919792,47.64869396,54.7
84.048,0.202553762,-0.397919792,47.64250545,54.8
84.06,0.202553762,-0.397919792,47.64250545,54.8
84.073,0.202553762,-0.397919792,47.64250545,54.8
84.086,0.202553762,-0.397919792,47.64250545,54.8
84.098,0.202553762,-0.397919792,47.64250545,54.8
84.111,0.202553762,-0.397919792,47.64250545,54.8
84.124,0.202553762,-0.397919792,47.64869396,54.7
84.136,0.202553762,-0.397919792,47.64250545,54.8
84.149,0.202553762,-0.397919792,47.64869396,54.7
84.162,0.202553762,-0.397919792,47.64250545,54.8
84.175,0.202553762,-0.397919792,47.64869396,54.7
84.187,0.202553762,-0.397919792,47.64250545,54.8
84.2,0.202553762,-0.397919792,47.64869396,54.7
84.213,0.202553762,-0.397919792,47.64250545,54.8
84.225,0.202553762,-0.364963245,47.64250545,54.8
84.238,0.202553762,-0.364963245,47.64250545,54.8
84.251,0.202553762,-0.364963245,47.64250545,54.8
84.264,0.202553762,-0.364963245,47.64250545,54.8
84.276,0.202553762,-0.364963245,47.64250545,54.8
84.289,0.202553762,-0.364963245,47.64250545,54.8
84.302,0.202553762,-0.364963245,47.64250545,54.8
84.314,0.202553762,-0.364963245,47.64250545,54.8
84.327,0.202553762,-0.397919792,47.64250545,54.8
84.34,0.202553762,-0.397919792,47.64250545,54.8
84.352,0.202553762,-0.397919792,47.64250545,54.8
84.365,0.202553762,-0.364963245,47.64250545,54.8
84.378,0.202553762,-0.364963245,47.64250545,54.8
84.391,0.202553762,-0.364963245,47.64250545,54.8
84.403,0.202553762,-0.364963245,47.64869396,54.7
84.416,0.202553762,-0.397919792,47.67820632,54.8
84.429,0.202553762,-0.397919792,47.64869396,54.7
84.441,0.202553762,-0.397919792,47.64250545,54.8
84.454,0.202553762,-0.397919792,47.64250545,54.8
84.467,0.202553762,-0.397919792,47.64250545,54.8
84.479,0.201697298,-0.397919792,47.64869396,54.7
84.492,0.202553762,-0.364963245,47.64250545,54.8
84.505,0.202553762,-0.364963245,47.64869396,54.7
84.518,0.202553762,-0.364963245,47.67820632,54.8
84.53,0.201697298,-0.397919792,47.68439483,54.7
84.543,0.202553762,-0.397919792,47.64250545,54.8
84.556,0.201697298,-0.397919792,47.64869396,54.7
84.568,0.201697298,-0.397919792,47.64250545,54.8
84.581,0.201697298,-0.397919792,47.64250545,54.8
84.594,0.201697298,-0.397919792,47.64869396,54.7
84.607,0.201697298,-0.397919792,47.64250545,54.8
84.619,0.202553762,-0.397919792,47.64869396,54.7
84.632,0.202553762,-0.397919792,47.64250545,54.8
84.645,0.202553762,-0.397919792,47.64869396,54.7
84.657,0.202553762,-0.397919792,47.64250545,54.8
84.67,0.202553762,-0.397919792,47.64869396,54.7
84.683,0.202553762,-0.397919792,47.64250545,54.8
84.695,0.202553762,-0.397919792,47.64869396,54.7
84.708,0.202553762,-0.397919792,47.64250545,54.8
84.721,0.202553762,-0.364963245,47.64869396,54.7
84.734,0.202553762,-0.364963245,47.64250545,54.8
84.746,0.202553762,-0.364963245,47.64869396,54.7
84.759,0.202553762,-0.397919792,47.67820632,54.8
84.772,0.202553762,-0.397919792,47.64869396,54.7
84.784,0.202553762,-0.364963245,47.64250545,54.8
84.797,0.202553762,-0.364963245,47.64869396,54.7
84.81,0.202553762,-0.364963245,47.64250545,54.8
84.822,0.201697298,-0.364963245,47.64250545,54.8
84.835,0.202553762,-0.364963245,47.64250545,54.8
84.848,0.202981994,-0.332006698,47.67820632,54.8
84.861,0.202981994,-0.364963245,47.67820632,54.8
84.873,0.202553762,-0.364963245,47.67820632,54.8
84.886,0.202553762,-0.332006698,47.64250545,54.8
84.899,0.202553762,-0.332006698,47.64250545,54.8
84.911,0.202553762,-0.332006698,47.64250545,54.8
84.924,0.202553762,-0.332006698,47.64250545,54.8
84.937,0.202553762,-0.332006698,47.67820632,54.8
84.95,0.202553762,-0.332006698,47.67820632,54.8
84.962,0.202553762,-0.299050151,47.67820632,54.8
84.975,0.202553762,-0.299050151,47.64250545,54.8
84.988,0.202553762,-0.332006698,47.64250545,54.8
85,0.202553762,-0.332006698,47.64869396,54.7
85.013,0.202553762,-0.332006698,47.64250545,54.8
85.026,0.201697298,-0.332006698,47.68439483,54.7
85.038,0.201697298,-0.332006698,47.67820632,54.8
85.051,0.201697298,-0.332006698,47.64250545,54.8
85.064,0.202553762,-0.332006698,47.64250545,54.8
85.077,0.201697298,-0.332006698,47.64250545,54.8
85.089,0.201697298,-0.332006698,47.64250545,54.8
85.102,0.201697298,-0.332006698,47.64250545,54.8
85.115,0.201697298,-0.332006698,47.64869396,54.7
85.127,0.202553762,-0.332006698,47.64250545,54.8
85.14,0.202553762,-0.364963245,47.64250545,54.8
85.153,0.202553762,-0.364963245,47.64250545,54.8
85.165,0.201697298,-0.364963245,47.64869396,54.7
85.178,0.201697298,-0.364963245,47.64250545,54.8
85.191,0.201697298,-0.364963245,47.64869396,54.7
85.204,0.202553762,-0.364963245,47.64250545,54.8
85.216,0.202553762,-0.397919792,47.64869396,54.7
85.229,0.202553762,-0.397919792,47.64250545,54.8
85.242,0.202553762,-0.397919792,47.64869396,54.7
85.254,0.202553762,-0.397919792,47.64250545,54.8
85.267,0.202553762,-0.397919792,47.64869396,54.7
85.28,0.202553762,-0.397919792,47.64250545,54.8
85.293,0.202553762,-0.397919792,47.64869396,54.7
85.305,0.202553762,-0.397919792,47.64250545,54.8
85.318,0.202553762,-0.397919792,47.64250545,54.8
85.331,0.202553762,-0.397919792,47.64250545,54.8
85.343,0.202553762,-0.397919792,47.64250545,54.8
85.356,0.202553762,-0.397919792,47.64869396,54.7
85.369,0.202553762,-0.430876339,47.64250545,54.8
85.381,0.202553762,-0.430876339,47.64869396,54.7
85.394,0.202553762,-0.430876339,47.64250545,54.8
85.407,0.202553762,-0.430876339,47.64869396,54.7
85.42,0.202553762,-0.430876339,47.64250545,54.8
85.432,0.202553762,-0.430876339,47.64869396,54.7
85.445,0.202553762,-0.430876339,47.64250545,54.8
85.458,0.202553762,-0.430876339,47.64250545,54.8
85.47,0.202553762,-0.430876339,47.64250545,54.8
85.483,0.202553762,-0.430876339,47.64250545,54.8
85.496,0.202553762,-0.430876339,47.64250545,54.8
85.508,0.202553762,-0.430876339,47.64250545,54.8
85.521,0.201697298,-0.430876339,47.64250545,54.8
85.534,0.202553762,-0.430876339,47.64250545,54.8
85.547,0.202553762,-0.397919792,47.64250545,54.8
85.559,0.202553762,-0.430876339,47.64250545,54.8
85.572,0.202553762,-0.430876339,47.64869396,54.7
85.585,0.202553762,-0.430876339,47.64250545,54.8
85.597,0.202553762,-0.430876339,47.64250545,54.8
85.61,0.202553762,-0.430876339,47.64250545,54.8
85.623,0.201697298,-0.397919792,47.64250545,54.8
85.636,0.202553762,-0.397919792,47.64250545,54.8
85.648,0.202553762,-0.397919792,47.64250545,54.8
85.661,0.202553762,-0.397919792,47.64250545,54.8
85.674,0.202553762,-0.397919792,47.64250545,54.8
85.686,0.202553762,-0.397919792,47.64250545,54.8
85.699,0.202553762,-0.397919792,47.64250545,54.8
85.712,0.202553762,-0.397919792,47.64869396,54.7
85.724,0.202553762,-0.397919792,47.64250545,54.8
85.737,0.202553762,-0.397919792,47.64869396,54.7
85.75,0.202553762,-0.397919792,47.64250545,54.8
85.763,0.202553762,-0.364963245,47.64250545,54.8
85.775,0.202553762,-0.364963245,47.67820632,54.8
85.788,0.201697298,-0.364963245,47.64250545,54.8
85.801,0.201697298,-0.364963245,47.64250545,54.8
85.813,0.202553762,-0.364963245,47.64250545,54.8
85.826,0.202553762,-0.364963245,47.64869396,54.7
85.839,0.202553762,-0.364963245,47.64250545,54.8
85.851,0.202553762,-0.364963245,47.64869396,54.7
85.864,0.202553762,-0.364963245,47.64250545,54.8
85.877,0.202553762,-0.364963245,47.64869396,54.7
85.89,0.202553762,-0.364963245,47.64250545,54.8
85.902,0.201697298,-0.364963245,47.64869396,54.7
85.915,0.202553762,-0.364963245,47.64250545,54.8
85.928,0.202553762,-0.364963245,47.64869396,54.7
85.94,0.202553762,-0.364963245,47.64250545,54.8
85.953,0.202553762,-0.364963245,47.64869396,54.7
85.966,0.202553762,-0.364963245,47.64250545,54.8
85.979,0.202553762,-0.364963245,47.64869396,54.7
85.991,0.202553762,-0.364963245,47.64250545,54.8
86.004,0.202553762,-0.364963245,47.64869396,54.7
86.017,0.202553762,-0.364963245,47.64250545,54.8
86.029,0.202553762,-0.364963245,47.64250545,54.8
86.042,0.202553762,-0.364963245,47.64250545,54.8
86.055,0.201697298,-0.364963245,47.64250545,54.8
86.067,0.201697298,-0.364963245,47.64250545,54.8
86.08,0.201697298,-0.397919792,47.64250545,54.8
86.093,0.201697298,-0.397919792,47.64869396,54.7
86.106,0.202553762,-0.397919792,47.64250545,54.8
86.118,0.202553762,-0.364963245,47.64869396,54.7
86.131,0.202553762,-0.397919792,47.64250545,54.8
86.144,0.201697298,-0.397919792,47.64250545,54.8
86.156,0.201697298,-0.397919792,47.64250545,54.8
86.169,0.202553762,-0.397919792,47.64869396,54.7
86.182,0.202553762,-0.397919792,47.64250545,54.8
86.194,0.202553762,-0.397919792,47.64250545,54.8
86.207,0.202553762,-0.397919792,47.64250545,54.8
86.22,0.202553762,-0.397919792,47.64250545,54.8
86.233,0.202553762,-0.397919792,47.64250545,54.8
86.245,0.202553762,-0.397919792,47.64250545,54.8
86.258,0.202553762,-0.397919792,47.64250545,54.8
86.271,0.202553762,-0.397919792,47.64250545,54.8
86.283,0.202553762,-0.397919792,47.64250545,54.8
86.296,0.202553762,-0.397919792,47.64869396,54.7
86.309,0.202553762,-0.397919792,47.64250545,54.8
86.322,0.202553762,-0.397919792,47.64869396,54.7
86.334,0.201697298,-0.397919792,47.64250545,54.8
86.347,0.202553762,-0.397919792,47.64250545,54.8
86.36,0.202553762,-0.397919792,47.64250545,54.8
86.372,0.202553762,-0.397919792,47.64869396,54.7
86.385,0.202553762,-0.397919792,47.64250545,54.8
86.398,0.202553762,-0.397919792,47.64869396,54.7
86.41,0.202553762,-0.397919792,47.64250545,54.8
86.423,0.202553762,-0.364963245,47.64869396,54.7
86.436,0.201697298,-0.364963245,47.64250545,54.8
86.449,0.201697298,-0.364963245,47.64869396,54.7
86.461,0.201697298,-0.397919792,47.64250545,54.8
86.474,0.201697298,-0.397919792,47.64869396,54.7
86.487,0.202553762,-0.364963245,47.64250545,54.8
86.499,0.202553762,-0.364963245,47.64869396,54.7
86.512,0.202553762,-0.364963245,47.64250545,54.8
86.525,0.202553762,-0.397919792,47.67820632,54.8
86.537,0.202553762,-0.364963245,47.67820632,54.8
86.55,0.202553762,-0.364963245,47.64250545,54.8
86.563,0.202553762,-0.364963245,47.64250545,54.8
86.576,0.202553762,-0.364963245,47.64250545,54.8
86.588,0.202553762,-0.364963245,47.64869396,54.7
86.601,0.202553762,-0.364963245,47.64250545,54.8
86.614,0.202553762,-0.364963245,47.64869396,54.7
86.626,0.202553762,-0.364963245,47.64250545,54.8
86.639,0.202553762,-0.364963245,47.64869396,54.7
86.652,0.202553762,-0.364963245,47.64250545,54.8
86.665,0.202553762,-0.364963245,47.64250545,54.8
86.677,0.201697298,-0.364963245,47.64250545,54.8
86.69,0.202553762,-0.364963245,47.64250545,54.8
86.703,0.202553762,-0.364963245,47.64250545,54.8
86.715,0.202553762,-0.364963245,47.64250545,54.8
86.728,0.202553762,-0.364963245,47.64250545,54.8
86.741,0.202553762,-0.364963245,47.64250545,54.8
86.753,0.202553762,-0.397919792,47.64250545,54.8
86.766,0.202553762,-0.397919792,47.64250545,54.8
86.779,0.202553762,-0.397919792,47.64869396,54.7
86.792,0.202553762,-0.397919792,47.64250545,54.8
86.804,0.202553762,-0.397919792,47.64869396,54.7
86.817,0.202553762,-0.397919792,47.64250545,54.8
86.83,0.201697298,-0.397919792,47.64869396,54.7
86.842,0.202553762,-0.397919792,47.64250545,54.8
86.855,0.202553762,-0.397919792,47.64250545,54.8
86.868,0.202553762,-0.397919792,47.64250545,54.8
86.88,0.202553762,-0.397919792,47.64250545,54.8
86.893,0.202553762,-0.397919792,47.64250545,54.8
86.906,0.202553762,-0.397919792,47.64250545,54.8
86.919,0.201697298,-0.397919792,47.64250545,54.8
86.931,0.201697298,-0.397919792,47.64250545,54.8
86.944,0.202553762,-0.397919792,47.64250545,54.8
86.957,0.202553762,-0.397919792,47.64250545,54.8
86.969,0.202553762,-0.397919792,47.64250545,54.8
86.982,0.202553762,-0.397919792,47.64250545,54.8
86.995,0.202553762,-0.397919792,47.67820632,54.8
87.008,0.202553762,-0.364963245,47.67820632,54.8
87.02,0.202553762,-0.364963245,47.67820632,54.8
87.033,0.202553762,-0.364963245,47.67820632,54.8
87.046,0.202553762,-0.364963245,47.64250545,54.8
87.058,0.202553762,-0.364963245,47.64869396,54.7
87.071,0.202553762,-0.364963245,47.64250545,54.8
87.084,0.202553762,-0.364963245,47.64869396,54.7
87.096,0.202553762,-0.364963245,47.64250545,54.8
87.109,0.202553762,-0.364963245,47.64869396,54.7
87.122,0.202553762,-0.364963245,47.64250545,54.8
87.135,0.202553762,-0.364963245,47.64869396,54.7
87.147,0.202553762,-0.332006698,47.64250545,54.8
87.16,0.202553762,-0.364963245,47.64869396,54.7
87.173,0.202553762,-0.364963245,47.64250545,54.8
87.185,0.202553762,-0.332006698,47.64869396,54.7
87.198,0.202553762,-0.332006698,47.64250545,54.8
87.211,0.202553762,-0.332006698,47.68439483,54.7
87.223,0.202553762,-0.364963245,47.64250545,54.8
87.236,0.202553762,-0.364963245,47.67820632,54.8
87.249,0.202553762,-0.364963245,47.64869396,54.7
87.262,0.202553762,-0.364963245,47.64250545,54.8
87.274,0.202553762,-0.364963245,47.64869396,54.7
87.287,0.202553762,-0.364963245,47.64250545,54.8
87.3,0.202553762,-0.364963245,47.64869396,54.7
87.312,0.202553762,-0.364963245,47.64250545,54.8
87.325,0.202553762,-0.364963245,47.64869396,54.7
87.338,0.201697298,-0.364963245,47.63631694,54.9
87.351,0.201697298,-0.364963245,47.64869396,54.7
87.363,0.201697298,-0.364963245,47.63631694,54.9
87.376,0.201697298,-0.364963245,47.64869396,54.7
87.389,0.201697298,-0.364963245,47.64250545,54.8
87.401,0.202553762,-0.364963245,47.64869396,54.7
87.414,0.202553762,-0.364963245,47.64250545,54.8
87.427,0.202553762,-0.364963245,47.64250545,54.8
87.439,0.202553762,-0.364963245,47.64250545,54.8
87.452,0.202553762,-0.364963245,47.64250545,54.8
87.465,0.202553762,-0.364963245,47.64250545,54.8
87.478,0.202553762,-0.364963245,47.64250545,54.8
87.49,0.202553762,-0.397919792,47.64250545,54.8
87.503,0.202553762,-0.397919792,47.64250545,54.8
87.516,0.202553762,-0.397919792,47.64250545,54.8
87.528,0.202553762,-0.397919792,47.64250545,54.8
87.541,0.202553762,-0.397919792,47.64250545,54.8
87.554,0.202553762,-0.397919792,47.64250545,54.8
87.566,0.201697298,-0.397919792,47.64250545,54.8
87.579,0.202553762,-0.397919792,47.64250545,54.8
87.592,0.202553762,-0.397919792,47.64250545,54.8
87.605,0.202553762,-0.397919792,47.64869396,54.7
87.617,0.202553762,-0.397919792,47.64250545,54.8
87.63,0.202553762,-0.397919792,47.64250545,54.8
87.643,0.202553762,-0.397919792,47.64250545,54.8
87.655,0.202553762,-0.397919792,47.64250545,54.8
87.668,0.201697298,-0.397919792,47.64250545,54.8
87.681,0.201697298,-0.397919792,47.64869396,54.7
87.694,0.202553762,-0.397919792,47.64250545,54.8
87.706,0.202553762,-0.397919792,47.64869396,54.7
87.719,0.202553762,-0.397919792,47.64250545,54.8
87.732,0.202553762,-0.397919792,47.67820632,54.8
87.744,0.202553762,-0.397919792,47.67820632,54.8
87.757,0.202553762,-0.397919792,47.67820632,54.8
87.77,0.202553762,-0.397919792,47.64869396,54.7
87.782,0.202553762,-0.397919792,47.64250545,54.8
87.795,0.202553762,-0.397919792,47.64869396,54.7
87.808,0.201697298,-0.397919792,47.64250545,54.8
87.821,0.201697298,-0.397919792,47.64869396,54.7
87.833,0.202553762,-0.397919792,47.64250545,54.8
87.846,0.202553762,-0.397919792,47.64869396,54.7
87.859,0.202553762,-0.397919792,47.64250545,54.8
87.871,0.202553762,-0.397919792,47.64869396,54.7
87.884,0.202553762,-0.397919792,47.64250545,54.8
87.897,0.202553762,-0.397919792,47.68439483,54.7
87.909,0.202553762,-0.397919792,47.67820632,54.8
87.922,0.202553762,-0.397919792,47.67820632,54.8
87.935,0.201697298,-0.397919792,47.64250545,54.8
87.948,0.202553762,-0.397919792,47.64250545,54.8
87.96,0.202553762,-0.397919792,47.64250545,54.8
87.973,0.202553762,-0.397919792,47.64250545,54.8
87.986,0.202553762,-0.397919792,47.64869396,54.7
87.998,0.202553762,-0.397919792,47.64250545,54.8
88.011,0.202553762,-0.364963245,47.64869396,54.7
88.024,0.202553762,-0.364963245,47.64250545,54.8
88.036,0.202553762,-0.364963245,47.64869396,54.7
88.049,0.202553762,-0.364963245,47.67820632,54.8
88.062,0.202553762,-0.364963245,47.64250545,54.8
88.075,0.202553762,-0.364963245,47.64250545,54.8
88.087,0.202553762,-0.364963245,47.64869396,54.7
88.1,0.202553762,-0.364963245,47.67820632,54.8
88.113,0.202553762,-0.364963245,47.64250545,54.8
88.125,0.202553762,-0.364963245,47.64250545,54.8
88.138,0.202553762,-0.332006698,47.64250545,54.8
88.151,0.202553762,-0.332006698,47.64250545,54.8
88.164,0.202553762,-0.332006698,47.64250545,54.8
88.176,0.202553762,-0.332006698,47.64250545,54.8
88.189,0.202553762,-0.332006698,47.64250545,54.8
88.202,0.202553762,-0.364963245,47.68439483,54.7
88.214,0.202553762,-0.364963245,47.67820632,54.8
88.227,0.202553762,-0.332006698,47.64250545,54.8
88.24,0.202553762,-0.332006698,47.64250545,54.8
88.252,0.202553762,-0.332006698,47.67820632,54.8
88.265,0.202553762,-0.332006698,47.64250545,54.8
88.278,0.202553762,-0.332006698,47.64250545,54.8
88.291,0.202553762,-0.332006698,47.64250545,54.8
88.303,0.202553762,-0.332006698,47.64250545,54.8
88.316,0.202553762,-0.332006698,47.64250545,54.8
88.329,0.202553762,-0.332006698,47.64250545,54.8
88.341,0.202553762,-0.332006698,47.64250545,54.8
88.354,0.201697298,-0.332006698,47.64250545,54.8
88.367,0.201697298,-0.332006698,47.64250545,54.8
88.38,0.202553762,-0.332006698,47.64250545,54.8
88.392,0.202553762,-0.332006698,47.64869396,54.7
88.405,0.201697298,-0.332006698,47.64250545,54.8
88.418,0.202553762,-0.332006698,47.64250545,54.8
88.43,0.202553762,-0.332006698,47.64250545,54.8
88.443,0.202553762,-0.364963245,47.64250545,54.8
88.456,0.202553762,-0.364963245,47.68439483,54.7
88.468,0.202553762,-0.364963245,47.64250545,54.8
88.481,0.202553762,-0.332006698,47.64869396,54.7
88.494,0.202553762,-0.332006698,47.67820632,54.8
88.507,0.202553762,-0.364963245,47.68439483,54.7
88.519,0.202553762,-0.364963245,47.64250545,54.8
88.532,0.202553762,-0.332006698,47.64869396,54.7
88.545,0.202553762,-0.364963245,47.63631694,54.9
88.557,0.202553762,-0.364963245,47.68439483,54.7
88.57,0.202553762,-0.364963245,47.67201781,54.9
88.583,0.201697298,-0.332006698,47.68439483,54.7
88.595,0.202553762,-0.332006698,47.64250545,54.8
88.608,0.202553762,-0.332006698,47.64869396,54.7
88.621,0.202553762,-0.364963245,47.64250545,54.8
88.634,0.202553762,-0.364963245,47.64869396,54.7
88.646,0.202553762,-0.364963245,47.64250545,54.8
88.659,0.202553762,-0.364963245,47.64250545,54.8
88.672,0.202553762,-0.364963245,47.74250545,54.7
88.684,0.202553762,-0.364963245,47.74250545,54.7
88.697,0.202553762,-0.364963245,47.64869396,54.7
88.71,0.202553762,-0.364963245,47.74250545,54.7
88.723,0.202553762,-0.364963245,47.74869396,54.6
88.735,0.202553762,-0.364963245,47.74250545,54.7
88.748,0.202553762,-0.364963245,47.74869396,54.6
88.761,0.202553762,-0.364963245,47.77820632,54.7
88.773,0.202553762,-0.364963245,47.74250545,54.7
88.786,0.202553762,-0.364963245,47.74250545,54.7
88.799,0.202553762,-0.397919792,47.74869396,54.6
88.811,0.202553762,-0.397919792,47.74250545,54.7
88.824,0.202553762,-0.364963245,47.74250545,54.7
88.837,0.202553762,-0.364963245,47.64250545,54.8
88.85,0.201697298,-0.364963245,47.74250545,54.7
88.862,0.201697298,-0.364963245,47.74250545,54.7
88.875,0.202553762,-0.364963245,47.74250545,54.7
88.888,0.202553762,-0.364963245,47.74250545,54.7
88.9,0.201697298,-0.364963245,47.74250545,54.7
88.913,0.201697298,-0.364963245,47.74250545,54.7
88.926,0.202553762,-0.397919792,47.74250545,54.7
88.938,0.202553762,-0.397919792,47.74250545,54.7
88.951,0.202553762,-0.364963245,47.74250545,54.7
88.964,0.202553762,-0.364963245,47.74250545,54.7
88.977,0.202553762,-0.364963245,47.74250545,54.7
88.989,0.202553762,-0.364963245,47.74250545,54.7
89.002,0.202553762,-0.364963245,47.74869396,54.6
89.015,0.202553762,-0.364963245,47.74250545,54.7
89.027,0.202553762,-0.364963245,47.74869396,54.6
89.04,0.202553762,-0.364963245,47.74250545,54.7
89.053,0.202553762,-0.364963245,47.74869396,54.6
89.066,0.202553762,-0.364963245,47.74250545,54.7
89.078,0.202553762,-0.364963245,47.74869396,54.6
89.091,0.202553762,-0.364963245,47.74250545,54.7
89.104,0.202553762,-0.364963245,47.74869396,54.6
89.116,0.202553762,-0.364963245,47.74250545,54.7
89.129,0.202553762,-0.364963245,47.74869396,54.6
89.142,0.202553762,-0.364963245,47.74250545,54.7
89.154,0.202553762,-0.364963245,47.74250545,54.7
89.167,0.202553762,-0.364963245,47.74250545,54.7
89.18,0.202553762,-0.397919792,47.77820632,54.7
89.193,0.202553762,-0.397919792,47.78439483,54.6
89.205,0.202553762,-0.397919792,47.74250545,54.7
89.218,0.202553762,-0.364963245,47.74869396,54.6
89.231,0.202553762,-0.364963245,47.74250545,54.7
89.243,0.202553762,-0.364963245,47.74869396,54.6
89.256,0.202553762,-0.364963245,47.74250545,54.7
89.269,0.202553762,-0.397919792,47.74869396,54.6
89.281,0.202553762,-0.364963245,47.74250545,54.7
89.294,0.202553762,-0.364963245,47.74869396,54.6
89.307,0.202553762,-0.364963245,47.74250545,54.7
89.32,0.202553762,-0.364963245,47.74869396,54.6
89.332,0.202553762,-0.364963245,47.74250545,54.7
89.345,0.201697298,-0.364963245,47.74250545,54.7
89.358,0.202553762,-0.364963245,47.77820632,54.7
89.37,0.202553762,-0.364963245,47.74250545,54.7
89.383,0.202553762,-0.364963245,47.74869396,54.6
89.396,0.202553762,-0.332006698,47.74250545,54.7
89.408,0.202553762,-0.332006698,47.74869396,54.6
89.421,0.202553762,-0.332006698,47.74250545,54.7
89.434,0.202553762,-0.332006698,47.78439483,54.6
89.447,0.202553762,-0.332006698,47.77820632,54.7
89.459,0.202553762,-0.332006698,47.74869396,54.6
89.472,0.202553762,-0.332006698,47.74250545,54.7
89.485,0.202553762,-0.332006698,47.74869396,54.6
89.497,0.202553762,-0.332006698,47.74250545,54.7
89.51,0.202553762,-0.332006698,47.74869396,54.6
89.523,0.202553762,-0.332006698,47.74250545,54.7
89.536,0.201697298,-0.332006698,47.74250545,54.7
89.548,0.202553762,-0.332006698,47.74250545,54.7
89.561,0.202553762,-0.332006698,47.74250545,54.7
89.574,0.202553762,-0.332006698,47.77820632,54.7
89.586,0.202553762,-0.332006698,47.77820632,54.7
89.599,0.202553762,-0.332006698,47.77820632,54.7
89.612,0.202553762,-0.332006698,47.74250545,54.7
89.624,0.202553762,-0.332006698,47.74250545,54.7
89.637,0.202553762,-0.332006698,47.74250545,54.7
89.65,0.202553762,-0.332006698,47.74250545,54.7
89.663,0.202553762,-0.332006698,47.74869396,54.6
89.675,0.202553762,-0.332006698,47.74250545,54.7
89.688,0.202553762,-0.332006698,47.74869396,54.6
89.701,0.202553762,-0.332006698,47.74250545,54.7
89.713,0.202553762,-0.332006698,47.74869396,54.6
89.726,0.201697298,-0.332006698,47.74250545,54.7
89.739,0.201697298,-0.332006698,47.74869396,54.6
89.751,0.201697298,-0.332006698,47.74250545,54.7
89.764,0.201697298,-0.364963245,47.74869396,54.6
89.777,0.201697298,-0.364963245,47.74250545,54.7
89.79,0.202553762,-0.364963245,47.74869396,54.6
89.802,0.201697298,-0.364963245,47.74250545,54.7
89.815,0.201697298,-0.364963245,47.74869396,54.6
89.828,0.202553762,-0.364963245,47.74250545,54.7
89.84,0.202553762,-0.364963245,47.74869396,54.6
89.853,0.202553762,-0.364963245,47.77820632,54.7
89.866,0.202553762,-0.364963245,47.77820632,54.7
89.879,0.201697298,-0.364963245,47.74869396,54.6
89.891,0.201697298,-0.364963245,47.74250545,54.7
89.904,0.202553762,-0.364963245,47.74869396,54.6
89.917,0.202553762,-0.364963245,47.77820632,54.7
89.929,0.201697298,-0.364963245,47.78439483,54.6
89.942,0.202553762,-0.364963245,47.74250545,54.7
89.955,0.202553762,-0.364963245,47.74869396,54.6
89.967,0.202553762,-0.397919792,47.74250545,54.7
89.98,0.202553762,-0.397919792,47.74869396,54.6
89.993,0.202553762,-0.397919792,47.74250545,54.7
90.006,0.202553762,-0.397919792,47.74869396,54.6
90.018,0.202553762,-0.397919792,47.74250545,54.7
90.031,0.201697298,-0.397919792,47.74869396,54.6
90.044,0.201697298,-0.397919792,47.77820632,54.7
90.056,0.201697298,-0.397919792,47.74250545,54.7
90.069,0.202553762,-0.397919792,47.77820632,54.7
90.082,0.202553762,-0.397919792,47.77820632,54.7
90.094,0.202553762,-0.397919792,47.77820632,54.7
90.107,0.202553762,-0.397919792,47.74250545,54.7
90.12,0.202553762,-0.397919792,47.77820632,54.7
90.133,0.202553762,-0.397919792,47.77820632,54.7
90.145,0.202553762,-0.397919792,47.77820632,54.7
90.158,0.202553762,-0.430876339,47.74250545,54.7
90.171,0.202553762,-0.430876339,47.74250545,54.7
90.183,0.202553762,-0.430876339,47.74250545,54.7
90.196,0.202553762,-0.430876339,47.77820632,54.7
90.209,0.202553762,-0.397919792,47.74250545,54.7
90.222,0.202553762,-0.397919792,47.74250545,54.7
90.234,0.202553762,-0.397919792,47.74250545,54.7
90.247,0.202553762,-0.397919792,47.74250545,54.7
90.26,0.202553762,-0.397919792,47.74869396,54.6
90.272,0.202553762,-0.397919792,47.74250545,54.7
90.285,0.202553762,-0.397919792,47.74869396,54.6
90.298,0.202553762,-0.397919792,47.74250545,54.7
90.31,0.202553762,-0.397919792,47.78439483,54.6
90.323,0.202553762,-0.397919792,47.74250545,54.7
90.336,0.202553762,-0.397919792,47.74250545,54.7
90.349,0.202553762,-0.397919792,47.74250545,54.7
90.361,0.202553762,-0.364963245,47.74250545,54.7
90.374,0.202553762,-0.364963245,47.74250545,54.7
90.387,0.202553762,-0.364963245,47.74250545,54.7
90.399,0.202553762,-0.364963245,47.74250545,54.7
90.412,0.202553762,-0.364963245,47.74250545,54.7
90.425,0.201697298,-0.364963245,47.74250545,54.7
90.438,0.201697298,-0.364963245,47.74250545,54.7
90.45,0.201697298,-0.364963245,47.74869396,54.6
90.463,0.202553762,-0.364963245,47.74250545,54.7
90.476,0.202553762,-0.364963245,47.74869396,54.6
90.488,0.202553762,-0.364963245,47.74250545,54.7
90.501,0.202553762,-0.364963245,47.74869396,54.6
90.514,0.202553762,-0.332006698,47.74250545,54.7
90.526,0.202553762,-0.332006698,47.74869396,54.6
90.539,0.202553762,-0.364963245,47.74250545,54.7
90.552,0.202553762,-0.332006698,47.74869396,54.6
90.565,0.201697298,-0.332006698,47.74250545,54.7
90.577,0.202553762,-0.332006698,47.74250545,54.7
90.59,0.202553762,-0.332006698,47.74250545,54.7
90.603,0.202553762,-0.332006698,47.74250545,54.7
90.615,0.202553762,-0.364963245,47.74250545,54.7
90.628,0.201697298,-0.364963245,47.74250545,54.7
90.641,0.202553762,-0.364963245,47.74869396,54.6
90.653,0.202553762,-0.364963245,47.74250545,54.7
90.666,0.202553762,-0.364963245,47.74869396,54.6
90.679,0.202553762,-0.364963245,47.74250545,54.7
90.692,0.201697298,-0.364963245,47.74869396,54.6
90.704,0.202553762,-0.364963245,47.74250545,54.7
90.717,0.201697298,-0.364963245,47.74869396,54.6
90.73,0.202553762,-0.364963245,47.74250545,54.7
90.742,0.202553762,-0.364963245,47.74250545,54.7
90.755,0.202553762,-0.364963245,47.74250545,54.7
90.768,0.202553762,-0.364963245,47.74250545,54.7
90.78,0.202553762,-0.364963245,47.74250545,54.7
90.793,0.202553762,-0.364963245,47.77820632,54.7
90.806,0.202553762,-0.364963245,47.77820632,54.7
90.819,0.202553762,-0.364963245,47.74250545,54.7
90.831,0.202553762,-0.364963245,47.74250545,54.7
90.844,0.202553762,-0.364963245,47.74250545,54.7
90.857,0.202553762,-0.364963245,47.74250545,54.7
90.869,0.202553762,-0.364963245,47.74250545,54.7
90.882,0.202553762,-0.364963245,47.74250545,54.7
90.895,0.202553762,-0.364963245,47.77820632,54.7
90.908,0.202553762,-0.397919792,47.77820632,54.7
90.92,0.202553762,-0.397919792,47.74250545,54.7
90.933,0.202553762,-0.397919792,47.74250545,54.7
90.946,0.201697298,-0.397919792,47.74250545,54.7
90.958,0.201697298,-0.364963245,47.74250545,54.7
90.971,0.202553762,-0.397919792,47.77820632,54.7
90.984,0.201697298,-0.397919792,47.77820632,54.7
90.996,0.201697298,-0.397919792,47.74250545,54.7
91.009,0.201697298,-0.397919792,47.74250545,54.7
91.022,0.202553762,-0.397919792,47.77820632,54.7
91.035,0.202553762,-0.397919792,47.77820632,54.7
91.047,0.202553762,-0.397919792,47.77820632,54.7
91.06,0.202553762,-0.397919792,47.74250545,54.7
91.073,0.202553762,-0.397919792,47.74250545,54.7
91.085,0.202553762,-0.397919792,47.74869396,54.6
91.098,0.201697298,-0.397919792,47.74250545,54.7
91.111,0.202553762,-0.397919792,47.74869396,54.6
91.123,0.202553762,-0.397919792,47.74250545,54.7
91.136,0.202553762,-0.397919792,47.74869396,54.6
91.149,0.202553762,-0.397919792,47.73631694,54.8
91.162,0.202553762,-0.397919792,47.74869396,54.6
91.174,0.202553762,-0.397919792,47.74250545,54.7
91.187,0.202553762,-0.397919792,47.74869396,54.6
91.2,0.202553762,-0.397919792,47.77820632,54.7
91.212,0.202553762,-0.397919792,47.78439483,54.6
91.225,0.202553762,-0.364963245,47.77201781,54.8
91.238,0.202553762,-0.364963245,47.74869396,54.6
91.251,0.202553762,-0.364963245,47.74250545,54.7
91.263,0.202553762,-0.364963245,47.74869396,54.6
91.276,0.202553762,-0.364963245,47.74250545,54.7
91.289,0.202553762,-0.364963245,47.74250545,54.7
91.301,0.202553762,-0.364963245,47.74250545,54.7
91.314,0.202553762,-0.397919792,47.74250545,54.7
91.327,0.201697298,-0.397919792,47.74250545,54.7
91.339,0.201697298,-0.397919792,47.74250545,54.7
91.352,0.202553762,-0.397919792,47.74250545,54.7
91.365,0.202553762,-0.397919792,47.74250545,54.7
91.378,0.202553762,-0.364963245,47.74869396,54.6
91.39,0.202553762,-0.364963245,47.74250545,54.7
91.403,0.202553762,-0.364963245,47.74869396,54.6
91.416,0.202553762,-0.364963245,47.74250545,54.7
91.428,0.202553762,-0.364963245,47.74250545,54.7
91.441,0.202553762,-0.364963245,47.74250545,54.7
91.454,0.202553762,-0.364963245,47.77820632,54.7
91.466,0.202553762,-0.364963245,47.77820632,54.7
91.479,0.202553762,-0.364963245,47.77820632,54.7
91.492,0.202553762,-0.364963245,47.77820632,54.7
91.505,0.202553762,-0.364963245,47.77820632,54.7
91.517,0.201697298,-0.364963245,47.77820632,54.7
91.53,0.202553762,-0.364963245,47.74250545,54.7
91.543,0.202553762,-0.364963245,47.74250545,54.7
91.555,0.202553762,-0.364963245,47.74250545,54.7
91.568,0.202553762,-0.332006698,47.74250545,54.7
91.581,0.202553762,-0.364963245,47.77820632,54.7
91.594,0.201697298,-0.332006698,47.77820632,54.7
91.606,0.201697298,-0.364963245,47.74250545,54.7
91.619,0.201697298,-0.364963245,47.77820632,54.7
91.632,0.202553762,-0.364963245,47.77820632,54.7
91.644,0.201697298,-0.364963245,47.74250545,54.7
91.657,0.202553762,-0.364963245,47.74250545,54.7
91.67,0.202553762,-0.364963245,47.74250545,54.7
91.682,0.202553762,-0.364963245,47.74869396,54.6
91.695,0.202553762,-0.364963245,47.74250545,54.7
91.708,0.202553762,-0.364963245,47.74869396,54.6
91.721,0.202553762,-0.364963245,47.74250545,54.7
91.733,0.202553762,-0.364963245,47.74869396,54.6
91.746,0.202553762,-0.364963245,47.77820632,54.7
91.759,0.202553762,-0.364963245,47.78439483,54.6
91.771,0.202553762,-0.364963245,47.74250545,54.7
91.784,0.202553762,-0.364963245,47.74869396,54.6
91.797,0.202553762,-0.364963245,47.74250545,54.7
91.809,0.202553762,-0.364963245,47.74250545,54.7
91.822,0.202553762,-0.364963245,47.74250545,54.7
91.835,0.202553762,-0.364963245,47.74250545,54.7
91.848,0.202553762,-0.364963245,47.74250545,54.7
91.86,0.202553762,-0.364963245,47.74250545,54.7
91.873,0.202553762,-0.364963245,47.74869396,54.6
91.886,0.202553762,-0.364963245,47.74250545,54.7
91.898,0.202553762,-0.332006698,47.74869396,54.6
91.911,0.202553762,-0.364963245,47.74250545,54.7
91.924,0.202553762,-0.364963245,47.74869396,54.6
91.937,0.202553762,-0.364963245,47.74250545,54.7
91.949,0.201697298,-0.364963245,47.74250545,54.7
91.962,0.201697298,-0.364963245,47.74250545,54.7
91.975,0.202553762,-0.364963245,47.74250545,54.7
91.987,0.202553762,-0.332006698,47.77820632,54.7
92,0.202553762,-0.332006698,47.74250545,54.7
92.013,0.202553762,-0.332006698,47.74250545,54.7
92.025,0.202553762,-0.332006698,47.74250545,54.7
92.038,0.202553762,-0.332006698,47.74250545,54.7
92.051,0.202553762,-0.332006698,47.74250545,54.7
92.064,0.202553762,-0.364963245,47.74869396,54.6
92.076,0.202553762,-0.332006698,47.74250545,54.7
92.089,0.202553762,-0.332006698,47.74869396,54.6
92.102,0.202553762,-0.332006698,47.74250545,54.7
92.114,0.202553762,-0.332006698,47.74869396,54.6
92.127,0.202553762,-0.332006698,47.74250545,54.7
92.14,0.202553762,-0.332006698,47.74250545,54.7
92.152,0.202553762,-0.332006698,47.74250545,54.7
92.165,0.202553762,-0.332006698,47.74250545,54.7
92.178,0.202553762,-0.332006698,47.74250545,54.7
92.191,0.202553762,-0.364963245,47.74250545,54.7
92.203,0.202553762,-0.364963245,47.74250545,54.7
92.216,0.202553762,-0.364963245,47.74250545,54.7
92.229,0.202553762,-0.364963245,47.74250545,54.7
92.241,0.202553762,-0.364963245,47.74250545,54.7
92.254,0.202553762,-0.364963245,47.74250545,54.7
92.267,0.202553762,-0.364963245,47.78439483,54.6
92.28,0.202553762,-0.364963245,47.77820632,54.7
92.292,0.202553762,-0.364963245,47.78439483,54.6
92.305,0.202553762,-0.364963245,47.74250545,54.7
92.318,0.202981994,-0.364963245,47.74869396,54.6
92.33,0.202553762,-0.364963245,47.74250545,54.7
92.343,0.202553762,-0.364963245,47.78439483,54.6
92.356,0.202553762,-0.364963245,47.77820632,54.7
92.368,0.202553762,-0.364963245,47.78439483,54.6
92.381,0.202553762,-0.364963245,47.74250545,54.7
92.394,0.202553762,-0.364963245,47.74869396,54.6
92.407,0.202553762,-0.397919792,47.74250545,54.7
92.419,0.202553762,-0.397919792,47.74869396,54.6
92.432,0.202553762,-0.397919792,47.74250545,54.7
92.445,0.202553762,-0.397919792,47.74869396,54.6
92.457,0.202553762,-0.397919792,47.74250545,54.7
92.47,0.202553762,-0.397919792,47.74869396,54.6
92.483,0.202553762,-0.397919792,47.74250545,54.7
92.495,0.202553762,-0.397919792,47.74869396,54.6
92.508,0.202553762,-0.397919792,47.74250545,54.7
92.521,0.202553762,-0.397919792,47.74250545,54.7
92.534,0.202553762,-0.397919792,47.74250545,54.7
92.546,0.202553762,-0.397919792,47.74250545,54.7
92.559,0.202553762,-0.397919792,47.74869396,54.6
92.572,0.202553762,-0.397919792,47.74250545,54.7
92.584,0.202553762,-0.397919792,47.74869396,54.6
92.597,0.202553762,-0.397919792,47.74250545,54.7
92.61,0.202553762,-0.397919792,47.74869396,54.6
92.623,0.202553762,-0.397919792,47.74250545,54.7
92.635,0.202553762,-0.397919792,47.74869396,54.6
92.648,0.202553762,-0.397919792,47.77201781,54.8
92.661,0.202553762,-0.397919792,47.74869396,54.6
92.673,0.202553762,-0.397919792,47.74250545,54.7
92.686,0.202553762,-0.397919792,47.74869396,54.6
92.699,0.202553762,-0.397919792,47.74250545,54.7
92.711,0.202553762,-0.397919792,47.74250545,54.7
92.724,0.201697298,-0.397919792,47.74250545,54.7
92.737,0.202553762,-0.397919792,47.74250545,54.7
92.75,0.201697298,-0.397919792,47.74250545,54.7
92.762,0.202553762,-0.397919792,47.74250545,54.7
92.775,0.202553762,-0.397919792,47.74250545,54.7
92.788,0.202553762,-0.397919792,47.74250545,54.7
92.8,0.202553762,-0.397919792,47.74250545,54.7
92.813,0.202553762,-0.364963245,47.74250545,54.7
92.826,0.202553762,-0.364963245,47.74250545,54.7
92.838,0.202553762,-0.364963245,47.74250545,54.7
92.851,0.202553762,-0.397919792,47.74250545,54.7
92.864,0.202553762,-0.397919792,47.74250545,54.7
92.877,0.202553762,-0.364963245,47.74250545,54.7
92.889,0.202553762,-0.364963245,47.74250545,54.7
92.902,0.202553762,-0.364963245,47.74250545,54.7
92.915,0.202553762,-0.364963245,47.74250545,54.7
92.927,0.202553762,-0.364963245,47.74250545,54.7
92.94,0.202553762,-0.364963245,47.77820632,54.7
92.953,0.202553762,-0.364963245,47.74250545,54.7
92.966,0.202553762,-0.364963245,47.74869396,54.6
92.978,0.202553762,-0.364963245,47.74250545,54.7
92.991,0.202553762,-0.332006698,47.74250545,54.7
93.004,0.202553762,-0.332006698,47.74250545,54.7
93.016,0.202553762,-0.364963245,47.74250545,54.7
93.029,0.202553762,-0.332006698,47.74250545,54.7
93.042,0.202553762,-0.332006698,47.74250545,54.7
93.054,0.202553762,-0.364963245,47.74250545,54.7
93.067,0.201697298,-0.364963245,47.74250545,54.7
93.08,0.202553762,-0.364963245,47.74869396,54.6
93.093,0.202553762,-0.364963245,47.74250545,54.7
93.105,0.202553762,-0.364963245,47.74869396,54.6
93.118,0.202553762,-0.364963245,47.74250545,54.7
93.131,0.202553762,-0.364963245,47.74869396,54.6
93.143,0.202553762,-0.332006698,47.74250545,54.7
93.156,0.202553762,-0.332006698,47.74869396,54.6
93.169,0.201697298,-0.332006698,47.74250545,54.7
93.181,0.201697298,-0.364963245,47.74869396,54.6
93.194,0.202553762,-0.364963245,47.74250545,54.7
93.207,0.202553762,-0.364963245,47.74250545,54.7
93.22,0.201697298,-0.364963245,47.74250545,54.7
93.232,0.202553762,-0.364963245,47.74250545,54.7
93.245,0.202553762,-0.364963245,47.74869396,54.6
93.258,0.202553762,-0.364963245,47.74250545,54.7
93.27,0.202553762,-0.364963245,47.74869396,54.6
93.283,0.202553762,-0.364963245,47.74250545,54.7
93.296,0.201697298,-0.397919792,47.74869396,54.6
93.309,0.201697298,-0.397919792,47.74250545,54.7
93.321,0.202553762,-0.397919792,47.74869396,54.6
93.334,0.202553762,-0.364963245,47.73631694,54.8
93.347,0.202553762,-0.397919792,47.74869396,54.6
93.359,0.202553762,-0.397919792,47.74250545,54.7
93.372,0.201697298,-0.364963245,47.74869396,54.6
93.385,0.202553762,-0.364963245,47.74250545,54.7
93.397,0.202553762,-0.364963245,47.74869396,54.6
93.41,0.202553762,-0.364963245,47.77820632,54.7
93.423,0.202553762,-0.364963245,47.77820632,54.7
93.436,0.202553762,-0.397919792,47.74250545,54.7
93.448,0.202553762,-0.397919792,47.74250545,54.7
93.461,0.201697298,-0.397919792,47.74250545,54.7
93.474,0.201697298,-0.397919792,47.74250545,54.7
93.486,0.202553762,-0.397919792,47.74869396,54.6
93.499,0.202553762,-0.397919792,47.74250545,54.7
93.512,0.202553762,-0.397919792,47.74250545,54.7
93.524,0.202553762,-0.397919792,47.74250545,54.7
93.537,0.202553762,-0.397919792,47.74250545,54.7
93.55,0.202553762,-0.397919792,47.74250545,54.7
93.563,0.201697298,-0.397919792,47.74250545,54.7
93.575,0.202553762,-0.397919792,47.74869396,54.6
93.588,0.201697298,-0.397919792,47.74250545,54.7
93.601,0.201697298,-0.397919792,47.74869396,54.6
93.613,0.202553762,-0.397919792,47.74250545,54.7
93.626,0.202553762,-0.397919792,47.74250545,54.7
93.639,0.201697298,-0.397919792,47.74250545,54.7
93.652,0.201697298,-0.397919792,47.74250545,54.7
93.664,0.202553762,-0.397919792,47.74250545,54.7
93.677,0.202553762,-0.397919792,47.74250545,54.7
93.69,0.202553762,-0.397919792,47.74250545,54.7
93.702,0.202553762,-0.397919792,47.74250545,54.7
93.715,0.202553762,-0.397919792,47.74250545,54.7
93.728,0.202553762,-0.397919792,47.74250545,54.7
93.74,0.202553762,-0.397919792,47.74869396,54.6
93.753,0.202553762,-0.397919792,47.74250545,54.7
93.766,0.202553762,-0.397919792,47.84869396,54.5
93.779,0.202553762,-0.397919792,47.74250545,54.7
93.791,0.202553762,-0.397919792,47.84869396,54.5
93.804,0.202553762,-0.397919792,47.74250545,54.7
93.817,0.202553762,-0.397919792,47.84869396,54.5
93.829,0.202553762,-0.397919792,47.73631694,54.8
93.842,0.202553762,-0.430876339,47.74869396,54.6
93.855,0.202553762,-0.430876339,47.73631694,54.8
93.867,0.202553762,-0.397919792,47.74869396,54.6
93.88,0.202553762,-0.397919792,47.74250545,54.7
93.893,0.201697298,-0.397919792,47.74869396,54.6
93.906,0.201697298,-0.430876339,47.74250545,54.7
93.918,0.201697298,-0.430876339,47.74869396,54.6
93.931,0.202553762,-0.397919792,47.74250545,54.7
93.944,0.202553762,-0.397919792,47.74250545,54.7
93.956,0.202553762,-0.397919792,47.74250545,54.7
93.969,0.202553762,-0.397919792,47.84250545,54.6
93.982,0.202553762,-0.430876339,47.74869396,54.6
93.995,0.202553762,-0.430876339,47.87820632,54.6
94.007,0.202553762,-0.397919792,47.88439483,54.5
94.02,0.202553762,-0.397919792,47.84250545,54.6
94.033,0.201697298,-0.397919792,47.74869396,54.6
94.045,0.201697298,-0.397919792,47.84250545,54.6
94.058,0.202553762,-0.430876339,47.84869396,54.5
94.071,0.202553762,-0.430876339,47.84250545,54.6
94.083,0.202553762,-0.397919792,47.84250545,54.6
94.096,0.202553762,-0.397919792,47.84250545,54.6
94.109,0.202553762,-0.397919792,47.84250545,54.6
94.122,0.202553762,-0.397919792,47.84250545,54.6
94.134,0.202553762,-0.397919792,47.84250545,54.6
94.147,0.202553762,-0.364963245,47.84250545,54.6
94.16,0.202553762,-0.364963245,47.84250545,54.6
94.172,0.202553762,-0.397919792,47.84250545,54.6
94.185,0.202553762,-0.364963245,47.84250545,54.6
94.198,0.202553762,-0.364963245,47.87820632,54.6
94.21,0.202553762,-0.364963245,47.74250545,54.7
94.223,0.202553762,-0.364963245,47.84250545,54.6
94.236,0.202553762,-0.364963245,47.84250545,54.6
94.249,0.202553762,-0.364963245,47.84250545,54.6
94.261,0.202553762,-0.332006698,47.84250545,54.6
94.274,0.202553762,-0.332006698,47.87820632,54.6
94.287,0.202553762,-0.332006698,47.88439483,54.5
94.299,0.202553762,-0.332006698,47.87820632,54.6
94.312,0.202553762,-0.332006698,47.88439483,54.5
94.325,0.202553762,-0.332006698,47.84250545,54.6
94.338,0.202553762,-0.332006698,47.84869396,54.5
94.35,0.202553762,-0.332006698,47.84250545,54.6
94.363,0.202553762,-0.332006698,47.84869396,54.5
94.376,0.202553762,-0.332006698,47.87820632,54.6
94.388,0.202553762,-0.332006698,47.88439483,54.5
94.401,0.202553762,-0.332006698,47.87820632,54.6
94.414,0.202553762,-0.332006698,47.84250545,54.6
94.426,0.202553762,-0.332006698,47.84250545,54.6
94.439,0.202553762,-0.332006698,47.84250545,54.6
94.452,0.202553762,-0.332006698,47.84250545,54.6
94.465,0.202553762,-0.332006698,47.84250545,54.6
94.477,0.202553762,-0.364963245,47.84869396,54.5
94.49,0.201697298,-0.364963245,47.84250545,54.6
94.503,0.201697298,-0.364963245,47.84869396,54.5
94.515,0.202553762,-0.364963245,47.84250545,54.6
94.528,0.202553762,-0.364963245,47.84869396,54.5
94.541,0.202553762,-0.364963245,47.87820632,54.6
94.553,0.202553762,-0.364963245,47.84869396,54.5
94.566,0.202553762,-0.364963245,47.84250545,54.6
94.579,0.202553762,-0.397919792,47.84869396,54.5
94.592,0.202553762,-0.397919792,47.84250545,54.6
94.604,0.202553762,-0.397919792,47.84869396,54.5
94.617,0.202553762,-0.397919792,47.84250545,54.6
94.63,0.202553762,-0.397919792,47.84250545,54.6
94.642,0.202553762,-0.397919792,47.84250545,54.6
94.655,0.202553762,-0.397919792,47.84250545,54.6
94.668,0.202553762,-0.397919792,47.88439483,54.5
94.681,0.202553762,-0.397919792,47.87820632,54.6
94.693,0.202553762,-0.397919792,47.84869396,54.5
94.706,0.202553762,-0.397919792,47.84250545,54.6
94.719,0.202553762,-0.397919792,47.84869396,54.5
94.731,0.202553762,-0.397919792,47.84250545,54.6
94.744,0.202553762,-0.397919792,47.84869396,54.5
94.757,0.202553762,-0.397919792,47.84250545,54.6
94.769,0.201697298,-0.430876339,47.84869396,54.5
94.782,0.202553762,-0.430876339,47.87820632,54.6
94.795,0.202553762,-0.430876339,47.84869396,54.5
94.808,0.202553762,-0.430876339,47.84250545,54.6
94.82,0.202553762,-0.430876339,47.84869396,54.5
94.833,0.202553762,-0.430876339,47.84250545,54.6
94.846,0.201697298,-0.430876339,47.84250545,54.6
94.858,0.202553762,-0.430876339,47.84250545,54.6
94.871,0.202553762,-0.430876339,47.84250545,54.6
94.884,0.202553762,-0.430876339,47.84250545,54.6
94.896,0.202553762,-0.397919792,47.84869396,54.5
94.909,0.202553762,-0.430876339,47.84250545,54.6
94.922,0.202553762,-0.430876339,47.84250545,54.6
94.935,0.202553762,-0.430876339,47.84250545,54.6
94.947,0.202553762,-0.430876339,47.84869396,54.5
94.96,0.202553762,-0.430876339,47.84250545,54.6
94.973,0.202553762,-0.430876339,47.88439483,54.5
94.985,0.202553762,-0.430876339,47.84250545,54.6
94.998,0.202553762,-0.397919792,47.84869396,54.5
95.011,0.202553762,-0.397919792,47.84250545,54.6
95.024,0.202553762,-0.397919792,47.88439483,54.5
95.036,0.202553762,-0.430876339,47.84250545,54.6
95.049,0.202553762,-0.430876339,47.84869396,54.5
95.062,0.202553762,-0.430876339,47.84250545,54.6
95.074,0.202553762,-0.430876339,47.84869396,54.5
95.087,0.201697298,-0.397919792,47.84250545,54.6
95.1,0.202553762,-0.397919792,47.84869396,54.5
95.112,0.202553762,-0.397919792,47.84250545,54.6
95.125,0.201697298,-0.397919792,47.84869396,54.5
95.138,0.201697298,-0.430876339,47.84250545,54.6
95.151,0.201697298,-0.397919792,47.84250545,54.6
95.163,0.202553762,-0.397919792,47.84250545,54.6
95.176,0.202553762,-0.397919792,47.84250545,54.6
95.189,0.202553762,-0.397919792,47.84869396,54.5
95.201,0.202553762,-0.397919792,47.84250545,54.6
95.214,0.202553762,-0.397919792,47.84869396,54.5
95.227,0.202553762,-0.397919792,47.84250545,54.6
95.239,0.202553762,-0.397919792,47.84869396,54.5
95.252,0.202553762,-0.397919792,47.84250545,54.6
95.265,0.202553762,-0.397919792,47.84869396,54.5
95.278,0.202553762,-0.397919792,47.84250545,54.6
95.29,0.202553762,-0.397919792,47.84869396,54.5
95.303,0.202553762,-0.397919792,47.84250545,54.6
95.316,0.202553762,-0.397919792,47.84250545,54.6
95.328,0.202553762,-0.397919792,47.84250545,54.6
95.341,0.202553762,-0.397919792,47.84250545,54.6
95.354,0.202553762,-0.397919792,47.84250545,54.6
95.367,0.202553762,-0.397919792,47.84250545,54.6
95.379,0.202553762,-0.397919792,47.84869396,54.5
95.392,0.202553762,-0.397919792,47.84250545,54.6
95.405,0.202553762,-0.397919792,47.84250545,54.6
95.417,0.202553762,-0.364963245,47.84250545,54.6
95.43,0.202553762,-0.364963245,47.84250545,54.6
95.443,0.202553762,-0.364963245,47.84250545,54.6
95.455,0.202553762,-0.364963245,47.84250545,54.6
95.468,0.202553762,-0.364963245,47.84250545,54.6
95.481,0.202553762,-0.364963245,47.84250545,54.6
95.494,0.202553762,-0.364963245,47.84250545,54.6
95.506,0.202553762,-0.364963245,47.84250545,54.6
95.519,0.202553762,-0.364963245,47.84250545,54.6
95.532,0.202553762,-0.364963245,47.84250545,54.6
95.544,0.202553762,-0.364963245,47.84250545,54.6
95.557,0.202553762,-0.364963245,47.84250545,54.6
95.57,0.202553762,-0.364963245,47.84250545,54.6
95.582,0.202553762,-0.364963245,47.84250545,54.6
95.595,0.201697298,-0.364963245,47.84869396,54.5
95.608,0.202553762,-0.364963245,47.84250545,54.6
95.621,0.202553762,-0.364963245,47.84250545,54.6
95.633,0.202553762,-0.397919792,47.84250545,54.6
95.646,0.202553762,-0.397919792,47.84250545,54.6
95.659,0.202553762,-0.397919792,47.84869396,54.5
95.671,0.202553762,-0.397919792,47.84250545,54.6
95.684,0.201697298,-0.397919792,47.84869396,54.5
95.697,0.201697298,-0.397919792,47.84250545,54.6
95.71,0.202553762,-0.397919792,47.84869396,54.5
95.722,0.202553762,-0.397919792,47.84250545,54.6
95.735,0.202553762,-0.397919792,47.84869396,54.5
95.748,0.202553762,-0.397919792,47.84250545,54.6
95.76,0.202553762,-0.397919792,47.84869396,54.5
95.773,0.202553762,-0.397919792,47.84250545,54.6
95.786,0.201697298,-0.397919792,47.84869396,54.5
95.798,0.202553762,-0.397919792,47.84250545,54.6
95.811,0.202553762,-0.397919792,47.84869396,54.5
95.824,0.201697298,-0.397919792,47.84250545,54.6
95.837,0.201697298,-0.397919792,47.84250545,54.6
95.849,0.202553762,-0.397919792,47.84250545,54.6
95.862,0.202553762,-0.397919792,47.84250545,54.6
95.875,0.202553762,-0.430876339,47.84869396,54.5
95.887,0.201697298,-0.397919792,47.84250545,54.6
95.9,0.201697298,-0.397919792,47.84869396,54.5
95.913,0.202553762,-0.397919792,47.84250545,54.6
95.925,0.202553762,-0.430876339,47.84869396,54.5
95.938,0.202553762,-0.430876339,47.83631694,54.7
95.951,0.202553762,-0.430876339,47.84869396,54.5
95.964,0.202553762,-0.397919792,47.84250545,54.6
95.976,0.202553762,-0.397919792,47.84869396,54.5
95.989,0.202553762,-0.397919792,47.84250545,54.6
96.002,0.202553762,-0.397919792,47.84869396,54.5
96.014,0.202553762,-0.430876339,47.84250545,54.6
96.027,0.202553762,-0.430876339,47.84869396,54.5
96.04,0.202553762,-0.430876339,47.84250545,54.6
96.053,0.202553762,-0.430876339,47.84869396,54.5
96.065,0.202553762,-0.397919792,47.84250545,54.6
96.078,0.202553762,-0.397919792,47.84250545,54.6
96.091,0.202553762,-0.397919792,47.84250545,54.6
96.103,0.202553762,-0.397919792,47.84250545,54.6
96.116,0.202553762,-0.397919792,47.84250545,54.6
96.129,0.202553762,-0.397919792,47.87820632,54.6
96.141,0.202553762,-0.397919792,47.84250545,54.6
96.154,0.202553762,-0.397919792,47.84869396,54.5
96.167,0.202553762,-0.397919792,47.84250545,54.6
96.18,0.202553762,-0.397919792,47.84869396,54.5
96.192,0.202553762,-0.397919792,47.84250545,54.6
96.205,0.202553762,-0.397919792,47.84250545,54.6
96.218,0.202553762,-0.397919792,47.84250545,54.6
96.23,0.202553762,-0.397919792,47.84250545,54.6
96.243,0.202553762,-0.397919792,47.84250545,54.6
96.256,0.202553762,-0.397919792,47.84869396,54.5
96.268,0.202553762,-0.397919792,47.84250545,54.6
96.281,0.202553762,-0.397919792,47.84869396,54.5
96.294,0.202553762,-0.364963245,47.84250545,54.6
96.307,0.201697298,-0.364963245,47.84869396,54.5
96.319,0.201697298,-0.364963245,47.84250545,54.6
96.332,0.201697298,-0.364963245,47.84869396,54.5
96.345,0.202553762,-0.364963245,47.84250545,54.6
96.357,0.202553762,-0.364963245,47.84869396,54.5
96.37,0.202553762,-0.364963245,47.84869396,54.5
96.383,0.201697298,-0.364963245,47.84250545,54.6
96.396,0.201697298,-0.364963245,47.84869396,54.5
96.408,0.201697298,-0.364963245,47.84250545,54.6
96.421,0.201697298,-0.364963245,47.84869396,54.5
96.434,0.202553762,-0.332006698,47.84250545,54.6
96.446,0.202553762,-0.332006698,47.88439483,54.5
96.459,0.202553762,-0.332006698,47.87820632,54.6
96.472,0.202553762,-0.332006698,47.84869396,54.5
96.484,0.202553762,-0.332006698,47.84250545,54.6
96.497,0.202553762,-0.332006698,47.84869396,54.5
96.51,0.202553762,-0.299050151,47.84250545,54.6
96.523,0.202553762,-0.332006698,47.84869396,54.5
96.535,0.202553762,-0.332006698,47.84250545,54.6
96.548,0.201697298,-0.332006698,47.84869396,54.5
96.561,0.201697298,-0.332006698,47.84250545,54.6
96.573,0.201697298,-0.332006698,47.84869396,54.5
96.586,0.202553762,-0.332006698,47.84250545,54.6
96.599,0.202553762,-0.299050151,47.84250545,54.6
96.611,0.202553762,-0.332006698,47.84869396,54.5
96.624,0.202553762,-0.332006698,47.84250545,54.6
96.637,0.202553762,-0.332006698,47.84869396,54.5
96.65,0.201697298,-0.332006698,47.84250545,54.6
96.662,0.202553762,-0.364963245,47.84869396,54.5
96.675,0.202553762,-0.364963245,47.84250545,54.6
96.688,0.202553762,-0.364963245,47.84869396,54.5
96.7,0.202553762,-0.364963245,47.84250545,54.6
96.713,0.201697298,-0.364963245,47.84869396,54.5
96.726,0.201697298,-0.364963245,47.84250545,54.6
96.739,0.202553762,-0.364963245,47.84250545,54.6
96.751,0.202553762,-0.364963245,47.84250545,54.6
96.764,0.202553762,-0.364963245,47.84250545,54.6
96.777,0.202553762,-0.364963245,47.84250545,54.6
96.789,0.202553762,-0.364963245,47.84250545,54.6
96.802,0.201697298,-0.364963245,47.84250545,54.6
96.815,0.202553762,-0.364963245,47.84250545,54.6
96.827,0.202553762,-0.364963245,47.84250545,54.6
96.84,0.202553762,-0.364963245,47.84250545,54.6
96.853,0.202553762,-0.364963245,47.84250545,54.6
96.866,0.202553762,-0.364963245,47.84869396,54.5
96.878,0.202553762,-0.397919792,47.84250545,54.6
96.891,0.202553762,-0.397919792,47.84869396,54.5
96.904,0.201697298,-0.397919792,47.84250545,54.6
96.916,0.202553762,-0.397919792,47.84250545,54.6
96.929,0.202553762,-0.397919792,47.84250545,54.6
96.942,0.202553762,-0.397919792,47.84869396,54.5
96.954,0.202553762,-0.397919792,47.84250545,54.6
96.967,0.202553762,-0.397919792,47.84869396,54.5
96.98,0.202553762,-0.397919792,47.84250545,54.6
96.993,0.202553762,-0.397919792,47.84869396,54.5
97.005,0.202553762,-0.397919792,47.84250545,54.6
97.018,0.202553762,-0.397919792,47.84869396,54.5
97.031,0.201697298,-0.397919792,47.84250545,54.6
97.043,0.202553762,-0.397919792,47.84250545,54.6
97.056,0.202553762,-0.397919792,47.84250545,54.6
97.069,0.202553762,-0.397919792,47.84250545,54.6
97.082,0.202553762,-0.397919792,47.84869396,54.5
97.094,0.201697298,-0.397919792,47.84250545,54.6
97.107,0.201697298,-0.397919792,47.84869396,54.5
97.12,0.201697298,-0.397919792,47.84250545,54.6
97.132,0.201697298,-0.397919792,47.84869396,54.5
97.145,0.202553762,-0.397919792,47.84250545,54.6
97.158,0.202553762,-0.397919792,47.84869396,54.5
97.17,0.202553762,-0.397919792,47.84250545,54.6
97.183,0.202553762,-0.397919792,47.84869396,54.5
97.196,0.202553762,-0.397919792,47.84250545,54.6
97.209,0.202553762,-0.397919792,47.84869396,54.5
97.221,0.202553762,-0.397919792,47.84250545,54.6
97.234,0.202553762,-0.397919792,47.84869396,54.5
97.247,0.202553762,-0.397919792,47.84250545,54.6
97.259,0.201697298,-0.397919792,47.84869396,54.5
97.272,0.201697298,-0.397919792,47.84250545,54.6
97.285,0.201697298,-0.397919792,47.84250545,54.6
97.297,0.201697298,-0.430876339,47.84250545,54.6
97.31,0.201697298,-0.397919792,47.84250545,54.6
97.323,0.201697298,-0.397919792,47.84250545,54.6
97.336,0.201697298,-0.397919792,47.84250545,54.6
97.348,0.202553762,-0.397919792,47.84869396,54.5
97.361,0.202553762,-0.397919792,47.84250545,54.6
97.374,0.202553762,-0.397919792,47.84869396,54.5
97.386,0.202553762,-0.397919792,47.81870487,54.6
97.399,0.202553762,-0.397919792,47.84250545,54.6
97.412,0.202553762,-0.397919792,47.84250545,54.6
97.424,0.202553762,-0.397919792,47.84250545,54.6
97.437,0.202553762,-0.397919792,47.84250545,54.6
97.45,0.201697298,-0.397919792,47.84250545,54.6
97.463,0.201697298,-0.397919792,47.84250545,54.6
97.475,0.202553762,-0.397919792,47.84250545,54.6
97.488,0.202553762,-0.430876339,47.84250545,54.6
97.501,0.202553762,-0.397919792,47.84250545,54.6
97.513,0.202553762,-0.430876339,47.84250545,54.6
97.526,0.202553762,-0.430876339,47.81870487,54.6
97.539,0.202553762,-0.397919792,47.84250545,54.6
97.552,0.202553762,-0.430876339,47.84250545,54.6
97.564,0.201697298,-0.397919792,47.84250545,54.6
97.577,0.201697298,-0.430876339,47.84869396,54.5
97.59,0.201697298,-0.430876339,47.84250545,54.6
97.602,0.202553762,-0.430876339,47.84869396,54.5
97.615,0.202553762,-0.397919792,47.84250545,54.6
97.628,0.202553762,-0.397919792,47.84869396,54.5
97.64,0.202553762,-0.397919792,47.84250545,54.6
97.653,0.202553762,-0.397919792,47.84869396,54.5
97.666,0.202981994,-0.430876339,47.84250545,54.6
97.679,0.202553762,-0.430876339,47.84869396,54.5
97.691,0.202553762,-0.430876339,47.84250545,54.6
97.704,0.202553762,-0.430876339,47.84869396,54.5
97.717,0.202553762,-0.430876339,47.84250545,54.6
97.729,0.202553762,-0.430876339,47.84869396,54.5
97.742,0.202553762,-0.430876339,47.84250545,54.6
97.755,0.202553762,-0.430876339,47.84869396,54.5
97.768,0.202553762,-0.430876339,47.84250545,54.6
97.78,0.202553762,-0.430876339,47.84869396,54.5
97.793,0.202553762,-0.430876339,47.84250545,54.6
97.806,0.202553762,-0.430876339,47.84250545,54.6
97.818,0.202553762,-0.430876339,47.84250545,54.6
97.831,0.201697298,-0.397919792,47.84250545,54.6
97.844,0.202553762,-0.397919792,47.84869396,54.5
97.856,0.202553762,-0.397919792,47.84250545,54.6
97.869,0.202553762,-0.397919792,47.84869396,54.5
97.882,0.202553762,-0.430876339,47.84250545,54.6
97.895,0.202553762,-0.397919792,47.84869396,54.5
97.907,0.202553762,-0.397919792,47.84250545,54.6
97.92,0.201697298,-0.430876339,47.84869396,54.5
97.933,0.201697298,-0.430876339,47.84250545,54.6
97.945,0.202553762,-0.430876339,47.84250545,54.6
97.958,0.202553762,-0.397919792,47.84250545,54.6
97.971,0.202553762,-0.397919792,47.84250545,54.6
97.983,0.202553762,-0.397919792,47.84250545,54.6
97.996,0.202553762,-0.397919792,47.84250545,54.6
98.009,0.202553762,-0.397919792,47.84250545,54.6
98.022,0.202553762,-0.397919792,47.84250545,54.6
98.034,0.202553762,-0.397919792,47.84869396,54.5
98.047,0.202553762,-0.430876339,47.84250545,54.6
98.06,0.202553762,-0.397919792,47.84869396,54.5
98.072,0.202553762,-0.397919792,47.84250545,54.6
98.085,0.202553762,-0.397919792,47.84869396,54.5
98.098,0.202553762,-0.397919792,47.84250545,54.6
98.111,0.202553762,-0.397919792,47.84250545,54.6
98.123,0.202553762,-0.397919792,47.84250545,54.6
98.136,0.201697298,-0.397919792,47.84250545,54.6
98.149,0.201697298,-0.397919792,47.84250545,54.6
98.161,0.201697298,-0.397919792,47.84250545,54.6
98.174,0.202553762,-0.364963245,47.84869396,54.5
98.187,0.201697298,-0.364963245,47.84250545,54.6
98.199,0.201697298,-0.364963245,47.84250545,54.6
98.212,0.201697298,-0.364963245,47.84250545,54.6
98.225,0.202553762,-0.364963245,47.84250545,54.6
98.238,0.202553762,-0.364963245,47.84250545,54.6
98.25,0.202553762,-0.364963245,47.84250545,54.6
98.263,0.202553762,-0.364963245,47.84250545,54.6
98.276,0.202553762,-0.364963245,47.84250545,54.6
98.288,0.202553762,-0.332006698,47.84869396,54.5
98.301,0.202553762,-0.332006698,47.84250545,54.6
98.314,0.202553762,-0.332006698,47.84869396,54.5
98.326,0.201697298,-0.332006698,47.84250545,54.6
98.339,0.202553762,-0.332006698,47.84869396,54.5
98.352,0.201697298,-0.332006698,47.84250545,54.6
98.365,0.202553762,-0.332006698,47.84869396,54.5
98.377,0.202553762,-0.364963245,47.84250545,54.6
98.39,0.202553762,-0.364963245,47.84869396,54.5
98.403,0.202553762,-0.332006698,47.84250545,54.6
98.415,0.202553762,-0.332006698,47.84869396,54.5
98.428,0.201697298,-0.332006698,47.84250545,54.6
98.441,0.202553762,-0.364963245,47.84869396,54.5
98.454,0.202553762,-0.332006698,47.84250545,54.6
98.466,0.202553762,-0.364963245,47.84869396,54.5
98.479,0.202553762,-0.364963245,47.84250545,54.6
98.492,0.201697298,-0.364963245,47.84250545,54.6
98.504,0.202553762,-0.364963245,47.84250545,54.6
98.517,0.202553762,-0.364963245,47.84250545,54.6
98.53,0.202553762,-0.364963245,47.84869396,54.5
98.542,0.202553762,-0.364963245,47.84250545,54.6
98.555,0.202553762,-0.364963245,47.84869396,54.5
98.568,0.202553762,-0.397919792,47.84250545,54.6
98.581,0.202553762,-0.397919792,47.84869396,54.5
98.593,0.201697298,-0.397919792,47.84250545,54.6
98.606,0.202553762,-0.397919792,47.84869396,54.5
98.619,0.202553762,-0.397919792,47.84250545,54.6
98.631,0.202553762,-0.397919792,47.84869396,54.5
98.644,0.202553762,-0.397919792,47.84250545,54.6
98.657,0.202553762,-0.397919792,47.84869396,54.5
98.669,0.202553762,-0.397919792,47.84250545,54.6
98.682,0.202553762,-0.397919792,47.84869396,54.5
98.695,0.202553762,-0.397919792,47.84250545,54.6
98.708,0.202553762,-0.397919792,47.84869396,54.5
98.72,0.202553762,-0.397919792,47.84250545,54.6
98.733,0.202553762,-0.397919792,47.84250545,54.6
98.746,0.202553762,-0.397919792,47.84250545,54.6
98.758,0.202553762,-0.397919792,47.84250545,54.6
98.771,0.202553762,-0.397919792,47.84250545,54.6
98.784,0.202553762,-0.430876339,47.84869396,54.5
98.796,0.202553762,-0.430876339,47.84250545,54.6
98.809,0.202553762,-0.430876339,47.84869396,54.5
98.822,0.202553762,-0.430876339,47.84250545,54.6
98.835,0.202553762,-0.430876339,47.84869396,54.5
98.847,0.202553762,-0.397919792,47.84250545,54.6
98.86,0.202553762,-0.397919792,47.84869396,54.5
98.873,0.202553762,-0.430876339,47.84250545,54.6
98.885,0.202553762,-0.430876339,47.84869396,54.5
98.898,0.202553762,-0.397919792,47.84250545,54.6
98.911,0.202553762,-0.397919792,47.84869396,54.5
98.924,0.202553762,-0.397919792,47.84250545,54.6
98.936,0.202553762,-0.397919792,47.84869396,54.5
98.949,0.202553762,-0.430876339,47.84250545,54.6
98.962,0.202553762,-0.430876339,47.84869396,54.5
98.974,0.202553762,-0.397919792,47.84250545,54.6
98.987,0.202553762,-0.397919792,47.84869396,54.5
99,0.202553762,-0.397919792,47.84250545,54.6
99.012,0.202553762,-0.430876339,47.84250545,54.6
99.025,0.202553762,-0.430876339,47.84869396,54.5
99.038,0.202553762,-0.397919792,47.81870487,54.6
99.051,0.202553762,-0.397919792,47.84869396,54.5
99.063,0.202553762,-0.397919792,47.84250545,54.6
99.076,0.202553762,-0.397919792,47.84869396,54.5
99.089,0.202553762,-0.397919792,47.84250545,54.6
99.101,0.202553762,-0.397919792,47.84869396,54.5
99.114,0.202553762,-0.397919792,47.84250545,54.6
99.127,0.201697298,-0.397919792,47.84869396,54.5
99.139,0.201697298,-0.397919792,47.84250545,54.6
99.152,0.202553762,-0.397919792,47.84869396,54.5
99.165,0.202553762,-0.397919792,47.84250545,54.6
99.178,0.201697298,-0.397919792,47.84869396,54.5
99.19,0.201697298,-0.397919792,47.84250545,54.6
99.203,0.202553762,-0.364963245,47.84250545,54.6
99.216,0.202553762,-0.397919792,47.84250545,54.6
99.228,0.202553762,-0.364963245,47.84250545,54.6
99.241,0.202553762,-0.364963245,47.84869396,54.5
99.254,0.202553762,-0.364963245,47.84250545,54.6
99.267,0.202553762,-0.364963245,47.84869396,54.5
99.279,0.202553762,-0.364963245,47.84250545,54.6
99.292,0.202553762,-0.364963245,47.84869396,54.5
99.305,0.202553762,-0.364963245,47.84250545,54.6
99.317,0.202553762,-0.364963245,47.84250545,54.6
99.33,0.202553762,-0.364963245,47.84250545,54.6
99.343,0.202553762,-0.364963245,47.84250545,54.6
99.355,0.202553762,-0.364963245,47.84250545,54.6
99.368,0.202553762,-0.364963245,47.84250545,54.6
99.381,0.202553762,-0.364963245,47.84250545,54.6
99.394,0.202553762,-0.364963245,47.84869396,54.5
99.406,0.202553762,-0.364963245,47.84250545,54.6
99.419,0.201697298,-0.364963245,47.84250545,54.6
99.432,0.201697298,-0.364963245,47.84250545,54.6
99.444,0.201697298,-0.364963245,47.84250545,54.6
99.457,0.201697298,-0.364963245,47.84869396,54.5
99.47,0.201697298,-0.364963245,47.84250545,54.6
99.482,0.202553762,-0.397919792,47.84250545,54.6
99.495,0.202553762,-0.397919792,47.84250545,54.6
99.508,0.202553762,-0.397919792,47.84250545,54.6
99.521,0.201697298,-0.397919792,47.84250545,54.6
99.533,0.201697298,-0.397919792,47.84250545,54.6
99.546,0.201697298,-0.397919792,47.84250545,54.6
99.559,0.202553762,-0.397919792,47.81870487,54.6
99.571,0.202553762,-0.397919792,47.84869396,54.5
99.584,0.202553762,-0.397919792,47.84250545,54.6
99.597,0.202553762,-0.397919792,47.84869396,54.5
99.61,0.202553762,-0.397919792,47.84250545,54.6
99.622,0.202553762,-0.397919792,47.84869396,54.5
99.635,0.202553762,-0.397919792,47.84250545,54.6
99.648,0.202553762,-0.397919792,47.84869396,54.5
99.66,0.202553762,-0.397919792,47.94250545,54.5
99.673,0.202553762,-0.397919792,47.84869396,54.5
99.686,0.202553762,-0.397919792,47.84250545,54.6
99.698,0.202553762,-0.397919792,47.94250545,54.5
99.711,0.202553762,-0.397919792,47.94869396,54.4
99.724,0.201697298,-0.397919792,47.94250545,54.5
99.737,0.201697298,-0.397919792,47.94869396,54.4
99.749,0.202553762,-0.397919792,47.84250545,54.6
99.762,0.202553762,-0.397919792,47.84869396,54.5
99.775,0.202553762,-0.397919792,47.84250545,54.6
99.787,0.201697298,-0.397919792,47.94869396,54.4
99.8,0.201697298,-0.397919792,47.84250545,54.6
99.813,0.202553762,-0.430876339,47.94869396,54.4
99.826,0.202553762,-0.397919792,47.93631694,54.6
99.838,0.202553762,-0.397919792,47.94869396,54.4
99.851,0.202553762,-0.397919792,47.94250545,54.5
99.864,0.202553762,-0.397919792,47.94869396,54.4
99.876,0.202553762,-0.397919792,47.94250545,54.5
99.889,0.201697298,-0.397919792,47.94869396,54.4
99.902,0.202553762,-0.397919792,47.94250545,54.5
99.914,0.202553762,-0.397919792,47.94250545,54.5
99.927,0.202553762,-0.397919792,47.94250545,54.5
99.94,0.201697298,-0.397919792,47.94250545,54.5
99.953,0.201697298,-0.397919792,47.94250545,54.5
99.965,0.201697298,-0.397919792,47.94250545,54.5
99.978,0.202553762,-0.397919792,47.94869396,54.4
99.991,0.202553762,-0.397919792,47.91870487,54.5
100.003,0.202553762,-0.397919792,47.91870487,54.5
100.016,0.202553762,-0.397919792,47.91870487,54.5
100.029,0.201697298,-0.397919792,47.91870487,54.5
100.041,0.202553762,-0.397919792,47.94250545,54.5
100.054,0.202553762,-0.397919792,47.94250545,54.5
100.067,0.202553762,-0.397919792,47.94250545,54.5
100.08,0.202553762,-0.397919792,47.94250545,54.5
100.092,0.202553762,-0.397919792,47.94250545,54.5
100.105,0.202553762,-0.397919792,47.94250545,54.5
100.118,0.202553762,-0.397919792,47.94250545,54.5
100.13,0.202553762,-0.397919792,47.94250545,54.5
100.143,0.202553762,-0.397919792,47.94250545,54.5
100.156,0.202553762,-0.397919792,47.94250545,54.5
100.168,0.202553762,-0.397919792,47.94250545,54.5
100.181,0.202553762,-0.397919792,47.94250545,54.5
100.194,0.202553762,-0.397919792,47.94250545,54.5
100.207,0.201697298,-0.397919792,47.94250545,54.5
100.219,0.202553762,-0.397919792,47.94250545,54.5
100.232,0.202553762,-0.397919792,47.94250545,54.5
100.245,0.202553762,-0.397919792,47.94250545,54.5
100.257,0.202553762,-0.397919792,47.94869396,54.4
100.27,0.202553762,-0.430876339,47.94250545,54.5
100.283,0.202553762,-0.430876339,47.94869396,54.4
100.296,0.202553762,-0.397919792,47.94250545,54.5
100.308,0.202553762,-0.397919792,47.94869396,54.4
100.321,0.202553762,-0.397919792,47.94250545,54.5
100.334,0.201697298,-0.397919792,47.94869396,54.4
100.346,0.202553762,-0.397919792,47.94250545,54.5
100.359,0.202553762,-0.430876339,47.94869396,54.4
100.372,0.202553762,-0.430876339,47.94250545,54.5
100.384,0.202553762,-0.430876339,47.94869396,54.4
100.397,0.202553762,-0.397919792,47.94250545,54.5
100.41,0.202553762,-0.397919792,47.94250545,54.5
100.423,0.202553762,-0.397919792,47.94250545,54.5
100.435,0.202553762,-0.430876339,47.94250545,54.5
100.448,0.202553762,-0.430876339,47.94250545,54.5
100.461,0.202553762,-0.430876339,47.94250545,54.5
100.473,0.202553762,-0.430876339,47.94869396,54.4
100.486,0.202553762,-0.397919792,47.94250545,54.5
100.499,0.202553762,-0.397919792,47.94869396,54.4
100.511,0.202553762,-0.397919792,47.94250545,54.5
100.524,0.202553762,-0.397919792,47.94869396,54.4
100.537,0.202553762,-0.397919792,47.94250545,54.5
100.55,0.201697298,-0.397919792,47.94869396,54.4
100.562,0.202553762,-0.397919792,47.94250545,54.5
100.575,0.202553762,-0.397919792,47.94869396,54.4
100.588,0.202553762,-0.397919792,47.94250545,54.5
100.6,0.202553762,-0.397919792,47.94250545,54.5
100.613,0.202553762,-0.397919792,47.94250545,54.5
100.626,0.202553762,-0.397919792,47.94250545,54.5
100.639,0.202553762,-0.397919792,47.94250545,54.5
100.651,0.202553762,-0.397919792,47.94250545,54.5
100.664,0.202553762,-0.397919792,47.94869396,54.4
100.677,0.202553762,-0.397919792,47.94250545,54.5
100.689,0.202553762,-0.397919792,47.94869396,54.4
100.702,0.202553762,-0.397919792,47.94250545,54.5
100.715,0.201697298,-0.397919792,47.94869396,54.4
100.727,0.201697298,-0.397919792,47.94250545,54.5
100.74,0.202553762,-0.397919792,47.94250545,54.5
100.753,0.202553762,-0.397919792,47.94250545,54.5
100.766,0.202553762,-0.397919792,47.94250545,54.5
100.778,0.202553762,-0.397919792,47.94250545,54.5
100.791,0.201697298,-0.397919792,47.94250545,54.5
100.804,0.202553762,-0.397919792,47.94250545,54.5
100.816,0.202553762,-0.397919792,47.94250545,54.5
100.829,0.202553762,-0.397919792,47.94250545,54.5
100.842,0.202553762,-0.397919792,47.94250545,54.5
100.854,0.202553762,-0.397919792,47.91870487,54.5
100.867,0.202553762,-0.397919792,47.91870487,54.5
100.88,0.202553762,-0.397919792,47.91870487,54.5
100.893,0.202553762,-0.397919792,47.94869396,54.4
100.905,0.202553762,-0.397919792,47.94250545,54.5
100.918,0.202553762,-0.397919792,47.94250545,54.5
100.931,0.202553762,-0.397919792,47.91870487,54.5
100.943,0.202553762,-0.397919792,47.92489337,54.4
100.956,0.202553762,-0.364963245,47.94250545,54.5
100.969,0.202553762,-0.364963245,47.94869396,54.4
100.982,0.202553762,-0.364963245,47.94250545,54.5
100.994,0.202553762,-0.364963245,47.94869396,54.4
101.007,0.202553762,-0.397919792,47.94250545,54.5
101.02,0.202553762,-0.397919792,47.94869396,54.4
101.032,0.202553762,-0.397919792,47.94250545,54.5
101.045,0.202553762,-0.397919792,47.94869396,54.4
101.058,0.202553762,-0.397919792,47.94250545,54.5
101.07,0.201697298,-0.397919792,47.94869396,54.4
101.083,0.202553762,-0.397919792,47.94250545,54.5
101.096,0.202553762,-0.397919792,47.94869396,54.4
101.109,0.202553762,-0.397919792,47.94250545,54.5
101.121,0.202553762,-0.397919792,47.94250545,54.5
101.134,0.202553762,-0.397919792,47.94250545,54.5
101.147,0.202553762,-0.397919792,47.94250545,54.5
101.159,0.202553762,-0.364963245,47.94869396,54.4
101.172,0.202553762,-0.364963245,47.94250545,54.5
101.185,0.202553762,-0.364963245,47.94869396,54.4
101.197,0.202553762,-0.364963245,47.94250545,54.5
101.21,0.202553762,-0.397919792,47.94869396,54.4
101.223,0.202553762,-0.397919792,47.94250545,54.5
101.236,0.202553762,-0.364963245,47.94869396,54.4
101.248,0.202553762,-0.364963245,47.94250545,54.5
101.261,0.201697298,-0.364963245,47.92489337,54.4
101.274,0.202553762,-0.397919792,47.91870487,54.5
101.286,0.202553762,-0.397919792,47.94869396,54.4
101.299,0.202553762,-0.364963245,47.94250545,54.5
101.312,0.202553762,-0.364963245,47.94250545,54.5
101.325,0.202553762,-0.364963245,47.94250545,54.5
101.337,0.201697298,-0.364963245,47.94250545,54.5
101.35,0.201697298,-0.364963245,47.94250545,54.5
101.363,0.201697298,-0.364963245,47.94250545,54.5
101.375,0.202553762,-0.364963245,47.94250545,54.5
101.388,0.202553762,-0.364963245,47.94250545,54.5
101.401,0.202553762,-0.364963245,47.94250545,54.5
101.413,0.202553762,-0.364963245,47.94250545,54.5
101.426,0.202553762,-0.364963245,47.94250545,54.5
101.439,0.202553762,-0.364963245,47.91870487,54.5
101.452,0.202553762,-0.364963245,47.91870487,54.5
101.464,0.202553762,-0.364963245,47.94869396,54.4
101.477,0.202553762,-0.364963245,47.94250545,54.5
101.49,0.202553762,-0.397919792,47.94869396,54.4
101.502,0.202553762,-0.397919792,47.94250545,54.5
101.515,0.202553762,-0.397919792,47.94869396,54.4
101.528,0.201697298,-0.397919792,47.94250545,54.5
101.54,0.202553762,-0.397919792,47.94869396,54.4
101.553,0.202553762,-0.397919792,47.94250545,54.5
101.566,0.202553762,-0.397919792,47.94869396,54.4
101.579,0.202553762,-0.397919792,47.94250545,54.5
101.591,0.201697298,-0.397919792,47.94869396,54.4
101.604,0.202553762,-0.397919792,47.94250545,54.5
101.617,0.201697298,-0.397919792,47.94250545,54.5
101.629,0.201697298,-0.397919792,47.94250545,54.5
101.642,0.202553762,-0.397919792,47.94250545,54.5
101.655,0.202553762,-0.397919792,47.94250545,54.5
101.668,0.202553762,-0.430876339,47.94250545,54.5
101.68,0.202553762,-0.430876339,47.94869396,54.4
101.693,0.202553762,-0.430876339,47.94250545,54.5
101.706,0.202553762,-0.430876339,47.94869396,54.4
101.718,0.201697298,-0.430876339,47.94250545,54.5
101.731,0.202553762,-0.430876339,47.94869396,54.4
101.744,0.202553762,-0.430876339,47.94250545,54.5
101.756,0.202553762,-0.430876339,47.94869396,54.4
101.769,0.202553762,-0.430876339,47.94250545,54.5
101.782,0.202553762,-0.430876339,47.94869396,54.4
101.795,0.202553762,-0.430876339,47.94250545,54.5
101.807,0.202553762,-0.430876339,47.94250545,54.5
101.82,0.202553762,-0.430876339,47.94250545,54.5
101.833,0.202553762,-0.430876339,47.94250545,54.5
101.845,0.202553762,-0.430876339,47.94250545,54.5
101.858,0.202553762,-0.397919792,47.94250545,54.5
101.871,0.202553762,-0.430876339,47.94250545,54.5
101.883,0.202553762,-0.430876339,47.94250545,54.5
101.896,0.202553762,-0.430876339,47.94869396,54.4
101.909,0.202553762,-0.430876339,47.94250545,54.5
101.922,0.202553762,-0.430876339,47.94869396,54.4
101.934,0.202553762,-0.430876339,47.94250545,54.5
101.947,0.202553762,-0.397919792,47.94869396,54.4
101.96,0.202553762,-0.397919792,47.94250545,54.5
101.972,0.202553762,-0.430876339,47.94869396,54.4
101.985,0.202553762,-0.397919792,47.94250545,54.5
101.998,0.202553762,-0.397919792,47.94250545,54.5
102.011,0.202553762,-0.397919792,47.94250545,54.5
102.023,0.202553762,-0.397919792,47.94250545,54.5
102.036,0.202553762,-0.430876339,47.94250545,54.5
102.049,0.202553762,-0.430876339,47.94250545,54.5
102.061,0.202553762,-0.397919792,47.94250545,54.5
102.074,0.201697298,-0.397919792,47.94250545,54.5
102.087,0.201697298,-0.397919792,47.94250545,54.5
102.099,0.202553762,-0.397919792,47.94250545,54.5
102.112,0.202553762,-0.397919792,47.94250545,54.5
102.125,0.202553762,-0.397919792,47.94250545,54.5
102.138,0.202553762,-0.397919792,47.94250545,54.5
102.15,0.202553762,-0.397919792,47.94250545,54.5
102.163,0.202553762,-0.397919792,47.94250545,54.5
102.176,0.202553762,-0.397919792,47.94250545,54.5
102.188,0.202553762,-0.397919792,47.94250545,54.5
102.201,0.202553762,-0.397919792,47.94869396,54.4
102.214,0.202553762,-0.364963245,47.94250545,54.5
102.226,0.202553762,-0.364963245,47.94250545,54.5
102.239,0.202553762,-0.364963245,47.94250545,54.5
102.252,0.202553762,-0.364963245,47.94869396,54.4
102.265,0.202553762,-0.364963245,47.94250545,54.5
102.277,0.201697298,-0.397919792,47.94869396,54.4
102.29,0.201697298,-0.397919792,47.94250545,54.5
102.303,0.201697298,-0.364963245,47.94869396,54.4
102.315,0.201697298,-0.364963245,47.94250545,54.5
102.328,0.201697298,-0.364963245,47.94250545,54.5
102.341,0.202553762,-0.364963245,47.94250545,54.5
102.354,0.202553762,-0.364963245,47.94250545,54.5
102.366,0.202553762,-0.364963245,47.94869396,54.4
102.379,0.202553762,-0.364963245,47.94250545,54.5
102.392,0.202553762,-0.364963245,47.94869396,54.4
102.404,0.202553762,-0.364963245,47.94250545,54.5
102.417,0.202553762,-0.364963245,47.94869396,54.4
102.43,0.202553762,-0.364963245,47.94250545,54.5
102.442,0.202553762,-0.364963245,47.94869396,54.4
102.455,0.202553762,-0.364963245,47.94250545,54.5
102.468,0.202553762,-0.364963245,47.94869396,54.4
102.481,0.202553762,-0.364963245,47.94250545,54.5
102.493,0.202553762,-0.364963245,47.94869396,54.4
102.506,0.202553762,-0.364963245,47.94250545,54.5
102.519,0.202553762,-0.332006698,47.94869396,54.4
102.531,0.202553762,-0.332006698,47.94250545,54.5
102.544,0.201697298,-0.332006698,47.94250545,54.5
102.557,0.202553762,-0.332006698,47.94250545,54.5
102.569,0.202553762,-0.332006698,47.94250545,54.5
102.582,0.202553762,-0.332006698,47.94250545,54.5
102.595,0.201697298,-0.332006698,47.94250545,54.5
102.608,0.201697298,-0.364963245,47.94869396,54.4
102.62,0.202553762,-0.332006698,47.94250545,54.5
102.633,0.202553762,-0.364963245,47.94250545,54.5
102.646,0.201697298,-0.364963245,47.94250545,54.5
102.658,0.202553762,-0.364963245,47.94250545,54.5
102.671,0.202553762,-0.364963245,47.94250545,54.5
102.684,0.202553762,-0.364963245,47.94250545,54.5
102.697,0.202553762,-0.364963245,47.94250545,54.5
102.709,0.202553762,-0.364963245,47.94250545,54.5
102.722,0.202553762,-0.364963245,47.94250545,54.5
102.735,0.202553762,-0.397919792,47.94250545,54.5
102.747,0.202553762,-0.364963245,47.94250545,54.5
102.76,0.202553762,-0.397919792,47.94250545,54.5
102.773,0.202553762,-0.397919792,47.94250545,54.5
102.785,0.202553762,-0.397919792,47.94250545,54.5
102.798,0.202553762,-0.397919792,47.94250545,54.5
102.811,0.202553762,-0.397919792,47.94250545,54.5
102.824,0.202553762,-0.397919792,47.94250545,54.5
102.836,0.202553762,-0.397919792,47.94250545,54.5
102.849,0.202553762,-0.397919792,47.94250545,54.5
102.862,0.202553762,-0.397919792,47.94250545,54.5
102.874,0.202553762,-0.397919792,47.94250545,54.5
102.887,0.202553762,-0.397919792,47.94869396,54.4
102.9,0.202553762,-0.397919792,47.94250545,54.5
102.901,0.202981994,-0.397919792,47.94250545,54.5
102.913,0.202553762,-0.397919792,47.94869396,54.4
102.926,0.202553762,-0.397919792,47.94250545,54.5
102.938,0.202553762,-0.397919792,47.94869396,54.4
102.951,0.201697298,-0.397919792,47.94250545,54.5
102.964,0.202553762,-0.430876339,47.94869396,54.4
102.976,0.202553762,-0.430876339,47.94250545,54.5
102.989,0.202553762,-0.430876339,47.94869396,54.4
103.002,0.202553762,-0.430876339,47.93631694,54.6
103.015,0.202553762,-0.430876339,47.94869396,54.4
103.027,0.202553762,-0.430876339,47.94250545,54.5
103.04,0.201697298,-0.430876339,47.94869396,54.4
103.053,0.202553762,-0.430876339,47.94250545,54.5
103.065,0.202553762,-0.430876339,47.94869396,54.4
103.078,0.202553762,-0.430876339,47.94250545,54.5
103.091,0.202553762,-0.430876339,47.94869396,54.4
103.104,0.202553762,-0.430876339,47.94250545,54.5
103.116,0.202553762,-0.430876339,47.94869396,54.4
103.129,0.202553762,-0.430876339,47.94250545,54.5
103.142,0.202553762,-0.430876339,47.94250545,54.5
103.154,0.202553762,-0.430876339,47.94250545,54.5
103.167,0.202553762,-0.430876339,47.94250545,54.5
103.18,0.202553762,-0.430876339,47.94869396,54.4
103.192,0.202553762,-0.430876339,47.91870487,54.5
103.205,0.202553762,-0.430876339,47.94869396,54.4
103.218,0.202553762,-0.430876339,47.94250545,54.5
103.231,0.202553762,-0.463832887,47.94869396,54.4
103.243,0.202553762,-0.430876339,47.94250545,54.5
103.256,0.202553762,-0.430876339,47.94869396,54.4
103.269,0.201697298,-0.430876339,47.94250545,54.5
103.281,0.201697298,-0.430876339,47.94250545,54.5
103.294,0.201697298,-0.430876339,47.94250545,54.5
103.307,0.202553762,-0.430876339,47.94250545,54.5
103.319,0.202553762,-0.430876339,47.94250545,54.5
103.332,0.201697298,-0.430876339,47.94250545,54.5
103.345,0.201697298,-0.430876339,47.94250545,54.5
103.358,0.202553762,-0.430876339,47.94250545,54.5
103.37,0.202553762,-0.430876339,47.94250545,54.5
103.383,0.202553762,-0.430876339,47.94250545,54.5
103.396,0.202553762,-0.430876339,47.94250545,54.5
103.408,0.202553762,-0.430876339,47.94250545,54.5
103.421,0.202553762,-0.430876339,47.94250545,54.5
103.434,0.201697298,-0.430876339,47.94250545,54.5
103.447,0.201697298,-0.430876339,47.94250545,54.5
103.459,0.202553762,-0.430876339,47.94250545,54.5
103.472,0.202553762,-0.430876339,47.94250545,54.5
103.485,0.202553762,-0.430876339,47.94250545,54.5
103.497,0.202553762,-0.430876339,47.94250545,54.5
103.51,0.201697298,-0.430876339,47.94869396,54.4
103.523,0.201697298,-0.430876339,47.94250545,54.5
103.535,0.201697298,-0.430876339,47.94869396,54.4
103.548,0.202553762,-0.430876339,47.94250545,54.5
103.561,0.202553762,-0.397919792,47.94869396,54.4
103.574,0.202553762,-0.397919792,47.94250545,54.5
103.586,0.202553762,-0.397919792,47.94869396,54.4
103.599,0.202553762,-0.397919792,47.94250545,54.5
103.612,0.202553762,-0.430876339,47.94250545,54.5
103.624,0.201697298,-0.430876339,47.94250545,54.5
103.637,0.201697298,-0.430876339,47.94250545,54.5
103.65,0.202553762,-0.430876339,47.94869396,54.4
103.662,0.202553762,-0.397919792,47.94250545,54.5
103.675,0.202553762,-0.397919792,47.94250545,54.5
103.688,0.202553762,-0.397919792,47.94250545,54.5
103.701,0.202553762,-0.397919792,47.94869396,54.4
103.713,0.202553762,-0.397919792,47.94250545,54.5
103.726,0.202553762,-0.397919792,47.94869396,54.4
103.739,0.202553762,-0.397919792,47.94250545,54.5
103.751,0.202553762,-0.397919792,47.94869396,54.4
103.764,0.202553762,-0.397919792,47.94250545,54.5
103.777,0.202553762,-0.397919792,47.94869396,54.4
103.79,0.202553762,-0.364963245,47.94250545,54.5
103.802,0.202553762,-0.364963245,47.94869396,54.4
103.815,0.202553762,-0.364963245,47.94250545,54.5
103.828,0.202553762,-0.364963245,47.94250545,54.5
103.84,0.202553762,-0.364963245,47.94250545,54.5
103.853,0.202553762,-0.364963245,47.94250545,54.5
103.866,0.202553762,-0.364963245,47.94869396,54.4
103.878,0.202553762,-0.364963245,47.94250545,54.5
103.891,0.202553762,-0.364963245,47.94869396,54.4
103.904,0.202553762,-0.364963245,47.94250545,54.5
103.917,0.202553762,-0.364963245,47.94869396,54.4
103.929,0.202553762,-0.364963245,47.94250545,54.5
103.942,0.202553762,-0.364963245,47.94869396,54.4
103.955,0.202553762,-0.364963245,47.94250545,54.5
103.967,0.202553762,-0.364963245,47.94869396,54.4
103.98,0.202553762,-0.364963245,47.94250545,54.5
103.993,0.201697298,-0.364963245,47.94869396,54.4
104.005,0.202553762,-0.364963245,47.94250545,54.5
104.018,0.202553762,-0.364963245,47.94869396,54.4
104.031,0.201697298,-0.364963245,47.94250545,54.5
104.044,0.201697298,-0.364963245,47.94250545,54.5
104.056,0.202553762,-0.364963245,47.94250545,54.5
104.069,0.202553762,-0.364963245,47.94250545,54.5
104.082,0.202553762,-0.364963245,47.94250545,54.5
104.094,0.202553762,-0.364963245,47.94250545,54.5
104.107,0.202553762,-0.364963245,47.94250545,54.5
104.12,0.202553762,-0.364963245,47.94869396,54.4
104.133,0.202553762,-0.364963245,47.94250545,54.5
104.145,0.202553762,-0.332006698,47.94869396,54.4
104.158,0.201697298,-0.332006698,47.94250545,54.5
104.171,0.201697298,-0.332006698,47.94869396,54.4
104.183,0.202553762,-0.332006698,47.94250545,54.5
104.196,0.202553762,-0.364963245,47.94869396,54.4
104.209,0.202553762,-0.332006698,47.94250545,54.5
104.221,0.202553762,-0.364963245,47.94869396,54.4
104.234,0.202553762,-0.364963245,47.94250545,54.5
104.247,0.202553762,-0.364963245,47.94869396,54.4
104.26,0.202553762,-0.364963245,47.94250545,54.5
104.272,0.202553762,-0.332006698,47.94869396,54.4
104.285,0.202553762,-0.332006698,47.94250545,54.5
104.298,0.202553762,-0.332006698,47.94869396,54.4
104.31,0.201697298,-0.364963245,47.94250545,54.5
104.323,0.202553762,-0.364963245,47.94869396,54.4
104.336,0.202553762,-0.364963245,47.94250545,54.5
104.348,0.202553762,-0.364963245,47.94250545,54.5
104.361,0.202553762,-0.364963245,47.94250545,54.5
104.374,0.202553762,-0.364963245,47.94250545,54.5
104.387,0.202553762,-0.364963245,47.92489337,54.4
104.399,0.202553762,-0.364963245,47.94250545,54.5
104.412,0.202553762,-0.364963245,47.94869396,54.4
104.425,0.202553762,-0.364963245,47.94250545,54.5
104.437,0.202553762,-0.364963245,47.94869396,54.4
104.45,0.202553762,-0.364963245,47.94250545,54.5
104.463,0.202553762,-0.364963245,47.94869396,54.4
104.476,0.202553762,-0.397919792,47.94250545,54.5
104.488,0.202553762,-0.397919792,47.94869396,54.4
104.501,0.202553762,-0.397919792,47.94250545,54.5
104.514,0.202553762,-0.397919792,47.94250545,54.5
104.526,0.201697298,-0.397919792,47.94250545,54.5
104.539,0.202553762,-0.397919792,47.94250545,54.5
104.552,0.202553762,-0.397919792,47.94250545,54.5
104.564,0.202553762,-0.397919792,47.94250545,54.5
104.577,0.202553762,-0.397919792,47.94250545,54.5
104.59,0.202553762,-0.397919792,47.94250545,54.5
104.603,0.202553762,-0.397919792,47.94250545,54.5
104.615,0.202553762,-0.397919792,47.94250545,54.5
104.628,0.202553762,-0.397919792,47.94869396,54.4
104.641,0.202553762,-0.397919792,47.94250545,54.5
104.653,0.202553762,-0.397919792,47.94250545,54.5
104.666,0.202553762,-0.397919792,47.91870487,54.5
104.679,0.201697298,-0.397919792,47.94250545,54.5
104.691,0.202553762,-0.397919792,47.94250545,54.5
104.704,0.201697298,-0.397919792,47.94250545,54.5
104.717,0.202553762,-0.397919792,47.94250545,54.5
104.73,0.202553762,-0.397919792,47.94250545,54.5
104.742,0.202553762,-0.397919792,47.94250545,54.5
104.755,0.202553762,-0.430876339,47.94250545,54.5
104.768,0.202553762,-0.430876339,47.94869396,54.4
104.78,0.202553762,-0.430876339,47.94250545,54.5
104.793,0.202553762,-0.430876339,47.94869396,54.4
104.806,0.202553762,-0.430876339,47.94250545,54.5
104.819,0.202553762,-0.430876339,47.94250545,54.5
104.831,0.202553762,-0.430876339,47.94250545,54.5
104.844,0.202553762,-0.430876339,47.94250545,54.5
104.857,0.202553762,-0.430876339,47.94869396,54.4
104.869,0.202553762,-0.397919792,47.94250545,54.5
104.882,0.202553762,-0.397919792,47.94250545,54.5
104.895,0.202553762,-0.397919792,47.94250545,54.5
104.907,0.202553762,-0.430876339,47.94250545,54.5
104.92,0.202553762,-0.430876339,47.94250545,54.5
104.933,0.202553762,-0.430876339,47.94869396,54.4
104.946,0.202553762,-0.430876339,47.94250545,54.5
104.958,0.202553762,-0.430876339,47.94869396,54.4
104.971,0.202553762,-0.430876339,47.94250545,54.5
104.984,0.202553762,-0.430876339,47.94869396,54.4
104.996,0.202553762,-0.430876339,47.94250545,54.5
105.009,0.202553762,-0.430876339,47.94869396,54.4
105.022,0.202553762,-0.430876339,47.94250545,54.5
105.034,0.202553762,-0.430876339,47.94250545,54.5
105.047,0.201697298,-0.430876339,47.94250545,54.5
105.06,0.202553762,-0.430876339,47.94250545,54.5
105.073,0.202553762,-0.397919792,47.94869396,54.4
105.085,0.202553762,-0.397919792,47.94250545,54.5
105.098,0.202553762,-0.397919792,47.94869396,54.4
105.111,0.202553762,-0.397919792,47.94250545,54.5
105.123,0.202553762,-0.397919792,47.94869396,54.4
105.136,0.202553762,-0.397919792,47.94250545,54.5
105.149,0.202553762,-0.397919792,47.94869396,54.4
105.162,0.202553762,-0.364963245,47.94250545,54.5
105.174,0.202553762,-0.364963245,47.94869396,54.4
105.187,0.202553762,-0.364963245,47.93631694,54.6
105.2,0.202553762,-0.364963245,47.94869396,54.4
105.212,0.202553762,-0.364963245,47.94250545,54.5
105.225,0.202553762,-0.364963245,47.94869396,54.4
105.238,0.202553762,-0.364963245,47.94250545,54.5
105.25,0.202553762,-0.332006698,47.94869396,54.4
105.263,0.202553762,-0.332006698,47.94250545,54.5
105.276,0.202553762,-0.332006698,47.94250545,54.5
105.289,0.202553762,-0.332006698,47.94250545,54.5
105.301,0.202553762,-0.332006698,47.94250545,54.5
105.314,0.201697298,-0.332006698,47.94250545,54.5
105.327,0.201697298,-0.332006698,47.94250545,54.5
105.339,0.202553762,-0.332006698,47.94869396,54.4
105.352,0.202553762,-0.332006698,47.94250545,54.5
105.365,0.202553762,-0.332006698,47.94250545,54.5
105.377,0.202553762,-0.332006698,47.94250545,54.5
105.39,0.202553762,-0.332006698,47.94250545,54.5
105.403,0.202553762,-0.332006698,47.94250545,54.5
105.416,0.202553762,-0.332006698,47.94250545,54.5
105.428,0.202553762,-0.332006698,47.94250545,54.5
105.441,0.202553762,-0.332006698,47.94250545,54.5
105.454,0.202553762,-0.332006698,47.94869396,54.4
105.466,0.202553762,-0.332006698,47.94250545,54.5
105.479,0.202553762,-0.364963245,47.94869396,54.4
105.492,0.202553762,-0.364963245,47.94250545,54.5
105.505,0.202553762,-0.364963245,47.94250545,54.5
105.517,0.202553762,-0.364963245,47.94250545,54.5
105.53,0.202553762,-0.364963245,47.94250545,54.5
105.543,0.202553762,-0.397919792,47.94250545,54.5
105.555,0.202553762,-0.397919792,47.94250545,54.5
105.568,0.202553762,-0.397919792,47.94250545,54.5
105.581,0.202553762,-0.397919792,47.94250545,54.5
105.593,0.201697298,-0.397919792,47.94869396,54.4
105.606,0.202553762,-0.397919792,47.94250545,54.5
105.619,0.202553762,-0.397919792,47.94869396,54.4
105.632,0.202553762,-0.430876339,47.94250545,54.5
105.644,0.202553762,-0.397919792,48.02489337,54.3
105.657,0.202553762,-0.397919792,48.04250545,54.4
105.67,0.202553762,-0.397919792,48.04869396,54.3
105.682,0.202553762,-0.397919792,47.93631694,54.6
105.695,0.202553762,-0.430876339,48.04869396,54.3
105.708,0.202553762,-0.430876339,47.94250545,54.5
105.72,0.202553762,-0.430876339,47.94869396,54.4
105.733,0.202553762,-0.430876339,47.94250545,54.5
105.746,0.202553762,-0.430876339,48.04869396,54.3
105.759,0.202553762,-0.430876339,47.94250545,54.5
105.771,0.202553762,-0.430876339,48.04869396,54.3
105.784,0.202553762,-0.430876339,47.94250545,54.5
105.797,0.201697298,-0.430876339,47.94250545,54.5
105.809,0.202553762,-0.430876339,47.94250545,54.5
105.822,0.202553762,-0.430876339,48.04250545,54.4
105.835,0.202553762,-0.430876339,47.94869396,54.4
105.848,0.202553762,-0.430876339,48.04250545,54.4
105.86,0.202553762,-0.430876339,47.94869396,54.4
105.873,0.202553762,-0.430876339,48.04250545,54.4
105.886,0.202553762,-0.430876339,47.94250545,54.5
105.898,0.202553762,-0.430876339,48.04250545,54.4
105.911,0.202553762,-0.430876339,48.04869396,54.3
105.924,0.202553762,-0.430876339,48.04250545,54.4
105.936,0.202553762,-0.430876339,47.94250545,54.5
105.949,0.202553762,-0.430876339,48.04250545,54.4
105.962,0.202553762,-0.430876339,48.04250545,54.4
105.975,0.202553762,-0.430876339,48.04250545,54.4
105.987,0.202553762,-0.430876339,48.04250545,54.4
106,0.202553762,-0.430876339,48.04250545,54.4
106.013,0.202553762,-0.430876339,48.04250545,54.4
106.025,0.202553762,-0.430876339,48.04869396,54.3
106.038,0.202553762,-0.430876339,47.94250545,54.5
106.051,0.202553762,-0.430876339,48.04869396,54.3
106.063,0.202553762,-0.430876339,48.04250545,54.4
106.076,0.202553762,-0.430876339,48.04250545,54.4
106.089,0.202553762,-0.430876339,48.04250545,54.4
106.102,0.202553762,-0.430876339,48.04250545,54.4
106.114,0.202553762,-0.430876339,48.04250545,54.4
106.127,0.202553762,-0.430876339,48.04250545,54.4
106.14,0.202553762,-0.430876339,48.04869396,54.3
106.152,0.202553762,-0.397919792,48.04250545,54.4
106.165,0.202553762,-0.430876339,48.04869396,54.3
106.178,0.202553762,-0.430876339,48.04250545,54.4
106.191,0.202553762,-0.430876339,48.04869396,54.3
106.203,0.202553762,-0.430876339,48.04250545,54.4
106.216,0.202553762,-0.430876339,48.04250545,54.4
106.229,0.202553762,-0.430876339,48.04250545,54.4
106.241,0.202553762,-0.430876339,48.04869396,54.3
106.254,0.202553762,-0.430876339,48.04250545,54.4
106.267,0.202553762,-0.397919792,48.04250545,54.4
106.279,0.202553762,-0.397919792,48.04250545,54.4
106.292,0.202553762,-0.397919792,48.04250545,54.4
106.305,0.202553762,-0.397919792,48.04869396,54.3
106.318,0.202553762,-0.397919792,48.04250545,54.4
106.33,0.202553762,-0.397919792,48.04869396,54.3
106.343,0.202553762,-0.397919792,48.04250545,54.4
106.356,0.202553762,-0.397919792,48.04869396,54.3
106.368,0.202553762,-0.397919792,48.04250545,54.4
106.381,0.202553762,-0.397919792,48.04869396,54.3
106.394,0.202553762,-0.397919792,48.04250545,54.4
106.406,0.202553762,-0.397919792,48.04869396,54.3
106.419,0.202553762,-0.397919792,48.04250545,54.4
106.432,0.202553762,-0.397919792,48.04869396,54.3
106.445,0.202553762,-0.397919792,48.04250545,54.4
106.457,0.202553762,-0.397919792,48.04869396,54.3
106.47,0.202553762,-0.397919792,48.04250545,54.4
106.483,0.202553762,-0.397919792,48.04250545,54.4
106.495,0.202553762,-0.397919792,48.04250545,54.4
106.508,0.202553762,-0.397919792,48.04250545,54.4
106.521,0.202553762,-0.397919792,48.04869396,54.3
106.534,0.202553762,-0.397919792,48.04250545,54.4
106.546,0.202553762,-0.397919792,48.04869396,54.3
106.559,0.202553762,-0.397919792,48.04250545,54.4
106.572,0.202553762,-0.397919792,48.04869396,54.3
106.584,0.202553762,-0.397919792,48.04250545,54.4
106.597,0.202553762,-0.397919792,48.04869396,54.3
106.61,0.202553762,-0.397919792,48.04250545,54.4
106.622,0.202553762,-0.397919792,48.04869396,54.3
106.635,0.202553762,-0.364963245,48.04250545,54.4
106.648,0.202553762,-0.364963245,48.04869396,54.3
106.661,0.202553762,-0.364963245,48.04250545,54.4
106.673,0.202553762,-0.397919792,48.04250545,54.4
106.686,0.202553762,-0.397919792,48.04250545,54.4
106.699,0.202553762,-0.364963245,48.04250545,54.4
106.711,0.202553762,-0.364963245,48.04250545,54.4
106.724,0.202553762,-0.364963245,48.04869396,54.3
106.737,0.202553762,-0.364963245,48.04250545,54.4
106.749,0.202553762,-0.397919792,48.04869396,54.3
106.762,0.202553762,-0.397919792,48.04250545,54.4
106.775,0.201697298,-0.397919792,48.04869396,54.3
106.788,0.201697298,-0.364963245,48.04250545,54.4
106.8,0.202553762,-0.364963245,48.04869396,54.3
106.813,0.202553762,-0.364963245,48.04250545,54.4
106.826,0.202553762,-0.364963245,48.04869396,54.3
106.838,0.202553762,-0.364963245,48.04250545,54.4
106.851,0.202553762,-0.364963245,48.04869396,54.3
106.864,0.202553762,-0.364963245,48.04250545,54.4
106.877,0.202553762,-0.364963245,48.04869396,54.3
106.889,0.202553762,-0.364963245,48.04250545,54.4
106.902,0.201697298,-0.364963245,48.04869396,54.3
106.915,0.202553762,-0.364963245,48.04250545,54.4
106.927,0.202553762,-0.364963245,48.04869396,54.3
106.94,0.202553762,-0.332006698,48.04250545,54.4
106.953,0.202553762,-0.364963245,48.04869396,54.3
106.965,0.202553762,-0.364963245,48.04250545,54.4
106.978,0.202553762,-0.364963245,48.04869396,54.3
106.991,0.202553762,-0.364963245,48.04250545,54.4
107.004,0.202553762,-0.364963245,48.04250545,54.4
107.016,0.202553762,-0.364963245,48.04250545,54.4
107.029,0.202553762,-0.364963245,48.04250545,54.4
107.042,0.202553762,-0.364963245,48.04869396,54.3
107.054,0.202553762,-0.364963245,48.04250545,54.4
107.067,0.202553762,-0.364963245,48.04869396,54.3
107.08,0.202553762,-0.364963245,48.04250545,54.4
107.092,0.202553762,-0.397919792,48.04869396,54.3
107.105,0.202553762,-0.397919792,48.04250545,54.4
107.118,0.202553762,-0.397919792,48.04869396,54.3
107.131,0.202553762,-0.364963245,48.04250545,54.4
107.143,0.202553762,-0.397919792,48.04869396,54.3
107.156,0.202553762,-0.397919792,48.04250545,54.4
107.169,0.201697298,-0.397919792,48.04250545,54.4
107.181,0.202553762,-0.397919792,48.04250545,54.4
107.194,0.201697298,-0.397919792,48.04250545,54.4
107.207,0.202553762,-0.397919792,48.04250545,54.4
107.22,0.202553762,-0.397919792,48.04250545,54.4
107.232,0.202553762,-0.397919792,48.04869396,54.3
107.245,0.202553762,-0.397919792,48.04250545,54.4
107.258,0.202553762,-0.397919792,48.04869396,54.3
107.27,0.202553762,-0.397919792,48.04250545,54.4
107.283,0.202553762,-0.397919792,48.04869396,54.3
107.296,0.202553762,-0.430876339,48.04250545,54.4
107.308,0.202553762,-0.430876339,48.04869396,54.3
107.321,0.201697298,-0.430876339,48.04250545,54.4
107.334,0.201697298,-0.430876339,48.04869396,54.3
107.347,0.202553762,-0.430876339,48.04250545,54.4
107.359,0.202553762,-0.430876339,48.04250545,54.4
107.372,0.202553762,-0.430876339,48.04250545,54.4
107.385,0.202553762,-0.430876339,48.04250545,54.4
107.397,0.202553762,-0.430876339,48.04250545,54.4
107.41,0.202553762,-0.430876339,48.04250545,54.4
107.423,0.202553762,-0.430876339,48.04250545,54.4
107.435,0.202553762,-0.430876339,48.04250545,54.4
107.448,0.202553762,-0.430876339,48.04869396,54.3
107.461,0.202553762,-0.430876339,48.04250545,54.4
107.474,0.201697298,-0.430876339,48.04250545,54.4
107.486,0.201697298,-0.430876339,48.04250545,54.4
107.499,0.201697298,-0.430876339,48.04250545,54.4
107.512,0.201697298,-0.430876339,48.04869396,54.3
107.524,0.202553762,-0.430876339,48.04250545,54.4
107.537,0.202553762,-0.430876339,48.04869396,54.3
107.55,0.202553762,-0.430876339,48.04250545,54.4
107.563,0.202553762,-0.430876339,48.04869396,54.3
107.575,0.202553762,-0.463832887,48.04250545,54.4
107.588,0.201697298,-0.463832887,48.04869396,54.3
107.601,0.202553762,-0.463832887,48.04250545,54.4
107.613,0.202981994,-0.430876339,48.04869396,54.3
107.626,0.202981994,-0.430876339,48.04250545,54.4
107.639,0.202553762,-0.430876339,48.04869396,54.3
107.651,0.202553762,-0.430876339,48.04250545,54.4
107.664,0.201697298,-0.430876339,48.04869396,54.3
107.677,0.201697298,-0.430876339,48.04250545,54.4
107.69,0.201697298,-0.430876339,48.04250545,54.4
107.702,0.201697298,-0.430876339,48.04250545,54.4
107.715,0.201697298,-0.430876339,48.04250545,54.4
107.728,0.202553762,-0.430876339,48.04869396,54.3
107.74,0.202553762,-0.430876339,48.04250545,54.4
107.753,0.202553762,-0.430876339,48.04869396,54.3
107.766,0.202553762,-0.430876339,48.04250545,54.4
107.778,0.202553762,-0.430876339,48.04869396,54.3
107.791,0.202553762,-0.430876339,48.03631694,54.5
107.804,0.202553762,-0.430876339,48.04869396,54.3
107.817,0.202553762,-0.430876339,48.03631694,54.5
107.829,0.201697298,-0.463832887,48.04869396,54.3
107.842,0.202553762,-0.430876339,48.04250545,54.4
107.855,0.202553762,-0.463832887,48.04869396,54.3
107.867,0.202553762,-0.430876339,48.04250545,54.4
107.88,0.202553762,-0.463832887,48.04250545,54.4
107.893,0.202553762,-0.430876339,48.04250545,54.4
107.906,0.202553762,-0.430876339,48.04869396,54.3
107.918,0.202553762,-0.430876339,48.04250545,54.4
107.931,0.202553762,-0.430876339,48.04869396,54.3
107.944,0.202553762,-0.430876339,48.04250545,54.4
107.956,0.202553762,-0.430876339,48.04250545,54.4
107.969,0.202553762,-0.430876339,48.04250545,54.4
107.982,0.202553762,-0.463832887,48.04250545,54.4
107.994,0.202553762,-0.463832887,48.04250545,54.4
108.007,0.202553762,-0.463832887,48.04250545,54.4
108.02,0.202553762,-0.463832887,48.04250545,54.4
108.033,0.202553762,-0.463832887,48.04869396,54.3
108.045,0.201697298,-0.463832887,48.04250545,54.4
108.058,0.201697298,-0.463832887,48.04869396,54.3
108.071,0.201697298,-0.430876339,48.04250545,54.4
108.083,0.202553762,-0.430876339,48.04250545,54.4
108.096,0.201697298,-0.430876339,48.04250545,54.4
108.109,0.201697298,-0.430876339,48.04250545,54.4
108.121,0.202553762,-0.430876339,48.04250545,54.4
108.134,0.202553762,-0.430876339,48.02489337,54.3
108.147,0.202553762,-0.430876339,48.04250545,54.4
108.16,0.201697298,-0.430876339,48.04869396,54.3
108.172,0.202553762,-0.430876339,48.04250545,54.4
108.185,0.202553762,-0.430876339,48.04250545,54.4
108.198,0.202553762,-0.430876339,48.04250545,54.4
108.21,0.201697298,-0.430876339,48.04250545,54.4
108.223,0.201697298,-0.430876339,48.02489337,54.3
108.236,0.202553762,-0.430876339,48.04250545,54.4
108.249,0.202553762,-0.430876339,48.04869396,54.3
108.261,0.201697298,-0.430876339,48.04250545,54.4
108.274,0.202553762,-0.430876339,48.04869396,54.3
108.287,0.202553762,-0.430876339,48.04250545,54.4
108.299,0.202553762,-0.430876339,48.04869396,54.3
108.312,0.202553762,-0.430876339,48.04250545,54.4
108.325,0.202553762,-0.430876339,48.04869396,54.3
108.337,0.202553762,-0.430876339,48.04250545,54.4
108.35,0.202553762,-0.430876339,48.04869396,54.3
108.363,0.202553762,-0.430876339,48.04250545,54.4
108.376,0.202553762,-0.430876339,48.04869396,54.3
108.388,0.202553762,-0.430876339,48.04250545,54.4
108.401,0.202553762,-0.430876339,48.04250545,54.4
108.414,0.202553762,-0.430876339,48.04250545,54.4
108.426,0.202553762,-0.430876339,48.04869396,54.3
108.439,0.202553762,-0.430876339,48.04869396,54.3
108.452,0.202553762,-0.430876339,48.04250545,54.4
108.464,0.202553762,-0.430876339,48.04869396,54.3
108.477,0.202553762,-0.430876339,48.04250545,54.4
108.49,0.201697298,-0.430876339,48.04869396,54.3
108.503,0.201697298,-0.430876339,48.04250545,54.4
108.515,0.201697298,-0.430876339,48.04869396,54.3
108.528,0.202553762,-0.430876339,48.04250545,54.4
108.541,0.202553762,-0.430876339,48.04869396,54.3
108.553,0.202553762,-0.430876339,48.04250545,54.4
108.566,0.201697298,-0.430876339,48.04869396,54.3
108.579,0.202553762,-0.430876339,48.04250545,54.4
108.592,0.201697298,-0.430876339,48.04250545,54.4
108.604,0.202553762,-0.397919792,48.04250545,54.4
108.617,0.202553762,-0.397919792,48.04250545,54.4
108.63,0.202553762,-0.397919792,48.04250545,54.4
108.642,0.202553762,-0.397919792,48.04250545,54.4
108.655,0.202553762,-0.397919792,48.04869396,54.3
108.668,0.202553762,-0.397919792,48.04250545,54.4
108.68,0.202553762,-0.397919792,48.02489337,54.3
108.693,0.202553762,-0.397919792,48.01870487,54.4
108.706,0.202553762,-0.397919792,48.04869396,54.3
108.719,0.202553762,-0.430876339,48.04250545,54.4
108.731,0.202553762,-0.430876339,48.04869396,54.3
108.744,0.202553762,-0.430876339,48.04250545,54.4
108.757,0.202553762,-0.430876339,48.04250545,54.4
108.769,0.202553762,-0.397919792,48.04250545,54.4
108.782,0.202553762,-0.397919792,48.04250545,54.4
108.795,0.202553762,-0.397919792,48.04250545,54.4
108.807,0.202553762,-0.397919792,48.04250545,54.4
108.82,0.202553762,-0.397919792,48.04869396,54.3
108.833,0.202553762,-0.397919792,48.04250545,54.4
108.846,0.202553762,-0.430876339,48.04869396,54.3
108.858,0.201697298,-0.397919792,48.04250545,54.4
108.871,0.201697298,-0.430876339,48.04250545,54.4
108.884,0.201697298,-0.430876339,48.04250545,54.4
108.896,0.202553762,-0.430876339,48.04250545,54.4
108.909,0.202553762,-0.397919792,48.04250545,54.4
108.922,0.202553762,-0.397919792,48.04250545,54.4
108.935,0.202553762,-0.397919792,48.04869396,54.3
108.947,0.202553762,-0.397919792,48.04250545,54.4
108.96,0.202553762,-0.397919792,48.04869396,54.3
108.973,0.202553762,-0.397919792,48.04250545,54.4
108.985,0.202553762,-0.397919792,48.04869396,54.3
108.998,0.202553762,-0.397919792,48.03631694,54.5
109.011,0.202553762,-0.397919792,48.04869396,54.3
109.023,0.202553762,-0.397919792,48.04250545,54.4
109.036,0.201697298,-0.397919792,48.04869396,54.3
109.049,0.201697298,-0.397919792,48.04250545,54.4
109.062,0.201697298,-0.397919792,48.04869396,54.3
109.074,0.202553762,-0.397919792,48.04250545,54.4
109.087,0.202553762,-0.397919792,48.04869396,54.3
109.1,0.202553762,-0.397919792,48.04250545,54.4
109.112,0.202553762,-0.397919792,48.04869396,54.3
109.125,0.202553762,-0.397919792,48.04250545,54.4
109.138,0.202553762,-0.397919792,48.04250545,54.4
109.15,0.202553762,-0.430876339,48.04250545,54.4
109.163,0.202553762,-0.430876339,48.04250545,54.4
109.176,0.202553762,-0.430876339,48.04869396,54.3
109.189,0.202553762,-0.430876339,48.04250545,54.4
109.201,0.202553762,-0.430876339,48.04869396,54.3
109.214,0.202553762,-0.430876339,48.04250545,54.4
109.227,0.202553762,-0.430876339,48.04869396,54.3
109.239,0.202553762,-0.430876339,48.04250545,54.4
109.252,0.201697298,-0.397919792,48.04869396,54.3
109.265,0.202553762,-0.430876339,48.04250545,54.4
109.277,0.202553762,-0.430876339,48.04250545,54.4
109.29,0.202553762,-0.430876339,48.04250545,54.4
109.303,0.201697298,-0.430876339,48.04250545,54.4
109.316,0.202553762,-0.430876339,48.04250545,54.4
109.328,0.202553762,-0.430876339,48.04250545,54.4
109.341,0.201697298,-0.430876339,48.04250545,54.4
109.354,0.201697298,-0.430876339,48.04869396,54.3
109.366,0.201697298,-0.430876339,48.04250545,54.4
109.379,0.202553762,-0.463832887,48.04250545,54.4
109.392,0.202553762,-0.430876339,48.04250545,54.4
109.405,0.202553762,-0.430876339,48.04869396,54.3
109.417,0.202553762,-0.430876339,48.04250545,54.4
109.43,0.202553762,-0.430876339,48.04869396,54.3
109.443,0.202553762,-0.430876339,48.04250545,54.4
109.455,0.202553762,-0.430876339,48.04869396,54.3
109.468,0.202553762,-0.463832887,48.04250545,54.4
109.481,0.202553762,-0.463832887,48.04869396,54.3
109.493,0.202553762,-0.463832887,48.04250545,54.4
109.506,0.202553762,-0.463832887,48.04869396,54.3
109.519,0.202553762,-0.430876339,48.04250545,54.4
109.532,0.202553762,-0.463832887,48.04869396,54.3
109.544,0.202553762,-0.463832887,48.04250545,54.4
109.557,0.202553762,-0.463832887,48.04869396,54.3
109.57,0.202553762,-0.463832887,48.04250545,54.4
109.582,0.202553762,-0.463832887,48.04869396,54.3
109.595,0.202553762,-0.463832887,48.04250545,54.4
109.608,0.202553762,-0.430876339,48.04869396,54.3
109.62,0.202553762,-0.430876339,48.04250545,54.4
109.633,0.202553762,-0.430876339,48.04250545,54.4
109.646,0.202553762,-0.430876339,48.04250545,54.4
109.659,0.202553762,-0.430876339,48.04250545,54.4
109.671,0.202553762,-0.430876339,48.04250545,54.4
109.684,0.202553762,-0.430876339,48.04250545,54.4
109.697,0.201697298,-0.430876339,48.04250545,54.4
109.709,0.201697298,-0.430876339,48.04250545,54.4
109.722,0.202553762,-0.463832887,48.04869396,54.3
109.735,0.202553762,-0.463832887,48.04250545,54.4
109.748,0.202553762,-0.463832887,48.04869396,54.3
109.76,0.202553762,-0.463832887,48.04250545,54.4
109.773,0.202553762,-0.430876339,48.04869396,54.3
109.786,0.202553762,-0.430876339,48.04250545,54.4
109.798,0.202553762,-0.430876339,48.01870487,54.4
109.811,0.202553762,-0.430876339,48.01870487,54.4
109.824,0.202553762,-0.430876339,48.01870487,54.4
109.836,0.202553762,-0.463832887,48.04250545,54.4
109.849,0.202553762,-0.463832887,48.04250545,54.4
109.862,0.202553762,-0.463832887,48.04250545,54.4
109.875,0.202553762,-0.430876339,48.04250545,54.4
109.887,0.202553762,-0.430876339,48.04869396,54.3
109.9,0.202553762,-0.430876339,48.04250545,54.4
109.913,0.201697298,-0.430876339,48.04869396,54.3
109.925,0.202553762,-0.430876339,48.01870487,54.4
109.938,0.202553762,-0.430876339,48.02489337,54.3
109.951,0.202553762,-0.430876339,48.01870487,54.4
109.964,0.202553762,-0.430876339,48.02489337,54.3
109.976,0.202553762,-0.430876339,48.04250545,54.4
109.989,0.201697298,-0.430876339,48.04250545,54.4
110.002,0.201697298,-0.430876339,48.04250545,54.4
110.014,0.202553762,-0.430876339,48.04250545,54.4
110.027,0.202553762,-0.430876339,48.04250545,54.4
110.04,0.202553762,-0.430876339,48.04250545,54.4
110.052,0.202553762,-0.430876339,48.04250545,54.4
110.065,0.202553762,-0.430876339,48.04250545,54.4
110.078,0.202553762,-0.430876339,48.04250545,54.4
110.091,0.202553762,-0.430876339,48.04250545,54.4
110.103,0.202553762,-0.430876339,48.04250545,54.4
110.116,0.202553762,-0.430876339,48.04869396,54.3
110.129,0.202553762,-0.397919792,48.04250545,54.4
110.141,0.202553762,-0.430876339,48.04869396,54.3
110.154,0.202553762,-0.430876339,48.04250545,54.4
110.167,0.202553762,-0.397919792,48.04869396,54.3
110.179,0.202553762,-0.397919792,48.04250545,54.4
110.192,0.202553762,-0.397919792,48.04869396,54.3
110.205,0.202553762,-0.397919792,48.04250545,54.4
110.218,0.202553762,-0.397919792,48.04869396,54.3
110.23,0.202553762,-0.397919792,48.04250545,54.4
110.243,0.202553762,-0.364963245,48.04869396,54.3
110.256,0.201697298,-0.364963245,48.04250545,54.4
110.268,0.202553762,-0.364963245,48.04869396,54.3
110.281,0.202553762,-0.364963245,48.04250545,54.4
110.294,0.202553762,-0.364963245,48.04869396,54.3
110.307,0.201697298,-0.364963245,48.04250545,54.4
110.319,0.201697298,-0.364963245,48.04869396,54.3
110.332,0.201697298,-0.397919792,48.04250545,54.4
110.345,0.202553762,-0.397919792,48.04250545,54.4
110.357,0.202553762,-0.397919792,48.04250545,54.4
110.37,0.202553762,-0.397919792,48.04250545,54.4
110.383,0.202553762,-0.397919792,48.02489337,54.3
110.395,0.202553762,-0.397919792,48.01870487,54.4
110.408,0.202553762,-0.397919792,48.02489337,54.3
110.421,0.202553762,-0.397919792,48.01870487,54.4
110.434,0.202553762,-0.397919792,48.04869396,54.3
110.446,0.202553762,-0.397919792,48.04250545,54.4
110.459,0.202553762,-0.397919792,48.04869396,54.3
110.472,0.202553762,-0.397919792,48.01251636,54.5
110.484,0.202553762,-0.397919792,48.02489337,54.3
110.497,0.202553762,-0.430876339,48.04250545,54.4
110.51,0.202553762,-0.430876339,48.04869396,54.3
110.522,0.202553762,-0.430876339,48.04250545,54.4
110.535,0.202553762,-0.430876339,48.04869396,54.3
110.548,0.202553762,-0.430876339,48.04250545,54.4
110.561,0.202553762,-0.430876339,48.04869396,54.3
110.573,0.202553762,-0.463832887,48.04250545,54.4
110.586,0.202553762,-0.463832887,48.04250545,54.4
110.599,0.202553762,-0.463832887,48.01870487,54.4
110.611,0.202553762,-0.463832887,48.04250545,54.4
110.624,0.202553762,-0.463832887,48.04869396,54.3
110.637,0.202553762,-0.463832887,48.04869396,54.3
110.649,0.202553762,-0.463832887,48.04250545,54.4
110.662,0.202553762,-0.463832887,48.04250545,54.4
110.675,0.201697298,-0.463832887,48.04250545,54.4
110.688,0.202553762,-0.463832887,48.04250545,54.4
110.7,0.202553762,-0.463832887,48.04250545,54.4
110.713,0.202553762,-0.463832887,48.02489337,54.3
110.726,0.202553762,-0.463832887,48.04250545,54.4
110.738,0.202553762,-0.463832887,48.04250545,54.4
110.751,0.202553762,-0.463832887,48.04250545,54.4
110.764,0.202553762,-0.463832887,48.04250545,54.4
110.777,0.202553762,-0.463832887,48.04250545,54.4
110.789,0.201697298,-0.463832887,48.04250545,54.4
110.802,0.202553762,-0.463832887,48.04250545,54.4
110.815,0.202553762,-0.463832887,48.04250545,54.4
110.827,0.202553762,-0.463832887,48.04250545,54.4
110.84,0.202553762,-0.498010047,48.04250545,54.4
110.853,0.202553762,-0.463832887,48.01870487,54.4
110.865,0.202553762,-0.498010047,48.04250545,54.4
110.878,0.202553762,-0.498010047,48.01870487,54.4
110.891,0.202553762,-0.498010047,48.04250545,54.4
110.904,0.202553762,-0.463832887,48.01870487,54.4
110.916,0.202553762,-0.463832887,48.01870487,54.4
110.929,0.201697298,-0.463832887,48.02489337,54.3
110.942,0.202553762,-0.463832887,48.01870487,54.4
110.954,0.202553762,-0.463832887,48.04869396,54.3
110.967,0.201697298,-0.463832887,48.04250545,54.4
110.98,0.201697298,-0.463832887,48.04869396,54.3
110.992,0.202553762,-0.463832887,48.04250545,54.4
111.005,0.202553762,-0.463832887,48.04869396,54.3
111.018,0.202553762,-0.463832887,48.04250545,54.4
111.031,0.202553762,-0.463832887,48.04869396,54.3
111.043,0.202553762,-0.463832887,48.04250545,54.4
111.056,0.202553762,-0.463832887,48.04250545,54.4
111.069,0.202553762,-0.463832887,48.04250545,54.4
111.081,0.202553762,-0.463832887,48.04250545,54.4
111.094,0.202553762,-0.463832887,48.02489337,54.3
111.107,0.202553762,-0.463832887,48.01870487,54.4
111.12,0.202553762,-0.463832887,48.04869396,54.3
111.132,0.202553762,-0.463832887,48.01870487,54.4
111.145,0.202553762,-0.463832887,48.02489337,54.3
111.158,0.201697298,-0.463832887,48.01870487,54.4
111.17,0.201697298,-0.463832887,48.04869396,54.3
111.183,0.201697298,-0.463832887,48.04250545,54.4
111.196,0.202553762,-0.463832887,48.04869396,54.3
111.208,0.202553762,-0.463832887,48.04250545,54.4
111.221,0.202553762,-0.463832887,48.02489337,54.3
111.234,0.202553762,-0.463832887,48.04250545,54.4
111.247,0.202553762,-0.463832887,48.01870487,54.4
111.259,0.202553762,-0.463832887,48.04250545,54.4
111.272,0.202553762,-0.463832887,48.04250545,54.4
111.285,0.202553762,-0.463832887,48.04250545,54.4
111.297,0.202553762,-0.430876339,48.04250545,54.4
111.31,0.202553762,-0.463832887,48.04869396,54.3
111.323,0.202553762,-0.463832887,48.01870487,54.4
111.335,0.202553762,-0.463832887,48.04869396,54.3
111.348,0.202553762,-0.463832887,48.04250545,54.4
111.361,0.202553762,-0.430876339,48.04250545,54.4
111.374,0.202553762,-0.430876339,48.04250545,54.4
111.386,0.202553762,-0.430876339,48.04250545,54.4
111.399,0.202553762,-0.430876339,48.04250545,54.4
111.412,0.202553762,-0.430876339,48.04250545,54.4
111.424,0.202553762,-0.430876339,48.04250545,54.4
111.437,0.202553762,-0.430876339,48.04250545,54.4
111.45,0.202553762,-0.463832887,48.04250545,54.4
111.463,0.202553762,-0.463832887,48.04250545,54.4
111.475,0.202553762,-0.463832887,48.04250545,54.4
111.488,0.202553762,-0.463832887,48.04250545,54.4
111.501,0.202553762,-0.430876339,48.04250545,54.4
111.513,0.202553762,-0.463832887,48.01870487,54.4
111.526,0.202553762,-0.463832887,48.01870487,54.4
111.539,0.202553762,-0.463832887,48.01870487,54.4
111.551,0.202553762,-0.463832887,48.04250545,54.4
111.564,0.202553762,-0.463832887,48.04869396,54.3
111.577,0.202553762,-0.463832887,48.04250545,54.4
111.59,0.202553762,-0.463832887,48.02489337,54.3
111.602,0.202553762,-0.463832887,48.01870487,54.4
111.615,0.202553762,-0.463832887,48.04869396,54.3
111.628,0.202553762,-0.463832887,48.04250545,54.4
111.64,0.202553762,-0.463832887,48.04869396,54.3
111.653,0.202553762,-0.463832887,48.04250545,54.4
111.666,0.202553762,-0.463832887,48.04869396,54.3
111.678,0.202553762,-0.430876339,48.03631694,54.5
111.691,0.202553762,-0.430876339,48.04869396,54.3
111.704,0.202553762,-0.463832887,48.04250545,54.4
111.717,0.202553762,-0.463832887,48.04869396,54.3
111.729,0.202553762,-0.463832887,48.01870487,54.4
111.742,0.202553762,-0.463832887,48.04869396,54.3
111.755,0.202553762,-0.463832887,48.04250545,54.4
111.767,0.202553762,-0.463832887,48.04869396,54.3
111.78,0.202553762,-0.463832887,48.04250545,54.4
111.793,0.202553762,-0.463832887,48.01870487,54.4
111.806,0.201697298,-0.430876339,48.01870487,54.4
111.818,0.202553762,-0.430876339,48.01870487,54.4
111.831,0.202553762,-0.463832887,48.04869396,54.3
111.844,0.202553762,-0.463832887,48.04250545,54.4
111.856,0.202553762,-0.463832887,48.02489337,54.3
111.869,0.202553762,-0.430876339,48.04250545,54.4
111.882,0.202553762,-0.430876339,48.04869396,54.3
111.894,0.202553762,-0.430876339,48.04250545,54.4
111.907,0.202553762,-0.430876339,48.04250545,54.4
111.92,0.202553762,-0.430876339,48.04250545,54.4
111.933,0.202553762,-0.430876339,48.04869396,54.3
111.945,0.202553762,-0.430876339,48.04250545,54.4
111.958,0.202553762,-0.430876339,48.04250545,54.4
111.971,0.202553762,-0.430876339,48.04250545,54.4
111.983,0.201697298,-0.430876339,48.01870487,54.4
111.996,0.202553762,-0.430876339,48.04250545,54.4
112.009,0.202553762,-0.430876339,48.04250545,54.4
112.021,0.202553762,-0.430876339,48.04250545,54.4
112.034,0.202553762,-0.430876339,48.04250545,54.4
112.047,0.202553762,-0.430876339,48.01870487,54.4
112.06,0.202553762,-0.430876339,48.01870487,54.4
112.072,0.202553762,-0.430876339,48.04250545,54.4
112.085,0.202553762,-0.430876339,48.04250545,54.4
112.098,0.202553762,-0.430876339,48.04250545,54.4
112.11,0.202553762,-0.430876339,48.11870487,54.3
112.123,0.202553762,-0.397919792,48.11870487,54.3
112.136,0.202553762,-0.430876339,48.12489337,54.2
112.149,0.202553762,-0.430876339,48.01870487,54.4
112.161,0.202553762,-0.430876339,48.02489337,54.3
112.174,0.202553762,-0.397919792,48.01870487,54.4
112.187,0.202553762,-0.430876339,48.12489337,54.2
112.199,0.202553762,-0.430876339,48.11870487,54.3
112.212,0.202553762,-0.430876339,48.14869396,54.2
112.225,0.202553762,-0.430876339,48.14250545,54.3
112.237,0.202553762,-0.430876339,48.14869396,54.2
112.25,0.202553762,-0.430876339,48.04250545,54.4
112.263,0.202553762,-0.430876339,48.02489337,54.3
112.276,0.202553762,-0.430876339,48.04250545,54.4
112.288,0.202553762,-0.430876339,48.14250545,54.3
112.301,0.201697298,-0.397919792,48.14250545,54.3
112.314,0.202553762,-0.430876339,48.14250545,54.3
112.326,0.202553762,-0.397919792,48.14869396,54.2
112.339,0.202981994,-0.397919792,48.14250545,54.3
112.352,0.202553762,-0.397919792,48.14869396,54.2
112.364,0.201697298,-0.430876339,48.14250545,54.3
112.377,0.201697298,-0.430876339,48.04869396,54.3
112.39,0.202553762,-0.430876339,48.14250545,54.3
112.403,0.202553762,-0.430876339,48.14869396,54.2
112.415,0.202553762,-0.430876339,48.14250545,54.3
112.428,0.202553762,-0.430876339,48.12489337,54.2
112.441,0.202553762,-0.430876339,48.11870487,54.3
112.453,0.202553762,-0.430876339,48.14869396,54.2
112.466,0.202553762,-0.430876339,48.14250545,54.3
112.479,0.202553762,-0.430876339,48.14250545,54.3
112.492,0.202553762,-0.430876339,48.14250545,54.3
112.504,0.202553762,-0.430876339,48.14250545,54.3
112.517,0.202553762,-0.430876339,48.14869396,54.2
112.53,0.202553762,-0.430876339,48.14250545,54.3
112.542,0.202553762,-0.463832887,48.14869396,54.2
112.555,0.202553762,-0.463832887,48.14250545,54.3
112.568,0.202553762,-0.430876339,48.14869396,54.2
112.58,0.202553762,-0.463832887,48.14250545,54.3
112.593,0.202553762,-0.463832887,48.14869396,54.2
112.606,0.202553762,-0.463832887,48.14250545,54.3
112.619,0.202553762,-0.463832887,48.14869396,54.2
112.631,0.202553762,-0.463832887,48.14250545,54.3
112.644,0.201697298,-0.463832887,48.14869396,54.2
112.657,0.201697298,-0.463832887,48.11870487,54.3
112.669,0.202553762,-0.463832887,48.14250545,54.3
112.682,0.202553762,-0.463832887,48.14250545,54.3
112.695,0.202553762,-0.430876339,48.14250545,54.3
112.707,0.202553762,-0.430876339,48.14250545,54.3
112.72,0.202553762,-0.463832887,48.14250545,54.3
112.733,0.202553762,-0.463832887,48.14250545,54.3
112.746,0.202553762,-0.463832887,48.14250545,54.3
112.758,0.202553762,-0.463832887,48.14250545,54.3
112.771,0.202553762,-0.463832887,48.14250545,54.3
112.784,0.202553762,-0.463832887,48.14250545,54.3
112.796,0.202553762,-0.463832887,48.12489337,54.2
112.809,0.202553762,-0.463832887,48.14250545,54.3
112.822,0.202553762,-0.463832887,48.14869396,54.2
112.835,0.201697298,-0.463832887,48.14250545,54.3
112.847,0.202553762,-0.463832887,48.14869396,54.2
112.86,0.202553762,-0.463832887,48.14250545,54.3
112.873,0.202553762,-0.463832887,48.12489337,54.2
112.885,0.202553762,-0.463832887,48.11870487,54.3
112.898,0.201697298,-0.463832887,48.12489337,54.2
112.911,0.201697298,-0.463832887,48.11870487,54.3
112.923,0.202553762,-0.463832887,48.12489337,54.2
112.936,0.202553762,-0.463832887,48.11870487,54.3
112.949,0.201697298,-0.463832887,48.12489337,54.2
112.962,0.202553762,-0.463832887,48.14250545,54.3
112.974,0.202553762,-0.463832887,48.14250545,54.3
112.987,0.202553762,-0.463832887,48.14250545,54.3
113,0.202553762,-0.463832887,48.14250545,54.3
113.012,0.202553762,-0.463832887,48.14869396,54.2
113.025,0.202553762,-0.463832887,48.14250545,54.3
113.038,0.202553762,-0.463832887,48.14869396,54.2
113.05,0.202553762,-0.430876339,48.14250545,54.3
113.063,0.202553762,-0.463832887,48.14869396,54.2
113.076,0.201697298,-0.430876339,48.14250545,54.3
113.089,0.201697298,-0.430876339,48.14869396,54.2
113.101,0.202553762,-0.430876339,48.13631694,54.4
113.114,0.202553762,-0.463832887,48.14869396,54.2
113.127,0.202553762,-0.463832887,48.14250545,54.3
113.139,0.201697298,-0.463832887,48.14869396,54.2
113.152,0.202553762,-0.463832887,48.14250545,54.3
113.165,0.202553762,-0.463832887,48.11870487,54.3
113.178,0.202553762,-0.463832887,48.11870487,54.3
113.19,0.202553762,-0.463832887,48.11870487,54.3
113.203,0.202553762,-0.463832887,48.14250545,54.3
113.216,0.202553762,-0.463832887,48.14250545,54.3
113.228,0.202553762,-0.430876339,48.14869396,54.2
113.241,0.202553762,-0.463832887,48.14250545,54.3
113.254,0.202553762,-0.463832887,48.14250545,54.3
113.266,0.202553762,-0.463832887,48.14250545,54.3
113.279,0.202553762,-0.463832887,48.14250545,54.3
113.292,0.201697298,-0.463832887,48.14250545,54.3
113.305,0.201697298,-0.463832887,48.14250545,54.3
113.317,0.201697298,-0.463832887,48.11870487,54.3
113.33,0.201697298,-0.463832887,48.14250545,54.3
113.343,0.201697298,-0.463832887,48.14250545,54.3
113.355,0.202553762,-0.463832887,48.14250545,54.3
113.368,0.202553762,-0.430876339,48.11870487,54.3
113.381,0.202553762,-0.430876339,48.11870487,54.3
113.393,0.202553762,-0.430876339,48.11870487,54.3
113.406,0.202553762,-0.430876339,48.11870487,54.3
113.419,0.202553762,-0.430876339,48.14250545,54.3
113.432,0.202553762,-0.430876339,48.14250545,54.3
113.444,0.202553762,-0.430876339,48.14250545,54.3
113.457,0.201697298,-0.430876339,48.14250545,54.3
113.47,0.201697298,-0.430876339,48.14250545,54.3
113.482,0.201697298,-0.430876339,48.14250545,54.3
113.495,0.202553762,-0.430876339,48.14250545,54.3
113.508,0.202553762,-0.430876339,48.14869396,54.2
113.521,0.202553762,-0.430876339,48.11870487,54.3
113.533,0.202553762,-0.430876339,48.12489337,54.2
113.546,0.202553762,-0.430876339,48.11870487,54.3
113.559,0.202553762,-0.430876339,48.11870487,54.3
113.571,0.202553762,-0.430876339,48.14250545,54.3
113.584,0.202553762,-0.430876339,48.14869396,54.2
113.597,0.202553762,-0.430876339,48.14250545,54.3
113.609,0.202553762,-0.430876339,48.12489337,54.2
113.622,0.202553762,-0.430876339,48.14250545,54.3
113.635,0.202553762,-0.430876339,48.12489337,54.2
113.648,0.202553762,-0.430876339,48.14250545,54.3
113.66,0.201697298,-0.430876339,48.12489337,54.2
113.673,0.201697298,-0.430876339,48.14250545,54.3
113.686,0.202553762,-0.430876339,48.14250545,54.3
113.698,0.202553762,-0.430876339,48.11870487,54.3
113.711,0.201697298,-0.430876339,48.11870487,54.3
113.724,0.202553762,-0.430876339,48.12489337,54.2
113.736,0.201697298,-0.430876339,48.14250545,54.3
113.749,0.202553762,-0.430876339,48.14869396,54.2
113.762,0.202553762,-0.430876339,48.11870487,54.3
113.775,0.202553762,-0.430876339,48.12489337,54.2
113.787,0.202553762,-0.430876339,48.11870487,54.3
113.8,0.201697298,-0.430876339,48.14869396,54.2
113.813,0.202553762,-0.430876339,48.14250545,54.3
113.825,0.202553762,-0.397919792,48.14869396,54.2
113.838,0.202553762,-0.430876339,48.14250545,54.3
113.851,0.202553762,-0.430876339,48.14869396,54.2
113.864,0.202553762,-0.430876339,48.14250545,54.3
113.876,0.202553762,-0.397919792,48.14250545,54.3
113.889,0.202553762,-0.397919792,48.14250545,54.3
113.902,0.202553762,-0.430876339,48.14250545,54.3
113.914,0.202553762,-0.397919792,48.14250545,54.3
113.927,0.202553762,-0.430876339,48.14250545,54.3
113.94,0.202553762,-0.430876339,48.11870487,54.3
113.952,0.202553762,-0.430876339,48.14250545,54.3
113.965,0.202553762,-0.430876339,48.11870487,54.3
113.978,0.202553762,-0.397919792,48.11870487,54.3
113.991,0.201697298,-0.397919792,48.11870487,54.3
114.003,0.201697298,-0.397919792,48.11870487,54.3
114.016,0.201697298,-0.397919792,48.11870487,54.3
114.029,0.202553762,-0.430876339,48.11870487,54.3
114.041,0.202553762,-0.430876339,48.11870487,54.3
114.054,0.202553762,-0.430876339,48.11870487,54.3
114.067,0.202553762,-0.397919792,48.14250545,54.3
114.079,0.202553762,-0.397919792,48.14250545,54.3
114.092,0.202553762,-0.430876339,48.14250545,54.3
114.105,0.202553762,-0.430876339,48.14250545,54.3
114.118,0.202553762,-0.430876339,48.14250545,54.3
114.13,0.202553762,-0.430876339,48.14250545,54.3
114.143,0.202553762,-0.430876339,48.14250545,54.3
114.156,0.202553762,-0.430876339,48.14250545,54.3
114.168,0.202553762,-0.430876339,48.14250545,54.3
114.181,0.201697298,-0.430876339,48.11870487,54.3
114.194,0.202553762,-0.430876339,48.11870487,54.3
114.207,0.202553762,-0.430876339,48.11870487,54.3
114.219,0.202553762,-0.430876339,48.14869396,54.2
114.232,0.202553762,-0.430876339,48.14250545,54.3
114.245,0.202553762,-0.430876339,48.12489337,54.2
114.257,0.201697298,-0.430876339,48.11870487,54.3
114.27,0.202553762,-0.430876339,48.12489337,54.2
114.283,0.202553762,-0.430876339,48.14250545,54.3
114.295,0.202553762,-0.430876339,48.14869396,54.2
114.308,0.202553762,-0.430876339,48.14250545,54.3
114.321,0.202553762,-0.430876339,48.14869396,54.2
114.334,0.202553762,-0.430876339,48.11870487,54.3
114.346,0.202553762,-0.463832887,48.12489337,54.2
114.359,0.202553762,-0.430876339,48.11870487,54.3
114.372,0.202553762,-0.430876339,48.12489337,54.2
114.384,0.201697298,-0.430876339,48.11870487,54.3
114.397,0.201697298,-0.463832887,48.12489337,54.2
114.41,0.202553762,-0.430876339,48.11870487,54.3
114.422,0.202553762,-0.430876339,48.12489337,54.2
114.435,0.201697298,-0.430876339,48.11870487,54.3
114.448,0.202553762,-0.430876339,48.11870487,54.3
114.461,0.202553762,-0.430876339,48.12489337,54.2
114.473,0.202553762,-0.430876339,48.14250545,54.3
114.486,0.202553762,-0.430876339,48.12489337,54.2
114.499,0.202553762,-0.430876339,48.11870487,54.3
114.511,0.202553762,-0.430876339,48.12489337,54.2
114.524,0.202553762,-0.430876339,48.14250545,54.3
114.537,0.202553762,-0.430876339,48.12489337,54.2
114.55,0.202553762,-0.430876339,48.11870487,54.3
114.562,0.202553762,-0.430876339,48.11870487,54.3
114.575,0.202553762,-0.430876339,48.11870487,54.3
114.588,0.201697298,-0.430876339,48.11870487,54.3
114.6,0.201697298,-0.430876339,48.11870487,54.3
114.613,0.201697298,-0.430876339,48.14250545,54.3
114.626,0.202553762,-0.430876339,48.11870487,54.3
114.638,0.201697298,-0.430876339,48.14250545,54.3
114.651,0.202553762,-0.430876339,48.14250545,54.3
114.664,0.202553762,-0.430876339,48.11870487,54.3
114.677,0.202553762,-0.397919792,48.14250545,54.3
114.689,0.202553762,-0.397919792,48.14250545,54.3
114.702,0.202553762,-0.397919792,48.14250545,54.3
114.715,0.202553762,-0.397919792,48.14250545,54.3
114.727,0.201697298,-0.397919792,48.14250545,54.3
114.74,0.202553762,-0.397919792,48.14250545,54.3
114.753,0.202553762,-0.397919792,48.14250545,54.3
114.765,0.201697298,-0.397919792,48.14250545,54.3
114.778,0.202553762,-0.397919792,48.14250545,54.3
114.791,0.202553762,-0.397919792,48.14250545,54.3
114.804,0.202553762,-0.397919792,48.11870487,54.3
114.816,0.202553762,-0.397919792,48.12489337,54.2
114.829,0.201697298,-0.397919792,48.14250545,54.3
114.842,0.201697298,-0.397919792,48.14869396,54.2
114.854,0.202553762,-0.397919792,48.14250545,54.3
114.867,0.201697298,-0.397919792,48.14250545,54.3
114.88,0.202553762,-0.364963245,48.11870487,54.3
114.893,0.201697298,-0.364963245,48.14250545,54.3
114.905,0.201697298,-0.364963245,48.14250545,54.3
114.918,0.202553762,-0.364963245,48.14250545,54.3
114.931,0.202553762,-0.364963245,48.14250545,54.3
114.943,0.202553762,-0.364963245,48.14250545,54.3
114.956,0.202553762,-0.364963245,48.14869396,54.2
114.969,0.201697298,-0.364963245,48.14250545,54.3
114.981,0.202553762,-0.364963245,48.14869396,54.2
114.994,0.202553762,-0.364963245,48.11870487,54.3
115.007,0.202553762,-0.364963245,48.12489337,54.2
115.02,0.202553762,-0.364963245,48.14250545,54.3
115.032,0.202553762,-0.364963245,48.14869396,54.2
115.045,0.201697298,-0.364963245,48.14250545,54.3
115.058,0.201697298,-0.397919792,48.14869396,54.2
115.07,0.202553762,-0.397919792,48.14250545,54.3
115.083,0.201697298,-0.397919792,48.12489337,54.2
115.096,0.202553762,-0.397919792,48.14250545,54.3
115.108,0.202553762,-0.397919792,48.14869396,54.2
115.121,0.202553762,-0.397919792,48.14869396,54.2
115.134,0.202553762,-0.397919792,48.14250545,54.3
115.147,0.201697298,-0.397919792,48.14250545,54.3
115.159,0.202553762,-0.397919792,48.14250545,54.3
115.172,0.202553762,-0.397919792,48.14869396,54.2
115.185,0.202553762,-0.430876339,48.11870487,54.3
115.197,0.202553762,-0.430876339,48.12489337,54.2
115.21,0.202553762,-0.430876339,48.11870487,54.3
115.223,0.202553762,-0.430876339,48.12489337,54.2
115.236,0.202553762,-0.430876339,48.11870487,54.3
115.248,0.202553762,-0.430876339,48.12489337,54.2
115.261,0.201697298,-0.430876339,48.14250545,54.3
115.274,0.201697298,-0.430876339,48.14869396,54.2
115.286,0.201697298,-0.430876339,48.14250545,54.3
115.299,0.201697298,-0.430876339,48.11870487,54.3
115.312,0.201697298,-0.430876339,48.11870487,54.3
115.324,0.201697298,-0.430876339,48.12489337,54.2
115.337,0.201697298,-0.430876339,48.11870487,54.3
115.35,0.202553762,-0.430876339,48.12489337,54.2
115.363,0.201697298,-0.430876339,48.11870487,54.3
115.375,0.201697298,-0.430876339,48.12489337,54.2
115.388,0.201697298,-0.430876339,48.11870487,54.3
115.401,0.202553762,-0.430876339,48.14869396,54.2
115.413,0.202553762,-0.430876339,48.14250545,54.3
115.426,0.202553762,-0.430876339,48.14869396,54.2
115.439,0.201697298,-0.430876339,48.11870487,54.3
115.451,0.202553762,-0.430876339,48.14869396,54.2
115.464,0.202553762,-0.430876339,48.11870487,54.3
115.477,0.202553762,-0.430876339,48.14869396,54.2
115.49,0.202553762,-0.430876339,48.14250545,54.3
115.502,0.202553762,-0.430876339,48.14869396,54.2
115.515,0.202553762,-0.463832887,48.11870487,54.3
115.528,0.202553762,-0.463832887,48.12489337,54.2
115.54,0.202553762,-0.430876339,48.14250545,54.3
115.553,0.202553762,-0.430876339,48.14869396,54.2
115.566,0.202553762,-0.430876339,48.14250545,54.3
115.579,0.202553762,-0.430876339,48.12489337,54.2
115.591,0.202553762,-0.430876339,48.14250545,54.3
115.604,0.202553762,-0.430876339,48.14869396,54.2
115.617,0.202553762,-0.463832887,48.14250545,54.3
115.629,0.202553762,-0.430876339,48.14869396,54.2
115.642,0.202553762,-0.463832887,48.14869396,54.2
115.655,0.202553762,-0.430876339,48.11870487,54.3
115.667,0.202553762,-0.430876339,48.11870487,54.3
115.68,0.202553762,-0.463832887,48.14250545,54.3
115.693,0.202553762,-0.463832887,48.14869396,54.2
115.706,0.201697298,-0.463832887,48.11870487,54.3
115.718,0.201697298,-0.463832887,48.12489337,54.2
115.731,0.202553762,-0.463832887,48.11870487,54.3
115.744,0.202553762,-0.463832887,48.12489337,54.2
115.756,0.202553762,-0.430876339,48.11870487,54.3
115.769,0.202553762,-0.430876339,48.14869396,54.2
115.782,0.202553762,-0.430876339,48.14250545,54.3
115.794,0.202553762,-0.430876339,48.14869396,54.2
115.807,0.202553762,-0.430876339,48.14250545,54.3
115.82,0.202553762,-0.430876339,48.14869396,54.2
115.833,0.201697298,-0.430876339,48.11870487,54.3
115.845,0.201697298,-0.430876339,48.14250545,54.3
115.858,0.202553762,-0.430876339,48.11870487,54.3
115.871,0.202553762,-0.430876339,48.11870487,54.3
115.883,0.202553762,-0.430876339,48.11870487,54.3
115.896,0.202553762,-0.430876339,48.11870487,54.3
115.909,0.202553762,-0.430876339,48.14869396,54.2
115.922,0.202553762,-0.430876339,48.14250545,54.3
115.934,0.202553762,-0.430876339,48.14869396,54.2
115.947,0.202553762,-0.430876339,48.14250545,54.3
115.96,0.202553762,-0.430876339,48.11870487,54.3
115.972,0.201697298,-0.430876339,48.11870487,54.3
115.985,0.201697298,-0.430876339,48.11870487,54.3
115.998,0.201697298,-0.430876339,48.14250545,54.3
116.01,0.202553762,-0.430876339,48.14250545,54.3
116.023,0.202553762,-0.430876339,48.11870487,54.3
116.036,0.202553762,-0.430876339,48.11870487,54.3
116.049,0.202553762,-0.430876339,48.11870487,54.3
116.061,0.202553762,-0.430876339,48.14250545,54.3
116.074,0.202553762,-0.430876339,48.11870487,54.3
116.087,0.202553762,-0.430876339,48.14250545,54.3
116.099,0.202553762,-0.430876339,48.11870487,54.3
116.112,0.202553762,-0.430876339,48.14250545,54.3
116.125,0.202553762,-0.430876339,48.11870487,54.3
116.137,0.202553762,-0.430876339,48.11870487,54.3
116.15,0.202553762,-0.430876339,48.14250545,54.3
116.163,0.202553762,-0.430876339,48.14250545,54.3
116.176,0.202553762,-0.430876339,48.14250545,54.3
116.188,0.202553762,-0.430876339,48.14250545,54.3
116.201,0.201697298,-0.430876339,48.14250545,54.3
116.214,0.201697298,-0.430876339,48.11870487,54.3
116.226,0.201697298,-0.430876339,48.11870487,54.3
116.239,0.202553762,-0.430876339,48.12489337,54.2
116.252,0.202553762,-0.430876339,48.14250545,54.3
116.265,0.202553762,-0.397919792,48.14869396,54.2
116.277,0.202553762,-0.397919792,48.14250545,54.3
116.29,0.201697298,-0.397919792,48.14869396,54.2
116.303,0.201697298,-0.397919792,48.14250545,54.3
116.315,0.202553762,-0.397919792,48.14869396,54.2
116.328,0.202553762,-0.397919792,48.14250545,54.3
116.341,0.202553762,-0.397919792,48.14250545,54.3
116.353,0.202553762,-0.397919792,48.14869396,54.2
116.366,0.202553762,-0.397919792,48.14250545,54.3
116.379,0.202553762,-0.397919792,48.14869396,54.2
116.392,0.201697298,-0.430876339,48.14250545,54.3
116.404,0.202553762,-0.397919792,48.14869396,54.2
116.417,0.202553762,-0.397919792,48.14250545,54.3
116.43,0.202553762,-0.397919792,48.14869396,54.2
116.442,0.202553762,-0.397919792,48.14250545,54.3
116.455,0.202553762,-0.397919792,48.14869396,54.2
116.468,0.202553762,-0.397919792,48.14250545,54.3
116.48,0.202553762,-0.430876339,48.14869396,54.2
116.493,0.202553762,-0.430876339,48.14250545,54.3
116.506,0.202553762,-0.430876339,48.14869396,54.2
116.519,0.202553762,-0.430876339,48.14250545,54.3
116.531,0.202553762,-0.430876339,48.14869396,54.2
116.544,0.202553762,-0.430876339,48.14250545,54.3
116.557,0.202553762,-0.430876339,48.14250545,54.3
116.569,0.201697298,-0.430876339,48.14250545,54.3
116.582,0.202553762,-0.430876339,48.14250545,54.3
116.595,0.202553762,-0.430876339,48.14250545,54.3
116.608,0.202553762,-0.430876339,48.14250545,54.3
116.62,0.202553762,-0.430876339,48.12489337,54.2
116.633,0.201697298,-0.430876339,48.11870487,54.3
116.646,0.201697298,-0.430876339,48.11870487,54.3
116.658,0.202553762,-0.430876339,48.11870487,54.3
116.671,0.202553762,-0.430876339,48.11870487,54.3
116.684,0.202553762,-0.430876339,48.14250545,54.3
116.696,0.202553762,-0.430876339,48.14250545,54.3
116.709,0.202553762,-0.430876339,48.14250545,54.3
116.722,0.202553762,-0.430876339,48.11870487,54.3
116.735,0.202553762,-0.430876339,48.11870487,54.3
116.747,0.202553762,-0.430876339,48.11870487,54.3
116.76,0.202553762,-0.430876339,48.14250545,54.3
116.773,0.202553762,-0.430876339,48.14250545,54.3
116.785,0.202553762,-0.430876339,48.14250545,54.3
116.798,0.202553762,-0.430876339,48.14250545,54.3
116.811,0.202553762,-0.430876339,48.14250545,54.3
116.823,0.202553762,-0.463832887,48.14869396,54.2
116.836,0.202553762,-0.430876339,48.14250545,54.3
116.849,0.202553762,-0.430876339,48.12489337,54.2
116.862,0.202553762,-0.463832887,48.11870487,54.3
116.874,0.202553762,-0.463832887,48.12489337,54.2
116.887,0.202553762,-0.430876339,48.11870487,54.3
116.9,0.202553762,-0.430876339,48.12489337,54.2
116.912,0.201697298,-0.430876339,48.14250545,54.3
116.925,0.202553762,-0.463832887,48.14869396,54.2
116.938,0.202553762,-0.430876339,48.11870487,54.3
116.951,0.202553762,-0.430876339,48.14869396,54.2
116.963,0.202553762,-0.430876339,48.14250545,54.3
116.976,0.202553762,-0.430876339,48.14869396,54.2
116.989,0.202553762,-0.430876339,48.13631694,54.4
117.001,0.202553762,-0.430876339,48.14869396,54.2
117.014,0.202553762,-0.430876339,48.14250545,54.3
117.027,0.202553762,-0.430876339,48.12489337,54.2
117.039,0.202981994,-0.430876339,48.11870487,54.3
117.052,0.202981994,-0.430876339,48.14250545,54.3
117.065,0.202981994,-0.430876339,48.14250545,54.3
117.078,0.202553762,-0.430876339,48.14250545,54.3
117.09,0.202553762,-0.430876339,48.11870487,54.3
117.103,0.202553762,-0.430876339,48.14250545,54.3
117.116,0.202553762,-0.430876339,48.14869396,54.2
117.128,0.202553762,-0.430876339,48.14250545,54.3
117.141,0.202553762,-0.430876339,48.12489337,54.2
117.154,0.202553762,-0.430876339,48.14250545,54.3
117.166,0.202553762,-0.430876339,48.14869396,54.2
117.179,0.202553762,-0.397919792,48.11870487,54.3
117.192,0.202553762,-0.397919792,48.14250545,54.3
117.205,0.202553762,-0.397919792,48.14250545,54.3
117.217,0.202553762,-0.397919792,48.14869396,54.2
117.23,0.202553762,-0.397919792,48.14250545,54.3
117.243,0.202553762,-0.397919792,48.14250545,54.3
117.255,0.202553762,-0.397919792,48.14250545,54.3
117.268,0.201697298,-0.397919792,48.14250545,54.3
117.281,0.201697298,-0.397919792,48.11870487,54.3
117.294,0.201697298,-0.397919792,48.11870487,54.3
117.306,0.201697298,-0.397919792,48.14250545,54.3
117.319,0.202553762,-0.397919792,48.14250545,54.3
117.332,0.201697298,-0.397919792,48.14869396,54.2
117.344,0.202553762,-0.397919792,48.11870487,54.3
117.357,0.202553762,-0.397919792,48.11870487,54.3
117.37,0.202553762,-0.397919792,48.14250545,54.3
117.382,0.201697298,-0.397919792,48.14250545,54.3
117.395,0.201697298,-0.397919792,48.11870487,54.3
117.408,0.202553762,-0.364963245,48.11870487,54.3
117.421,0.202553762,-0.364963245,48.11870487,54.3
117.433,0.202553762,-0.364963245,48.14250545,54.3
117.446,0.202553762,-0.397919792,48.14250545,54.3
117.459,0.202553762,-0.397919792,48.14250545,54.3
117.471,0.202553762,-0.397919792,48.11870487,54.3
117.484,0.202553762,-0.397919792,48.11870487,54.3
117.497,0.202553762,-0.397919792,48.11870487,54.3
117.509,0.202553762,-0.397919792,48.14250545,54.3
117.522,0.202553762,-0.397919792,48.14250545,54.3
117.535,0.202553762,-0.397919792,48.11870487,54.3
117.548,0.202553762,-0.397919792,48.14250545,54.3
117.56,0.201697298,-0.397919792,48.14250545,54.3
117.573,0.201697298,-0.397919792,48.14250545,54.3
117.586,0.202553762,-0.397919792,48.12489337,54.2
117.598,0.202553762,-0.397919792,48.11870487,54.3
117.611,0.202553762,-0.397919792,48.12489337,54.2
117.624,0.202553762,-0.430876339,48.14250545,54.3
117.637,0.202553762,-0.430876339,48.12489337,54.2
117.649,0.202553762,-0.430876339,48.11870487,54.3
117.662,0.202553762,-0.430876339,48.12489337,54.2
117.675,0.202553762,-0.430876339,48.11870487,54.3
117.687,0.201697298,-0.430876339,48.14869396,54.2
117.7,0.202553762,-0.430876339,48.11870487,54.3
117.713,0.202553762,-0.430876339,48.12489337,54.2
117.725,0.202553762,-0.430876339,48.11870487,54.3
117.738,0.202553762,-0.430876339,48.14869396,54.2
117.751,0.202553762,-0.430876339,48.14250545,54.3
117.764,0.202553762,-0.430876339,48.11870487,54.3
117.776,0.202553762,-0.430876339,48.11870487,54.3
117.789,0.202553762,-0.430876339,48.11870487,54.3
117.802,0.201697298,-0.430876339,48.12489337,54.2
117.814,0.202553762,-0.430876339,48.11870487,54.3
117.827,0.202553762,-0.463832887,48.24869396,54.1
117.84,0.201697298,-0.463832887,48.14250545,54.3
117.852,0.202553762,-0.463832887,48.14869396,54.2
117.865,0.202553762,-0.463832887,48.13631694,54.4
117.878,0.202553762,-0.430876339,48.12489337,54.2
117.891,0.201697298,-0.430876339,48.11870487,54.3
117.901,0.202553762,-0.430876339,48.24250545,54.2
117.926,0.202553762,-0.463832887,48.14250545,54.3
117.951,0.202553762,-0.430876339,48.11870487,54.3
117.976,0.202553762,-0.397919792,48.11870487,54.3
118.001,0.202553762,-0.397919792,48.11870487,54.3
118.025,0.202553762,-0.332006698,48.11870487,54.3
118.05,0.202553762,-0.26487299,48.14250545,54.3
118.075,0.201697298,-0.198959896,48.14250545,54.3
118.1,0.201697298,-0.133046802,48.14250545,54.3
118.125,0.201697298,-0.065913094,48.14250545,54.3
118.15,0.201697298,0,48.14250545,54.3
118.175,0.202553762,0.065913094,48.14250545,54.3
118.2,0.201697298,0.133046802,48.14250545,54.3
118.225,0.201697298,0.231916443,48.14250545,54.3
118.25,0.201697298,0.299050151,48.14250545,54.3
118.275,0.201697298,0.397919792,48.14869396,54.2
118.3,0.201697298,0.463832887,48.14869396,54.2
118.324,0.201697298,0.563923141,48.14869396,54.2
118.349,0.201697298,0.629836235,48.14869396,54.2
118.374,0.201697298,0.72992649,48.14869396,54.2
118.399,0.200840834,0.795839584,48.18439483,54.2
118.424,0.200840834,0.895929839,48.17820632,54.3
118.449,0.200840834,0.961842933,48.17820632,54.3
118.474,0.200840834,1.094889735,48.17820632,54.3
118.499,0.200840834,1.160802829,48.17820632,54.3
118.524,0.200840834,1.260893084,48.17820632,54.3
118.549,0.200412602,1.326806178,48.17820632,54.3
118.574,0.200412602,1.392719272,48.17820632,54.3
118.599,0.200412602,1.492809527,48.17820632,54.3
118.623,0.200412602,1.591679168,48.2200957,54.2
118.648,0.200412602,1.658812876,48.2200957,54.2
118.673,0.199556137,1.72472597,48.21390719,54.3
118.698,0.199556137,1.824816225,48.2200957,54.2
118.723,0.199556137,1.890729319,48.21390719,54.3
118.748,0.199556137,1.956642413,48.2200957,54.2
118.773,0.199556137,2.023776121,48.2200957,54.2
118.798,0.199556137,2.122645762,48.21390719,54.3
118.823,0.199556137,2.18977947,48.24960807,54.3
118.848,0.199556137,2.255692564,48.24960807,54.3
118.873,0.199556137,2.321605658,48.25579658,54.2
118.898,0.199556137,2.354562206,48.25579658,54.2
118.923,0.199556137,2.421695913,48.25579658,54.2
118.947,0.199127905,2.487609007,48.24960807,54.3
118.972,0.199127905,2.553522102,48.24960807,54.3
118.997,0.199127905,2.620655809,48.24960807,54.3
119.022,0.199556137,2.653612356,48.24960807,54.3
119.047,0.199127905,2.71952545,48.27340865,54.3
119.072,0.199127905,2.752481998,48.27340865,54.3
119.097,0.199127905,2.786659158,48.27340865,54.3
119.122,0.199556137,2.819615705,48.27340865,54.3
119.147,0.199556137,2.852572252,48.27340865,54.3
119.172,0.199127905,2.885528799,48.27959716,54.2
119.197,0.199127905,2.918485347,48.27959716,54.2
119.222,0.199127905,2.918485347,48.27959716,54.2
119.246,0.199127905,2.952662507,48.27959716,54.2
119.271,0.199556137,2.985619054,48.27340865,54.3
119.296,0.199127905,2.985619054,48.27340865,54.3
119.321,0.199127905,3.018575601,48.27340865,54.3
119.346,0.199127905,3.018575601,48.27340865,54.3
119.371,0.199127905,3.018575601,48.27340865,54.3
119.396,0.199127905,3.018575601,48.27340865,54.3
119.421,0.199127905,3.018575601,48.27340865,54.3
119.446,0.199556137,2.985619054,48.27340865,54.3
119.471,0.199127905,2.985619054,48.27340865,54.3
119.496,0.199127905,2.985619054,48.27340865,54.3
119.521,0.199127905,2.952662507,48.27340865,54.3
119.545,0.199127905,2.952662507,48.27340865,54.3
119.57,0.199127905,2.918485347,48.27340865,54.3
119.595,0.199127905,2.885528799,48.27340865,54.3
119.62,0.199127905,2.852572252,48.27340865,54.3
119.645,0.199127905,2.819615705,48.27340865,54.3
119.67,0.199127905,2.786659158,48.27959716,54.2
119.695,0.199556137,2.752481998,48.27959716,54.2
119.72,0.199127905,2.686568903,48.27959716,54.2
119.745,0.199556137,2.653612356,48.27959716,54.2
119.77,0.199127905,2.620655809,48.27959716,54.2
119.795,0.199127905,2.553522102,48.27340865,54.3
119.82,0.199556137,2.520565554,48.27340865,54.3
119.844,0.199127905,2.487609007,48.24960807,54.3
119.869,0.199127905,2.421695913,48.24960807,54.3
119.894,0.199127905,2.354562206,48.24960807,54.3
119.919,0.199127905,2.288649111,48.24960807,54.3
119.944,0.199127905,2.255692564,48.24960807,54.3
119.969,0.199556137,2.18977947,48.24960807,54.3
119.994,0.199556137,2.122645762,48.21390719,54.3
120.019,0.199556137,2.023776121,48.21390719,54.3
120.044,0.199556137,1.956642413,48.21390719,54.3
120.069,0.199556137,1.890729319,48.21390719,54.3
120.094,0.199127905,1.824816225,48.21390719,54.3
120.119,0.199556137,1.72472597,48.21390719,54.3
120.144,0.199556137,1.658812876,48.21390719,54.3
120.168,0.199556137,1.591679168,48.2200957,54.2
120.193,0.199556137,1.492809527,48.18439483,54.2
120.218,0.200412602,1.392719272,48.28439483,54.1
120.243,0.200412602,1.293849631,48.28439483,54.1
120.268,0.200412602,1.193759376,48.28439483,54.1
120.293,0.200412602,1.127846282,48.28439483,54.1
120.318,0.200412602,1.027756028,48.28439483,54.1
120.343,0.200412602,0.895929839,48.24250545,54.2
120.368,0.200412602,0.795839584,48.24250545,54.2
120.393,0.200840834,0.696969943,48.24250545,54.2
120.418,0.200840834,0.596879688,48.23631694,54.3
120.443,0.200840834,0.498010047,48.21870487,54.2
120.467,0.201697298,0.364963245,48.21870487,54.2
120.492,0.201697298,0.26487299,48.21870487,54.2
120.517,0.201697298,0.133046802,48.12489337,54.2
120.542,0.201697298,0.032956547,48.0891925,54.2
120.567,0.201697298,-0.100090254,48.0891925,54.2
120.592,0.201697298,-0.198959896,48.0891925,54.2
120.617,0.201697298,-0.332006698,48.08300399,54.3
120.642,0.202553762,-0.430876339,48.08300399,54.3
120.667,0.202553762,-0.563923141,48.04730312,54.3
120.692,0.202553762,-0.662792783,48.08300399,54.3
120.717,0.202553762,-0.762883037,48.04730312,54.3
120.742,0.202981994,-0.862973292,48.04730312,54.3
120.766,0.202981994,-0.99479948,48.05349163,54.2
120.791,0.202981994,-1.094889735,48.05349163,54.2
120.816,0.202981994,-1.193759376,48.05349163,54.2
120.841,0.202981994,-1.293849631,48.02969104,54.2
120.866,0.202981994,-1.392719272,48.02350254,54.3
120.891,0.202981994,-1.492809527,48.02350254,54.3
120.916,0.203838458,-1.625856329,48.02350254,54.3
120.941,0.202981994,-1.72472597,48.02350254,54.3
120.966,0.203838458,-1.824816225,48.02350254,54.3
120.991,0.203838458,-1.923685866,48.02350254,54.3
121.016,0.203838458,-2.023776121,48.02350254,54.3
121.041,0.203838458,-2.122645762,48.02969104,54.2
121.066,0.203838458,-2.222736017,47.92969104,54.3
121.09,0.203838458,-2.321605658,47.92969104,54.3
121.115,0.203838458,-2.421695913,47.92969104,54.3
121.14,0.203838458,-2.553522102,47.92969104,54.3
121.165,0.20426669,-2.620655809,47.92969104,54.3
121.19,0.20426669,-2.71952545,47.92350254,54.4
121.215,0.20426669,-2.819615705,47.92350254,54.4
121.24,0.20426669,-2.918485347,47.92350254,54.4
121.265,0.20426669,-2.985619054,47.92350254,54.4
121.29,0.20426669,-3.084488695,47.92350254,54.4
121.315,0.20426669,-3.151622403,47.92350254,54.4
121.34,0.205123154,-3.250492044,47.92350254,54.4
121.365,0.20426669,-3.316405139,47.92350254,54.4
121.389,0.20426669,-3.383538846,47.92969104,54.3
121.414,0.20426669,-3.44945194,47.92350254,54.4
121.439,0.205123154,-3.515365035,47.92350254,54.4
121.464,0.205123154,-3.582498742,47.92350254,54.4
121.489,0.205123154,-3.648411836,47.92969104,54.3
121.514,0.205123154,-3.681368384,47.92350254,54.4
121.539,0.205123154,-3.715545544,47.92350254,54.4
121.564,0.205123154,-3.781458638,47.92350254,54.4
121.589,0.205123154,-3.814415185,47.92350254,54.4
121.614,0.205123154,-3.847371732,47.92969104,54.3
121.639,0.205123154,-3.88032828,47.92969104,54.3
121.664,0.205123154,-3.91450544,47.92969104,54.3
121.688,0.205123154,-3.91450544,47.92969104,54.3
121.713,0.205123154,-3.980418534,47.92969104,54.3
121.738,0.205123154,-3.980418534,47.94730312,54.4
121.763,0.205123154,-3.980418534,47.92350254,54.4
121.788,0.205123154,-3.980418534,47.92350254,54.4
121.813,0.205123154,-3.980418534,47.92350254,54.4
121.838,0.205123154,-3.980418534,47.91731403,54.5
121.863,0.205123154,-4.013375081,47.92350254,54.4
121.888,0.205123154,-3.980418534,48.02350254,54.3
121.913,0.205123154,-3.980418534,48.04730312,54.3
121.938,0.205123154,-3.980418534,48.02969104,54.2
121.963,0.205123154,-3.947461987,48.02969104,54.2
121.988,0.205123154,-3.947461987,48.02350254,54.3
122.012,0.205123154,-3.91450544,48.02969104,54.2
122.037,0.205551386,-3.88032828,48.05349163,54.2
122.062,0.205123154,-3.847371732,48.04730312,54.3
122.087,0.205123154,-3.814415185,48.02350254,54.3
122.112,0.205123154,-3.781458638,48.02350254,54.3
122.137,0.205123154,-3.748502091,48.02350254,54.3
122.162,0.205123154,-3.681368384,48.02350254,54.3
122.187,0.205123154,-3.648411836,48.02350254,54.3
122.212,0.205123154,-3.615455289,48.05349163,54.2
122.237,0.205123154,-3.549542195,48.05349163,54.2
122.262,0.205123154,-3.515365035,48.04730312,54.3
122.287,0.205123154,-3.44945194,48.04730312,54.3
122.311,0.205123154,-3.416495393,48.02350254,54.3
122.336,0.205123154,-3.350582299,48.04730312,54.3
122.361,0.205123154,-3.283448591,48.04730312,54.3
122.386,0.205123154,-3.217535497,48.04730312,54.3
122.411,0.20426669,-3.151622403,48.04730312,54.3
122.436,0.205123154,-3.084488695,48.04730312,54.3
122.461,0.205123154,-2.985619054,48.05349163,54.2
122.486,0.20426669,-2.918485347,48.05349163,54.2
122.511,0.20426669,-2.819615705,48.05349163,54.2
122.536,0.20426669,-2.752481998,48.02969104,54.2
122.561,0.205123154,-2.653612356,48.05349163,54.2
122.586,0.205123154,-2.587699262,48.04730312,54.3
122.61,0.20426669,-2.487609007,48.04730312,54.3
122.635,0.20426669,-2.388739366,48.04730312,54.3
122.66,0.20426669,-2.288649111,48.04730312,54.3
122.685,0.20426669,-2.18977947,48.04730312,54.3
122.71,0.20426669,-2.089689215,48.04730312,54.3
122.735,0.20426669,-1.989598961,48.04730312,54.3
122.76,0.20426669,-1.890729319,48.04730312,54.3
122.785,0.203838458,-1.790639065,48.04730312,54.3
122.81,0.203838458,-1.691769423,48.04730312,54.3
122.835,0.203838458,-1.591679168,48.08300399,54.3
122.86,0.203838458,-1.492809527,48.08300399,54.3
122.885,0.203838458,-1.392719272,48.08300399,54.3
122.91,0.202981994,-1.260893084,48.08300399,54.3
122.934,0.202981994,-1.160802829,48.08300399,54.3
122.959,0.202981994,-1.027756028,48.0891925,54.2
122.984,0.202981994,-0.895929839,48.22489337,54.1
123.009,0.202981994,-0.72992649,48.22489337,54.1
123.034,0.202553762,-0.563923141,48.22489337,54.1
123.059,0.202553762,-0.397919792,48.22489337,54.1
123.084,0.202553762,-0.198959896,48.22489337,54.1
123.109,0.201697298,0,48.22489337,54.1
123.134,0.201697298,0.198959896,48.24250545,54.2
123.159,0.201697298,0.397919792,48.24250545,54.2
123.184,0.201697298,0.629836235,48.24250545,54.2
123.209,0.200840834,0.862973292,48.24250545,54.2
123.233,0.200840834,1.094889735,48.24250545,54.2
123.258,0.200840834,1.326806178,48.27820632,54.2
123.283,0.200412602,1.558722621,48.27820632,54.2
123.308,0.200412602,1.790639065,48.27820632,54.2
123.333,0.200412602,2.056732668,48.3200957,54.1
123.358,0.199556137,2.288649111,48.35579658,54.1
123.383,0.199556137,2.520565554,48.34960807,54.2
123.408,0.199127905,2.752481998,48.37340865,54.2
123.433,0.199556137,2.985619054,48.27340865,54.3
123.458,0.199127905,3.217535497,48.30910952,54.3
123.483,0.199127905,3.44945194,48.31529803,54.2
123.508,0.199127905,3.648411836,48.3509989,54.2
123.532,0.199127905,3.847371732,48.38669978,54.2
123.557,0.198271441,4.046331628,48.41050036,54.2
123.582,0.198271441,4.279468685,48.41050036,54.2
123.607,0.197843209,4.478428581,48.41050036,54.2
123.632,0.197843209,4.677388477,48.41050036,54.2
123.657,0.197843209,4.842171213,48.44001273,54.3
123.682,0.196986745,5.042351722,48.34001273,54.4
123.707,0.196558513,5.207134458,48.34001273,54.4
123.732,0.196558513,5.373137807,48.3757136,54.4
123.757,0.196558513,5.572097703,48.3757136,54.4
123.782,0.196558513,5.738101051,48.3757136,54.4
123.807,0.195702049,5.9041044,48.2757136,54.5
123.831,0.195273817,6.037151202,48.28190211,54.4
123.856,0.194417353,6.203154551,48.30570269,54.4
123.881,0.194417353,6.367937287,48.28190211,54.4
123.906,0.193989121,6.500984088,48.18190211,54.5
123.931,0.193132657,6.666987437,48.18190211,54.5
123.956,0.193132657,6.767077692,48.1757136,54.6
123.981,0.192276193,6.898903881,48.0757136,54.7
124.006,0.19184796,6.998994135,48.0757136,54.7
124.031,0.19184796,7.097863777,48.0757136,54.7
124.056,0.190991496,7.197954031,48.0757136,54.7
124.081,0.190991496,7.263867126,48.0757136,54.7
124.106,0.190563264,7.36395738,47.9757136,54.8
124.131,0.1897068,7.429870474,47.98190211,54.7
124.155,0.1897068,7.462827022,47.94620123,54.7
124.18,0.189278568,7.529960729,47.94620123,54.7
124.205,0.188422104,7.529960729,47.94001273,54.8
124.23,0.188422104,7.562917276,47.9757136,54.8
124.255,0.188422104,7.595873823,47.94001273,54.8
124.28,0.188422104,7.62883037,47.94001273,54.8
124.305,0.187993872,7.62883037,47.94001273,54.8
124.33,0.187993872,7.62883037,47.94001273,54.8
124.355,0.187993872,7.595873823,47.94001273,54.8
124.38,0.187137408,7.562917276,47.94620123,54.7
124.405,0.187993872,7.562917276,47.94620123,54.7
124.43,0.187993872,7.529960729,47.91050036,54.7
124.454,0.187993872,7.495783569,47.94620123,54.7
124.479,0.187137408,7.429870474,47.94620123,54.7
124.504,0.187993872,7.36395738,47.91050036,54.7
124.529,0.187993872,7.296823673,47.91050036,54.7
124.554,0.187137408,7.230910578,47.90431185,54.8
124.579,0.187993872,7.164997484,47.90431185,54.8
124.604,0.187993872,7.064907229,47.90431185,54.8
124.629,0.187993872,6.966037588,47.88051127,54.8
124.654,0.187993872,6.898903881,48.00431185,54.7
124.679,0.187993872,6.800034239,47.98669978,54.6
124.704,0.187993872,6.699943985,47.98669978,54.6
124.729,0.187993872,6.568117796,47.98669978,54.6
124.753,0.187993872,6.435070994,47.9509989,54.6
124.778,0.187993872,6.302024192,47.9509989,54.6
124.803,0.187993872,6.168977391,48.0509989,54.5
124.828,0.187993872,6.037151202,48.0448104,54.6
124.853,0.187993872,5.9041044,48.00910952,54.6
124.878,0.188422104,5.738101051,48.00910952,54.6
124.903,0.189278568,5.60505425,47.97340865,54.6
124.928,0.189278568,5.440271514,47.97959716,54.5
124.953,0.189278568,5.274268165,47.97959716,54.5
124.978,0.1897068,5.108264816,48.05579658,54.4
125.003,0.1897068,4.942261467,48.05579658,54.4
125.028,0.190563264,4.776258118,48.05579658,54.4
125.053,0.190563264,4.610254769,48.05579658,54.4
125.077,0.190991496,4.444251421,48.0200957,54.4
125.102,0.19184796,4.245291525,48.01390719,54.5
125.127,0.192276193,4.079288176,48.01390719,54.5
125.152,0.192276193,3.88032828,48.11390719,54.4
125.177,0.193132657,3.681368384,48.07820632,54.4
125.202,0.193989121,3.515365035,48.07820632,54.4
125.227,0.194417353,3.316405139,48.08439483,54.3
125.252,0.194417353,3.117445243,48.04869396,54.3
125.277,0.195273817,2.918485347,48.02489337,54.3
125.302,0.195273817,2.71952545,48.02489337,54.3
125.327,0.195702049,2.487609007,47.9891925,54.3
125.352,0.195702049,2.288649111,47.95349163,54.3
125.376,0.196558513,2.056732668,47.85349163,54.4
125.401,0.196558513,1.857772772,47.82350254,54.5
125.426,0.196986745,1.625856329,47.78780166,54.5
125.451,0.196986745,1.359762725,47.75210079,54.5
125.476,0.196986745,1.127846282,47.75210079,54.5
125.501,0.197843209,0.895929839,47.62258842,54.5
125.526,0.197843209,0.662792783,47.62258842,54.5
125.551,0.197843209,0.430876339,47.62258842,54.5
125.576,0.197843209,0.198959896,47.51639992,54.7
125.601,0.198271441,-0.065913094,47.51639992,54.7
125.626,0.198271441,-0.26487299,47.51639992,54.7
125.651,0.198271441,-0.498010047,47.41639992,54.8
125.675,0.198271441,-0.762883037,47.45210079,54.8
125.7,0.198271441,-0.99479948,47.48780166,54.8
125.725,0.198271441,-1.293849631,47.48780166,54.8
125.75,0.199127905,-1.558722621,47.45210079,54.8
125.775,0.199127905,-1.857772772,47.39399017,54.8
125.8,0.199556137,-2.155602309,47.39399017,54.8
125.825,0.199556137,-2.487609007,47.39399017,54.8
125.85,0.200412602,-2.786659158,47.39399017,54.8
125.875,0.200840834,-3.117445243,47.29399017,54.9
125.9,0.200840834,-3.416495393,47.32969104,54.9
125.925,0.201697298,-3.748502091,47.29399017,54.9
125.95,0.202553762,-4.046331628,47.28780166,55
125.975,0.202981994,-4.345381779,47.22350254,55.1
125.999,0.202981994,-4.610254769,47.22350254,55.1
126.024,0.203838458,-4.842171213,47.22350254,55.1
126.049,0.203838458,-5.108264816,47.22350254,55.1
126.074,0.203838458,-5.340181259,47.22350254,55.1
126.099,0.20426669,-5.539141155,47.22969104,55
126.124,0.20426669,-5.771057599,47.25349163,55
126.149,0.20426669,-6.004194655,47.24730312,55.1
126.174,0.205123154,-6.203154551,47.24730312,55.1
126.199,0.205123154,-6.402114447,47.24730312,55.1
126.224,0.205123154,-6.601074343,47.24730312,55.1
126.249,0.205551386,-6.767077692,47.15349163,55.1
126.274,0.205551386,-6.931860428,47.1891925,55.1
126.298,0.20640785,-7.097863777,47.1891925,55.1
126.323,0.20640785,-7.230910578,47.22489337,55.1
126.348,0.20640785,-7.36395738,47.22489337,55.1
126.373,0.206836082,-7.495783569,47.24869396,55.1
126.398,0.206836082,-7.62883037,47.24869396,55.1
126.423,0.207692547,-7.761877172,47.24869396,55.1
126.448,0.207692547,-7.894923974,47.24869396,55.1
126.473,0.208120779,-7.960837068,47.24250545,55.2
126.498,0.207692547,-8.05970671,47.17820632,55.3
126.523,0.208120779,-8.159796964,47.17820632,55.3
126.548,0.208120779,-8.225710059,47.17820632,55.3
126.573,0.208120779,-8.292843766,47.17820632,55.3
126.597,0.208977243,-8.35875686,47.17820632,55.3
126.622,0.208977243,-8.424669955,47.18439483,55.2
126.647,0.209405475,-8.491803662,47.18439483,55.2
126.672,0.208977243,-8.524760209,47.2200957,55.2
126.697,0.209405475,-8.557716756,47.2200957,55.2
126.722,0.209405475,-8.590673304,47.2200957,55.2
126.747,0.209405475,-8.590673304,47.21390719,55.3
126.772,0.209405475,-8.623629851,47.18439483,55.2
126.797,0.210261939,-8.623629851,47.2200957,55.2
126.822,0.209405475,-8.623629851,47.2200957,55.2
126.847,0.209405475,-8.590673304,47.2200957,55.2
126.872,0.210261939,-8.590673304,47.18439483,55.2
126.896,0.210261939,-8.524760209,47.2200957,55.2
126.921,0.210690171,-8.491803662,47.18439483,55.2
126.946,0.210261939,-8.457626502,47.18439483,55.2
126.971,0.210261939,-8.391713407,47.17820632,55.3
126.996,0.210261939,-8.325800313,47.17820632,55.3
127.021,0.210261939,-8.258666606,47.17820632,55.3
127.046,0.210261939,-8.192753511,47.17820632,55.3
127.071,0.210261939,-8.09388387,47.17820632,55.3
127.096,0.210261939,-7.993793615,47.17820632,55.3
127.121,0.210261939,-7.894923974,47.17820632,55.3
127.146,0.210690171,-7.761877172,47.18439483,55.2
127.171,0.210690171,-7.62883037,47.18439483,55.2
127.196,0.210261939,-7.529960729,47.14869396,55.2
127.22,0.210261939,-7.396913927,47.18439483,55.2
127.245,0.210261939,-7.263867126,47.14869396,55.2
127.27,0.209405475,-7.132040937,47.14869396,55.2
127.295,0.210261939,-6.998994135,47.11870487,55.3
127.32,0.210690171,-6.865947333,47.11870487,55.3
127.345,0.210261939,-6.699943985,47.11870487,55.3
127.37,0.210261939,-6.533940636,47.11870487,55.3
127.395,0.210690171,-6.402114447,47.11870487,55.3
127.42,0.210261939,-6.203154551,47.18300399,55.2
127.445,0.210261939,-6.037151202,47.18300399,55.2
127.47,0.210261939,-5.871147853,47.15349163,55.1
127.495,0.210261939,-5.672187957,47.15349163,55.1
127.519,0.210261939,-5.473228061,47.12969104,55.1
127.544,0.210261939,-5.307224712,47.12350254,55.2
127.569,0.210261939,-5.108264816,47.12350254,55.2
127.594,0.210261939,-4.90930492,47.02350254,55.3
127.619,0.210261939,-4.677388477,46.98780166,55.3
127.644,0.210261939,-4.478428581,46.98780166,55.3
127.669,0.210261939,-4.245291525,46.99399017,55.2
127.694,0.210261939,-4.046331628,46.99399017,55.2
127.719,0.210261939,-3.814415185,46.99399017,55.2
127.744,0.210261939,-3.582498742,46.99399017,55.2
127.769,0.210261939,-3.350582299,46.99399017,55.2
127.794,0.210261939,-3.117445243,46.99399017,55.2
127.818,0.210261939,-2.885528799,46.99399017,55.2
127.843,0.210261939,-2.653612356,46.99399017,55.2
127.868,0.210261939,-2.421695913,46.98780166,55.3
127.893,0.209405475,-2.18977947,46.98780166,55.3
127.918,0.209405475,-1.923685866,46.98780166,55.3
127.943,0.209405475,-1.691769423,46.98780166,55.3
127.968,0.209405475,-1.45985298,46.98780166,55.3
127.993,0.208977243,-1.260893084,46.98780166,55.3
128.018,0.208120779,-1.027756028,47.02969104,55.2
128.043,0.208120779,-0.795839584,47.02969104,55.2
128.068,0.208120779,-0.563923141,47.02969104,55.2
128.093,0.207692547,-0.364963245,47.05349163,55.2
128.118,0.207692547,-0.133046802,47.05349163,55.2
128.142,0.206836082,0.100090254,47.05349163,55.2
128.167,0.20640785,0.332006698,47.04730312,55.3
128.192,0.20640785,0.596879688,47.08300399,55.3
128.217,0.205551386,0.828796131,47.08300399,55.3
128.242,0.205551386,1.094889735,46.9891925,55.3
128.267,0.205123154,1.359762725,46.9891925,55.3
128.292,0.20426669,1.625856329,47.02489337,55.3
128.317,0.203838458,1.890729319,47.02489337,55.3
128.342,0.203838458,2.155602309,47.04869396,55.3
128.367,0.202981994,2.421695913,47.04869396,55.3
128.392,0.202981994,2.686568903,47.08439483,55.3
128.417,0.202553762,2.952662507,47.08439483,55.3
128.441,0.202553762,3.217535497,47.11390719,55.4
128.466,0.201697298,3.482408487,47.00771869,55.6
128.491,0.200840834,3.748502091,47.01390719,55.5
128.516,0.200840834,3.980418534,47.01390719,55.5
128.541,0.200412602,4.212334977,47.04960807,55.5
128.566,0.199556137,4.444251421,47.05579658,55.4
128.591,0.199127905,4.643211317,47.05579658,55.4
128.616,0.199127905,4.876348373,47.05579658,55.4
128.641,0.198271441,5.075308269,47.07959716,55.4
128.666,0.198271441,5.274268165,47.07959716,55.4
128.691,0.197843209,5.506184608,47.07959716,55.4
128.716,0.197843209,5.672187957,46.97959716,55.5
128.74,0.197843209,5.871147853,47.00910952,55.6
128.765,0.196986745,6.037151202,47.00910952,55.6
128.79,0.196986745,6.236111098,47.00910952,55.6
128.815,0.195702049,6.402114447,47.00910952,55.6
128.84,0.195702049,6.568117796,46.90910952,55.7
128.865,0.195273817,6.732900532,46.90910952,55.7
128.89,0.194417353,6.865947333,46.90910952,55.7
128.915,0.194417353,6.998994135,46.9448104,55.7
128.94,0.193989121,7.132040937,46.9448104,55.7
128.965,0.193132657,7.263867126,46.9509989,55.6
128.99,0.192276193,7.36395738,46.8448104,55.8
129.015,0.192276193,7.429870474,46.8448104,55.8
129.04,0.19184796,7.529960729,46.8448104,55.8
129.064,0.19184796,7.595873823,46.8448104,55.8
129.089,0.190991496,7.694743465,46.8509989,55.7
129.114,0.190991496,7.728920625,46.8509989,55.7
129.139,0.190563264,7.794833719,46.8509989,55.7
129.164,0.190563264,7.827790266,46.7509989,55.8
129.189,0.1897068,7.860746814,46.7509989,55.8
129.214,0.189278568,7.894923974,46.7509989,55.8
129.239,0.189278568,7.927880521,46.7509989,55.8
129.264,0.189278568,7.927880521,46.7509989,55.8
129.289,0.189278568,7.927880521,46.7448104,55.9
129.314,0.189278568,7.894923974,46.7448104,55.9
129.339,0.189278568,7.894923974,46.7448104,55.9
129.363,0.189278568,7.894923974,46.7448104,55.9
129.388,0.188422104,7.860746814,46.7448104,55.9
129.413,0.188422104,7.827790266,46.70910952,55.9
129.438,0.188422104,7.761877172,46.8509989,55.7
129.463,0.188422104,7.728920625,46.81529803,55.7
129.488,0.188422104,7.661786918,46.81529803,55.7
129.513,0.188422104,7.595873823,46.81529803,55.7
129.538,0.188422104,7.495783569,46.81529803,55.7
129.563,0.188422104,7.429870474,46.81529803,55.7
129.588,0.188422104,7.331000833,46.77959716,55.7
129.613,0.189278568,7.263867126,46.77959716,55.7
129.638,0.188422104,7.164997484,46.77959716,55.7
129.662,0.188422104,7.064907229,46.87959716,55.6
129.687,0.189278568,6.931860428,46.87959716,55.6
129.712,0.189278568,6.800034239,46.87959716,55.6
129.737,0.189278568,6.666987437,46.85579658,55.6
129.762,0.189278568,6.533940636,46.85579658,55.6
129.787,0.189278568,6.402114447,46.84960807,55.7
129.812,0.1897068,6.236111098,46.94960807,55.6
129.837,0.1897068,6.103064296,46.94960807,55.6
129.862,0.1897068,5.937060947,46.91390719,55.6
129.887,0.190563264,5.771057599,46.91390719,55.6
129.912,0.190563264,5.60505425,46.91390719,55.6
129.937,0.190563264,5.440271514,47.01390719,55.5
129.961,0.190563264,5.274268165,46.98439483,55.4
129.986,0.190991496,5.075308269,46.98439483,55.4
130.011,0.19184796,4.90930492,46.94869396,55.4
130.036,0.192276193,4.710345024,46.98439483,55.4
130.061,0.192276193,4.544341675,46.94869396,55.4
130.086,0.193132657,4.345381779,47.02489337,55.3
130.111,0.193989121,4.146421883,47.02489337,55.3
130.136,0.194417353,3.947461987,47.02489337,55.3
130.161,0.195273817,3.748502091,46.9891925,55.3
130.186,0.195702049,3.549542195,46.98300399,55.4
130.211,0.196558513,3.350582299,46.98300399,55.4
130.236,0.196558513,3.117445243,46.94730312,55.4
130.261,0.196986745,2.918485347,46.94730312,55.4
130.285,0.196986745,2.71952545,46.92350254,55.4
130.31,0.197843209,2.487609007,46.92350254,55.4
130.335,0.198271441,2.255692564,46.88780166,55.4
130.36,0.197843209,2.023776121,46.78780166,55.5
130.385,0.198271441,1.824816225,46.78780166,55.5
130.41,0.199127905,1.591679168,46.75210079,55.5
130.435,0.199127905,1.359762725,46.75210079,55.5
130.46,0.199127905,1.127846282,46.65210079,55.6
130.485,0.199556137,0.895929839,46.6582893,55.5
130.51,0.199556137,0.662792783,46.6582893,55.5
130.535,0.199556137,0.430876339,46.6582893,55.5
130.56,0.200412602,0.198959896,46.5582893,55.6
130.584,0.200412602,-0.032956547,46.5582893,55.6
130.609,0.199556137,-0.26487299,46.59399017,55.6
130.634,0.200412602,-0.498010047,46.48780166,55.8
130.659,0.200412602,-0.72992649,46.48780166,55.8
130.684,0.200412602,-0.99479948,46.48780166,55.8
130.709,0.200412602,-1.260893084,46.52350254,55.8
130.734,0.200840834,-1.525766074,46.52350254,55.8
130.759,0.201697298,-1.790639065,46.42350254,55.9
130.784,0.201697298,-2.089689215,46.42350254,55.9
130.809,0.201697298,-2.388739366,46.42969104,55.8
130.834,0.202553762,-2.71952545,46.45349163,55.8
130.859,0.202553762,-3.018575601,46.35349163,55.9
130.883,0.202981994,-3.316405139,46.34730312,56
130.908,0.202981994,-3.615455289,46.34730312,56
130.933,0.203838458,-3.91450544,46.32350254,56
130.958,0.20426669,-4.212334977,46.34730312,56
130.983,0.205123154,-4.478428581,46.24730312,56.1
131.008,0.205123154,-4.776258118,46.25349163,56
131.033,0.205551386,-5.008174562,46.25349163,56
131.058,0.205551386,-5.241311618,46.25349163,56
131.083,0.205551386,-5.473228061,46.25349163,56
131.108,0.20640785,-5.705144504,46.2891925,56
131.133,0.20640785,-5.937060947,46.1891925,56.1
131.158,0.20640785,-6.136020844,46.1891925,56.1
131.183,0.20640785,-6.367937287,46.18300399,56.2
131.207,0.206836082,-6.568117796,46.21870487,56.2
131.232,0.206836082,-6.767077692,46.21870487,56.2
131.257,0.207692547,-6.931860428,46.24250545,56.2
131.282,0.207692547,-7.132040937,46.24250545,56.2
131.307,0.207692547,-7.296823673,46.24250545,56.2
131.332,0.208120779,-7.429870474,46.27820632,56.2
131.357,0.208977243,-7.595873823,46.28439483,56.1
131.382,0.208120779,-7.728920625,46.3200957,56.1
131.407,0.208977243,-7.860746814,46.3200957,56.1
131.432,0.208977243,-7.960837068,46.3200957,56.1
131.457,0.209405475,-8.09388387,46.21390719,56.3
131.482,0.209405475,-8.192753511,46.24960807,56.3
131.506,0.209405475,-8.292843766,46.24960807,56.3
131.531,0.210261939,-8.35875686,46.24960807,56.3
131.556,0.210261939,-8.457626502,46.24960807,56.3
131.581,0.210690171,-8.524760209,46.24960807,56.3
131.606,0.210690171,-8.590673304,46.27959716,56.2
131.631,0.210690171,-8.623629851,46.37959716,56.1
131.656,0.210690171,-8.690763558,46.37959716,56.1
131.681,0.210690171,-8.723720105,46.37959716,56.1
131.706,0.211546635,-8.756676652,46.37959716,56.1
131.731,0.211546635,-8.7896332,46.37340865,56.2
131.756,0.211546635,-8.7896332,46.37340865,56.2
131.781,0.211546635,-8.7896332,46.37340865,56.2
131.805,0.212403099,-8.7896332,46.37340865,56.2
131.83,0.211546635,-8.756676652,46.37340865,56.2
131.855,0.212403099,-8.756676652,46.37340865,56.2
131.88,0.212403099,-8.756676652,46.37959716,56.1
131.905,0.211546635,-8.690763558,46.35579658,56.1
131.93,0.212403099,-8.657807011,46.35579658,56.1
131.955,0.212403099,-8.590673304,46.37959716,56.1
131.98,0.212403099,-8.557716756,46.37959716,56.1
132.005,0.212403099,-8.457626502,46.37959716,56.1
132.03,0.212403099,-8.391713407,46.35579658,56.1
132.055,0.212403099,-8.292843766,46.34960807,56.2
132.08,0.212403099,-8.225710059,46.34960807,56.2
132.105,0.212403099,-8.126840417,46.34960807,56.2
132.129,0.212403099,-7.993793615,46.34960807,56.2
132.154,0.212403099,-7.894923974,46.34960807,56.2
132.179,0.212403099,-7.794833719,46.34960807,56.2
132.204,0.212403099,-7.62883037,46.34960807,56.2
132.229,0.212403099,-7.495783569,46.3200957,56.1
132.254,0.212403099,-7.36395738,46.3200957,56.1
132.279,0.212403099,-7.230910578,46.4200957,56
132.304,0.212403099,-7.097863777,46.4200957,56
132.329,0.212403099,-6.966037588,46.41390719,56.1
132.354,0.212403099,-6.800034239,46.37820632,56.1
132.379,0.212403099,-6.63403089,46.37820632,56.1
132.404,0.212403099,-6.468027541,46.38439483,56
132.428,0.212403099,-6.302024192,46.38439483,56
132.453,0.212403099,-6.103064296,46.34869396,56
132.478,0.211546635,-5.937060947,46.32489337,56
132.503,0.212403099,-5.738101051,46.32489337,56
132.528,0.212403099,-5.539141155,46.2891925,56
132.553,0.212403099,-5.340181259,46.2891925,56
132.578,0.212403099,-5.141221363,46.25349163,56
132.603,0.212403099,-4.942261467,46.24730312,56.1
132.628,0.212403099,-4.710345024,46.24730312,56.1
132.653,0.212403099,-4.511385128,46.22350254,56.1
132.678,0.212403099,-4.279468685,46.22350254,56.1
132.703,0.212403099,-4.046331628,46.22350254,56.1
132.727,0.212403099,-3.814415185,46.12350254,56.2
132.752,0.212403099,-3.582498742,46.12969104,56.1
132.777,0.212403099,-3.350582299,46.12969104,56.1
132.802,0.212403099,-3.117445243,46.09399017,56.1
132.827,0.212403099,-2.885528799,46.09399017,56.1
132.852,0.212403099,-2.620655809,46.12969104,56.1
132.877,0.212403099,-2.388739366,46.12969104,56.1
132.902,0.212403099,-2.122645762,46.12350254,56.2
132.927,0.211546635,-1.890729319,46.12350254,56.2
132.952,0.211546635,-1.658812876,46.12969104,56.1
132.977,0.210690171,-1.426896432,46.12969104,56.1
133.002,0.210690171,-1.193759376,46.12350254,56.2
133.026,0.210261939,-0.961842933,46.14730312,56.2
133.051,0.210261939,-0.696969943,46.15349163,56.1
133.076,0.209405475,-0.463832887,46.15349163,56.1
133.101,0.208977243,-0.231916443,46.1891925,56.1
133.126,0.208977243,0.032956547,46.18300399,56.2
133.151,0.208120779,0.299050151,46.18300399,56.2
133.176,0.208120779,0.563923141,46.21870487,56.2
133.201,0.207692547,0.828796131,46.18300399,56.2
133.226,0.207692547,1.094889735,46.21870487,56.2
133.251,0.206836082,1.392719272,46.24250545,56.2
133.276,0.20640785,1.691769423,46.24869396,56.1
133.301,0.205551386,1.989598961,46.18439483,56.2
133.326,0.205123154,2.288649111,46.18439483,56.2
133.35,0.205123154,2.620655809,46.2200957,56.2
133.375,0.20426669,2.918485347,46.2200957,56.2
133.4,0.203838458,3.250492044,46.2200957,56.2
133.425,0.203838458,3.549542195,46.2200957,56.2
133.45,0.202981994,3.847371732,46.14960807,56.4
133.475,0.201697298,4.146421883,46.14960807,56.4
133.5,0.200840834,4.411294873,46.14960807,56.4
133.525,0.200840834,4.677388477,46.04960807,56.5
133.55,0.200412602,4.90930492,46.07340865,56.5
133.575,0.200412602,5.17417791,46.07340865,56.5
133.6,0.199556137,5.440271514,46.07340865,56.5
133.625,0.199127905,5.672187957,46.10910952,56.5
133.649,0.198271441,5.9041044,46.00910952,56.6
133.674,0.198271441,6.136020844,46.0448104,56.6
133.699,0.197843209,6.402114447,46.00910952,56.6
133.724,0.196986745,6.63403089,46.0448104,56.6
133.749,0.196558513,6.832990786,45.9509989,56.6
133.774,0.195702049,7.031950682,45.9448104,56.7
133.799,0.195273817,7.230910578,45.9509989,56.6
133.824,0.194417353,7.429870474,45.98669978,56.6
133.849,0.193989121,7.595873823,45.88669978,56.7
133.874,0.193132657,7.761877172,45.88669978,56.7
133.899,0.19184796,7.927880521,45.88669978,56.7
133.924,0.190991496,8.026750163,45.88669978,56.7
133.948,0.1897068,8.159796964,45.88669978,56.7
133.973,0.1897068,8.258666606,45.81050036,56.8
133.998,0.189278568,8.391713407,45.78669978,56.8
134.023,0.187993872,8.491803662,45.80431185,56.9
134.048,0.187137408,8.557716756,45.80431185,56.9
134.073,0.186709176,8.657807011,45.80431185,56.9
134.098,0.185852712,8.756676652,45.68051127,57
134.123,0.18542448,8.7896332,45.70431185,57
134.148,0.184568016,8.856766907,45.71050036,56.9
134.173,0.184139784,8.889723454,45.68669978,56.9
134.198,0.183283319,8.922680001,45.68669978,56.9
134.223,0.182426855,8.955636548,45.68669978,56.9
134.248,0.181998623,8.955636548,45.68051127,57
134.272,0.181998623,8.955636548,45.68669978,56.9
134.297,0.181998623,8.955636548,45.6509989,56.9
134.322,0.181998623,8.955636548,45.68669978,56.9
134.347,0.181142159,8.922680001,45.68669978,56.9
134.372,0.181142159,8.922680001,45.68669978,56.9
134.397,0.181142159,8.856766907,45.6509989,56.9
134.422,0.181142159,8.822589747,45.6509989,56.9
134.447,0.181142159,8.7896332,45.6509989,56.9
134.472,0.181142159,8.723720105,45.6509989,56.9
134.497,0.180713927,8.623629851,45.6448104,57
134.522,0.181142159,8.557716756,45.6448104,57
134.547,0.180713927,8.491803662,45.7448104,56.9
134.571,0.180713927,8.391713407,45.70910952,56.9
134.596,0.180713927,8.292843766,45.70910952,56.9
134.621,0.181142159,8.159796964,45.70910952,56.9
134.646,0.181142159,8.05970671,45.70910952,56.9
134.671,0.181142159,7.927880521,45.81529803,56.7
134.696,0.181142159,7.761877172,45.77959716,56.7
134.721,0.181142159,7.62883037,45.77959716,56.7
134.746,0.181142159,7.495783569,45.77959716,56.7
134.771,0.181998623,7.331000833,45.77959716,56.7
134.796,0.181998623,7.164997484,45.84960807,56.7
134.821,0.182426855,6.998994135,45.84960807,56.7
134.846,0.182426855,6.832990786,45.84960807,56.7
134.87,0.182426855,6.63403089,45.84960807,56.7
134.895,0.183283319,6.468027541,45.94960807,56.6
134.92,0.184139784,6.269067645,45.91390719,56.6
134.945,0.184139784,6.070107749,45.91390719,56.6
134.97,0.184568016,5.871147853,45.9200957,56.5
134.995,0.18542448,5.672187957,45.98439483,56.4
135.02,0.185852712,5.440271514,45.98439483,56.4
135.045,0.187137408,5.241311618,45.97820632,56.5
135.07,0.187137408,5.042351722,45.94250545,56.5
135.095,0.188422104,4.809214666,45.94250545,56.5
135.12,0.188422104,4.544341675,45.91870487,56.5
135.145,0.1897068,4.345381779,46.01870487,56.4
135.17,0.190563264,4.113465336,46.01870487,56.4
135.194,0.190991496,3.88032828,45.9891925,56.3
135.219,0.19184796,3.648411836,45.9891925,56.3
135.244,0.192276193,3.416495393,45.95349163,56.3
135.269,0.192276193,3.18457895,45.95349163,56.3
135.294,0.193132657,2.918485347,45.95349163,56.3
135.319,0.193989121,2.686568903,45.92969104,56.3
135.344,0.194417353,2.45465246,45.82969104,56.4
135.369,0.194417353,2.18977947,45.78780166,56.5
135.394,0.195273817,1.956642413,45.78780166,56.5
135.419,0.195702049,1.691769423,45.78780166,56.5
135.444,0.196558513,1.426896432,45.65210079,56.6
135.469,0.195702049,1.160802829,45.65210079,56.6
135.493,0.195702049,0.895929839,45.55210079,56.7
135.518,0.196558513,0.629836235,45.55210079,56.7
135.543,0.196986745,0.397919792,45.5582893,56.6
135.568,0.196986745,0.133046802,45.4582893,56.7
135.593,0.196986745,-0.133046802,45.4582893,56.7
135.618,0.196986745,-0.364963245,45.49399017,56.7
135.643,0.196558513,-0.629836235,45.39399017,56.8
135.668,0.196986745,-0.895929839,45.38780166,56.9
135.693,0.197843209,-1.226715924,45.42350254,56.9
135.718,0.197843209,-1.525766074,45.42969104,56.8
135.743,0.198271441,-1.857772772,45.42969104,56.8
135.768,0.198271441,-2.18977947,45.42969104,56.8
135.792,0.199127905,-2.520565554,45.42969104,56.8
135.817,0.199556137,-2.885528799,45.32969104,56.9
135.842,0.200412602,-3.250492044,45.32969104,56.9
135.867,0.200412602,-3.615455289,45.35349163,56.9
135.892,0.200840834,-3.947461987,45.25349163,57
135.917,0.201697298,-4.279468685,45.24730312,57.1
135.942,0.202553762,-4.610254769,45.24730312,57.1
135.967,0.202981994,-4.942261467,45.24730312,57.1
135.992,0.202981994,-5.241311618,45.14730312,57.2
136.017,0.203838458,-5.539141155,45.14730312,57.2
136.042,0.20426669,-5.838191306,45.18300399,57.2
136.067,0.20426669,-6.136020844,45.18300399,57.2
136.091,0.20426669,-6.402114447,45.22489337,57.1
136.116,0.205551386,-6.666987437,45.22489337,57.1
136.141,0.205551386,-6.931860428,45.12489337,57.2
136.166,0.20640785,-7.164997484,45.14869396,57.2
136.191,0.20640785,-7.36395738,45.14869396,57.2
136.216,0.206836082,-7.595873823,45.17820632,57.3
136.241,0.207692547,-7.794833719,45.21390719,57.3
136.266,0.208120779,-7.993793615,45.21390719,57.3
136.291,0.208120779,-8.159796964,45.24960807,57.3
136.316,0.208977243,-8.35875686,45.24960807,57.3
136.341,0.209405475,-8.524760209,45.27340865,57.3
136.366,0.209405475,-8.657807011,45.27340865,57.3
136.391,0.210690171,-8.7896332,45.30910952,57.3
136.415,0.210690171,-8.955636548,45.30910952,57.3
136.44,0.211546635,-9.08868335,45.30910952,57.3
136.465,0.212403099,-9.221730152,45.3448104,57.3
136.49,0.212831331,-9.320599793,45.3448104,57.3
136.515,0.212831331,-9.420690048,45.3448104,57.3
136.54,0.214116027,-9.519559689,45.38051127,57.3
136.565,0.214116027,-9.619649944,45.38051127,57.3
136.59,0.214972491,-9.685563038,45.38051127,57.3
136.615,0.215400723,-9.718519585,45.38669978,57.2
136.64,0.215400723,-9.78443268,45.31050036,57.3
136.665,0.216257188,-9.81860984,45.31050036,57.3
136.69,0.21668542,-9.884522934,45.31050036,57.3
136.714,0.21668542,-9.917479482,45.31050036,57.3
136.739,0.217541884,-9.917479482,45.31050036,57.3
136.764,0.217541884,-9.950436029,45.31050036,57.3
136.789,0.217541884,-9.950436029,45.40431185,57.3
136.814,0.217970116,-9.950436029,45.40431185,57.3
136.839,0.217970116,-9.917479482,45.38051127,57.3
136.864,0.217970116,-9.884522934,45.38051127,57.3
136.889,0.21882658,-9.851566387,45.38051127,57.3
136.914,0.21882658,-9.81860984,45.38051127,57.3
136.939,0.21882658,-9.751476133,45.38051127,57.3
136.964,0.21882658,-9.718519585,45.38051127,57.3
136.989,0.219254812,-9.652606491,45.3509989,57.2
137.013,0.21882658,-9.552516237,45.3509989,57.2
137.038,0.21882658,-9.453646595,45.3509989,57.2
137.063,0.21882658,-9.353556341,45.3509989,57.2
137.088,0.21882658,-9.254686699,45.3448104,57.3
137.113,0.21882658,-9.121639897,45.3448104,57.3
137.138,0.21882658,-8.988593096,45.4509989,57.1
137.163,0.21882658,-8.856766907,45.4509989,57.1
137.188,0.219254812,-8.690763558,45.41529803,57.1
137.213,0.21882658,-8.557716756,45.4509989,57.1
137.238,0.21882658,-8.391713407,45.40910952,57.2
137.263,0.21882658,-8.258666606,45.40910952,57.2
137.288,0.21882658,-8.09388387,45.37340865,57.2
137.313,0.21882658,-7.927880521,45.37340865,57.2
137.337,0.21882658,-7.761877172,45.34960807,57.2
137.362,0.219254812,-7.562917276,45.34960807,57.2
137.387,0.21882658,-7.396913927,45.31390719,57.2
137.412,0.21882658,-7.197954031,45.31390719,57.2
137.437,0.21882658,-6.998994135,45.27820632,57.2
137.462,0.21882658,-6.800034239,45.28439483,57.1
137.487,0.21882658,-6.568117796,45.24869396,57.1
137.512,0.21882658,-6.367937287,45.22489337,57.1
137.537,0.21882658,-6.136020844,45.1891925,57.1
137.562,0.21882658,-5.9041044,45.1891925,57.1
137.587,0.21882658,-5.672187957,45.15349163,57.1
137.612,0.21882658,-5.440271514,45.15349163,57.1
137.636,0.217970116,-5.17417791,45.12969104,57.1
137.661,0.217970116,-4.90930492,45.12350254,57.2
137.686,0.21882658,-4.677388477,45.02350254,57.3
137.711,0.21882658,-4.411294873,44.99399017,57.2
137.736,0.21882658,-4.146421883,44.99399017,57.2
137.761,0.21882658,-3.88032828,44.99399017,57.2
137.786,0.217970116,-3.615455289,44.98780166,57.3
137.811,0.21882658,-3.350582299,44.98780166,57.3
137.836,0.21882658,-3.051532148,44.98780166,57.3
137.861,0.21882658,-2.786659158,44.88780166,57.4
137.886,0.21882658,-2.520565554,44.88780166,57.4
137.911,0.21882658,-2.222736017,44.88780166,57.4
137.935,0.21882658,-1.956642413,44.88780166,57.4
137.96,0.217970116,-1.691769423,44.88780166,57.4
137.985,0.217541884,-1.392719272,44.89399017,57.3
138.01,0.217541884,-1.127846282,44.92969104,57.3
138.035,0.217541884,-0.862973292,44.92969104,57.3
138.06,0.216257188,-0.563923141,44.92969104,57.3
138.085,0.216257188,-0.26487299,44.95349163,57.3
138.11,0.214972491,0,44.95349163,57.3
138.135,0.214972491,0.299050151,44.84730312,57.5
138.16,0.214116027,0.629836235,44.84730312,57.5
138.185,0.213687795,0.928886386,44.88300399,57.5
138.21,0.212831331,1.293849631,44.88300399,57.5
138.234,0.212403099,1.625856329,44.91870487,57.5
138.259,0.211546635,1.989598961,44.91870487,57.5
138.284,0.210690171,2.354562206,44.84250545,57.6
138.309,0.210261939,2.71952545,44.88439483,57.5
138.334,0.209405475,3.117445243,44.88439483,57.5
138.359,0.208120779,3.482408487,44.78439483,57.6
138.384,0.207692547,3.88032828,44.77820632,57.7
138.409,0.206836082,4.245291525,44.77820632,57.7
138.434,0.205551386,4.577298222,44.67820632,57.8
138.459,0.205123154,4.90930492,44.67820632,57.8
138.484,0.20426669,5.241311618,44.71390719,57.8
138.509,0.203838458,5.572097703,44.61390719,57.9
138.534,0.202981994,5.9041044,44.65579658,57.8
138.558,0.202553762,6.203154551,44.65579658,57.8
138.583,0.200840834,6.500984088,44.55579658,57.9
138.608,0.199556137,6.800034239,44.55579658,57.9
138.633,0.199127905,7.097863777,44.47959716,58
138.658,0.197843209,7.36395738,44.47959716,58
138.683,0.196558513,7.62883037,44.47340865,58.1
138.708,0.195273817,7.894923974,44.40910952,58.2
138.733,0.193989121,8.126840417,44.40910952,58.2
138.758,0.192276193,8.35875686,44.30910952,58.3
138.783,0.190563264,8.557716756,44.30910952,58.3
138.808,0.189278568,8.756676652,44.30910952,58.3
138.833,0.187137408,8.955636548,44.20910952,58.4
138.857,0.185852712,9.121639897,44.21529803,58.3
138.882,0.184568016,9.320599793,44.21529803,58.3
138.907,0.182426855,9.453646595,44.11529803,58.4
138.932,0.181142159,9.585472784,44.11529803,58.4
138.957,0.179429231,9.718519585,44.11529803,58.4
138.982,0.177288071,9.851566387,44.11529803,58.4
139.007,0.176003374,9.950436029,44.00910952,58.6
139.032,0.174718678,10.05052628,43.97340865,58.6
139.057,0.172577518,10.14939592,44.00910952,58.6
139.082,0.171292822,10.21652963,44.00910952,58.6
139.107,0.170008126,10.28244273,43.97340865,58.6
139.132,0.16872343,10.38253298,43.97340865,58.6
139.156,0.167438733,10.41548953,43.97340865,58.6
139.181,0.166154037,10.48140262,43.95579658,58.5
139.206,0.164869341,10.51435917,43.95579658,58.5
139.231,0.164441109,10.51435917,43.94960807,58.6
139.256,0.163584645,10.54731572,43.91390719,58.6
139.281,0.162728181,10.54731572,43.81390719,58.7
139.306,0.162299949,10.54731572,43.81390719,58.7
139.331,0.161443485,10.54731572,43.81390719,58.7
139.356,0.161015253,10.51435917,43.81390719,58.7
139.381,0.161015253,10.48140262,43.91390719,58.6
139.406,0.161015253,10.44844608,43.9200957,58.5
139.431,0.161015253,10.38253298,43.9200957,58.5
139.456,0.161015253,10.31539927,43.9200957,58.5
139.48,0.161015253,10.21652963,43.88439483,58.5
139.505,0.160158788,10.11643938,43.88439483,58.5
139.53,0.160158788,10.05052628,43.88439483,58.5
139.555,0.161015253,9.917479482,43.87820632,58.6
139.58,0.161015253,9.81860984,43.94250545,58.5
139.605,0.161015253,9.685563038,43.97820632,58.5
139.63,0.161015253,9.552516237,43.94250545,58.5
139.655,0.161015253,9.420690048,43.94250545,58.5
139.68,0.161015253,9.254686699,43.94250545,58.5
139.705,0.161015253,9.08868335,44.04250545,58.4
139.73,0.161443485,8.922680001,44.04869396,58.3
139.755,0.161443485,8.723720105,44.02489337,58.3
139.779,0.161443485,8.557716756,44.12489337,58.2
139.804,0.162299949,8.35875686,44.12489337,58.2
139.829,0.162299949,8.159796964,44.08300399,58.3
139.854,0.162728181,7.960837068,44.1891925,58.1
139.879,0.164441109,7.728920625,44.1891925,58.1
139.904,0.164441109,7.495783569,44.1891925,58.1
139.929,0.164869341,7.263867126,44.2891925,58
139.954,0.166154037,7.064907229,44.2891925,58
139.979,0.167438733,6.800034239,44.25349163,58
140.004,0.168295197,6.568117796,44.35349163,57.9
140.029,0.169579894,6.302024192,44.35349163,57.9
140.054,0.170008126,6.037151202,44.35349163,57.9
140.078,0.171292822,5.771057599,44.35349163,57.9
140.103,0.172149286,5.539141155,44.34730312,58
140.128,0.173433982,5.241311618,44.32350254,58
140.153,0.174718678,4.975218014,44.38780166,57.9
140.178,0.175575142,4.677388477,44.38780166,57.9
140.203,0.176859839,4.411294873,44.38780166,57.9
140.228,0.178144535,4.113465336,44.38780166,57.9
140.253,0.178572767,3.847371732,44.28780166,58
140.278,0.179429231,3.582498742,44.29399017,57.9
140.303,0.180713927,3.283448591,44.29399017,57.9
140.328,0.181142159,3.018575601,44.29399017,57.9
140.353,0.181142159,2.71952545,44.29399017,57.9
140.378,0.182426855,2.421695913,44.19399017,58
140.402,0.182426855,2.122645762,44.1582893,58
140.427,0.183283319,1.824816225,44.1582893,58
140.452,0.184139784,1.525766074,44.0582893,58.1
140.477,0.184568016,1.226715924,44.0582893,58.1
140.502,0.18542448,0.961842933,43.95210079,58.3
140.527,0.18542448,0.629836235,43.8582893,58.3
140.552,0.18542448,0.332006698,43.85210079,58.4
140.577,0.185852712,0.032956547,43.7582893,58.4
140.602,0.185852712,-0.26487299,43.6582893,58.5
140.627,0.185852712,-0.596879688,43.68780166,58.6
140.652,0.186709176,-0.928886386,43.58780166,58.7
140.677,0.187137408,-1.293849631,43.58780166,58.7
140.701,0.187993872,-1.658812876,43.52350254,58.8
140.726,0.188422104,-2.089689215,43.52350254,58.8
140.751,0.189278568,-2.520565554,43.42969104,58.8
140.776,0.190563264,-2.952662507,43.32969104,58.9
140.801,0.190991496,-3.383538846,43.32969104,58.9
140.826,0.192276193,-3.781458638,43.22969104,59
140.851,0.193989121,-4.212334977,43.22969104,59
140.876,0.195273817,-4.643211317,43.22969104,59
140.901,0.195702049,-5.042351722,43.12969104,59.1
140.926,0.196558513,-5.440271514,43.15349163,59.1
140.951,0.197843209,-5.805234759,43.15349163,59.1
140.976,0.197843209,-6.168977391,43.14730312,59.2
141,0.199127905,-6.500984088,43.14730312,59.2
141.025,0.199556137,-6.832990786,43.18300399,59.2
141.05,0.200412602,-7.132040937,43.21870487,59.2
141.075,0.201697298,-7.429870474,43.21870487,59.2
141.1,0.202981994,-7.728920625,43.24869396,59.1
141.125,0.203838458,-7.993793615,43.27820632,59.2
141.15,0.205123154,-8.258666606,43.21390719,59.3
141.175,0.205551386,-8.491803662,43.2200957,59.2
141.2,0.206836082,-8.723720105,43.25579658,59.2
141.225,0.208120779,-8.988593096,43.27340865,59.3
141.25,0.209405475,-9.221730152,43.27340865,59.3
141.275,0.210690171,-9.420690048,43.30910952,59.3
141.299,0.212403099,-9.619649944,43.3509989,59.2
141.324,0.213687795,-9.81860984,43.3509989,59.2
141.349,0.214972491,-10.01756974,43.38669978,59.2
141.374,0.216257188,-10.18357308,43.41050036,59.2
141.399,0.217970116,-10.34835582,43.41050036,59.2
141.424,0.220111276,-10.51435917,43.44620123,59.2
141.449,0.221395972,-10.61444942,43.44620123,59.2
141.474,0.222252436,-10.74749623,43.44620123,59.2
141.499,0.223537133,-10.87932241,43.4757136,59.3
141.524,0.225250061,-11.01236922,43.4757136,59.3
141.549,0.226534757,-11.07828231,43.4757136,59.3
141.574,0.228675917,-11.17837257,43.49951418,59.3
141.599,0.229104149,-11.24428566,43.49951418,59.3
141.623,0.230388845,-11.31019875,43.50570269,59.2
141.648,0.232101774,-11.37733246,43.54140356,59.2
141.673,0.232530006,-11.44324556,43.54140356,59.2
141.698,0.233814702,-11.4762021,43.50570269,59.2
141.723,0.235099398,-11.51037926,43.54140356,59.2
141.748,0.235955862,-11.54333581,43.50570269,59.2
141.773,0.236384094,-11.54333581,43.54140356,59.2
141.798,0.237240558,-11.51037926,43.54140356,59.2
141.823,0.23766879,-11.54333581,43.49951418,59.3
141.848,0.238525254,-11.51037926,43.40570269,59.3
141.873,0.238953487,-11.4762021,43.40570269,59.3
141.898,0.239809951,-11.44324556,43.40570269,59.3
141.922,0.239809951,-11.37733246,43.40570269,59.3
141.947,0.239809951,-11.31019875,43.40570269,59.3
141.972,0.239809951,-11.21132911,43.40570269,59.3
141.997,0.239809951,-11.11123886,43.39951418,59.4
142.022,0.239809951,-11.01236922,43.39951418,59.4
142.047,0.239809951,-10.87932241,43.4757136,59.3
142.072,0.239809951,-10.78045277,43.4757136,59.3
142.097,0.240238183,-10.61444942,43.4757136,59.3
142.122,0.239809951,-10.48140262,43.4757136,59.3
142.147,0.239809951,-10.31539927,43.44001273,59.3
142.172,0.239809951,-10.14939592,43.44620123,59.2
142.197,0.239809951,-9.984613189,43.44620123,59.2
142.221,0.239809951,-9.78443268,43.41050036,59.2
142.246,0.239809951,-9.652606491,43.38669978,59.2
142.271,0.239809951,-9.486603142,43.3509989,59.2
142.296,0.239809951,-9.287643246,43.3509989,59.2
142.321,0.238953487,-9.08868335,43.3509989,59.2
142.346,0.238953487,-8.889723454,43.30910952,59.3
142.371,0.239809951,-8.657807011,43.27340865,59.3
142.396,0.238953487,-8.424669955,43.24960807,59.3
142.421,0.238953487,-8.192753511,43.21390719,59.3
142.446,0.238953487,-7.960837068,43.21390719,59.3
142.471,0.238953487,-7.694743465,43.17820632,59.3
142.496,0.238525254,-7.462827022,43.14869396,59.2
142.521,0.238525254,-7.197954031,43.0891925,59.2
142.545,0.238525254,-6.931860428,43.08300399,59.3
142.57,0.238525254,-6.63403089,43.04730312,59.3
142.595,0.23766879,-6.367937287,43.02350254,59.3
142.62,0.238525254,-6.070107749,42.92350254,59.4
142.645,0.23766879,-5.805234759,42.88780166,59.4
142.67,0.23766879,-5.506184608,42.85210079,59.4
142.695,0.23766879,-5.17417791,42.8582893,59.3
142.72,0.23766879,-4.842171213,42.7582893,59.4
142.745,0.23766879,-4.544341675,42.7582893,59.4
142.77,0.23766879,-4.212334977,42.7582893,59.4
142.795,0.23766879,-3.91450544,42.6582893,59.5
142.82,0.23766879,-3.582498742,42.6582893,59.5
142.844,0.23766879,-3.250492044,42.6582893,59.5
142.869,0.23766879,-2.952662507,42.55210079,59.7
142.894,0.23766879,-2.620655809,42.58780166,59.7
142.919,0.23766879,-2.321605658,42.48780166,59.8
142.944,0.23766879,-1.989598961,42.48780166,59.8
142.969,0.237240558,-1.658812876,42.48780166,59.8
142.994,0.237240558,-1.326806178,42.38780166,59.9
143.019,0.236384094,-0.99479948,42.39399017,59.8
143.044,0.235955862,-0.662792783,42.39399017,59.8
143.069,0.235099398,-0.332006698,42.42969104,59.8
143.094,0.233814702,-0.032956547,42.32969104,59.9
143.119,0.233814702,0.299050151,42.32969104,59.9
143.143,0.232530006,0.629836235,42.32969104,59.9
143.168,0.232101774,0.99479948,42.22969104,60
143.193,0.230388845,1.359762725,42.22969104,60
143.218,0.229104149,1.72472597,42.25349163,60
143.243,0.228675917,2.089689215,42.15349163,60.1
143.268,0.227391221,2.487609007,42.15349163,60.1
143.293,0.226106525,2.885528799,42.04730312,60.3
143.318,0.224821829,3.283448591,42.0891925,60.2
143.343,0.223537133,3.681368384,42.12489337,60.2
143.368,0.222252436,4.079288176,42.02489337,60.3
143.393,0.220111276,4.511385128,42.02489337,60.3
143.418,0.21882658,4.90930492,42.01870487,60.4
143.443,0.21668542,5.274268165,41.91870487,60.5
143.467,0.215400723,5.63923141,41.94250545,60.5
143.492,0.213687795,6.004194655,41.94250545,60.5
143.517,0.212403099,6.33498074,41.84250545,60.6
143.542,0.210261939,6.666987437,41.84250545,60.6
143.567,0.208120779,6.998994135,41.74250545,60.7
143.592,0.20640785,7.331000833,41.74869396,60.6
143.617,0.205123154,7.62883037,41.64869396,60.7
143.642,0.202553762,7.927880521,41.64869396,60.7
143.667,0.200412602,8.192753511,41.58439483,60.8
143.692,0.197843209,8.491803662,41.54869396,60.8
143.717,0.195273817,8.723720105,41.44869396,60.9
143.742,0.192276193,8.988593096,41.47820632,61
143.766,0.189278568,9.221730152,41.34250545,61.1
143.791,0.187137408,9.420690048,41.34250545,61.1
143.816,0.184139784,9.619649944,41.24250545,61.2
143.841,0.181142159,9.81860984,41.24250545,61.2
143.866,0.178572767,10.01756974,41.14250545,61.3
143.891,0.176003374,10.18357308,41.14869396,61.2
143.916,0.172577518,10.34835582,41.12489337,61.2
143.941,0.170008126,10.51435917,41.12489337,61.2
143.966,0.167438733,10.64740597,41.11870487,61.3
143.991,0.164869341,10.78045277,41.01870487,61.4
144.016,0.162299949,10.87932241,41.02489337,61.3
144.041,0.160158788,10.97941267,41.02489337,61.3
144.065,0.157589396,11.07828231,40.9891925,61.3
144.09,0.155876468,11.14541602,40.9891925,61.3
144.115,0.152878844,11.24428566,40.8891925,61.4
144.14,0.151165915,11.27724221,40.8891925,61.4
144.165,0.149881219,11.34437591,40.8891925,61.4
144.19,0.147740059,11.41028901,40.8891925,61.4
144.215,0.146455363,11.44324556,40.8891925,61.4
144.24,0.144742434,11.44324556,40.8891925,61.4
144.265,0.14388597,11.4762021,40.8891925,61.4
144.29,0.142601274,11.4762021,40.78300399,61.6
144.315,0.14174481,11.44324556,40.78300399,61.6
144.34,0.14174481,11.41028901,40.78300399,61.6
144.365,0.140460114,11.37733246,40.88300399,61.5
144.389,0.140460114,11.34437591,40.88300399,61.5
144.414,0.140031882,11.27724221,40.8891925,61.4
144.439,0.140460114,11.21132911,40.8891925,61.4
144.464,0.140031882,11.17837257,40.8891925,61.4
144.489,0.140031882,11.07828231,40.8891925,61.4
144.514,0.140031882,10.97941267,40.8891925,61.4
144.539,0.140031882,10.84636587,40.85349163,61.4
144.564,0.140031882,10.71331907,40.95349163,61.3
144.589,0.140031882,10.61444942,40.95349163,61.3
144.614,0.140031882,10.48140262,40.9891925,61.3
144.639,0.140460114,10.31539927,40.9891925,61.3
144.664,0.140460114,10.14939592,41.05349163,61.2
144.688,0.140460114,9.950436029,41.05349163,61.2
144.713,0.140460114,9.78443268,41.05349163,61.2
144.738,0.140460114,9.585472784,41.15349163,61.1
144.763,0.14174481,9.386512888,41.15349163,61.1
144.788,0.14174481,9.187552992,41.1891925,61.1
144.813,0.142601274,8.988593096,41.25349163,61
144.838,0.14388597,8.756676652,41.25349163,61
144.863,0.144742434,8.524760209,41.24730312,61.1
144.888,0.145170667,8.292843766,41.34730312,61
144.913,0.146027131,8.05970671,41.34730312,61
144.938,0.147311827,7.794833719,41.35349163,60.9
144.963,0.147740059,7.529960729,41.45349163,60.8
144.987,0.149881219,7.263867126,41.45349163,60.8
145.012,0.150309451,6.998994135,41.45349163,60.8
145.037,0.151594147,6.732900532,41.55349163,60.7
145.062,0.153735308,6.435070994,41.55349163,60.7
145.087,0.155020004,6.136020844,41.55349163,60.7
145.112,0.1563047,5.838191306,41.52969104,60.7
145.137,0.157589396,5.539141155,41.52969104,60.7
145.162,0.158874092,5.241311618,41.52969104,60.7
145.187,0.160158788,4.942261467,41.52969104,60.7
145.212,0.161443485,4.643211317,41.52969104,60.7
145.237,0.162728181,4.345381779,41.52969104,60.7
145.262,0.164441109,4.013375081,41.49399017,60.7
145.286,0.165725805,3.715545544,41.39399017,60.8
145.311,0.167010501,3.383538846,41.39399017,60.8
145.336,0.167438733,3.051532148,41.39399017,60.8
145.361,0.16872343,2.752481998,41.29399017,60.9
145.386,0.170008126,2.421695913,41.28780166,61
145.411,0.17086459,2.089689215,41.18780166,61.1
145.436,0.171292822,1.790639065,41.08780166,61.2
145.461,0.172149286,1.45985298,41.0582893,61.1
145.486,0.172577518,1.127846282,40.9582893,61.2
145.511,0.173433982,0.828796131,40.8582893,61.3
145.536,0.174718678,0.530966594,40.7582893,61.4
145.561,0.174718678,0.198959896,40.6582893,61.5
145.586,0.175575142,-0.133046802,40.5582893,61.6
145.61,0.176003374,-0.463832887,40.49399017,61.7
145.635,0.177288071,-0.762883037,40.39399017,61.8
145.66,0.177288071,-1.160802829,40.32969104,61.9
145.685,0.178144535,-1.558722621,40.18780166,62.1
145.71,0.179857463,-1.989598961,40.12350254,62.2
145.735,0.181142159,-2.421695913,40.08780166,62.2
145.76,0.182426855,-2.852572252,40.02350254,62.3
145.785,0.184139784,-3.283448591,39.92969104,62.3
145.81,0.185852712,-3.748502091,39.89399017,62.3
145.835,0.187993872,-4.212334977,39.79399017,62.4
145.86,0.1897068,-4.677388477,39.79399017,62.4
145.885,0.190991496,-5.108264816,39.72969104,62.5
145.909,0.192276193,-5.506184608,39.72969104,62.5
145.934,0.194417353,-5.9041044,39.72969104,62.5
145.959,0.196558513,-6.302024192,39.75349163,62.5
145.984,0.197843209,-6.666987437,39.65349163,62.6
146.009,0.199556137,-7.031950682,39.6891925,62.6
146.034,0.200840834,-7.36395738,39.72489337,62.6
146.059,0.202981994,-7.694743465,39.74869396,62.6
146.084,0.205123154,-7.993793615,39.78439483,62.6
146.109,0.206836082,-8.292843766,39.78439483,62.6
146.134,0.208977243,-8.590673304,39.8200957,62.6
146.159,0.210690171,-8.889723454,39.85579658,62.6
146.184,0.213687795,-9.121639897,39.87959716,62.6
146.208,0.215400723,-9.386512888,39.87340865,62.7
146.233,0.217970116,-9.652606491,39.90910952,62.7
146.258,0.220111276,-9.884522934,39.9448104,62.7
146.283,0.222680668,-10.11643938,39.98051127,62.7
146.308,0.225250061,-10.31539927,39.98051127,62.7
146.333,0.227819453,-10.51435917,40.00431185,62.7
146.358,0.230388845,-10.71331907,40.04620123,62.6
146.383,0.233814702,-10.91227896,40.04620123,62.6
146.408,0.235955862,-11.07828231,40.08190211,62.6
146.433,0.238953487,-11.24428566,40.08190211,62.6
146.458,0.241951111,-11.37733246,40.10570269,62.6
146.483,0.244520503,-11.54333581,40.10570269,62.6
146.508,0.247089896,-11.64220545,40.14140356,62.6
146.532,0.249659288,-11.77525225,40.13521505,62.7
146.557,0.25222868,-11.87412189,40.13521505,62.7
146.582,0.254798073,-11.9412556,40.13521505,62.7
146.607,0.256939233,-12.04012524,40.17091593,62.7
146.632,0.258652161,-12.10725895,40.17710444,62.6
146.657,0.261649785,-12.17317205,40.17710444,62.6
146.682,0.263362714,-12.20612859,40.21280531,62.6
146.707,0.26464741,-12.2732623,40.17710444,62.6
146.732,0.26678857,-12.2732623,40.17710444,62.6
146.757,0.268073266,-12.30621885,40.17091593,62.7
146.782,0.269357962,-12.30621885,40.2066168,62.7
146.807,0.270214426,-12.30621885,40.2066168,62.7
146.831,0.271499123,-12.30621885,40.2066168,62.7
146.856,0.272783819,-12.2732623,40.2066168,62.7
146.881,0.273212051,-12.20612859,40.2066168,62.7
146.906,0.274068515,-12.17317205,40.17710444,62.6
146.931,0.274068515,-12.10725895,40.17710444,62.6
146.956,0.274496747,-12.04012524,40.17710444,62.6
146.981,0.274496747,-11.9412556,40.17710444,62.6
147.006,0.275353211,-11.84116535,40.14140356,62.6
147.031,0.275353211,-11.74229571,40.14140356,62.6
147.056,0.275353211,-11.6092489,40.14140356,62.6
147.081,0.275353211,-11.4762021,40.10570269,62.6
147.106,0.275353211,-11.31019875,40.19951418,62.6
147.13,0.275353211,-11.14541602,40.19951418,62.6
147.155,0.275353211,-10.97941267,40.1757136,62.6
147.18,0.275353211,-10.78045277,40.1757136,62.6
147.205,0.274496747,-10.58149288,40.14620123,62.5
147.23,0.274496747,-10.41548953,40.14620123,62.5
147.255,0.274496747,-10.21652963,40.11050036,62.5
147.28,0.274496747,-10.01756974,40.08669978,62.5
147.305,0.274496747,-9.81860984,40.08669978,62.5
147.33,0.274496747,-9.585472784,40.0509989,62.5
147.355,0.274068515,-9.353556341,40.01529803,62.5
147.38,0.274068515,-9.121639897,39.97959716,62.5
147.405,0.274068515,-8.889723454,39.9200957,62.5
147.43,0.274068515,-8.623629851,39.88439483,62.5
147.454,0.273212051,-8.35875686,39.88439483,62.5
147.479,0.273212051,-8.05970671,39.74869396,62.6
147.504,0.273212051,-7.794833719,39.6891925,62.6
147.529,0.272783819,-7.495783569,39.65349163,62.6
147.554,0.272783819,-7.197954031,39.62969104,62.6
147.579,0.271927355,-6.898903881,39.59399017,62.6
147.604,0.271927355,-6.601074343,39.59399017,62.6
147.629,0.271927355,-6.269067645,39.4582893,62.7
147.654,0.271927355,-5.937060947,39.45210079,62.8
147.679,0.271499123,-5.63923141,39.45210079,62.8
147.704,0.271499123,-5.274268165,39.35210079,62.9
147.729,0.270642659,-4.942261467,39.35210079,62.9
147.753,0.270642659,-4.610254769,39.2582893,62.9
147.778,0.270642659,-4.279468685,39.2582893,62.9
147.803,0.270642659,-3.947461987,39.1582893,63
147.828,0.270214426,-3.615455289,39.0582893,63.1
147.853,0.269357962,-3.250492044,39.0582893,63.1
147.878,0.269357962,-2.918485347,38.9582893,63.2
147.903,0.269357962,-2.553522102,38.9582893,63.2
147.928,0.269357962,-2.222736017,38.8582893,63.3
147.953,0.268501498,-1.890729319,38.8582893,63.3
147.978,0.268501498,-1.525766074,38.7582893,63.4
148.003,0.267216802,-1.160802829,38.7582893,63.4
148.028,0.267216802,-0.828796131,38.6582893,63.5
148.052,0.265932106,-0.463832887,38.68780166,63.6
148.077,0.265503874,-0.100090254,38.59399017,63.6
148.102,0.264219178,0.299050151,38.59399017,63.6
148.127,0.262934482,0.662792783,38.48780166,63.8
148.152,0.261649785,1.027756028,38.48780166,63.8
148.177,0.259508625,1.426896432,38.38780166,63.9
148.202,0.258223929,1.824816225,38.32350254,64
148.227,0.256082769,2.222736017,38.22350254,64.1
148.252,0.25436984,2.653612356,38.12969104,64.1
148.277,0.251800448,3.084488695,38.15349163,64.1
148.302,0.249659288,3.515365035,38.05349163,64.2
148.327,0.247089896,3.947461987,38.12489337,64.2
148.352,0.244520503,4.378338326,38.04869396,64.3
148.376,0.241951111,4.809214666,38.08439483,64.3
148.401,0.238525254,5.241311618,37.98439483,64.4
148.426,0.235099398,5.63923141,37.88439483,64.5
148.451,0.232530006,6.070107749,37.74869396,64.6
148.476,0.229104149,6.468027541,37.71870487,64.7
148.501,0.226106525,6.865947333,37.58300399,64.8
148.526,0.221395972,7.263867126,37.48300399,64.9
148.551,0.217970116,7.62883037,37.38300399,65
148.576,0.212831331,7.993793615,37.38300399,65
148.601,0.208977243,8.325800313,37.2891925,65
148.626,0.203838458,8.657807011,37.1891925,65.1
148.651,0.199127905,8.988593096,37.1891925,65.1
148.675,0.194417353,9.287643246,37.0891925,65.2
148.7,0.188422104,9.585472784,37.0891925,65.2
148.725,0.183283319,9.851566387,36.9891925,65.3
148.75,0.178144535,10.11643938,36.98300399,65.4
148.775,0.172149286,10.34835582,36.8891925,65.4
148.8,0.167010501,10.58149288,36.8891925,65.4
148.825,0.161443485,10.81340932,36.8891925,65.4
148.85,0.155876468,11.01236922,36.75349163,65.5
148.875,0.150309451,11.21132911,36.75349163,65.5
148.9,0.145170667,11.41028901,36.75349163,65.5
148.925,0.139175418,11.6092489,36.65349163,65.6
148.95,0.134036633,11.74229571,36.65349163,65.6
148.974,0.128041384,11.90829906,36.5891925,65.7
148.999,0.1229026,12.04012524,36.54730312,65.8
149.024,0.117763815,12.17317205,36.54730312,65.8
149.049,0.113053262,12.2732623,36.44730312,65.9
149.074,0.10834271,12.37213194,36.44730312,65.9
149.099,0.103632157,12.4722222,36.4891925,65.8
149.124,0.099349837,12.57109184,36.4891925,65.8
149.149,0.095067516,12.67118209,36.3891925,65.9
149.174,0.091213428,12.70413864,36.3891925,65.9
149.199,0.088215803,12.77005173,36.3891925,65.9
149.224,0.086074643,12.80300828,36.3891925,65.9
149.249,0.082648787,12.83718544,36.3891925,65.9
149.273,0.080935858,12.83718544,36.3891925,65.9
149.298,0.079651162,12.83718544,36.3891925,65.9
149.323,0.077510002,12.83718544,36.3891925,65.9
149.348,0.076225306,12.80300828,36.3891925,65.9
149.373,0.075368842,12.73709519,36.3891925,65.9
149.398,0.07494061,12.70413864,36.3891925,65.9
149.423,0.074084145,12.63700493,36.3891925,65.9
149.448,0.073655913,12.57109184,36.3891925,65.9
149.473,0.073655913,12.4722222,36.4891925,65.8
149.498,0.073655913,12.37213194,36.4891925,65.8
149.523,0.073655913,12.23908514,36.44730312,65.9
149.548,0.073655913,12.10725895,36.44730312,65.9
149.573,0.073655913,11.97421215,36.44730312,65.9
149.597,0.073655913,11.84116535,36.54730312,65.8
149.622,0.073655913,11.675162,36.58300399,65.8
149.647,0.074084145,11.4762021,36.54730312,65.8
149.672,0.074084145,11.27724221,36.65349163,65.6
149.697,0.07494061,11.07828231,36.6891925,65.6
149.722,0.075368842,10.84636587,36.7891925,65.5
149.747,0.076225306,10.61444942,36.7891925,65.5
149.772,0.076653538,10.41548953,36.75349163,65.5
149.797,0.077510002,10.18357308,36.85349163,65.4
149.822,0.078366466,9.917479482,36.85349163,65.4
149.847,0.079651162,9.685563038,36.95349163,65.3
149.872,0.080935858,9.420690048,36.94730312,65.4
149.896,0.082220554,9.154596445,36.94730312,65.4
149.921,0.083505251,8.856766907,37.04730312,65.3
149.946,0.085218179,8.590673304,37.04730312,65.3
149.971,0.086931107,8.292843766,37.14730312,65.2
149.996,0.088215803,7.993793615,37.15349163,65.1
150.021,0.089928731,7.661786918,37.15349163,65.1
150.046,0.091213428,7.36395738,37.25349163,65
150.071,0.09378282,7.031950682,37.25349163,65
150.096,0.095067516,6.699943985,37.25349163,65
150.121,0.097208676,6.367937287,37.25349163,65
150.146,0.099349837,6.037151202,37.25349163,65
150.171,0.101062765,5.705144504,37.22969104,65
150.195,0.103203925,5.373137807,37.22969104,65
150.22,0.105773318,5.008174562,37.09399017,65.1
150.245,0.107914478,4.643211317,37.09399017,65.1
150.27,0.109627406,4.312425232,37.09399017,65.1
150.295,0.111768566,3.947461987,36.99399017,65.2
150.32,0.113053262,3.582498742,36.89399017,65.3
150.345,0.114766191,3.217535497,36.89399017,65.3
150.37,0.116907351,2.852572252,36.79399017,65.4
150.395,0.119048511,2.487609007,36.69399017,65.5
150.42,0.120761439,2.122645762,36.58780166,65.7
150.445,0.1229026,1.757682517,36.45210079,65.8
150.47,0.124615528,1.392719272,36.25210079,66
150.495,0.126328456,1.027756028,36.15210079,66.1
150.519,0.128041384,0.696969943,35.9582893,66.2
150.544,0.129326081,0.332006698,35.7582893,66.4
150.569,0.130610777,-0.032956547,35.5582893,66.6
150.594,0.132751937,-0.397919792,35.4582893,66.7
150.619,0.134036633,-0.762883037,35.39399017,66.8
150.644,0.136177793,-1.160802829,35.19399017,67
150.669,0.138747186,-1.558722621,35.09399017,67.1
150.694,0.141316578,-2.023776121,34.99399017,67.2
150.719,0.144742434,-2.45465246,34.89399017,67.3
150.744,0.147740059,-2.918485347,34.78780166,67.5
150.769,0.151594147,-3.416495393,34.58780166,67.7
150.794,0.1563047,-3.88032828,34.49399017,67.7
150.818,0.160158788,-4.312425232,34.39399017,67.8
150.843,0.164441109,-4.743301571,34.29399017,67.9
150.868,0.167438733,-5.17417791,34.29399017,67.9
150.893,0.171292822,-5.60505425,34.22969104,68
150.918,0.175575142,-6.070107749,34.18780166,68.1
150.943,0.179857463,-6.468027541,34.12350254,68.2
150.968,0.184568016,-6.865947333,34.14730312,68.2
150.993,0.189278568,-7.263867126,34.14730312,68.2
151.018,0.193989121,-7.661786918,34.18300399,68.2
151.043,0.199127905,-8.05970671,34.18300399,68.2
151.068,0.20426669,-8.424669955,34.22489337,68.1
151.093,0.209405475,-8.7896332,34.22489337,68.1
151.117,0.215400723,-9.121639897,34.24869396,68.1
151.142,0.221395972,-9.453646595,34.28439483,68.1
151.167,0.227819453,-9.751476133,34.3200957,68.1
151.192,0.233814702,-10.05052628,34.45579658,68
151.217,0.240238183,-10.34835582,34.45579658,68
151.242,0.246233431,-10.61444942,34.47959716,68
151.267,0.253513376,-10.87932241,34.50910952,68.1
151.292,0.260793321,-11.14541602,34.6448104,68
151.317,0.268073266,-11.37733246,34.68051127,68
151.342,0.275353211,-11.6092489,34.78051127,67.9
151.367,0.282633156,-11.8082088,34.80431185,67.9
151.392,0.289913101,-12.0071687,34.84001273,67.9
151.417,0.297621278,-12.17317205,34.94620123,67.7
151.441,0.305329455,-12.33917539,34.94620123,67.7
151.466,0.3126094,-12.50517874,34.98190211,67.7
151.491,0.320745809,-12.63700493,35.10570269,67.6
151.516,0.328453986,-12.77005173,35.14140356,67.6
151.541,0.335733931,-12.87014199,35.17710444,67.6
151.566,0.343013876,-12.96901163,35.27710444,67.5
151.591,0.350293821,-13.10205843,35.31280531,67.5
151.616,0.356717302,-13.20092807,35.31280531,67.5
151.641,0.363140782,-13.26806178,35.31280531,67.5
151.666,0.369136031,-13.36693142,35.43660589,67.4
151.691,0.37513128,-13.43406513,35.43660589,67.4
151.716,0.380270065,-13.46702168,35.47230676,67.4
151.74,0.385837081,-13.53293477,35.47230676,67.4
151.765,0.390119402,-13.56589132,35.47230676,67.4
151.79,0.39397349,-13.56589132,35.47230676,67.4
151.815,0.397399347,-13.60006848,35.50181913,67.5
151.84,0.399968739,-13.56589132,35.56611826,67.4
151.865,0.402538131,-13.56589132,35.60181913,67.4
151.89,0.405535756,-13.53293477,35.56611826,67.4
151.915,0.406820452,-13.46702168,35.57230676,67.3
151.94,0.408105148,-13.39988797,35.57230676,67.3
151.965,0.409389844,-13.33397487,35.53660589,67.3
151.99,0.409818076,-13.23510523,35.53660589,67.3
152.015,0.41067454,-13.10205843,35.53660589,67.3
152.039,0.411102772,-12.96901163,35.61280531,67.2
152.064,0.41067454,-12.83718544,35.61280531,67.2
152.089,0.411102772,-12.67118209,35.57710444,67.2
152.114,0.411102772,-12.50517874,35.54140356,67.2
152.139,0.411102772,-12.33917539,35.54140356,67.2
152.164,0.41067454,-12.10725895,35.50570269,67.2
152.189,0.41067454,-11.90829906,35.50570269,67.2
152.214,0.409818076,-11.70933916,35.48190211,67.2
152.239,0.409818076,-11.51037926,35.58190211,67.1
152.264,0.409818076,-11.27724221,35.51050036,67.1
152.289,0.409818076,-11.04532576,35.48669978,67.1
152.314,0.409389844,-10.81340932,35.4509989,67.1
152.339,0.40853338,-10.54731572,35.40910952,67.2
152.363,0.40853338,-10.28244273,35.34960807,67.2
152.388,0.40853338,-9.984613189,35.31390719,67.2
152.413,0.408105148,-9.718519585,35.18439483,67.2
152.438,0.408105148,-9.453646595,35.14869396,67.2
152.463,0.407248684,-9.154596445,35.0891925,67.2
152.488,0.406820452,-8.856766907,35.05349163,67.2
152.513,0.405963988,-8.524760209,35.02969104,67.2
152.538,0.405963988,-8.225710059,34.99399017,67.2
152.563,0.405535756,-7.860746814,34.8582893,67.3
152.588,0.404679292,-7.529960729,34.8582893,67.3
152.613,0.403822828,-7.197954031,34.7582893,67.4
152.638,0.403394595,-6.832990786,34.75210079,67.5
152.662,0.402538131,-6.500984088,34.6582893,67.5
152.687,0.402109899,-6.103064296,34.55210079,67.7
152.712,0.400825203,-5.738101051,34.4582893,67.7
152.737,0.399968739,-5.373137807,34.35210079,67.9
152.762,0.399540507,-4.975218014,34.25210079,68
152.787,0.398684043,-4.610254769,34.1582893,68
152.812,0.397399347,-4.212334977,34.0582893,68.1
152.837,0.396114651,-3.847371732,33.8582893,68.3
152.862,0.395686419,-3.482408487,33.7582893,68.4
152.887,0.39397349,-3.084488695,33.65210079,68.6
152.912,0.392688794,-2.752481998,33.51639992,68.7
152.937,0.391404098,-2.388739366,33.35210079,68.9
152.961,0.390119402,-1.989598961,33.2582893,68.9
152.986,0.388406474,-1.591679168,33.0582893,69.1
153.011,0.387121777,-1.193759376,32.9582893,69.2
153.036,0.384980617,-0.795839584,32.8582893,69.3
153.061,0.382839457,-0.430876339,32.6582893,69.5
153.086,0.381126529,-0.032956547,32.5582893,69.6
153.111,0.378557136,0.332006698,32.3582893,69.8
153.136,0.375987744,0.696969943,32.29399017,69.9
153.161,0.37299012,1.094889735,32.0582893,70.1
153.186,0.369992495,1.525766074,31.99399017,70.2
153.211,0.365281943,1.989598961,31.78780166,70.5
153.236,0.360143158,2.487609007,31.58780166,70.7
153.26,0.354147909,2.952662507,31.38780166,70.9
153.285,0.347724428,3.383538846,31.28780166,71
153.31,0.340872716,3.781458638,31.22969104,71
153.335,0.334449235,4.146421883,31.12969104,71.1
153.36,0.328025754,4.544341675,31.05349163,71.2
153.385,0.321174041,4.942261467,30.95349163,71.3
153.41,0.31475056,5.307224712,30.95349163,71.3
153.435,0.307470615,5.672187957,30.82969104,71.4
153.46,0.298905974,6.103064296,30.72969104,71.5
153.485,0.289056637,6.500984088,30.52969104,71.7
153.51,0.277922603,6.966037588,30.42350254,71.9
153.535,0.265932106,7.396913927,30.32969104,71.9
153.56,0.253513376,7.794833719,30.22969104,72
153.584,0.241094647,8.225710059,30.12969104,72.1
153.609,0.228675917,8.590673304,30.02969104,72.2
153.634,0.215400723,8.988593096,30.05349163,72.2
153.659,0.202553762,9.320599793,29.95349163,72.3
153.684,0.1897068,9.685563038,29.95349163,72.3
153.709,0.176003374,10.01756974,29.85349163,72.4
153.734,0.162728181,10.31539927,29.84730312,72.5
153.759,0.149881219,10.61444942,29.84730312,72.5
153.784,0.136606025,10.91227896,29.84730312,72.5
153.809,0.1229026,11.17837257,29.74730312,72.6
153.834,0.109627406,11.44324556,29.74730312,72.6
153.859,0.096780444,11.70933916,29.7891925,72.5
153.883,0.083505251,11.9412556,29.7891925,72.5
153.908,0.071086521,12.17317205,29.7891925,72.5
153.933,0.057811327,12.37213194,29.7891925,72.5
153.958,0.04582083,12.53813529,29.7891925,72.5
153.983,0.034686796,12.73709519,29.7891925,72.5
154.008,0.023124531,12.90309854,29.7891925,72.5
154.033,0.01241873,13.06910188,29.82489337,72.5
154.058,0.00214116,13.20092807,29.81870487,72.6
154.083,-0.007279945,13.30101833,29.81870487,72.6
154.108,-0.017129282,13.43406513,29.91870487,72.5
154.133,-0.025693923,13.49997822,29.8891925,72.4
154.158,-0.0334021,13.60006848,29.92489337,72.4
154.182,-0.041538509,13.66598157,29.92489337,72.4
154.207,-0.04796199,13.73189467,29.92489337,72.4
154.232,-0.053957239,13.79902837,30.02489337,72.3
154.257,-0.059096024,13.83198492,30.02489337,72.3
154.282,-0.062950112,13.83198492,30.02489337,72.3
154.307,-0.067660665,13.83198492,30.02489337,72.3
154.332,-0.071086521,13.83198492,30.11870487,72.3
154.357,-0.073655913,13.79902837,30.12489337,72.2
154.382,-0.075368842,13.76485121,30.12489337,72.2
154.407,-0.076653538,13.69893812,30.1891925,72.1
154.432,-0.077510002,13.63302503,30.22489337,72.1
154.457,-0.078366466,13.56589132,30.22489337,72.1
154.482,-0.078794698,13.46702168,30.32489337,72
154.506,-0.079651162,13.33397487,30.2891925,72
154.531,-0.079651162,13.16797153,30.2891925,72
154.556,-0.079651162,13.00196818,30.3891925,71.9
154.581,-0.079651162,12.87014199,30.3891925,71.9
154.606,-0.078794698,12.70413864,30.48300399,71.9
154.631,-0.078794698,12.50517874,30.48300399,71.9
154.656,-0.078794698,12.30621885,30.58300399,71.8
154.681,-0.078366466,12.0743024,30.58300399,71.8
154.706,-0.077510002,11.84116535,30.6891925,71.6
154.731,-0.077510002,11.6092489,30.6891925,71.6
154.756,-0.076225306,11.37733246,30.6891925,71.6
154.781,-0.07494061,11.11123886,30.7891925,71.5
154.805,-0.074084145,10.84636587,30.7891925,71.5
154.83,-0.072371217,10.61444942,30.8891925,71.4
154.855,-0.071086521,10.31539927,30.8891925,71.4
154.88,-0.068945361,10.05052628,30.9891925,71.3
154.905,-0.067660665,9.718519585,30.9891925,71.3
154.93,-0.065519504,9.420690048,31.0891925,71.2
154.955,-0.063806576,9.08868335,31.0891925,71.2
154.98,-0.061665416,8.7896332,31.0891925,71.2
155.005,-0.059952488,8.457626502,31.1891925,71.1
155.03,-0.056954863,8.09388387,31.1891925,71.1
155.055,-0.055241935,7.761877172,31.1891925,71.1
155.08,-0.051816079,7.429870474,31.1891925,71.1
155.104,-0.049246686,7.064907229,31.1891925,71.1
155.129,-0.046677294,6.699943985,31.1891925,71.1
155.154,-0.044107902,6.33498074,31.15349163,71.1
155.179,-0.040682045,5.970017495,31.05349163,71.2
155.204,-0.038112653,5.63923141,31.02350254,71.3
155.229,-0.034686796,5.274268165,30.92350254,71.4
155.254,-0.031689172,4.876348373,30.79399017,71.4
155.279,-0.028263316,4.478428581,30.69399017,71.5
155.304,-0.024837459,4.113465336,30.59399017,71.6
155.329,-0.020983371,3.715545544,30.39399017,71.8
155.354,-0.017129282,3.350582299,30.29399017,71.9
155.379,-0.013275194,2.952662507,30.09399017,72.1
155.404,-0.008564641,2.553522102,29.8582893,72.3
155.428,-0.003854088,2.122645762,29.5582893,72.6
155.453,0,1.72472597,29.3582893,72.8
155.478,0.005138785,1.326806178,29.0582893,73.1
155.503,0.009849337,0.928886386,28.75210079,73.5
155.528,0.01455989,0.563923141,28.45210079,73.8
155.553,0.01884221,0.166003349,28.1582893,74
155.578,0.023552763,-0.198959896,27.89399017,74.3
155.603,0.02911978,-0.596879688,27.59399017,74.6
155.628,0.034686796,-1.027756028,27.2582893,74.9
155.653,0.041966741,-1.45985298,26.9582893,75.2
155.678,0.05010315,-1.923685866,26.6582893,75.5
155.703,0.058667791,-2.388739366,26.3582893,75.8
155.727,0.068517129,-2.852572252,26.0582893,76.1
155.752,0.078794698,-3.283448591,25.7582893,76.4
155.777,0.088644035,-3.681368384,25.59399017,76.6
155.802,0.099349837,-4.079288176,25.39399017,76.8
155.827,0.109627406,-4.444251421,25.19399017,77
155.852,0.121617904,-4.842171213,25.09399017,77.1
155.877,0.134036633,-5.207134458,24.99399017,77.2
155.902,0.146455363,-5.60505425,24.92969104,77.3
155.927,0.161015253,-6.004194655,24.79399017,77.4
155.952,0.175575142,-6.435070994,24.82969104,77.4
155.977,0.190991496,-6.865947333,24.82969104,77.4
156.002,0.206836082,-7.296823673,24.85349163,77.4
156.026,0.224821829,-7.728920625,24.9891925,77.3
156.051,0.242379343,-8.159796964,24.98300399,77.4
156.076,0.260793321,-8.590673304,25.11870487,77.3
156.101,0.280491996,-8.988593096,25.24869396,77.1
156.126,0.301047134,-9.386512888,25.38439483,77
156.151,0.321174041,-9.78443268,25.5200957,76.9
156.176,0.34172918,-10.11643938,25.67959716,76.8
156.201,0.363140782,-10.48140262,25.81529803,76.7
156.226,0.384980617,-10.78045277,26.08669978,76.5
156.251,0.405963988,-11.11123886,26.24620123,76.4
156.276,0.428232055,-11.41028901,26.38190211,76.3
156.301,0.450500122,-11.70933916,26.54140356,76.2
156.326,0.474481117,-11.97421215,26.77710444,76
156.35,0.496749183,-12.23908514,26.93660589,75.9
156.375,0.519445482,-12.4722222,27.10800764,75.8
156.4,0.542141781,-12.70413864,27.23180822,75.7
156.425,0.564409848,-12.90309854,27.50320997,75.5
156.45,0.586677915,-13.10205843,27.66271142,75.4
156.475,0.60851775,-13.30101833,27.7984123,75.3
156.5,0.62950112,-13.46702168,27.95172524,75.3
156.525,0.649199795,-13.63302503,28.08742612,75.2
156.55,0.668898469,-13.76485121,28.25882786,75.1
156.575,0.68774068,-13.93085456,28.38262845,75
156.6,0.706154658,-14.06390136,28.5602187,74.8
156.625,0.724140404,-14.19694817,28.68401928,74.7
156.649,0.740841455,-14.32877435,28.85542103,74.6
156.674,0.756686041,-14.42886461,28.9911219,74.5
156.699,0.772102395,-14.52773425,29.01492248,74.5
156.724,0.78580582,-14.59486796,29.15062336,74.4
156.749,0.797368086,-14.62782451,29.21012481,74.4
156.774,0.810215047,-14.66078105,29.31012481,74.3
156.799,0.820492617,-14.6937376,29.34582569,74.3
156.824,0.829913722,-14.72669415,29.48152656,74.2
156.849,0.838050131,-14.72669415,29.51722743,74.2
156.874,0.845330076,-14.76087131,29.51722743,74.2
156.899,0.852181789,-14.76087131,29.61722743,74.1
156.924,0.857320573,-14.6937376,29.61103893,74.2
156.948,0.861174662,-14.62782451,29.61722743,74.1
156.973,0.863744054,-14.52773425,29.61722743,74.1
156.998,0.86502875,-14.42886461,29.58152656,74.1
157.023,0.867169911,-14.29581781,29.58152656,74.1
157.048,0.868026375,-14.12981446,29.53963718,74.2
157.073,0.868454607,-13.96381111,29.53963718,74.2
157.098,0.869311071,-13.79902837,29.50393631,74.2
157.123,0.869311071,-13.60006848,29.50393631,74.2
157.148,0.869311071,-13.39988797,29.45062336,74.1
157.173,0.868454607,-13.16797153,29.45062336,74.1
157.198,0.868454607,-12.93605508,29.41492248,74.1
157.223,0.868454607,-12.70413864,29.3911219,74.1
157.247,0.867169911,-12.4722222,29.35542103,74.1
157.272,0.867169911,-12.23908514,29.32590866,74
157.297,0.866313447,-11.97421215,29.26640721,74
157.322,0.865885215,-11.70933916,29.22451783,74.1
157.347,0.86502875,-11.41028901,29.16501637,74.1
157.372,0.864600518,-11.11123886,29.12312699,74.2
157.397,0.863744054,-10.78045277,28.95172524,74.3
157.422,0.863315822,-10.44844608,28.92792466,74.3
157.447,0.862459358,-10.11643938,28.85652291,74.3
157.472,0.862031126,-9.78443268,28.69702146,74.4
157.497,0.86074643,-9.453646595,28.63180822,74.3
157.522,0.859889966,-9.08868335,28.47230676,74.4
157.547,0.85860527,-8.756676652,28.41280531,74.4
157.571,0.858177038,-8.35875686,28.24140356,74.5
157.596,0.856464109,-7.993793615,28.08190211,74.6
157.621,0.855179413,-7.62883037,27.88669978,74.7
157.646,0.853894717,-7.230910578,27.81529803,74.7
157.671,0.852181789,-6.832990786,27.64960807,74.9
157.696,0.850040629,-6.435070994,27.34869396,75
157.721,0.848755932,-6.070107749,27.1891925,75.1
157.746,0.846614772,-5.63923141,27.02969104,75.2
157.771,0.844901844,-5.241311618,26.7582893,75.4
157.796,0.842332452,-4.842171213,26.5582893,75.6
157.821,0.839763059,-4.444251421,26.32258842,75.8
157.846,0.836765435,-4.046331628,26.1582893,76
157.87,0.83376781,-3.615455289,25.8582893,76.3
157.895,0.829913722,-3.217535497,25.5582893,76.6
157.92,0.825631401,-2.819615705,25.21639992,77
157.945,0.821349081,-2.388739366,24.91639992,77.3
157.97,0.815353832,-1.989598961,24.51639992,77.7
157.995,0.810215047,-1.558722621,24.21639992,78
158.02,0.803363335,-1.160802829,23.81639992,78.4
158.045,0.795655158,-0.72992649,23.32258842,78.8
158.07,0.787090516,-0.332006698,22.92258842,79.2
158.095,0.777669411,0.065913094,22.42258842,79.7
158.12,0.766535378,0.463832887,22.0582893,80.1
158.145,0.754973112,0.862973292,21.52258842,80.6
158.169,0.741697919,1.260893084,21.0582893,81.1
158.194,0.727138029,1.658812876,20.6582893,81.5
158.219,0.710008747,2.089689215,20.15210079,82.1
158.244,0.68988184,2.520565554,19.75210079,82.5
158.269,0.665472613,2.952662507,19.35210079,82.9
158.294,0.639350458,3.350582299,19.08780166,83.2
158.319,0.611515374,3.748502091,18.78780166,83.5
158.344,0.582823826,4.146421883,18.58780166,83.7
158.369,0.551991118,4.478428581,18.38780166,83.9
158.394,0.519445482,4.809214666,18.29399017,83.9
158.419,0.484758686,5.141221363,18.19399017,84
158.444,0.447930729,5.506184608,18.02969104,84.2
158.469,0.408105148,5.871147853,18.02969104,84.2
158.493,0.366566639,6.269067645,18.04730312,84.3
158.518,0.323315201,6.699943985,18.14730312,84.2
158.543,0.277922603,7.164997484,18.28300399,84.1
158.568,0.232101774,7.62883037,18.41870487,84
158.593,0.186709176,8.09388387,18.54869396,83.8
158.618,0.141316578,8.524760209,18.78439483,83.6
158.643,0.09592398,8.988593096,19.05579658,83.4
158.668,0.051387847,9.420690048,19.21529803,83.3
158.693,0.007708177,9.884522934,19.48669978,83.1
158.718,-0.034258564,10.34835582,19.78190211,82.9
158.743,-0.07494061,10.78045277,20.07710444,82.7
158.768,-0.117763815,11.21132911,20.27230676,82.6
158.792,-0.160158788,11.57629236,20.42561971,82.6
158.817,-0.20212553,11.9412556,20.66132059,82.4
158.842,-0.243664039,12.30621885,20.83272233,82.3
158.867,-0.283061388,12.63700493,20.99222379,82.2
158.892,-0.321174041,12.93605508,21.15172524,82.1
158.917,-0.357573766,13.20092807,21.39361462,81.8
158.942,-0.392260562,13.46702168,21.5293155,81.7
158.967,-0.42523443,13.69893812,21.68881695,81.6
158.992,-0.45649537,13.93085456,21.82451783,81.5
159.017,-0.486043382,14.16277101,21.9602187,81.4
159.042,-0.514306698,14.36295152,22.08401928,81.3
159.067,-0.540000621,14.52773425,22.21972016,81.2
159.091,-0.564409848,14.6937376,22.25542103,81.2
159.116,-0.587106147,14.85974095,22.3911219,81.1
159.141,-0.607661286,14.99278775,22.4911219,81
159.166,-0.626931728,15.12583455,22.61492248,80.9
159.191,-0.644489242,15.22470419,22.65062336,80.9
159.216,-0.659477364,15.29061729,22.78632423,80.8
159.241,-0.67318079,15.32479445,22.88632423,80.7
159.266,-0.685171287,15.39070754,22.88632423,80.7
159.291,-0.695877089,15.42366409,23.01012481,80.6
159.316,-0.70444173,15.45662064,23.01012481,80.6
159.341,-0.711293443,15.42366409,23.11012481,80.5
159.366,-0.717288692,15.39070754,23.10393631,80.6
159.39,-0.72114278,15.32479445,23.10393631,80.6
159.415,-0.724568636,15.22470419,23.21012481,80.4
159.44,-0.727138029,15.12583455,23.18632423,80.4
159.465,-0.728422725,15.0257443,23.18632423,80.4
159.49,-0.729707421,14.8926975,23.25062336,80.3
159.515,-0.730563885,14.72669415,23.25062336,80.3
159.54,-0.730992117,14.56191141,23.31492248,80.2
159.565,-0.730992117,14.39590806,23.31492248,80.2
159.59,-0.730992117,14.19694817,23.2911219,80.2
159.615,-0.730563885,13.99798827,23.3911219,80.1
159.64,-0.729707421,13.76485121,23.35542103,80.1
159.665,-0.729707421,13.49997822,23.45542103,80
159.69,-0.729279189,13.26806178,23.41972016,80
159.714,-0.728422725,13.00196818,23.51972016,79.9
159.739,-0.727994493,12.70413864,23.48401928,79.9
159.764,-0.726709797,12.43804504,23.5602187,79.8
159.789,-0.724568636,12.1402155,23.5602187,79.8
159.814,-0.72328394,11.8082088,23.62451783,79.7
159.839,-0.72114278,11.51037926,23.58881695,79.7
159.864,-0.719429852,11.17837257,23.66501637,79.6
159.889,-0.71686046,10.84636587,23.6293155,79.6
159.914,-0.714291067,10.48140262,23.6293155,79.6
159.939,-0.712149907,10.11643938,23.69361462,79.5
159.964,-0.70872405,9.751476133,23.65791375,79.5
159.989,-0.705726426,9.386512888,23.63411317,79.5
160.013,-0.70230057,8.988593096,23.6046008,79.4
160.038,-0.698874713,8.590673304,23.56271142,79.5
160.063,-0.695877089,8.192753511,23.53891084,79.5
160.088,-0.691594768,7.794833719,23.50320997,79.5
160.113,-0.68774068,7.396913927,23.33180822,79.6
160.138,-0.683886591,6.998994135,23.30800764,79.6
160.163,-0.680032503,6.568117796,23.13660589,79.7
160.188,-0.674465486,6.168977391,22.94140356,79.8
160.213,-0.669326701,5.738101051,22.64620123,80
160.238,-0.664187917,5.307224712,22.4448104,80.2
160.263,-0.658192668,4.876348373,22.1200957,80.3
160.288,-0.651769187,4.444251421,21.82489337,80.5
160.312,-0.643632778,4.013375081,21.52969104,80.7
160.337,-0.635924601,3.582498742,21.1582893,81
160.362,-0.626931728,3.18457895,20.89399017,81.3
160.387,-0.616225927,2.71952545,20.49399017,81.7
160.412,-0.605091893,2.321605658,19.9582893,82.2
160.437,-0.592673164,1.890729319,19.5582893,82.6
160.462,-0.57939797,1.492809527,19.0582893,83.1
160.487,-0.564409848,1.061933188,18.3582893,83.8
160.512,-0.54599587,0.629836235,17.62258842,84.5
160.537,-0.526297195,0.198959896,16.82258842,85.3
160.562,-0.50445736,-0.166003349,16.02877693,86
160.587,-0.482189294,-0.530966594,15.22877693,86.8
160.612,-0.458636531,-0.828796131,14.5644778,87.5
160.636,-0.432086143,-1.127846282,13.8582893,88.3
160.661,-0.403822828,-1.426896432,13.12258842,89
160.686,-0.371705423,-1.691769423,12.52258842,89.6
160.711,-0.336162163,-1.956642413,12.01639992,90.2
160.736,-0.29804951,-2.222736017,11.41639992,90.8
160.761,-0.256082769,-2.487609007,11.01639992,91.2
160.786,-0.208977243,-2.786659158,10.61639992,91.6
160.811,-0.157161164,-3.084488695,10.3582893,91.8
160.836,-0.101062765,-3.416495393,10.1582893,92
160.861,-0.040253813,-3.715545544,10.0582893,92.1
160.886,0.026978619,-4.046331628,9.958289297,92.2
160.911,0.097208676,-4.378338326,10.09399017,92.1
160.935,0.172149286,-4.743301571,10.19399017,92
160.96,0.250943984,-5.141221363,10.42969104,91.8
160.985,0.333164539,-5.63923141,10.75349163,91.5
161.01,0.417098021,-6.168977391,11.0891925,91.2
161.035,0.501459736,-6.732900532,11.52489337,90.8
161.06,0.585821451,-7.230910578,11.98439483,90.4
161.085,0.668898469,-7.761877172,12.51529803,90
161.11,0.751547256,-8.292843766,13.04620123,89.6
161.135,0.834196042,-8.822589747,13.61280531,89.2
161.16,0.915131901,-9.353556341,14.30320997,88.7
161.185,0.994783063,-9.917479482,14.89361462,88.3
161.21,1.072293065,-10.41548953,15.58401928,87.8
161.234,1.148946603,-10.94645612,16.21012481,87.4
161.259,1.223887212,-11.4762021,16.90624125,87
161.284,1.297971358,-11.9412556,17.53234679,86.6
161.309,1.369914343,-12.40508849,18.22275144,86.1
161.334,1.439287936,-12.83718544,18.85504548,85.6
161.359,1.506520368,-13.26806178,19.42164956,85.2
161.384,1.569898712,-13.66598157,19.97635334,84.8
161.409,1.6298512,-14.06390136,20.44775509,84.4
161.434,1.687234295,-14.42886461,20.91344505,83.9
161.459,1.74033507,-14.76087131,21.24914592,83.6
161.484,1.790866453,-15.05870084,21.6848468,83.2
161.509,1.837971979,-15.32479445,21.97865829,83
161.534,1.881651648,-15.58966744,22.27865829,82.7
161.558,1.921477229,-15.78862733,22.50245887,82.5
161.583,1.958305186,-15.98758723,22.79627037,82.3
161.608,1.991279054,-16.15359058,22.99627037,82.1
161.633,2.022111762,-16.28663738,23.17246978,81.9
161.658,2.050375078,-16.41846357,23.37246978,81.7
161.683,2.075212537,-16.51855382,23.57865829,81.4
161.708,2.097480604,-16.58446692,23.77865829,81.2
161.733,2.117179278,-16.65160063,23.87865829,81.1
161.758,2.135165025,-16.68455717,23.97865829,81
161.783,2.150153146,-16.71751372,24.07865829,80.9
161.808,2.16342834,-16.75047027,24.04295742,80.9
161.833,2.174562374,-16.75047027,24.14295742,80.8
161.857,2.184411711,-16.71751372,24.24295742,80.7
161.882,2.191691656,-16.68455717,24.20725654,80.7
161.907,2.19683044,-16.61742347,24.17155567,80.7
161.932,2.200684529,-16.48559728,24.17155567,80.7
161.957,2.204110385,-16.38550702,24.14775509,80.7
161.982,2.205823314,-16.25246022,24.11824272,80.6
162.007,2.207536242,-16.08767749,24.08254185,80.6
162.032,2.207964474,-15.92167414,24.08254185,80.6
162.057,2.20924917,-15.75567079,24.05874127,80.6
162.082,2.20924917,-15.55671089,24.01685189,80.7
162.107,2.20924917,-15.32479445,23.98115101,80.7
162.132,2.208820938,-15.09165739,23.94545014,80.7
162.156,2.208820938,-14.8267844,23.92164956,80.7
162.181,2.207964474,-14.56191141,23.88594868,80.7
162.206,2.207536242,-14.29581781,23.82644723,80.7
162.231,2.207536242,-14.03094482,23.79074636,80.7
162.256,2.205823314,-13.76485121,23.71934461,80.7
162.281,2.205395082,-13.49997822,23.70173253,80.6
162.306,2.204538617,-13.20092807,23.63033079,80.6
162.331,2.204110385,-12.87014199,23.47082933,80.7
162.356,2.202825689,-12.53813529,23.39942758,80.7
162.381,2.201540993,-12.17317205,23.33373762,80.8
162.406,2.200256297,-11.8082088,23.23853529,80.8
162.431,2.198115137,-11.37733246,23.06713355,80.9
162.455,2.19683044,-10.97941267,22.87193122,81
162.48,2.19468928,-10.54731572,22.81242976,81
162.505,2.192976352,-10.14939592,22.61722743,81.1
162.53,2.190835192,-9.751476133,22.41012481,81.2
162.555,2.189122263,-9.320599793,22.25062336,81.3
162.58,2.186981103,-8.922680001,22.01972016,81.4
162.605,2.184839943,-8.491803662,21.8602187,81.5
162.63,2.182270551,-8.05970671,21.66501637,81.6
162.655,2.179272926,-7.595873823,21.43411317,81.7
162.68,2.17584707,-7.164997484,21.10320997,81.9
162.705,2.171992981,-6.699943985,20.80800764,82.1
162.73,2.167710661,-6.236111098,20.47710444,82.3
162.755,2.163856572,-5.771057599,20.14620123,82.5
162.779,2.158717788,-5.307224712,19.67959716,82.8
162.804,2.154007235,-4.842171213,19.24869396,83.1
162.829,2.147583754,-4.378338326,18.85968013,83.3
162.854,2.141160273,-3.88032828,18.33587955,83.8
162.879,2.133023864,-3.383538846,17.80017868,84.3
162.904,2.124030991,-2.952662507,17.30017868,84.8
162.929,2.114181654,-2.520565554,16.6644778,85.4
162.954,2.102191156,-2.056732668,16.0582893,86.1
162.979,2.087203034,-1.591679168,15.32258842,86.8
163.004,2.070073752,-1.160802829,14.52258842,87.6
163.029,2.050375078,-0.762883037,13.79878784,88.3
163.054,2.028107011,-0.364963245,12.96308697,89.1
163.078,2.002413088,-0.032956547,12.26308697,89.8
163.103,1.973293308,0.26487299,11.56308697,90.5
163.128,1.939462976,0.563923141,10.79878784,91.3
163.153,1.89663977,0.862973292,10.09878784,92
163.178,1.846108388,1.160802829,9.263086969,92.8
163.203,1.7861559,1.392719272,8.698787842,93.4
163.228,1.715069379,1.591679168,8.098787842,94
163.253,1.633277057,1.757682517,7.498787842,94.6
163.278,1.536496612,1.923685866,7.022588424,95.1
163.303,1.426440974,2.089689215,6.622588424,95.5
163.328,1.302253678,2.222736017,6.328776931,95.7
163.353,1.166075885,2.354562206,6.222588424,95.9
163.377,1.019620522,2.520565554,6.258289297,95.9
163.402,0.863744054,2.71952545,6.358289297,95.8
163.427,0.701444106,3.051532148,6.658289297,95.5
163.452,0.538715925,3.482408487,7.058289297,95.1
163.477,0.37299012,3.947461987,7.458289297,94.7
163.502,0.208977243,4.411294873,7.993990171,94.2
163.527,0.04796199,4.975218014,8.629691044,93.6
163.552,-0.105773318,5.60505425,9.229691044,93
163.577,-0.254798073,6.269067645,9.8891925,92.4
163.602,-0.397399347,6.931860428,10.44869396,91.9
163.627,-0.534861836,7.595873823,11.07959716,91.4
163.652,-0.666329077,8.292843766,11.58190211,91.1
163.677,-0.788803445,9.021549643,12.17230676,90.7
163.701,-0.903141403,9.751476133,12.83411317,90.3
163.726,-1.008914721,10.44844608,13.38401928,90
163.751,-1.104838701,11.07828231,13.94582569,89.7
163.776,-1.19219804,11.6092489,14.34333296,89.6
163.801,-1.271849202,12.04012524,14.92893995,89.3
163.826,-1.343363955,12.4722222,15.49074636,89
163.851,-1.409739924,12.87014199,16.01685189,88.7
163.876,-1.470120644,13.26806178,16.44775509,88.4
163.901,-1.526219043,13.63302503,16.90725654,88
163.926,-1.577178657,13.96381111,17.27865829,87.7
163.951,-1.623855951,14.26286126,17.67865829,87.3
163.976,-1.667963853,14.52773425,18.00245887,87
164,-1.708645898,14.76087131,18.30245887,86.7
164.025,-1.745473855,14.99278775,18.63815975,86.4
164.05,-1.780160651,15.19174765,18.93197124,86.2
164.075,-1.812706287,15.39070754,19.13197124,86
164.1,-1.842682531,15.55671089,19.43815975,85.6
164.125,-1.868376455,15.72271424,19.63815975,85.4
164.15,-1.89449861,15.85454043,19.83815975,85.2
164.175,-1.915481981,15.95463068,20.00245887,85
164.2,-1.935180655,16.05350033,20.20245887,84.8
164.225,-1.952309937,16.12063403,20.30245887,84.7
164.25,-1.968154523,16.15359058,20.50245887,84.5
164.275,-1.981429717,16.18654713,20.60245887,84.4
164.299,-1.99256375,16.21950367,20.80245887,84.2
164.324,-2.001556624,16.18654713,20.87865829,84.1
164.349,-2.008836568,16.18654713,20.84295742,84.1
164.374,-2.015688281,16.15359058,20.93676891,84.1
164.399,-2.020827066,16.08767749,21.03676891,84
164.424,-2.024681154,15.98758723,21.10106804,83.9
164.449,-2.028107011,15.85454043,21.06536716,83.9
164.474,-2.029819939,15.75567079,21.17155567,83.7
164.499,-2.031961099,15.62262399,21.24775509,83.6
164.524,-2.032389331,15.42366409,21.21205422,83.6
164.549,-2.033245796,15.22470419,21.27635334,83.5
164.574,-2.033245796,15.0257443,21.35255276,83.4
164.599,-2.03410226,14.8267844,21.45255276,83.3
164.623,-2.03410226,14.59486796,21.41685189,83.3
164.648,-2.033245796,14.36295152,21.48115101,83.2
164.673,-2.033245796,14.06390136,21.54545014,83.1
164.698,-2.033245796,13.79902837,21.62164956,83
164.723,-2.032389331,13.49997822,21.55024781,83
164.748,-2.031961099,13.20092807,21.62644723,82.9
164.773,-2.031104635,12.90309854,21.73263574,82.7
164.798,-2.030676403,12.57109184,21.76123399,82.6
164.823,-2.029819939,12.23908514,21.71934461,82.7
164.848,-2.028107011,11.84116535,21.75984315,82.6
164.873,-2.025965851,11.51037926,21.82414228,82.5
164.898,-2.02382469,11.14541602,21.8003417,82.5
164.922,-2.021255298,10.74749623,21.86464082,82.4
164.947,-2.018685906,10.38253298,21.78705057,82.5
164.972,-2.016116513,10.01756974,21.72754911,82.5
164.997,-2.013547121,9.585472784,21.73234679,82.4
165.022,-2.009693033,9.154596445,21.64333296,82.3
165.047,-2.005838944,8.723720105,21.54813064,82.3
165.072,-2.001556624,8.258666606,21.44102802,82.3
165.097,-1.996417839,7.827790266,21.24582569,82.4
165.122,-1.991279054,7.36395738,21.11492248,82.4
165.147,-1.985283805,6.898903881,20.8602187,82.5
165.172,-1.978860325,6.468027541,20.55791375,82.6
165.197,-1.970723916,6.004194655,20.13180822,82.8
165.221,-1.961731042,5.539141155,19.68190211,83
165.246,-1.951881705,5.042351722,19.18439483,83.2
165.271,-1.939891208,4.544341675,18.72969104,83.5
165.296,-1.926187782,4.079288176,18.2582893,83.9
165.321,-1.910343196,3.582498742,17.8582893,84.3
165.346,-1.893213914,3.117445243,17.3582893,84.8
165.371,-1.873515239,2.686568903,16.92258842,85.2
165.396,-1.851247172,2.255692564,16.29878784,85.8
165.421,-1.825553249,1.857772772,15.69878784,86.4
165.446,-1.79857463,1.45985298,14.95689846,87.2
165.471,-1.769026618,1.061933188,14.25689846,87.9
165.496,-1.735624518,0.72992649,13.45689846,88.7
165.52,-1.698368329,0.397919792,12.85689846,89.3
165.545,-1.655545123,0.065913094,12.35689846,89.8
165.57,-1.608867829,-0.231916443,11.96308697,90.1
165.595,-1.557051751,-0.498010047,11.56308697,90.5
165.62,-1.50052512,-0.72992649,11.16308697,90.9
165.645,-1.43800324,-0.99479948,10.66308697,91.4
165.67,-1.369914343,-1.193759376,10.16308697,91.9
165.695,-1.294117269,-1.426896432,9.763086969,92.3
165.72,-1.210612019,-1.658812876,9.363086969,92.7
165.745,-1.120255055,-1.857772772,9.063086969,93
165.77,-1.020048754,-2.089689215,8.856898461,93.3
165.795,-0.912562508,-2.288649111,8.792599335,93.4
165.82,-0.794798693,-2.45465246,8.692599335,93.5
165.844,-0.670183166,-2.653612356,8.592599335,93.6
165.869,-0.535290068,-2.852572252,8.692599335,93.5
165.894,-0.392260562,-3.084488695,8.722588424,93.4
165.919,-0.240238183,-3.316405139,8.922588424,93.2
165.944,-0.080079394,-3.615455289,9.058289297,93.1
165.969,0.087359339,-3.947461987,9.393990171,92.8
165.994,0.259508625,-4.312425232,9.593990171,92.6
166.019,0.435083768,-4.710345024,9.829691044,92.4
166.044,0.60851775,-5.207134458,10.14730312,92.2
166.069,0.778525875,-5.738101051,10.42489337,91.9
166.094,0.943823448,-6.269067645,10.78439483,91.6
166.119,1.104410469,-6.865947333,11.21529803,91.3
166.143,1.258145777,-7.462827022,11.70570269,91
166.168,1.405029371,-8.05970671,12.13180822,90.8
166.193,1.543776557,-8.690763558,12.7293155,90.5
166.218,1.675243798,-9.353556341,13.38632423,90.2
166.243,1.801144022,-9.984613189,14.06713355,89.9
166.268,1.921477229,-10.61444942,14.79554403,89.6
166.293,2.037099884,-11.27724221,15.45255276,89.3
166.318,2.14886845,-11.90829906,16.03676891,89
166.343,2.255498232,-12.50517874,16.43197124,88.7
166.368,2.357845693,-13.03614534,16.76767211,88.4
166.393,2.455054369,-13.56589132,17.10337299,88.1
166.418,2.546267797,-13.99798827,17.42717357,87.8
166.442,2.63020128,-14.39590806,17.73336208,87.4
166.467,2.708567746,-14.76087131,17.93336208,87.2
166.492,2.782223659,-15.05870084,18.13336208,87
166.517,2.849884324,-15.29061729,18.33336208,86.8
166.542,2.912406204,-15.55671089,18.53336208,86.6
166.567,2.971502227,-15.75567079,18.63336208,86.5
166.592,3.027172394,-15.92167414,18.83336208,86.3
166.617,3.078560241,-16.08767749,18.93336208,86.2
166.642,3.125665767,-16.21950367,19.03336208,86.1
166.667,3.170201901,-16.35255048,19.13336208,86
166.692,3.211312178,-16.45264073,19.23336208,85.9
166.717,3.247283671,-16.55151037,19.30956149,85.8
166.742,3.279401075,-16.61742347,19.30956149,85.8
166.766,3.30766439,-16.65160063,19.40956149,85.7
166.791,3.332073617,-16.68455717,19.40956149,85.7
166.816,3.352200524,-16.71751372,19.37386062,85.7
166.841,3.369329806,-16.68455717,19.33815975,85.7
166.866,3.383461464,-16.65160063,19.33815975,85.7
166.891,3.394595497,-16.61742347,19.33815975,85.7
166.916,3.403160138,-16.51855382,19.30245887,85.7
166.941,3.408727155,-16.41846357,19.27865829,85.7
166.966,3.414294172,-16.28663738,19.24295742,85.7
166.991,3.417291796,-16.15359058,19.20725654,85.7
167.016,3.419432957,-15.95463068,19.10725654,85.8
167.041,3.420717653,-15.78862733,19.07774418,85.7
167.065,3.422858813,-15.58966744,19.0539436,85.7
167.09,3.423287045,-15.39070754,19.01824272,85.7
167.115,3.422858813,-15.1587911,18.97635334,85.8
167.14,3.422858813,-14.92687466,18.97635334,85.8
167.165,3.422858813,-14.66078105,18.91685189,85.8
167.19,3.422858813,-14.42886461,18.88115101,85.8
167.215,3.422002349,-14.12981446,18.82164956,85.8
167.24,3.422858813,-13.83198492,18.75024781,85.8
167.265,3.421574117,-13.53293477,18.72644723,85.8
167.29,3.421574117,-13.23510523,18.65504548,85.8
167.315,3.419861189,-12.90309854,18.55984315,85.8
167.34,3.418576492,-12.57109184,18.5003417,85.8
167.364,3.416863564,-12.20612859,18.42893995,85.8
167.389,3.414722404,-11.8082088,18.3694385,85.8
167.414,3.413009476,-11.41028901,18.27423617,85.8
167.439,3.410868315,-10.97941267,18.16713355,85.8
167.464,3.408298923,-10.58149288,17.97193122,85.9
167.489,3.405729531,-10.14939592,17.8829174,85.8
167.514,3.403160138,-9.751476133,17.78771507,85.8
167.539,3.399734282,-9.320599793,17.69251274,85.8
167.564,3.396308426,-8.889723454,17.46160954,85.9
167.589,3.393739033,-8.457626502,17.36640721,85.9
167.614,3.390313177,-7.993793615,17.135504,86
167.639,3.386459088,-7.529960729,16.96889993,86
167.663,3.381320304,-7.031950682,16.71419614,86.1
167.688,3.376181519,-6.533940636,16.40570269,86.3
167.713,3.369329806,-6.037151202,16.07959716,86.4
167.738,3.362049861,-5.506184608,15.82489337,86.5
167.763,3.354341684,-5.008174562,15.49399017,86.7
167.788,3.345777043,-4.544341675,15.2582893,86.9
167.813,3.335927706,-4.146421883,15.02258842,87.1
167.838,3.324793672,-3.715545544,14.82877693,87.2
167.863,3.311518479,-3.283448591,14.62877693,87.4
167.888,3.297386821,-2.885528799,14.32877693,87.7
167.913,3.279401075,-2.45465246,13.92877693,88.1
167.938,3.259274168,-2.023776121,13.62877693,88.4
167.963,3.232723781,-1.591679168,13.10497635,88.9
167.987,3.201891073,-1.193759376,12.70497635,89.3
168.012,3.164634884,-0.795839584,12.19878784,89.9
168.037,3.120526982,-0.430876339,11.66927548,90.3
168.062,3.070423832,-0.100090254,11.1335746,90.8
168.087,3.012612505,0.231916443,10.5335746,91.4
168.112,2.944523608,0.530966594,9.933574602,92
168.137,2.860161893,0.828796131,9.333574602,92.6
168.162,2.763809681,1.061933188,8.833574602,93.1
168.187,2.651612883,1.293849631,8.233574602,93.7
168.212,2.524427962,1.45985298,7.827386095,94.2
168.237,2.383539616,1.625856329,7.527386095,94.5
168.262,2.228947845,1.757682517,7.263086969,94.8
168.286,2.060652647,1.923685866,7.163086969,94.9
168.311,1.880795184,2.089689215,7.098787842,95
168.336,1.69237308,2.255692564,7.098787842,95
168.361,1.495386335,2.421695913,7.098787842,95
168.386,1.290691413,2.620655809,7.328776931,94.7
168.411,1.07957301,2.819615705,7.464477805,94.6
168.436,0.863315822,3.117445243,7.700178678,94.4
168.461,0.64191985,3.549542195,8.035879551,94.1
168.486,0.415813325,3.980418534,8.359680134,93.8
168.511,0.188422104,4.411294873,8.73108188,93.5
168.536,-0.037256189,4.975218014,9.084394829,93.3
168.561,-0.258652161,5.572097703,9.415298031,93.1
168.585,-0.475765813,6.269067645,9.905702689,92.8
168.61,-0.683886591,6.966037588,10.33180822,92.6
168.635,-0.882158033,7.694743465,10.9293155,92.3
168.66,-1.069295441,8.524760209,11.45062336,92.1
168.685,-1.242301191,9.320599793,12.04333296,91.9
168.71,-1.399890587,10.08348283,12.62414228,91.7
168.735,-1.543776557,10.74749623,13.31685189,91.4
168.76,-1.673959102,11.41028901,13.70725654,91.2
168.785,-1.792579381,12.0743024,14.10245887,90.9
168.81,-1.900065627,12.67118209,14.43815975,90.6
168.835,-1.996417839,13.20092807,14.77386062,90.3
168.86,-2.083777178,13.66598157,15.10956149,90
168.885,-2.163856572,14.09685791,15.43336208,89.7
168.909,-2.239653646,14.46182116,15.83336208,89.3
168.934,-2.308599007,14.8267844,16.03336208,89.1
168.959,-2.375403207,15.12583455,16.13955058,88.9
168.984,-2.437925087,15.42366409,16.47525146,88.6
169.009,-2.495736415,15.65558053,16.67525146,88.4
169.034,-2.549693653,15.85454043,16.86906295,88.3
169.059,-2.601937964,16.05350033,17.06906295,88.1
169.084,-2.650756418,16.21950367,17.26906295,87.9
169.109,-2.697433712,16.38550702,17.36906295,87.8
169.134,-2.74068515,16.55151037,17.59857531,87.7
169.159,-2.781367195,16.68455717,17.66287444,87.6
169.184,-2.819479848,16.78342681,17.86287444,87.4
169.208,-2.85331018,16.88351707,17.96906295,87.2
169.233,-2.884142888,16.94943016,18.03336208,87.1
169.258,-2.912406204,17.01534326,18.16906295,87
169.283,-2.937243663,17.04952042,18.16906295,87
169.308,-2.958655266,17.04952042,18.23336208,86.9
169.333,-2.977069244,17.08247697,18.20956149,86.9
169.358,-2.99291383,17.08247697,18.30956149,86.8
169.383,-3.006617256,17.01534326,18.30956149,86.8
169.408,-3.016466593,16.94943016,18.27386062,86.8
169.433,-3.024603002,16.85056052,18.23815975,86.8
169.458,-3.030598251,16.71751372,18.23815975,86.8
169.483,-3.034452339,16.58446692,18.20245887,86.8
169.507,-3.037021732,16.41846357,18.17865829,86.8
169.532,-3.039591124,16.25246022,18.14295742,86.8
169.557,-3.041732284,16.05350033,18.14295742,86.8
169.582,-3.04301698,15.82158388,18.10725654,86.8
169.607,-3.04301698,15.58966744,18.07155567,86.8
169.632,-3.04301698,15.32479445,18.04775509,86.8
169.657,-3.042160516,15.0257443,18.01205422,86.8
169.682,-3.042160516,14.72669415,17.97016483,86.9
169.707,-3.041732284,14.42886461,17.94636425,86.9
169.732,-3.041732284,14.12981446,17.91066338,86.9
169.757,-3.041732284,13.79902837,17.91066338,86.9
169.782,-3.040447588,13.43406513,17.88115101,86.8
169.807,-3.039591124,13.06910188,17.82164956,86.8
169.831,-3.038306428,12.70413864,17.79213719,86.7
169.856,-3.037021732,12.30621885,17.75024781,86.8
169.881,-3.034880571,11.9412556,17.72644723,86.8
169.906,-3.032311179,11.51037926,17.69074636,86.8
169.931,-3.029741787,11.11123886,17.61934461,86.8
169.956,-3.025887698,10.68036252,17.59554403,86.8
169.981,-3.022461842,10.21652963,17.52414228,86.8
170.006,-3.019464217,9.751476133,17.46464082,86.8
170.031,-3.015181897,9.254686699,17.38705057,86.9
170.056,-3.011327808,8.7896332,17.19803675,86.9
170.081,-3.006617256,8.325800313,17.10283442,86.9
170.106,-3.001478471,7.827790266,17.00763209,86.9
170.13,-2.995483222,7.331000833,16.77672889,87
170.155,-2.98863151,6.767077692,16.54582569,87.1
170.18,-2.9804951,6.236111098,16.3911219,87.1
170.205,-2.971930459,5.738101051,16.08881695,87.2
170.23,-2.962937586,5.207134458,15.7984123,87.3
170.255,-2.950947089,4.710345024,15.33660589,87.5
170.28,-2.938956591,4.245291525,14.91529803,87.6
170.305,-2.925253165,3.781458638,14.45349163,87.8
170.33,-2.908980347,3.283448591,14.0582893,88.1
170.355,-2.887140513,2.786659158,13.72258842,88.4
170.38,-2.861446589,2.321605658,13.32258842,88.8
170.405,-2.833183274,1.857772772,12.72258842,89.4
170.429,-2.799352941,1.492809527,12.09878784,90
170.454,-2.761668521,1.094889735,11.39878784,90.7
170.479,-2.718417083,0.72992649,10.79878784,91.3
170.504,-2.668313933,0.397919792,10.09878784,92
170.529,-2.610074373,0.100090254,9.256898461,92.9
170.554,-2.543698405,-0.166003349,8.656898461,93.5
170.579,-2.468757795,-0.430876339,7.956898461,94.2
170.604,-2.383967848,-0.629836235,7.421197588,94.7
170.629,-2.288900332,-0.828796131,6.927386095,95.1
170.654,-2.181842319,-0.99479948,6.527386095,95.5
170.679,-2.061937343,-1.160802829,6.163086969,95.9
170.704,-1.927472478,-1.293849631,5.863086969,96.2
170.728,-1.778447723,-1.392719272,5.563086969,96.5
170.753,-1.617860703,-1.492809527,5.398787842,96.7
170.778,-1.443998488,-1.591679168,5.298787842,96.8
170.803,-1.25686108,-1.691769423,5.322588424,96.8
170.828,-1.057733175,-1.824816225,5.322588424,96.8
170.853,-0.849612396,-1.989598961,5.358289297,96.8
170.878,-0.633783441,-2.18977947,5.558289297,96.6
170.903,-0.409389844,-2.354562206,5.693990171,96.5
170.928,-0.174718678,-2.620655809,5.893990171,96.3
170.953,0.068517129,-2.918485347,6.129691044,96.1
170.978,0.318176417,-3.217535497,6.353491626,95.9
171.003,0.570405097,-3.582498742,6.6891925,95.6
171.028,0.821777313,-4.113465336,7.024893373,95.3
171.052,1.071436601,-4.743301571,7.278206321,95.2
171.077,1.316385336,-5.340181259,7.709109524,94.9
171.102,1.553625894,-6.037151202,8.199514181,94.6
171.127,1.781445347,-6.800034239,8.861320586,94.2
171.152,1.998987231,-7.562917276,9.518329319,93.9
171.177,2.203253921,-8.391713407,10.24102802,93.5
171.202,2.390819561,-9.254686699,11.12893995,93.1
171.227,2.563397079,-10.11643938,12.07635334,92.7
171.252,2.725697028,-10.97941267,12.83815975,92.2
171.277,2.881145264,-11.8082088,13.40956149,91.7
171.302,3.031882947,-12.50517874,13.96906295,91.2
171.327,3.176197149,-13.13501498,14.40476382,90.8
171.351,3.312374943,-13.76485121,14.80476382,90.4
171.376,3.436990471,-14.32877435,15.10476382,90.1
171.401,3.55346959,-14.85974095,15.4285644,89.8
171.426,3.662668764,-15.32479445,15.7285644,89.5
171.451,3.763731528,-15.68975769,16.0285644,89.2
171.476,3.857514348,-15.98758723,16.2285644,89
171.501,3.944873688,-16.21950367,16.5285644,88.7
171.526,4.027522474,-16.45264073,16.70476382,88.5
171.551,4.10588894,-16.68455717,17.00476382,88.2
171.576,4.179973086,-16.91647362,17.2285644,88
171.601,4.249774911,-17.11543351,17.4285644,87.8
171.626,4.314866183,-17.31439341,17.50476382,87.7
171.65,4.373105742,-17.48039676,17.60476382,87.6
171.675,4.426634749,-17.5792664,17.70476382,87.5
171.7,4.473740275,-17.67935665,17.76906295,87.4
171.725,4.516991713,-17.77944691,17.86906295,87.3
171.75,4.55596083,-17.87831655,17.96906295,87.2
171.775,4.590219394,-17.87831655,17.93955058,87.1
171.8,4.619767406,-17.9112731,17.93955058,87.1
171.825,4.646746025,-17.9112731,18.03955058,87
171.85,4.668157628,-17.87831655,18.01575,87
171.875,4.686143374,-17.84536,18.00956149,87.1
171.9,4.700275032,-17.77944691,17.87386062,87.2
171.925,4.711409065,-17.64640011,17.83815975,87.2
171.95,4.719973707,-17.5133533,17.83815975,87.2
171.974,4.726825419,-17.3803065,17.70245887,87.3
171.999,4.731964204,-17.24848031,17.70245887,87.3
172.024,4.735818293,-17.11543351,17.67865829,87.3
172.049,4.738387685,-16.91647362,17.54914592,87.3
172.074,4.739672381,-16.65160063,17.51344505,87.3
172.099,4.741813541,-16.41846357,17.47774418,87.3
172.124,4.742670005,-16.15359058,17.3539436,87.4
172.149,4.743098238,-15.92167414,17.27635334,87.5
172.174,4.743098238,-15.65558053,17.25255276,87.5
172.199,4.742670005,-15.39070754,17.22304039,87.4
172.224,4.741813541,-15.09165739,17.15163865,87.4
172.249,4.740957077,-14.72669415,16.95643632,87.5
172.273,4.739672381,-14.36295152,16.93263574,87.5
172.298,4.739244149,-13.99798827,16.86123399,87.5
172.323,4.737959453,-13.66598157,16.76603166,87.5
172.348,4.736674757,-13.30101833,16.7065302,87.5
172.373,4.735390061,-12.87014199,16.59942758,87.5
172.398,4.7332489,-12.43804504,16.43992613,87.6
172.423,4.730679508,-12.0071687,16.3447238,87.6
172.448,4.727253651,-11.57629236,16.24333296,87.7
172.473,4.724256027,-11.11123886,16.04813064,87.8
172.498,4.721258403,-10.68036252,15.94102802,87.8
172.523,4.71868901,-10.21652963,15.84582569,87.8
172.548,4.714834922,-9.751476133,15.62111099,87.8
172.572,4.711409065,-9.287643246,15.52590866,87.8
172.597,4.707554977,-8.7896332,15.27120488,87.9
172.622,4.703272656,-8.258666606,15.0046008,88
172.647,4.69770564,-7.694743465,14.74418523,88
172.672,4.692566855,-7.132040937,14.45378058,88.1
172.697,4.686143374,-6.601074343,14.12148654,88.3
172.722,4.678863429,-6.037151202,13.83108188,88.4
172.747,4.669442324,-5.506184608,13.50017868,88.6
172.772,4.660449451,-5.042351722,13.30017868,88.8
172.797,4.650600114,-4.610254769,12.9644778,89.1
172.822,4.638609616,-4.17937843,12.72877693,89.3
172.847,4.625334422,-3.748502091,12.42877693,89.6
172.872,4.610346301,-3.283448591,12.02877693,90
172.896,4.590647626,-2.786659158,11.52877693,90.5
172.921,4.566238399,-2.354562206,11.02877693,91
172.946,4.537975083,-1.923685866,10.62877693,91.4
172.971,4.502860055,-1.525766074,10.02877693,92
172.996,4.460036849,-1.094889735,9.528776931,92.5
173.021,4.408220771,-0.72992649,8.928776931,93.1
173.046,4.345698891,-0.397919792,8.322588424,93.8
173.071,4.270330049,-0.100090254,7.604976349,94.4
173.096,4.177403693,0.166003349,6.904976349,95.1
173.121,4.061781039,0.397919792,6.204976349,95.8
173.146,3.923890317,0.596879688,5.504976349,96.5
173.171,3.762875064,0.72992649,4.969275476,97
173.195,3.580876441,0.828796131,4.469275476,97.5
173.22,3.38046384,0.895929839,4.111164856,97.8
173.245,3.162065492,0.961842933,3.811164856,98.1
173.27,2.927822558,1.027756028,3.628776931,98.4
173.295,2.679876198,1.127846282,3.528776931,98.5
173.32,2.421652269,1.193759376,3.458289297,98.7
173.345,2.150153146,1.226715924,3.458289297,98.7
173.37,1.863665902,1.326806178,3.393990171,98.8
173.395,1.563047,1.426896432,3.529691044,98.7
173.42,1.242729423,1.591679168,3.529691044,98.7
173.445,0.903141403,1.757682517,3.729691044,98.5
173.47,0.549421726,2.056732668,3.895381007,98.3
173.494,0.179857463,2.421695913,4.13108188,98.1
173.519,-0.193989121,2.819615705,4.490583336,97.8
173.544,-0.566122776,3.350582299,4.785785665,97.6
173.569,-0.934830575,4.013375081,5.216688867,97.3
173.594,-1.292832573,4.876348373,5.872306764,97
173.619,-1.634989985,5.871147853,6.493614624,96.7
173.644,-1.95916165,6.898903881,7.286324231,96.3
173.669,-2.261921713,7.993793615,8.180424674,95.8
173.694,-2.538987852,9.221730152,9.156436318,95.3
173.719,-2.789931836,10.38253298,10.04914592,94.8
173.744,-3.012184273,11.41028901,10.88004913,94.1
173.769,-3.208314554,12.33917539,11.63955058,93.4
173.793,-3.381320304,13.16797153,12.27525146,92.8
173.818,-3.531201523,13.86494147,13.21095233,91.9
173.843,-3.662240532,14.46182116,13.70476382,91.5
173.868,-3.781289043,14.99278775,14.1285644,91.1
173.893,-3.889631753,15.42366409,14.7285644,90.5
173.918,-3.99112275,15.85454043,15.0285644,90.2
173.943,-4.085333802,16.25246022,15.4285644,89.8
173.968,-4.174406069,16.61742347,15.7285644,89.5
173.993,-4.257054855,16.88351707,16.0285644,89.2
174.018,-4.334564857,17.18134661,16.3285644,88.9
174.043,-4.406936075,17.44744021,16.53475291,88.6
174.068,-4.475024971,17.64640011,16.73475291,88.4
174.093,-4.537975083,17.81240346,16.93475291,88.2
174.117,-4.597071107,17.9784068,17.13475291,88
174.142,-4.651028346,18.11023299,17.3285644,87.9
174.167,-4.701559728,18.24327979,17.4285644,87.8
174.192,-4.749521718,18.34214944,17.5285644,87.7
174.217,-4.79362962,18.40928314,17.6285644,87.6
174.242,-4.833883433,18.50815279,17.70476382,87.5
174.267,-4.869854926,18.54232995,17.80476382,87.4
174.292,-4.901544098,18.54232995,17.80476382,87.4
174.317,-4.929807413,18.57528649,17.76906295,87.4
174.342,-4.952503712,18.50815279,17.76906295,87.4
174.367,-4.971774155,18.44223969,17.73336208,87.4
174.392,-4.986762277,18.3763266,17.70956149,87.4
174.416,-4.999181006,18.30919289,17.70956149,87.4
174.441,-5.009030343,18.21032325,17.67386062,87.4
174.466,-5.017166752,18.07727645,17.53815975,87.5
174.491,-5.023162001,17.9112731,17.53815975,87.5
174.516,-5.026159626,17.7123132,17.40245887,87.6
174.541,-5.028300786,17.5133533,17.37865829,87.6
174.566,-5.030013714,17.28143686,17.34295742,87.6
174.591,-5.032154874,17.04952042,17.24295742,87.7
174.616,-5.033011339,16.78342681,17.17774418,87.6
174.641,-5.033439571,16.45264073,17.1539436,87.6
174.666,-5.033439571,16.15359058,17.11205422,87.7
174.691,-5.033011339,15.82158388,17.07635334,87.7
174.715,-5.031726642,15.45662064,17.05255276,87.7
174.74,-5.030870178,15.12583455,16.91685189,87.8
174.765,-5.030870178,14.76087131,16.87496251,87.9
174.79,-5.030870178,14.39590806,16.81546105,87.9
174.815,-5.029585482,13.99798827,16.78594868,87.8
174.84,-5.028300786,13.56589132,16.75024781,87.8
174.865,-5.026159626,13.10205843,16.69074636,87.8
174.89,-5.023590233,12.67118209,16.65504548,87.8
174.915,-5.021020841,12.23908514,16.61934461,87.8
174.94,-5.018879681,11.8082088,16.55984315,87.8
174.965,-5.015882056,11.34437591,16.52414228,87.8
174.99,-5.011171504,10.81340932,16.46464082,87.8
175.015,-5.006460951,10.28244273,16.29323908,87.9
175.039,-5.001322166,9.78443268,16.23373762,87.9
175.064,-4.995326918,9.254686699,16.13853529,87.9
175.089,-4.990188133,8.723720105,15.94333296,88
175.114,-4.985049348,8.225710059,15.81242976,88
175.139,-4.978197636,7.661786918,15.54582569,88.1
175.164,-4.970917691,7.132040937,15.2911219,88.2
175.189,-4.962353049,6.533940636,14.98881695,88.3
175.214,-4.952503712,6.004194655,14.66271142,88.4
175.239,-4.940941447,5.440271514,14.31280531,88.5
175.264,-4.927666253,4.876348373,13.87959716,88.6
175.289,-4.911393435,4.312425232,13.34730312,89
175.314,-4.893407689,3.814415185,13.08780166,89.2
175.338,-4.872424318,3.316405139,12.75210079,89.5
175.363,-4.848871555,2.819615705,12.3582893,89.8
175.388,-4.818038847,2.321605658,11.82258842,90.3
175.413,-4.782495587,1.890729319,11.09878784,91
175.438,-4.741813541,1.492809527,10.39878784,91.7
175.463,-4.693851551,1.094889735,9.722588424,92.4
175.488,-4.636896688,0.696969943,8.898787842,93.2
175.513,-4.570948952,0.332006698,7.998787842,94.1
175.538,-4.49558011,0,7.198787842,94.9
175.563,-4.408220771,-0.26487299,6.298787842,95.8
175.588,-4.307586238,-0.498010047,5.398787842,96.7
175.613,-4.191963583,-0.662792783,4.598787842,97.5
175.637,-4.056642254,-0.72992649,4.022588424,98.1
175.662,-3.898196394,-0.72992649,3.498787842,98.6
175.687,-3.717482467,-0.72992649,3.098787842,99
175.712,-3.516641633,-0.795839584,2.922588424,99.2
175.737,-3.296530357,-0.862973292,2.716399917,99.5
175.762,-3.058861566,-0.928886386,2.616399917,99.6
175.787,-2.804491726,-0.961842933,2.55210079,99.7
175.812,-2.53641846,-0.99479948,2.458289297,99.7
175.837,-2.253357072,-1.027756028,2.35210079,99.9
175.862,-1.955735794,-1.061933188,2.387801664,99.9
175.887,-1.64441109,-1.160802829,2.387801664,99.9
175.912,-1.315957104,-1.260893084,2.293990171,99.9
175.936,-0.968232676,-1.359762725,2.293990171,99.9
175.961,-0.601666037,-1.525766074,2.293990171,99.9
175.986,-0.21668542,-1.625856329,2.393990171,99.8
176.011,0.184139784,-1.72472597,2.429691044,99.8
176.036,0.600381341,-1.890729319,2.529691044,99.7
176.061,1.028613395,-2.255692564,2.729691044,99.5
176.086,1.464981859,-2.653612356,2.829691044,99.4
176.111,1.895355074,-3.18457895,3.053491626,99.2
176.136,2.312453095,-3.91450544,3.542505448,98.9
176.161,2.711137138,-4.809214666,4.144810397,98.5
176.186,3.08883781,-5.970017495,5.066118257,97.9
176.211,3.448124504,-7.164997484,5.965016371,97.3
176.236,3.786427827,-8.391713407,7.112429762,96.7
176.26,4.095183139,-9.718519585,8.455045482,96
176.285,4.373105742,-10.97941267,9.902458873,95.1
176.31,4.628332047,-12.20612859,11.06906295,94.1
176.335,4.863859677,-13.33397487,12.2285644,93
176.36,5.078832168,-14.26286126,13.1285644,92.1
176.385,5.269823665,-15.05870084,13.86426528,91.4
176.41,5.439403558,-15.72271424,14.56426528,90.7
176.435,5.588000081,-16.28663738,15.1285644,90.1
176.46,5.72118025,-16.65160063,15.6285644,89.6
176.485,5.840228762,-17.01534326,16.03475291,89.1
176.51,5.949856168,-17.41448366,16.53475291,88.6
176.535,6.050918932,-17.77944691,16.81095233,88.3
176.559,6.142988824,-18.0443199,17.13475291,88
176.584,6.223924683,-18.27623634,17.33475291,87.8
176.609,6.295011204,-18.50815279,17.41095233,87.7
176.634,6.358389548,-18.70711268,17.56906295,87.6
176.659,6.415772643,-18.87311603,17.70476382,87.5
176.684,6.465447561,-18.97320628,17.76906295,87.4
176.709,6.509127231,-19.00616283,17.76906295,87.4
176.734,6.549809276,-19.07207593,17.86906295,87.3
176.759,6.587065465,-19.10503247,17.83336208,87.3
176.784,6.620039333,-19.13920963,17.93955058,87.1
176.809,6.647446185,-19.10503247,17.93955058,87.1
176.834,6.672711876,-19.10503247,17.92193851,87
176.858,6.694123479,-19.07207593,17.78623763,87.1
176.883,6.710824529,-18.97320628,17.78004913,87.2
176.908,6.724527954,-18.87311603,17.74434825,87.2
176.933,6.734805524,-18.74128984,17.64434825,87.3
176.958,6.741657237,-18.60824304,17.60864738,87.3
176.983,6.746796021,-18.44223969,17.4848468,87.4
177.008,6.75065011,-18.24327979,17.4848468,87.4
177.033,6.754504198,-18.01136335,17.44914592,87.4
177.058,6.757501823,-17.77944691,17.31344505,87.5
177.083,6.759214751,-17.54630985,17.27774418,87.5
177.108,6.760499447,-17.28143686,17.2601321,87.4
177.133,6.761355911,-17.01534326,17.12443123,87.5
177.158,6.760499447,-16.71751372,17.06492977,87.5
177.182,6.760499447,-16.41846357,16.98733952,87.6
177.207,6.760071215,-16.08767749,16.95163865,87.6
177.232,6.760071215,-15.75567079,16.79213719,87.7
177.257,6.760071215,-15.39070754,16.69693486,87.7
177.282,6.758786519,-14.99278775,16.62553312,87.7
177.307,6.757501823,-14.56191141,16.53651929,87.6
177.332,6.755360662,-14.12981446,16.47701784,87.6
177.357,6.751934806,-13.73189467,16.30561609,87.7
177.382,6.75065011,-13.33397487,16.21660227,87.6
177.407,6.748937182,-12.87014199,16.12139994,87.6
177.432,6.746796021,-12.40508849,16.02619761,87.6
177.457,6.742941933,-11.9412556,15.82480678,87.8
177.481,6.739087844,-11.41028901,15.69390357,87.8
177.506,6.734377292,-10.87932241,15.46300037,87.9
177.531,6.729666739,-10.34835582,15.33209717,87.9
177.556,6.724956187,-9.81860984,15.07739339,88
177.581,6.720673866,-9.254686699,14.8046008,88.2
177.606,6.715963313,-8.690763558,14.54418523,88.2
177.631,6.709968065,-8.159796964,14.35378058,88.2
177.656,6.703972816,-7.62883037,14.06956443,88.2
177.681,6.696692871,-7.064907229,13.66725948,88.4
177.706,6.689841158,-6.533940636,13.44825657,88.5
177.731,6.680420053,-6.004194655,13.21255569,88.7
177.756,6.669286019,-5.473228061,12.87685482,89
177.78,6.655582594,-4.942261467,12.54115395,89.3
177.805,6.639738008,-4.444251421,12.14115395,89.7
177.83,6.620467565,-3.91450544,11.74115395,90.1
177.855,6.599055962,-3.416495393,11.34115395,90.5
177.88,6.575503199,-2.918485347,10.81735336,91
177.905,6.54852458,-2.45465246,10.24115395,91.6
177.93,6.515550712,-1.989598961,9.641153946,92.2
177.955,6.475296899,-1.525766074,8.941153946,92.9
177.98,6.428191373,-1.094889735,8.117353364,93.7
178.005,6.368238885,-0.696969943,7.217353364,94.6
178.03,6.29415474,-0.364963245,6.317353364,95.5
178.055,6.199087223,-0.065913094,5.317353364,96.5
178.08,6.079182248,0.166003349,4.511164856,97.4
178.104,5.930157493,0.26487299,3.811164856,98.1
178.129,5.752869422,0.364963245,3.211164856,98.7
178.154,5.546461572,0.430876339,2.911164856,99
178.179,5.313931566,0.498010047,2.711164856,99.2
178.204,5.054422941,0.629836235,2.517353364,99.3
178.229,4.773502713,0.72992649,2.441153946,99.4
178.254,4.472027347,0.795839584,2.341153946,99.5
178.279,4.151281538,0.828796131,2.283043326,99.5
178.304,3.811693519,0.895929839,2.176854819,99.7
178.329,3.451550361,0.961842933,2.076854819,99.8
178.354,3.072993224,1.027756028,2.076854819,99.8
178.379,2.676450342,1.094889735,2.012555692,99.9
178.403,2.259780552,1.127846282,2.012555692,99.9
178.428,1.825125017,1.193759376,2.006367185,100
178.453,1.366916719,1.326806178,2.006367185,100
178.478,0.883442729,1.326806178,2.006367185,100
178.503,0.371705423,1.45985298,2.006367185,100
178.528,-0.176003374,1.625856329,2.012555692,99.9
178.553,-0.75240372,1.824816225,1.948256566,100
178.578,-1.352785061,2.222736017,2.148256566,99.8
178.603,-1.966013363,2.752481998,2.501569514,99.6
178.628,-2.579669897,3.383538846,2.832472716,99.4
178.653,-3.186902951,4.245291525,3.522877374,98.9
178.678,-3.781289043,5.340181259,4.144185234,98.6
178.702,-4.353407068,6.832990786,5.196396296,98
178.727,-4.896833545,8.690763558,6.750912307,97.1
178.752,-5.400862673,10.71331907,8.264929774,96.3
178.777,-5.852219259,12.73709519,9.94573909,95
178.802,-6.235486948,14.4947777,11.44094142,93.6
178.827,-6.547239884,15.78862733,12.9828308,92
178.852,-6.790903923,16.65160063,13.9828308,91
178.877,-6.985321276,17.31439341,14.87664229,90.2
178.902,-7.148049457,17.94422964,15.57664229,89.5
178.927,-7.288937803,18.44223969,16.17664229,88.9
178.952,-7.413125098,18.87311603,16.67664229,88.4
178.977,-7.522752504,19.20512273,17.24094142,87.8
179.001,-7.622958805,19.50417288,17.53475291,87.6
179.026,-7.715885161,19.73608932,17.83475291,87.3
179.051,-7.801959804,19.96800576,18.13475291,87
179.076,-7.879898038,20.16696566,18.44094142,86.6
179.101,-7.953125719,20.33296901,18.64094142,86.4
179.126,-8.01992992,20.46601581,18.84094142,86.2
179.151,-8.0824518,20.597842,18.94094142,86.1
179.176,-8.140263127,20.7308888,19.04094142,86
179.201,-8.19293567,20.83097906,19.24094142,85.8
179.226,-8.240041196,20.89689215,19.24094142,85.8
179.251,-8.282007937,20.9298487,19.31714084,85.7
179.276,-8.318835894,20.9298487,19.31714084,85.7
179.301,-8.352237994,20.89689215,19.31095233,85.8
179.325,-8.38050131,20.8639356,19.27525146,85.8
179.35,-8.404910537,20.83097906,19.28143996,85.7
179.375,-8.425893908,20.76384535,19.28143996,85.7
179.4,-8.44302319,20.66497571,19.14573909,85.8
179.425,-8.455441919,20.53192891,19.11575,85.9
179.45,-8.464006561,20.3988821,19.01575,86
179.475,-8.469145345,20.19992221,18.84434825,86.1
179.5,-8.473855898,20.03391886,18.80864738,86.1
179.525,-8.477709986,19.83495896,18.6848468,86.2
179.55,-8.480279379,19.60304252,18.6848468,86.2
179.575,-8.482420539,19.33816953,18.61344505,86.2
179.6,-8.483705235,19.07207593,18.51344505,86.3
179.624,-8.483705235,18.80720294,18.47774418,86.3
179.649,-8.483705235,18.54232995,18.4539436,86.3
179.674,-8.484561699,18.21032325,18.28873036,86.3
179.699,-8.485846395,17.87831655,18.28254185,86.4
179.724,-8.484561699,17.5133533,18.25874127,86.4
179.749,-8.483277003,17.04952042,18.18733952,86.4
179.774,-8.481992307,16.58446692,18.12783806,86.4
179.799,-8.480279379,16.12063403,18.09213719,86.4
179.824,-8.479851147,15.65558053,17.93263574,86.5
179.849,-8.47856645,15.19174765,17.89693486,86.5
179.874,-8.477709986,14.6937376,17.81934461,86.6
179.899,-8.477281754,14.22990471,17.79554403,86.6
179.923,-8.474712362,13.73189467,17.73033079,86.5
179.948,-8.470430041,13.20092807,17.66464082,86.6
179.973,-8.467432417,12.63700493,17.62893995,86.6
179.998,-8.463578328,12.10725895,17.4694385,86.7
180.023,-8.458011312,11.57629236,17.37423617,86.7
180.048,-8.452016063,11.04532576,17.30283442,86.7
180.073,-8.447733742,10.48140262,17.07193122,86.8
180.098,-8.441738494,9.884522934,16.94102802,86.8
180.123,-8.434030317,9.254686699,16.69251274,86.8
180.148,-8.424180979,8.590673304,16.36640721,86.9
180.173,-8.414759874,7.927880521,16.04030168,87
180.198,-8.404482305,7.331000833,15.67849527,87.1
180.223,-8.393776504,6.732900532,15.29288828,87.2
180.247,-8.381786006,6.168977391,14.83108188,87.4
180.272,-8.367654348,5.60505425,14.50017868,87.6
180.297,-8.34924037,5.042351722,14.1582893,88
180.322,-8.327400535,4.478428581,13.8582893,88.3
180.347,-8.302563076,3.91450544,13.42258842,88.7
180.372,-8.271730368,3.316405139,12.82258842,89.3
180.397,-8.234902411,2.752481998,12.09878784,90
180.422,-8.19079451,2.255692564,11.29878784,90.8
180.447,-8.140691359,1.790639065,10.39878784,91.7
180.472,-8.079882407,1.326806178,9.398787842,92.7
180.497,-8.006654726,0.895929839,8.298787842,93.8
180.522,-7.922721243,0.498010047,7.098787842,95
180.546,-7.826369031,0.166003349,5.863086969,96.2
180.571,-7.714600465,-0.065913094,4.863086969,97.2
180.596,-7.58227676,-0.198959896,3.998787842,98.1
180.621,-7.419548579,-0.299050151,3.298787842,98.8
180.646,-7.220420674,-0.364963245,2.898787842,99.2
180.671,-6.985321276,-0.430876339,2.722588424,99.4
180.696,-6.718532706,-0.498010047,2.522588424,99.6
180.721,-6.423052588,-0.563923141,2.464477805,99.6
180.746,-6.101022083,-0.696969943,2.422588424,99.7
180.771,-5.755010583,-0.762883037,2.322588424,99.8
180.796,-5.386731016,-0.828796131,2.358289297,99.8
180.821,-4.997468078,-0.928886386,2.258289297,99.9
180.845,-4.588078234,-0.99479948,2.258289297,99.9
180.87,-4.159846179,-1.094889735,2.15210079,100.1
180.895,-3.713200146,-1.193759376,2.15210079,100.1
180.92,-3.247711903,-1.260893084,2.05210079,100.2
180.945,-2.763809681,-1.293849631,2.058289297,100.1
180.97,-2.258067624,-1.359762725,2.058289297,100.1
180.995,-1.732198661,-1.392719272,2.058289297,100.1
181.02,-1.182348703,-1.426896432,2.058289297,100.1
181.045,-0.604235429,-1.625856329,2.058289297,100.1
181.07,0,-1.923685866,2.258289297,99.9
181.095,0.629929352,-2.155602309,2.258289297,99.9
181.12,1.279129147,-2.45465246,2.358289297,99.8
181.145,1.940747672,-2.819615705,2.422588424,99.7
181.169,2.605363821,-3.250492044,2.558289297,99.6
181.194,3.260987096,-3.847371732,2.958289297,99.2
181.219,3.892201145,-4.544341675,3.429691044,98.8
181.244,4.497293038,-5.60505425,4.355796575,98.1
181.269,5.078832168,-6.865947333,5.236605891,97.6
181.294,5.622686878,-8.491803662,6.819720155,96.6
181.319,6.114725509,-10.18357308,8.193239077,96
181.344,6.539103475,-11.9412556,10.04295742,94.9
181.369,6.888112599,-13.39988797,11.50476382,93.7
181.394,7.16346581,-14.46182116,12.56426528,92.7
181.419,7.383577087,-15.22470419,13.36426528,91.9
181.444,7.562149853,-15.82158388,13.86426528,91.4
181.468,7.714600465,-16.31959393,14.3285644,90.9
181.493,7.84906533,-16.75047027,14.8285644,90.4
181.518,7.968542073,-17.14839006,15.2285644,90
181.543,8.075171855,-17.5792664,15.63475291,89.5
181.568,8.170239371,-17.9112731,16.01095233,89.1
181.593,8.255885782,-18.14318954,16.21714084,88.8
181.618,8.330826392,-18.34214944,16.51714084,88.5
181.643,8.39720236,-18.50815279,16.68143996,88.3
181.668,8.455441919,-18.64119959,16.87525146,88.2
181.693,8.508542694,-18.77424639,16.97525146,88.1
181.718,8.555219988,-18.87311603,17.17525146,87.9
181.743,8.59932789,-18.97320628,17.23955058,87.8
181.767,8.638297007,-19.00616283,17.33955058,87.7
181.792,8.672983803,-19.03911938,17.41575,87.6
181.817,8.702531815,-19.03911938,17.41575,87.6
181.842,8.726941042,-19.00616283,17.38004913,87.6
181.867,8.747924413,-19.00616283,17.48004913,87.5
181.892,8.765481927,-18.94024974,17.48623763,87.4
181.917,8.779185353,-18.80720294,17.35053676,87.5
181.942,8.790747618,-18.67415613,17.35053676,87.5
181.967,8.798455795,-18.50815279,17.31483589,87.5
181.992,8.80359458,-18.3763266,17.21483589,87.6
182.017,8.806163972,-18.14318954,17.19103531,87.6
182.042,8.808305132,-17.81240346,17.15533443,87.6
182.066,8.809589829,-17.61344356,17.01963356,87.7
182.091,8.812159221,-17.41448366,16.98393269,87.7
182.116,8.812159221,-17.18134661,16.98393269,87.7
182.141,8.813015685,-16.91647362,16.92443123,87.7
182.166,8.814300381,-16.61742347,16.78873036,87.8
182.191,8.815585077,-16.31959393,16.7292289,87.8
182.216,8.814300381,-16.02054378,16.65782715,87.8
182.241,8.814728613,-15.65558053,16.4983257,87.9
182.266,8.813443917,-15.29061729,16.43882424,87.9
182.291,8.811730989,-14.8926975,16.33172162,87.9
182.316,8.809161597,-14.46182116,16.27222017,87.9
182.341,8.808305132,-14.03094482,16.07082933,88.1
182.366,8.806163972,-13.60006848,15.98181551,88
182.39,8.80359458,-13.13501498,15.91041376,88
182.415,8.799740491,-12.63700493,15.68569907,88
182.44,8.797171099,-12.1402155,15.59049674,88
182.465,8.793745243,-11.57629236,15.39529441,88.1
182.49,8.78903469,-11.04532576,15.26439121,88.1
182.515,8.786037066,-10.48140262,15.03348801,88.2
182.54,8.780898281,-9.917479482,14.8025848,88.3
182.565,8.773618336,-9.320599793,14.51218015,88.4
182.59,8.766338391,-8.723720105,14.25747636,88.5
182.615,8.760343142,-8.159796964,13.98468378,88.7
182.64,8.753919662,-7.661786918,13.60046763,88.8
182.665,8.747924413,-7.132040937,13.2743621,88.9
182.689,8.739359772,-6.533940636,12.90775802,89.1
182.714,8.730795131,-5.937060947,12.47685482,89.4
182.739,8.717519937,-5.340181259,12.14115395,89.7
182.764,8.701675351,-4.776258118,11.61735336,90.2
182.789,8.68283314,-4.245291525,11.11735336,90.7
182.814,8.663562698,-3.715545544,10.61735336,91.2
182.839,8.642151095,-3.18457895,10.01735336,91.8
182.864,8.617313636,-2.686568903,9.417353364,92.4
182.889,8.58690916,-2.222736017,8.717353364,93.1
182.914,8.55350706,-1.757682517,7.917353364,93.9
182.939,8.509399158,-1.326806178,7.117353364,94.7
182.964,8.454157223,-0.895929839,6.217353364,95.6
182.988,8.380073078,-0.498010047,5.28165249,96.5
183.013,8.282864401,-0.198959896,4.387840997,97.3
183.038,8.156107713,0,3.587840997,98.1
183.063,7.993807764,0.133046802,3.087840997,98.6
183.088,7.792110467,0.231916443,2.687840997,99
183.113,7.552300516,0.332006698,2.517353364,99.3
183.138,7.276519073,0.397919792,2.417353364,99.4
183.163,6.967335529,0.463832887,2.317353364,99.5
183.188,6.627319278,0.530966594,2.241153946,99.6
183.213,6.256042087,0.596879688,2.176854819,99.7
183.238,5.851362795,0.696969943,2.076854819,99.8
183.263,5.411996707,0.762883037,2.112555692,99.8
183.288,4.940941447,0.862973292,2.012555692,99.9
183.312,4.436912318,0.961842933,1.912555692,100
183.337,3.89948109,1.061933188,1.812555692,100.1
183.362,3.332501849,1.127846282,1.812555692,100.1
183.387,2.735546365,1.226715924,1.848256566,100.1
183.412,2.109471101,1.326806178,1.712555692,100.2
183.437,1.454276058,1.45985298,1.712555692,100.2
183.462,0.76910477,1.591679168,1.848256566,100.1
183.487,0.052672543,1.824816225,1.748256566,100.2
183.512,-0.698446481,1.989598961,1.748256566,100.2
183.537,-1.483395837,2.18977947,1.712555692,100.2
183.562,-2.303888454,2.354562206,1.812555692,100.1
183.587,-3.157354939,2.620655809,1.948256566,100
183.611,-4.035658883,2.952662507,2.148256566,99.8
183.636,-4.923812165,3.582498742,2.907758021,99.1
183.661,-5.808111357,4.677388477,3.674362097,98.5
183.686,-6.670142484,6.269067645,4.38948145,98.2
183.711,-7.489350404,8.225710059,5.677393385,97.4
183.736,-8.240041196,10.44844608,7.279510561,96.5
183.761,-8.889669223,12.93605508,9.22443123,95.4
183.786,-9.425815755,15.12583455,11.31714084,93.7
183.811,-9.836918528,16.65160063,12.87664229,92.2
183.836,-10.147815,17.67935665,14.07664229,91
183.861,-10.39404843,18.40928314,14.8828308,90.1
183.886,-10.59917159,19.03911938,15.6828308,89.3
183.91,-10.77645966,19.50417288,16.27664229,88.8
183.935,-10.93404905,19.90209267,16.87664229,88.2
183.96,-11.07622209,20.23287876,17.47664229,87.6
183.985,-11.2072611,20.597842,17.97664229,87.1
184.01,-11.32716608,20.9298487,18.61234317,86.5
184.035,-11.43850641,21.2618554,19.01234317,86.1
184.06,-11.54427973,21.46081529,19.27664229,85.8
184.085,-11.64148841,21.65977519,19.57664229,85.5
184.11,-11.7322736,21.89169163,19.87664229,85.2
184.135,-11.81577885,22.05769498,19.97664229,85.1
184.16,-11.89071946,22.15778523,20.17664229,84.9
184.185,-11.95752366,22.22369833,20.27045378,84.9
184.21,-12.01747615,22.28961142,20.33475291,84.8
184.234,-12.07186162,22.38970168,20.43475291,84.7
184.259,-12.12196477,22.42265822,20.43475291,84.7
184.284,-12.16521621,22.42265822,20.43475291,84.7
184.309,-12.19990301,22.38970168,20.41095233,84.7
184.334,-12.23116395,22.35674513,20.41095233,84.7
184.359,-12.25771433,22.28961142,20.37525146,84.7
184.384,-12.27698478,22.19074178,20.28143996,84.7
184.409,-12.29282936,22.02473843,20.14573909,84.8
184.434,-12.30781748,21.85873508,20.12193851,84.8
184.459,-12.31895152,21.72568828,19.98623763,84.9
184.484,-12.325375,21.55968493,19.84434825,85.1
184.509,-12.33008555,21.36072504,19.84434825,85.1
184.533,-12.33265494,21.16176514,19.70864738,85.2
184.558,-12.33351141,20.8639356,19.67865829,85.3
184.583,-12.3360808,20.63201916,19.5848468,85.3
184.608,-12.33950666,20.3988821,19.54914592,85.3
184.633,-12.34250428,20.13400911,19.41344505,85.4
184.658,-12.34336074,19.86913612,19.37774418,85.4
184.683,-12.34336074,19.53712943,19.31824272,85.4
184.708,-12.34336074,19.13920963,19.18254185,85.5
184.733,-12.34378898,18.64119959,19.15874127,85.5
184.758,-12.34250428,18.11023299,19.08115101,85.6
184.783,-12.34121958,17.54630985,19.02164956,85.6
184.808,-12.34079135,17.04952042,18.95024781,85.6
184.832,-12.34079135,16.51855382,18.93263574,85.5
184.857,-12.33736549,16.05350033,18.86123399,85.5
184.882,-12.33222671,15.55671089,18.72553312,85.6
184.907,-12.32965732,15.0257443,18.66603166,85.6
184.932,-12.32965732,14.46182116,18.6065302,85.6
184.957,-12.32837262,13.86494147,18.53512846,85.6
184.982,-12.32494677,13.23510523,18.375627,85.7
185.007,-12.32152091,12.67118209,18.30422526,85.7
185.032,-12.31852328,12.0743024,18.20902293,85.7
185.057,-12.30995864,11.51037926,18.04333296,85.9
185.082,-12.30182223,10.91227896,17.87672889,85.9
185.107,-12.29411406,10.28244273,17.58632423,86
185.132,-12.28683411,9.585472784,17.28401928,86.1
185.156,-12.27826947,8.922680001,16.93411317,86.2
185.181,-12.26627897,8.225710059,16.43660589,86.4
185.206,-12.2560014,7.562917276,16.01529803,86.5
185.231,-12.24101328,6.931860428,15.55349163,86.7
185.256,-12.22773809,6.367937287,15.30017868,86.8
185.281,-12.21403466,5.771057599,14.9644778,87.1
185.306,-12.19305129,5.141221363,14.52258842,87.6
185.331,-12.16393151,4.511385128,14.12258842,88
185.356,-12.13095764,3.91450544,13.52258842,88.6
185.381,-12.09284499,3.283448591,12.79878784,89.3
185.406,-12.04702416,2.71952545,11.89878784,90.2
185.431,-11.99263869,2.18977947,10.99878784,91.1
185.455,-11.93011681,1.691769423,9.798787842,92.3
185.48,-11.85860206,1.260893084,8.563086969,93.5
185.505,-11.77295565,0.828796131,7.263086969,94.8
185.53,-11.67274935,0.498010047,6.027386095,96
185.555,-11.55627023,0.26487299,4.963086969,97.1
185.58,-11.41195602,0.100090254,4.063086969,98
185.605,-11.2299574,0,3.398787842,98.7
185.63,-11.01027436,-0.133046802,3.092599335,99.1
185.655,-10.75205043,-0.231916443,2.816399917,99.4
185.68,-10.45871147,-0.26487299,2.65210079,99.6
185.705,-10.13025749,-0.299050151,2.65210079,99.6
185.73,-9.768829631,-0.397919792,2.558289297,99.6
185.754,-9.379994925,-0.530966594,2.458289297,99.7
185.779,-8.966750993,-0.696969943,2.458289297,99.7
185.804,-8.531238993,-0.828796131,2.358289297,99.8
185.829,-8.077313015,-0.895929839,2.258289297,99.9
185.854,-7.59897781,-0.961842933,2.258289297,99.9
185.879,-7.093663986,-0.99479948,2.293990171,99.9
185.904,-6.560086845,-1.061933188,2.193990171,100
185.929,-5.999959318,-1.193759376,2.187801664,100.1
185.954,-5.413281403,-1.293849631,1.987801664,100.3
185.979,-4.800481333,-1.426896432,1.987801664,100.3
186.004,-4.159846179,-1.625856329,1.987801664,100.3
186.029,-3.494801798,-1.824816225,1.887801664,100.4
186.053,-2.800637638,-1.824816225,1.887801664,100.4
186.078,-2.07992309,-1.923685866,1.887801664,100.4
186.103,-1.324949977,-2.023776121,1.893990171,100.3
186.128,-0.549849958,-2.089689215,1.958289297,100.2
186.153,0.23338647,-2.288649111,2.222588424,99.9
186.178,1.04831207,-2.45465246,2.298787842,99.8
186.203,1.888503361,-2.686568903,2.292599335,99.9
186.228,2.74282631,-3.117445243,2.522588424,99.6
186.253,3.594151635,-3.748502091,2.722588424,99.4
186.278,4.424493589,-4.511385128,3.158289297,99
186.303,5.221433443,-5.473228061,3.924893373,98.4
186.328,5.986255892,-6.800034239,4.981902106,97.7
186.353,6.703544584,-8.491803662,6.365016371,96.9
186.377,7.354457307,-10.34835582,7.980424674,96
186.402,7.912871906,-12.0743024,9.913445051,94.9
186.427,8.370223741,-13.63302503,11.76426528,93.5
186.452,8.739788004,-14.8267844,12.96426528,92.3
186.477,9.037409282,-15.92167414,13.89996615,91.4
186.502,9.283214481,-16.71751372,14.56426528,90.7
186.527,9.487481171,-17.31439341,15.16426528,90.1
186.552,9.659630457,-17.77944691,15.6285644,89.6
186.577,9.807370516,-18.1773667,16.0285644,89.2
186.602,9.934983668,-18.54232995,16.4285644,88.8
186.627,10.04803693,-18.87311603,16.8285644,88.4
186.652,10.147815,-19.10503247,17.0285644,88.2
186.676,10.23774373,-19.33816953,17.31095233,87.8
186.701,10.31739489,-19.53712943,17.51095233,87.6
186.726,10.38505556,-19.70313277,17.71095233,87.4
186.751,10.44072572,-19.80200242,17.77525146,87.3
186.776,10.48868771,-19.86913612,17.87525146,87.2
186.801,10.53065446,-19.90209267,17.96906295,87.2
186.826,10.56576948,-19.93504922,17.93955058,87.1
186.851,10.59317634,-19.90209267,17.91575,87.1
186.876,10.61630087,-19.83495896,17.91575,87.1
186.901,10.63514308,-19.73608932,17.91575,87.1
186.926,10.65184413,-19.63599907,17.88004913,87.1
186.951,10.66297816,-19.53712943,17.84434825,87.1
186.975,10.67025811,-19.33816953,17.84434825,87.1
187,10.67582512,-19.17216618,17.70864738,87.2
187.025,10.67882275,-18.87311603,17.6848468,87.2
187.05,10.68053568,-18.57528649,17.5848468,87.3
187.075,10.68182037,-18.30919289,17.50725654,87.4
187.1,10.68438976,-18.0443199,17.50725654,87.4
187.125,10.68524623,-17.81240346,17.37774418,87.4
187.15,10.68524623,-17.5133533,17.31824272,87.4
187.175,10.68396153,-17.28143686,17.18254185,87.5
187.2,10.68438976,-17.01534326,17.12304039,87.5
187.225,10.68438976,-16.71751372,17.08733952,87.5
187.25,10.68653092,-16.41846357,16.9983257,87.4
187.275,10.68695916,-16.12063403,16.86262483,87.5
187.299,10.68653092,-15.78862733,16.79693486,87.6
187.324,10.68267684,-15.357751,16.70173253,87.6
187.349,10.67882275,-14.8267844,16.6065302,87.6
187.374,10.67882275,-14.22990471,16.375627,87.7
187.399,10.67539689,-13.66598157,16.28042467,87.7
187.424,10.6715428,-13.06910188,16.04952147,87.8
187.449,10.66597579,-12.50517874,15.85431914,87.9
187.474,10.66340639,-11.90829906,15.68771507,87.9
187.499,10.65869584,-11.34437591,15.49251274,88
187.524,10.65312882,-10.78045277,15.22590866,88.1
187.549,10.64713358,-10.18357308,14.99500546,88.2
187.574,10.64242302,-9.619649944,14.7046008,88.3
187.598,10.63728424,-9.021549643,14.44418523,88.3
187.623,10.63086076,-8.424669955,14.05378058,88.5
187.648,10.62229612,-7.860746814,13.75718741,88.7
187.673,10.61287501,-7.197954031,13.33727039,88.8
187.698,10.60259744,-6.568117796,12.90636719,89.1
187.723,10.58846578,-5.970017495,12.53496544,89.4
187.748,10.5713365,-5.373137807,12.01116486,89.9
187.773,10.55335076,-4.776258118,11.51116486,90.4
187.798,10.53408031,-4.212334977,10.91116486,91
187.823,10.51052755,-3.648411836,10.31116486,91.6
187.848,10.48269247,-3.117445243,9.611164856,92.3
187.873,10.45400092,-2.587699262,8.811164856,93.1
187.897,10.4163165,-2.089689215,8.111164856,93.8
187.922,10.37306506,-1.625856329,7.204976349,94.8
187.947,10.32253368,-1.193759376,6.404976349,95.6
187.972,10.25401655,-0.795839584,5.404976349,96.6
187.997,10.1598055,-0.430876339,4.604976349,97.4
188.022,10.03347704,-0.166003349,3.775463983,98.1
188.047,9.874602949,0,3.175463983,98.7
188.072,9.673333883,0.100090254,2.811164856,99.1
188.097,9.429669844,0.198959896,2.611164856,99.3
188.122,9.141897903,0.26487299,2.411164856,99.5
188.147,8.816013309,0.332006698,2.334965439,99.6
188.172,8.451587831,0.430876339,2.234965439,99.7
188.197,8.050762628,0.530966594,2.170666312,99.8
188.221,7.613965932,0.530966594,2.170666312,99.8
188.246,7.14034128,0.596879688,2.070666312,99.9
188.271,6.628603974,0.762883037,2.006367185,100
188.296,6.080466944,0.828796131,1.906367185,100.1
188.321,5.498499582,0.928886386,1.942068059,100.1
188.346,4.878419567,1.061933188,1.742068059,100.3
188.371,4.220226899,1.127846282,1.542068059,100.5
188.396,3.523921578,1.193759376,1.535879551,100.6
188.421,2.789503604,1.492809527,1.659680134,100.5
188.446,2.016116513,1.658812876,1.459680134,100.7
188.471,1.211468483,1.857772772,1.359680134,100.8
188.496,0.374274816,1.956642413,1.259680134,100.9
188.52,-0.499318576,2.089689215,1.259680134,100.9
188.545,-1.408455228,2.222736017,1.359680134,100.8
188.57,-2.348424588,2.321605658,1.542068059,100.5
188.595,-3.321367816,2.487609007,1.842068059,100.2
188.62,-4.330710769,2.71952545,2.406367185,99.6
188.645,-5.366604109,3.084488695,2.370666312,99.6
188.67,-6.417485571,3.648411836,2.806367185,99.2
188.695,-7.468795265,4.577298222,3.501569514,98.6
188.72,-8.499978053,5.838191306,4.261985082,98.1
188.745,-9.488337635,7.595873823,5.383292942,97.3
188.77,-10.41117771,9.78443268,6.79500546,96.4
188.795,-11.23852204,12.10725895,8.409022927,95.5
188.819,-11.93868145,14.26286126,10.1539436,94.6
188.844,-12.50608892,16.35255048,12.23475291,92.9
188.869,-12.96429722,17.9112731,13.70615466,91.5
188.894,-13.32272745,18.84015948,15.00615466,90.2
188.919,-13.61178409,19.57008597,15.90615466,89.3
188.944,-13.8524505,20.19992221,16.80615466,88.4
188.969,-14.05928659,20.76384535,17.60615466,87.6
188.994,-14.24000051,21.29481194,18.30615466,86.9
189.019,-14.40486985,21.65977519,18.94185553,86.3
189.044,-14.55132522,21.99178189,19.39996615,85.9
189.069,-14.68150776,22.32256797,19.80615466,85.4
189.094,-14.80012804,22.62161812,20.10615466,85.1
189.118,-14.90804252,22.85353456,20.44185553,84.8
189.143,-15.00311004,23.01953791,20.60615466,84.6
189.168,-15.09004114,23.21849781,20.84185553,84.4
189.193,-15.16883584,23.38450116,21.04185553,84.2
189.218,-15.24291999,23.45041425,21.10615466,84.1
189.243,-15.31015242,23.48459141,21.17045378,84
189.268,-15.36582259,23.51754796,21.16426528,84.1
189.293,-15.41592574,23.51754796,21.2285644,84
189.318,-15.45917717,23.51754796,21.2285644,84
189.343,-15.49600513,23.45041425,21.19857531,84.1
189.368,-15.52683784,23.38450116,21.20476382,84
189.393,-15.55510115,23.2844109,21.10476382,84.1
189.418,-15.57223044,23.18554126,20.96906295,84.2
189.442,-15.58721856,23.01953791,20.93336208,84.2
189.467,-15.59535497,22.85353456,20.83955058,84.2
189.492,-15.60434784,22.65457467,20.71575,84.3
189.517,-15.61077132,22.45561477,20.57386062,84.5
189.542,-15.61633834,22.28961142,20.53815975,84.5
189.567,-15.61762303,22.05769498,20.43815975,84.6
189.592,-15.62019243,21.75864483,20.30245887,84.7
189.617,-15.61890773,21.52672839,20.27865829,84.7
189.642,-15.61890773,21.29481194,20.17865829,84.8
189.667,-15.62276182,20.99576179,20.14295742,84.8
189.692,-15.62747237,20.63201916,20.07155567,84.8
189.717,-15.62533121,20.10105257,19.91205422,84.9
189.741,-15.62661591,19.50417288,19.85255276,84.9
189.766,-15.62875707,18.90607258,19.78115101,84.9
189.791,-15.62875707,18.34214944,19.72164956,84.9
189.816,-15.62533121,17.81240346,19.68594868,84.9
189.841,-15.62276182,17.28143686,19.52025872,85.1
189.866,-15.61805127,16.81638336,19.44885697,85.1
189.891,-15.61805127,16.31959393,19.4131561,85.1
189.916,-15.61633834,15.78862733,19.35365465,85.1
189.941,-15.61633834,15.12583455,19.29415319,85.1
189.966,-15.61291248,14.42886461,19.12893995,85.1
189.991,-15.60691723,13.76485121,19.03373762,85.1
190.016,-15.59963729,13.10205843,18.97423617,85.1
190.04,-15.5957832,12.4722222,18.77332205,85.1
190.065,-15.5944985,11.84116535,18.51861827,85.2
190.09,-15.58850325,11.21132911,18.34582569,85.3
190.115,-15.58207977,10.58149288,18.05542103,85.4
190.14,-15.57265867,9.917479482,17.72312699,85.6
190.165,-15.5623811,9.221730152,17.22561971,85.8
190.19,-15.54867767,8.491803662,16.80431185,85.9
190.215,-15.53583071,7.794833719,16.31870487,86.1
190.24,-15.52298375,7.132040937,15.88780166,86.4
190.265,-15.51056502,6.500984088,15.55210079,86.7
190.29,-15.49386397,5.871147853,15.21639992,87
190.315,-15.47031121,5.207134458,14.82258842,87.3
190.34,-15.44418905,4.544341675,14.22258842,87.9
190.364,-15.40993049,3.847371732,13.59878784,88.5
190.389,-15.36924844,3.250492044,12.79259933,89.4
190.414,-15.32299938,2.653612356,11.79259933,90.4
190.439,-15.26947037,2.089689215,10.69259933,91.5
190.464,-15.20737673,1.558722621,9.492599335,92.7
190.489,-15.1281538,1.127846282,8.292599335,93.9
190.514,-15.04079446,0.72992649,7.056898461,95.1
190.539,-14.93630583,0.430876339,5.892599335,96.3
190.564,-14.80269743,0.26487299,4.898787842,97.2
190.589,-14.64082572,0.133046802,4.098787842,98
190.614,-14.44298251,0.065913094,3.498787842,98.6
190.639,-14.2010314,0,3.122588424,99
190.663,-13.91582885,-0.100090254,2.95210079,99.3
190.688,-13.59422658,-0.198959896,2.75210079,99.5
190.713,-13.23750927,-0.26487299,2.65210079,99.6
190.738,-12.85295689,-0.397919792,2.587801664,99.7
190.763,-12.44185412,-0.498010047,2.587801664,99.7
190.788,-12.00377272,-0.563923141,2.487801664,99.8
190.813,-11.53657155,-0.563923141,2.487801664,99.8
190.838,-11.03511182,-0.563923141,2.387801664,99.9
190.863,-10.49810882,-0.662792783,2.387801664,99.9
190.888,-9.927275491,-0.72992649,2.293990171,99.9
190.913,-9.32261183,-0.828796131,2.293990171,99.9
190.938,-8.681548444,-0.961842933,2.223502537,100.1
190.962,-8.004941798,-1.127846282,2.223502537,100.1
190.987,-7.291935427,-1.359762725,2.223502537,100.1
191.012,-6.545098724,-1.558722621,2.123502537,100.2
191.037,-5.76914224,-1.757682517,2.023502537,100.3
191.062,-4.962353049,-1.857772772,1.823502537,100.5
191.087,-4.127728775,-2.023776121,1.623502537,100.7
191.112,-3.260987096,-2.155602309,1.723502537,100.6
191.137,-2.360415085,-2.155602309,1.723502537,100.6
191.162,-1.42344335,-2.155602309,1.787801664,100.5
191.187,-0.440650784,-2.18977947,1.95210079,100.3
191.212,0.578969738,-2.388739366,2.092599335,100.1
191.237,1.623427719,-2.686568903,2.292599335,99.9
191.262,2.679019734,-3.117445243,2.292599335,99.9
191.286,3.726047108,-3.781458638,2.616399917,99.6
191.311,4.746952326,-4.710345024,2.987801664,99.3
191.336,5.726747267,-5.838191306,3.878206321,98.6
191.361,6.662862539,-7.296823673,5.035215055,97.8
191.386,7.537740626,-9.08868335,6.477830775,97
191.411,8.320977054,-10.97941267,8.464640824,95.8
191.436,8.988162595,-12.80300828,10.80956149,94.3
191.461,9.542294874,-14.42886461,12.59996615,92.7
191.486,9.992794996,-15.85454043,13.93566702,91.4
191.511,10.36150279,-16.94943016,14.93566702,90.4
191.536,10.66726048,-17.77944691,15.89996615,89.4
191.561,10.92548441,-18.47519624,16.56426528,88.7
191.585,11.14688038,-19.07207593,17.16426528,88.1
191.61,11.3314484,-19.63599907,17.6285644,87.6
191.635,11.48732487,-20.06809602,18.0285644,87.2
191.66,11.61665095,-20.43183865,18.4285644,86.8
191.685,11.72456542,-20.69793225,18.70476382,86.5
191.71,11.81663532,-20.89689215,18.90476382,86.3
191.735,11.89714294,-21.02993895,18.96906295,86.2
191.76,11.967373,-21.12880859,19.13336208,86
191.785,12.03075134,-21.19472169,19.23336208,85.9
191.81,12.08513681,-21.2618554,19.33336208,85.8
191.835,12.12967295,-21.2618554,19.30956149,85.8
191.86,12.16992676,-21.2618554,19.40956149,85.7
191.884,12.19990301,-21.22889885,19.40956149,85.7
191.909,12.2251687,-21.16176514,19.38004913,85.6
191.918,12.24272621,-21.0628955,19.38004913,85.6
191.942,12.25471671,-19.33816953,18.87774418,85.9
191.967,12.19005367,-9.751476133,13.86410226,89.2
191.992,11.89543001,-1.757682517,4.738372274,97.1
192.017,11.47148028,-0.430876339,2.903585513,99.1
192.042,11.21539751,-0.299050151,3.063086969,99
192.067,11.08350204,-0.231916443,2.998787842,99.1
192.092,10.98672159,-0.198959896,3.022588424,99.1
192.117,10.9066422,-0.166003349,3.022588424,99.1
192.141,10.85525435,-0.166003349,3.028776931,99
192.166,10.82056756,-0.166003349,3.028776931,99
192.191,10.78845015,-0.133046802,3.028776931,99
192.216,10.75761745,-0.100090254,3.034965439,98.9
192.241,10.72806943,-0.100090254,3.034965439,98.9
192.266,10.70109081,-0.100090254,3.064477805,99
192.291,10.67539689,-0.065913094,3.064477805,99
192.316,10.6488465,-0.065913094,2.964477805,99.1
192.341,10.62400904,-0.032956547,2.964477805,99.1
192.366,10.60045628,0,2.964477805,99.1
192.391,10.58118584,0,2.964477805,99.1
192.416,10.56234363,0,2.964477805,99.1
192.441,10.54521435,0,3.000178678,99.1
192.465,10.52680037,0,3.000178678,99.1
192.49,10.51224048,0.032956547,3.000178678,99.1
192.515,10.49810882,0.032956547,3.000178678,99.1
192.54,10.48354893,0.032956547,3.000178678,99.1
192.565,10.4698455,0.032956547,3.000178678,99.1
192.59,10.45785501,0.065913094,3.000178678,99.1
192.615,10.44757744,0.065913094,3.000178678,99.1
192.64,10.43601517,0.065913094,3.035879551,99.1
192.665,10.42488114,0.065913094,3.035879551,99.1
192.69,10.41588827,0.065913094,3.000178678,99.1
192.715,10.40775186,0.065913094,3.006367185,99
192.74,10.39961545,0.065913094,3.000178678,99.1
192.764,10.39105081,0.065913094,3.042068059,99
192.789,10.38676849,0.100090254,3.042068059,99
192.814,10.3816297,0.100090254,3.042068059,99
192.839,10.37520622,0.100090254,3.042068059,99
192.864,10.36792628,0.100090254,3.035879551,99.1
192.889,10.35978987,0.100090254,3.035879551,99.1
192.914,10.35465108,0.100090254,3.035879551,99.1
192.939,10.34994053,0.100090254,3.035879551,99.1
192.964,10.34608644,0.100090254,3.035879551,99.1
192.989,10.34223235,0.100090254,3.035879551,99.1
193.014,10.34009119,0.100090254,3.035879551,99.1
193.039,10.33580887,0.100090254,3.042068059,99
193.063,10.33109832,0.100090254,3.042068059,99
193.088,10.32852893,0.100090254,3.042068059,99
193.113,10.32595953,0.100090254,3.042068059,99
193.138,10.32210545,0.100090254,3.035879551,99.1
193.163,10.32039252,0.100090254,3.042068059,99
193.188,10.31739489,0.133046802,3.042068059,99
193.213,10.31268434,0.100090254,3.042068059,99
193.238,10.31011495,0.100090254,3.142068059,98.9
193.263,10.30925848,0.100090254,3.142068059,98.9
193.288,10.30754556,0.100090254,3.142068059,98.9
193.313,10.30668909,0.100090254,3.142068059,98.9
193.338,10.3054044,0.133046802,3.142068059,98.9
193.362,10.30497616,0.133046802,3.142068059,98.9
193.387,10.30197854,0.100090254,3.142068059,98.9
193.412,10.30026561,0.100090254,3.142068059,98.9
193.437,10.29683975,0.100090254,3.159680134,99
193.462,10.29512683,0.100090254,3.165868641,98.9
193.487,10.29512683,0.100090254,3.159680134,99
193.512,10.29384213,0.100090254,3.142068059,98.9
193.537,10.29084451,0.100090254,3.165868641,98.9
193.562,10.29084451,0.100090254,3.165868641,98.9
193.587,10.28913158,0.100090254,3.142068059,98.9
193.612,10.28699042,0.100090254,3.142068059,98.9
193.637,10.28784688,0.100090254,3.165868641,98.9
193.662,10.28784688,0.133046802,3.165868641,98.9
193.686,10.28570572,0.100090254,3.165868641,98.9
193.711,10.28313633,0.100090254,3.165868641,98.9
193.736,10.28185163,0.100090254,3.165868641,98.9
193.761,10.27971047,0.100090254,3.142068059,98.9
193.786,10.27842578,0.100090254,3.142068059,98.9
193.811,10.27842578,0.100090254,3.142068059,98.9
193.836,10.27971047,0.100090254,3.165868641,98.9
193.861,10.27928224,0.100090254,3.165868641,98.9
193.886,10.27842578,0.100090254,3.142068059,98.9
193.911,10.27799754,0.100090254,3.165868641,98.9
193.936,10.27671285,0.100090254,3.165868641,98.9
193.961,10.27585638,0.100090254,3.165868641,98.9
193.985,10.27457169,0.100090254,3.265868641,98.8
194.01,10.27457169,0.100090254,3.265868641,98.8
194.035,10.27457169,0.100090254,3.265868641,98.8
194.06,10.27243053,0.100090254,3.265868641,98.8
194.085,10.2720023,0.100090254,3.242068059,98.8
194.11,10.26986114,0.100090254,3.242068059,98.8
194.135,10.26986114,0.100090254,3.265868641,98.8
194.16,10.26814821,0.100090254,3.265868641,98.8
194.185,10.26729174,0.133046802,3.248256566,98.7
194.21,10.26729174,0.100090254,3.272057148,98.7
194.235,10.26857644,0.133046802,3.272057148,98.7
194.26,10.26729174,0.100090254,3.265868641,98.8
194.284,10.26429412,0.100090254,3.265868641,98.8
194.309,10.26258119,0.100090254,3.265868641,98.8
194.334,10.26258119,0.100090254,3.265868641,98.8
194.359,10.26129649,0.100090254,3.265868641,98.8
194.384,10.26129649,0.133046802,3.265868641,98.8
194.409,10.26129649,0.133046802,3.265868641,98.8
194.434,10.26086826,0.133046802,3.265868641,98.8
194.459,10.2600118,0.133046802,3.265868641,98.8
194.484,10.25958357,0.133046802,3.272057148,98.7
194.509,10.2600118,0.133046802,3.272057148,98.7
194.534,10.25958357,0.133046802,3.265868641,98.8
194.559,10.2587271,0.100090254,3.265868641,98.8
194.584,10.25701417,0.133046802,3.265868641,98.8
194.608,10.25701417,0.100090254,3.265868641,98.8
194.633,10.25487301,0.100090254,3.265868641,98.8
194.658,10.25401655,0.100090254,3.265868641,98.8
194.683,10.25401655,0.100090254,3.265868641,98.8
194.708,10.25401655,0.133046802,3.265868641,98.8
194.733,10.25487301,0.133046802,3.265868641,98.8
194.758,10.25487301,0.100090254,3.272057148,98.7
194.783,10.25701417,0.133046802,3.272057148,98.7
194.808,10.25615771,0.100090254,3.265868641,98.8
194.833,10.25401655,0.100090254,3.265868641,98.8
194.858,10.25230362,0.133046802,3.265868641,98.8
194.883,10.25144716,0.100090254,3.265868641,98.8
194.907,10.25144716,0.133046802,3.265868641,98.8
194.932,10.25101892,0.133046802,3.265868641,98.8
194.957,10.25016246,0.133046802,3.265868641,98.8
194.982,10.25101892,0.100090254,3.265868641,98.8
195.007,10.25016246,0.100090254,3.265868641,98.8
195.032,10.24973423,0.100090254,3.272057148,98.7
195.057,10.24887776,0.100090254,3.372057148,98.6
195.082,10.25101892,0.100090254,3.372057148,98.6
195.107,10.25016246,0.100090254,3.372057148,98.6
195.132,10.24887776,0.100090254,3.365868641,98.7
195.157,10.24844953,0.100090254,3.365868641,98.7
195.182,10.24759307,0.100090254,3.365868641,98.7
195.206,10.24759307,0.100090254,3.365868641,98.7
195.231,10.24630837,0.100090254,3.365868641,98.7
195.256,10.24844953,0.100090254,3.365868641,98.7
195.281,10.24973423,0.100090254,3.365868641,98.7
195.306,10.24887776,0.100090254,3.342068059,98.7
195.331,10.24973423,0.065913094,3.372057148,98.6
195.356,10.24973423,0.065913094,3.372057148,98.6
195.381,10.24973423,0.065913094,3.365868641,98.7
195.406,10.24887776,0.065913094,3.365868641,98.7
195.431,10.24759307,0.065913094,3.365868641,98.7
195.456,10.24759307,0.065913094,3.365868641,98.7
195.481,10.24716484,0.065913094,3.365868641,98.7
195.506,10.24588014,0.065913094,3.365868641,98.7
195.53,10.24416721,0.065913094,3.372057148,98.6
195.555,10.24416721,0.065913094,3.372057148,98.6
195.58,10.24588014,0.065913094,3.372057148,98.6
195.605,10.24502368,0.032956547,3.372057148,98.6
195.63,10.24588014,0.032956547,3.372057148,98.6
195.655,10.24630837,0.065913094,3.372057148,98.6
195.68,10.24759307,0.032956547,3.372057148,98.6
195.705,10.24588014,0.032956547,3.365868641,98.7
195.73,10.24288252,0.032956547,3.365868641,98.7
195.755,10.24288252,0.032956547,3.365868641,98.7
195.78,10.24288252,0.032956547,3.365868641,98.7
195.805,10.24288252,0.032956547,3.365868641,98.7
195.829,10.24288252,0.032956547,3.365868641,98.7
195.854,10.24416721,0.032956547,3.365868641,98.7
195.879,10.24373898,0.032956547,3.365868641,98.7
195.904,10.24245428,0,3.372057148,98.6
195.929,10.24373898,0.032956547,3.372057148,98.6
195.954,10.24416721,0,3.372057148,98.6
195.979,10.24373898,0,3.372057148,98.6
196.004,10.24373898,0,3.372057148,98.6
196.029,10.24245428,0,3.365868641,98.7
196.054,10.24031312,0,3.365868641,98.7
196.079,10.24116959,0,3.372057148,98.6
196.104,10.24245428,0,3.365868641,98.7
196.128,10.24245428,0,3.365868641,98.7
196.153,10.24288252,0,3.365868641,98.7
196.178,10.24288252,0,3.365868641,98.7
196.203,10.24373898,0,3.372057148,98.6
196.228,10.24373898,0,3.372057148,98.6
196.253,10.24245428,0,3.472057148,98.5
196.278,10.24159782,0,3.465868641,98.6
196.303,10.24245428,-0.032956547,3.465868641,98.6
196.328,10.24159782,0,3.465868641,98.6
196.353,10.24245428,0,3.465868641,98.6
196.378,10.24031312,0,3.465868641,98.6
196.403,10.23988489,-0.032956547,3.465868641,98.6
196.427,10.23988489,-0.032956547,3.472057148,98.5
196.452,10.23988489,-0.032956547,3.472057148,98.5
196.477,10.23902843,-0.032956547,3.472057148,98.5
196.502,10.24116959,-0.032956547,3.472057148,98.5
196.527,10.24245428,-0.032956547,3.472057148,98.5
196.552,10.24031312,-0.032956547,3.472057148,98.5
196.577,10.23902843,0,3.472057148,98.5
196.602,10.2373155,-0.032956547,3.465868641,98.6
196.627,10.2373155,-0.032956547,3.465868641,98.6
196.652,10.23774373,0,3.465868641,98.6
196.677,10.2386002,-0.032956547,3.465868641,98.6
196.702,10.2386002,0,3.442068059,98.6
196.727,10.2386002,0,3.465868641,98.6
196.751,10.23774373,-0.032956547,3.472057148,98.5
196.776,10.23774373,-0.032956547,3.472057148,98.5
196.801,10.2386002,-0.032956547,3.472057148,98.5
196.826,10.2386002,0,3.472057148,98.5
196.851,10.23774373,0,3.472057148,98.5
196.876,10.2373155,0,3.465868641,98.6
196.901,10.2373155,0,3.465868641,98.6
196.926,10.2373155,0,3.472057148,98.5
196.951,10.23517434,0,3.472057148,98.5
196.976,10.23388964,0.032956547,3.472057148,98.5
197.001,10.23303318,0.065913094,3.472057148,98.5
197.026,10.23260495,0.100090254,3.472057148,98.5
197.05,10.23303318,0.133046802,3.472057148,98.5
197.075,10.23303318,0.166003349,3.472057148,98.5
197.1,10.23046379,0.198959896,3.472057148,98.5
197.125,10.22875086,0.198959896,3.472057148,98.5
197.15,10.225325,0.198959896,3.465868641,98.6
197.175,10.22318384,0.198959896,3.465868641,98.6
197.2,10.22275561,0.198959896,3.442068059,98.6
197.225,10.22189914,0.198959896,3.465868641,98.6
197.25,10.22061445,0.198959896,3.465868641,98.6
197.275,10.22018622,0.198959896,3.472057148,98.5
197.3,10.21890152,0.198959896,3.448256566,98.5
197.325,10.21804506,0.231916443,3.472057148,98.5
197.349,10.21761682,0.198959896,3.472057148,98.5
197.374,10.21676036,0.231916443,3.472057148,98.5
197.399,10.21547566,0.198959896,3.472057148,98.5
197.424,10.21204981,0.231916443,3.472057148,98.5
197.449,10.20905218,0.198959896,3.448256566,98.5
197.474,10.20776749,0.198959896,3.448256566,98.5
197.499,10.20648279,0.231916443,3.472057148,98.5
197.524,10.20476986,0.231916443,3.472057148,98.5
197.549,10.20434163,0.231916443,3.448256566,98.5
197.574,10.20348517,0.231916443,3.465868641,98.6
197.599,10.20476986,0.231916443,3.465868641,98.6
197.624,10.20348517,0.231916443,3.448256566,98.5
197.649,10.20348517,0.231916443,3.472057148,98.5
197.673,10.20091577,0.231916443,3.472057148,98.5
197.698,10.19920285,0.231916443,3.465868641,98.6
197.723,10.19706169,0.231916443,3.465868641,98.6
197.748,10.19620522,0.231916443,3.465868641,98.6
197.773,10.19577699,0.231916443,3.465868641,98.6
197.798,10.19363583,0.231916443,3.465868641,98.6
197.823,10.19235113,0.231916443,3.472057148,98.5
197.848,10.19106644,0.231916443,3.472057148,98.5
197.873,10.1906382,0.231916443,3.472057148,98.5
197.898,10.18978174,0.231916443,3.472057148,98.5
197.923,10.18978174,0.231916443,3.448256566,98.5
197.948,10.18935351,0.231916443,3.448256566,98.5
197.972,10.18721235,0.231916443,3.472057148,98.5
197.997,10.18464296,0.231916443,3.472057148,98.5
198.022,10.1825018,0.231916443,3.465868641,98.6
198.047,10.1812171,0.231916443,3.465868641,98.6
198.072,10.18078887,0.231916443,3.465868641,98.6
198.097,10.1799324,0.231916443,3.465868641,98.6
198.122,10.17950417,0.231916443,3.465868641,98.6
198.147,10.17950417,0.26487299,3.465868641,98.6
198.172,10.17821948,0.231916443,3.472057148,98.5
198.197,10.17607832,0.231916443,3.472057148,98.5
198.222,10.17607832,0.231916443,3.472057148,98.5
198.247,10.17607832,0.231916443,3.448256566,98.5
198.271,10.17607832,0.231916443,3.472057148,98.5
198.296,10.17350892,0.231916443,3.472057148,98.5
198.321,10.17222423,0.231916443,3.472057148,98.5
198.346,10.17222423,0.231916443,3.472057148,98.5
198.371,10.17093953,0.231916443,3.472057148,98.5
198.396,10.16879837,0.231916443,3.472057148,98.5
198.421,10.16751367,0.231916443,3.448256566,98.5
198.446,10.16879837,0.231916443,3.472057148,98.5
198.471,10.16879837,0.231916443,3.472057148,98.5
198.496,10.16837014,0.26487299,3.472057148,98.5
198.521,10.16751367,0.26487299,3.472057148,98.5
198.546,10.16622898,0.26487299,3.472057148,98.5
198.57,10.16280312,0.231916443,3.472057148,98.5
198.595,10.16151843,0.26487299,3.465868641,98.6
198.62,10.16280312,0.26487299,3.465868641,98.6
198.645,10.16109019,0.231916443,3.465868641,98.6
198.67,10.16023373,0.231916443,3.465868641,98.6
198.695,10.1598055,0.231916443,3.472057148,98.5
198.72,10.1598055,0.231916443,3.472057148,98.5
198.745,10.15894903,0.231916443,3.472057148,98.5
198.77,10.1585208,0.231916443,3.472057148,98.5
198.795,10.15766434,0.231916443,3.472057148,98.5
198.82,10.15894903,0.231916443,3.472057148,98.5
198.845,10.15637964,0.231916443,3.472057148,98.5
198.87,10.15295378,0.26487299,3.472057148,98.5
198.894,10.15166909,0.26487299,3.465868641,98.6
198.919,10.15252555,0.231916443,3.472057148,98.5
198.944,10.15252555,0.231916443,3.472057148,98.5
198.969,10.15166909,0.26487299,3.472057148,98.5
198.994,10.15124086,0.26487299,3.472057148,98.5
199.019,10.15381025,0.26487299,3.572057148,98.4
199.044,10.15381025,0.231916443,3.572057148,98.4
199.069,10.15252555,0.26487299,3.565868641,98.5
199.094,10.15124086,0.26487299,3.565868641,98.5
199.119,10.15038439,0.231916443,3.565868641,98.5
199.144,10.14867146,0.26487299,3.565868641,98.5
199.169,10.14695854,0.26487299,3.565868641,98.5
199.193,10.147815,0.26487299,3.565868641,98.5
199.218,10.14695854,0.26487299,3.572057148,98.4
199.243,10.14867146,0.26487299,3.572057148,98.4
199.268,10.14524561,0.231916443,3.572057148,98.4
199.293,10.1465303,0.26487299,3.572057148,98.4
199.318,10.14695854,0.26487299,3.572057148,98.4
199.343,10.1465303,0.26487299,3.572057148,98.4
199.368,10.14567384,0.26487299,3.572057148,98.4
199.393,10.14524561,0.26487299,3.572057148,98.4
199.418,10.14310445,0.26487299,3.572057148,98.4
199.443,10.14139152,0.231916443,3.565868641,98.5
199.468,10.14053505,0.26487299,3.601569514,98.5
199.492,10.14010682,0.231916443,3.565868641,98.5
199.517,10.14010682,0.231916443,3.565868641,98.5
199.542,10.14010682,0.26487299,3.572057148,98.4
199.567,10.14010682,0.231916443,3.572057148,98.4
199.592,10.14010682,0.231916443,3.572057148,98.4
199.617,10.14053505,0.231916443,3.572057148,98.4
199.642,10.13925036,0.231916443,3.572057148,98.4
199.667,10.14010682,0.26487299,3.572057148,98.4
199.692,10.13925036,0.26487299,3.607758021,98.4
199.717,10.13796566,0.231916443,3.607758021,98.4
199.742,10.13668097,0.26487299,3.607758021,98.4
199.767,10.13539627,0.231916443,3.572057148,98.4
199.792,10.1358245,0.231916443,3.607758021,98.4
199.816,10.13453981,0.26487299,3.572057148,98.4
199.841,10.13411157,0.26487299,3.572057148,98.4
199.866,10.13539627,0.26487299,3.572057148,98.4
199.891,10.1358245,0.231916443,3.607758021,98.4
199.916,10.1358245,0.231916443,3.572057148,98.4
199.941,10.1358245,0.231916443,3.572057148,98.4
199.966,10.13453981,0.26487299,3.572057148,98.4
199.991,10.13325511,0.26487299,3.607758021,98.4
200.016,10.13282688,0.231916443,3.565868641,98.5
200.041,10.13154218,0.231916443,3.601569514,98.5
200.066,10.13197041,0.26487299,3.601569514,98.5
200.091,10.13197041,0.26487299,3.565868641,98.5
200.115,10.13197041,0.231916443,3.607758021,98.4
200.14,10.13068572,0.26487299,3.572057148,98.4
200.165,10.13154218,0.26487299,3.607758021,98.4
200.19,10.13154218,0.231916443,3.607758021,98.4
200.215,10.13197041,0.26487299,3.572057148,98.4
200.24,10.13068572,0.26487299,3.572057148,98.4
200.265,10.13025749,0.26487299,3.607758021,98.4
200.29,10.12854456,0.231916443,3.572057148,98.4
200.315,10.12683163,0.26487299,3.601569514,98.5
200.34,10.12683163,0.26487299,3.601569514,98.5
200.365,10.12725986,0.26487299,3.565868641,98.5
200.39,10.12725986,0.231916443,3.572057148,98.4
200.414,10.12725986,0.26487299,3.607758021,98.4
200.439,10.12854456,0.231916443,3.607758021,98.4
200.464,10.12940102,0.26487299,3.607758021,98.4
200.489,10.12725986,0.26487299,3.607758021,98.4
200.514,10.12683163,0.26487299,3.607758021,98.4
200.539,10.12683163,0.26487299,3.572057148,98.4
200.564,10.12683163,0.26487299,3.601569514,98.5
200.589,10.12597516,0.26487299,3.601569514,98.5
200.614,10.12469047,0.26487299,3.565868641,98.5
200.639,10.12597516,0.26487299,3.601569514,98.5
200.664,10.12554693,0.26487299,3.607758021,98.4
200.689,10.12340577,0.26487299,3.607758021,98.4
200.714,10.12297754,0.231916443,3.607758021,98.4
200.738,10.12340577,0.26487299,3.613946528,98.3
200.763,10.12469047,0.26487299,3.713946528,98.2
200.788,10.12554693,0.26487299,3.672057148,98.3
200.813,10.12426224,0.26487299,3.707758021,98.3
200.838,10.12297754,0.231916443,3.707758021,98.3
200.863,10.12169284,0.231916443,3.701569514,98.4
200.888,10.12169284,0.26487299,3.665868641,98.4
200.913,10.12083638,0.26487299,3.701569514,98.4
200.938,10.12083638,0.26487299,3.701569514,98.4
200.963,10.12083638,0.231916443,3.701569514,98.4
200.988,10.12169284,0.26487299,3.707758021,98.3
201.013,10.12212108,0.26487299,3.707758021,98.3
201.037,10.12212108,0.231916443,3.707758021,98.3
201.062,10.12083638,0.231916443,3.707758021,98.3
201.087,10.12169284,0.26487299,3.707758021,98.3
201.112,10.12169284,0.26487299,3.707758021,98.3
201.137,10.12212108,0.26487299,3.707758021,98.3
201.162,10.11955168,0.26487299,3.707758021,98.3
201.187,10.11955168,0.26487299,3.707758021,98.3
201.212,10.11955168,0.231916443,3.707758021,98.3
201.237,10.12040815,0.231916443,3.707758021,98.3
201.262,10.11955168,0.231916443,3.707758021,98.3
201.287,10.12083638,0.231916443,3.707758021,98.3
201.312,10.12212108,0.231916443,3.707758021,98.3
201.336,10.12212108,0.231916443,3.707758021,98.3
201.361,10.12169284,0.26487299,3.672057148,98.3
201.386,10.12083638,0.231916443,3.707758021,98.3
201.411,10.11955168,0.26487299,3.707758021,98.3
201.436,10.11826699,0.26487299,3.701569514,98.4
201.461,10.11698229,0.26487299,3.701569514,98.4
201.486,10.11869522,0.26487299,3.701569514,98.4
201.511,10.11869522,0.26487299,3.701569514,98.4
201.536,10.11826699,0.26487299,3.707758021,98.3
201.561,10.11698229,0.231916443,3.707758021,98.3
201.586,10.11698229,0.231916443,3.707758021,98.3
201.611,10.11826699,0.231916443,3.707758021,98.3
201.635,10.11826699,0.231916443,3.707758021,98.3
201.66,10.11826699,0.231916443,3.707758021,98.3
201.685,10.11826699,0.231916443,3.707758021,98.3
201.71,10.11698229,0.231916443,3.707758021,98.3
201.735,10.11484113,0.231916443,3.707758021,98.3
201.76,10.11484113,0.231916443,3.701569514,98.4
201.785,10.1156976,0.231916443,3.701569514,98.4
201.81,10.11741052,0.231916443,3.701569514,98.4
201.835,10.11741052,0.231916443,3.707758021,98.3
201.86,10.11826699,0.231916443,3.707758021,98.3
201.885,10.11826699,0.231916443,3.707758021,98.3
201.91,10.11698229,0.231916443,3.707758021,98.3
201.935,10.11612583,0.231916443,3.707758021,98.3
201.959,10.1156976,0.231916443,3.707758021,98.3
201.984,10.1156976,0.231916443,3.707758021,98.3
202.009,10.11741052,0.231916443,3.707758021,98.3
202.034,10.11698229,0.231916443,3.707758021,98.3
202.059,10.1156976,0.231916443,3.701569514,98.4
202.084,10.11484113,0.231916443,3.707758021,98.3
202.109,10.1144129,0.231916443,3.707758021,98.3
202.134,10.1144129,0.231916443,3.707758021,98.3
202.159,10.11484113,0.231916443,3.707758021,98.3
202.184,10.11698229,0.231916443,3.707758021,98.3
202.209,10.11698229,0.231916443,3.707758021,98.3
202.234,10.1144129,0.231916443,3.707758021,98.3
202.258,10.11484113,0.231916443,3.707758021,98.3
202.283,10.1144129,0.231916443,3.743458895,98.3
202.308,10.1131282,0.231916443,3.701569514,98.4
202.333,10.1131282,0.231916443,3.701569514,98.4
202.358,10.11355644,0.231916443,3.701569514,98.4
202.383,10.1144129,0.231916443,3.701569514,98.4
202.408,10.1131282,0.231916443,3.707758021,98.3
202.433,10.1131282,0.231916443,3.807758021,98.2
202.458,10.1144129,0.231916443,3.807758021,98.2
202.483,10.11355644,0.231916443,3.807758021,98.2
202.508,10.11355644,0.231916443,3.807758021,98.2
202.533,10.11355644,0.231916443,3.807758021,98.2
202.557,10.11355644,0.231916443,3.807758021,98.2
202.582,10.11227174,0.231916443,3.807758021,98.2
202.607,10.11098704,0.231916443,3.807758021,98.2
202.632,10.11098704,0.231916443,3.807758021,98.2
202.657,10.11184351,0.26487299,3.807758021,98.2
202.682,10.11184351,0.231916443,3.807758021,98.2
202.707,10.11184351,0.231916443,3.807758021,98.2
202.732,10.11355644,0.231916443,3.807758021,98.2
202.757,10.1144129,0.231916443,3.807758021,98.2
202.782,10.1144129,0.231916443,3.807758021,98.2
202.807,10.1131282,0.231916443,3.807758021,98.2
202.832,10.11184351,0.231916443,3.807758021,98.2
202.857,10.11184351,0.231916443,3.843458895,98.2
202.881,10.11098704,0.231916443,3.807758021,98.2
202.906,10.10970235,0.231916443,3.801569514,98.3
202.931,10.11184351,0.231916443,3.801569514,98.3
202.956,10.11098704,0.231916443,3.807758021,98.2
202.981,10.10970235,0.231916443,3.807758021,98.2
203.006,10.10970235,0.231916443,3.807758021,98.2
203.031,10.11055881,0.231916443,3.807758021,98.2
203.056,10.11098704,0.231916443,3.807758021,98.2
203.081,10.11055881,0.231916443,3.807758021,98.2
203.106,10.11098704,0.231916443,3.843458895,98.2
203.131,10.10970235,0.231916443,3.843458895,98.2
203.156,10.10756119,0.231916443,3.807758021,98.2
203.18,10.10713295,0.231916443,3.807758021,98.2
203.205,10.10884588,0.231916443,3.801569514,98.3
203.23,10.10970235,0.231916443,3.801569514,98.3
203.255,10.11098704,0.231916443,3.807758021,98.2
203.28,10.11055881,0.231916443,3.807758021,98.2
203.305,10.11184351,0.231916443,3.807758021,98.2
203.33,10.11098704,0.26487299,3.843458895,98.2
203.355,10.11055881,0.26487299,3.837270387,98.3
203.38,10.11098704,0.26487299,3.801569514,98.3
203.405,10.11098704,0.231916443,3.807758021,98.2
203.43,10.11055881,0.231916443,3.843458895,98.2
203.455,10.10884588,0.231916443,3.807758021,98.2
203.479,10.10841765,0.231916443,3.843458895,98.2
203.504,10.10884588,0.26487299,3.807758021,98.2
203.529,10.10756119,0.231916443,3.807758021,98.2
203.554,10.10713295,0.231916443,3.807758021,98.2
203.579,10.10627649,0.231916443,3.807758021,98.2
203.604,10.10756119,0.231916443,3.807758021,98.2
203.629,10.10884588,0.231916443,3.807758021,98.2
203.654,10.10841765,0.231916443,3.807758021,98.2
203.679,10.10756119,0.231916443,3.807758021,98.2
203.704,10.10627649,0.26487299,3.807758021,98.2
203.729,10.10456356,0.231916443,3.837270387,98.3
203.754,10.10499179,0.231916443,3.837270387,98.3
203.779,10.10499179,0.231916443,3.837270387,98.3
203.803,10.10627649,0.26487299,3.843458895,98.2
203.828,10.10584826,0.26487299,3.807758021,98.2
203.853,10.10584826,0.231916443,3.807758021,98.2
203.878,10.10627649,0.231916443,3.807758021,98.2
203.903,10.10713295,0.231916443,3.807758021,98.2
203.928,10.10627649,0.231916443,3.843458895,98.2
203.953,10.10584826,0.26487299,3.807758021,98.2
203.978,10.10584826,0.231916443,3.807758021,98.2
204.003,10.10499179,0.231916443,3.843458895,98.2
204.028,10.10499179,0.26487299,3.807758021,98.2
204.053,10.10456356,0.231916443,3.843458895,98.2
204.078,10.10456356,0.231916443,3.807758021,98.2
204.102,10.10584826,0.26487299,3.843458895,98.2
204.127,10.10584826,0.231916443,3.843458895,98.2
204.152,10.10627649,0.26487299,3.843458895,98.2
204.177,10.10756119,0.26487299,3.807758021,98.2
204.202,10.10627649,0.231916443,3.807758021,98.2
204.227,10.10456356,0.231916443,3.837270387,98.3
204.252,10.1037071,0.231916443,3.837270387,98.3
204.277,10.10456356,0.231916443,3.837270387,98.3
204.302,10.10456356,0.231916443,3.801569514,98.3
204.327,10.1037071,0.231916443,3.837270387,98.3
204.352,10.10327887,0.231916443,3.801569514,98.3
204.377,10.1037071,0.231916443,3.807758021,98.2
204.401,10.10327887,0.231916443,3.807758021,98.2
204.426,10.1024224,0.231916443,3.813946528,98.1
204.451,10.10456356,0.231916443,3.813946528,98.1
204.476,10.10499179,0.231916443,3.843458895,98.2
204.501,10.10456356,0.231916443,3.843458895,98.2
204.526,10.1037071,0.231916443,3.843458895,98.2
204.551,10.1024224,0.231916443,3.807758021,98.2
204.576,10.10199417,0.26487299,3.807758021,98.2
204.601,10.10199417,0.231916443,3.837270387,98.3
204.626,10.10113771,0.26487299,3.837270387,98.3
204.651,10.10327887,0.231916443,3.837270387,98.3
204.676,10.1024224,0.26487299,3.843458895,98.2
204.701,10.10327887,0.231916443,3.843458895,98.2
204.725,10.1024224,0.231916443,3.807758021,98.2
204.75,10.10327887,0.231916443,3.807758021,98.2
204.775,10.10327887,0.231916443,3.807758021,98.2
204.8,10.10113771,0.231916443,3.837270387,98.3
204.825,10.10199417,0.26487299,3.937270387,98.2
204.85,10.10327887,0.231916443,3.937270387,98.2
204.875,10.10327887,0.231916443,3.943458895,98.1
204.9,10.10113771,0.231916443,3.943458895,98.1
204.925,10.10070947,0.231916443,3.943458895,98.1
204.95,10.10113771,0.231916443,3.943458895,98.1
204.975,10.10113771,0.231916443,3.943458895,98.1
205,10.10070947,0.231916443,3.943458895,98.1
205.024,10.1024224,0.231916443,3.913946528,98
205.049,10.1037071,0.231916443,3.943458895,98.1
205.074,10.10327887,0.231916443,3.907758021,98.1
205.099,10.10113771,0.231916443,3.907758021,98.1
205.124,10.10070947,0.231916443,3.901569514,98.2
205.149,10.09985301,0.231916443,3.901569514,98.2
205.174,10.09985301,0.231916443,3.937270387,98.2
205.199,10.09985301,0.231916443,3.937270387,98.2
205.224,10.10113771,0.231916443,3.901569514,98.2
205.249,10.1024224,0.231916443,3.907758021,98.1
205.274,10.10113771,0.231916443,3.907758021,98.1
205.299,10.1024224,0.231916443,3.907758021,98.1
205.323,10.10327887,0.26487299,3.907758021,98.1
205.348,10.1037071,0.231916443,3.907758021,98.1
205.373,10.1024224,0.231916443,3.907758021,98.1
205.398,10.10113771,0.231916443,3.901569514,98.2
205.423,10.10113771,0.231916443,3.937270387,98.2
205.448,10.10070947,0.231916443,3.943458895,98.1
205.473,10.09856831,0.231916443,3.907758021,98.1
205.498,10.09899655,0.231916443,3.943458895,98.1
205.523,10.10070947,0.231916443,3.943458895,98.1
205.548,10.10070947,0.231916443,3.907758021,98.1
205.573,10.10113771,0.231916443,3.943458895,98.1
205.598,10.1024224,0.231916443,3.943458895,98.1
205.622,10.1024224,0.231916443,3.907758021,98.1
205.647,10.10070947,0.231916443,3.901569514,98.2
205.672,10.09985301,0.231916443,3.901569514,98.2
205.697,10.09899655,0.231916443,3.937270387,98.2
205.722,10.09985301,0.231916443,3.901569514,98.2
205.747,10.09985301,0.231916443,3.901569514,98.2
205.772,10.09899655,0.231916443,3.937270387,98.2
205.797,10.09985301,0.231916443,3.901569514,98.2
205.822,10.09985301,0.231916443,3.907758021,98.1
205.847,10.09856831,0.231916443,3.907758021,98.1
205.872,10.09899655,0.231916443,3.949647402,98
205.897,10.10070947,0.231916443,3.949647402,98
205.922,10.10070947,0.231916443,3.943458895,98.1
205.946,10.09899655,0.231916443,3.943458895,98.1
205.971,10.09899655,0.231916443,3.901569514,98.2
205.996,10.09771185,0.231916443,3.901569514,98.2
206.021,10.09728362,0.231916443,3.901569514,98.2
206.046,10.09771185,0.231916443,3.901569514,98.2
206.071,10.09985301,0.231916443,3.937270387,98.2
206.096,10.10070947,0.231916443,3.937270387,98.2
206.121,10.09899655,0.231916443,3.943458895,98.1
206.146,10.09899655,0.231916443,3.907758021,98.1
206.171,10.09985301,0.231916443,3.907758021,98.1
206.196,10.09985301,0.231916443,3.943458895,98.1
206.221,10.09985301,0.231916443,3.907758021,98.1
206.245,10.09899655,0.231916443,3.901569514,98.2
206.27,10.09899655,0.231916443,3.907758021,98.1
206.295,10.09899655,0.231916443,3.901569514,98.2
206.32,10.09771185,0.231916443,3.943458895,98.1
206.345,10.09771185,0.231916443,3.943458895,98.1
206.37,10.09771185,0.231916443,3.907758021,98.1
206.395,10.09728362,0.231916443,3.907758021,98.1
206.42,10.09856831,0.231916443,3.943458895,98.1
206.445,10.09899655,0.231916443,3.907758021,98.1
206.47,10.09985301,0.231916443,3.907758021,98.1
206.495,10.09985301,0.231916443,3.907758021,98.1
206.52,10.09771185,0.231916443,3.907758021,98.1
206.544,10.09642715,0.231916443,3.937270387,98.2
206.569,10.09642715,0.231916443,3.901569514,98.2
206.594,10.09728362,0.198959896,3.937270387,98.2
206.619,10.09771185,0.231916443,3.901569514,98.2
206.644,10.09771185,0.231916443,3.937270387,98.2
206.669,10.09771185,0.231916443,3.907758021,98.1
206.694,10.09728362,0.231916443,3.907758021,98.1
206.719,10.09728362,0.231916443,3.907758021,98.1
206.744,10.09856831,0.231916443,3.907758021,98.1
206.769,10.09856831,0.231916443,3.943458895,98.1
206.794,10.09856831,0.231916443,3.943458895,98.1
206.819,10.09771185,0.198959896,3.943458895,98.1
206.844,10.09642715,0.231916443,3.943458895,98.1
206.868,10.09642715,0.231916443,3.907758021,98.1
206.893,10.09642715,0.231916443,3.943458895,98.1
206.918,10.09642715,0.231916443,3.943458895,98.1
207.017,10.09985301,0.100090254,3.907758021,98.1
207.117,10.09771185,0,3.901569514,98.2
207.216,10.09985301,-0.065913094,3.907758021,98.1
207.316,10.1024224,-0.065913094,3.907758021,98.1
207.416,10.09985301,-0.100090254,3.865868641,98.2
207.515,10.10113771,-0.133046802,3.907758021,98.1
207.615,10.10199417,-0.133046802,3.907758021,98.1
207.715,10.10199417,-0.133046802,3.907758021,98.1
207.814,10.10199417,-0.133046802,3.907758021,98.1
207.914,10.1024224,-0.133046802,3.907758021,98.1
208.014,10.10199417,-0.133046802,3.937270387,98.2
208.113,10.10070947,-0.133046802,3.943458895,98.1
208.213,10.10113771,-0.133046802,3.943458895,98.1
208.313,10.10070947,-0.133046802,3.907758021,98.1
208.412,10.10327887,-0.133046802,4.007758021,98
208.512,10.10199417,-0.133046802,3.937270387,98.2
208.612,10.10199417,-0.133046802,4.007758021,98
208.711,10.10327887,-0.133046802,4.043458895,98
208.811,10.10113771,-0.133046802,4.001569514,98.1
208.911,10.1024224,-0.133046802,4.037270387,98.1
209.01,10.10327887,-0.133046802,4.043458895,98
209.11,10.10327887,-0.133046802,4.037270387,98.1
209.21,10.1024224,-0.133046802,4.007758021,98
209.31,10.10499179,-0.133046802,4.043458895,98
209.409,10.1037071,-0.133046802,4.037270387,98.1
209.509,10.1024224,-0.133046802,4.043458895,98
209.609,10.1037071,-0.133046802,4.043458895,98
209.708,10.10199417,-0.166003349,4.043458895,98
209.808,10.10456356,-0.133046802,4.043458895,98
209.908,10.10327887,-0.133046802,4.037270387,98.1
210.007,10.1037071,-0.166003349,4.037270387,98.1
210.107,10.1024224,-0.166003349,4.043458895,98
210.207,10.1024224,-0.133046802,4.037270387,98.1
210.306,10.10199417,-0.166003349,4.037270387,98.1
210.406,10.1037071,-0.166003349,4.043458895,98
210.506,10.10456356,-0.133046802,4.037270387,98.1
210.605,10.10199417,-0.133046802,4.043458895,98
210.705,10.10456356,-0.166003349,4.043458895,98
210.805,10.1024224,-0.166003349,4.037270387,98.1
210.904,10.10327887,-0.166003349,4.037270387,98.1
211.004,10.10499179,-0.133046802,4.043458895,98
211.104,10.10199417,-0.166003349,4.037270387,98.1
211.203,10.10499179,-0.166003349,4.037270387,98.1
211.303,10.10627649,-0.133046802,4.043458895,98
211.403,10.10499179,-0.166003349,4.037270387,98.1
211.502,10.10327887,-0.166003349,4.043458895,98
211.602,10.10499179,-0.166003349,4.143458895,97.9
211.702,10.10199417,-0.166003349,4.137270387,98
211.801,10.10327887,-0.166003349,4.143458895,97.9
211.901,10.10499179,-0.166003349,4.143458895,97.9
212.001,10.1024224,-0.166003349,4.143458895,97.9
212.1,10.10499179,-0.166003349,4.143458895,97.9
212.2,10.10327887,-0.166003349,4.137270387,98
212.3,10.10327887,-0.166003349,4.137270387,98
212.399,10.10327887,-0.166003349,4.107758021,97.9
212.499,10.10113771,-0.166003349,4.143458895,97.9
212.599,10.1024224,-0.166003349,4.137270387,98
212.698,10.10327887,-0.166003349,4.137270387,98
212.798,10.1024224,-0.166003349,4.137270387,98
212.898,10.10113771,-0.166003349,4.143458895,97.9
212.997,10.10456356,-0.166003349,4.143458895,97.9
213.097,10.10113771,-0.166003349,4.137270387,98
213.197,10.1024224,-0.166003349,4.143458895,97.9
213.296,10.10327887,-0.166003349,4.143458895,97.9
213.396,10.1024224,-0.166003349,4.143458895,97.9
213.496,10.1024224,-0.166003349,4.143458895,97.9
213.596,10.10327887,-0.166003349,4.137270387,98
213.695,10.1024224,-0.166003349,4.137270387,98
213.795,10.10327887,-0.198959896,4.143458895,97.9
213.895,10.1037071,-0.166003349,4.137270387,98
213.994,10.10113771,-0.166003349,4.137270387,98
214.094,10.10499179,-0.166003349,4.143458895,97.9
214.194,10.10456356,-0.166003349,4.137270387,98
214.293,10.1024224,-0.198959896,4.143458895,97.9
214.393,10.1037071,-0.166003349,4.143458895,97.9
214.493,10.10199417,-0.166003349,4.237270387,97.9
214.592,10.10327887,-0.166003349,4.237270387,97.9
214.692,10.1024224,-0.166003349,4.243458895,97.8
214.792,10.1024224,-0.198959896,4.237270387,97.9
214.891,10.10327887,-0.166003349,4.243458895,97.8
214.991,10.10584826,-0.166003349,4.243458895,97.8
215.091,10.1024224,-0.198959896,4.237270387,97.9
215.19,10.10327887,-0.166003349,4.243458895,97.8
215.29,10.10456356,-0.198959896,4.243458895,97.8
215.39,10.1037071,-0.166003349,4.237270387,97.9
215.489,10.10499179,-0.198959896,4.237270387,97.9
215.589,10.1037071,-0.198959896,4.237270387,97.9
215.689,10.10499179,-0.198959896,4.237270387,97.9
215.788,10.1037071,-0.166003349,4.243458895,97.8
215.888,10.10456356,-0.166003349,4.243458895,97.8
215.988,10.10456356,-0.198959896,4.237270387,97.9
216.087,10.10456356,-0.166003349,4.243458895,97.8
216.187,10.1037071,-0.198959896,4.243458895,97.8
216.287,10.1037071,-0.166003349,4.237270387,97.9
216.386,10.10627649,-0.198959896,4.237270387,97.9
216.486,10.10584826,-0.198959896,4.237270387,97.9
216.586,10.10456356,-0.166003349,4.243458895,97.8
216.685,10.10499179,-0.166003349,4.243458895,97.8
216.785,10.10113771,-0.198959896,4.237270387,97.9
216.885,10.10456356,-0.198959896,4.237270387,97.9
216.984,10.10456356,-0.166003349,4.237270387,97.9
217.084,10.1037071,-0.198959896,4.243458895,97.8
217.184,10.10327887,-0.198959896,4.243458895,97.8
217.283,10.10584826,-0.198959896,4.243458895,97.8
217.383,10.10327887,-0.198959896,4.237270387,97.9
217.483,10.10327887,-0.198959896,4.243458895,97.8
217.583,10.1037071,-0.198959896,4.243458895,97.8
217.682,10.10113771,-0.198959896,4.243458895,97.8
217.782,10.10456356,-0.166003349,4.243458895,97.8
217.882,10.10327887,-0.198959896,4.237270387,97.9
217.981,10.1037071,-0.198959896,4.237270387,97.9
218.081,10.1037071,-0.198959896,4.343458895,97.7
218.181,10.1024224,-0.198959896,4.337270387,97.8
218.28,10.1037071,-0.198959896,4.337270387,97.8
218.38,10.10456356,-0.198959896,4.343458895,97.7
218.48,10.10327887,-0.198959896,4.343458895,97.7
218.579,10.10327887,-0.198959896,4.343458895,97.7
218.679,10.10456356,-0.198959896,4.343458895,97.7
218.779,10.10199417,-0.198959896,4.337270387,97.8
218.878,10.10327887,-0.198959896,4.343458895,97.7
218.978,10.1037071,-0.198959896,4.343458895,97.7
219.078,10.10113771,-0.198959896,4.337270387,97.8
219.177,10.10456356,-0.198959896,4.343458895,97.7
219.277,10.10456356,-0.198959896,4.337270387,97.8
219.377,10.10499179,-0.198959896,4.337270387,97.8
219.476,10.1024224,-0.198959896,4.343458895,97.7
219.576,10.10327887,-0.198959896,4.343458895,97.7
219.676,10.1024224,-0.198959896,4.337270387,97.8
219.775,10.1024224,-0.198959896,4.343458895,97.7
219.875,10.10456356,-0.198959896,4.343458895,97.7
219.975,10.10327887,-0.198959896,4.343458895,97.7
220.074,10.10627649,-0.198959896,4.343458895,97.7
220.174,10.10327887,-0.198959896,4.337270387,97.8
220.274,10.1037071,-0.198959896,4.337270387,97.8
220.373,10.10584826,-0.231916443,4.343458895,97.7
220.473,10.10327887,-0.198959896,4.337270387,97.8
220.573,10.10584826,-0.198959896,4.337270387,97.8
220.672,10.10584826,-0.231916443,4.343458895,97.7
220.772,10.10499179,-0.231916443,4.337270387,97.8
220.872,10.10456356,-0.231916443,4.343458895,97.7
220.971,10.10713295,-0.231916443,4.307758021,97.7
221.071,10.1037071,-0.231916443,4.337270387,97.8
221.171,10.1037071,-0.231916443,4.337270387,97.8
221.27,10.10627649,-0.198959896,4.343458895,97.7
221.37,10.10456356,-0.198959896,4.343458895,97.7
221.47,10.10584826,-0.198959896,4.343458895,97.7
221.569,10.10499179,-0.231916443,4.337270387,97.8
221.669,10.1037071,-0.231916443,4.337270387,97.8
221.769,10.10499179,-0.231916443,4.343458895,97.7
221.869,10.10456356,-0.231916443,4.36107097,97.8
221.968,10.1037071,-0.231916443,4.337270387,97.8
222.068,10.10627649,-0.231916443,4.337270387,97.8
222.168,10.10584826,-0.198959896,4.337270387,97.8
222.267,10.1037071,-0.231916443,4.343458895,97.7
222.367,10.10584826,-0.231916443,4.343458895,97.7
222.467,10.10456356,-0.231916443,4.337270387,97.8
222.566,10.1037071,-0.231916443,4.46107097,97.7
222.666,10.10584826,-0.231916443,4.443458895,97.6
222.766,10.10327887,-0.231916443,4.443458895,97.6
222.865,10.10499179,-0.231916443,4.443458895,97.6
222.965,10.10713295,-0.231916443,4.437270387,97.7
223.065,10.10499179,-0.231916443,4.437270387,97.7
223.164,10.1037071,-0.231916443,4.443458895,97.6
223.264,10.10584826,-0.231916443,4.443458895,97.6
223.364,10.1037071,-0.231916443,4.437270387,97.7
223.463,10.10499179,-0.231916443,4.437270387,97.7
223.563,10.10584826,-0.231916443,4.437270387,97.7
223.663,10.10499179,-0.231916443,4.443458895,97.6
223.762,10.10499179,-0.231916443,4.467259477,97.6
223.862,10.1037071,-0.231916443,4.437270387,97.7
223.962,10.10327887,-0.231916443,4.437270387,97.7
224.061,10.10499179,-0.231916443,4.443458895,97.6
224.161,10.1037071,-0.231916443,4.437270387,97.7
224.261,10.10327887,-0.231916443,4.443458895,97.6
224.36,10.10584826,-0.231916443,4.443458895,97.6
224.46,10.10499179,-0.231916443,4.46107097,97.7
224.56,10.10456356,-0.231916443,4.443458895,97.6
224.659,10.10713295,-0.231916443,4.443458895,97.6
224.759,10.10327887,-0.231916443,4.437270387,97.7
224.859,10.10499179,-0.231916443,4.46107097,97.7
224.958,10.10584826,-0.26487299,4.467259477,97.6
225.058,10.10499179,-0.231916443,4.437270387,97.7
225.158,10.10456356,-0.231916443,4.467259477,97.6
225.257,10.10756119,-0.231916443,4.443458895,97.6
225.357,10.10627649,-0.231916443,4.437270387,97.7
225.457,10.10713295,-0.26487299,4.443458895,97.6
225.556,10.10713295,-0.26487299,4.443458895,97.6
225.656,10.10499179,-0.231916443,4.437270387,97.7
225.756,10.10841765,-0.26487299,4.437270387,97.7
225.856,10.10713295,-0.26487299,4.437270387,97.7
225.955,10.10627649,-0.26487299,4.437270387,97.7
226.055,10.10627649,-0.231916443,4.467259477,97.6
226.155,10.10456356,-0.26487299,4.437270387,97.7
226.254,10.10584826,-0.26487299,4.437270387,97.7
226.354,10.10627649,-0.26487299,4.443458895,97.6
226.454,10.10627649,-0.26487299,4.437270387,97.7
226.553,10.10499179,-0.26487299,4.443458895,97.6
226.653,10.10756119,-0.26487299,4.443458895,97.6
226.753,10.10627649,-0.26487299,4.437270387,97.7
226.852,10.10584826,-0.231916443,4.437270387,97.7
226.952,10.10713295,-0.26487299,4.443458895,97.6
227.052,10.10456356,-0.26487299,4.437270387,97.7
227.151,10.10756119,-0.26487299,4.437270387,97.7
227.251,10.10756119,-0.231916443,4.437270387,97.7
227.351,10.10884588,-0.26487299,4.46107097,97.7
227.45,10.10627649,-0.26487299,4.407758021,97.6
227.55,10.10627649,-0.26487299,4.467259477,97.6
227.65,10.10713295,-0.231916443,4.46107097,97.7
227.749,10.10713295,-0.26487299,4.407758021,97.6
227.849,10.10627649,-0.26487299,4.443458895,97.6
227.949,10.10584826,-0.26487299,4.467259477,97.6
228.048,10.10884588,-0.26487299,4.443458895,97.6
228.148,10.10627649,-0.231916443,4.437270387,97.7
228.248,10.10627649,-0.26487299,4.443458895,97.6
228.347,10.10713295,-0.26487299,4.443458895,97.6
228.447,10.10456356,-0.26487299,4.437270387,97.7
228.547,10.10713295,-0.26487299,4.437270387,97.7
228.646,10.10627649,-0.26487299,4.501569514,97.6
228.746,10.10584826,-0.26487299,4.537270387,97.6
228.846,10.10584826,-0.26487299,4.567259477,97.5
228.945,10.10756119,-0.26487299,4.56107097,97.6
229.045,10.10327887,-0.26487299,4.537270387,97.6
229.145,10.10499179,-0.26487299,4.543458895,97.5
229.244,10.10713295,-0.26487299,4.537270387,97.6
229.344,10.10584826,-0.26487299,4.567259477,97.5
229.444,10.10627649,-0.26487299,8.707758021,93.3
229.543,10.00307256,-0.795839584,52.71596253,49.1
229.643,9.837774992,-1.824816225,61.78165249,40
229.743,9.714872392,-1.72472597,67.94734245,33.8
229.842,9.611668467,-0.99479948,68.77685482,33.1
229.942,9.502897525,-1.392719272,72.18165249,29.6
230.042,9.38299255,-1.45985298,77.62354187,24.1
230.142,9.281501553,-1.127846282,82.64734245,19.1
230.241,9.216410281,-0.795839584,86.08304333,15.7
230.341,9.184721109,-0.662792783,87.98923183,13.7
230.441,9.158598953,-0.596879688,89.7187442,12.1
230.54,9.144039063,-0.530966594,91.0187442,10.8
230.64,9.132048566,-0.498010047,92.35444507,9.5
230.74,9.121770996,-0.463832887,93.25444507,8.6
230.839,9.114919284,-0.430876339,94.15444507,7.7
230.939,9.109352267,-0.397919792,95.07824566,6.8
231.039,9.102072322,-0.397919792,95.97205715,6
231.138,9.096505305,-0.430876339,96.87824566,5
231.238,9.093507681,-0.430876339,97.87824566,4
231.338,9.086655968,-0.430876339,98.77205715,3.2
231.437,9.08494304,-0.430876339,99.67824566,2.2
231.537,9.080232487,-0.397919792,100.6482566,1.3
231.637,9.075521935,-0.430876339,101.4720571,0.5
231.736,9.072952542,-0.430876339,101.9782457,-0.1
231.836,9.06824199,-0.397919792,101.907758,0.1
231.936,9.067813758,-0.397919792,101.907758,0.1
232.035,9.065672597,-0.364963245,101.9139465,0
232.135,9.063103205,-0.364963245,101.9496474,0
232.235,9.061818509,-0.364963245,101.907758,0.1
232.334,9.062674973,-0.364963245,101.907758,0.1
232.434,9.059249117,-0.364963245,101.9434589,0.1
232.534,9.058392652,-0.364963245,101.9434589,0.1
232.633,9.05796442,-0.364963245,101.9496474,0
232.733,9.054110332,-0.364963245,102.0434589,0
232.833,9.05582326,-0.364963245,102.0434589,0
232.932,9.054538564,-0.364963245,102.0434589,0
233.032,9.054538564,-0.364963245,102.0434589,0
233.132,9.052825636,-0.364963245,102.0496474,-0.1
233.231,9.052825636,-0.364963245,102.0434589,0
233.331,9.050684475,-0.332006698,102.0434589,0
233.431,9.049399779,-0.364963245,102.0434589,0
233.53,9.049399779,-0.364963245,102.0434589,0
233.63,9.047258619,-0.364963245,102.0434589,0
233.73,9.049399779,-0.364963245,102.0434589,0
233.829,9.047258619,-0.364963245,102.061071,0.1
233.929,9.045973923,-0.364963245,102.0434589,0
234.029,9.048115083,-0.364963245,102.073448,-0.1
234.129,9.044689227,-0.364963245,102.061071,0.1
234.228,9.046830387,-0.364963245,102.0672595,0
234.328,9.047258619,-0.364963245,102.0434589,0
234.428,9.045973923,-0.364963245,102.0672595,0
234.527,9.044260995,-0.364963245,102.0672595,0
234.627,9.045545691,-0.364963245,102.0672595,0
234.727,9.04340453,-0.364963245,102.061071,0.1
234.826,9.04340453,-0.364963245,102.0672595,0
234.926,9.044260995,-0.364963245,102.0672595,0
235.026,9.041691602,-0.364963245,102.0672595,0
235.125,9.044689227,-0.364963245,102.0672595,0
235.225,9.04340453,-0.364963245,102.061071,0.1
235.325,9.04340453,-0.364963245,102.0672595,0
235.424,9.042976298,-0.364963245,102.073448,-0.1
235.524,9.040835138,-0.364963245,102.061071,0.1
235.624,9.040835138,-0.364963245,102.061071,0.1
235.723,9.041691602,-0.364963245,102.0672595,0
235.823,9.040835138,-0.364963245,102.061071,0.1
235.923,9.039550442,-0.364963245,102.0672595,0
236.022,9.041691602,-0.364963245,102.0672595,0
236.122,9.039550442,-0.364963245,102.061071,0.1
236.222,9.039550442,-0.364963245,102.0672595,0
236.321,9.040835138,-0.397919792,102.0672595,0
236.421,9.037409282,-0.364963245,102.0672595,0
236.521,9.040406906,-0.364963245,102.0672595,0
236.62,9.040406906,-0.364963245,102.0672595,0
236.72,9.038693978,-0.397919792,102.061071,0.1
236.82,9.038265746,-0.364963245,102.0672595,0
236.919,9.038265746,-0.364963245,102.0672595,0
237.019,9.037409282,-0.397919792,102.0372704,0.1
237.119,9.038693978,-0.364963245,102.0672595,0
237.218,9.038693978,-0.364963245,102.1672595,-0.1
237.318,9.037409282,-0.397919792,102.0672595,0
237.418,9.038693978,-0.364963245,102.0672595,0
237.517,9.035696353,-0.397919792,102.0672595,0
237.617,9.03698105,-0.364963245,102.0672595,0
237.717,9.03698105,-0.364963245,102.0672595,0
237.816,9.034411657,-0.364963245,102.1672595,-0.1
237.916,9.034839889,-0.364963245,102.1434589,-0.1
238.016,9.036124586,-0.364963245,102.061071,0.1
238.116,9.034839889,-0.364963245,102.161071,0
238.215,9.033555193,-0.364963245,102.1672595,-0.1
238.315,9.035696353,-0.364963245,102.0672595,0
238.415,9.033126961,-0.364963245,102.161071,0
238.514,9.034839889,-0.364963245,102.1672595,-0.1
238.614,9.035696353,-0.397919792,102.161071,0
238.714,9.033555193,-0.397919792,102.1672595,-0.1
238.813,9.034411657,-0.397919792,102.1672595,-0.1
238.913,9.033555193,-0.397919792,102.161071,0
239.013,9.033555193,-0.397919792,102.161071,0
239.112,9.034411657,-0.364963245,102.1672595,-0.1
239.212,9.034411657,-0.364963245,102.1672595,-0.1
239.312,9.033555193,-0.397919792,102.1672595,-0.1
239.411,9.035696353,-0.364963245,102.161071,0
239.511,9.033555193,-0.364963245,102.161071,0
239.611,9.031842265,-0.397919792,102.1434589,-0.1
239.71,9.034411657,-0.397919792,102.1672595,-0.1
239.81,9.030129337,-0.364963245,102.161071,0
239.91,9.033126961,-0.397919792,102.1672595,-0.1
240.009,9.032270497,-0.397919792,102.1672595,-0.1
240.109,9.032270497,-0.364963245,102.1672595,-0.1
240.209,9.030985801,-0.364963245,102.1672595,-0.1
240.308,9.031842265,-0.364963245,102.1672595,-0.1
240.408,9.031842265,-0.364963245,102.161071,0
240.508,9.031842265,-0.397919792,102.1672595,-0.1
240.607,9.033126961,-0.397919792,102.161071,0
240.707,9.030129337,-0.364963245,102.161071,0
240.807,9.033126961,-0.364963245,102.1672595,-0.1
240.906,9.031842265,-0.397919792,102.161071,0
241.006,9.031842265,-0.364963245,102.161071,0
241.106,9.032270497,-0.397919792,102.1672595,-0.1
241.205,9.030129337,-0.397919792,102.161071,0
241.305,9.032270497,-0.397919792,102.161071,0
241.405,9.033126961,-0.364963245,102.1672595,-0.1
241.504,9.031842265,-0.397919792,102.1672595,-0.1
241.604,9.030129337,-0.397919792,102.1672595,-0.1
241.704,9.032270497,-0.397919792,102.1672595,-0.1
241.803,9.030129337,-0.364963245,102.161071,0
241.864,9.030129337,-0.364963245,102.1672595,-0.1
