Project: Evolutionary Intensity Measures for More Accurate and Informative Liquefaction Hazard Evaluation,,,,
Exp9: 33 to 55% Relative Density Cyclic Simple Shear Tests under Transient Loadings,,,,
Operator: Wing Shun Kwan,,,,
Date: 2013-03-03,,,,
,,,,
Time [sec],Shear Strain [%],Shear Stress [kPa],Effective Vertical Stress [kPa],Excess Pore Pressure [kPa]
0.001,0,0,99.59912127,-0.3
0.013,0,0,99.59912127,-0.3
0.026,0,0,99.5634204,-0.3
0.038,0,0,99.5634204,-0.3
0.051,0.000430692,0,99.5634204,-0.3
0.064,0.000430692,0,99.5634204,-0.3
0.076,0.000430692,0.032956547,99.5634204,-0.3
0.089,0,0.032956547,99.5634204,-0.3
0.102,0.000430692,0.032956547,99.5634204,-0.3
0.115,0.000430692,0.032956547,99.5634204,-0.3
0.127,0,0.032956547,99.5634204,-0.3
0.14,0,0.032956547,99.5634204,-0.3
0.153,0,0.032956547,99.55723189,-0.2
0.165,0,0.032956547,99.5634204,-0.3
0.178,0,0.032956547,99.55723189,-0.2
0.191,0.000430692,0.032956547,99.56960891,-0.4
0.203,0.000430692,0.032956547,99.55723189,-0.2
0.216,0.000430692,0.032956547,99.52771953,-0.3
0.229,0.000430692,0.032956547,99.55723189,-0.2
0.242,0.000430692,0.032956547,99.5634204,-0.3
0.254,0.000430692,0.032956547,99.55723189,-0.2
0.267,0,0.032956547,99.5634204,-0.3
0.28,0.000430692,0.032956547,99.5634204,-0.3
0.292,0.000430692,0.032956547,99.5634204,-0.3
0.305,0.000430692,0.065913094,99.5634204,-0.3
0.318,0,0.065913094,99.5634204,-0.3
0.33,0.000430692,0.065913094,99.5634204,-0.3
0.343,0.000430692,0.065913094,99.5634204,-0.3
0.356,0,0.065913094,99.5634204,-0.3
0.369,0,0.065913094,99.5634204,-0.3
0.381,0.000430692,0.065913094,99.5634204,-0.3
0.394,0.000430692,0.065913094,99.5634204,-0.3
0.407,0.000430692,0.100090254,99.5634204,-0.3
0.419,0,0.100090254,99.5634204,-0.3
0.432,0,0.100090254,99.55723189,-0.2
0.445,0,0.100090254,99.5634204,-0.3
0.458,0,0.100090254,99.55723189,-0.2
0.47,0,0.100090254,99.56960891,-0.4
0.483,0.000430692,0.100090254,99.55723189,-0.2
0.496,0.000430692,0.100090254,99.56960891,-0.4
0.508,0,0.100090254,99.62153102,-0.3
0.521,0,0.100090254,99.52771953,-0.3
0.534,0,0.100090254,99.65723189,-0.3
0.546,0.000430692,0.100090254,99.5634204,-0.3
0.559,0.000430692,0.100090254,99.65723189,-0.3
0.572,0.000430692,0.100090254,99.5634204,-0.3
0.585,0.000430692,0.100090254,99.6634204,-0.4
0.597,0.000430692,0.100090254,99.5634204,-0.3
0.61,0.000430692,0.100090254,99.5634204,-0.3
0.623,0,0.133046802,99.5634204,-0.3
0.635,0,0.100090254,99.5634204,-0.3
0.648,0.000430692,0.100090254,99.5634204,-0.3
0.661,0.000430692,0.100090254,99.5634204,-0.3
0.673,0.000430692,0.100090254,99.5634204,-0.3
0.686,0.000430692,0.100090254,99.6634204,-0.4
0.699,0,0.100090254,99.5634204,-0.3
0.712,0,0.133046802,99.5634204,-0.3
0.724,0,0.100090254,99.5634204,-0.3
0.737,0,0.100090254,99.55723189,-0.2
0.75,0,0.100090254,99.5634204,-0.3
0.762,0,0.100090254,99.65723189,-0.3
0.775,0.000430692,0.100090254,99.5634204,-0.3
0.788,0.000430692,0.100090254,99.65723189,-0.3
0.801,0.000430692,0.100090254,99.5634204,-0.3
0.813,0,0.100090254,99.65723189,-0.3
0.826,0,0.100090254,99.6634204,-0.4
0.839,0,0.065913094,99.6634204,-0.4
0.851,0.000430692,0.065913094,99.5634204,-0.3
0.864,0.000430692,0.065913094,99.6634204,-0.4
0.877,0.000430692,0.065913094,99.6634204,-0.4
0.889,0.000430692,0.065913094,99.6634204,-0.4
0.902,0.000430692,0.065913094,99.55723189,-0.2
0.915,0,0.065913094,99.5634204,-0.3
0.928,0,0.065913094,99.55723189,-0.2
0.94,0.000430692,0.065913094,99.5634204,-0.3
0.953,0.000430692,0.065913094,99.55723189,-0.2
0.966,0.000430692,0.065913094,99.5634204,-0.3
0.978,0.000430692,0.065913094,99.55723189,-0.2
0.991,0.000430692,0.065913094,99.5634204,-0.3
1.004,0,0.032956547,99.5634204,-0.3
1.016,0.000430692,0.065913094,99.6634204,-0.4
1.029,0.000430692,0.065913094,99.5634204,-0.3
1.042,0.000430692,0.065913094,99.5634204,-0.3
1.055,0.000430692,0.065913094,99.6634204,-0.4
1.067,0.000430692,0.065913094,99.6634204,-0.4
1.08,0.000430692,0.065913094,99.6634204,-0.4
1.093,0.000430692,0.065913094,99.6634204,-0.4
1.105,0,0.065913094,99.5634204,-0.3
1.118,0.000430692,0.065913094,99.6634204,-0.4
1.131,0.000430692,0.065913094,99.6634204,-0.4
1.144,0,0.065913094,99.6634204,-0.4
1.156,0,0.065913094,99.65723189,-0.3
1.169,0,0.065913094,99.6634204,-0.4
1.182,0,0.065913094,99.5634204,-0.3
1.194,0.000430692,0.065913094,99.5634204,-0.3
1.207,0.000430692,0.065913094,99.55723189,-0.2
1.22,0.000430692,0.065913094,99.5634204,-0.3
1.232,0,0.032956547,99.55723189,-0.2
1.245,0.000430692,0.032956547,99.5634204,-0.3
1.258,0.000430692,0.065913094,99.55723189,-0.2
1.271,0.000430692,0.065913094,99.5634204,-0.3
1.283,0.000430692,0.065913094,99.65723189,-0.3
1.296,0,0.065913094,99.6634204,-0.4
1.309,0,0.065913094,99.55723189,-0.2
1.321,0,0.065913094,99.6634204,-0.4
1.334,0,0.065913094,99.65723189,-0.3
1.347,0,0.065913094,99.6634204,-0.4
1.359,0,0.065913094,99.6634204,-0.4
1.372,0,0.065913094,99.6634204,-0.4
1.385,0,0.065913094,99.6634204,-0.4
1.398,0,0.065913094,99.6634204,-0.4
1.41,0.000430692,0.065913094,99.6634204,-0.4
1.423,0,0.065913094,99.6634204,-0.4
1.436,0,0.065913094,99.65723189,-0.3
1.448,0,0.065913094,99.6634204,-0.4
1.461,0,0.100090254,99.65723189,-0.3
1.474,0,0.100090254,99.6634204,-0.4
1.487,0,0.100090254,99.65723189,-0.3
1.499,0,0.065913094,99.6634204,-0.4
1.512,0,0.065913094,99.65723189,-0.3
1.525,0.000430692,0.065913094,99.56960891,-0.4
1.537,0,0.065913094,99.65723189,-0.3
1.55,0,0.065913094,99.56960891,-0.4
1.563,0.000430692,0.065913094,99.65723189,-0.3
1.575,0.000430692,0.065913094,99.66960891,-0.5
1.588,0.000430692,0.065913094,99.65723189,-0.3
1.601,0.000430692,0.065913094,99.6634204,-0.4
1.614,0.000430692,0.065913094,99.65723189,-0.3
1.626,0.000430692,0.065913094,99.6634204,-0.4
1.639,0.000430692,0.065913094,99.65723189,-0.3
1.652,0,0.065913094,99.6634204,-0.4
1.664,0.000430692,0.065913094,99.6634204,-0.4
1.677,0,0.032956547,99.6634204,-0.4
1.69,0,0.065913094,99.6634204,-0.4
1.702,0,0.065913094,99.6634204,-0.4
1.715,0.000430692,0.065913094,99.6634204,-0.4
1.728,0,0.065913094,99.6634204,-0.4
1.741,0.000430692,0.065913094,99.6634204,-0.4
1.753,0,0.065913094,99.5634204,-0.3
1.766,0,0.065913094,99.6634204,-0.4
1.779,0,0.065913094,99.6634204,-0.4
1.791,0.000430692,0.032956547,99.65723189,-0.3
1.804,0.000430692,0.032956547,99.6634204,-0.4
1.817,0.000430692,0.032956547,99.65723189,-0.3
1.83,0.000430692,0,99.5634204,-0.3
1.842,0.000430692,0,99.65723189,-0.3
1.855,0.000430692,0,99.6634204,-0.4
1.868,0.000430692,-0.032956547,99.65723189,-0.3
1.88,0.000430692,-0.032956547,99.6634204,-0.4
1.893,0.000430692,-0.032956547,99.6634204,-0.4
1.906,0.000430692,-0.032956547,99.6634204,-0.4
1.918,0.000430692,-0.032956547,99.6634204,-0.4
1.931,0,-0.032956547,99.6634204,-0.4
1.944,0,-0.032956547,99.6634204,-0.4
1.957,0.000430692,-0.032956547,99.65723189,-0.3
1.969,0,-0.032956547,99.6634204,-0.4
1.982,0,-0.032956547,99.65723189,-0.3
1.995,0,-0.032956547,99.6634204,-0.4
2.007,0,-0.065913094,99.65723189,-0.3
2.02,0,-0.065913094,99.6634204,-0.4
2.033,0.000430692,-0.032956547,99.65723189,-0.3
2.045,0,-0.032956547,99.6634204,-0.4
2.058,0,-0.032956547,99.55723189,-0.2
2.071,0.000430692,-0.032956547,99.6634204,-0.4
2.084,0,-0.032956547,99.6634204,-0.4
2.096,0,0,99.6634204,-0.4
2.109,0,0,99.6634204,-0.4
2.122,0,0,99.6634204,-0.4
2.134,0.000430692,0,99.6634204,-0.4
2.147,0.000430692,0,99.6634204,-0.4
2.16,0.000430692,0,99.6634204,-0.4
2.173,0.000430692,0,99.6634204,-0.4
2.185,0.000430692,0,99.6634204,-0.4
2.198,0.000430692,0,99.6634204,-0.4
2.211,0,0.032956547,99.6634204,-0.4
2.223,0.000430692,0.032956547,99.6634204,-0.4
2.236,0.000430692,0.032956547,99.65723189,-0.3
2.249,0,0.032956547,99.6634204,-0.4
2.261,0,0.032956547,99.65723189,-0.3
2.274,0,0.032956547,99.66960891,-0.5
2.287,0.000430692,0.032956547,99.65723189,-0.3
2.3,0.000430692,0.032956547,99.66960891,-0.5
2.312,0.000430692,0.032956547,99.65723189,-0.3
2.325,0.000430692,0.032956547,99.66960891,-0.5
2.338,0.000430692,0.032956547,99.65723189,-0.3
2.35,0.000430692,0.032956547,99.6634204,-0.4
2.363,0.000430692,0,99.65723189,-0.3
2.376,0.000430692,0,99.6634204,-0.4
2.388,0,0,99.65723189,-0.3
2.401,0,0,99.6634204,-0.4
2.414,0,0,99.6634204,-0.4
2.427,0,-0.032956547,99.6634204,-0.4
2.439,0.000430692,-0.032956547,99.65723189,-0.3
2.452,0.000430692,-0.032956547,99.6634204,-0.4
2.465,0.000430692,-0.032956547,99.6634204,-0.4
2.477,0,-0.065913094,99.6634204,-0.4
2.49,0.000430692,-0.065913094,99.6634204,-0.4
2.503,0,-0.065913094,99.6634204,-0.4
2.516,0.000430692,-0.065913094,99.65723189,-0.3
2.528,0.000430692,-0.100090254,99.6634204,-0.4
2.541,0.000430692,-0.100090254,99.65723189,-0.3
2.554,0.000430692,-0.133046802,99.66960891,-0.5
2.566,0.000430692,-0.100090254,99.65723189,-0.3
2.579,0.000430692,-0.100090254,99.66960891,-0.5
2.592,0.000430692,-0.100090254,99.65723189,-0.3
2.604,0.000430692,-0.100090254,99.66960891,-0.5
2.617,0.000430692,-0.100090254,99.65723189,-0.3
2.63,0.000430692,-0.100090254,99.66960891,-0.5
2.643,0.000430692,-0.100090254,99.65723189,-0.3
2.655,0.000430692,-0.100090254,99.66960891,-0.5
2.668,0.000430692,-0.100090254,99.65723189,-0.3
2.681,0,-0.065913094,99.6634204,-0.4
2.693,0,-0.065913094,99.65723189,-0.3
2.706,0,-0.065913094,99.6634204,-0.4
2.719,0,-0.065913094,99.65723189,-0.3
2.731,0,-0.065913094,99.6634204,-0.4
2.744,0,-0.065913094,99.6634204,-0.4
2.757,0,-0.100090254,99.6634204,-0.4
2.77,0.000430692,-0.100090254,99.6634204,-0.4
2.782,0.000430692,-0.100090254,99.6634204,-0.4
2.795,0.000430692,-0.100090254,99.6634204,-0.4
2.808,0,-0.100090254,99.6634204,-0.4
2.82,0,-0.100090254,99.65723189,-0.3
2.833,0.000430692,-0.133046802,99.6634204,-0.4
2.846,0,-0.133046802,99.65723189,-0.3
2.859,0.000430692,-0.133046802,99.6634204,-0.4
2.871,0.000430692,-0.133046802,99.65723189,-0.3
2.884,0.000430692,-0.133046802,99.66960891,-0.5
2.897,0.000430692,-0.133046802,99.65723189,-0.3
2.909,0.000430692,-0.133046802,99.66960891,-0.5
2.922,0.000430692,-0.166003349,99.65723189,-0.3
2.935,0.000430692,-0.166003349,99.6634204,-0.4
2.947,0,-0.198959896,99.65723189,-0.3
2.96,0,-0.198959896,99.6634204,-0.4
2.973,0,-0.231916443,99.6634204,-0.4
2.986,0,-0.231916443,99.6634204,-0.4
2.998,0,-0.26487299,99.6634204,-0.4
3.011,0.000430692,-0.26487299,99.6634204,-0.4
3.024,0,-0.26487299,99.6634204,-0.4
3.036,0,-0.299050151,99.6634204,-0.4
3.049,0,-0.299050151,99.6634204,-0.4
3.062,0,-0.332006698,99.6634204,-0.4
3.074,0,-0.332006698,99.6634204,-0.4
3.087,0,-0.332006698,99.6634204,-0.4
3.1,0,-0.332006698,99.6634204,-0.4
3.113,0,-0.332006698,99.6634204,-0.4
3.125,0,-0.332006698,99.6634204,-0.4
3.138,0,-0.332006698,99.6634204,-0.4
3.151,0.000430692,-0.332006698,99.6634204,-0.4
3.163,0.000430692,-0.364963245,99.6634204,-0.4
3.176,0.000430692,-0.364963245,99.6634204,-0.4
3.189,0,-0.364963245,99.6634204,-0.4
3.201,0,-0.364963245,99.62153102,-0.3
3.214,0,-0.332006698,99.6634204,-0.4
3.227,0,-0.299050151,99.65723189,-0.3
3.24,0.000430692,-0.299050151,99.6634204,-0.4
3.252,0.000430692,-0.26487299,99.6634204,-0.4
3.265,0.000430692,-0.26487299,99.6634204,-0.4
3.278,0,-0.231916443,99.6634204,-0.4
3.29,0,-0.198959896,99.6634204,-0.4
3.303,0,-0.198959896,99.6634204,-0.4
3.316,0,-0.166003349,99.6634204,-0.4
3.329,0,-0.133046802,99.6634204,-0.4
3.341,0,-0.100090254,99.65723189,-0.3
3.354,0,-0.065913094,99.6634204,-0.4
3.367,0,-0.065913094,99.65723189,-0.3
3.379,0,-0.032956547,99.63390803,-0.5
3.392,0,0,99.65723189,-0.3
3.405,0.000430692,0,99.6634204,-0.4
3.417,0,0.032956547,99.65723189,-0.3
3.43,0,0.032956547,99.62771953,-0.4
3.443,0,0.032956547,99.62153102,-0.3
3.456,0,0.065913094,99.62771953,-0.4
3.468,0,0.065913094,99.62771953,-0.4
3.481,0.000430692,0.065913094,99.62771953,-0.4
3.494,0.000430692,0.032956547,99.6634204,-0.4
3.506,0.000430692,0,99.62771953,-0.4
3.519,0.000430692,-0.032956547,99.62771953,-0.4
3.532,0,-0.065913094,99.62771953,-0.4
3.545,0.000430692,-0.100090254,99.62771953,-0.4
3.557,0.000430692,-0.133046802,99.62771953,-0.4
3.57,0.000430692,-0.166003349,99.6634204,-0.4
3.583,0.000430692,-0.198959896,99.6634204,-0.4
3.595,0.000430692,-0.231916443,99.62153102,-0.3
3.608,0.000430692,-0.26487299,99.62771953,-0.4
3.621,0.000430692,-0.299050151,99.62153102,-0.3
3.633,0,-0.332006698,99.63390803,-0.5
3.646,0,-0.332006698,99.65723189,-0.3
3.659,0,-0.299050151,99.66960891,-0.5
3.672,0,-0.299050151,99.62153102,-0.3
3.684,0,-0.26487299,99.63390803,-0.5
3.697,0,-0.26487299,99.62153102,-0.3
3.71,0.000430692,-0.231916443,99.62771953,-0.4
3.722,0.000430692,-0.231916443,99.62153102,-0.3
3.735,0.000430692,-0.198959896,99.62771953,-0.4
3.748,0.000430692,-0.166003349,99.62153102,-0.3
3.76,0.000430692,-0.166003349,99.62771953,-0.4
3.773,0,-0.166003349,99.62153102,-0.3
3.786,0,-0.166003349,99.62771953,-0.4
3.799,0,-0.166003349,99.6634204,-0.4
3.811,0,-0.166003349,99.6634204,-0.4
3.824,0,-0.166003349,99.6634204,-0.4
3.837,0,-0.133046802,99.6634204,-0.4
3.849,0,-0.133046802,99.6634204,-0.4
3.862,0.000430692,-0.100090254,99.62771953,-0.4
3.875,0,-0.032956547,99.62771953,-0.4
3.887,0,0,99.62771953,-0.4
3.9,0,0.032956547,99.62153102,-0.3
3.913,0,0.065913094,99.62771953,-0.4
3.926,0,0.100090254,99.62153102,-0.3
3.938,0,0.100090254,99.62771953,-0.4
3.951,0.000430692,0.133046802,99.62153102,-0.3
3.964,0.000430692,0.166003349,99.63390803,-0.5
3.976,0.000430692,0.198959896,99.62153102,-0.3
3.989,0.000430692,0.231916443,99.63390803,-0.5
4.002,0.000430692,0.26487299,99.62153102,-0.3
4.015,0.000430692,0.26487299,99.62771953,-0.4
4.027,0.000430692,0.299050151,99.62153102,-0.3
4.04,0,0.332006698,99.62771953,-0.4
4.053,0,0.332006698,99.62771953,-0.4
4.065,0.000430692,0.332006698,99.6634204,-0.4
4.078,0.000430692,0.332006698,99.62771953,-0.4
4.091,0.000430692,0.332006698,99.62771953,-0.4
4.103,0.000430692,0.332006698,99.62771953,-0.4
4.116,0.000430692,0.332006698,99.62771953,-0.4
4.129,0.000430692,0.332006698,99.62771953,-0.4
4.142,0,0.299050151,99.62771953,-0.4
4.154,0.000430692,0.26487299,99.62771953,-0.4
4.167,0,0.198959896,99.6634204,-0.4
4.18,0.000430692,0.166003349,99.6634204,-0.4
4.192,0,0.100090254,99.62771953,-0.4
4.205,0,0.065913094,99.62771953,-0.4
4.218,0,0,99.62771953,-0.4
4.23,0,-0.032956547,99.65723189,-0.3
4.243,0.000430692,-0.100090254,99.6634204,-0.4
4.256,0.000430692,-0.166003349,99.65723189,-0.3
4.269,0.000430692,-0.198959896,99.6634204,-0.4
4.281,0,-0.231916443,99.62153102,-0.3
4.294,0.000430692,-0.299050151,99.6634204,-0.4
4.307,0,-0.332006698,99.65723189,-0.3
4.319,0,-0.364963245,99.6634204,-0.4
4.332,0,-0.397919792,99.6634204,-0.4
4.345,0,-0.430876339,99.62771953,-0.4
4.358,0,-0.463832887,99.6634204,-0.4
4.37,0.000430692,-0.498010047,99.62771953,-0.4
4.383,0.000430692,-0.530966594,99.6634204,-0.4
4.396,0,-0.563923141,99.62771953,-0.4
4.408,0,-0.596879688,99.62771953,-0.4
4.421,0,-0.629836235,99.62153102,-0.3
4.434,0,-0.662792783,99.62771953,-0.4
4.446,0,-0.696969943,99.62153102,-0.3
4.459,0,-0.696969943,99.62771953,-0.4
4.472,0,-0.72992649,99.62153102,-0.3
4.485,0,-0.72992649,99.62771953,-0.4
4.497,0,-0.72992649,99.62153102,-0.3
4.51,0,-0.696969943,99.62771953,-0.4
4.523,0,-0.696969943,99.62771953,-0.4
4.535,0.000430692,-0.662792783,99.62771953,-0.4
4.548,0,-0.662792783,99.62771953,-0.4
4.561,0,-0.662792783,99.62771953,-0.4
4.573,0.000430692,-0.629836235,99.62771953,-0.4
4.586,0.000430692,-0.596879688,99.62771953,-0.4
4.599,0.000430692,-0.563923141,99.62771953,-0.4
4.612,0.000430692,-0.530966594,99.62771953,-0.4
4.624,0.000430692,-0.463832887,99.62771953,-0.4
4.637,0.000430692,-0.430876339,99.62771953,-0.4
4.65,0.000430692,-0.364963245,99.62771953,-0.4
4.662,0,-0.332006698,99.62771953,-0.4
4.675,0.000430692,-0.26487299,99.62771953,-0.4
4.688,0.000430692,-0.198959896,99.62771953,-0.4
4.701,0.000430692,-0.133046802,99.62153102,-0.3
4.713,0.000430692,-0.065913094,99.63390803,-0.5
4.726,0,0.032956547,99.62153102,-0.3
4.739,0,0.133046802,99.66960891,-0.5
4.751,0,0.198959896,99.62153102,-0.3
4.764,0.000430692,0.299050151,99.62771953,-0.4
4.777,0.000430692,0.397919792,99.62153102,-0.3
4.789,0.000430692,0.463832887,99.62771953,-0.4
4.802,0.000430692,0.530966594,99.62153102,-0.3
4.815,0,0.629836235,99.62771953,-0.4
4.828,0.000430692,0.72992649,99.62771953,-0.4
4.84,0.000430692,0.862973292,99.62771953,-0.4
4.853,0.000430692,0.961842933,99.62771953,-0.4
4.866,0.000430692,1.061933188,99.62771953,-0.4
4.878,0.000430692,1.193759376,99.52771953,-0.3
4.891,0.000430692,1.260893084,99.52771953,-0.3
4.904,0.000430692,1.359762725,99.52771953,-0.3
4.916,0.000430692,1.426896432,99.52771953,-0.3
4.929,0.000430692,1.492809527,99.52771953,-0.3
4.942,0.000430692,1.558722621,99.5634204,-0.3
4.955,0.000430692,1.558722621,99.52771953,-0.3
4.967,0.000430692,1.558722621,99.5634204,-0.3
4.98,0.000430692,1.45985298,99.5634204,-0.3
4.993,0.000430692,1.359762725,99.52771953,-0.3
5.005,0.000430692,1.226715924,99.52153102,-0.2
5.018,0.000430692,1.061933188,99.52771953,-0.3
5.031,0.000430692,0.928886386,99.52153102,-0.2
5.044,0.000430692,0.762883037,99.63390803,-0.5
5.056,0.000430692,0.596879688,99.60391894,-0.4
5.069,0,0.430876339,99.61010745,-0.5
5.082,0,0.299050151,99.60391894,-0.4
5.094,0.000430692,0.166003349,99.62771953,-0.4
5.107,0.000430692,0.032956547,99.62771953,-0.4
5.12,0.000430692,-0.100090254,99.62771953,-0.4
5.132,0,-0.231916443,99.62771953,-0.4
5.145,0,-0.364963245,99.62771953,-0.4
5.158,0,-0.498010047,99.62771953,-0.4
5.171,0,-0.629836235,99.52771953,-0.3
5.183,0,-0.762883037,99.52771953,-0.3
5.196,0,-0.928886386,99.52153102,-0.2
5.209,0,-1.061933188,99.52771953,-0.3
5.221,0.000430692,-1.226715924,99.52771953,-0.3
5.234,0.000430692,-1.359762725,99.52771953,-0.3
5.247,0.000430692,-1.525766074,99.52771953,-0.3
5.259,0,-1.691769423,99.52771953,-0.3
5.272,0,-1.857772772,99.52771953,-0.3
5.285,0,-1.989598961,99.52771953,-0.3
5.298,0,-2.122645762,99.52771953,-0.3
5.31,0,-2.18977947,99.52771953,-0.3
5.323,-0.000861383,-2.155602309,99.52771953,-0.3
5.336,-0.000861383,-2.023776121,99.52771953,-0.3
5.348,-0.000861383,-1.790639065,99.50391894,-0.3
5.361,-0.000861383,-1.525766074,99.60391894,-0.4
5.374,-0.000861383,-1.260893084,99.60391894,-0.4
5.387,0,-1.027756028,99.60391894,-0.4
5.399,0,-0.828796131,99.60391894,-0.4
5.412,0,-0.662792783,99.60391894,-0.4
5.425,0,-0.563923141,99.60391894,-0.4
5.437,0,-0.463832887,99.57440658,-0.5
5.45,0,-0.397919792,99.56821807,-0.4
5.463,0,-0.332006698,99.57440658,-0.5
5.475,0,-0.198959896,99.56202956,-0.3
5.488,0,-0.065913094,99.57440658,-0.5
5.501,0,0.100090254,99.56202956,-0.3
5.514,0,0.26487299,99.57440658,-0.5
5.526,0,0.430876339,99.56202956,-0.3
5.539,0,0.596879688,99.56821807,-0.4
5.552,0,0.72992649,99.46821807,-0.3
5.564,0.000430692,0.895929839,99.46821807,-0.3
5.577,0.000430692,1.027756028,99.46202956,-0.2
5.59,0,1.160802829,99.50391894,-0.3
5.602,0.000430692,1.260893084,99.50391894,-0.3
5.615,0.000430692,1.359762725,99.50391894,-0.3
5.628,0.000430692,1.326806178,99.50391894,-0.3
5.641,0.000430692,1.226715924,99.50391894,-0.3
5.653,0.000430692,1.027756028,99.50391894,-0.3
5.666,0.000430692,0.795839584,99.50391894,-0.3
5.679,0.000430692,0.563923141,99.50391894,-0.3
5.691,0,0.364963245,99.50391894,-0.3
5.704,0,0.133046802,99.46821807,-0.3
5.717,0,-0.032956547,99.50391894,-0.3
5.73,0,-0.166003349,99.49773044,-0.2
5.742,0,-0.26487299,99.51010745,-0.4
5.755,0.000430692,-0.332006698,99.50391894,-0.3
5.768,0.000430692,-0.397919792,99.47440658,-0.4
5.78,0.000430692,-0.463832887,99.46202956,-0.2
5.793,0,-0.563923141,99.51010745,-0.4
5.806,0,-0.696969943,99.49773044,-0.2
5.818,0,-0.862973292,99.51010745,-0.4
5.831,0,-0.99479948,99.49773044,-0.2
5.844,0.000430692,-1.160802829,99.51010745,-0.4
5.857,0.000430692,-1.359762725,99.50391894,-0.3
5.869,0,-1.492809527,99.50391894,-0.3
5.882,0,-1.691769423,99.50391894,-0.3
5.895,0,-1.824816225,99.50391894,-0.3
5.907,-0.000861383,-2.023776121,99.50391894,-0.3
5.92,-0.000861383,-2.18977947,99.50391894,-0.3
5.933,-0.000861383,-2.354562206,99.50391894,-0.3
5.945,-0.000861383,-2.520565554,99.40391894,-0.2
5.958,-0.000861383,-2.71952545,99.40391894,-0.2
5.971,-0.000861383,-2.885528799,99.40391894,-0.2
5.984,-0.000861383,-3.051532148,99.40391894,-0.2
5.996,-0.000861383,-3.217535497,99.42771953,-0.2
6.009,-0.000861383,-3.383538846,99.42771953,-0.2
6.022,-0.001292075,-3.515365035,99.32771953,-0.1
6.034,-0.001292075,-3.648411836,99.32771953,-0.1
6.047,-0.002153458,-3.748502091,99.30391894,-0.1
6.06,-0.002153458,-3.814415185,99.29773044,0
6.073,-0.003014841,-3.781458638,99.30391894,-0.1
6.085,-0.003014841,-3.615455289,99.29773044,0
6.098,-0.002153458,-3.350582299,99.31010745,-0.2
6.111,-0.002153458,-3.051532148,99.39773044,-0.1
6.123,-0.002153458,-2.71952545,99.37440658,-0.3
6.136,-0.002153458,-2.421695913,99.36821807,-0.2
6.149,-0.002153458,-2.122645762,99.46821807,-0.3
6.161,-0.002153458,-1.824816225,99.46821807,-0.3
6.174,-0.002153458,-1.558722621,99.4325172,-0.3
6.187,-0.002153458,-1.260893084,99.4325172,-0.3
6.2,-0.001292075,-0.99479948,99.4325172,-0.3
6.212,-0.001292075,-0.696969943,99.4325172,-0.3
6.225,-0.001292075,-0.430876339,99.4325172,-0.3
6.238,-0.000861383,-0.166003349,99.41490512,-0.4
6.25,-0.000861383,0.100090254,99.40871662,-0.3
6.263,-0.000861383,0.397919792,99.31490512,-0.3
6.276,-0.000861383,0.662792783,99.3325172,-0.2
6.288,-0.000861383,0.961842933,99.3325172,-0.2
6.301,-0.000861383,1.226715924,99.3325172,-0.2
6.314,0,1.525766074,99.26821807,-0.1
6.327,0,1.824816225,99.30391894,-0.1
6.339,0,2.155602309,99.20391894,0
6.352,0,2.487609007,99.22771953,0
6.365,0,2.786659158,99.1634204,0.1
6.377,0.000430692,3.117445243,99.19912127,0.1
6.39,0.000430692,3.416495393,99.13482215,0.2
6.403,0.000430692,3.715545544,99.05862273,0.3
6.416,0.000430692,4.013375081,99.0943236,0.3
6.428,0.000430692,4.245291525,99.03002448,0.4
6.441,0.000430692,4.444251421,99.06572535,0.4
6.454,0.000430692,4.511385128,99.06572535,0.4
6.466,0.000430692,4.444251421,99.06572535,0.4
6.479,0.001292075,4.245291525,99.06572535,0.4
6.492,0.001292075,3.91450544,99.06572535,0.4
6.504,0.000430692,3.582498742,99.12383597,0.4
6.517,0.000430692,3.250492044,99.23621298,0.1
6.53,0.000430692,3.084488695,99.1881351,0.3
6.543,0.000430692,3.051532148,99.16481124,0.1
6.555,0.001292075,3.151622403,99.15243422,0.3
6.568,0.001292075,3.316405139,99.20051211,0.1
6.581,0.001292075,3.482408487,99.1881351,0.3
6.593,0.001292075,3.582498742,99.0943236,0.3
6.606,0.001292075,3.582498742,99.0881351,0.4
6.619,0.001292075,3.44945194,99.1943236,0.2
6.631,0.001292075,3.151622403,99.1943236,0.2
6.644,0.001292075,2.752481998,99.25862273,0.1
6.657,0.001292075,2.388739366,99.23482215,0.1
6.67,0.001292075,2.023776121,99.2634204,0
6.682,0.001292075,1.691769423,99.22771953,0
6.695,0.001292075,1.359762725,99.30391894,-0.1
6.708,0.001292075,1.061933188,99.26821807,-0.1
6.72,0.000430692,0.762883037,99.26821807,-0.1
6.733,0.000430692,0.463832887,99.2325172,-0.1
6.746,0.000430692,0.198959896,99.2325172,-0.1
6.759,0.000430692,-0.065913094,99.20871662,-0.1
6.771,0.000430692,-0.332006698,99.20871662,-0.1
6.784,0.000430692,-0.563923141,99.20252811,0
6.797,0.000430692,-0.762883037,99.21490512,-0.2
6.809,0,-0.99479948,99.20252811,0
6.822,0,-1.193759376,99.23870571,-0.2
6.835,0,-1.392719272,99.22632869,0
6.847,0,-1.625856329,99.23870571,-0.2
6.86,0,-1.824816225,99.22632869,0
6.873,0,-2.023776121,99.23870571,-0.2
6.886,-0.000861383,-2.222736017,99.12632869,0.1
6.898,-0.000861383,-2.421695913,99.13870571,-0.1
6.911,-0.000861383,-2.487609007,99.16202956,0.1
6.924,-0.000861383,-2.45465246,99.16821807,0
6.936,-0.000861383,-2.321605658,99.16202956,0.1
6.949,-0.000861383,-2.089689215,99.16821807,0
6.962,-0.000861383,-1.824816225,99.16202956,0.1
6.974,-0.000861383,-1.525766074,99.26821807,-0.1
6.987,-0.000861383,-1.260893084,99.26821807,-0.1
7,-0.000861383,-1.027756028,99.26821807,-0.1
7.013,-0.000861383,-0.895929839,99.26821807,-0.1
7.025,-0.000861383,-0.795839584,99.26821807,-0.1
7.038,-0.000861383,-0.795839584,99.26821807,-0.1
7.051,-0.000861383,-0.828796131,99.26821807,-0.1
7.063,-0.000861383,-0.895929839,99.26821807,-0.1
7.076,-0.000861383,-1.027756028,99.30391894,-0.1
7.089,-0.000861383,-1.160802829,99.29773044,0
7.102,-0.000861383,-1.293849631,99.31010745,-0.2
7.114,-0.000861383,-1.426896432,99.19773044,0.1
7.127,-0.000861383,-1.492809527,99.21010745,-0.1
7.14,-0.000861383,-1.45985298,99.19773044,0.1
7.152,-0.000861383,-1.326806178,99.21010745,-0.1
7.165,-0.000861383,-1.094889735,99.29773044,0
7.178,-0.000861383,-0.828796131,99.31010745,-0.2
7.19,-0.000861383,-0.563923141,99.29773044,0
7.203,-0.000861383,-0.332006698,99.31010745,-0.2
7.216,-0.000861383,-0.100090254,99.20391894,0
7.229,0,0.100090254,99.21010745,-0.1
7.241,0,0.299050151,99.20391894,0
7.254,0,0.463832887,99.20391894,0
7.267,0,0.596879688,99.20391894,0
7.279,0,0.72992649,99.20391894,0
7.292,0,0.795839584,99.20391894,0
7.305,-0.000861383,0.862973292,99.20391894,0
7.317,-0.000861383,0.895929839,99.20391894,0
7.33,-0.000861383,0.928886386,99.22771953,0
7.343,0,0.961842933,99.22771953,0
7.356,0,0.99479948,99.20391894,0
7.368,0,1.094889735,99.20391894,0
7.381,0,1.226715924,99.20391894,0
7.394,0,1.359762725,99.12771953,0.1
7.406,0,1.492809527,99.12771953,0.1
7.419,0,1.625856329,99.12771953,0.1
7.432,0,1.757682517,99.1634204,0.1
7.445,0,1.857772772,99.15723189,0.2
7.457,0.000430692,1.989598961,99.1634204,0.1
7.47,0,2.122645762,99.09293277,0.3
7.483,0.000430692,2.255692564,99.09912127,0.2
7.495,0.000430692,2.354562206,99.09912127,0.2
7.508,0.000430692,2.45465246,99.09912127,0.2
7.521,0.000430692,2.553522102,99.13482215,0.2
7.533,0.000430692,2.620655809,99.13482215,0.2
7.546,0.000430692,2.686568903,99.13482215,0.2
7.559,0.000430692,2.71952545,99.15862273,0.2
7.572,0,2.786659158,99.15862273,0.2
7.584,0.000430692,2.819615705,99.15243422,0.3
7.597,0.000430692,2.852572252,99.05862273,0.3
7.61,0.000430692,2.885528799,99.05243422,0.4
7.622,0.000430692,2.918485347,99.10051211,0.2
7.635,0.000430692,2.885528799,99.0943236,0.3
7.648,0.000430692,2.819615705,99.05862273,0.3
7.66,0.000430692,2.71952545,99.15243422,0.3
7.673,0.000430692,2.620655809,99.15862273,0.2
7.686,0.000430692,2.553522102,99.15243422,0.3
7.699,0.000430692,2.553522102,99.15862273,0.2
7.711,0.000430692,2.587699262,99.15862273,0.2
7.724,0.000430692,2.686568903,99.15862273,0.2
7.737,0.000430692,2.786659158,99.15862273,0.2
7.749,0.000430692,2.918485347,99.0943236,0.3
7.762,0.000430692,3.018575601,99.0943236,0.3
7.775,0.000430692,3.151622403,99.13002448,0.3
7.788,0.000430692,3.250492044,99.13002448,0.3
7.8,0.000430692,3.350582299,99.13002448,0.3
7.813,0.000430692,3.482408487,99.06572535,0.4
7.826,0.001292075,3.582498742,99.06572535,0.4
7.838,0.000430692,3.615455289,99.06572535,0.4
7.851,0.000430692,3.582498742,99.06572535,0.4
7.864,0.000430692,3.44945194,99.08333742,0.5
7.876,0.001292075,3.217535497,99.17191386,0.2
7.889,0.000430692,2.918485347,99.15953684,0.4
7.902,0.000430692,2.587699262,99.23621298,0.1
7.915,0.000430692,2.288649111,99.22383597,0.3
7.927,0.000430692,2.023776121,99.30051211,0
7.94,0.000430692,1.824816225,99.25243422,0.2
7.953,0.000430692,1.591679168,99.24101065,0
7.965,0.000430692,1.392719272,99.22863364,0.2
7.978,0.000430692,1.193759376,99.29912127,0
7.991,0.000430692,0.99479948,99.29293277,0.1
8.003,0.000430692,0.828796131,99.2634204,0
8.016,0.000430692,0.662792783,99.25723189,0.1
8.029,0.000430692,0.498010047,99.22771953,0
8.042,0.000430692,0.332006698,99.22771953,0
8.054,0,0.133046802,99.22771953,0
8.067,0,-0.065913094,99.22771953,0
8.08,0,-0.26487299,99.22771953,0
8.092,0.000430692,-0.463832887,99.22771953,0
8.105,0,-0.662792783,99.22771953,0
8.118,0,-0.895929839,99.22771953,0
8.131,0,-1.094889735,99.23390803,-0.1
8.143,0,-1.293849631,99.19773044,0.1
8.156,0,-1.525766074,99.20391894,0
8.169,-0.000861383,-1.72472597,99.22153102,0.1
8.181,0,-1.890729319,99.22771953,0
8.194,0,-1.989598961,99.12153102,0.2
8.207,0,-1.956642413,99.23390803,-0.1
8.219,0,-1.757682517,99.22153102,0.1
8.232,0,-1.426896432,99.23390803,-0.1
8.245,0,-1.094889735,99.22153102,0.1
8.258,0,-0.762883037,99.23390803,-0.1
8.27,0,-0.463832887,99.22153102,0.1
8.283,0,-0.166003349,99.22771953,0
8.296,0.000430692,0.133046802,99.20391894,0
8.308,0,0.397919792,99.20391894,0
8.321,0,0.662792783,99.10391894,0.1
8.334,0,0.928886386,99.12771953,0.1
8.346,0.000430692,1.226715924,99.12771953,0.1
8.359,0.000430692,1.492809527,99.1634204,0.1
8.372,0.000430692,1.757682517,99.0634204,0.2
8.385,0.000430692,2.056732668,99.09912127,0.2
8.397,0.000430692,2.388739366,99.13482215,0.2
8.41,0.000430692,2.71952545,99.05862273,0.3
8.423,0.000430692,3.084488695,99.03002448,0.4
8.435,0.000430692,3.482408487,99.06572535,0.4
8.448,0.001292075,3.88032828,98.98952593,0.5
8.461,0.001292075,4.279468685,98.96092768,0.6
8.474,0.001292075,4.677388477,98.91424063,0.8
8.486,0.001292075,5.008174562,98.99183088,0.7
8.499,0.001722766,5.274268165,98.90944296,0.9
8.512,0.001722766,5.406094354,98.91563146,0.8
8.524,0.001722766,5.373137807,98.90944296,0.9
8.537,0.001722766,5.17417791,98.92181997,0.7
8.55,0.001722766,4.842171213,99.00944296,0.8
8.562,0.001722766,4.411294873,99.09183088,0.6
8.575,0.001722766,4.046331628,99.0499415,0.7
8.588,0.001722766,3.814415185,99.12042913,0.5
8.601,0.001722766,3.748502091,99.12042913,0.5
8.613,0.001722766,3.748502091,99.12042913,0.5
8.626,0.001722766,3.781458638,99.12042913,0.5
8.639,0.001722766,3.814415185,99.12042913,0.5
8.651,0.002584149,3.814415185,99.12042913,0.5
8.664,0.002584149,3.681368384,99.11424063,0.6
8.677,0.001722766,3.44945194,99.18472826,0.4
8.689,0.001722766,3.151622403,99.15473917,0.5
8.702,0.001722766,2.852572252,99.2252268,0.3
8.715,0.001722766,2.520565554,99.18952593,0.3
8.728,0.001722766,2.222736017,99.23002448,0.2
8.74,0.001722766,1.956642413,99.1943236,0.2
8.753,0.001722766,1.691769423,99.15862273,0.2
8.766,0.001722766,1.45985298,99.13482215,0.2
8.778,0.001722766,1.226715924,99.13482215,0.2
8.791,0.001722766,1.027756028,99.19912127,0.1
8.804,0.001722766,0.862973292,99.1634204,0.1
8.817,0.001722766,0.795839584,99.1634204,0.1
8.829,0.001722766,0.762883037,99.1634204,0.1
8.842,0.001722766,0.762883037,99.12771953,0.1
8.855,0.001722766,0.795839584,99.12771953,0.1
8.867,0.001722766,0.828796131,99.1634204,0.1
8.88,0.001722766,0.895929839,99.0634204,0.2
8.893,0.001722766,0.895929839,99.02771953,0.2
8.905,0.001722766,0.862973292,99.02771953,0.2
8.918,0.001722766,0.762883037,99.12771953,0.1
8.931,0.001722766,0.596879688,99.02771953,0.2
8.944,0.001722766,0.430876339,99.12771953,0.1
8.956,0.001722766,0.231916443,99.11010745,0
8.969,0.001722766,0.065913094,99.09773044,0.2
8.982,0.001722766,-0.032956547,99.10391894,0.1
8.994,0.001292075,-0.100090254,99.09773044,0.2
9.007,0.001722766,-0.032956547,99.10391894,0.1
9.02,0.001722766,0.133046802,99.09773044,0.2
9.032,0.001722766,0.332006698,99.10391894,0.1
9.045,0.001722766,0.530966594,99.09773044,0.2
9.058,0.001722766,0.696969943,99.10391894,0.1
9.071,0.001722766,0.862973292,99.09773044,0.2
9.083,0.001722766,0.895929839,99.02771953,0.2
9.096,0.001722766,0.895929839,99.02771953,0.2
9.109,0.001722766,0.795839584,99.02771953,0.2
9.121,0.001722766,0.696969943,99.02771953,0.2
9.134,0.001292075,0.530966594,99.02771953,0.2
9.147,0.001292075,0.364963245,99.02771953,0.2
9.16,0.001292075,0.166003349,99.02771953,0.2
9.172,0.001292075,-0.032956547,99.02771953,0.2
9.185,0.001292075,-0.166003349,99.02771953,0.2
9.198,0.001292075,-0.26487299,99.02771953,0.2
9.21,0.001292075,-0.231916443,99.02771953,0.2
9.223,0.001292075,-0.100090254,99.02771953,0.2
9.236,0.001292075,0.100090254,99.00391894,0.2
9.248,0.001292075,0.332006698,98.99773044,0.3
9.261,0.001722766,0.563923141,99.02771953,0.2
9.274,0.001722766,0.762883037,99.02153102,0.3
9.287,0.001722766,0.961842933,99.03390803,0.1
9.299,0.001722766,1.127846282,99.02153102,0.3
9.312,0.001722766,1.260893084,99.03390803,0.1
9.325,0.001722766,1.359762725,99.02771953,0.2
9.337,0.001722766,1.492809527,99.0634204,0.2
9.35,0.001722766,1.591679168,99.0634204,0.2
9.363,0.001292075,1.691769423,99.0634204,0.2
9.375,0.001292075,1.824816225,98.9634204,0.3
9.388,0.001722766,1.956642413,98.9634204,0.3
9.401,0.001722766,2.122645762,98.99912127,0.3
9.414,0.001722766,2.255692564,98.99912127,0.3
9.426,0.001292075,2.421695913,99.03482215,0.3
9.439,0.001292075,2.587699262,98.95862273,0.4
9.452,0.001292075,2.752481998,98.9943236,0.4
9.464,0.001722766,2.918485347,98.9943236,0.4
9.477,0.001722766,3.117445243,99.03002448,0.4
9.49,0.001722766,3.316405139,98.93002448,0.5
9.503,0.001722766,3.549542195,98.96572535,0.5
9.515,0.001722766,3.748502091,98.88952593,0.6
9.528,0.001722766,3.980418534,98.9252268,0.6
9.541,0.001722766,4.17937843,98.96092768,0.6
9.553,0.001722766,4.378338326,98.87853975,0.8
9.566,0.002584149,4.544341675,98.88472826,0.7
9.579,0.002584149,4.710345024,98.92042913,0.7
9.591,0.002584149,4.776258118,98.95613001,0.7
9.604,0.002584149,4.809214666,98.95613001,0.7
9.617,0.002584149,4.809214666,98.99183088,0.7
9.63,0.002584149,4.743301571,98.99183088,0.7
9.642,0.002584149,4.643211317,98.95613001,0.7
9.655,0.002584149,4.544341675,98.95613001,0.7
9.668,0.002584149,4.411294873,98.95613001,0.7
9.68,0.002584149,4.312425232,98.95613001,0.7
9.693,0.002584149,4.17937843,99.05613001,0.6
9.706,0.002584149,4.013375081,99.02042913,0.6
9.718,0.002584149,3.781458638,99.01424063,0.7
9.731,0.002584149,3.549542195,99.08472826,0.5
9.744,0.001722766,3.283448591,99.07853975,0.6
9.757,0.001722766,3.051532148,99.16092768,0.4
9.769,0.001722766,2.852572252,99.15473917,0.5
9.782,0.002584149,2.620655809,99.2252268,0.3
9.795,0.002584149,2.45465246,99.18333742,0.4
9.807,0.002584149,2.288649111,99.16572535,0.3
9.82,0.002584149,2.122645762,99.16572535,0.3
9.833,0.002584149,1.923685866,99.13002448,0.3
9.846,0.001722766,1.72472597,99.1943236,0.2
9.858,0.002584149,1.591679168,99.1943236,0.2
9.871,0.002584149,1.45985298,99.15862273,0.2
9.884,0.002584149,1.392719272,99.15862273,0.2
9.896,0.001722766,1.392719272,99.13482215,0.2
9.909,0.001722766,1.45985298,99.13482215,0.2
9.922,0.002584149,1.525766074,99.13482215,0.2
9.934,0.002584149,1.558722621,99.15862273,0.2
9.947,0.001722766,1.591679168,99.15243422,0.3
9.96,0.001722766,1.558722621,99.13482215,0.2
9.973,0.001722766,1.525766074,99.12863364,0.3
9.985,0.002584149,1.525766074,99.13482215,0.2
9.998,0.002584149,1.558722621,99.12863364,0.3
10.011,0.002584149,1.625856329,99.04101065,0.2
10.023,0.001722766,1.691769423,99.02863364,0.4
10.036,0.002584149,1.72472597,99.04101065,0.2
10.049,0.001722766,1.757682517,99.02863364,0.4
10.061,0.001722766,1.757682517,99.03482215,0.3
10.074,0.001722766,1.72472597,99.02863364,0.4
10.087,0.002584149,1.691769423,99.03482215,0.3
10.1,0.002584149,1.691769423,99.05862273,0.3
10.112,0.002584149,1.757682517,99.03482215,0.3
10.125,0.002584149,1.857772772,99.05243422,0.4
10.138,0.001722766,1.989598961,99.03482215,0.3
10.15,0.002584149,2.122645762,99.03482215,0.3
10.163,0.002584149,2.288649111,99.05862273,0.3
10.176,0.002584149,2.45465246,99.05862273,0.3
10.189,0.001722766,2.587699262,98.95862273,0.4
10.201,0.001722766,2.752481998,98.9943236,0.4
10.214,0.001722766,2.918485347,98.9943236,0.4
10.227,0.001722766,3.084488695,99.03002448,0.4
10.239,0.002584149,3.250492044,98.93002448,0.5
10.252,0.002584149,3.44945194,98.96572535,0.5
10.265,0.002584149,3.648411836,98.88952593,0.6
10.277,0.002584149,3.847371732,98.88333742,0.7
10.29,0.002584149,4.079288176,98.9252268,0.6
10.303,0.002584149,4.345381779,98.85473917,0.8
10.316,0.002584149,4.610254769,98.92042913,0.7
10.328,0.002584149,4.90930492,98.8499415,0.9
10.341,0.002584149,5.207134458,98.79801939,0.8
10.354,0.002584149,5.539141155,98.80944296,1
10.366,0.003014841,5.871147853,98.78703321,1
10.379,0.003876224,6.168977391,98.71083379,1.1
10.392,0.004306915,6.468027541,98.68223554,1.2
10.404,0.005168298,6.767077692,98.61793641,1.3
10.417,0.00559899,7.097863777,98.54173699,1.4
10.43,0.006891064,7.429870474,98.47743787,1.5
10.443,0.007752447,7.728920625,98.43693932,1.6
10.455,0.009044522,7.993793615,98.3726402,1.7
10.468,0.010336596,8.225710059,98.26645169,1.9
10.481,0.011197979,8.391713407,98.30834107,1.8
10.493,0.011628671,8.491803662,98.20834107,1.9
10.506,0.012490054,8.457626502,98.20834107,1.9
10.519,0.012490054,8.325800313,98.20834107,1.9
10.532,0.012490054,8.09388387,98.30834107,1.8
10.544,0.012490054,7.761877172,98.3726402,1.7
10.557,0.012490054,7.36395738,98.43693932,1.6
10.57,0.012490054,6.931860428,98.51313874,1.5
10.582,0.012490054,6.500984088,98.67743787,1.3
10.595,0.012490054,6.103064296,98.71793641,1.2
10.608,0.012490054,5.705144504,98.78223554,1.1
10.62,0.012490054,5.373137807,98.84653466,1
10.633,0.012490054,5.075308269,98.8808447,1
10.646,0.012490054,4.842171213,98.85133234,0.9
10.659,0.012490054,4.677388477,98.81563146,0.9
10.671,0.012490054,4.544341675,98.79183088,0.9
10.684,0.012490054,4.478428581,98.79183088,0.9
10.697,0.012490054,4.411294873,98.75613001,0.9
10.709,0.012490054,4.345381779,98.85613001,0.8
10.722,0.011628671,4.279468685,98.82042913,0.8
10.735,0.011628671,4.212334977,98.82042913,0.8
10.747,0.011628671,4.146421883,98.81424063,0.9
10.76,0.011628671,4.113465336,98.82042913,0.8
10.773,0.011628671,4.113465336,98.77853975,0.9
10.786,0.011628671,4.113465336,98.79091677,0.7
10.798,0.011628671,4.17937843,98.77853975,0.9
10.811,0.011628671,4.279468685,98.69091677,0.8
10.824,0.011628671,4.411294873,98.67853975,1
10.836,0.011628671,4.544341675,98.68472826,0.9
10.849,0.011628671,4.710345024,98.61424063,1.1
10.862,0.011628671,4.876348373,98.62042913,1
10.875,0.011628671,5.042351722,98.6499415,1.1
10.887,0.012490054,5.241311618,98.55613001,1.1
10.9,0.011628671,5.440271514,98.49183088,1.2
10.913,0.011628671,5.672187957,98.49183088,1.2
10.925,0.012490054,5.871147853,98.41563146,1.3
10.938,0.012490054,6.103064296,98.41563146,1.3
10.951,0.012490054,6.33498074,98.35133234,1.4
10.963,0.012490054,6.601074343,98.28703321,1.5
10.976,0.012490054,6.832990786,98.31083379,1.5
10.989,0.012490054,7.064907229,98.24653466,1.6
11.002,0.012920745,7.296823673,98.17604703,1.8
11.014,0.012490054,7.495783569,98.24173699,1.7
11.027,0.012490054,7.728920625,98.17124936,1.9
11.04,0.012920745,7.927880521,98.21313874,1.8
11.052,0.012920745,8.09388387,98.10695023,2
11.065,0.012920745,8.225710059,98.14312783,1.8
11.078,0.012920745,8.35875686,98.13075082,2
11.09,0.013782128,8.491803662,98.0788287,1.9
11.103,0.013782128,8.590673304,98.06645169,2.1
11.116,0.01421282,8.723720105,98.11452958,1.9
11.129,0.01421282,8.889723454,98.00215256,2.2
11.141,0.015074203,9.021549643,98.04404194,2.1
11.154,0.015504894,9.187552992,97.93785344,2.3
11.167,0.015504894,9.320599793,97.96784252,2.2
11.179,0.016366277,9.453646595,97.86165402,2.4
11.192,0.01722766,9.552516237,97.86784252,2.3
11.205,0.01722766,9.585472784,97.89735489,2.4
11.218,0.017658352,9.453646595,97.86784252,2.3
11.23,0.017658352,9.121639897,97.84404194,2.3
11.243,0.017658352,8.657807011,98.00834107,2.1
11.256,0.017658352,8.159796964,98.0726402,2
11.268,0.017658352,7.661786918,98.23693932,1.8
11.281,0.017658352,7.230910578,98.27743787,1.7
11.294,0.01722766,6.800034239,98.44173699,1.5
11.306,0.01722766,6.402114447,98.5117479,1.5
11.319,0.01722766,6.037151202,98.54653466,1.3
11.332,0.01722766,5.705144504,98.60464528,1.3
11.345,0.01722766,5.406094354,98.55133234,1.2
11.357,0.01722766,5.108264816,98.60944296,1.2
11.37,0.01722766,4.876348373,98.59183088,1.1
11.383,0.016366277,4.643211317,98.5499415,1.2
11.395,0.016366277,4.411294873,98.49091677,1
11.408,0.016366277,4.245291525,98.45473917,1.2
11.421,0.016366277,4.046331628,98.43141531,1
11.433,0.016366277,3.88032828,98.4190383,1.2
11.446,0.016366277,3.715545544,98.38952593,1.1
11.459,0.016366277,3.515365035,98.35953684,1.2
11.472,0.016366277,3.316405139,98.33002448,1.1
11.484,0.016366277,3.151622403,98.3943236,1
11.497,0.015504894,2.952662507,98.35862273,1
11.51,0.015504894,2.786659158,98.33482215,1
11.522,0.015074203,2.620655809,98.29912127,1
11.535,0.015074203,2.45465246,98.2634204,1
11.548,0.015074203,2.288649111,98.2634204,1
11.561,0.015074203,2.18977947,98.22771953,1
11.573,0.015074203,2.155602309,98.22771953,1
11.586,0.01421282,2.155602309,98.22771953,1
11.599,0.01421282,2.288649111,98.22771953,1
11.611,0.015074203,2.45465246,98.12771953,1.1
11.624,0.015074203,2.686568903,98.12771953,1.1
11.637,0.015074203,2.952662507,98.12153102,1.2
11.649,0.015074203,3.18457895,98.02771953,1.2
11.662,0.015074203,3.416495393,98.02153102,1.3
11.675,0.015074203,3.615455289,98.02771953,1.2
11.688,0.015074203,3.781458638,97.95723189,1.4
11.7,0.015074203,3.947461987,97.9634204,1.3
11.713,0.015074203,4.113465336,97.99293277,1.4
11.726,0.015074203,4.245291525,97.99912127,1.3
11.738,0.01421282,4.345381779,97.99293277,1.4
11.751,0.015074203,4.411294873,97.93482215,1.4
11.764,0.015074203,4.511385128,97.95862273,1.4
11.776,0.015074203,4.610254769,97.95862273,1.4
11.789,0.015074203,4.743301571,97.95862273,1.4
11.802,0.015074203,4.842171213,97.95862273,1.4
11.815,0.015074203,4.975218014,97.8943236,1.5
11.827,0.015074203,5.108264816,97.92383597,1.6
11.84,0.015074203,5.241311618,97.96572535,1.5
11.853,0.015074203,5.373137807,97.95953684,1.6
11.865,0.015074203,5.506184608,97.88952593,1.6
11.878,0.015074203,5.63923141,97.9190383,1.7
11.891,0.015074203,5.771057599,97.9252268,1.6
11.904,0.015074203,5.871147853,97.95473917,1.7
11.916,0.015504894,5.838191306,97.96092768,1.6
11.929,0.015074203,5.705144504,97.95473917,1.7
11.942,0.015074203,5.473228061,98.06092768,1.5
11.954,0.015074203,5.207134458,98.0252268,1.5
11.967,0.015504894,4.90930492,98.1252268,1.4
11.98,0.015074203,4.610254769,98.18952593,1.3
11.992,0.015074203,4.345381779,98.16572535,1.3
12.005,0.015504894,4.113465336,98.26572535,1.2
12.018,0.015504894,3.847371732,98.23002448,1.2
12.031,0.015504894,3.615455289,98.1943236,1.2
12.043,0.015074203,3.383538846,98.25862273,1.1
12.056,0.015074203,3.117445243,98.23482215,1.1
12.069,0.01421282,2.885528799,98.19912127,1.1
12.081,0.01421282,2.686568903,98.1634204,1.1
12.094,0.01421282,2.45465246,98.12771953,1.1
12.107,0.01421282,2.255692564,98.22153102,1.1
12.119,0.015074203,2.056732668,98.20391894,1
12.132,0.01421282,1.857772772,98.19773044,1.1
12.145,0.01421282,1.658812876,98.17440658,0.9
12.158,0.01421282,1.45985298,98.12632869,1.1
12.17,0.01421282,1.260893084,98.11490512,0.9
12.183,0.01421282,1.061933188,98.10252811,1.1
12.196,0.013782128,0.862973292,98.07920425,0.9
12.208,0.013782128,0.696969943,98.06682724,1.1
12.221,0.013782128,0.498010047,98.10871662,1
12.234,0.013782128,0.364963245,98.00252811,1.2
12.247,0.013782128,0.26487299,98.00871662,1.1
12.259,0.013782128,0.231916443,98.00252811,1.2
12.272,0.012920745,0.332006698,98.0325172,1.1
12.285,0.012920745,0.530966594,98.0325172,1.1
12.297,0.012920745,0.795839584,98.06821807,1.1
12.31,0.012920745,1.061933188,97.96821807,1.2
12.323,0.012920745,1.293849631,98.00391894,1.2
12.335,0.013782128,1.426896432,97.99773044,1.3
12.348,0.013782128,1.45985298,98.00391894,1.2
12.361,0.012920745,1.359762725,97.99773044,1.3
12.374,0.013782128,1.226715924,98.00391894,1.2
12.386,0.012920745,1.027756028,97.99773044,1.3
12.399,0.012920745,0.795839584,98.00391894,1.2
12.412,0.012920745,0.596879688,97.99773044,1.3
12.424,0.012490054,0.430876339,98.00391894,1.2
12.437,0.012920745,0.299050151,97.99773044,1.3
12.45,0.012920745,0.198959896,98.01010745,1.1
12.462,0.012920745,0.133046802,97.99773044,1.3
12.475,0.012920745,0.100090254,98.01010745,1.1
12.488,0.012920745,0.065913094,97.99773044,1.3
12.501,0.012920745,0,98.00391894,1.2
12.513,0.012920745,-0.100090254,97.99773044,1.3
12.526,0.012920745,-0.231916443,98.00391894,1.2
12.539,0.012920745,-0.364963245,97.89773044,1.4
12.551,0.012490054,-0.530966594,97.90391894,1.3
12.564,0.012490054,-0.696969943,97.90391894,1.3
12.577,0.012490054,-0.862973292,97.90391894,1.3
12.59,0.012490054,-1.027756028,97.90391894,1.3
12.602,0.011628671,-1.193759376,97.90391894,1.3
12.615,0.011197979,-1.392719272,97.90391894,1.3
12.628,0.010336596,-1.558722621,97.90391894,1.3
12.64,0.010336596,-1.757682517,97.80391894,1.4
12.653,0.009905905,-1.923685866,97.82771953,1.4
12.666,0.009905905,-2.122645762,97.82771953,1.4
12.678,0.009044522,-2.288649111,97.82771953,1.4
12.691,0.00861383,-2.45465246,97.82771953,1.4
12.704,0.007752447,-2.620655809,97.72771953,1.5
12.717,0.006891064,-2.786659158,97.72153102,1.6
12.729,0.006891064,-2.985619054,97.72771953,1.5
12.742,0.006460373,-3.151622403,97.62153102,1.7
12.755,0.00559899,-3.350582299,97.6634204,1.6
12.767,0.005168298,-3.549542195,97.65723189,1.7
12.78,0.004306915,-3.781458638,97.66960891,1.5
12.793,0.003876224,-4.046331628,97.55723189,1.8
12.805,0.003014841,-4.312425232,97.5634204,1.7
12.818,0.001722766,-4.577298222,97.49293277,1.9
12.831,0.000430692,-4.876348373,97.49912127,1.8
12.844,-0.000861383,-5.207134458,97.39912127,1.9
12.856,-0.002153458,-5.539141155,97.29912127,2
12.869,-0.004306915,-5.937060947,97.19912127,2.1
12.882,-0.006029681,-6.367937287,97.09912127,2.2
12.894,-0.008183139,-6.800034239,97.03482215,2.3
12.907,-0.010767288,-7.230910578,96.82863364,2.6
12.92,-0.013351437,-7.728920625,96.65862273,2.7
12.932,-0.016796969,-8.225710059,96.45243422,3
12.945,-0.019811809,-8.723720105,96.25862273,3.1
12.958,-0.024118724,-9.221730152,95.95243422,3.5
12.971,-0.028425639,-9.718519585,95.65862273,3.7
12.983,-0.033163246,-10.21652963,95.3943236,4
12.996,-0.037900853,-10.68036252,94.9943236,4.4
13.009,-0.043069151,-11.14541602,94.73002448,4.7
13.021,-0.048237449,-11.57629236,94.33002448,5.1
13.034,-0.053836438,-12.0071687,94.06572535,5.4
13.047,-0.059435428,-12.37213194,93.66572535,5.8
13.06,-0.065034418,-12.70413864,93.38952593,6.1
13.072,-0.069341333,-13.00196818,93.08952593,6.4
13.085,-0.074078939,-13.26806178,92.78952593,6.7
13.098,-0.078816546,-13.49997822,92.58952593,6.9
13.11,-0.082692769,-13.66598157,92.38952593,7.1
13.123,-0.086138302,-13.79902837,92.16572535,7.3
13.136,-0.089153142,-13.89789802,92.06572535,7.4
13.148,-0.092167983,-13.93085456,91.93002448,7.5
13.161,-0.093890749,-13.93085456,91.7943236,7.6
13.174,-0.095182823,-13.83198492,91.75862273,7.6
13.187,-0.096474898,-13.73189467,91.73482215,7.6
13.199,-0.097336281,-13.60006848,91.70530978,7.5
13.212,-0.097336281,-13.49997822,91.69293277,7.7
13.225,-0.097766972,-13.39988797,91.7634204,7.5
13.237,-0.098628355,-13.36693142,91.75723189,7.6
13.25,-0.098628355,-13.36693142,91.72771953,7.5
13.263,-0.099059047,-13.43406513,91.62153102,7.7
13.275,-0.099059047,-13.53293477,91.62771953,7.6
13.288,-0.100781813,-13.66598157,91.55723189,7.8
13.301,-0.101212504,-13.79902837,91.5634204,7.7
13.314,-0.102504579,-13.93085456,91.45723189,7.9
13.326,-0.103796653,-14.03094482,91.3634204,7.9
13.339,-0.105088728,-14.12981446,91.3634204,7.9
13.352,-0.106380802,-14.22990471,91.2634204,8
13.364,-0.107242185,-14.26286126,91.1634204,8.1
13.377,-0.10853426,-14.29581781,91.1634204,8.1
13.39,-0.109826334,-14.36295152,91.0634204,8.2
13.403,-0.111118409,-14.39590806,91.0634204,8.2
13.415,-0.112410483,-14.42886461,90.9634204,8.3
13.428,-0.113271866,-14.4947777,90.8634204,8.4
13.441,-0.114563941,-14.56191141,90.8634204,8.4
13.453,-0.115856016,-14.62782451,90.7634204,8.5
13.466,-0.11714809,-14.72669415,90.6634204,8.6
13.479,-0.118440165,-14.79382785,90.5634204,8.7
13.491,-0.119732239,-14.85974095,90.59912127,8.7
13.504,-0.121885697,-14.9598312,90.50530978,8.7
13.517,-0.123177771,-15.05870084,90.42863364,9
13.53,-0.124900537,-15.12583455,90.34101065,8.9
13.542,-0.127053995,-15.22470419,90.25862273,9.1
13.555,-0.129207452,-15.32479445,90.16481124,9.1
13.568,-0.130930218,-15.45662064,89.95862273,9.4
13.58,-0.133083676,-15.55671089,89.8943236,9.5
13.593,-0.134806442,-15.68975769,89.7943236,9.6
13.606,-0.138251974,-15.82158388,89.63002448,9.8
13.618,-0.140836123,-15.98758723,89.53002448,9.9
13.631,-0.144712347,-16.15359058,89.36572535,10.1
13.644,-0.148157879,-16.35255048,89.18952593,10.3
13.657,-0.152034102,-16.51855382,88.98952593,10.5
13.669,-0.155910326,-16.68455717,88.8252268,10.7
13.682,-0.160217241,-16.81638336,88.56092768,11
13.695,-0.164524156,-16.98238671,88.36092768,11.2
13.707,-0.169261762,-17.14839006,88.18472826,11.4
13.72,-0.173999369,-17.28143686,87.98472826,11.6
13.733,-0.178736976,-17.3803065,87.78472826,11.8
13.746,-0.183043891,-17.44744021,87.58472826,12
13.758,-0.186489423,-17.5133533,87.38472826,12.2
13.771,-0.190365646,-17.5792664,87.28472826,12.3
13.784,-0.192949795,-17.5792664,87.18472826,12.4
13.796,-0.195103253,-17.54630985,87.15473917,12.5
13.809,-0.19725671,-17.44744021,87.0252268,12.5
13.822,-0.198548785,-17.34734996,86.98333742,12.6
13.834,-0.198979476,-17.18134661,86.97191386,12.4
13.847,-0.199840859,-17.04952042,87.03002448,12.4
13.86,-0.200271551,-16.91647362,87.00051211,12.3
13.873,-0.200271551,-16.78342681,86.95862273,12.4
13.885,-0.201132934,-16.65160063,87.03482215,12.3
13.898,-0.201132934,-16.45264073,86.99912127,12.3
13.911,-0.201563626,-16.25246022,87.02771953,12.2
13.923,-0.201132934,-16.02054378,87.10391894,12.1
13.936,-0.201132934,-15.75567079,87.1325172,12
13.949,-0.201132934,-15.48957718,87.07920425,11.9
13.962,-0.201132934,-15.25766074,87.13731487,11.9
13.974,-0.201132934,-15.0257443,87.14350338,11.8
13.987,-0.200271551,-14.79382785,87.23112636,11.9
14,-0.200271551,-14.59486796,87.23731487,11.8
14.012,-0.200271551,-14.42886461,87.23112636,11.9
14.025,-0.199840859,-14.32877435,87.27301574,11.8
14.038,-0.199840859,-14.22990471,87.26682724,11.9
14.05,-0.199840859,-14.12981446,87.30871662,11.8
14.063,-0.199840859,-14.03094482,87.30871662,11.8
14.076,-0.198979476,-13.96381111,87.30871662,11.8
14.089,-0.198979476,-13.93085456,87.3325172,11.8
14.101,-0.198979476,-13.96381111,87.2325172,11.9
14.114,-0.198979476,-14.03094482,87.26821807,11.9
14.127,-0.198979476,-14.16277101,87.26821807,11.9
14.139,-0.198979476,-14.32877435,87.20391894,12
14.152,-0.198979476,-14.4947777,87.12771953,12.1
14.165,-0.198979476,-14.6937376,87.1634204,12.1
14.177,-0.199840859,-14.8926975,87.09912127,12.2
14.19,-0.199840859,-15.09165739,86.99912127,12.3
14.203,-0.199840859,-15.29061729,86.93482215,12.4
14.216,-0.199840859,-15.48957718,86.85243422,12.6
14.228,-0.200271551,-15.72271424,86.8943236,12.5
14.241,-0.200271551,-15.95463068,86.82383597,12.7
14.254,-0.201132934,-16.18654713,86.79571444,12.6
14.266,-0.201563626,-16.45264073,86.7252268,12.8
14.279,-0.202425009,-16.71751372,86.66711619,12.8
14.292,-0.203717083,-16.94943016,86.47853975,13.2
14.304,-0.205439849,-17.18134661,86.42661764,13.1
14.317,-0.207593307,-17.41448366,86.38564237,13.4
14.33,-0.210177456,-17.64640011,86.31563146,13.4
14.343,-0.212761605,-17.81240346,86.25133234,13.5
14.355,-0.216207137,-18.01136335,86.18703321,13.6
14.368,-0.219652669,-18.1773667,85.98703321,13.8
14.381,-0.222667509,-18.34214944,85.91083379,13.9
14.393,-0.226974424,-18.47519624,85.74653466,14.1
14.406,-0.23128134,-18.64119959,85.58223554,14.3
14.419,-0.235588255,-18.77424639,85.51793641,14.4
14.432,-0.23989517,-18.90607258,85.31793641,14.6
14.444,-0.245494159,-19.00616283,85.11793641,14.8
14.457,-0.249801074,-19.10503247,84.94173699,15
14.47,-0.254538681,-19.17216618,84.74173699,15.2
14.482,-0.259706979,-19.23807927,84.47743787,15.5
14.495,-0.26573666,-19.30521298,84.27743787,15.7
14.508,-0.270904958,-19.40408262,84.07743787,15.9
14.52,-0.276934639,-19.50417288,83.90695023,16.2
14.533,-0.283825703,-19.60304252,83.61932725,16.3
14.546,-0.290716768,-19.73608932,83.33075082,16.8
14.559,-0.298038523,-19.83495896,83.0788287,16.9
14.571,-0.306221662,-19.96800576,82.90834107,17.2
14.584,-0.313974109,-20.06809602,82.61452958,17.4
14.597,-0.321726556,-20.19992221,82.33785344,17.9
14.609,-0.329909695,-20.30001246,82.06784252,18.1
14.622,-0.338523525,-20.3988821,81.86784252,18.3
14.635,-0.347137355,-20.53192891,81.6035434,18.6
14.647,-0.354889802,-20.63201916,81.3035434,18.9
14.66,-0.363072941,-20.69793225,81.13924427,19.1
14.673,-0.370825388,-20.76384535,80.93924427,19.3
14.686,-0.378147144,-20.7968019,80.7035434,19.5
14.698,-0.384607516,-20.7968019,80.6035434,19.6
14.711,-0.389775814,-20.7968019,80.46784252,19.7
14.724,-0.394513421,-20.7308888,80.34404194,19.8
14.736,-0.397958953,-20.66497571,80.40834107,19.7
14.749,-0.400543102,-20.597842,79.8788287,20.1
14.762,-0.40269656,-20.49897236,80.23693932,19.8
14.775,-0.404419326,-20.3988821,80.11313874,19.9
14.787,-0.4057114,-20.36592556,80.21313874,19.8
14.8,-0.407864858,-20.33296901,80.37743787,19.6
14.813,-0.409156932,-20.33296901,80.27743787,19.7
14.825,-0.410018315,-20.30001246,80.14173699,19.8
14.838,-0.41131039,-20.26705592,80.11793641,19.8
14.851,-0.411741081,-20.19992221,80.21793641,19.7
14.863,-0.412602464,-20.06809602,80.28223554,19.6
14.876,-0.412602464,-19.90209267,80.21083379,19.6
14.889,-0.413033156,-19.76904587,80.18703321,19.6
14.902,-0.413033156,-19.63599907,80.25133234,19.5
14.914,-0.413033156,-19.50417288,80.35133234,19.4
14.927,-0.413033156,-19.40408262,80.31563146,19.4
14.94,-0.413033156,-19.30521298,80.25613001,19.4
14.952,-0.413033156,-19.20512273,80.32042913,19.3
14.965,-0.413033156,-19.03911938,80.36092768,19.2
14.978,-0.412602464,-18.84015948,80.29571444,19.1
14.99,-0.413033156,-18.57528649,80.2943236,19.1
15.003,-0.412602464,-18.30919289,80.34101065,18.9
15.016,-0.411741081,-18.0443199,80.32153102,19
15.029,-0.41131039,-17.74526975,80.23870571,18.8
15.041,-0.410449007,-17.44744021,80.27301574,18.8
15.054,-0.410018315,-17.14839006,80.2078025,18.7
15.067,-0.408295549,-16.85056052,80.201614,18.8
15.079,-0.407003475,-16.51855382,80.1078025,18.8
15.092,-0.405280709,-16.18654713,80.001614,19
15.105,-0.403988634,-15.82158388,80.03731487,19
15.118,-0.401835177,-15.42366409,79.93731487,19.1
15.13,-0.400543102,-15.0257443,79.83731487,19.2
15.143,-0.398389644,-14.59486796,79.83731487,19.2
15.156,-0.396666878,-14.19694817,79.77301574,19.3
15.168,-0.394513421,-13.76485121,79.67301574,19.4
15.181,-0.392790655,-13.30101833,79.57301574,19.5
15.194,-0.389775814,-12.80300828,79.47301574,19.6
15.206,-0.387191665,-12.30621885,79.37301574,19.7
15.219,-0.384607516,-11.74229571,79.27301574,19.8
15.232,-0.381592676,-11.14541602,79.17920425,19.8
15.245,-0.378147144,-10.51435917,79.07301574,20
15.257,-0.374701612,-9.81860984,78.87920425,20.1
15.27,-0.369964005,-9.08868335,78.67301574,20.4
15.283,-0.366087781,-8.292843766,78.51490512,20.5
15.295,-0.361780866,-7.462827022,78.20252811,21
15.308,-0.35704326,-6.666987437,77.91490512,21.1
15.321,-0.351874962,-5.871147853,77.60252811,21.6
15.333,-0.347137355,-5.141221363,77.31490512,21.7
15.346,-0.342399748,-4.544341675,77.12632869,22.1
15.359,-0.338954216,-4.046331628,76.97440658,22.1
15.372,-0.335939376,-3.615455289,76.76202956,22.5
15.384,-0.333355227,-3.283448591,76.67440658,22.4
15.397,-0.330340386,-2.952662507,76.59773044,22.7
15.41,-0.327756237,-2.620655809,76.50391894,22.7
15.422,-0.326033471,-2.288649111,76.39773044,22.9
15.435,-0.323449322,-1.956642413,76.30391894,22.9
15.448,-0.321295865,-1.625856329,76.20391894,23
15.461,-0.318711716,-1.326806178,76.10391894,23.1
15.473,-0.316127567,-0.99479948,76.00391894,23.2
15.486,-0.313543417,-0.662792783,75.92771953,23.3
15.499,-0.310528577,-0.299050151,75.80391894,23.4
15.511,-0.307944428,0.032956547,75.73390803,23.4
15.524,-0.305360279,0.430876339,75.62771953,23.6
15.537,-0.301914747,0.795839584,75.53390803,23.6
15.549,-0.298899906,1.193759376,75.32771953,23.9
15.562,-0.296315757,1.525766074,75.23390803,23.9
15.575,-0.293731608,1.890729319,75.1634204,24.1
15.588,-0.291578151,2.255692564,74.96960891,24.2
15.6,-0.289424693,2.653612356,74.89293277,24.5
15.613,-0.286840544,3.117445243,74.80530978,24.4
15.626,-0.283825703,3.615455289,74.62863364,24.8
15.638,-0.280380171,4.146421883,74.46481124,24.8
15.651,-0.276503948,4.677388477,74.2881351,25.2
15.664,-0.272197033,5.207134458,74.13621298,25.2
15.676,-0.267890118,5.738101051,73.85953684,25.7
15.689,-0.263152511,6.203154551,73.69571444,25.7
15.702,-0.258414905,6.666987437,73.5252268,26
15.715,-0.253677298,7.097863777,73.38472826,26.2
15.727,-0.248509,7.562917276,73.32042913,26.3
15.74,-0.243340702,7.993793615,72.95613001,26.7
15.753,-0.237311021,8.424669955,72.69183088,27
15.765,-0.232142723,8.7896332,72.51563146,27.2
15.778,-0.227405116,9.121639897,72.51563146,27.2
15.791,-0.222667509,9.386512888,72.51563146,27.2
15.804,-0.218791286,9.585472784,72.59183088,27.1
15.816,-0.216207137,9.685563038,72.69183088,27
15.829,-0.213622988,9.78443268,72.65613001,27
15.842,-0.21146953,9.884522934,72.72042913,26.9
15.854,-0.209746764,9.984613189,72.72042913,26.9
15.867,-0.207162615,10.18357308,72.62042913,27
15.88,-0.204147775,10.38253298,72.52042913,27.1
15.892,-0.201132934,10.64740597,72.36231851,27.2
15.905,-0.197687402,10.91227896,72.19183088,27.5
15.918,-0.193811178,11.21132911,71.99801939,27.6
15.931,-0.189073572,11.44324556,71.81563146,27.9
15.943,-0.185197348,11.70933916,71.72181997,27.9
15.956,-0.181321125,11.90829906,71.51563146,28.2
15.969,-0.176583518,12.0743024,71.42181997,28.2
15.981,-0.172707295,12.20612859,71.31563146,28.4
15.994,-0.170123145,12.2732623,71.31563146,28.4
16.007,-0.167538996,12.20612859,71.29183088,28.4
16.019,-0.166677613,11.97421215,71.29183088,28.4
16.032,-0.16581623,11.6092489,71.35613001,28.3
16.045,-0.16581623,11.07828231,71.48472826,28.1
16.058,-0.16581623,10.48140262,71.76711619,27.7
16.07,-0.166677613,9.884522934,71.88952593,27.6
16.083,-0.167538996,9.287643246,72.03621298,27.3
16.096,-0.167969688,8.756676652,72.15862273,27.2
16.108,-0.169261762,8.258666606,72.34101065,26.9
16.121,-0.170123145,7.827790266,72.39912127,26.9
16.134,-0.17141522,7.429870474,72.4634204,26.8
16.147,-0.171845911,7.132040937,72.42771953,26.8
16.159,-0.171845911,6.865947333,72.52771953,26.7
16.172,-0.172707295,6.63403089,72.50391894,26.7
16.185,-0.173137986,6.402114447,72.50391894,26.7
16.197,-0.173999369,6.168977391,72.50391894,26.7
16.21,-0.174430061,5.970017495,72.50391894,26.7
16.223,-0.174430061,5.771057599,72.50391894,26.7
16.235,-0.175291444,5.539141155,72.50391894,26.7
16.248,-0.175291444,5.307224712,72.50391894,26.7
16.261,-0.175722135,5.108264816,72.50391894,26.7
16.274,-0.176583518,4.876348373,72.40391894,26.8
16.286,-0.176583518,4.643211317,72.40391894,26.8
16.299,-0.177444901,4.411294873,72.40391894,26.8
16.312,-0.177875593,4.17937843,72.30391894,26.9
16.324,-0.177875593,3.947461987,72.30391894,26.9
16.337,-0.178736976,3.748502091,72.31010745,26.8
16.35,-0.179167667,3.582498742,72.20391894,27
16.362,-0.179167667,3.44945194,72.21010745,26.9
16.375,-0.18002905,3.44945194,72.12153102,27.2
16.388,-0.18002905,3.515365035,72.13390803,27
16.401,-0.179167667,3.715545544,72.25723189,27.1
16.413,-0.179167667,3.980418534,72.26960891,26.9
16.426,-0.18002905,4.279468685,72.29293277,27.1
16.439,-0.179167667,4.610254769,72.30530978,26.9
16.451,-0.179167667,4.90930492,72.32863364,27.1
16.464,-0.179167667,5.207134458,72.33482215,27
16.477,-0.179167667,5.539141155,72.35243422,27.1
16.49,-0.179167667,5.838191306,72.25862273,27.1
16.502,-0.179167667,6.103064296,72.2881351,27.2
16.515,-0.179167667,6.33498074,72.33002448,27.1
16.528,-0.179167667,6.533940636,72.33002448,27.1
16.54,-0.178736976,6.732900532,72.46572535,27
16.553,-0.178736976,6.865947333,72.46572535,27
16.566,-0.178736976,6.998994135,72.46572535,27
16.578,-0.177875593,7.064907229,72.48952593,27
16.591,-0.177875593,7.097863777,72.58952593,26.9
16.604,-0.177875593,7.064907229,72.58952593,26.9
16.617,-0.177875593,6.966037588,72.69571444,26.7
16.629,-0.178736976,6.800034239,72.76572535,26.7
16.642,-0.178736976,6.601074343,72.87191386,26.5
16.655,-0.178736976,6.367937287,72.92383597,26.6
16.667,-0.178736976,6.103064296,73.03621298,26.3
16.68,-0.178736976,5.805234759,73.12383597,26.4
16.693,-0.178736976,5.506184608,73.20051211,26.1
16.705,-0.178736976,5.207134458,73.15243422,26.3
16.718,-0.178736976,4.90930492,73.26481124,26
16.731,-0.178736976,4.610254769,73.22863364,26.2
16.744,-0.179167667,4.279468685,73.30530978,25.9
16.756,-0.179167667,3.947461987,73.25723189,26.1
16.769,-0.179167667,3.615455289,73.22771953,26
16.782,-0.18002905,3.283448591,73.22153102,26.1
16.794,-0.18002905,2.918485347,73.10391894,26.1
16.807,-0.180459742,2.587699262,73.06821807,26.1
16.82,-0.181321125,2.222736017,72.9325172,26.2
16.833,-0.181751816,1.890729319,72.86821807,26.3
16.845,-0.183043891,1.525766074,72.76821807,26.4
16.858,-0.183905274,1.193759376,72.66821807,26.5
16.871,-0.185197348,0.895929839,72.56821807,26.6
16.883,-0.18562804,0.596879688,72.56821807,26.6
16.896,-0.186489423,0.299050151,72.46821807,26.7
16.909,-0.187350806,0.032956547,72.36821807,26.8
16.921,-0.187781497,-0.231916443,72.40391894,26.8
16.934,-0.18864288,-0.530966594,72.42771953,26.8
16.947,-0.189073572,-0.762883037,72.43390803,26.7
16.96,-0.190365646,-0.895929839,72.42771953,26.8
16.972,-0.190365646,-0.928886386,72.43390803,26.7
16.985,-0.191227029,-0.795839584,72.45723189,26.9
16.998,-0.191227029,-0.563923141,72.46960891,26.7
17.01,-0.191227029,-0.198959896,72.45723189,26.9
17.023,-0.191227029,0.166003349,72.46960891,26.7
17.036,-0.191227029,0.498010047,72.49912127,26.8
17.048,-0.191227029,0.828796131,72.49912127,26.8
17.061,-0.191227029,1.094889735,72.53482215,26.8
17.074,-0.190365646,1.326806178,72.53482215,26.8
17.087,-0.190365646,1.591679168,72.55862273,26.8
17.099,-0.191227029,1.824816225,72.55862273,26.8
17.112,-0.191227029,2.056732668,72.5943236,26.8
17.125,-0.191227029,2.321605658,72.5943236,26.8
17.137,-0.190365646,2.587699262,72.63002448,26.8
17.15,-0.190365646,2.885528799,72.66572535,26.8
17.163,-0.190365646,3.217535497,72.68952593,26.8
17.176,-0.189934955,3.582498742,72.6252268,26.9
17.188,-0.189934955,3.947461987,72.66092768,26.9
17.201,-0.189073572,4.345381779,72.68472826,26.9
17.214,-0.18864288,4.743301571,72.75613001,26.9
17.226,-0.187781497,5.141221363,72.71563146,27
17.239,-0.187350806,5.539141155,72.75133234,27
17.252,-0.186489423,5.9041044,72.71083379,27.1
17.264,-0.185197348,6.302024192,72.74653466,27.1
17.277,-0.183905274,6.732900532,72.71793641,27.2
17.29,-0.182613199,7.132040937,72.67743787,27.3
17.303,-0.181751816,7.495783569,72.71313874,27.3
17.315,-0.180459742,7.827790266,72.6726402,27.4
17.328,-0.179167667,8.026750163,72.6726402,27.4
17.341,-0.179167667,8.09388387,72.70834107,27.4
17.353,-0.178736976,8.09388387,72.80834107,27.3
17.366,-0.178736976,7.993793615,72.80834107,27.3
17.379,-0.178736976,7.894923974,72.90834107,27.2
17.391,-0.178736976,7.794833719,72.90834107,27.2
17.404,-0.178736976,7.728920625,72.9726402,27.1
17.417,-0.178736976,7.728920625,73.00834107,27.1
17.43,-0.177875593,7.827790266,73.00834107,27.1
17.442,-0.177875593,7.993793615,72.91452958,27.1
17.455,-0.177875593,8.192753511,72.90834107,27.2
17.468,-0.177875593,8.457626502,72.84404194,27.3
17.48,-0.177444901,8.657807011,72.76165402,27.5
17.493,-0.176583518,8.822589747,72.8035434,27.4
17.506,-0.175291444,8.889723454,72.8035434,27.4
17.519,-0.175291444,8.856766907,72.8035434,27.4
17.531,-0.175291444,8.723720105,72.9035434,27.3
17.544,-0.175291444,8.524760209,72.86784252,27.3
17.557,-0.175291444,8.258666606,72.96784252,27.2
17.569,-0.175291444,7.927880521,73.14404194,27
17.582,-0.175722135,7.562917276,73.20834107,26.9
17.595,-0.175722135,7.197954031,73.2726402,26.8
17.607,-0.175722135,6.832990786,73.33693932,26.7
17.62,-0.176583518,6.468027541,73.41313874,26.6
17.633,-0.176583518,6.103064296,73.47743787,26.5
17.646,-0.177444901,5.705144504,73.44173699,26.5
17.658,-0.177875593,5.340181259,73.51793641,26.4
17.671,-0.178736976,4.975218014,73.44653466,26.4
17.684,-0.178736976,4.577298222,73.51083379,26.3
17.696,-0.179167667,4.212334977,73.48703321,26.3
17.709,-0.18002905,3.88032828,73.40944296,26.4
17.722,-0.180459742,3.515365035,73.36231851,26.2
17.734,-0.181321125,3.18457895,73.31424063,26.4
17.747,-0.181321125,2.852572252,73.26711619,26.2
17.76,-0.181751816,2.553522102,73.2190383,26.4
17.773,-0.182613199,2.255692564,73.16572535,26.3
17.785,-0.183043891,1.956642413,73.12383597,26.4
17.798,-0.183043891,1.658812876,73.0943236,26.3
17.811,-0.183905274,1.326806178,73.03482215,26.3
17.823,-0.184335965,0.99479948,72.99912127,26.3
17.836,-0.185197348,0.662792783,72.9634204,26.3
17.849,-0.18562804,0.332006698,72.92771953,26.3
17.862,-0.186489423,-0.032956547,72.92771953,26.3
17.874,-0.187350806,-0.498010047,72.80391894,26.4
17.887,-0.18864288,-1.061933188,72.82771953,26.4
17.9,-0.190365646,-1.691769423,72.72771953,26.5
17.912,-0.192949795,-2.388739366,72.6634204,26.6
17.925,-0.196395327,-3.084488695,72.6634204,26.6
17.938,-0.199840859,-3.748502091,72.59912127,26.7
17.95,-0.2028557,-4.312425232,72.49912127,26.8
17.963,-0.205439849,-4.743301571,72.43482215,26.9
17.976,-0.20845469,-5.042351722,72.43482215,26.9
17.989,-0.209746764,-5.207134458,72.43482215,26.9
18.001,-0.211038839,-5.274268165,72.43482215,26.9
18.014,-0.21146953,-5.307224712,72.43482215,26.9
18.027,-0.212330913,-5.307224712,72.44101065,26.8
18.039,-0.212330913,-5.373137807,72.43482215,26.9
18.052,-0.212761605,-5.473228061,72.33482215,27
18.065,-0.213622988,-5.63923141,72.32863364,27.1
18.077,-0.214053679,-5.805234759,72.35862273,27
18.09,-0.214915062,-5.970017495,72.35862273,27
18.103,-0.216207137,-6.070107749,72.35862273,27
18.116,-0.21706852,-6.037151202,72.35862273,27
18.128,-0.217499211,-5.771057599,72.33482215,27
18.141,-0.217499211,-5.373137807,72.43482215,26.9
18.154,-0.217499211,-4.809214666,72.43482215,26.9
18.166,-0.21706852,-4.17937843,72.49912127,26.8
18.179,-0.216207137,-3.549542195,72.49912127,26.8
18.192,-0.215345754,-2.918485347,72.49912127,26.8
18.205,-0.214053679,-2.321605658,72.55723189,26.8
18.217,-0.212761605,-1.72472597,72.46960891,26.7
18.23,-0.21146953,-1.127846282,72.42771953,26.8
18.243,-0.209746764,-0.563923141,72.42771953,26.8
18.255,-0.20845469,-0.032956547,72.32771953,26.9
18.268,-0.206301232,0.463832887,72.3634204,26.9
18.281,-0.205009158,0.928886386,72.3634204,26.9
18.293,-0.204147775,1.326806178,72.29912127,27
18.306,-0.203717083,1.658812876,72.29912127,27
18.319,-0.2028557,1.989598961,72.23482215,27.1
18.332,-0.202425009,2.321605658,72.25862273,27.1
18.344,-0.201132934,2.686568903,72.2943236,27.1
18.357,-0.200271551,3.084488695,72.26572535,27.2
18.37,-0.199840859,3.515365035,72.28952593,27.2
18.382,-0.198548785,3.980418534,72.2252268,27.3
18.395,-0.19725671,4.478428581,72.28472826,27.3
18.408,-0.195533944,5.042351722,72.25613001,27.4
18.42,-0.193811178,5.60505425,72.25133234,27.5
18.433,-0.191657721,6.203154551,72.21083379,27.6
18.446,-0.189934955,6.767077692,72.11793641,27.8
18.459,-0.187350806,7.396913927,72.07124936,28
18.471,-0.184335965,8.026750163,71.9726402,28.1
18.484,-0.181321125,8.657807011,71.83785344,28.4
18.497,-0.178736976,9.287643246,71.84543278,28.3
18.509,-0.175291444,9.81860984,71.69874573,28.6
18.522,-0.171845911,10.28244273,71.57633598,28.7
18.535,-0.169261762,10.68036252,71.48775955,29
18.548,-0.166677613,10.94645612,71.42964893,29
18.56,-0.164524156,11.14541602,71.32346042,29.2
18.573,-0.16280139,11.31019875,71.32964893,29.1
18.586,-0.161509315,11.4762021,71.22964893,29.2
18.598,-0.159355858,11.675162,71.22964893,29.2
18.611,-0.156771709,11.97421215,71.1653498,29.3
18.624,-0.153326177,12.33917539,70.9653498,29.5
18.636,-0.149019262,12.77005173,70.88915038,29.6
18.649,-0.143420272,13.20092807,70.72485126,29.8
18.662,-0.136959899,13.66598157,70.46055213,30.1
18.675,-0.129638144,14.06390136,70.296253,30.3
18.687,-0.121885697,14.46182116,70.12005359,30.5
18.7,-0.114563941,14.8267844,69.82005359,30.8
18.713,-0.106380802,15.12583455,69.65575446,31
18.725,-0.099059047,15.45662064,69.49145533,31.2
18.738,-0.092167983,15.75567079,69.32715621,31.4
18.751,-0.083984844,16.02054378,69.12715621,31.6
18.763,-0.076232397,16.31959393,68.94476828,31.9
18.776,-0.067618567,16.58446692,68.75095679,32
18.789,-0.059004737,16.88351707,68.58046916,32.3
18.802,-0.049529523,17.14839006,68.39284617,32.3
18.814,-0.040915693,17.41448366,68.21617003,32.7
18.827,-0.032732555,17.64640011,68.02854704,32.7
18.84,-0.023257341,17.81240346,67.83997061,33.1
18.852,-0.014643511,18.01136335,67.74615912,33.1
18.865,-0.006891064,18.21032325,67.57567148,33.4
18.878,0.001292075,18.40928314,67.51756086,33.4
18.891,0.009905905,18.57528649,67.37706232,33.6
18.903,0.017658352,18.74128984,67.27706232,33.7
18.916,0.024980107,18.87311603,67.21276319,33.8
18.929,0.032301863,18.97320628,67.11276319,33.9
18.941,0.038331544,19.07207593,67.01276319,34
18.954,0.043930534,19.13920963,66.91276319,34.1
18.967,0.04866814,19.20512273,66.91276319,34.1
18.979,0.053405747,19.23807927,66.81276319,34.2
18.992,0.058574045,19.27103582,66.81276319,34.2
19.005,0.062019577,19.33816953,66.67706232,34.3
19.018,0.065895801,19.37112608,66.67706232,34.3
19.03,0.069772024,19.43703917,66.57706232,34.4
19.043,0.073648248,19.53712943,66.57087381,34.5
19.056,0.077955163,19.63599907,66.51276319,34.5
19.068,0.081831386,19.73608932,66.50657469,34.6
19.081,0.086568993,19.83495896,66.41276319,34.6
19.094,0.090445217,19.93504922,66.30657469,34.8
19.106,0.095613515,20.06809602,66.34846407,34.7
19.119,0.100351121,20.16696566,66.24846407,34.8
19.132,0.105519419,20.26705592,66.14846407,34.9
19.145,0.1115491,20.3988821,66.04227556,35.1
19.157,0.117578782,20.53192891,65.91276319,35.1
19.17,0.123177771,20.66497571,65.81276319,35.2
19.183,0.130068835,20.7968019,65.71276319,35.3
19.195,0.136529208,20.9298487,65.61276319,35.4
19.208,0.143850964,21.0628955,65.54846407,35.5
19.221,0.151172719,21.19472169,65.44846407,35.6
19.234,0.158494475,21.32776849,65.36607614,35.8
19.246,0.166246922,21.46081529,65.17226465,35.9
19.259,0.174430061,21.59386209,65.10177702,36.1
19.272,0.182182508,21.69273173,65.00796552,36.1
19.284,0.189934955,21.79282199,64.90177702,36.3
19.297,0.198118093,21.89169163,64.80796552,36.3
19.31,0.205870541,22.02473843,64.73747789,36.5
19.322,0.214484371,22.15778523,64.6436664,36.5
19.335,0.222667509,22.25665488,64.57317876,36.7
19.348,0.23128134,22.38970168,64.47936727,36.7
19.361,0.239033787,22.48857132,64.37317876,36.9
19.373,0.247647617,22.58866157,64.27936727,36.9
19.386,0.255400064,22.62161812,64.37936727,36.8
19.399,0.262291128,22.62161812,64.17936727,37
19.411,0.267890118,22.48857132,64.07936727,37.1
19.424,0.27133565,22.25665488,64.1436664,37
19.437,0.273489107,21.95760473,64.10796552,37
19.449,0.274781182,21.59386209,64.17226465,36.9
19.462,0.274781182,21.29481194,64.21276319,36.8
19.475,0.274781182,20.99576179,64.31276319,36.7
19.488,0.274781182,20.83097906,64.27087381,36.8
19.5,0.275211873,20.76384535,64.37706232,36.6
19.513,0.275211873,20.7968019,64.34707323,36.7
19.526,0.276073256,20.8639356,64.35326174,36.6
19.538,0.276073256,20.99576179,64.34707323,36.7
19.551,0.276503948,21.09585205,64.37706232,36.6
19.564,0.277365331,21.0628955,64.34707323,36.7
19.577,0.277365331,20.89689215,64.32374937,36.5
19.589,0.277365331,20.53192891,64.47567148,36.5
19.602,0.277365331,20.06809602,64.55234763,36.2
19.615,0.277365331,19.63599907,64.68046916,36.2
19.627,0.277365331,19.37112608,64.75095679,36
19.64,0.276503948,19.20512273,64.74476828,36.1
19.653,0.276503948,19.17216618,64.75095679,36
19.665,0.276503948,19.17216618,64.74476828,36.1
19.678,0.276503948,19.17216618,64.85095679,35.9
19.691,0.276503948,19.10503247,64.84476828,36
19.704,0.276503948,18.97320628,64.82715621,35.9
19.716,0.276503948,18.74128984,64.89145533,35.8
19.729,0.276073256,18.50815279,64.95575446,35.7
19.742,0.276073256,18.24327979,65.11386508,35.6
19.754,0.275211873,17.9784068,65.196253,35.4
19.767,0.274781182,17.84536,65.15436362,35.5
19.78,0.274781182,17.81240346,65.16055213,35.4
19.792,0.273919799,17.9112731,65.15436362,35.5
19.805,0.274781182,18.07727645,65.196253,35.4
19.818,0.274781182,18.24327979,65.0900645,35.6
19.831,0.274781182,18.34214944,65.096253,35.5
19.843,0.274781182,18.3763266,65.11386508,35.6
19.856,0.274781182,18.24327979,65.096253,35.5
19.869,0.274781182,18.07727645,65.1900645,35.5
19.881,0.274781182,17.81240346,65.26674064,35.2
19.894,0.273919799,17.5792664,65.31866275,35.3
19.907,0.273919799,17.3803065,65.42485126,35.1
19.92,0.273489107,17.18134661,65.38296188,35.2
19.932,0.272627724,17.04952042,65.48915038,35
19.945,0.272197033,16.91647362,65.4591613,35.1
19.958,0.27133565,16.81638336,65.5653498,34.9
19.97,0.27133565,16.75047027,65.52346042,35
19.983,0.27133565,16.68455717,65.52964893,34.9
19.996,0.27133565,16.61742347,65.62964893,34.8
20.008,0.270904958,16.55151037,65.62964893,34.8
20.021,0.270904958,16.51855382,65.59394806,34.8
20.034,0.270043575,16.55151037,65.59394806,34.8
20.047,0.270043575,16.68455717,65.62346042,34.9
20.059,0.270043575,16.85056052,65.52964893,34.9
20.072,0.270904958,17.04952042,65.52346042,35
20.085,0.270904958,17.21552377,65.4653498,35
20.097,0.270904958,17.34734996,65.4591613,35.1
20.11,0.270904958,17.41448366,65.3653498,35.1
20.123,0.270904958,17.44744021,65.38296188,35.2
20.135,0.270904958,17.44744021,65.38915038,35.1
20.148,0.270904958,17.44744021,65.48296188,35.1
20.161,0.270904958,17.48039676,65.48915038,35
20.174,0.270904958,17.54630985,65.38296188,35.2
20.186,0.270904958,17.61344356,65.38915038,35.1
20.199,0.270904958,17.67935665,65.38296188,35.2
20.212,0.270904958,17.74526975,65.38915038,35.1
20.224,0.270904958,17.77944691,65.38296188,35.2
20.237,0.27133565,17.77944691,65.38915038,35.1
20.25,0.27133565,17.7123132,65.38296188,35.2
20.263,0.27133565,17.5792664,65.48915038,35
20.275,0.27133565,17.3803065,65.48915038,35
20.288,0.270904958,17.08247697,65.5653498,34.9
20.301,0.270904958,16.78342681,65.62964893,34.8
20.313,0.270043575,16.48559728,65.78775955,34.7
20.326,0.270043575,16.18654713,65.87014747,34.5
20.339,0.269612884,15.88871759,65.92825809,34.5
20.351,0.267890118,15.55671089,65.99874573,34.3
20.364,0.266598043,15.22470419,66.15685635,34.2
20.377,0.265305969,14.85974095,66.2035434,34
20.39,0.263583203,14.4947777,66.23785344,34
20.402,0.262291128,14.06390136,66.36645169,33.8
20.415,0.260137671,13.56589132,66.50695023,33.6
20.428,0.257984213,12.93605508,66.5117479,33.5
20.44,0.255400064,12.17317205,66.58703321,33.2
20.453,0.252385223,11.31019875,66.47853975,33.2
20.466,0.248078308,10.28244273,66.15862273,33.2
20.478,0.243771393,9.121639897,65.62632869,33.6
20.491,0.237741712,7.894923974,64.901614,34.1
20.504,0.230419957,6.601074343,64.09542549,35
20.517,0.222667509,5.307224712,63.33731487,35.7
20.529,0.214053679,4.046331628,62.56682724,36.6
20.542,0.205870541,2.952662507,61.87301574,37.2
20.555,0.198118093,1.989598961,61.30871662,37.8
20.567,0.190796338,1.160802829,60.82632869,38.4
20.58,0.184335965,0.498010047,60.4325172,38.7
20.593,0.178306284,-0.198959896,60.16202956,39.1
20.606,0.170984528,-0.99479948,59.90391894,39.3
20.618,0.160217241,-1.956642413,59.49773044,39.8
20.631,0.147727187,-2.985619054,59.10391894,40.1
20.644,0.133514367,-3.980418534,58.69773044,40.6
20.656,0.118870856,-4.876348373,58.22771953,41
20.669,0.104227345,-5.63923141,57.92153102,41.4
20.682,0.091737291,-6.269067645,57.62771953,41.6
20.694,0.081831386,-6.699943985,57.42153102,41.9
20.707,0.073648248,-6.998994135,57.22771953,42
20.72,0.067187875,-7.296823673,57.15723189,42.2
20.733,0.061158194,-7.529960729,56.95723189,42.4
20.745,0.055128513,-7.827790266,56.85723189,42.5
20.758,0.048237449,-8.225710059,56.75723189,42.6
20.771,0.039623619,-8.690763558,56.55723189,42.8
20.783,0.027564256,-9.187552992,56.3634204,42.9
20.796,0.01421282,-9.718519585,56.09912127,43.2
20.809,-0.000861383,-10.24948618,55.79912127,43.5
20.821,-0.015935586,-10.71331907,55.52863364,43.9
20.834,-0.031871172,-11.21132911,55.25862273,44.1
20.847,-0.048237449,-11.675162,55.05243422,44.4
20.86,-0.065465109,-12.1402155,54.7943236,44.6
20.872,-0.082692769,-12.57109184,54.52383597,45
20.885,-0.100781813,-13.00196818,54.33002448,45.1
20.898,-0.119301548,-13.43406513,54.15953684,45.4
20.91,-0.138251974,-13.79902837,53.88952593,45.6
20.923,-0.1572024,-14.19694817,53.7190383,45.9
20.936,-0.177444901,-14.52773425,53.58472826,46
20.949,-0.195533944,-14.8926975,53.41424063,46.3
20.961,-0.215345754,-15.22470419,53.29183088,46.4
20.974,-0.235588255,-15.52375434,53.14514383,46.7
20.987,-0.255830755,-15.85454043,52.98703321,46.8
20.999,-0.276934639,-16.18654713,52.84034616,47.1
21.012,-0.300191981,-16.51855382,52.64173699,47.3
21.025,-0.323880014,-16.78342681,52.50695023,47.6
21.037,-0.34842943,-17.08247697,52.3726402,47.7
21.05,-0.37427092,-17.3803065,52.26165402,48
21.063,-0.399251027,-17.64640011,52.13924427,48.1
21.076,-0.425092518,-17.9112731,51.95685635,48.4
21.088,-0.450072625,-18.14318954,51.9344466,48.4
21.101,-0.475052733,-18.34214944,51.88775955,48.6
21.114,-0.498310074,-18.50815279,51.72964893,48.7
21.126,-0.520275341,-18.64119959,51.7591613,48.8
21.139,-0.539225767,-18.70711268,51.68915038,48.8
21.152,-0.557745502,-18.80720294,51.68296188,48.9
21.164,-0.574542471,-18.90607258,51.72485126,48.8
21.177,-0.590908748,-18.97320628,51.65436362,49
21.19,-0.604690877,-19.03911938,51.70244151,48.8
21.203,-0.618473005,-19.10503247,51.6900645,49
21.215,-0.630532367,-19.13920963,51.696253,48.9
21.228,-0.640868963,-19.13920963,51.6900645,49
21.241,-0.649052102,-19.10503247,51.696253,48.9
21.253,-0.655081783,-19.00616283,51.75436362,48.9
21.266,-0.658958007,-18.80720294,51.82485126,48.7
21.279,-0.660680773,-18.54232995,51.9591613,48.6
21.292,-0.661542156,-18.21032325,52.07014747,48.3
21.304,-0.660680773,-17.84536,52.05685635,48.3
21.317,-0.660680773,-17.5133533,52.16784252,48
21.33,-0.660250081,-17.21552377,52.16645169,48
21.342,-0.659388698,-16.94943016,52.21313874,47.8
21.355,-0.658958007,-16.68455717,52.21793641,47.7
21.368,-0.657665932,-16.41846357,52.21083379,47.6
21.38,-0.656373857,-16.15359058,52.15133234,47.6
21.393,-0.655081783,-15.85454043,52.15613001,47.5
21.406,-0.652928325,-15.55671089,52.16092768,47.4
21.419,-0.651636251,-15.22470419,52.05953684,47.5
21.431,-0.649482793,-14.8926975,52.05862273,47.3
21.444,-0.647760027,-14.52773425,52.0634204,47.2
21.457,-0.64560657,-14.16277101,51.96202956,47.3
21.469,-0.643883804,-13.76485121,51.8325172,47.3
21.482,-0.641730346,-13.39988797,51.80871662,47.3
21.495,-0.639576889,-13.00196818,51.70871662,47.4
21.507,-0.63699274,-12.60404838,51.60252811,47.6
21.52,-0.635269974,-12.23908514,51.50871662,47.6
21.533,-0.632685825,-11.8082088,51.42632869,47.8
21.546,-0.629240292,-11.44324556,51.3325172,47.8
21.558,-0.627086835,-11.07828231,51.22632869,48
21.571,-0.625364069,-10.74749623,51.1325172,48
21.584,-0.623210611,-10.38253298,51.0325172,48.1
21.596,-0.620626462,-10.05052628,50.9325172,48.2
21.609,-0.618473005,-9.685563038,50.8325172,48.3
21.622,-0.615888856,-9.320599793,50.7325172,48.4
21.635,-0.613304707,-8.856766907,50.62632869,48.6
21.647,-0.609859175,-8.391713407,50.42632869,48.8
21.66,-0.605982951,-7.860746814,50.2325172,48.9
21.673,-0.601245344,-7.263867126,50.02632869,49.2
21.685,-0.595646355,-6.63403089,49.7325172,49.4
21.698,-0.589616674,-5.937060947,49.40252811,49.8
21.711,-0.583586993,-5.241311618,49.00871662,50.1
21.723,-0.576265237,-4.544341675,48.50252811,50.7
21.736,-0.56851279,-3.847371732,48.10871662,51
21.749,-0.559037577,-3.117445243,47.62632869,51.6
21.762,-0.549993055,-2.421695913,47.2325172,51.9
21.774,-0.54008715,-1.691769423,46.72632869,52.5
21.787,-0.529319863,-0.99479948,46.2325172,52.9
21.8,-0.517691192,-0.299050151,45.86821807,53.3
21.812,-0.50563183,0.364963245,45.36202956,53.9
21.825,-0.493572468,0.961842933,44.99773044,54.3
21.838,-0.484527946,1.426896432,44.59773044,54.7
21.85,-0.476344807,1.824816225,44.32771953,54.9
21.863,-0.46859236,2.255692564,44.02771953,55.2
21.876,-0.45997853,2.786659158,43.82771953,55.4
21.889,-0.449641934,3.316405139,43.5634204,55.7
21.901,-0.437582572,3.847371732,43.1634204,56.1
21.914,-0.423800443,4.411294873,42.8634204,56.4
21.927,-0.409156932,4.975218014,42.59912127,56.7
21.939,-0.392790655,5.539141155,42.19912127,57.1
21.952,-0.375562995,6.070107749,41.89293277,57.5
21.965,-0.35704326,6.568117796,41.49912127,57.8
21.978,-0.33723145,7.064907229,41.22863364,58.2
21.99,-0.316558258,7.595873823,40.83482215,58.5
22.003,-0.295454374,8.09388387,40.55243422,58.9
22.016,-0.273489107,8.590673304,40.2943236,59.1
22.028,-0.251093149,9.055726803,39.9881351,59.5
22.041,-0.229558574,9.486603142,39.7943236,59.6
22.054,-0.208885381,9.884522934,39.5881351,59.9
22.066,-0.189073572,10.24948618,39.3943236,60
22.079,-0.170553837,10.54731572,39.23002448,60.2
22.092,-0.153326177,10.84636587,39.13002448,60.3
22.105,-0.136959899,11.11123886,39.03002448,60.4
22.117,-0.121885697,11.34437591,39.03002448,60.4
22.13,-0.10853426,11.57629236,38.93002448,60.5
22.143,-0.096044206,11.74229571,38.93002448,60.5
22.155,-0.084846227,11.90829906,38.83002448,60.6
22.168,-0.074078939,12.0071687,38.7943236,60.6
22.181,-0.065465109,12.1402155,38.83002448,60.6
22.193,-0.058143354,12.23908514,38.83002448,60.6
22.206,-0.051252289,12.33917539,38.83002448,60.6
22.219,-0.044361225,12.37213194,38.83002448,60.6
22.232,-0.039623619,12.37213194,38.8881351,60.6
22.244,-0.035747395,12.33917539,38.8943236,60.5
22.257,-0.033163246,12.30621885,38.95243422,60.5
22.27,-0.031871172,12.2732623,38.96481124,60.3
22.282,-0.030579097,12.20612859,39.05243422,60.4
22.295,-0.029287023,12.17317205,39.15862273,60.2
22.308,-0.028425639,12.1402155,39.12863364,60.3
22.32,-0.027994948,12.0743024,39.23482215,60.1
22.333,-0.027133565,11.9412556,39.22863364,60.2
22.346,-0.027133565,11.70933916,39.33482215,60
22.359,-0.027133565,11.41028901,39.49912127,59.8
22.371,-0.027994948,11.04532576,39.59912127,59.7
22.384,-0.028425639,10.58149288,39.7634204,59.5
22.397,-0.029717714,10.08348283,39.92771953,59.3
22.409,-0.031871172,9.585472784,40.00391894,59.2
22.422,-0.034024629,9.121639897,40.19773044,59.1
22.435,-0.036608778,8.623629851,40.30391894,58.9
22.448,-0.038331544,8.126840417,40.39773044,58.9
22.46,-0.040485002,7.595873823,40.36821807,58.8
22.473,-0.043069151,7.031950682,40.36821807,58.8
22.486,-0.0456533,6.468027541,40.2325172,58.9
22.498,-0.049098832,5.871147853,40.12632869,59.1
22.511,-0.052544364,5.241311618,39.90871662,59.2
22.524,-0.055559204,4.577298222,39.60252811,59.6
22.536,-0.059435428,3.947461987,39.42632869,59.8
22.549,-0.064173035,3.250492044,39.1325172,60
22.562,-0.069341333,2.553522102,38.72632869,60.5
22.575,-0.074940322,1.824816225,38.4325172,60.7
22.587,-0.080970003,1.127846282,38.12632869,61.1
22.6,-0.086568993,0.498010047,37.86821807,61.3
22.613,-0.093890749,-0.166003349,37.66202956,61.6
22.625,-0.104658036,-1.027756028,37.40391894,61.8
22.638,-0.120593622,-2.122645762,37.12771953,62.1
22.651,-0.140836123,-3.283448591,36.82771953,62.4
22.663,-0.165385539,-4.444251421,36.52771953,62.7
22.676,-0.191657721,-5.506184608,36.2634204,63
22.689,-0.218360594,-6.468027541,36.0634204,63.2
22.702,-0.244632776,-7.331000833,35.99293277,63.4
22.714,-0.269612884,-8.05970671,35.89912127,63.4
22.727,-0.293731608,-8.690763558,35.89293277,63.5
22.74,-0.316127567,-9.287643246,35.93482215,63.4
22.752,-0.337662142,-9.78443268,35.95243422,63.5
22.765,-0.358766026,-10.31539927,36.03002448,63.4
22.778,-0.380731293,-10.81340932,36.05953684,63.5
22.791,-0.40269656,-11.27724221,36.1252268,63.4
22.803,-0.425092518,-11.74229571,36.27853975,63.4
22.816,-0.448780551,-12.20612859,36.35613001,63.3
22.829,-0.473760658,-12.67118209,36.40944296,63.4
22.841,-0.499171457,-13.13501498,36.61083379,63.2
22.854,-0.525443639,-13.56589132,36.67604703,63.3
22.867,-0.553007896,-13.99798827,36.87743787,63.1
22.879,-0.581002844,-14.42886461,37.03693932,63
22.892,-0.609859175,-14.8267844,37.14404194,63
22.905,-0.638284814,-15.19174765,37.23924427,63
22.918,-0.666710454,-15.52375434,37.4344466,62.9
22.93,-0.695997476,-15.85454043,37.52964893,62.9
22.943,-0.724853807,-16.18654713,37.72485126,62.8
22.956,-0.75414083,-16.45264073,37.92005359,62.7
22.968,-0.782566469,-16.71751372,38.12715621,62.6
22.981,-0.809700034,-16.94943016,38.32235854,62.5
22.994,-0.835110833,-17.18134661,38.41756086,62.5
23.007,-0.859229557,-17.3803065,38.57087381,62.5
23.019,-0.881625516,-17.54630985,38.74846407,62.3
23.032,-0.901437325,-17.7123132,38.80177702,62.4
23.045,-0.921249135,-17.84536,38.97936727,62.2
23.057,-0.939768869,-17.9784068,39.03268022,62.3
23.07,-0.95699653,-18.07727645,39.20455869,62
23.083,-0.972932115,-18.1773667,39.32788255,62.1
23.095,-0.987144935,-18.24327979,39.36977193,62
23.108,-0.999634989,-18.30919289,39.49928429,62
23.121,-1.010402277,-18.30919289,39.6054728,61.8
23.134,-1.019016107,-18.27623634,39.69928429,61.8
23.146,-1.025045788,-18.24327979,39.72927338,61.7
23.159,-1.030214086,-18.1773667,39.8054728,61.6
23.172,-1.033659618,-18.07727645,39.8054728,61.6
23.184,-1.036243767,-17.9784068,39.86977193,61.5
23.197,-1.037535842,-17.81240346,39.93407105,61.4
23.21,-1.038827916,-17.64640011,39.89218167,61.5
23.222,-1.038827916,-17.44744021,39.96838109,61.4
23.235,-1.039258608,-17.18134661,39.99697934,61.3
23.248,-1.038827916,-16.88351707,40.07936727,61.1
23.261,-1.037966533,-16.51855382,40.06607614,61.1
23.273,-1.036243767,-16.08767749,40.21276319,60.8
23.286,-1.03409031,-15.62262399,40.21137236,60.8
23.299,-1.031506161,-15.12583455,40.22235854,60.6
23.311,-1.028922011,-14.62782451,40.18526683,60.6
23.324,-1.026337862,-14.09685791,40.16055213,60.4
23.337,-1.02289233,-13.56589132,40.12346042,60.4
23.35,-1.019446798,-13.03614534,39.99874573,60.3
23.362,-1.016431958,-12.4722222,39.86165402,60.4
23.375,-1.012986426,-11.90829906,39.83693932,60.2
23.388,-1.008248819,-11.34437591,39.6117479,60.4
23.4,-1.004372596,-10.74749623,39.45133234,60.3
23.413,-0.999634989,-10.18357308,39.21424063,60.5
23.426,-0.995758765,-9.585472784,38.95953684,60.6
23.438,-0.99145185,-8.988593096,38.62863364,60.8
23.451,-0.986714244,-8.424669955,38.30391894,60.9
23.464,-0.981115254,-7.827790266,38.0325172,61.1
23.477,-0.975946956,-7.263867126,37.80871662,61.3
23.489,-0.970778658,-6.732900532,37.50871662,61.6
23.502,-0.964318285,-6.203154551,37.12632869,62.1
23.515,-0.958719296,-5.705144504,36.8325172,62.3
23.527,-0.953120306,-5.241311618,36.42632869,62.8
23.54,-0.947090625,-4.809214666,36.1325172,63
23.553,-0.941491635,-4.444251421,35.8325172,63.3
23.565,-0.936323337,-4.079288176,35.56821807,63.6
23.578,-0.931585731,-3.781458638,35.36821807,63.8
23.591,-0.927278816,-3.549542195,35.20391894,64
23.604,-0.922971901,-3.316405139,35.00391894,64.2
23.616,-0.91995706,-3.151622403,34.79773044,64.5
23.629,-0.917372911,-3.051532148,34.70391894,64.5
23.642,-0.915219453,-2.985619054,34.59773044,64.7
23.654,-0.913927379,-2.952662507,34.52771953,64.7
23.667,-0.912635304,-2.985619054,34.52771953,64.7
23.68,-0.911773921,-3.084488695,34.52771953,64.7
23.692,-0.911773921,-3.250492044,34.55723189,64.8
23.705,-0.911773921,-3.549542195,34.6634204,64.6
23.718,-0.912635304,-3.91450544,34.6634204,64.6
23.731,-0.913065996,-4.312425232,34.79293277,64.6
23.743,-0.913927379,-4.776258118,34.79912127,64.5
23.756,-0.914788762,-5.241311618,34.79293277,64.6
23.769,-0.916511528,-5.738101051,34.93482215,64.4
23.781,-0.918664986,-6.203154551,34.92863364,64.5
23.794,-0.920387752,-6.699943985,34.95862273,64.4
23.807,-0.922971901,-7.197954031,34.95243422,64.5
23.82,-0.926417433,-7.694743465,35.0943236,64.3
23.832,-0.929862965,-8.192753511,35.12383597,64.4
23.845,-0.933308497,-8.723720105,35.16572535,64.3
23.858,-0.93718472,-9.287643246,35.2190383,64.4
23.87,-0.941060944,-9.81860984,35.26092768,64.3
23.883,-0.945798551,-10.34835582,35.41424063,64.3
23.896,-0.950105466,-10.87932241,35.49183088,64.2
23.908,-0.955704455,-11.41028901,35.5808447,64.3
23.921,-0.960872753,-11.9412556,35.68223554,64.2
23.934,-0.966902434,-12.4722222,35.73554849,64.3
23.947,-0.973362807,-12.96901163,35.73693932,64.3
23.959,-0.980684563,-13.49997822,35.84404194,64.3
23.972,-0.98843701,-13.96381111,35.93924427,64.3
23.985,-0.996620148,-14.42886461,36.07014747,64.3
23.997,-1.004372596,-14.85974095,36.1653498,64.3
24.01,-1.013847809,-15.29061729,36.3900645,64.3
24.023,-1.022461639,-15.68975769,36.52715621,64.2
24.035,-1.031075469,-15.98758723,36.71617003,64.2
24.048,-1.039258608,-16.25246022,36.91756086,64
24.061,-1.046580363,-16.48559728,36.97087381,64.1
24.074,-1.053902119,-16.61742347,37.14846407,63.9
24.086,-1.059501108,-16.68455717,37.26607614,63.9
24.099,-1.063808024,-16.71751372,37.30796552,63.8
24.112,-1.066392173,-16.61742347,37.30177702,63.9
24.124,-1.06854563,-16.41846357,37.41415403,63.6
24.137,-1.06854563,-16.12063403,37.46607614,63.7
24.15,-1.06854563,-15.68975769,37.61276319,63.4
24.163,-1.066392173,-15.22470419,37.61137236,63.4
24.175,-1.065100098,-14.66078105,37.74615912,63.1
24.188,-1.062085258,-14.09685791,37.8209677,63
24.201,-1.059501108,-13.46702168,37.82005359,62.8
24.213,-1.055194193,-12.80300828,37.91866275,62.7
24.226,-1.05131797,-12.10725895,37.89394806,62.5
24.239,-1.047441746,-11.37733246,37.75685635,62.6
24.251,-1.042273448,-10.61444942,37.64404194,62.5
24.264,-1.036674459,-9.751476133,37.47124936,62.6
24.277,-1.031075469,-8.856766907,37.34653466,62.5
24.29,-1.024184405,-7.860746814,37.00944296,62.8
24.302,-1.015570575,-6.800034239,36.68472826,62.9
24.315,-1.005233979,-5.63923141,36.1881351,63.3
24.328,-0.992743925,-4.444251421,35.52771953,63.7
24.34,-0.977239031,-3.250492044,34.80252811,64.4
24.353,-0.958719296,-2.122645762,33.97301574,65.1
24.366,-0.938476795,-1.094889735,33.06682724,66.1
24.378,-0.916511528,-0.198959896,32.30871662,66.8
24.391,-0.89411557,0.563923141,31.52632869,67.7
24.404,-0.873442377,1.127846282,30.8325172,68.3
24.417,-0.859229557,1.525766074,30.46202956,68.8
24.429,-0.846739504,1.890729319,30.11010745,69
24.442,-0.832095993,2.321605658,29.72153102,69.6
24.455,-0.814006949,2.819615705,29.32771953,69.9
24.467,-0.791610991,3.350582299,28.82153102,70.5
24.48,-0.767061575,3.847371732,28.32771953,70.9
24.493,-0.740789393,4.312425232,27.92153102,71.4
24.506,-0.714947902,4.710345024,27.52771953,71.7
24.518,-0.692551944,5.008174562,27.25723189,72.1
24.531,-0.675324284,5.141221363,27.1634204,72.1
24.544,-0.665418379,5.075308269,27.02771953,72.2
24.556,-0.660680773,4.809214666,27.1634204,72.1
24.569,-0.660250081,4.312425232,27.22771953,72
24.582,-0.660680773,3.681368384,27.22771953,72
24.594,-0.662403539,3.084488695,27.30391894,71.9
24.607,-0.663695613,2.487609007,27.20391894,72
24.62,-0.666279762,1.923685866,27.06821807,72.1
24.633,-0.668002528,1.392719272,26.96821807,72.2
24.645,-0.67144806,0.928886386,26.96821807,72.2
24.658,-0.673601518,0.530966594,26.86821807,72.3
24.671,-0.674893592,0.133046802,26.89773044,72.4
24.683,-0.678769816,-0.397919792,26.80391894,72.4
24.696,-0.685230188,-1.127846282,26.82153102,72.5
24.709,-0.694705402,-1.989598961,26.8634204,72.4
24.721,-0.707195455,-2.985619054,26.75723189,72.6
24.734,-0.723131041,-3.947461987,26.79912127,72.5
24.747,-0.740789393,-4.90930492,26.92863364,72.5
24.76,-0.758878436,-5.805234759,27.05862273,72.3
24.772,-0.775675405,-6.533940636,27.15862273,72.2
24.785,-0.790318916,-7.097863777,27.2943236,72.1
24.798,-0.802378279,-7.529960729,27.43002448,72
24.81,-0.812284183,-7.860746814,27.46572535,72
24.823,-0.82003663,-8.159796964,27.56572535,71.9
24.836,-0.828219769,-8.391713407,27.66572535,71.8
24.849,-0.835110833,-8.690763558,27.78952593,71.7
24.861,-0.843724663,-9.021549643,27.9190383,71.7
24.874,-0.853199876,-9.320599793,28.06092768,71.5
24.887,-0.863105781,-9.652606491,28.17853975,71.5
24.899,-0.872150303,-9.884522934,28.35613001,71.3
24.912,-0.879472058,-10.01756974,28.4499415,71.3
24.925,-0.884209665,-10.05052628,28.59183088,71.1
24.937,-0.886793814,-9.984613189,28.5499415,71.2
24.95,-0.888085889,-9.851566387,28.65613001,71
24.963,-0.888085889,-9.685563038,28.71424063,71
24.976,-0.888085889,-9.585472784,28.72042913,70.9
24.988,-0.888085889,-9.519559689,28.67853975,71
25.001,-0.888085889,-9.552516237,28.77853975,70.9
25.014,-0.888947272,-9.652606491,28.78472826,70.8
25.026,-0.888947272,-9.81860984,28.88472826,70.7
25.039,-0.890670038,-10.01756974,28.92042913,70.7
25.052,-0.892823495,-10.24948618,28.92042913,70.7
25.064,-0.896269027,-10.44844608,29.05613001,70.6
25.077,-0.900575942,-10.61444942,29.19183088,70.5
25.09,-0.904882857,-10.71331907,29.18564237,70.6
25.103,-0.907897698,-10.71331907,29.29183088,70.4
25.115,-0.909189772,-10.54731572,29.3499415,70.4
25.128,-0.909189772,-10.24948618,29.45613001,70.2
25.141,-0.910051155,-9.851566387,29.47853975,70.2
25.153,-0.908759081,-9.386512888,29.46092768,70.1
25.166,-0.907897698,-8.889723454,29.5190383,70.1
25.179,-0.905313549,-8.325800313,29.57191386,69.8
25.192,-0.9027294,-7.62883037,29.52383597,70
25.204,-0.898853176,-6.898903881,29.4943236,69.9
25.217,-0.893254187,-6.136020844,29.32863364,70.1
25.23,-0.888947272,-5.340181259,29.19912127,70.1
25.242,-0.88291759,-4.577298222,29.02153102,70.3
25.255,-0.876457218,-3.781458638,28.76821807,70.4
25.268,-0.869135462,-3.018575601,28.46202956,70.8
25.28,-0.860521632,-2.255692564,28.1325172,71
25.293,-0.850615727,-1.525766074,27.82632869,71.4
25.306,-0.840709823,-0.795839584,27.56821807,71.6
25.319,-0.82865046,-0.100090254,27.36821807,71.8
25.331,-0.816160407,0.530966594,27.06821807,72.1
25.344,-0.804962428,1.061933188,26.80391894,72.4
25.357,-0.795487214,1.45985298,26.62771953,72.6
25.369,-0.789026842,1.790639065,26.52153102,72.8
25.382,-0.781274395,2.222736017,26.3634204,72.9
25.395,-0.770507107,2.71952545,26.19293277,73.2
25.407,-0.75715567,3.283448591,26.03482215,73.3
25.42,-0.740789393,3.91450544,25.82863364,73.6
25.433,-0.720546892,4.511385128,25.66481124,73.6
25.446,-0.697720242,5.075308269,25.4881351,74
25.458,-0.674893592,5.539141155,25.20051211,74.1
25.471,-0.650774868,5.937060947,25.02383597,74.5
25.484,-0.627086835,6.236111098,24.96572535,74.5
25.496,-0.60555226,6.500984088,24.75953684,74.8
25.509,-0.584879067,6.699943985,24.67191386,74.7
25.522,-0.567651407,6.865947333,24.65953684,74.9
25.535,-0.552577204,6.998994135,24.56572535,74.9
25.547,-0.540517842,7.097863777,24.55953684,75
25.56,-0.53147332,7.164997484,24.56572535,74.9
25.573,-0.523290182,7.230910578,24.55953684,75
25.585,-0.516829809,7.230910578,24.56572535,74.9
25.598,-0.512953585,7.164997484,24.56572535,74.9
25.611,-0.510369436,7.097863777,24.63002448,74.8
25.623,-0.509508053,6.966037588,24.63002448,74.8
25.636,-0.509077362,6.800034239,24.73002448,74.7
25.649,-0.508215979,6.601074343,24.73002448,74.7
25.662,-0.509077362,6.367937287,24.7943236,74.6
25.674,-0.509508053,6.037151202,24.85862273,74.5
25.687,-0.510800128,5.63923141,24.83482215,74.5
25.7,-0.512953585,5.108264816,24.89293277,74.5
25.712,-0.514676351,4.544341675,24.92771953,74.3
25.725,-0.518121884,3.91450544,24.79773044,74.5
25.738,-0.521998107,3.250492044,24.6325172,74.5
25.75,-0.526305022,2.520565554,24.40252811,74.8
25.763,-0.530611937,1.824816225,24.20871662,74.9
25.776,-0.536641618,1.127846282,23.92632869,75.3
25.789,-0.541809916,0.530966594,23.7325172,75.4
25.801,-0.549131672,-0.166003349,23.56202956,75.7
25.814,-0.561621726,-1.094889735,23.40391894,75.8
25.827,-0.58272561,-2.255692564,23.22153102,76.1
25.839,-0.610720558,-3.482408487,23.02771953,76.2
25.852,-0.643883804,-4.710345024,23.0634204,76.2
25.865,-0.679200507,-5.838191306,23.13482215,76.2
25.878,-0.715809285,-6.865947333,23.35862273,76
25.89,-0.750264606,-7.728920625,23.65953684,75.9
25.903,-0.77998232,-8.424669955,23.88952593,75.6
25.916,-0.804101045,-8.955636548,24.18472826,75.4
25.928,-0.825204928,-9.386512888,24.32042913,75.3
25.941,-0.842432589,-9.685563038,24.59183088,75.1
25.954,-0.856645408,-9.917479482,24.71563146,75
25.966,-0.866982005,-10.08348283,24.85133234,74.9
25.979,-0.875595835,-10.21652963,24.88703321,74.9
25.992,-0.882056207,-10.31539927,24.9808447,74.9
26.005,-0.888085889,-10.31539927,24.98703321,74.8
26.017,-0.891531421,-10.28244273,25.08703321,74.7
26.03,-0.893254187,-10.11643938,25.18703321,74.6
26.043,-0.89411557,-9.81860984,25.15133234,74.6
26.055,-0.89411557,-9.420690048,25.20944296,74.6
26.068,-0.893254187,-8.889723454,25.19183088,74.5
26.081,-0.891531421,-8.325800313,25.1499415,74.6
26.093,-0.888947272,-7.694743465,25.08472826,74.5
26.106,-0.885501739,-7.031950682,25.0252268,74.5
26.119,-0.880764133,-6.302024192,24.88952593,74.6
26.132,-0.875595835,-5.473228061,24.73002448,74.7
26.144,-0.869135462,-4.610254769,24.55862273,74.8
26.157,-0.859660249,-3.715545544,24.1634204,75.1
26.17,-0.849754344,-2.786659158,23.80391894,75.4
26.182,-0.838125674,-1.923685866,23.36821807,75.8
26.195,-0.823912854,-1.061933188,22.96202956,76.3
26.208,-0.80840796,-0.26487299,22.56821807,76.6
26.221,-0.790318916,0.498010047,22.16202956,77.1
26.233,-0.772660564,1.160802829,21.90391894,77.3
26.246,-0.758017053,1.691769423,21.59773044,77.7
26.259,-0.744234925,2.222736017,21.32771953,77.9
26.271,-0.727007265,2.852572252,21.15723189,78.2
26.284,-0.705041998,3.515365035,20.99912127,78.3
26.297,-0.679200507,4.245291525,20.85243422,78.6
26.309,-0.650344176,4.90930492,20.6943236,78.7
26.322,-0.618042313,5.539141155,20.66572535,78.8
26.335,-0.583586993,6.136020844,20.5252268,79
26.348,-0.546547523,6.732900532,20.48472826,79.1
26.36,-0.508215979,7.263867126,20.49183088,79.2
26.373,-0.468161669,7.761877172,20.55133234,79.2
26.386,-0.428107358,8.192753511,20.58703321,79.2
26.398,-0.389345123,8.590673304,20.64653466,79.2
26.411,-0.354459111,8.922680001,20.68223554,79.2
26.424,-0.323449322,9.187552992,20.74173699,79.2
26.436,-0.297607832,9.353556341,20.87743787,79.1
26.449,-0.276934639,9.486603142,20.87743787,79.1
26.462,-0.260568362,9.585472784,20.97743787,79
26.475,-0.248509,9.619649944,20.97124936,79.1
26.487,-0.240756553,9.585472784,20.97743787,79
26.5,-0.234726872,9.552516237,21.07124936,79
26.513,-0.23128134,9.453646595,21.07743787,78.9
26.525,-0.229558574,9.287643246,21.17124936,78.9
26.538,-0.22869719,9.055726803,21.14173699,78.8
26.551,-0.229558574,8.623629851,21.23554849,78.8
26.564,-0.23128134,8.05970671,21.28223554,78.6
26.576,-0.233434797,7.429870474,21.44034616,78.5
26.589,-0.236880329,6.767077692,21.38703321,78.4
26.602,-0.240756553,6.037151202,21.40944296,78.4
26.614,-0.245494159,5.340181259,21.32042913,78.3
26.627,-0.250662457,4.577298222,21.08952593,78.4
26.64,-0.256692138,3.781458638,20.85862273,78.5
26.652,-0.265305969,2.952662507,20.40391894,78.8
26.665,-0.275211873,2.056732668,19.90252811,79.3
26.678,-0.286840544,1.193759376,19.50871662,79.6
26.691,-0.300191981,0.397919792,18.92632869,80.3
26.703,-0.321295865,-0.530966594,18.46821807,80.7
26.716,-0.354889802,-1.591679168,17.86821807,81.3
26.729,-0.40269656,-2.71952545,17.30391894,81.9
26.741,-0.459547839,-3.814415185,16.90391894,82.3
26.754,-0.521567416,-4.776258118,16.82771953,82.4
26.767,-0.584879067,-5.738101051,16.9634204,82.3
26.779,-0.647760027,-6.601074343,17.32863364,82.1
26.792,-0.70848753,-7.462827022,17.6943236,81.7
26.805,-0.768784341,-8.258666606,18.28333742,81.3
26.818,-0.826066311,-9.021549643,18.82042913,80.8
26.83,-0.880764133,-9.718519585,19.30944296,80.5
26.843,-0.933739188,-10.41548953,19.84653466,80
26.856,-0.984130095,-11.01236922,20.37124936,79.7
26.868,-1.032798235,-11.54333581,20.84404194,79.3
26.881,-1.078451535,-12.04012524,21.25685635,79.1
26.894,-1.121951377,-12.4722222,21.79394806,78.6
26.907,-1.163728453,-12.87014199,22.08915038,78.4
26.919,-1.202490689,-13.26806178,22.52005359,78.1
26.932,-1.239530159,-13.60006848,22.82715621,77.9
26.945,-1.274846862,-13.93085456,23.23997061,77.7
26.957,-1.307579417,-14.22990471,23.55326174,77.4
26.97,-1.339450588,-14.46182116,23.84227556,77.3
26.983,-1.368306919,-14.6937376,24.1436664,77
26.995,-1.39414841,-14.8926975,24.43268022,76.9
27.008,-1.419559209,-15.05870084,24.63407105,76.7
27.021,-1.441955167,-15.22470419,24.89928429,76.6
27.034,-1.463059051,-15.357751,25.20067513,76.3
27.046,-1.479425328,-15.45662064,25.35398808,76.3
27.059,-1.493207457,-15.45662064,25.49587746,76.1
27.072,-1.501821287,-15.357751,25.58968895,76.1
27.084,-1.507420276,-15.19174765,25.55398808,76.1
27.097,-1.509143042,-14.8926975,25.6182872,76
27.11,-1.510004425,-14.4947777,25.70067513,75.8
27.122,-1.509143042,-14.03094482,25.72927338,75.7
27.135,-1.507420276,-13.49997822,25.73407105,75.6
27.148,-1.504405436,-12.90309854,25.6745696,75.6
27.161,-1.500529212,-12.2732623,25.70316785,75.5
27.173,-1.496652989,-11.57629236,25.70796552,75.4
27.186,-1.491915382,-10.87932241,25.60657469,75.5
27.199,-1.486316392,-10.08348283,25.41756086,75.5
27.211,-1.479425328,-9.187552992,25.08665766,75.7
27.224,-1.471672881,-8.225710059,24.75575446,75.9
27.237,-1.460905593,-7.230910578,24.18915038,76.3
27.25,-1.449707614,-6.203154551,23.52825809,76.9
27.262,-1.435064103,-5.207134458,22.74404194,77.4
27.275,-1.418697826,-4.212334977,21.83554849,78.2
27.288,-1.398886016,-3.250492044,20.69183088,79
27.3,-1.375197984,-2.321605658,19.52383597,80
27.313,-1.348064419,-1.492809527,18.22771953,81
27.326,-1.314901172,-0.696969943,17.02632869,82.2
27.338,-1.277431011,0,15.90871662,83.2
27.351,-1.235653935,0.629836235,14.82632869,84.4
27.364,-1.195599625,1.127846282,13.9325172,85.2
27.377,-1.157698772,1.591679168,13.16202956,86.1
27.389,-1.118936537,2.023776121,12.60391894,86.6
27.402,-1.069837705,2.487609007,12.00391894,87.2
27.415,-1.012555734,2.918485347,11.42771953,87.8
27.427,-0.947090625,3.316405139,11.02771953,88.2
27.44,-0.875165143,3.748502091,10.72771953,88.5
27.453,-0.796779289,4.212334977,10.55723189,88.8
27.465,-0.713225136,4.710345024,10.63482215,88.7
27.478,-0.624071994,5.207134458,10.6943236,88.7
27.491,-0.531904012,5.805234759,10.98952593,88.5
27.504,-0.438874646,6.435070994,11.31424063,88.4
27.516,-0.346275972,7.132040937,11.71563146,88
27.529,-0.256692138,7.827790266,12.18223554,87.7
27.542,-0.17141522,8.457626502,12.61313874,87.4
27.554,-0.092598674,9.055726803,13.03785344,87.2
27.567,-0.020673192,9.585472784,13.43924427,86.8
27.58,0.043930534,10.05052628,13.86395897,86.6
27.593,0.102073887,10.48140262,14.2653498,86.2
27.605,0.156341017,10.87932241,14.55436362,86.1
27.618,0.205439849,11.27724221,14.92005359,85.7
27.631,0.249370383,11.6092489,15.2209677,85.6
27.643,0.290716768,11.90829906,15.48665766,85.3
27.656,0.326033471,12.17317205,15.87567148,85.1
27.669,0.358766026,12.40508849,16.05326174,84.9
27.681,0.387191665,12.60404838,16.20657469,84.9
27.694,0.412171773,12.77005173,16.46607614,84.7
27.707,0.43413704,12.90309854,16.70796552,84.4
27.72,0.451795391,12.96901163,16.8436664,84.3
27.732,0.466869594,13.00196818,16.97936727,84.2
27.745,0.478067573,13.00196818,16.99697934,84.3
27.758,0.487973478,13.00196818,17.10316785,84.1
27.77,0.496156617,13.00196818,17.13268022,84.2
27.783,0.502616989,13.00196818,17.13886872,84.1
27.796,0.507785287,12.96901163,17.23886872,84
27.808,0.512522894,12.93605508,17.23886872,84
27.821,0.515968426,12.90309854,17.2745696,84
27.834,0.51984465,12.90309854,17.2745696,84
27.847,0.523290182,12.90309854,17.3745696,83.9
27.859,0.526305022,12.93605508,17.36838109,84
27.872,0.529750554,12.96901163,17.3745696,83.9
27.885,0.533626778,13.03614534,17.39218167,84
27.897,0.538364384,13.10205843,17.49837018,83.8
27.91,0.543101991,13.20092807,17.49218167,83.9
27.923,0.548270289,13.30101833,17.53407105,83.8
27.936,0.554730662,13.43406513,17.62788255,83.8
27.948,0.5629138,13.53293477,17.66977193,83.7
27.961,0.571958322,13.66598157,17.79928429,83.7
27.974,0.580572152,13.73189467,17.9054728,83.5
27.986,0.590047365,13.79902837,17.92927338,83.5
27.999,0.596938429,13.73189467,18.05878575,83.5
28.012,0.602537419,13.66598157,18.06497426,83.4
28.024,0.60555226,13.53293477,18.15878575,83.4
28.037,0.6085671,13.33397487,18.12927338,83.3
28.05,0.609859175,13.10205843,18.22308488,83.3
28.063,0.609859175,12.87014199,18.22927338,83.2
28.075,0.609859175,12.60404838,18.19928429,83.3
28.088,0.609859175,12.40508849,18.3054728,83.1
28.101,0.608997792,12.20612859,18.29928429,83.2
28.113,0.608997792,12.10725895,18.26977193,83.1
28.126,0.6085671,12.04012524,18.26358342,83.2
28.139,0.6085671,12.04012524,18.26977193,83.1
28.151,0.6085671,12.04012524,18.26358342,83.2
28.164,0.6085671,12.04012524,18.26358342,83.2
28.177,0.608997792,12.04012524,18.26358342,83.2
28.19,0.608997792,12.0743024,18.26977193,83.1
28.202,0.608997792,12.1402155,18.33407105,83
28.215,0.608997792,12.1402155,18.33407105,83
28.228,0.608997792,12.1402155,18.33407105,83
28.24,0.608997792,12.10725895,18.33407105,83
28.253,0.608997792,12.0743024,18.36358342,83.1
28.266,0.608997792,12.04012524,18.33407105,83
28.279,0.608997792,11.97421215,18.32788255,83.1
28.291,0.6085671,11.9412556,18.33407105,83
28.304,0.6085671,11.90829906,18.42788255,83
28.317,0.608997792,11.9412556,18.43407105,82.9
28.329,0.608997792,11.97421215,18.42788255,83
28.342,0.608997792,12.0743024,18.39837018,82.9
28.355,0.609859175,12.20612859,18.38599317,83.1
28.367,0.610289866,12.33917539,18.39837018,82.9
28.38,0.611151249,12.4722222,18.39218167,83
28.393,0.611581941,12.60404838,18.43407105,82.9
28.406,0.612874015,12.77005173,18.32788255,83.1
28.418,0.615027473,12.96901163,18.36977193,83
28.431,0.616750239,13.20092807,18.36358342,83.1
28.444,0.621487845,13.46702168,18.4054728,83
28.456,0.627517526,13.73189467,18.42308488,83.1
28.469,0.636131357,13.96381111,18.56497426,82.9
28.482,0.646467953,14.19694817,18.69448662,82.9
28.494,0.658527315,14.32877435,18.82447571,82.7
28.507,0.669294603,14.36295152,18.95398808,82.7
28.52,0.677908433,14.36295152,19.09587746,82.5
28.533,0.684368805,14.36295152,19.08968895,82.6
28.545,0.689537104,14.32877435,19.19587746,82.4
28.558,0.69427471,14.29581781,19.18968895,82.5
28.571,0.699012317,14.32877435,19.19587746,82.4
28.583,0.70288854,14.36295152,19.22538982,82.5
28.596,0.706764764,14.39590806,19.33157833,82.3
28.609,0.710640987,14.39590806,19.32538982,82.4
28.622,0.714086519,14.42886461,19.33157833,82.3
28.634,0.717962743,14.42886461,19.44919041,82.3
28.647,0.721408275,14.39590806,19.45537891,82.2
28.66,0.723992424,14.36295152,19.4430019,82.4
28.672,0.726145882,14.29581781,19.55537891,82.1
28.685,0.727868648,14.22990471,19.54919041,82.2
28.698,0.729160722,14.12981446,19.55537891,82.1
28.71,0.730022105,14.06390136,19.54919041,82.2
28.723,0.730452797,13.93085456,19.53157833,82.1
28.736,0.73131418,13.73189467,19.62538982,82.1
28.749,0.73131418,13.53293477,19.59587746,82
28.761,0.730452797,13.20092807,19.58968895,82.1
28.774,0.729160722,12.80300828,19.66017658,81.9
28.787,0.727868648,12.40508849,19.6182872,82
28.799,0.726145882,11.97421215,19.70067513,81.8
28.812,0.724853807,11.6092489,19.70067513,81.8
28.825,0.72270035,11.27724221,19.76497426,81.7
28.837,0.721408275,10.97941267,19.72927338,81.7
28.85,0.719254818,10.68036252,19.69928429,81.8
28.863,0.717962743,10.38253298,19.79928429,81.7
28.876,0.716239977,10.05052628,19.76977193,81.6
28.888,0.714086519,9.718519585,19.69218167,81.7
28.901,0.71150237,9.320599793,19.79837018,81.5
28.914,0.708918221,8.922680001,19.73268022,81.6
28.926,0.706334072,8.557716756,19.70316785,81.5
28.939,0.703319232,8.159796964,19.63747789,81.6
28.952,0.700735083,7.794833719,19.50796552,81.6
28.965,0.697720242,7.462827022,19.44227556,81.7
28.977,0.694705402,7.164997484,19.27706232,81.7
28.99,0.691690561,6.832990786,19.11137236,81.9
29.003,0.689106412,6.500984088,18.94615912,81.9
29.015,0.684799497,6.136020844,18.78046916,82.1
29.028,0.681784656,5.805234759,18.62715621,82.1
29.041,0.67704705,5.440271514,18.31386508,82.4
29.053,0.673170826,5.108264816,18.05436362,82.6
29.066,0.66843322,4.743301571,17.7591613,82.8
29.079,0.663264922,4.378338326,17.46395897,83
29.092,0.658096623,4.046331628,17.16304485,83.1
29.104,0.652497634,3.681368384,16.76165402,83.5
29.117,0.646467953,3.383538846,16.33693932,83.7
29.13,0.640868963,3.084488695,16.03554849,84
29.142,0.634839282,2.786659158,15.64653466,84.2
29.155,0.628378909,2.487609007,15.24514383,84.6
29.168,0.621057154,2.222736017,14.72042913,84.9
29.18,0.612874015,1.956642413,14.28333742,85.3
29.193,0.60555226,1.691769423,13.8943236,85.5
29.206,0.596938429,1.45985298,13.45723189,85.9
29.219,0.589185982,1.260893084,12.99773044,86.3
29.231,0.580141461,1.061933188,12.66202956,86.6
29.244,0.570666247,0.862973292,12.22632869,87
29.257,0.560760343,0.629836235,11.82632869,87.4
29.269,0.550423747,0.430876339,11.32632869,87.9
29.282,0.536210927,0.198959896,10.8325172,88.3
29.295,0.517691192,-0.065913094,10.2325172,88.9
29.308,0.494864542,-0.364963245,9.632517198,89.5
29.32,0.467730977,-0.596879688,9.026328691,90.2
29.333,0.438443955,-0.828796131,8.326328691,90.9
29.346,0.406142092,-1.027756028,7.732517198,91.4
29.358,0.371686771,-1.193759376,7.126328691,92.1
29.371,0.336800759,-1.326806178,6.568218072,92.6
29.384,0.301053364,-1.45985298,6.062029564,93.2
29.396,0.264013894,-1.591679168,5.568218072,93.6
29.409,0.226543733,-1.72472597,5.262029564,94
29.422,0.187350806,-1.824816225,4.868218072,94.3
29.435,0.14858857,-1.923685866,4.562029564,94.7
29.447,0.109395643,-1.989598961,4.368218072,94.8
29.46,0.070633407,-2.089689215,4.19154193,95.2
29.473,0.032732555,-2.18977947,4.003918945,95.2
29.485,-0.004306915,-2.255692564,3.897730438,95.4
29.498,-0.039192927,-2.354562206,3.803918945,95.4
29.511,-0.072356173,-2.421695913,3.697730438,95.6
29.523,-0.103796653,-2.487609007,3.727719527,95.5
29.536,-0.133514367,-2.553522102,3.72153102,95.6
29.549,-0.161509315,-2.620655809,3.72153102,95.6
29.562,-0.187781497,-2.686568903,3.72153102,95.6
29.574,-0.211038839,-2.752481998,3.72153102,95.6
29.587,-0.230850648,-2.752481998,3.72153102,95.6
29.6,-0.243771393,-2.752481998,3.7634204,95.5
29.612,-0.251954532,-2.71952545,3.757231893,95.6
29.625,-0.255830755,-2.620655809,3.7634204,95.5
29.638,-0.25712283,-2.487609007,3.757231893,95.6
29.651,-0.256692138,-2.288649111,3.7634204,95.5
29.663,-0.256692138,-2.023776121,3.657231893,95.7
29.676,-0.255400064,-1.757682517,3.6634204,95.6
29.689,-0.253246606,-1.492809527,3.557231893,95.8
29.701,-0.248509,-1.226715924,3.427719527,95.8
29.714,-0.243771393,-0.928886386,3.22153102,96.1
29.727,-0.236880329,-0.696969943,3.027719527,96.2
29.739,-0.22869719,-0.430876339,2.79154193,96.6
29.752,-0.218360594,-0.231916443,2.603918945,96.6
29.765,-0.206301232,0,2.39154193,97
29.778,-0.192949795,0.198959896,2.203918945,97
29.79,-0.177875593,0.364963245,1.997730438,97.3
29.803,-0.161940007,0.530966594,1.803918945,97.4
29.816,-0.143420272,0.696969943,1.597730438,97.7
29.828,-0.123177771,0.828796131,1.427719527,97.8
29.841,-0.09992043,0.99479948,1.32153102,98
29.854,-0.074940322,1.160802829,1.22153102,98.1
29.866,-0.047806757,1.326806178,1.22153102,98.1
29.879,-0.018089043,1.492809527,1.157231893,98.2
29.892,0.012920745,1.658812876,1.2634204,98
29.905,0.045222608,1.857772772,1.299121274,98
29.917,0.079677929,2.056732668,1.42863364,98
29.93,0.116717399,2.288649111,1.552434222,97.9
29.943,0.155910326,2.553522102,1.823835969,97.7
29.955,0.196826019,2.819615705,2.119038298,97.5
29.968,0.240325861,3.151622403,2.378539753,97.3
29.981,0.285117778,3.44945194,2.79183088,96.9
29.994,0.330340386,3.814415185,3.180844702,96.7
30.006,0.37427092,4.146421883,3.582235538,96.3
30.019,0.417340071,4.478428581,3.97124936,96.1
30.032,0.459547839,4.842171213,4.372640196,95.7
30.044,0.500463532,5.207134458,4.797354891,95.5
30.057,0.54008715,5.60505425,5.298745727,95
30.07,0.578418695,6.004194655,5.687759549,94.8
30.082,0.61416609,6.435070994,5.989150385,94.5
30.095,0.647329336,6.767077692,6.390064498,94.3
30.108,0.676616358,7.097863777,6.65575446,94
30.121,0.701596466,7.36395738,6.9209677,93.9
30.133,0.720546892,7.562917276,7.144768282,93.7
30.146,0.735190403,7.694743465,7.280469155,93.6
30.159,0.744665616,7.761877172,7.416170029,93.5
30.171,0.751556681,7.761877172,7.422358536,93.4
30.184,0.755863596,7.728920625,7.516170029,93.4
30.197,0.758878436,7.661786918,7.522358536,93.3
30.209,0.760170511,7.62883037,7.516170029,93.4
30.222,0.762323968,7.595873823,7.522358536,93.3
30.235,0.76275466,7.529960729,7.516170029,93.4
30.248,0.763616043,7.495783569,7.516170029,93.4
30.26,0.764477426,7.396913927,7.616170029,93.3
30.273,0.764477426,7.263867126,7.616170029,93.3
30.286,0.764477426,7.097863777,7.580469155,93.3
30.298,0.764477426,6.931860428,7.580469155,93.3
30.311,0.763616043,6.732900532,7.580469155,93.3
30.324,0.762323968,6.533940636,7.580469155,93.3
30.337,0.762323968,6.367937287,7.580469155,93.3
30.349,0.761031894,6.203154551,7.544768282,93.3
30.362,0.760170511,6.070107749,7.550956789,93.2
30.375,0.759739819,5.9041044,7.5209677,93.3
30.387,0.758878436,5.738101051,7.491455334,93.2
30.4,0.757586362,5.60505425,7.485266827,93.3
30.413,0.75715567,5.473228061,7.485266827,93.3
30.425,0.756294287,5.340181259,7.449565953,93.3
30.438,0.755002213,5.207134458,7.449565953,93.3
30.451,0.754571521,5.108264816,7.41386508,93.3
30.464,0.753710138,5.042351722,7.41386508,93.3
30.476,0.752848755,4.942261467,7.396253005,93.2
30.489,0.752418064,4.842171213,7.354363624,93.3
30.502,0.751556681,4.743301571,7.360552132,93.2
30.514,0.750264606,4.643211317,7.318662751,93.3
30.527,0.749833915,4.544341675,7.324851258,93.2
30.54,0.748972532,4.444251421,7.282961878,93.3
30.552,0.74854184,4.378338326,7.265349803,93.2
30.565,0.747680457,4.312425232,7.259161295,93.3
30.578,0.747680457,4.279468685,7.229648929,93.2
30.591,0.747249766,4.245291525,7.223460422,93.3
30.603,0.746388383,4.245291525,7.223460422,93.3
30.616,0.747249766,4.279468685,7.223460422,93.3
30.629,0.746388383,4.312425232,7.223460422,93.3
30.641,0.746388383,4.411294873,7.223460422,93.3
30.654,0.746388383,4.478428581,7.223460422,93.3
30.667,0.746388383,4.577298222,7.223460422,93.3
30.68,0.747249766,4.677388477,7.223460422,93.3
30.692,0.747680457,4.809214666,7.223460422,93.3
30.705,0.747680457,4.975218014,7.223460422,93.3
30.718,0.74854184,5.141221363,7.223460422,93.3
30.73,0.748972532,5.307224712,7.265349803,93.2
30.743,0.750264606,5.506184608,7.259161295,93.3
30.756,0.751556681,5.738101051,7.289150385,93.2
30.768,0.753710138,5.970017495,7.282961878,93.3
30.781,0.755863596,6.236111098,7.324851258,93.2
30.794,0.757586362,6.500984088,7.454363624,93.2
30.807,0.761031894,6.800034239,7.496253005,93.1
30.819,0.764908117,7.097863777,7.51386508,93.2
30.832,0.770937798,7.429870474,7.65575446,93
30.845,0.778259554,7.728920625,7.785266827,93
30.857,0.787304076,7.993793615,7.850956789,92.9
30.87,0.798502055,8.258666606,8.080469155,92.8
30.883,0.814006949,8.557716756,8.246159118,92.6
30.895,0.830373226,8.856766907,8.411372358,92.6
30.908,0.847600887,9.121639897,8.647073231,92.4
30.921,0.865259239,9.386512888,8.806574687,92.3
30.934,0.882486899,9.652606491,9.04227556,92.1
30.946,0.901868017,9.917479482,9.201777015,92
30.959,0.919526369,10.18357308,9.473178762,91.8
30.972,0.938907486,10.44844608,9.603167851,91.6
30.984,0.957857913,10.68036252,9.868381091,91.5
30.997,0.978531105,10.94645612,10.12788255,91.3
31.01,0.998773606,11.17837257,10.39928429,91.1
31.023,1.019446798,11.41028901,10.55878575,91
31.035,1.039689299,11.64220545,10.8182872,90.8
31.048,1.060362492,11.84116535,11.08968895,90.6
31.061,1.078882226,12.0071687,11.35537891,90.3
31.073,1.097401961,12.17317205,11.52059215,90.3
31.086,1.113337547,12.30621885,11.78628212,90
31.099,1.12841175,12.40508849,11.91579448,90
31.111,1.142193878,12.50517874,12.18148444,89.7
31.124,1.154683932,12.53813529,12.31099681,89.7
31.137,1.165881911,12.57109184,12.55288619,89.4
31.15,1.174065049,12.50517874,12.58239856,89.5
31.162,1.179233348,12.33917539,12.68239856,89.4
31.175,1.181817497,12.10725895,12.68239856,89.4
31.188,1.18267888,11.74229571,12.64669768,89.4
31.2,1.181817497,11.24428566,12.74669768,89.3
31.213,1.179664039,10.71331907,12.71099681,89.3
31.226,1.177941273,10.14939592,12.78148444,89.1
31.238,1.174495741,9.552516237,12.75149536,89.2
31.251,1.171911592,8.988593096,12.82198299,89
31.264,1.16846606,8.391713407,12.74439274,89.1
31.277,1.164589836,7.827790266,12.55537891,89.1
31.289,1.15985223,7.230910578,12.48968895,89.2
31.302,1.155545315,6.601074343,12.20067513,89.3
31.315,1.148654251,5.937060947,11.96358342,89.5
31.327,1.141763186,5.241311618,11.53268022,89.8
31.34,1.13142659,4.511385128,11.00177702,90.2
31.353,1.118936537,3.715545544,10.31137236,90.7
31.366,1.103862334,2.918485347,9.485266827,91.3
31.378,1.083619833,2.155602309,8.459161295,92.1
31.391,1.057778342,1.426896432,7.433055764,92.9
31.404,1.025907171,0.762883037,6.27124936,93.8
31.416,0.982407329,0.166003349,5.009442955,94.8
31.429,0.919526369,-0.397919792,3.683337424,95.9
31.442,0.836402908,-0.828796131,2.392932767,97
31.454,0.739066627,-1.094889735,1.362029564,97.9
31.467,0.626225452,-1.260893084,0.626328691,98.6
31.48,0.496156617,-1.359762725,0.202528109,99
31.493,0.347568047,-1.558722621,0.126328691,99.1
31.505,0.18002905,-1.824816225,0.168218072,99
31.518,-0.003445532,-2.222736017,0.497730438,98.8
31.531,-0.2028557,-2.71952545,0.927719527,98.3
31.543,-0.411741081,-3.316405139,1.557231893,97.8
31.556,-0.624502686,-4.013375081,2.658622729,96.7
31.569,-0.836833599,-4.809214666,3.383337424,96.2
31.581,-1.043996214,-5.771057599,4.49183088,95.2
31.594,-1.245129148,-6.767077692,5.911747904,94.1
31.607,-1.436356178,-7.860746814,7.044041943,93.1
31.62,-1.612939696,-8.889723454,8.387759549,92.1
31.632,-1.773587628,-9.81860984,9.620053587,91
31.645,-1.914423751,-10.64740597,10.67567148,90.3
31.658,-2.036309448,-11.34437591,11.60177702,89.6
31.67,-2.142259558,-11.9412556,12.52788255,88.9
31.683,-2.233996849,-12.43804504,13.4182872,88.2
31.696,-2.313244087,-12.87014199,14.18489128,87.6
31.708,-2.381293345,-13.26806178,14.75149536,87.2
31.721,-2.442882231,-13.60006848,15.48239856,86.6
31.734,-2.495857286,-13.89789802,15.94190001,86.2
31.747,-2.54280266,-14.09685791,16.30140147,85.9
31.759,-2.581134205,-14.29581781,16.73710234,85.5
31.772,-2.613866759,-14.42886461,17.03710234,85.2
31.785,-2.63970825,-14.4947777,17.24329085,84.9
31.797,-2.661673516,-14.52773425,17.43710234,84.8
31.81,-2.676747719,-14.4947777,17.50758998,84.6
31.823,-2.687945698,-14.39590806,17.60140147,84.6
31.836,-2.694406071,-14.22990471,17.58378939,84.5
31.848,-2.697851603,-13.96381111,17.64190001,84.5
31.861,-2.698712986,-13.63302503,17.61238765,84.4
31.874,-2.699143678,-13.23510523,17.58239856,84.5
31.886,-2.698712986,-12.73709519,17.61718532,84.3
31.899,-2.695267454,-12.17317205,17.55149536,84.4
31.912,-2.692683305,-11.57629236,17.45058124,84.3
31.924,-2.687945698,-10.94645612,17.28489128,84.5
31.937,-2.684069475,-10.31539927,17.12538982,84.6
31.95,-2.678901177,-9.652606491,16.95398808,84.7
31.963,-2.672871496,-9.021549643,16.75878575,84.8
31.975,-2.666841815,-8.391713407,16.5054728,84.9
31.988,-2.660381442,-7.827790266,16.12788255,85.3
32.001,-2.654351761,-7.263867126,15.73886872,85.5
32.013,-2.647460697,-6.732900532,15.33747789,85.9
32.026,-2.641861707,-6.236111098,14.97226465,86.1
32.039,-2.634539951,-5.771057599,14.57087381,86.5
32.051,-2.627218196,-5.274268165,14.08185999,86.8
32.064,-2.618604366,-4.842171213,13.58046916,87.3
32.077,-2.610851919,-4.411294873,13.08526683,87.7
32.09,-2.601376705,-4.013375081,12.5900645,88.1
32.102,-2.592762875,-3.648411836,12.0591613,88.5
32.115,-2.583718354,-3.316405139,11.46395897,89
32.128,-2.57424314,-2.985619054,10.95685635,89.4
32.14,-2.565198619,-2.752481998,10.56165402,89.7
32.153,-2.557876863,-2.553522102,10.16645169,90
32.166,-2.550555108,-2.421695913,9.777437867,90.2
32.179,-2.545817501,-2.321605658,9.511747904,90.5
32.191,-2.54280266,-2.288649111,9.346534665,90.5
32.204,-2.53978782,-2.288649111,9.204645284,90.7
32.217,-2.53978782,-2.321605658,9.180844702,90.7
32.229,-2.539357128,-2.388739366,9.180844702,90.7
32.242,-2.539357128,-2.487609007,9.145143829,90.7
32.255,-2.539357128,-2.620655809,9.145143829,90.7
32.267,-2.53978782,-2.819615705,9.245143829,90.6
32.28,-2.541079894,-3.117445243,9.251332336,90.5
32.293,-2.544094735,-3.44945194,9.345143829,90.5
32.306,-2.547970958,-3.847371732,9.351332336,90.4
32.318,-2.551847182,-4.212334977,9.445143829,90.4
32.331,-2.55701548,-4.643211317,9.651332336,90.1
32.344,-2.56261447,-5.108264816,9.745143829,90.1
32.356,-2.569074842,-5.539141155,9.887033209,89.9
32.369,-2.576396598,-6.004194655,10.0808447,89.8
32.382,-2.584149045,-6.402114447,10.24653466,89.6
32.395,-2.591470801,-6.800034239,10.44034616,89.5
32.407,-2.599223248,-7.197954031,10.6117479,89.4
32.42,-2.607406387,-7.562917276,10.83554849,89.2
32.433,-2.615158834,-7.960837068,11.07124936,89
32.445,-2.624634047,-8.325800313,11.20695023,88.9
32.458,-2.634539951,-8.723720105,11.46645169,88.7
32.471,-2.645737931,-9.121639897,11.83785344,88.4
32.483,-2.658227984,-9.552516237,12.13305576,88.2
32.496,-2.672010113,-9.950436029,12.39255722,88
32.509,-2.685361549,-10.31539927,12.78775955,87.7
32.522,-2.700005061,-10.64740597,13.0591613,87.5
32.534,-2.713787189,-10.97941267,13.32485126,87.2
32.547,-2.727569317,-11.24428566,13.5900645,87.1
32.56,-2.740920754,-11.51037926,13.75575446,86.9
32.572,-2.753841499,-11.74229571,14.0209677,86.8
32.585,-2.765900861,-11.9412556,14.15095679,86.6
32.598,-2.776668149,-12.0743024,14.38046916,86.5
32.61,-2.785712671,-12.1402155,14.52235854,86.3
32.623,-2.792173043,-12.20612859,14.5337821,86.5
32.636,-2.799064107,-12.23908514,14.68185999,86.2
32.649,-2.803371022,-12.2732623,14.66948298,86.4
32.661,-2.807677938,-12.23908514,14.81756086,86.1
32.674,-2.810262087,-12.20612859,14.81137236,86.2
32.687,-2.812846236,-12.10725895,14.81756086,86.1
32.699,-2.813707619,-11.97421215,14.77567148,86.2
32.712,-2.81413831,-11.8082088,14.88185999,86
32.725,-2.81413831,-11.57629236,14.83997061,86.1
32.738,-2.812846236,-11.27724221,14.82235854,86
32.75,-2.811984853,-10.97941267,14.78046916,86.1
32.763,-2.810692778,-10.64740597,14.75095679,86
32.776,-2.809400704,-10.28244273,14.7209677,86.1
32.788,-2.806385863,-9.950436029,14.69145533,86
32.801,-2.804232405,-9.585472784,14.64956595,86.1
32.814,-2.801648256,-9.221730152,14.51386508,86.2
32.826,-2.799064107,-8.822589747,14.45436362,86.2
32.839,-2.795618575,-8.424669955,14.32485126,86.2
32.852,-2.792173043,-8.026750163,14.18296188,86.4
32.865,-2.78829682,-7.62883037,14.0653498,86.4
32.877,-2.785281979,-7.197954031,13.92346042,86.6
32.89,-2.780544373,-6.800034239,13.67014747,86.7
32.903,-2.775806766,-6.402114447,13.52206959,87
32.915,-2.771930542,-6.037151202,13.26304485,87
32.928,-2.766762244,-5.705144504,13.02686726,87.4
32.941,-2.762455329,-5.373137807,12.9035434,87.3
32.953,-2.758148414,-5.075308269,12.66165402,87.6
32.966,-2.754702882,-4.842171213,12.40834107,87.7
32.979,-2.749965275,-4.610254769,12.13075082,88
32.992,-2.746950435,-4.411294873,12.01313874,88
33.004,-2.74264352,-4.245291525,11.90695023,88.2
33.017,-2.740059371,-4.146421883,11.77743787,88.2
33.03,-2.738336605,-4.079288176,11.63554849,88.4
33.042,-2.737475222,-4.046331628,11.51793641,88.4
33.055,-2.735321764,-4.013375081,11.51793641,88.4
33.068,-2.73402969,-3.980418534,11.47604703,88.5
33.08,-2.73402969,-3.947461987,11.47604703,88.5
33.093,-2.733598998,-3.980418534,11.47604703,88.5
33.106,-2.73402969,-4.046331628,11.34034616,88.6
33.119,-2.733598998,-4.113465336,11.44034616,88.5
33.131,-2.73402969,-4.245291525,11.44034616,88.5
33.144,-2.733598998,-4.411294873,11.44653466,88.4
33.157,-2.734891073,-4.577298222,11.44034616,88.5
33.169,-2.735321764,-4.842171213,11.44653466,88.4
33.182,-2.737475222,-5.108264816,11.54034616,88.4
33.195,-2.739628679,-5.373137807,11.58223554,88.3
33.208,-2.742212828,-5.63923141,11.67604703,88.3
33.22,-2.743935594,-5.937060947,11.68223554,88.2
33.233,-2.746950435,-6.236111098,11.77604703,88.2
33.246,-2.749534584,-6.533940636,11.91793641,88
33.258,-2.752118733,-6.832990786,11.9117479,88.1
33.271,-2.755564265,-7.164997484,12.04173699,87.9
33.284,-2.758148414,-7.462827022,12.17124936,87.9
33.296,-2.762024638,-7.761877172,12.17743787,87.8
33.309,-2.76547017,-8.05970671,12.30695023,87.8
33.322,-2.76848501,-8.35875686,12.40695023,87.7
33.335,-2.772361234,-8.657807011,12.53075082,87.6
33.347,-2.776668149,-8.922680001,12.66645169,87.5
33.36,-2.780544373,-9.221730152,12.70834107,87.4
33.373,-2.784420596,-9.486603142,12.83785344,87.4
33.385,-2.789588894,-9.751476133,13.0035434,87.2
33.398,-2.793465118,-9.984613189,13.13305576,87.2
33.411,-2.799064107,-10.24948618,13.16304485,87.1
33.423,-2.803371022,-10.44844608,13.25685635,87.1
33.436,-2.809400704,-10.68036252,13.4344466,86.9
33.449,-2.81413831,-10.87932241,13.56395897,86.9
33.462,-2.820598683,-11.04532576,13.69394806,86.7
33.474,-2.826628364,-11.21132911,13.82346042,86.7
33.487,-2.831796662,-11.31019875,13.8591613,86.7
33.5,-2.836534269,-11.44324556,13.98296188,86.6
33.512,-2.841271875,-11.51037926,14.08296188,86.5
33.525,-2.845148099,-11.6092489,14.11866275,86.5
33.538,-2.849024322,-11.64220545,14.25436362,86.4
33.551,-2.853331237,-11.675162,14.26055213,86.3
33.563,-2.855054003,-11.70933916,14.36055213,86.2
33.576,-2.857638152,-11.70933916,14.35436362,86.3
33.589,-2.858930227,-11.70933916,14.396253,86.2
33.601,-2.860222301,-11.64220545,14.3900645,86.3
33.614,-2.861083684,-11.6092489,14.396253,86.2
33.627,-2.861083684,-11.51037926,14.4900645,86.2
33.639,-2.861514376,-11.44324556,14.496253,86.1
33.652,-2.862375759,-11.34437591,14.45436362,86.2
33.665,-2.862375759,-11.27724221,14.46055213,86.1
33.678,-2.861514376,-11.17837257,14.45436362,86.2
33.69,-2.862375759,-11.11123886,14.46055213,86.1
33.703,-2.861514376,-11.07828231,14.41247424,86.3
33.716,-2.862375759,-11.01236922,14.42485126,86.1
33.728,-2.862375759,-10.91227896,14.41866275,86.2
33.741,-2.862375759,-10.78045277,14.42485126,86.1
33.754,-2.861514376,-10.61444942,14.48296188,86.1
33.766,-2.861083684,-10.44844608,14.48915038,86
33.779,-2.860222301,-10.28244273,14.4591613,86.1
33.792,-2.85979161,-10.11643938,14.4591613,86.1
33.805,-2.858930227,-9.950436029,14.42346042,86.1
33.817,-2.857638152,-9.81860984,14.38775955,86.1
33.83,-2.857207461,-9.685563038,14.38775955,86.1
33.843,-2.856346078,-9.585472784,14.37014747,86
33.855,-2.856346078,-9.519559689,14.36395897,86.1
33.868,-2.855915386,-9.486603142,14.37014747,86
33.881,-2.855915386,-9.453646595,14.36395897,86.1
33.894,-2.855054003,-9.453646595,14.37014747,86
33.906,-2.855054003,-9.486603142,14.36395897,86.1
33.919,-2.855054003,-9.552516237,14.37014747,86
33.932,-2.855054003,-9.619649944,14.36395897,86.1
33.944,-2.855054003,-9.718519585,14.37014747,86
33.957,-2.855054003,-9.78443268,14.38775955,86.1
33.97,-2.855054003,-9.917479482,14.39394806,86
33.982,-2.855915386,-9.984613189,14.38157104,86.2
33.995,-2.856346078,-10.08348283,14.39394806,86
34.008,-2.856346078,-10.14939592,14.38157104,86.2
34.021,-2.857207461,-10.21652963,14.39394806,86
34.033,-2.857207461,-10.24948618,14.38775955,86.1
34.046,-2.857207461,-10.24948618,14.39394806,86
34.059,-2.857207461,-10.24948618,14.38775955,86.1
34.071,-2.857638152,-10.24948618,14.39394806,86
34.084,-2.857638152,-10.28244273,14.42346042,86.1
34.097,-2.857207461,-10.28244273,14.42964893,86
34.109,-2.857638152,-10.31539927,14.38775955,86.1
34.122,-2.857207461,-10.38253298,14.42346042,86.1
34.135,-2.857638152,-10.44844608,14.42346042,86.1
34.148,-2.857638152,-10.51435917,14.42964893,86
34.16,-2.858499535,-10.61444942,14.42964893,86
34.173,-2.858499535,-10.64740597,14.42964893,86
34.186,-2.858930227,-10.64740597,14.42346042,86.1
34.198,-2.858930227,-10.64740597,14.42964893,86
34.211,-2.858930227,-10.58149288,14.42346042,86.1
34.224,-2.858930227,-10.48140262,14.42964893,86
34.237,-2.858930227,-10.34835582,14.42346042,86.1
34.249,-2.858930227,-10.21652963,14.42964893,86
34.262,-2.858499535,-10.01756974,14.38775955,86.1
34.275,-2.857638152,-9.81860984,14.37014747,86
34.287,-2.857207461,-9.652606491,14.46395897,86
34.3,-2.857207461,-9.519559689,14.47014747,85.9
34.313,-2.856346078,-9.353556341,14.32825809,86.1
34.325,-2.855915386,-9.221730152,14.3344466,86
34.338,-2.854623312,-9.055726803,14.32825809,86.1
34.351,-2.854623312,-8.922680001,14.29874573,86
34.364,-2.852469854,-8.756676652,14.25685635,86.1
34.376,-2.851608471,-8.590673304,14.25685635,86.1
34.389,-2.850316397,-8.424669955,14.23305576,86.1
34.402,-2.848593631,-8.225710059,14.13305576,86.2
34.414,-2.847301556,-8.05970671,14.13305576,86.2
34.427,-2.845148099,-7.860746814,14.09735489,86.2
34.44,-2.843425333,-7.661786918,14.0035434,86.2
34.452,-2.841271875,-7.429870474,13.96165402,86.3
34.465,-2.839979801,-7.197954031,13.84404194,86.3
34.478,-2.837395652,-6.966037588,13.80215256,86.4
34.491,-2.835242194,-6.732900532,13.70834107,86.4
34.503,-2.831796662,-6.435070994,13.56645169,86.6
34.516,-2.829212513,-6.168977391,13.43075082,86.7
34.529,-2.825336289,-5.838191306,13.30695023,86.8
34.541,-2.821890757,-5.539141155,13.17124936,86.9
34.554,-2.817583842,-5.17417791,12.94173699,87
34.567,-2.812846236,-4.809214666,12.7117479,87.3
34.58,-2.806816554,-4.444251421,12.44653466,87.4
34.592,-2.799494799,-4.046331628,12.10464528,87.8
34.605,-2.792173043,-3.615455289,11.61563146,88.1
34.618,-2.782267139,-3.18457895,11.2499415,88.5
34.63,-2.771930542,-2.786659158,10.68472826,88.9
34.643,-2.758579106,-2.354562206,10.08333742,89.5
34.656,-2.743935594,-1.923685866,9.494323603,89.9
34.668,-2.724985168,-1.492809527,8.699121274,90.6
34.681,-2.704311976,-1.094889735,7.897730438,91.4
34.694,-2.678901177,-0.696969943,6.968218072,92.2
34.707,-2.649614154,-0.364963245,6.026328691,93.2
34.719,-2.617312291,-0.032956547,5.008716616,94.1
34.732,-2.582856971,0.198959896,4.102528109,95.1
34.745,-2.545386809,0.430876339,3.173015743,95.9
34.757,-2.502317659,0.563923141,2.402528109,96.8
34.77,-2.456233667,0.696969943,1.608716616,97.5
34.783,-2.403689303,0.762883037,0.902528109,98.3
34.795,-2.347699407,0.795839584,0.432517198,98.7
34.808,-2.28567983,0.795839584,-0.073671309,99.3
34.821,-2.218061264,0.795839584,-0.467482802,99.6
34.834,-2.143982324,0.762883037,-0.737970436,100
34.846,-2.063012321,0.72992649,-1.031781928,100.2
34.859,-1.972567104,0.696969943,-1.237970436,100.5
34.872,-1.870493217,0.696969943,-1.402269562,100.7
34.884,-1.757652042,0.696969943,-1.502269562,100.8
34.897,-1.63145943,0.762883037,-1.602269562,100.9
34.91,-1.493207457,0.862973292,-1.602269562,100.9
34.923,-1.344188195,1.027756028,-1.602269562,100.9
34.935,-1.18569372,1.193759376,-1.47846898,100.8
34.948,-1.021169564,1.359762725,-1.372280473,100.6
34.961,-0.853630568,1.558722621,-1.242768107,100.6
34.973,-0.686091571,1.790639065,-1.1365796,100.4
34.986,-0.521567416,2.056732668,-0.87136636,100.3
34.999,-0.362211558,2.354562206,-0.705676397,100.1
35.011,-0.209746764,2.686568903,-0.340463158,99.9
35.024,-0.065465109,3.051532148,-0.039072322,99.6
35.037,0.067187875,3.350582299,0.2499415,99.5
35.05,0.189504263,3.615455289,0.787033209,99
35.062,0.299330598,3.847371732,1.040346158,98.9
35.075,0.396236187,4.079288176,1.441736994,98.5
35.088,0.478928956,4.312425232,1.806950233,98.3
35.1,0.546116832,4.544341675,2.072640196,98
35.113,0.599091887,4.743301571,2.237853435,98
35.126,0.636562048,4.809214666,2.467842525,97.7
35.138,0.659388698,4.842171213,2.461654018,97.8
35.151,0.669725294,4.710345024,2.467842525,97.7
35.164,0.673170826,4.444251421,2.461654018,97.8
35.177,0.672309443,4.046331628,2.337853435,97.9
35.189,0.669725294,3.582498742,2.302152562,97.9
35.202,0.664556996,3.117445243,2.030750815,98.1
35.215,0.658527315,2.620655809,1.735548487,98.3
35.227,0.649913485,2.155602309,1.304645284,98.6
35.24,0.64000758,1.72472597,0.909442955,98.9
35.253,0.626656143,1.359762725,0.478539753,99.2
35.266,0.611581941,0.99479948,0.083337424,99.5
35.278,0.591770131,0.662792783,-0.447565778,99.9
35.291,0.563344492,0.364963245,-0.942768107,100.3
35.304,0.524582256,0.100090254,-1.472280473,100.7
35.316,0.475483424,-0.100090254,-1.902269562,101.2
35.329,0.415617305,-0.198959896,-2.231781928,101.4
35.342,0.345414589,-0.299050151,-2.437970436,101.7
35.354,0.266167352,-0.364963245,-2.531781928,101.7
35.367,0.179598359,-0.430876339,-2.637970436,101.9
35.38,0.088291759,-0.463832887,-2.596081055,101.8
35.393,-0.008183139,-0.498010047,-2.702269562,102
35.405,-0.109826334,-0.563923141,-2.696081055,101.9
35.418,-0.216207137,-0.629836235,-2.702269562,102
35.431,-0.327325546,-0.696969943,-2.696081055,101.9
35.443,-0.441458795,-0.762883037,-2.596081055,101.8
35.456,-0.558606885,-0.828796131,-2.602269562,101.9
35.469,-0.677477741,-0.895929839,-2.596081055,101.8
35.481,-0.796779289,-0.99479948,-2.602269562,101.9
35.494,-0.917372911,-1.094889735,-2.472280473,101.7
35.507,-1.036674459,-1.193759376,-2.47846898,101.8
35.52,-1.15425324,-1.326806178,-2.372280473,101.6
35.532,-1.268817181,-1.45985298,-2.27846898,101.6
35.545,-1.377782133,-1.625856329,-2.172280473,101.4
35.558,-1.479425328,-1.757682517,-2.07846898,101.4
35.57,-1.57417746,-1.890729319,-1.97846898,101.3
35.583,-1.658592995,-1.989598961,-1.87846898,101.2
35.596,-1.733102626,-2.089689215,-1.77846898,101.1
35.609,-1.795983586,-2.155602309,-1.642768107,101
35.621,-1.846374493,-2.18977947,-1.542768107,100.9
35.634,-1.884706037,-2.222736017,-1.5365796,100.8
35.647,-1.909686144,-2.222736017,-1.442768107,100.8
35.659,-1.923468273,-2.155602309,-1.4365796,100.7
35.672,-1.928205879,-2.023776121,-1.442768107,100.8
35.685,-1.928636571,-1.824816225,-1.542768107,100.9
35.697,-1.923468273,-1.492809527,-1.642768107,101
35.71,-1.912270293,-1.193759376,-1.842768107,101.2
35.723,-1.892458484,-0.928886386,-2.072280473,101.3
35.736,-1.867478377,-0.72992649,-2.27846898,101.6
35.748,-1.835607205,-0.596879688,-2.472280473,101.7
35.761,-1.799429118,-0.463832887,-2.57846898,101.9
35.774,-1.758513425,-0.332006698,-2.672280473,101.9
35.786,-1.712860125,-0.231916443,-2.67846898,102
35.799,-1.663330602,-0.133046802,-2.7365796,102
35.812,-1.606910015,-0.032956547,-2.742768107,102.1
35.824,-1.54273698,0.100090254,-2.8365796,102.1
35.837,-1.464781817,0.198959896,-2.942768107,102.3
35.85,-1.372613834,0.299050151,-2.9365796,102.2
35.863,-1.27140133,0.397919792,-3.042768107,102.4
35.875,-1.167173985,0.463832887,-3.1365796,102.4
35.888,-1.057778342,0.530966594,-3.107067233,102.5
35.901,-0.944506476,0.563923141,-3.207067233,102.6
35.913,-0.826066311,0.629836235,-3.17136636,102.6
35.926,-0.704611306,0.696969943,-3.165177853,102.5
35.939,-0.578418695,0.762883037,-3.165177853,102.5
35.952,-0.447919168,0.862973292,-3.265177853,102.6
35.964,-0.316127567,0.928886386,-3.241377271,102.6
35.977,-0.181751816,1.027756028,-3.247565778,102.7
35.99,-0.047806757,1.094889735,-3.247565778,102.7
36.002,0.086568993,1.193759376,-3.211864905,102.7
36.015,0.221375435,1.293849631,-3.076164031,102.6
36.028,0.354459111,1.426896432,-2.934274651,102.4
36.04,0.486250712,1.625856329,-2.716662576,102.3
36.053,0.613735398,1.857772772,-2.474773195,102
36.066,0.736482478,2.18977947,-2.345260829,102
36.079,0.852769185,2.520565554,-2.079570866,101.7
36.091,0.96001137,2.918485347,-1.814357627,101.6
36.104,1.057778342,3.283448591,-1.512966791,101.3
36.117,1.144778027,3.648411836,-1.259653842,101.2
36.129,1.22273319,3.947461987,-1.082063588,101
36.142,1.290351757,4.245291525,-0.82875064,100.9
36.155,1.348925802,4.478428581,-0.663060677,100.7
36.167,1.396732559,4.710345024,-0.397847438,100.6
36.18,1.435494795,4.842171213,-0.232157475,100.4
36.193,1.465212509,4.90930492,-0.202645109,100.5
36.206,1.48846985,4.942261467,-0.102645109,100.4
36.218,1.504836127,4.975218014,0.039244272,100.2
36.231,1.517326181,4.942261467,0.033055764,100.3
36.244,1.525940011,4.90930492,0.139244272,100.1
36.256,1.532831075,4.876348373,0.133055764,100.2
36.269,1.537999373,4.809214666,0.133055764,100.2
36.282,1.540583522,4.776258118,0.133055764,100.2
36.295,1.543167671,4.710345024,0.133055764,100.2
36.307,1.544459746,4.643211317,0.133055764,100.2
36.32,1.54575182,4.610254769,0.133055764,100.2
36.333,1.546613203,4.511385128,0.139244272,100.1
36.345,1.547043895,4.444251421,0.133055764,100.2
36.358,1.547905278,4.378338326,0.139244272,100.1
36.371,1.547905278,4.345381779,0.133055764,100.2
36.383,1.549197353,4.411294873,0.203543398,100
36.396,1.550058736,4.478428581,0.233055764,100.1
36.409,1.55135081,4.577298222,0.239244272,100
36.422,1.553934959,4.643211317,0.233055764,100.1
36.434,1.5569498,4.743301571,0.303543398,99.9
36.447,1.561256715,4.809214666,0.333055764,100
36.46,1.566855704,4.876348373,0.339244272,99.9
36.472,1.573746768,4.975218014,0.456856347,99.9
36.485,1.58279129,5.042351722,0.456856347,99.9
36.498,1.593558578,5.17417791,0.59255722,99.8
36.51,1.607340706,5.274268165,0.628258093,99.8
36.523,1.621984217,5.373137807,0.7344466,99.6
36.536,1.638350495,5.506184608,0.863958967,99.6
36.549,1.656439538,5.60505425,0.893948056,99.5
36.561,1.674959273,5.705144504,1.023460422,99.5
36.574,1.694771082,5.805234759,1.129648929,99.3
36.587,1.714582891,5.937060947,1.259161295,99.3
36.599,1.734394701,6.037151202,1.289150385,99.2
36.612,1.753345127,6.103064296,1.418662751,99.2
36.625,1.773156936,6.203154551,1.560552132,99
36.638,1.79124598,6.302024192,1.554363624,99.1
36.65,1.811057789,6.367937287,1.696253005,98.9
36.663,1.830869598,6.500984088,1.81386508,98.9
36.676,1.850681408,6.601074343,1.949565953,98.8
36.688,1.871785292,6.732900532,2.085266827,98.7
36.701,1.892889176,6.832990786,2.2209677,98.6
36.714,1.915285134,6.966037588,2.350956789,98.4
36.726,1.938542475,7.097863777,2.486657663,98.3
36.739,1.962230508,7.230910578,2.622358536,98.2
36.752,1.98548785,7.36395738,2.746159118,98.1
36.765,2.009606574,7.462827022,2.875671484,98.1
36.777,2.032002532,7.595873823,3.017560865,97.9
36.79,2.054829182,7.694743465,3.147073231,97.9
36.803,2.074640992,7.761877172,3.27706232,97.7
36.815,2.093591418,7.827790266,3.270873813,97.8
36.828,2.109957695,7.894923974,3.512763194,97.5
36.841,2.125893281,7.960837068,3.506574687,97.6
36.853,2.140536792,7.993793615,3.612763194,97.4
36.866,2.153026846,8.026750163,3.64227556,97.5
36.879,2.164224825,8.026750163,3.748464067,97.3
36.892,2.172838655,7.993793615,3.766076142,97.4
36.904,2.180160411,7.960837068,3.772264649,97.3
36.917,2.184898018,7.894923974,3.866076142,97.3
36.93,2.187912858,7.794833719,3.872264649,97.2
36.942,2.190066316,7.661786918,3.866076142,97.3
36.955,2.19135839,7.495783569,3.872264649,97.2
36.968,2.192219773,7.296823673,3.866076142,97.3
36.981,2.192219773,7.097863777,3.866076142,97.3
36.993,2.192219773,6.865947333,3.84227556,97.3
37.006,2.19135839,6.63403089,3.84227556,97.3
37.019,2.190927699,6.367937287,3.84227556,97.3
37.031,2.188774241,6.103064296,3.812763194,97.2
37.044,2.187912858,5.871147853,3.770873813,97.3
37.057,2.185328709,5.60505425,3.653261738,97.3
37.069,2.184898018,5.340181259,3.611372358,97.4
37.082,2.18274456,5.108264816,3.481859992,97.4
37.095,2.181021794,4.842171213,3.439970611,97.5
37.108,2.178006954,4.577298222,3.322358536,97.5
37.12,2.176284187,4.345381779,3.144768282,97.7
37.133,2.173700038,4.146421883,3.127156207,97.6
37.146,2.171546581,3.947461987,2.949565953,97.8
37.158,2.169823815,3.748502091,2.820053587,97.8
37.171,2.166808974,3.582498742,2.68387599,98.1
37.184,2.1655169,3.44945194,2.560552132,98
37.196,2.163794134,3.383538846,2.418662751,98.2
37.209,2.162502059,3.316405139,2.389150385,98.1
37.222,2.161640676,3.316405139,2.382961878,98.2
37.235,2.161209985,3.350582299,2.289150385,98.2
37.247,2.161209985,3.416495393,2.359161295,98.2
37.26,2.161209985,3.515365035,2.365349803,98.1
37.273,2.161640676,3.615455289,2.359161295,98.2
37.285,2.161640676,3.748502091,2.365349803,98.1
37.298,2.162502059,3.91450544,2.359161295,98.2
37.311,2.162932751,4.113465336,2.459161295,98.1
37.324,2.164224825,4.312425232,2.482961878,98.1
37.336,2.1655169,4.511385128,2.482961878,98.1
37.349,2.167670357,4.710345024,2.482961878,98.1
37.362,2.168962432,4.942261467,2.518662751,98.1
37.374,2.171115889,5.17417791,2.654363624,98
37.387,2.173700038,5.406094354,2.690064498,98
37.4,2.176714879,5.672187957,2.81386508,97.9
37.412,2.180160411,5.937060947,2.85575446,97.8
37.425,2.184898018,6.236111098,2.985266827,97.8
37.438,2.189635624,6.533940636,3.127156207,97.6
37.451,2.196526688,6.865947333,3.280469155,97.6
37.463,2.205140518,7.132040937,3.422358536,97.4
37.476,2.215907806,7.396913927,3.533782104,97.5
37.489,2.22839786,7.661786918,3.817560865,97.1
37.501,2.244333446,7.927880521,3.947073231,97.1
37.514,2.263283872,8.159796964,4.212763194,96.8
37.527,2.281372915,8.35875686,4.34227556,96.8
37.539,2.298600576,8.491803662,4.472264649,96.6
37.552,2.314966853,8.657807011,4.601777015,96.6
37.565,2.332194513,8.7896332,4.737477889,96.5
37.578,2.34856079,8.922680001,4.873178762,96.4
37.59,2.364496376,9.021549643,4.996979344,96.3
37.603,2.379139888,9.121639897,5.003167851,96.2
37.616,2.393783399,9.254686699,5.232680218,96.1
37.628,2.408857602,9.353556341,5.374569598,95.9
37.641,2.423501113,9.453646595,5.368381091,96
37.654,2.43986739,9.585472784,5.59837018,95.7
37.667,2.455802976,9.718519585,5.727882547,95.7
37.679,2.473030636,9.851566387,5.727882547,95.7
37.692,2.489396913,9.950436029,5.999284293,95.5
37.705,2.507055265,10.11643938,6.123084875,95.4
37.717,2.525144309,10.24948618,6.258785749,95.3
37.73,2.543664043,10.38253298,6.418287204,95.2
37.743,2.56261447,10.51435917,6.518287204,95.1
37.755,2.581134205,10.64740597,6.653988078,95
37.768,2.600515322,10.74749623,6.789688951,94.9
37.781,2.618173674,10.84636587,6.925389824,94.8
37.794,2.635401334,10.91227896,7.055378914,94.6
37.806,2.650044846,10.97941267,7.149190407,94.6
37.819,2.664688357,11.04532576,7.191079787,94.5
37.832,2.675886336,11.07828231,7.32678066,94.4
37.844,2.687084315,11.11123886,7.444392735,94.4
37.857,2.696128837,11.11123886,7.444392735,94.4
37.87,2.704311976,11.11123886,7.580093609,94.3
37.882,2.710772348,11.07828231,7.586282116,94.2
37.895,2.716802029,11.04532576,7.680093609,94.2
37.908,2.721108944,11.04532576,7.721982989,94.1
37.921,2.725846551,11.01236922,7.715794482,94.2
37.933,2.729722775,10.97941267,7.721982989,94.1
37.946,2.732737615,10.91227896,7.809605975,94.2
37.959,2.735321764,10.84636587,7.821982989,94
37.971,2.736613839,10.74749623,7.809605975,94.2
37.984,2.738336605,10.58149288,7.821982989,94
37.997,2.738336605,10.34835582,7.780093609,94.1
38.01,2.739197988,10.11643938,7.786282116,94
38.022,2.738336605,9.851566387,7.780093609,94.1
38.035,2.737905913,9.585472784,7.780093609,94.1
38.048,2.73704453,9.320599793,7.780093609,94.1
38.06,2.735752456,9.055726803,7.780093609,94.1
38.073,2.734460381,8.822589747,7.780093609,94.1
38.086,2.733168307,8.557716756,7.750581243,94
38.098,2.732737615,8.325800313,7.720592153,94.1
38.111,2.729722775,8.05970671,7.691079787,94
38.124,2.7284307,7.794833719,7.68489128,94.1
38.137,2.725846551,7.529960729,7.655378914,94
38.149,2.724554477,7.263867126,7.625389824,94.1
38.162,2.722831711,6.998994135,7.495877458,94.1
38.175,2.721108944,6.767077692,7.453988078,94.2
38.187,2.719386178,6.568117796,7.400675129,94.1
38.2,2.717232721,6.367937287,7.288298115,94.4
38.213,2.715509955,6.203154551,7.264974256,94.2
38.225,2.713356497,6.004194655,7.116896368,94.5
38.238,2.712064423,5.805234759,7.1054728,94.3
38.251,2.709480274,5.63923141,6.957394913,94.6
38.264,2.708188199,5.440271514,6.79837018,94.5
38.276,2.706034742,5.274268165,6.662192584,94.8
38.289,2.704742667,5.141221363,6.538868725,94.7
38.302,2.703019901,5.008174562,6.532680218,94.8
38.314,2.702158518,4.90930492,6.403167851,94.8
38.327,2.700005061,4.842171213,6.373178762,94.9
38.34,2.699574369,4.743301571,6.243666396,94.9
38.353,2.698282295,4.677388477,6.201777015,95
38.365,2.69699022,4.577298222,6.101777015,95.1
38.378,2.696128837,4.544341675,6.101777015,95.1
38.391,2.694836763,4.478428581,6.066076142,95.1
38.403,2.694836763,4.411294873,5.966076142,95.2
38.416,2.693113997,4.378338326,5.948464067,95.1
38.429,2.693113997,4.345381779,5.94227556,95.2
38.441,2.69139123,4.312425232,5.848464067,95.2
38.454,2.692252613,4.312425232,5.806574687,95.3
38.467,2.69139123,4.312425232,5.812763194,95.2
38.48,2.69139123,4.312425232,5.770873813,95.3
38.492,2.690960539,4.312425232,5.77706232,95.2
38.505,2.690960539,4.312425232,5.770873813,95.3
38.518,2.690960539,4.345381779,5.77706232,95.2
38.53,2.690960539,4.378338326,5.764685306,95.4
38.543,2.69139123,4.411294873,5.77706232,95.2
38.556,2.690960539,4.444251421,5.764685306,95.4
38.568,2.690960539,4.511385128,5.77706232,95.2
38.581,2.690960539,4.577298222,5.770873813,95.3
38.594,2.69139123,4.610254769,5.77706232,95.2
38.607,2.69139123,4.677388477,5.770873813,95.3
38.619,2.692252613,4.743301571,5.77706232,95.2
38.632,2.692252613,4.809214666,5.870873813,95.2
38.645,2.69139123,4.842171213,5.870873813,95.2
38.657,2.692252613,4.90930492,5.870873813,95.2
38.67,2.692252613,4.975218014,5.870873813,95.2
38.683,2.693113997,5.008174562,5.870873813,95.2
38.696,2.692252613,5.075308269,5.870873813,95.2
38.708,2.693113997,5.075308269,5.87706232,95.1
38.721,2.693113997,5.108264816,5.870873813,95.2
38.734,2.693544688,5.108264816,5.870873813,95.2
38.746,2.693544688,5.108264816,5.870873813,95.2
38.759,2.694406071,5.075308269,5.870873813,95.2
38.772,2.693544688,5.008174562,5.870873813,95.2
38.784,2.694406071,4.942261467,5.870873813,95.2
38.797,2.693544688,4.90930492,5.87706232,95.1
38.81,2.694406071,4.876348373,5.870873813,95.2
38.823,2.694406071,4.876348373,5.87706232,95.1
38.835,2.693544688,4.842171213,5.870873813,95.2
38.848,2.694406071,4.842171213,5.87706232,95.1
38.861,2.693544688,4.776258118,5.870873813,95.2
38.873,2.693544688,4.743301571,5.87706232,95.1
38.886,2.693113997,4.643211317,5.870873813,95.2
38.899,2.693113997,4.544341675,5.87706232,95.1
38.911,2.69139123,4.444251421,5.847073231,95.2
38.924,2.69139123,4.312425232,5.847073231,95.2
38.937,2.690099156,4.212334977,5.811372358,95.2
38.95,2.688807081,4.113465336,5.811372358,95.2
38.962,2.68837639,4.013375081,5.675671484,95.3
38.975,2.686222932,3.91450544,5.675671484,95.3
38.988,2.684930858,3.781458638,5.546159118,95.3
39,2.683208092,3.715545544,5.416170029,95.5
39.013,2.682346709,3.615455289,5.322358536,95.5
39.026,2.67976256,3.515365035,5.280469155,95.6
39.039,2.678470485,3.416495393,5.150956789,95.6
39.051,2.675886336,3.316405139,5.044768282,95.8
39.064,2.674594262,3.217535497,4.885266827,95.9
39.077,2.671579421,3.117445243,4.749565953,96
39.089,2.669856655,3.018575601,4.61386508,96.1
39.102,2.667272506,2.918485347,4.490064498,96.2
39.115,2.665119049,2.819615705,4.354363624,96.3
39.127,2.663396282,2.752481998,4.218662751,96.4
39.14,2.660381442,2.653612356,4.218662751,96.4
39.153,2.658658676,2.553522102,4.082961878,96.5
39.166,2.655213144,2.487609007,3.959161295,96.6
39.178,2.653059686,2.388739366,3.823460422,96.7
39.191,2.650475537,2.321605658,3.687759549,96.8
39.204,2.648752771,2.255692564,3.563958967,96.9
39.216,2.646168622,2.18977947,3.570147474,96.8
39.229,2.644015165,2.122645762,3.428258093,97
39.242,2.641861707,2.089689215,3.398745727,96.9
39.254,2.640138941,2.056732668,3.29255722,97.1
39.267,2.638846867,2.023776121,3.263044854,97
39.28,2.637554792,1.989598961,3.233055764,97.1
39.293,2.636262718,1.989598961,3.139244272,97.1
39.305,2.635401334,1.989598961,3.133055764,97.2
39.318,2.634970643,1.989598961,3.103543398,97.1
39.331,2.63410926,1.989598961,3.097354891,97.2
39.343,2.634970643,2.023776121,3.103543398,97.1
39.356,2.63410926,2.056732668,3.097354891,97.2
39.369,2.63410926,2.122645762,3.097354891,97.2
39.382,2.63410926,2.155602309,3.097354891,97.2
39.394,2.63410926,2.222736017,3.097354891,97.2
39.407,2.634970643,2.288649111,3.061654018,97.2
39.42,2.634970643,2.354562206,3.161654018,97.1
39.432,2.634970643,2.45465246,3.161654018,97.1
39.445,2.634970643,2.520565554,3.161654018,97.1
39.458,2.636262718,2.620655809,3.161654018,97.1
39.47,2.636262718,2.71952545,3.261654018,97
39.483,2.636693409,2.786659158,3.261654018,97
39.496,2.636262718,2.819615705,3.261654018,97
39.509,2.637554792,2.852572252,3.261654018,97
39.521,2.637554792,2.885528799,3.261654018,97
39.534,2.637985484,2.885528799,3.261654018,97
39.547,2.637554792,2.885528799,3.267842525,96.9
39.559,2.637985484,2.885528799,3.261654018,97
39.572,2.637985484,2.885528799,3.267842525,96.9
39.585,2.637985484,2.918485347,3.261654018,97
39.597,2.637985484,2.918485347,3.367842525,96.8
39.61,2.637985484,2.952662507,3.361654018,96.9
39.623,2.638846867,2.985619054,3.367842525,96.8
39.636,2.637985484,3.018575601,3.361654018,96.9
39.648,2.638846867,3.018575601,3.367842525,96.8
39.661,2.638846867,3.051532148,3.361654018,96.9
39.674,2.639277558,3.051532148,3.361654018,96.9
39.686,2.638846867,3.051532148,3.361654018,96.9
39.699,2.639277558,3.051532148,3.361654018,96.9
39.712,2.639277558,3.051532148,3.361654018,96.9
39.725,2.638846867,3.018575601,3.361654018,96.9
39.737,2.638846867,2.952662507,3.361654018,96.9
39.75,2.637985484,2.885528799,3.361654018,96.9
39.763,2.638846867,2.786659158,3.367842525,96.8
39.775,2.637985484,2.71952545,3.361654018,96.9
39.788,2.637985484,2.620655809,3.467842525,96.7
39.801,2.636693409,2.520565554,3.461654018,96.8
39.813,2.637554792,2.388739366,3.437853435,96.8
39.826,2.636262718,2.288649111,3.402152562,96.8
39.839,2.635401334,2.18977947,3.402152562,96.8
39.852,2.634970643,2.089689215,3.402152562,96.8
39.864,2.633247877,1.989598961,3.302152562,96.9
39.877,2.631955802,1.890729319,3.272640196,96.8
39.89,2.630233036,1.824816225,3.130750815,97
39.902,2.627648887,1.757682517,3.036939323,97
39.915,2.624203355,1.658812876,2.906950233,97.2
39.928,2.620757823,1.591679168,2.777437867,97.2
39.94,2.6168816,1.492809527,2.635548487,97.4
39.953,2.613005376,1.392719272,2.517936412,97.4
39.966,2.606975695,1.293849631,2.376047031,97.6
39.979,2.601807397,1.160802829,2.104645284,97.8
39.991,2.594916333,1.061933188,1.880844702,98
40.004,2.58845596,0.961842933,1.609442955,98.2
40.017,2.57984213,0.828796131,1.485642373,98.3
40.029,2.570797608,0.696969943,1.114240627,98.6
40.042,2.559599629,0.530966594,0.860927678,98.7
40.055,2.545386809,0.397919792,0.519038298,99.1
40.068,2.528589841,0.231916443,0.165725349,99.3
40.08,2.506624574,0.065913094,-0.347565778,99.8
40.093,2.480783083,-0.100090254,-0.765177853,100.1
40.106,2.447619837,-0.231916443,-1.142768107,100.5
40.118,2.410580368,-0.364963245,-1.596081055,100.8
40.131,2.366649834,-0.463832887,-1.902269562,101.2
40.144,2.316258927,-0.530966594,-2.137970436,101.4
40.156,2.260269031,-0.596879688,-2.337970436,101.6
40.169,2.198249454,-0.629836235,-2.402269562,101.7
40.182,2.129769505,-0.662792783,-2.602269562,101.9
40.195,2.056121257,-0.662792783,-2.602269562,101.9
40.207,1.976012636,-0.662792783,-2.702269562,102
40.22,1.889443643,-0.662792783,-2.67846898,102
40.233,1.796844969,-0.662792783,-2.77846898,102.1
40.245,1.696063157,-0.629836235,-2.77846898,102.1
40.258,1.587528897,-0.629836235,-2.77846898,102.1
40.271,1.468658041,-0.629836235,-2.77846898,102.1
40.283,1.337727822,-0.629836235,-2.77846898,102.1
40.296,1.193876859,-0.629836235,-2.696081055,101.9
40.309,1.039258608,-0.662792783,-2.702269562,102
40.322,0.874734452,-0.72992649,-2.602269562,101.9
40.334,0.704180615,-0.795839584,-2.737970436,102
40.347,0.527166405,-0.862973292,-2.631781928,101.8
40.36,0.344553206,-0.928886386,-2.637970436,101.9
40.372,0.158925166,-0.961842933,-2.631781928,101.8
40.385,-0.029287023,-1.027756028,-2.537970436,101.8
40.398,-0.221375435,-1.127846282,-2.396081055,101.6
40.411,-0.417770762,-1.193759376,-2.502269562,101.8
40.423,-0.616750239,-1.293849631,-2.496081055,101.7
40.436,-0.817452481,-1.392719272,-2.302269562,101.6
40.449,-1.019446798,-1.525766074,-2.337970436,101.6
40.461,-1.222302498,-1.658812876,-2.202269562,101.5
40.474,-1.423866124,-1.890729319,-2.002269562,101.3
40.487,-1.623706983,-2.222736017,-1.802269562,101.1
40.499,-1.819240928,-2.553522102,-1.502269562,100.8
40.512,-2.010898649,-2.852572252,-1.47846898,100.8
40.525,-2.194373231,-3.051532148,-1.042768107,100.4
40.538,-2.37138744,-3.250492044,-0.542768107,99.9
40.55,-2.540649203,-3.482408487,-0.007067233,99.4
40.563,-2.704311976,-3.847371732,0.62863364,98.8
40.576,-2.860222301,-4.345381779,1.188135095,98.3
40.588,-3.010533638,-4.942261467,1.759536842,97.8
40.601,-3.14835492,-5.539141155,2.325226805,97.2
40.614,-3.275408915,-6.136020844,2.814240627,96.9
40.626,-3.387819398,-6.601074343,3.385642373,96.4
40.639,-3.48558637,-6.966037588,3.780844702,96.1
40.652,-3.569140523,-7.296823673,4.246534665,95.6
40.665,-3.641496696,-7.562917276,4.711747904,95.3
40.677,-3.704808348,-7.794833719,4.941736994,95
40.69,-3.760367552,-7.993793615,5.306950233,94.8
40.703,-3.810327767,-8.159796964,5.536939323,94.5
40.715,-3.853396918,-8.325800313,5.766451689,94.4
40.728,-3.893881919,-8.491803662,6.037853435,94.2
40.741,-3.930060006,-8.623629851,6.261654018,94
40.754,-3.963653944,-8.756676652,6.497354891,93.8
40.766,-3.994663732,-8.889723454,6.733055764,93.6
40.779,-4.021797297,-8.988593096,6.856856347,93.5
40.792,-4.046346713,-9.055726803,7.063044854,93.2
40.804,-4.06831198,-9.121639897,7.19255722,93.2
40.817,-4.088123789,-9.187552992,7.3344466,93
40.83,-4.104490067,-9.221730152,7.328258093,93.1
40.842,-4.120425652,-9.287643246,7.470147474,92.9
40.855,-4.134207781,-9.320599793,7.563958967,92.9
40.868,-4.147989909,-9.386512888,7.670147474,92.7
40.881,-4.159187888,-9.420690048,7.687759549,92.8
40.893,-4.172108633,-9.453646595,7.787759549,92.7
40.906,-4.181153155,-9.453646595,7.923460422,92.6
40.919,-4.190628368,-9.453646595,7.923460422,92.6
40.931,-4.198380815,-9.453646595,7.923460422,92.6
40.944,-4.204410496,-9.453646595,8.023460422,92.5
40.957,-4.210440177,-9.453646595,8.023460422,92.5
40.969,-4.214747093,-9.420690048,8.023460422,92.5
40.982,-4.219484699,-9.386512888,8.029648929,92.4
40.995,-4.222068848,-9.353556341,8.023460422,92.5
41.008,-4.22551438,-9.320599793,8.023460422,92.5
41.02,-4.225945072,-9.287643246,8.023460422,92.5
41.033,-4.228098529,-9.221730152,8.023460422,92.5
41.046,-4.229390604,-9.187552992,8.023460422,92.5
41.058,-4.230251987,-9.154596445,8.023460422,92.5
41.071,-4.230682678,-9.121639897,8.029648929,92.4
41.084,-4.231544061,-9.08868335,7.987759549,92.5
41.096,-4.231974753,-9.055726803,7.993948056,92.4
41.109,-4.231974753,-9.021549643,7.987759549,92.5
41.122,-4.23412821,-8.988593096,7.993948056,92.4
41.135,-4.233266827,-8.988593096,7.981571042,92.6
41.147,-4.234558902,-8.955636548,7.993948056,92.4
41.16,-4.235420285,-8.955636548,7.981571042,92.6
41.173,-4.236712359,-8.955636548,7.993948056,92.4
41.185,-4.235850976,-8.955636548,7.987759549,92.5
41.198,-4.238004434,-8.955636548,7.993948056,92.4
41.211,-4.238004434,-8.988593096,7.987759549,92.5
41.224,-4.238865817,-9.021549643,8.087759549,92.4
41.236,-4.239296508,-9.021549643,8.081571042,92.5
41.249,-4.240157892,-9.021549643,8.087759549,92.4
41.262,-4.240588583,-8.988593096,8.087759549,92.4
41.274,-4.241449966,-8.955636548,8.093948056,92.3
41.287,-4.242742041,-8.955636548,8.087759549,92.4
41.3,-4.241880658,-8.922680001,8.070147474,92.3
41.312,-4.243172732,-8.955636548,8.087759549,92.4
41.325,-4.242742041,-8.955636548,8.087759549,92.4
41.338,-4.244034115,-9.021549643,8.087759549,92.4
41.351,-4.244464807,-9.055726803,8.093948056,92.3
41.363,-4.246618264,-9.121639897,8.087759549,92.4
41.376,-4.247910339,-9.187552992,8.193948056,92.2
41.389,-4.250063796,-9.221730152,8.187759549,92.3
41.401,-4.251355871,-9.254686699,8.193948056,92.2
41.414,-4.252647945,-9.254686699,8.181571042,92.4
41.427,-4.255662786,-9.287643246,8.293948056,92.1
41.439,-4.25695486,-9.287643246,8.281571042,92.3
41.452,-4.259969701,-9.353556341,8.329648929,92.1
41.465,-4.26255385,-9.386512888,8.323460422,92.2
41.478,-4.265137999,-9.420690048,8.329648929,92.1
41.49,-4.266860765,-9.486603142,8.423460422,92.1
41.503,-4.27116768,-9.519559689,8.429648929,92
41.516,-4.273751829,-9.519559689,8.459161295,92.1
41.528,-4.276335978,-9.552516237,8.559161295,92
41.541,-4.27978151,-9.552516237,8.559161295,92
41.554,-4.281504276,-9.585472784,8.559161295,92
41.567,-4.284949808,-9.619649944,8.559161295,92
41.579,-4.287533957,-9.619649944,8.559161295,92
41.592,-4.292271564,-9.685563038,8.659161295,91.9
41.605,-4.29399433,-9.718519585,8.682961878,91.9
41.617,-4.29959332,-9.751476133,8.682961878,91.9
41.63,-4.303469543,-9.81860984,8.782961878,91.8
41.643,-4.308637841,-9.884522934,8.782961878,91.8
41.655,-4.313806139,-9.917479482,8.889150385,91.6
41.668,-4.31983582,-9.984613189,8.918662751,91.7
41.681,-4.325004118,-9.984613189,8.924851258,91.6
41.694,-4.330603108,-9.984613189,9.018662751,91.6
41.706,-4.333617949,-9.917479482,9.024851258,91.5
41.719,-4.336632789,-9.851566387,9.012474244,91.7
41.732,-4.339216938,-9.81860984,9.024851258,91.5
41.744,-4.340509013,-9.718519585,8.97677337,91.7
41.757,-4.341801087,-9.619649944,8.989150385,91.5
41.77,-4.341801087,-9.486603142,8.982961878,91.6
41.783,-4.342231779,-9.353556341,8.989150385,91.5
41.795,-4.341801087,-9.254686699,8.959161295,91.6
41.808,-4.342231779,-9.154596445,8.959161295,91.6
41.821,-4.342231779,-8.988593096,8.959161295,91.6
41.833,-4.341801087,-8.7896332,8.923460422,91.6
41.846,-4.341801087,-8.557716756,8.829648929,91.6
41.859,-4.340509013,-8.325800313,8.787759549,91.7
41.871,-4.340509013,-8.09388387,8.793948056,91.6
41.884,-4.338355555,-7.860746814,8.663958967,91.8
41.897,-4.337924864,-7.62883037,8.6344466,91.7
41.91,-4.334910023,-7.36395738,8.528258093,91.9
41.922,-4.333617949,-7.097863777,8.356856347,92
41.935,-4.3310338,-6.898903881,8.256856347,92.1
41.948,-4.329741725,-6.63403089,8.233055764,92.1
41.96,-4.326726885,-6.402114447,8.133055764,92.2
41.973,-4.325004118,-6.203154551,7.997354891,92.3
41.986,-4.321989278,-5.970017495,7.861654018,92.4
41.998,-4.31983582,-5.738101051,7.637853435,92.6
42.011,-4.317251671,-5.506184608,7.508341069,92.6
42.024,-4.313806139,-5.274268165,7.366451689,92.8
42.037,-4.31122199,-5.042351722,7.130750815,93
42.049,-4.30820715,-4.842171213,7.006950233,93.1
42.062,-4.304761618,-4.643211317,6.81313874,93.2
42.075,-4.300885394,-4.478428581,6.67124936,93.4
42.087,-4.298301245,-4.279468685,6.441736994,93.5
42.1,-4.29399433,-4.113465336,6.311747904,93.7
42.113,-4.290118106,-3.947461987,6.076047031,93.9
42.126,-4.286241883,-3.748502091,5.804645284,94.1
42.138,-4.282365659,-3.582498742,5.680844702,94.2
42.151,-4.277628053,-3.416495393,5.451332336,94.3
42.164,-4.273751829,-3.217535497,5.209442955,94.6
42.176,-4.268583531,-3.051532148,4.856130007,94.8
42.189,-4.26255385,-2.885528799,4.614240627,95.1
42.202,-4.258677626,-2.71952545,4.360927678,95.2
42.214,-4.252647945,-2.587699262,4.11284979,95.6
42.227,-4.248771722,-2.45465246,3.889525932,95.6
42.24,-4.244034115,-2.354562206,3.723835969,95.8
42.253,-4.240588583,-2.255692564,3.494323603,95.9
42.265,-4.237143051,-2.18977947,3.352434222,96.1
42.278,-4.234558902,-2.122645762,3.22863364,96.2
42.291,-4.230682678,-2.056732668,3.092932767,96.3
42.303,-4.227237146,-1.989598961,2.957231893,96.4
42.316,-4.224652997,-1.890729319,2.757231893,96.6
42.329,-4.219484699,-1.790639065,2.62153102,96.7
42.341,-4.214747093,-1.691769423,2.397730438,96.9
42.354,-4.20828672,-1.591679168,2.197730438,97.1
42.367,-4.203118422,-1.492809527,1.962029564,97.3
42.38,-4.195796666,-1.392719272,1.768218072,97.4
42.392,-4.190628368,-1.326806178,1.562029564,97.7
42.405,-4.183306613,-1.226715924,1.368218072,97.8
42.418,-4.175984857,-1.127846282,1.162029564,98.1
42.43,-4.168663101,-1.027756028,0.968218072,98.2
42.443,-4.160479963,-0.961842933,0.755841057,98.6
42.456,-4.15401959,-0.928886386,0.568218072,98.6
42.468,-4.146267143,-0.828796131,0.362029564,98.9
42.481,-4.137653313,-0.762883037,0.168218072,99
42.494,-4.127747408,-0.662792783,-0.044158943,99.4
42.507,-4.117841503,-0.596879688,-0.231781928,99.4
42.519,-4.104490067,-0.498010047,-0.544158943,99.9
42.532,-4.09113863,-0.430876339,-0.731781928,99.9
42.545,-4.075633736,-0.364963245,-1.037970436,100.3
42.557,-4.057544692,-0.26487299,-1.231781928,100.4
42.57,-4.036010117,-0.198959896,-1.537970436,100.8
42.583,-4.012752776,-0.133046802,-1.731781928,100.9
42.596,-3.986049902,-0.065913094,-1.937970436,101.2
42.608,-3.957193571,0,-2.137970436,101.4
42.621,-3.926614474,0.032956547,-2.302269562,101.6
42.634,-3.893020536,0.065913094,-2.402269562,101.7
42.646,-3.857273141,0.100090254,-2.502269562,101.8
42.659,-3.818941597,0.133046802,-2.596081055,101.8
42.672,-3.780610053,0.166003349,-2.702269562,102
42.684,-3.738402285,0.166003349,-2.672280473,101.9
42.697,-3.696194518,0.198959896,-2.77846898,102.1
42.71,-3.651402601,0.198959896,-2.872280473,102.1
42.723,-3.604887918,0.198959896,-2.97846898,102.3
42.735,-3.556650469,0.231916443,-2.9365796,102.2
42.748,-3.507120946,0.231916443,-3.042768107,102.4
42.761,-3.457160731,0.231916443,-3.1365796,102.4
42.773,-3.406339133,0.26487299,-3.142768107,102.5
42.786,-3.353364078,0.26487299,-3.2365796,102.5
42.799,-3.299958331,0.299050151,-3.248956614,102.7
42.811,-3.246121892,0.299050151,-3.200878726,102.5
42.824,-3.191424071,0.332006698,-3.213255741,102.7
42.837,-3.138449015,0.332006698,-3.300878726,102.6
42.85,-3.085904651,0.364963245,-3.307067233,102.7
42.862,-3.034652362,0.364963245,-3.300878726,102.6
42.875,-2.985984222,0.397919792,-3.307067233,102.7
42.888,-2.941192305,0.397919792,-3.400878726,102.7
42.9,-2.899415229,0.430876339,-3.407067233,102.8
42.913,-2.861514376,0.430876339,-3.407067233,102.8
42.926,-2.829212513,0.430876339,-3.407067233,102.8
42.939,-2.800356182,0.430876339,-3.37136636,102.8
42.951,-2.77709884,0.430876339,-3.365177853,102.7
42.964,-2.759440489,0.397919792,-3.37136636,102.8
42.977,-2.748673201,0.397919792,-3.37136636,102.8
42.989,-2.741351445,0.364963245,-3.265177853,102.6
43.002,-2.740059371,0.332006698,-3.307067233,102.7
43.015,-2.740920754,0.231916443,-3.307067233,102.7
43.027,-2.743504903,0.133046802,-3.307067233,102.7
43.04,-2.749534584,-0.032956547,-3.200878726,102.5
43.053,-2.758579106,-0.166003349,-3.207067233,102.6
43.066,-2.769777085,-0.26487299,-3.200878726,102.5
43.078,-2.783559213,-0.332006698,-3.142768107,102.5
43.091,-2.800786873,-0.397919792,-3.1365796,102.4
43.104,-2.819306608,-0.463832887,-3.042768107,102.4
43.116,-2.841271875,-0.563923141,-2.9365796,102.2
43.129,-2.864959908,-0.629836235,-2.942768107,102.3
43.142,-2.890801398,-0.696969943,-2.8365796,102.1
43.154,-2.91707358,-0.795839584,-2.87846898,102.2
43.167,-2.94549922,-0.862973292,-2.872280473,102.1
43.18,-2.973924859,-0.928886386,-2.742768107,102.1
43.193,-3.004934648,-0.99479948,-2.742768107,102.1
43.205,-3.037667203,-1.061933188,-2.742768107,102.1
43.218,-3.070399757,-1.127846282,-2.67846898,102
43.231,-3.105716461,-1.193759376,-2.672280473,101.9
43.243,-3.142325239,-1.226715924,-2.57846898,101.9
43.256,-3.182379549,-1.293849631,-2.572280473,101.8
43.269,-3.222433859,-1.326806178,-2.57846898,101.9
43.282,-3.264641627,-1.392719272,-2.572280473,101.8
43.294,-3.306418703,-1.426896432,-2.47846898,101.8
43.307,-3.349487854,-1.45985298,-2.47846898,101.8
43.32,-3.392987696,-1.492809527,-2.47846898,101.8
43.332,-3.436487538,-1.492809527,-2.37846898,101.7
43.345,-3.479556689,-1.492809527,-2.37846898,101.7
43.358,-3.521764457,-1.525766074,-2.37846898,101.7
43.37,-3.56268015,-1.525766074,-2.27846898,101.6
43.383,-3.603165152,-1.558722621,-2.27846898,101.6
43.396,-3.642788771,-1.558722621,-2.27846898,101.6
43.409,-3.67982824,-1.558722621,-2.17846898,101.5
43.421,-3.713852869,-1.591679168,-2.17846898,101.5
43.434,-3.745293349,-1.591679168,-2.17846898,101.5
43.447,-3.773718989,-1.591679168,-2.17846898,101.5
43.459,-3.797837713,-1.591679168,-2.172280473,101.4
43.472,-3.818941597,-1.591679168,-2.07846898,101.4
43.485,-3.834877183,-1.591679168,-2.072280473,101.3
43.497,-3.84822862,-1.591679168,-2.07846898,101.4
43.51,-3.85684245,-1.591679168,-2.072280473,101.3
43.523,-3.861580056,-1.558722621,-2.17846898,101.5
43.536,-3.864164205,-1.525766074,-2.172280473,101.4
43.548,-3.864164205,-1.45985298,-2.17846898,101.5
43.561,-3.863302822,-1.326806178,-2.1365796,101.4
43.574,-3.85985729,-1.193759376,-2.242768107,101.6
43.586,-3.855550375,-1.061933188,-2.2365796,101.5
43.599,-3.847367237,-0.928886386,-2.342768107,101.7
43.612,-3.838753407,-0.828796131,-2.442768107,101.8
43.625,-3.82841681,-0.762883037,-2.442768107,101.8
43.637,-3.817649523,-0.72992649,-2.542768107,101.9
43.65,-3.806020852,-0.662792783,-2.542768107,101.9
43.663,-3.793530798,-0.629836235,-2.542768107,101.9
43.675,-3.779317978,-0.563923141,-2.642768107,102
43.688,-3.765105159,-0.530966594,-2.607067233,102
43.701,-3.750461647,-0.498010047,-2.707067233,102.1
43.713,-3.733664679,-0.430876339,-2.707067233,102.1
43.726,-3.717298401,-0.397919792,-2.707067233,102.1
43.739,-3.698778667,-0.397919792,-2.707067233,102.1
43.752,-3.681120315,-0.364963245,-2.707067233,102.1
43.764,-3.660447122,-0.332006698,-2.800878726,102.1
43.777,-3.641496696,-0.299050151,-2.807067233,102.2
43.79,-3.619531429,-0.26487299,-2.800878726,102.1
43.802,-3.597566162,-0.231916443,-2.77136636,102.2
43.815,-3.573878129,-0.198959896,-2.765177853,102.1
43.828,-3.550190096,-0.166003349,-2.87136636,102.3
43.84,-3.525209989,-0.133046802,-2.865177853,102.2
43.853,-3.498507116,-0.133046802,-2.87136636,102.3
43.866,-3.472234934,-0.100090254,-2.865177853,102.2
43.879,-3.444670677,-0.065913094,-2.87136636,102.3
43.891,-3.417537112,-0.032956547,-2.865177853,102.2
43.904,-3.389111473,0,-2.97136636,102.4
43.917,-3.359393759,0.032956547,-2.97136636,102.4
43.929,-3.328814662,0.032956547,-2.97136636,102.4
43.942,-3.29694349,0.065913094,-2.97136636,102.4
43.955,-3.263349552,0.100090254,-2.97136636,102.4
43.968,-3.229755615,0.133046802,-3.047565778,102.5
43.98,-3.195300294,0.166003349,-3.041377271,102.4
43.993,-3.160844974,0.198959896,-3.047565778,102.5
44.006,-3.127251036,0.231916443,-3.047565778,102.5
44.018,-3.092365024,0.26487299,-3.047565778,102.5
44.031,-3.057909703,0.299050151,-3.141377271,102.5
44.044,-3.021731617,0.332006698,-3.147565778,102.6
44.056,-2.986414913,0.364963245,-3.147565778,102.6
44.069,-2.949806135,0.397919792,-3.211864905,102.7
44.082,-2.91405874,0.430876339,-3.211864905,102.7
44.095,-2.877449962,0.498010047,-3.276164031,102.8
44.107,-2.840410492,0.530966594,-3.276164031,102.8
44.12,-2.803371022,0.563923141,-3.369975524,102.8
44.133,-2.767192936,0.629836235,-3.340463158,102.9
44.145,-2.731014849,0.662792783,-3.334274651,102.8
44.158,-2.694406071,0.662792783,-3.440463158,103
44.171,-2.659089367,0.696969943,-3.434274651,102.9
44.183,-2.622480589,0.696969943,-3.440463158,103
44.196,-2.587594577,0.696969943,-3.440463158,103
44.209,-2.550555108,0.696969943,-3.516662576,103.1
44.222,-2.514377021,0.696969943,-3.516662576,103.1
44.234,-2.477337551,0.696969943,-3.516662576,103.1
44.247,-2.440728773,0.662792783,-3.616662576,103.2
44.26,-2.403689303,0.662792783,-3.616662576,103.2
44.272,-2.366219142,0.662792783,-3.580961702,103.2
44.285,-2.32831829,0.662792783,-3.574773195,103.1
44.298,-2.290417437,0.629836235,-3.680961702,103.3
44.311,-2.252516584,0.629836235,-3.674773195,103.2
44.323,-2.213754349,0.596879688,-3.680961702,103.3
44.336,-2.17413073,0.563923141,-3.639072322,103.2
44.349,-2.133645728,0.563923141,-3.645260829,103.3
44.361,-2.093160727,0.563923141,-3.739072322,103.3
44.374,-2.051814342,0.563923141,-3.745260829,103.4
44.387,-2.008745191,0.530966594,-3.745260829,103.4
44.399,-1.96567604,0.530966594,-3.745260829,103.4
44.412,-1.920884124,0.498010047,-3.745260829,103.4
44.425,-1.874800132,0.498010047,-3.745260829,103.4
44.438,-1.826562683,0.498010047,-3.745260829,103.4
44.45,-1.77703316,0.498010047,-3.71527174,103.3
44.463,-1.725780871,0.498010047,-3.821460247,103.5
44.476,-1.674959273,0.530966594,-3.821460247,103.5
44.488,-1.622414909,0.530966594,-3.821460247,103.5
44.501,-1.568147779,0.563923141,-3.821460247,103.5
44.514,-1.512588574,0.563923141,-3.821460247,103.5
44.526,-1.455737295,0.596879688,-3.821460247,103.5
44.539,-1.396732559,0.596879688,-3.779570866,103.4
44.552,-1.336866439,0.596879688,-3.885759373,103.6
44.565,-1.274846862,0.629836235,-3.879570866,103.5
44.577,-1.211104519,0.629836235,-3.885759373,103.6
44.59,-1.145208718,0.662792783,-3.879570866,103.5
44.603,-1.07715946,0.696969943,-3.891947881,103.7
44.615,-1.007818128,0.72992649,-3.843869993,103.5
44.628,-0.936323337,0.762883037,-3.8500585,103.6
44.641,-0.863105781,0.762883037,-3.843869993,103.5
44.654,-0.787734767,0.795839584,-3.8500585,103.6
44.666,-0.710640987,0.828796131,-3.80816912,103.5
44.679,-0.630532367,0.895929839,-3.8500585,103.6
44.692,-0.547839598,0.961842933,-3.843869993,103.5
44.704,-0.462562679,0.99479948,-3.714357627,103.5
44.717,-0.37427092,1.061933188,-3.714357627,103.5
44.73,-0.283825703,1.127846282,-3.714357627,103.5
44.742,-0.189073572,1.160802829,-3.714357627,103.5
44.755,-0.092167983,1.226715924,-3.714357627,103.5
44.768,0.00861383,1.293849631,-3.690557045,103.5
44.781,0.110687717,1.359762725,-3.690557045,103.5
44.793,0.216637828,1.426896432,-3.554856171,103.4
44.806,0.324741397,1.492809527,-3.554856171,103.4
44.819,0.435429114,1.591679168,-3.519155298,103.4
44.831,0.548700981,1.691769423,-3.419155298,103.3
44.844,0.663695613,1.824816225,-3.389166208,103.2
44.857,0.779551629,1.956642413,-3.295354716,103.2
44.869,0.895838336,2.089689215,-3.153465335,103
44.882,1.012555734,2.255692564,-3.123952969,103.1
44.895,1.128842441,2.388739366,-2.982063588,102.9
44.908,1.243837074,2.520565554,-2.864451513,102.9
44.92,1.358831706,2.620655809,-2.722562133,102.7
44.933,1.47124219,2.71952545,-2.593049767,102.7
44.946,1.58279129,2.852572252,-2.363060677,102.4
44.958,1.692617625,2.952662507,-2.097847438,102.3
44.971,1.801582576,3.084488695,-1.955958057,102.1
44.984,1.908824761,3.217535497,-1.638345982,101.9
44.997,2.013052106,3.383538846,-1.402645109,101.7
45.009,2.115556685,3.582498742,-1.166944236,101.5
45.022,2.215046423,3.814415185,-0.80744278,101.2
45.035,2.310229246,4.079288176,-0.5655534,100.9
45.047,2.400243771,4.345381779,-0.212240451,100.7
45.06,2.485951381,4.577298222,0.029648929,100.4
45.073,2.565198619,4.809214666,0.282961878,100.3
45.085,2.641431016,5.141221363,0.560552132,100
45.098,2.71120304,5.473228061,0.690064498,100
45.111,2.775376074,5.805234759,1.049565953,99.7
45.124,2.833088736,6.103064296,1.185266827,99.6
45.136,2.88261826,6.33498074,1.3209677,99.5
45.149,2.92267257,6.500984088,1.444768282,99.4
45.162,2.955405125,6.568117796,1.580469155,99.3
45.174,2.979523849,6.601074343,1.586657663,99.2
45.187,2.996320818,6.568117796,1.680469155,99.2
45.2,3.007949489,6.500984088,1.686657663,99.1
45.212,3.015271244,6.435070994,1.716170029,99.2
45.225,3.020008851,6.33498074,1.722358536,99.1
45.238,3.022593,6.203154551,1.716170029,99.2
45.251,3.024746457,6.037151202,1.686657663,99.1
45.263,3.023885074,5.871147853,1.686657663,99.1
45.276,3.024746457,5.672187957,1.680469155,99.2
45.289,3.024746457,5.473228061,1.680469155,99.2
45.301,3.023885074,5.274268165,1.680469155,99.2
45.314,3.023454383,5.108264816,1.650956789,99.1
45.327,3.022593,4.942261467,1.644768282,99.2
45.34,3.022162308,4.743301571,1.627156207,99.1
45.352,3.020008851,4.577298222,1.6209677,99.2
45.365,3.019147468,4.411294873,1.491455334,99.2
45.378,3.017855393,4.212334977,1.449565953,99.3
45.39,3.016563319,4.046331628,1.45575446,99.2
45.403,3.014840553,3.88032828,1.31386508,99.4
45.416,3.01397917,3.681368384,1.296253005,99.3
45.428,3.011395021,3.515365035,1.154363624,99.5
45.441,3.010102946,3.350582299,1.124851258,99.4
45.454,3.007518797,3.151622403,0.982961878,99.6
45.467,3.005365339,3.018575601,0.865349803,99.6
45.479,3.003642573,2.852572252,0.687759549,99.8
45.492,3.000627733,2.71952545,0.563958967,99.9
45.505,2.998904967,2.587699262,0.428258093,100
45.517,2.996751509,2.487609007,0.39255722,100
45.53,2.995028743,2.421695913,0.29255722,100.1
45.543,2.993736669,2.388739366,0.263044854,100
45.555,2.992875286,2.354562206,0.233055764,100.1
45.568,2.991583211,2.321605658,0.239244272,100
45.581,2.990721828,2.288649111,0.133055764,100.2
45.594,2.990291137,2.288649111,0.139244272,100.1
45.606,2.989429754,2.255692564,0.097354891,100.2
45.619,2.988999062,2.255692564,0.103543398,100.1
45.632,2.988999062,2.222736017,0.097354891,100.2
45.644,2.988137679,2.222736017,0.103543398,100.1
45.657,2.988137679,2.18977947,0.097354891,100.2
45.67,2.988999062,2.222736017,0.103543398,100.1
45.683,2.988137679,2.255692564,0.05546551,100.3
45.695,2.988999062,2.288649111,0.067842525,100.1
45.708,2.988999062,2.354562206,0.091166384,100.3
45.721,2.989429754,2.421695913,0.103543398,100.1
45.733,2.988999062,2.487609007,0.097354891,100.2
45.746,2.990291137,2.553522102,0.167842525,100
45.759,2.990291137,2.653612356,0.161654018,100.1
45.771,2.990721828,2.686568903,0.167842525,100
45.784,2.991583211,2.71952545,0.161654018,100.1
45.797,2.990721828,2.752481998,0.161654018,100.1
45.81,2.991583211,2.786659158,0.161654018,100.1
45.822,2.991583211,2.786659158,0.167842525,100
45.835,2.991583211,2.786659158,0.161654018,100.1
45.848,2.990721828,2.786659158,0.167842525,100
45.86,2.991583211,2.786659158,0.161654018,100.1
45.873,2.990721828,2.819615705,0.167842525,100
45.886,2.991583211,2.819615705,0.161654018,100.1
45.898,2.991583211,2.819615705,0.167842525,100
45.911,2.991583211,2.852572252,0.261654018,100
45.924,2.991583211,2.885528799,0.267842525,99.9
45.937,2.992013903,2.918485347,0.261654018,100
45.949,2.992013903,2.952662507,0.267842525,99.9
45.962,2.992013903,2.985619054,0.261654018,100
45.975,2.993736669,2.985619054,0.267842525,99.9
45.987,2.993736669,3.018575601,0.25546551,100.1
46,2.99416736,3.018575601,0.267842525,99.9
46.013,2.993736669,3.018575601,0.261654018,100
46.026,2.995028743,2.985619054,0.267842525,99.9
46.038,2.99416736,2.918485347,0.261654018,100
46.051,2.99416736,2.885528799,0.267842525,99.9
46.064,2.993736669,2.819615705,0.261654018,100
46.076,2.992875286,2.752481998,0.261654018,100
46.089,2.992875286,2.686568903,0.261654018,100
46.102,2.992013903,2.653612356,0.261654018,100
46.114,2.992013903,2.587699262,0.261654018,100
46.127,2.991583211,2.520565554,0.261654018,100
46.14,2.991583211,2.421695913,0.267842525,99.9
46.153,2.990291137,2.321605658,0.237853435,100
46.165,2.989429754,2.222736017,0.237853435,100
46.178,2.987706988,2.089689215,0.137853435,100.1
46.191,2.986414913,1.989598961,0.102152562,100.1
46.203,2.983830764,1.857772772,-0.033548311,100.2
46.216,2.980815924,1.757682517,-0.169249185,100.3
46.229,2.976509008,1.625856329,-0.28686126,100.3
46.241,2.972202093,1.492809527,-0.42875064,100.5
46.254,2.967033795,1.359762725,-0.658263006,100.6
46.267,2.961004114,1.226715924,-0.788252096,100.8
46.28,2.955405125,1.094889735,-1.053465335,100.9
46.292,2.947221986,0.928886386,-1.295354716,101.2
46.305,2.939469539,0.795839584,-1.412966791,101.2
46.318,2.929563634,0.662792783,-1.654856171,101.5
46.33,2.918796346,0.530966594,-1.90816912,101.6
46.343,2.906306293,0.397919792,-2.1500585,101.9
46.356,2.892524164,0.299050151,-2.385759373,102.1
46.369,2.875727196,0.166003349,-2.521460247,102.2
46.381,2.857638152,0.065913094,-2.745260829,102.4
46.394,2.837395652,-0.032956547,-2.974773195,102.5
46.407,2.815861076,-0.100090254,-3.080961702,102.7
46.419,2.793465118,-0.166003349,-3.174773195,102.7
46.432,2.769346393,-0.198959896,-3.316662576,102.9
46.445,2.746519743,-0.26487299,-3.410474068,102.9
46.457,2.721970328,-0.299050151,-3.416662576,103
46.47,2.698282295,-0.332006698,-3.510474068,103
46.483,2.674594262,-0.364963245,-3.516662576,103.1
46.496,2.65133692,-0.397919792,-3.516662576,103.1
46.508,2.627648887,-0.430876339,-3.516662576,103.1
46.521,2.60568362,-0.430876339,-3.616662576,103.2
46.534,2.583287662,-0.463832887,-3.616662576,103.2
46.546,2.563475853,-0.463832887,-3.616662576,103.2
46.559,2.545386809,-0.463832887,-3.640463158,103.2
46.572,2.529881915,-0.463832887,-3.540463158,103.1
46.584,2.51696117,-0.463832887,-3.540463158,103.1
46.597,2.505332499,-0.463832887,-3.540463158,103.1
46.61,2.496718669,-0.463832887,-3.540463158,103.1
46.623,2.488104839,-0.463832887,-3.540463158,103.1
46.635,2.482936541,-0.430876339,-3.540463158,103.1
46.648,2.477337551,-0.430876339,-3.534274651,103
46.661,2.473461328,-0.430876339,-3.540463158,103.1
46.673,2.469585104,-0.430876339,-3.569975524,103
46.686,2.465708881,-0.430876339,-3.576164031,103.1
46.699,2.463124731,-0.430876339,-3.534274651,103
46.712,2.460971274,-0.397919792,-3.476164031,103
46.724,2.458817816,-0.397919792,-3.469975524,102.9
46.737,2.45709505,-0.430876339,-3.440463158,103
46.75,2.456233667,-0.430876339,-3.434274651,102.9
46.762,2.454510901,-0.430876339,-3.446651665,103.1
46.775,2.453649518,-0.430876339,-3.434274651,102.9
46.788,2.453218827,-0.397919792,-3.482352538,103.1
46.8,2.451926752,-0.397919792,-3.469975524,102.9
46.813,2.450634678,-0.397919792,-3.476164031,103
46.826,2.448911912,-0.397919792,-3.469975524,102.9
46.839,2.446327763,-0.397919792,-3.476164031,103
46.851,2.443743614,-0.430876339,-3.476164031,103
46.864,2.440728773,-0.430876339,-3.476164031,103
46.877,2.435129784,-0.430876339,-3.476164031,103
46.889,2.429961485,-0.430876339,-3.476164031,103
46.902,2.422209038,-0.463832887,-3.469975524,102.9
46.915,2.413595208,-0.463832887,-3.476164031,103
46.927,2.402397229,-0.463832887,-3.469975524,102.9
46.94,2.390337867,-0.498010047,-3.476164031,103
46.953,2.37698643,-0.498010047,-3.469975524,102.9
46.966,2.363204302,-0.498010047,-3.476164031,103
46.978,2.348130099,-0.530966594,-3.469975524,102.9
46.991,2.332194513,-0.530966594,-3.482352538,103.1
47.004,2.31712031,-0.530966594,-3.569975524,103
47.016,2.29989265,-0.530966594,-3.576164031,103.1
47.029,2.28266499,-0.530966594,-3.569975524,103
47.042,2.264145255,-0.563923141,-3.582352538,103.2
47.055,2.24562552,-0.563923141,-3.569975524,103
47.067,2.224952328,-0.596879688,-3.582352538,103.2
47.08,2.205140518,-0.563923141,-3.569975524,103
47.093,2.184036635,-0.596879688,-3.582352538,103.2
47.105,2.162932751,-0.596879688,-3.569975524,103
47.118,2.141398175,-0.596879688,-3.576164031,103.1
47.131,2.120724983,-0.563923141,-3.569975524,103
47.143,2.100913174,-0.563923141,-3.576164031,103.1
47.156,2.081962747,-0.563923141,-3.576164031,103.1
47.169,2.064735087,-0.563923141,-3.576164031,103.1
47.182,2.047938118,-0.563923141,-3.576164031,103.1
47.194,2.03415599,-0.563923141,-3.576164031,103.1
47.207,2.021665936,-0.563923141,-3.576164031,103.1
47.22,2.012190723,-0.530966594,-3.611864905,103.1
47.232,2.005730351,-0.498010047,-3.605676397,103
47.245,2.003146201,-0.498010047,-3.611864905,103.1
47.258,2.000992744,-0.430876339,-3.505676397,102.9
47.27,2.002284818,-0.397919792,-3.511864905,103
47.283,2.005299659,-0.299050151,-3.505676397,102.9
47.296,2.009175883,-0.198959896,-3.511864905,103
47.309,2.013482798,-0.100090254,-3.505676397,102.9
47.321,2.020373862,-0.032956547,-3.411864905,102.9
47.334,2.028126309,0.032956547,-3.405676397,102.8
47.347,2.035448065,0.065913094,-3.411864905,102.9
47.359,2.044061895,0.100090254,-3.441377271,102.8
47.372,2.052675725,0.133046802,-3.447565778,102.9
47.385,2.062581629,0.166003349,-3.441377271,102.8
47.398,2.072487534,0.198959896,-3.447565778,102.9
47.41,2.083685513,0.231916443,-3.447565778,102.9
47.423,2.093591418,0.26487299,-3.347565778,102.8
47.436,2.104789397,0.26487299,-3.347565778,102.8
47.448,2.115987376,0.299050151,-3.347565778,102.8
47.461,2.126754664,0.299050151,-3.347565778,102.8
47.474,2.138383335,0.332006698,-3.347565778,102.8
47.486,2.149150623,0.332006698,-3.347565778,102.8
47.499,2.15991791,0.364963245,-3.341377271,102.7
47.512,2.170254506,0.364963245,-3.247565778,102.7
47.525,2.181452486,0.397919792,-3.241377271,102.6
47.537,2.19135839,0.430876339,-3.247565778,102.7
47.55,2.202125678,0.430876339,-3.247565778,102.7
47.563,2.212031583,0.463832887,-3.27136636,102.7
47.575,2.221937487,0.463832887,-3.27136636,102.7
47.588,2.231843392,0.463832887,-3.27136636,102.7
47.601,2.242179988,0.498010047,-3.247565778,102.7
47.613,2.252085893,0.498010047,-3.141377271,102.5
47.626,2.261561106,0.498010047,-3.17136636,102.6
47.639,2.271467011,0.530966594,-3.165177853,102.5
47.652,2.280080841,0.530966594,-3.17136636,102.6
47.664,2.289125362,0.530966594,-3.165177853,102.5
47.677,2.297308501,0.563923141,-3.17136636,102.6
47.69,2.305060948,0.563923141,-3.165177853,102.5
47.702,2.312382704,0.563923141,-3.17136636,102.6
47.715,2.318843076,0.563923141,-3.17136636,102.6
47.728,2.323580683,0.563923141,-3.165177853,102.5
47.741,2.327456907,0.563923141,-3.17136636,102.6
47.753,2.330041056,0.563923141,-3.07136636,102.5
47.766,2.332194513,0.563923141,-3.07136636,102.5
47.779,2.334347971,0.563923141,-3.065177853,102.4
47.791,2.336070737,0.563923141,-3.07136636,102.5
47.804,2.337362811,0.563923141,-3.065177853,102.4
47.817,2.337362811,0.563923141,-3.07136636,102.5
47.829,2.338654886,0.563923141,-3.065177853,102.4
47.842,2.338224194,0.530966594,-3.07136636,102.5
47.855,2.338224194,0.498010047,-3.065177853,102.4
47.868,2.33693212,0.463832887,-3.07136636,102.5
47.88,2.334778662,0.397919792,-3.07136636,102.5
47.893,2.332194513,0.332006698,-3.07136636,102.5
47.906,2.329610364,0.299050151,-3.07136636,102.5
47.918,2.326164832,0.231916443,-3.07136636,102.5
47.931,2.3227193,0.166003349,-3.07136636,102.5
47.944,2.318843076,0.133046802,-3.07136636,102.5
47.956,2.314536161,0.100090254,-3.07136636,102.5
47.969,2.311090629,0.065913094,-3.07136636,102.5
47.982,2.306353023,0.065913094,-3.07136636,102.5
47.995,2.302476799,0.065913094,-3.047565778,102.5
48.007,2.298600576,0.065913094,-3.07136636,102.5
48.02,2.295155044,0.032956547,-3.07136636,102.5
48.033,2.29127882,0.032956547,-3.065177853,102.4
48.045,2.289125362,0.032956547,-3.047565778,102.5
48.058,2.286541213,0.032956547,-3.041377271,102.4
48.071,2.285249139,0.032956547,-3.047565778,102.5
48.084,2.284387756,0.032956547,-3.065177853,102.4
48.096,2.283957064,0.032956547,-3.07136636,102.5
48.109,2.283957064,0.032956547,-3.065177853,102.4
48.122,2.283095681,0.032956547,-3.07136636,102.5
48.134,2.283957064,0.032956547,-3.065177853,102.4
48.147,2.283095681,0.065913094,-3.07136636,102.5
48.16,2.283957064,0.100090254,-3.07136636,102.5
48.172,2.284387756,0.100090254,-3.047565778,102.5
48.185,2.285249139,0.133046802,-3.047565778,102.5
48.198,2.286541213,0.166003349,-3.07136636,102.5
48.211,2.287833288,0.198959896,-3.07136636,102.5
48.223,2.289986745,0.231916443,-3.07136636,102.5
48.236,2.29127882,0.26487299,-3.07136636,102.5
48.249,2.293862969,0.299050151,-3.07136636,102.5
48.261,2.295155044,0.332006698,-3.047565778,102.5
48.274,2.298600576,0.364963245,-3.047565778,102.5
48.287,2.300323342,0.397919792,-2.947565778,102.4
48.299,2.304199565,0.463832887,-2.97136636,102.4
48.312,2.307645097,0.463832887,-2.947565778,102.4
48.325,2.311090629,0.498010047,-2.97136636,102.4
48.338,2.314536161,0.498010047,-2.97136636,102.4
48.35,2.318843076,0.530966594,-2.97136636,102.4
48.363,2.322288609,0.530966594,-2.965177853,102.3
48.376,2.326164832,0.530966594,-2.97136636,102.4
48.388,2.329610364,0.563923141,-2.965177853,102.3
48.401,2.332625205,0.563923141,-2.97136636,102.4
48.414,2.336070737,0.563923141,-2.965177853,102.3
48.427,2.338654886,0.563923141,-2.97136636,102.4
48.439,2.342531109,0.563923141,-2.965177853,102.3
48.452,2.34554595,0.596879688,-2.97136636,102.4
48.465,2.349422174,0.596879688,-2.97136636,102.4
48.477,2.352437014,0.596879688,-2.97136636,102.4
48.49,2.355451855,0.596879688,-2.97136636,102.4
48.503,2.358036004,0.596879688,-2.97136636,102.4
48.515,2.360620153,0.596879688,-2.97136636,102.4
48.528,2.363204302,0.596879688,-2.965177853,102.3
48.541,2.364496376,0.596879688,-2.97136636,102.4
48.554,2.365788451,0.596879688,-2.965177853,102.3
48.566,2.365788451,0.563923141,-2.97136636,102.4
48.579,2.365788451,0.530966594,-2.965177853,102.3
48.592,2.365357759,0.498010047,-2.97136636,102.4
48.604,2.364065685,0.430876339,-2.965177853,102.3
48.617,2.361050844,0.397919792,-2.97136636,102.4
48.63,2.359328078,0.332006698,-2.97136636,102.4
48.642,2.355451855,0.26487299,-2.97136636,102.4
48.655,2.352006323,0.198959896,-2.97136636,102.4
48.668,2.346838024,0.133046802,-2.97136636,102.4
48.681,2.341239035,0.100090254,-2.97136636,102.4
48.693,2.336070737,0.100090254,-2.965177853,102.3
48.706,2.330041056,0.065913094,-2.97136636,102.4
48.719,2.324872758,0.065913094,-2.965177853,102.3
48.731,2.318412385,0.032956547,-2.97136636,102.4
48.744,2.312813395,0.032956547,-2.97136636,102.4
48.757,2.306353023,0,-2.97136636,102.4
48.77,2.300323342,0,-2.97136636,102.4
48.782,2.293862969,-0.032956547,-2.947565778,102.4
48.795,2.287402596,-0.032956547,-2.97136636,102.4
48.808,2.280080841,-0.065913094,-2.965177853,102.3
48.82,2.273189777,-0.100090254,-2.97136636,102.4
48.833,2.26543733,-0.100090254,-2.965177853,102.3
48.846,2.257684882,-0.100090254,-2.97136636,102.4
48.858,2.250793818,-0.133046802,-2.965177853,102.3
48.871,2.243041371,-0.133046802,-2.97136636,102.4
48.884,2.236150307,-0.166003349,-2.941377271,102.3
48.897,2.229259243,-0.166003349,-2.947565778,102.4
48.909,2.223229562,-0.166003349,-2.941377271,102.3
48.922,2.216338498,-0.166003349,-2.947565778,102.4
48.935,2.212031583,-0.198959896,-2.941377271,102.3
48.947,2.207293976,-0.198959896,-2.947565778,102.4
48.96,2.204709827,-0.198959896,-2.947565778,102.4
48.973,2.203848444,-0.166003349,-2.947565778,102.4
48.985,2.203417752,-0.166003349,-2.947565778,102.4
48.998,2.203848444,-0.133046802,-2.947565778,102.4
49.011,2.204709827,-0.100090254,-2.947565778,102.4
49.024,2.206001902,-0.065913094,-2.947565778,102.4
49.036,2.206432593,0,-2.947565778,102.4
49.049,2.208586051,0.032956547,-2.947565778,102.4
49.062,2.209878125,0.032956547,-2.97136636,102.4
49.074,2.212031583,0.065913094,-2.97136636,102.4
49.087,2.213323657,0.100090254,-2.965177853,102.3
49.1,2.214615732,0.133046802,-2.97136636,102.4
49.113,2.215907806,0.133046802,-2.965177853,102.3
49.125,2.217199881,0.166003349,-2.97136636,102.4
49.138,2.218491955,0.166003349,-2.965177853,102.3
49.151,2.218491955,0.198959896,-2.977554867,102.5
49.163,2.219353338,0.198959896,-2.965177853,102.3
49.176,2.219353338,0.166003349,-2.97136636,102.4
49.189,2.21978403,0.166003349,-2.965177853,102.3
49.201,2.219353338,0.133046802,-2.97136636,102.4
49.214,2.218491955,0.133046802,-2.965177853,102.3
49.227,2.217199881,0.100090254,-2.97136636,102.4
49.24,2.215046423,0.065913094,-2.965177853,102.3
49.252,2.213323657,0,-2.97136636,102.4
49.265,2.209878125,-0.065913094,-2.97136636,102.4
49.278,2.206432593,-0.133046802,-2.97136636,102.4
49.29,2.201264295,-0.166003349,-2.97136636,102.4
49.303,2.196095997,-0.198959896,-2.97136636,102.4
49.316,2.189635624,-0.198959896,-2.97136636,102.4
49.328,2.183605943,-0.231916443,-2.965177853,102.3
49.341,2.176284187,-0.231916443,-2.97136636,102.4
49.354,2.170254506,-0.26487299,-2.947565778,102.4
49.367,2.162932751,-0.26487299,-2.947565778,102.4
49.379,2.156472378,-0.299050151,-2.947565778,102.4
49.392,2.148289239,-0.299050151,-2.947565778,102.4
49.405,2.141828867,-0.332006698,-2.947565778,102.4
49.417,2.13407642,-0.332006698,-2.941377271,102.3
49.43,2.126754664,-0.332006698,-2.947565778,102.4
49.443,2.118571525,-0.364963245,-2.941377271,102.3
49.456,2.110819078,-0.364963245,-2.947565778,102.4
49.468,2.103497323,-0.397919792,-2.947565778,102.4
49.481,2.094883493,-0.397919792,-2.947565778,102.4
49.494,2.087131045,-0.430876339,-2.941377271,102.3
49.506,2.078517215,-0.430876339,-3.047565778,102.5
49.519,2.070334077,-0.463832887,-3.041377271,102.4
49.532,2.061720246,-0.463832887,-3.047565778,102.5
49.544,2.053967799,-0.463832887,-3.047565778,102.5
49.557,2.045353969,-0.498010047,-3.047565778,102.5
49.57,2.037601522,-0.498010047,-3.047565778,102.5
49.583,2.028987692,-0.530966594,-3.041377271,102.4
49.595,2.020804553,-0.530966594,-3.047565778,102.5
49.608,2.013482798,-0.563923141,-3.041377271,102.4
49.621,2.007022425,-0.563923141,-3.047565778,102.5
49.633,2.001854127,-0.530966594,-3.041377271,102.4
49.646,1.997977903,-0.530966594,-3.07136636,102.5
49.659,1.995824446,-0.530966594,-3.041377271,102.4
49.671,1.995393754,-0.498010047,-3.047565778,102.5
49.684,1.995824446,-0.463832887,-3.041377271,102.4
49.697,1.996685829,-0.397919792,-2.947565778,102.4
49.71,1.998408595,-0.364963245,-2.947565778,102.4
49.722,2.000562052,-0.299050151,-2.947565778,102.4
49.735,2.003576893,-0.231916443,-2.947565778,102.4
49.748,2.007022425,-0.133046802,-2.947565778,102.4
49.76,2.010898649,-0.100090254,-2.947565778,102.4
49.773,2.015205564,-0.065913094,-2.97136636,102.4
49.786,2.019081787,-0.032956547,-2.97136636,102.4
49.799,2.022958011,0,-2.965177853,102.3
49.811,2.02554216,0,-2.97136636,102.4
49.824,2.028987692,0.032956547,-2.97136636,102.4
49.837,2.030710458,0.032956547,-2.965177853,102.3
49.849,2.032002532,0.032956547,-2.97136636,102.4
49.862,2.032863915,0.032956547,-2.965177853,102.3
49.875,2.032863915,0.032956547,-2.97136636,102.4
49.887,2.032863915,0,-2.865177853,102.2
49.9,2.032863915,-0.032956547,-2.87136636,102.3
49.913,2.031571841,-0.065913094,-2.865177853,102.2
49.926,2.029418383,-0.100090254,-2.847565778,102.3
49.938,2.028126309,-0.166003349,-2.841377271,102.2
49.951,2.025111468,-0.231916443,-2.953754285,102.5
49.964,2.022096628,-0.26487299,-2.965177853,102.3
49.976,2.019081787,-0.332006698,-2.977554867,102.5
49.989,2.015636255,-0.364963245,-2.965177853,102.3
50.002,2.010898649,-0.397919792,-2.947565778,102.4
50.014,2.007022425,-0.430876339,-2.965177853,102.3
50.027,2.002284818,-0.463832887,-2.97136636,102.4
50.04,1.997977903,-0.463832887,-2.97136636,102.4
50.053,1.992378914,-0.498010047,-2.97136636,102.4
50.065,1.986779924,-0.498010047,-2.947565778,102.4
50.078,1.980750243,-0.530966594,-2.947565778,102.4
50.091,1.973428487,-0.530966594,-2.941377271,102.3
50.103,1.966106732,-0.530966594,-2.947565778,102.4
50.116,1.95706221,-0.563923141,-2.941377271,102.3
50.129,1.94844838,-0.563923141,-2.947565778,102.4
50.142,1.937250401,-0.596879688,-2.941377271,102.3
50.154,1.92562173,-0.596879688,-2.947565778,102.4
50.167,1.912700985,-0.629836235,-2.941377271,102.3
50.18,1.898057474,-0.629836235,-3.047565778,102.5
50.192,1.881691196,-0.662792783,-3.041377271,102.4
50.205,1.863602153,-0.662792783,-3.047565778,102.5
50.218,1.842498269,-0.696969943,-3.041377271,102.4
50.23,1.820102311,-0.72992649,-3.053754285,102.6
50.243,1.795122203,-0.72992649,-3.005676397,102.4
50.256,1.766696564,-0.762883037,-3.118053412,102.7
50.269,1.735686775,-0.762883037,-3.105676397,102.5
50.281,1.69993938,-0.795839584,-3.111864905,102.6
50.294,1.660746453,-0.795839584,-3.105676397,102.5
50.307,1.616815919,-0.795839584,-3.211864905,102.7
50.319,1.566855704,-0.828796131,-3.205676397,102.6
50.332,1.512157883,-0.828796131,-3.211864905,102.7
50.345,1.452291763,-0.795839584,-3.176164031,102.7
50.357,1.387257346,-0.762883037,-3.276164031,102.8
50.37,1.316623938,-0.72992649,-3.276164031,102.8
50.383,1.241252925,-0.72992649,-3.311864905,102.8
50.396,1.161574996,-0.696969943,-3.311864905,102.8
50.408,1.077590152,-0.662792783,-3.311864905,102.8
50.421,0.988867701,-0.662792783,-3.205676397,102.6
50.434,0.89713041,-0.662792783,-3.211864905,102.7
50.446,0.801947587,-0.696969943,-3.247565778,102.7
50.459,0.704611306,-0.696969943,-3.147565778,102.6
50.472,0.605121568,-0.72992649,-3.141377271,102.5
50.484,0.503909064,-0.72992649,-3.07136636,102.5
50.497,0.40011241,-0.72992649,-2.965177853,102.3
50.51,0.295023683,-0.762883037,-3.007067233,102.4
50.523,0.18864288,-0.762883037,-2.900878726,102.2
50.535,0.080970003,-0.795839584,-2.907067233,102.3
50.548,-0.027133565,-0.828796131,-2.8365796,102.1
50.561,-0.136959899,-0.862973292,-2.842768107,102.2
50.573,-0.248078308,-0.928886386,-2.8365796,102.1
50.586,-0.359627409,-0.961842933,-2.742768107,102.1
50.599,-0.472037892,-1.027756028,-2.7365796,102
50.612,-0.584448376,-1.061933188,-2.742768107,102.1
50.624,-0.695997476,-1.127846282,-2.642768107,102
50.637,-0.807546577,-1.160802829,-2.67846898,102
50.65,-0.918664986,-1.193759376,-2.47846898,101.8
50.662,-1.028060628,-1.260893084,-2.572280473,101.8
50.675,-1.136594888,-1.260893084,-2.67846898,102
50.688,-1.244267765,-1.326806178,-2.472280473,101.7
50.7,-1.350648568,-1.359762725,-2.502269562,101.8
50.713,-1.454875912,-1.426896432,-2.496081055,101.7
50.726,-1.558672566,-1.45985298,-2.402269562,101.7
50.739,-1.661177144,-1.525766074,-2.402269562,101.7
50.751,-1.762389649,-1.558722621,-2.302269562,101.6
50.764,-1.861879387,-1.591679168,-2.202269562,101.5
50.777,-1.959646359,-1.625856329,-2.202269562,101.5
50.789,-2.056121257,-1.625856329,-2.202269562,101.5
50.802,-2.150012006,-1.625856329,-2.102269562,101.4
50.815,-2.24261068,-1.625856329,-2.137970436,101.4
50.827,-2.333055896,-1.591679168,-2.131781928,101.3
50.84,-2.422209038,-1.591679168,-2.037970436,101.3
50.853,-2.510931489,-1.591679168,-2.037970436,101.3
50.866,-2.596639099,-1.625856329,-1.937970436,101.2
50.878,-2.681485326,-1.625856329,-1.931781928,101.1
50.891,-2.762024638,-1.625856329,-1.937970436,101.2
50.904,-2.839979801,-1.691769423,-1.837970436,101.1
50.916,-2.915350814,-1.72472597,-1.802269562,101.1
50.929,-2.988568371,-1.790639065,-1.702269562,101
50.942,-3.059201778,-1.857772772,-1.796081055,101
50.955,-3.126820345,-1.923685866,-1.802269562,101.1
50.967,-3.191424071,-1.956642413,-1.796081055,101
50.98,-3.253443648,-1.989598961,-1.702269562,101
50.993,-3.312448384,-2.056732668,-1.696081055,100.9
51.005,-3.367146206,-2.089689215,-1.702269562,101
51.018,-3.421413336,-2.122645762,-1.596081055,100.8
51.031,-3.470942859,-2.155602309,-1.60845807,101
51.043,-3.519180308,-2.18977947,-1.596081055,100.8
51.056,-3.564833608,-2.222736017,-1.602269562,100.9
51.069,-3.60833345,-2.255692564,-1.472280473,100.7
51.082,-3.650110526,-2.321605658,-1.47846898,100.8
51.094,-3.689734145,-2.354562206,-1.472280473,100.7
51.107,-3.725912232,-2.388739366,-1.47846898,100.8
51.12,-3.758214095,-2.388739366,-1.47846898,100.8
51.132,-3.789223883,-2.421695913,-1.442768107,100.8
51.145,-3.817218831,-2.45465246,-1.442768107,100.8
51.158,-3.844352396,-2.487609007,-1.342768107,100.7
51.171,-3.869332504,-2.520565554,-1.37846898,100.7
51.183,-3.895173994,-2.553522102,-1.342768107,100.7
51.196,-3.918862027,-2.587699262,-1.3365796,100.6
51.209,-3.943842134,-2.620655809,-1.242768107,100.6
51.221,-3.966238093,-2.620655809,-1.2365796,100.5
51.234,-3.989064743,-2.653612356,-1.242768107,100.6
51.247,-4.010168626,-2.653612356,-1.1365796,100.4
51.259,-4.029980436,-2.686568903,-1.148956614,100.6
51.272,-4.048500171,-2.686568903,-1.1365796,100.4
51.285,-4.064866448,-2.686568903,-1.048956614,100.5
51.298,-4.079509959,-2.686568903,-1.0365796,100.3
51.31,-4.09113863,-2.686568903,-1.048956614,100.5
51.323,-4.103197992,-2.686568903,-1.0365796,100.3
51.336,-4.111811822,-2.653612356,-1.048956614,100.5
51.348,-4.120425652,-2.653612356,-1.0365796,100.3
51.361,-4.126455334,-2.653612356,-1.042768107,100.4
51.374,-4.131623632,-2.653612356,-1.0365796,100.3
51.386,-4.136361238,-2.620655809,-1.042768107,100.4
51.399,-4.139376079,-2.620655809,-1.0365796,100.3
51.412,-4.141529536,-2.587699262,-1.042768107,100.4
51.425,-4.142821611,-2.587699262,-1.042768107,100.4
51.437,-4.14540576,-2.553522102,-1.042768107,100.4
51.45,-4.146267143,-2.520565554,-1.042768107,100.4
51.463,-4.147989909,-2.520565554,-1.007067233,100.4
51.475,-4.147989909,-2.520565554,-1.000878726,100.3
51.488,-4.149281983,-2.487609007,-1.007067233,100.4
51.501,-4.147989909,-2.45465246,-1.000878726,100.3
51.514,-4.149281983,-2.388739366,-1.007067233,100.4
51.526,-4.148851292,-2.321605658,-1.100878726,100.4
51.539,-4.148851292,-2.222736017,-1.107067233,100.5
51.552,-4.147989909,-2.089689215,-1.100878726,100.4
51.564,-4.147559217,-1.989598961,-1.107067233,100.5
51.577,-4.146267143,-1.857772772,-1.200878726,100.5
51.59,-4.144975068,-1.757682517,-1.207067233,100.6
51.602,-4.143682994,-1.691769423,-1.2365796,100.5
51.615,-4.140668153,-1.625856329,-1.307067233,100.7
51.628,-4.140668153,-1.591679168,-1.300878726,100.6
51.641,-4.138945387,-1.558722621,-1.342768107,100.7
51.653,-4.137653313,-1.492809527,-1.4365796,100.7
51.666,-4.135499855,-1.45985298,-1.442768107,100.8
51.679,-4.133777089,-1.426896432,-1.4365796,100.7
51.691,-4.130762249,-1.359762725,-1.542768107,100.9
51.704,-4.127747408,-1.293849631,-1.5365796,100.8
51.717,-4.124301876,-1.226715924,-1.6365796,100.9
51.729,-4.119564269,-1.193759376,-1.642768107,101
51.742,-4.115257354,-1.127846282,-1.7365796,101
51.755,-4.10836629,-1.061933188,-1.842768107,101.2
51.768,-4.100613843,-0.99479948,-1.872280473,101.1
51.78,-4.090707938,-0.928886386,-1.97846898,101.3
51.793,-4.080802034,-0.862973292,-2.042768107,101.4
51.806,-4.067450597,-0.795839584,-2.142768107,101.5
51.818,-4.054529852,-0.72992649,-2.142768107,101.5
51.831,-4.039024957,-0.662792783,-2.242768107,101.6
51.844,-4.02265868,-0.596879688,-2.27846898,101.6
51.856,-4.004569637,-0.530966594,-2.342768107,101.7
51.869,-3.985619211,-0.498010047,-2.37846898,101.7
51.882,-3.965807401,-0.463832887,-2.372280473,101.6
51.895,-3.943842134,-0.430876339,-2.47846898,101.8
51.907,-3.921015484,-0.364963245,-2.4365796,101.7
51.92,-3.893881919,-0.299050151,-2.542768107,101.9
51.933,-3.86545628,-0.26487299,-2.542768107,101.9
51.945,-3.833585108,-0.198959896,-2.507067233,101.9
51.958,-3.799991171,-0.133046802,-2.607067233,102
51.971,-3.763813084,-0.100090254,-2.607067233,102
51.984,-3.72548154,-0.032956547,-2.707067233,102.1
51.996,-3.682843081,0,-2.77136636,102.2
52.009,-3.637620472,0.032956547,-2.77136636,102.2
52.022,-3.587229566,0.100090254,-2.865177853,102.2
52.034,-3.529516904,0.133046802,-2.87136636,102.3
52.047,-3.46835871,0.166003349,-2.941377271,102.3
52.06,-3.402893601,0.166003349,-3.047565778,102.5
52.072,-3.334844343,0.198959896,-3.041377271,102.4
52.085,-3.262057478,0.231916443,-3.111864905,102.6
52.098,-3.186255773,0.26487299,-3.169975524,102.6
52.111,-3.104424386,0.299050151,-3.276164031,102.8
52.123,-3.018286085,0.332006698,-3.340463158,102.9
52.136,-2.927840868,0.364963245,-3.340463158,102.9
52.149,-2.83136597,0.430876339,-3.416662576,103
52.161,-2.7284307,0.463832887,-3.516662576,103.1
52.174,-2.61989644,0.463832887,-3.580961702,103.2
52.187,-2.504901808,0.430876339,-3.680961702,103.3
52.199,-2.383877494,0.430876339,-3.745260829,103.4
52.212,-2.257254191,0.430876339,-3.821460247,103.5
52.225,-2.122878441,0.430876339,-3.885759373,103.6
52.238,-1.983765084,0.430876339,-3.985759373,103.7
52.25,-1.837760663,0.430876339,-3.9500585,103.7
52.263,-1.686157252,0.463832887,-4.0500585,103.8
52.276,-1.52852416,0.498010047,-4.10816912,103.8
52.288,-1.366584153,0.563923141,-4.090557045,103.9
52.301,-1.202059997,0.596879688,-4.184368537,103.9
52.314,-1.034951693,0.629836235,-4.254856171,104.1
52.327,-0.867843388,0.696969943,-4.212966791,104
52.339,-0.6998737,0.762883037,-4.219155298,104.1
52.352,-0.533196086,0.828796131,-4.289166208,104.1
52.365,-0.367379856,0.928886386,-4.295354716,104.2
52.377,-0.203717083,1.027756028,-4.289166208,104.1
52.39,-0.041777076,1.094889735,-4.259653842,104.2
52.403,0.116286707,1.160802829,-4.353465335,104.2
52.415,0.27133565,1.193759376,-4.323952969,104.3
52.428,0.422508369,1.226715924,-4.323952969,104.3
52.441,0.570235556,1.293849631,-4.388252096,104.4
52.454,0.712794445,1.326806178,-4.388252096,104.4
52.466,0.851046419,1.359762725,-4.388252096,104.4
52.479,0.984130095,1.392719272,-4.388252096,104.4
52.492,1.112476164,1.392719272,-4.364451513,104.4
52.504,1.234792552,1.359762725,-4.364451513,104.4
52.517,1.352371334,1.293849631,-4.264451513,104.3
52.53,1.465212509,1.260893084,-4.264451513,104.3
52.542,1.57417746,1.226715924,-4.164451513,104.2
52.555,1.677974113,1.193759376,-4.088252096,104.1
52.568,1.778325235,1.193759376,-3.988252096,104
52.581,1.873508058,1.226715924,-3.882063588,103.8
52.593,1.964814657,1.293849631,-3.823952969,103.8
52.606,2.050091576,1.326806178,-3.817764462,103.7
52.619,2.12847743,1.392719272,-3.723952969,103.7
52.631,2.200833603,1.426896432,-3.617764462,103.5
52.644,2.267590787,1.492809527,-3.559653842,103.5
52.657,2.327456907,1.558722621,-3.553465335,103.4
52.67,2.380862654,1.591679168,-3.459653842,103.4
52.682,2.429961485,1.625856329,-3.453465335,103.3
52.695,2.472169253,1.658812876,-3.459653842,103.4
52.708,2.510070106,1.658812876,-3.359653842,103.3
52.72,2.544094735,1.691769423,-3.359653842,103.3
52.733,2.575104523,1.691769423,-3.359653842,103.3
52.746,2.603530163,1.691769423,-3.295354716,103.2
52.758,2.627648887,1.72472597,-3.295354716,103.2
52.771,2.647891388,1.72472597,-3.289166208,103.1
52.784,2.665980432,1.72472597,-3.295354716,103.2
52.797,2.681485326,1.72472597,-3.189166208,103
52.809,2.693544688,1.72472597,-3.195354716,103.1
52.822,2.704742667,1.72472597,-3.219155298,103.1
52.835,2.713356497,1.72472597,-3.195354716,103.1
52.847,2.721108944,1.691769423,-3.212966791,103
52.86,2.726707934,1.691769423,-3.219155298,103.1
52.873,2.732737615,1.691769423,-3.212966791,103
52.885,2.736613839,1.691769423,-3.219155298,103.1
52.898,2.740490062,1.658812876,-3.219155298,103.1
52.911,2.744366286,1.691769423,-3.119155298,103
52.924,2.748242509,1.691769423,-3.119155298,103
52.936,2.752980116,1.691769423,-3.119155298,103
52.949,2.757717723,1.691769423,-3.119155298,103
52.962,2.763747404,1.691769423,-3.148667664,102.9
52.974,2.768915702,1.72472597,-3.154856171,103
52.987,2.776237457,1.72472597,-3.119155298,103
53,2.782267139,1.72472597,-3.019155298,102.9
53.013,2.790019586,1.757682517,-3.019155298,102.9
53.025,2.798633416,1.757682517,-3.054856171,102.9
53.038,2.807677938,1.790639065,-3.054856171,102.9
53.051,2.818445225,1.824816225,-3.054856171,102.9
53.063,2.830935279,1.857772772,-2.954856171,102.8
53.076,2.844286716,1.890729319,-2.948667664,102.7
53.089,2.858068844,1.890729319,-2.954856171,102.8
53.101,2.873143047,1.923685866,-2.948667664,102.7
53.114,2.888647941,1.956642413,-2.954856171,102.8
53.127,2.905875601,1.989598961,-2.848667664,102.6
53.14,2.92267257,2.056732668,-2.819155298,102.7
53.152,2.942484379,2.089689215,-2.812966791,102.6
53.165,2.963157572,2.122645762,-2.854856171,102.7
53.178,2.986414913,2.18977947,-2.748667664,102.5
53.19,3.007949489,2.255692564,-2.754856171,102.6
53.203,3.03120683,2.288649111,-2.719155298,102.6
53.216,3.053172097,2.354562206,-2.719155298,102.6
53.228,3.075568055,2.421695913,-2.619155298,102.5
53.241,3.097102631,2.487609007,-2.654856171,102.5
53.254,3.118206514,2.520565554,-2.654856171,102.5
53.267,3.13974109,2.587699262,-2.648667664,102.4
53.279,3.159552899,2.653612356,-2.548667664,102.3
53.292,3.181087475,2.71952545,-2.519155298,102.4
53.305,3.200468592,2.786659158,-2.519155298,102.4
53.317,3.221572476,2.819615705,-2.519155298,102.4
53.33,3.240092211,2.885528799,-2.519155298,102.4
53.343,3.257750563,2.918485347,-2.519155298,102.4
53.356,3.273686149,2.952662507,-2.512966791,102.3
53.368,3.288760351,2.952662507,-2.419155298,102.3
53.381,3.302111788,2.985619054,-2.412966791,102.2
53.394,3.315463225,3.018575601,-2.419155298,102.3
53.406,3.329245353,3.018575601,-2.389166208,102.2
53.419,3.340443332,3.051532148,-2.395354716,102.3
53.432,3.350779928,3.051532148,-2.389166208,102.2
53.444,3.358963067,3.018575601,-2.395354716,102.3
53.457,3.366284823,2.985619054,-2.412966791,102.2
53.47,3.371022429,2.952662507,-2.419155298,102.3
53.483,3.374898653,2.918485347,-2.312966791,102.1
53.495,3.376621419,2.885528799,-2.319155298,102.2
53.508,3.377913493,2.852572252,-2.319155298,102.2
53.521,3.379205568,2.819615705,-2.319155298,102.2
53.533,3.380928334,2.819615705,-2.319155298,102.2
53.546,3.381359026,2.786659158,-2.319155298,102.2
53.559,3.3826511,2.786659158,-2.319155298,102.2
53.571,3.383943175,2.752481998,-2.312966791,102.1
53.584,3.384804558,2.71952545,-2.319155298,102.2
53.597,3.386096632,2.71952545,-2.319155298,102.2
53.61,3.385235249,2.686568903,-2.354856171,102.2
53.622,3.386096632,2.653612356,-2.319155298,102.2
53.635,3.386096632,2.587699262,-2.319155298,102.2
53.648,3.386527324,2.520565554,-2.354856171,102.2
53.66,3.386527324,2.45465246,-2.348667664,102.1
53.673,3.387388707,2.388739366,-2.354856171,102.2
53.686,3.386527324,2.354562206,-2.348667664,102.1
53.699,3.386527324,2.354562206,-2.354856171,102.2
53.711,3.386527324,2.354562206,-2.248667664,102
53.724,3.386527324,2.354562206,-2.254856171,102.1
53.737,3.386527324,2.421695913,-2.248667664,102
53.749,3.386527324,2.45465246,-2.254856171,102.1
53.762,3.387819398,2.520565554,-2.248667664,102
53.775,3.387388707,2.553522102,-2.290557045,102.1
53.787,3.388680781,2.587699262,-2.290557045,102.1
53.8,3.388680781,2.587699262,-2.290557045,102.1
53.813,3.389111473,2.587699262,-2.290557045,102.1
53.826,3.389972856,2.587699262,-2.248667664,102
53.838,3.390834239,2.620655809,-2.290557045,102.1
53.851,3.392557005,2.653612356,-2.284368537,102
53.864,3.393849079,2.686568903,-2.154856171,102
53.876,3.396433228,2.686568903,-2.148667664,101.9
53.889,3.396433228,2.686568903,-2.154856171,102
53.902,3.398586686,2.686568903,-2.148667664,101.9
53.914,3.399017377,2.686568903,-2.190557045,102
53.927,3.401170835,2.686568903,-2.184368537,101.9
53.94,3.402032218,2.686568903,-2.190557045,102
53.953,3.403754984,2.686568903,-2.190557045,102
53.965,3.404616367,2.686568903,-2.154856171,102
53.978,3.406339133,2.686568903,-2.154856171,102
53.991,3.407200516,2.686568903,-2.190557045,102
54.003,3.40849259,2.686568903,-2.190557045,102
54.016,3.409784665,2.653612356,-2.190557045,102
54.029,3.409784665,2.587699262,-2.190557045,102
54.042,3.410646048,2.487609007,-2.190557045,102
54.054,3.409784665,2.354562206,-2.190557045,102
54.067,3.409784665,2.255692564,-2.190557045,102
54.08,3.407631207,2.155602309,-2.184368537,101.9
54.092,3.407200516,2.056732668,-2.190557045,102
54.105,3.405908441,1.956642413,-2.214357627,102
54.118,3.404616367,1.857772772,-2.214357627,102
54.13,3.402462909,1.72472597,-2.30816912,102
54.143,3.39987876,1.591679168,-2.3500585,102.1
54.156,3.397294611,1.45985298,-2.343869993,102
54.169,3.394710462,1.392719272,-2.3500585,102.1
54.181,3.392557005,1.326806178,-2.479570866,102.1
54.194,3.389111473,1.293849631,-2.491947881,102.3
54.207,3.386527324,1.226715924,-2.51527174,102.1
54.219,3.3826511,1.127846282,-2.627648754,102.4
54.232,3.378774876,1.061933188,-2.639072322,102.2
54.245,3.372314504,0.99479948,-2.745260829,102.4
54.257,3.366284823,0.895929839,-2.774773195,102.3
54.27,3.357670993,0.828796131,-2.880961702,102.5
54.283,3.348195779,0.762883037,-2.974773195,102.5
54.296,3.338289875,0.696969943,-3.016662576,102.6
54.308,3.327091896,0.629836235,-3.116662576,102.7
54.321,3.315463225,0.563923141,-3.116662576,102.7
54.334,3.300819714,0.498010047,-3.210474068,102.7
54.346,3.287037585,0.430876339,-3.216662576,102.8
54.359,3.270240617,0.397919792,-3.310474068,102.8
54.372,3.254735722,0.332006698,-3.316662576,102.9
54.385,3.234493221,0.299050151,-3.334274651,102.8
54.397,3.21683487,0.231916443,-3.416662576,103
54.41,3.19702306,0.198959896,-3.410474068,102.9
54.423,3.175919176,0.133046802,-3.422851083,103.1
54.435,3.15395391,0.100090254,-3.410474068,102.9
54.448,3.131557951,0.065913094,-3.416662576,103
54.461,3.106577844,0.032956547,-3.510474068,103
54.473,3.080736353,-0.032956547,-3.522851083,103.2
54.486,3.053602788,-0.065913094,-3.510474068,103
54.499,3.023454383,-0.100090254,-3.522851083,103.2
54.512,2.992013903,-0.166003349,-3.510474068,103
54.524,2.957127891,-0.198959896,-3.622851083,103.3
54.537,2.921380495,-0.231916443,-3.574773195,103.1
54.55,2.883048951,-0.26487299,-3.580961702,103.2
54.562,2.844286716,-0.299050151,-3.574773195,103.1
54.575,2.803371022,-0.332006698,-3.680961702,103.3
54.588,2.761593946,-0.364963245,-3.674773195,103.2
54.6,2.719386178,-0.397919792,-3.645260829,103.3
54.613,2.675024953,-0.397919792,-3.745260829,103.4
54.626,2.630663728,-0.430876339,-3.745260829,103.4
54.639,2.585010428,-0.463832887,-3.745260829,103.4
54.651,2.53978782,-0.463832887,-3.745260829,103.4
54.664,2.493273137,-0.463832887,-3.839072322,103.4
54.677,2.447189146,-0.498010047,-3.821460247,103.5
54.689,2.399382388,-0.498010047,-3.821460247,103.5
54.702,2.352006323,-0.530966594,-3.821460247,103.5
54.715,2.302907491,-0.530966594,-3.91527174,103.5
54.728,2.253377967,-0.530966594,-3.921460247,103.6
54.74,2.202125678,-0.563923141,-3.879570866,103.5
54.753,2.150442697,-0.596879688,-3.885759373,103.6
54.766,2.09703695,-0.596879688,-3.879570866,103.5
54.778,2.041908437,-0.629836235,-3.991947881,103.8
54.791,1.985918541,-0.596879688,-3.979570866,103.6
54.804,1.926483113,-0.629836235,-3.985759373,103.7
54.816,1.866186302,-0.629836235,-3.979570866,103.6
54.829,1.805028108,-0.629836235,-4.085759373,103.8
54.842,1.740855073,-0.629836235,-4.043869993,103.7
54.855,1.674959273,-0.662792783,-4.0500585,103.8
54.867,1.608202089,-0.662792783,-4.043869993,103.7
54.88,1.538430065,-0.629836235,-4.0500585,103.8
54.893,1.468658041,-0.629836235,-4.0500585,103.8
54.905,1.39716325,-0.596879688,-4.043869993,103.7
54.918,1.324376386,-0.596879688,-4.0500585,103.8
54.931,1.250728138,-0.596879688,-4.043869993,103.7
54.943,1.174065049,-0.596879688,-4.0500585,103.8
54.956,1.096540578,-0.596879688,-3.943869993,103.6
54.969,1.017293341,-0.596879688,-3.9500585,103.7
54.982,0.93718472,-0.596879688,-3.9500585,103.7
54.994,0.855353334,-0.629836235,-3.885759373,103.6
55.007,0.772660564,-0.662792783,-3.885759373,103.6
55.02,0.689537104,-0.662792783,-3.785759373,103.5
55.032,0.606413643,-0.662792783,-3.785759373,103.5
55.045,0.522428799,-0.662792783,-3.785759373,103.5
55.058,0.438443955,-0.696969943,-3.721460247,103.4
55.071,0.354459111,-0.696969943,-3.71527174,103.3
55.083,0.270904958,-0.696969943,-3.621460247,103.3
55.096,0.188212189,-0.696969943,-3.645260829,103.3
55.109,0.106380802,-0.696969943,-3.545260829,103.2
55.121,0.024980107,-0.72992649,-3.580961702,103.2
55.134,-0.056851279,-0.72992649,-3.580961702,103.2
55.147,-0.138251974,-0.762883037,-3.480961702,103.1
55.159,-0.218791286,-0.795839584,-3.480961702,103.1
55.172,-0.299330598,-0.862973292,-3.516662576,103.1
55.185,-0.37986991,-0.895929839,-3.416662576,103
55.198,-0.45997853,-0.928886386,-3.416662576,103
55.21,-0.54008715,-0.961842933,-3.334274651,102.8
55.223,-0.618473005,-0.99479948,-3.340463158,102.9
55.236,-0.697720242,-1.027756028,-3.334274651,102.8
55.248,-0.77696748,-1.061933188,-3.340463158,102.9
55.261,-0.856645408,-1.094889735,-3.269975524,102.7
55.274,-0.935892646,-1.127846282,-3.276164031,102.8
55.286,-1.015570575,-1.160802829,-3.169975524,102.6
55.299,-1.095679195,-1.160802829,-3.182352538,102.8
55.312,-1.176218507,-1.193759376,-3.105676397,102.5
55.325,-1.255465744,-1.193759376,-3.111864905,102.6
55.337,-1.336005056,-1.226715924,-3.005676397,102.4
55.35,-1.416113677,-1.260893084,-3.047565778,102.5
55.363,-1.496652989,-1.293849631,-2.947565778,102.4
55.375,-1.578053684,-1.326806178,-2.847565778,102.3
55.388,-1.659023687,-1.392719272,-2.87136636,102.3
55.401,-1.741285765,-1.426896432,-2.87136636,102.3
55.414,-1.823547843,-1.45985298,-2.807067233,102.2
55.426,-1.907101995,-1.492809527,-2.707067233,102.1
55.439,-1.991086839,-1.492809527,-2.700878726,102
55.452,-2.077655832,-1.525766074,-2.642768107,102
55.464,-2.164224825,-1.525766074,-2.5365796,101.8
55.477,-2.253377967,-1.492809527,-2.57846898,101.9
55.49,-2.343823184,-1.492809527,-2.472280473,101.7
55.502,-2.435560475,-1.492809527,-2.384657487,101.8
55.515,-2.528589841,-1.492809527,-2.272280473,101.5
55.528,-2.623341972,-1.492809527,-2.202269562,101.5
55.541,-2.718955487,-1.525766074,-2.196081055,101.4
55.553,-2.815430385,-1.558722621,-2.102269562,101.4
55.566,-2.913197357,-1.591679168,-2.031781928,101.2
55.579,-3.009241563,-1.625856329,-1.944158943,101.3
55.591,-3.106147152,-1.691769423,-1.931781928,101.1
55.604,-3.201329975,-1.691769423,-1.844158943,101.2
55.617,-3.295651416,-1.72472597,-1.831781928,101
55.629,-3.386958015,-1.757682517,-1.737970436,101
55.642,-3.476111157,-1.790639065,-1.767482802,100.9
55.655,-3.560957384,-1.824816225,-1.673671309,100.9
55.668,-3.641927388,-1.824816225,-1.637970436,100.9
55.68,-3.719451859,-1.857772772,-1.537970436,100.8
55.693,-3.789223883,-1.923685866,-1.573671309,100.8
55.706,-3.854258301,-1.989598961,-1.637970436,100.9
55.718,-3.910248197,-2.023776121,-1.537970436,100.8
55.731,-3.959347029,-2.056732668,-1.637970436,100.9
55.744,-3.999401339,-2.122645762,-1.596081055,100.8
55.757,-4.033856659,-2.122645762,-1.602269562,100.9
55.769,-4.058836767,-2.122645762,-1.696081055,100.9
55.782,-4.077356502,-2.122645762,-1.702269562,101
55.795,-4.088123789,-2.089689215,-1.796081055,101
55.807,-4.092430704,-1.989598961,-1.802269562,101.1
55.82,-4.09415347,-1.890729319,-1.872280473,101.1
55.833,-4.094584162,-1.72472597,-1.87846898,101.2
55.845,-4.092000013,-1.525766074,-1.872280473,101.1
55.858,-4.087262406,-1.326806178,-1.984657487,101.4
55.871,-4.081232725,-1.193759376,-2.072280473,101.3
55.884,-4.072188204,-1.094889735,-2.184657487,101.6
55.896,-4.063574373,-1.027756028,-2.272280473,101.5
55.909,-4.052807086,-0.961842933,-2.27846898,101.6
55.922,-4.04247049,-0.895929839,-2.3365796,101.6
55.934,-4.029119053,-0.828796131,-2.342768107,101.7
55.947,-4.015336925,-0.762883037,-2.4365796,101.7
55.96,-3.998970647,-0.696969943,-2.442768107,101.8
55.972,-3.982173679,-0.662792783,-2.542768107,101.9
55.985,-3.965807401,-0.596879688,-2.542768107,101.9
55.998,-3.947287666,-0.563923141,-2.542768107,101.9
56.011,-3.928767932,-0.498010047,-2.607067233,102
56.023,-3.907664048,-0.430876339,-2.607067233,102
56.036,-3.886990855,-0.397919792,-2.607067233,102
56.049,-3.863302822,-0.332006698,-2.67136636,102.1
56.061,-3.83961479,-0.26487299,-2.67136636,102.1
56.074,-3.812481225,-0.198959896,-2.67136636,102.1
56.087,-3.783624894,-0.166003349,-2.77136636,102.2
56.1,-3.752184413,-0.100090254,-2.747565778,102.2
56.112,-3.720743933,-0.032956547,-2.847565778,102.3
56.125,-3.686288613,0,-2.841377271,102.2
56.138,-3.649249143,0.032956547,-2.911864905,102.4
56.15,-3.610486908,0.100090254,-2.905676397,102.3
56.163,-3.568709831,0.133046802,-3.011864905,102.5
56.176,-3.526502064,0.166003349,-3.005676397,102.4
56.188,-3.479556689,0.198959896,-3.076164031,102.6
56.201,-3.432611315,0.198959896,-3.076164031,102.6
56.214,-3.383081792,0.198959896,-3.176164031,102.7
56.227,-3.333552268,0.231916443,-3.140463158,102.7
56.239,-3.28273067,0.231916443,-3.240463158,102.8
56.252,-3.232339764,0.231916443,-3.240463158,102.8
56.265,-3.181518166,0.26487299,-3.334274651,102.8
56.277,-3.129835185,0.26487299,-3.316662576,102.9
56.29,-3.080305662,0.231916443,-3.310474068,102.8
56.303,-3.030776138,0.26487299,-3.416662576,103
56.315,-2.983400073,0.26487299,-3.410474068,102.9
56.328,-2.935593315,0.26487299,-3.416662576,103
56.341,-2.891662781,0.26487299,-3.474773195,103
56.354,-2.847301556,0.299050151,-3.480961702,103.1
56.366,-2.806385863,0.299050151,-3.480961702,103.1
56.379,-2.766762244,0.299050151,-3.480961702,103.1
56.392,-2.730153466,0.299050151,-3.545260829,103.2
56.404,-2.696559529,0.299050151,-3.545260829,103.2
56.417,-2.665980432,0.299050151,-3.545260829,103.2
56.43,-2.637554792,0.299050151,-3.545260829,103.2
56.443,-2.612574685,0.26487299,-3.545260829,103.2
56.455,-2.592332184,0.26487299,-3.545260829,103.2
56.468,-2.573812449,0.26487299,-3.545260829,103.2
56.481,-2.559168938,0.231916443,-3.521460247,103.2
56.493,-2.545386809,0.231916443,-3.521460247,103.2
56.506,-2.535480905,0.231916443,-3.521460247,103.2
56.519,-2.527297766,0.198959896,-3.545260829,103.2
56.531,-2.522129468,0.198959896,-3.545260829,103.2
56.544,-2.518683936,0.198959896,-3.539072322,103.1
56.557,-2.516099787,0.198959896,-3.545260829,103.2
56.57,-2.515669095,0.166003349,-3.439072322,103
56.582,-2.516099787,0.100090254,-3.427648754,103.2
56.595,-2.517391861,0.032956547,-3.41527174,103
56.608,-2.519545319,-0.032956547,-3.445260829,103.1
56.62,-2.523421543,-0.100090254,-3.439072322,103
56.633,-2.526867075,-0.198959896,-3.380961702,103
56.646,-2.532035373,-0.26487299,-3.339072322,102.9
56.658,-2.537203671,-0.299050151,-3.345260829,103
56.671,-2.544094735,-0.332006698,-3.374773195,102.9
56.684,-2.549263033,-0.364963245,-3.280961702,102.9
56.697,-2.555292714,-0.397919792,-3.280961702,102.9
56.709,-2.561753087,-0.397919792,-3.280961702,102.9
56.722,-2.569505534,-0.430876339,-3.316662576,102.9
56.735,-2.576827289,-0.463832887,-3.280961702,102.9
56.747,-2.585010428,-0.463832887,-3.216662576,102.8
56.76,-2.593624258,-0.498010047,-3.216662576,102.8
56.773,-2.600946014,-0.498010047,-3.216662576,102.8
56.786,-2.607837078,-0.498010047,-3.216662576,102.8
56.798,-2.613866759,-0.498010047,-3.216662576,102.8
56.811,-2.618604366,-0.530966594,-3.116662576,102.7
56.824,-2.622480589,-0.530966594,-3.116662576,102.7
56.836,-2.625064738,-0.530966594,-3.116662576,102.7
56.849,-2.627218196,-0.530966594,-3.110474068,102.6
56.862,-2.627648887,-0.498010047,-3.116662576,102.7
56.874,-2.62851027,-0.498010047,-3.140463158,102.7
56.887,-2.627648887,-0.463832887,-3.146651665,102.8
56.9,-2.626356813,-0.397919792,-3.110474068,102.6
56.913,-2.624634047,-0.332006698,-3.116662576,102.7
56.925,-2.622049898,-0.26487299,-3.110474068,102.6
56.938,-2.617742983,-0.198959896,-3.116662576,102.7
56.951,-2.613436068,-0.133046802,-3.110474068,102.6
56.963,-2.606545003,-0.100090254,-3.116662576,102.7
56.976,-2.600084631,-0.032956547,-3.216662576,102.8
56.989,-2.593624258,0,-3.216662576,102.8
57.001,-2.586302503,0,-3.216662576,102.8
57.014,-2.577688672,0.032956547,-3.210474068,102.7
57.027,-2.569505534,0.065913094,-3.216662576,102.8
57.04,-2.560461012,0.100090254,-3.210474068,102.7
57.052,-2.550555108,0.133046802,-3.316662576,102.9
57.065,-2.541079894,0.133046802,-3.274773195,102.8
57.078,-2.530743298,0.166003349,-3.280961702,102.9
57.09,-2.51997601,0.166003349,-3.280961702,102.9
57.103,-2.50834734,0.198959896,-3.280961702,102.9
57.116,-2.494995903,0.231916443,-3.380961702,103
57.129,-2.478629626,0.26487299,-3.380961702,103
57.141,-2.461401965,0.26487299,-3.380961702,103
57.154,-2.442020848,0.299050151,-3.345260829,103
57.167,-2.422209038,0.299050151,-3.480961702,103.1
57.179,-2.401966537,0.332006698,-3.445260829,103.1
57.192,-2.381293345,0.332006698,-3.445260829,103.1
57.205,-2.361050844,0.332006698,-3.439072322,103
57.217,-2.339085577,0.332006698,-3.445260829,103.1
57.23,-2.316689619,0.332006698,-3.539072322,103.1
57.243,-2.293432278,0.364963245,-3.545260829,103.2
57.256,-2.269744245,0.364963245,-3.545260829,103.2
57.268,-2.244764137,0.364963245,-3.521460247,103.2
57.281,-2.219353338,0.397919792,-3.621460247,103.3
57.294,-2.193942539,0.397919792,-3.621460247,103.3
57.306,-2.167239666,0.397919792,-3.621460247,103.3
57.319,-2.140106101,0.397919792,-3.61527174,103.2
57.332,-2.112541844,0.397919792,-3.685759373,103.4
57.344,-2.085408279,0.397919792,-3.679570866,103.3
57.357,-2.056121257,0.397919792,-3.685759373,103.4
57.37,-2.027695617,0.430876339,-3.679570866,103.3
57.383,-1.998839286,0.430876339,-3.685759373,103.4
57.395,-1.969121572,0.430876339,-3.779570866,103.4
57.408,-1.93983455,0.430876339,-3.7500585,103.5
57.421,-1.910978219,0.397919792,-3.743869993,103.4
57.433,-1.881691196,0.397919792,-3.7500585,103.5
57.446,-1.853265557,0.430876339,-3.7500585,103.5
57.459,-1.824409226,0.430876339,-3.8500585,103.6
57.472,-1.796844969,0.430876339,-3.8500585,103.6
57.484,-1.769711404,0.430876339,-3.814357627,103.6
57.497,-1.742577839,0.397919792,-3.8500585,103.6
57.51,-1.71716704,0.397919792,-3.814357627,103.6
57.522,-1.693048316,0.397919792,-3.814357627,103.6
57.535,-1.669790975,0.397919792,-3.814357627,103.6
57.548,-1.647395016,0.397919792,-3.914357627,103.7
57.56,-1.626721824,0.397919792,-3.914357627,103.7
57.573,-1.606910015,0.397919792,-3.914357627,103.7
57.586,-1.589251663,0.397919792,-3.890557045,103.7
57.599,-1.572454694,0.397919792,-3.90816912,103.6
57.611,-1.559533949,0.364963245,-3.914357627,103.7
57.624,-1.54833597,0.364963245,-3.90816912,103.6
57.637,-1.539722139,0.364963245,-3.914357627,103.7
57.649,-1.532831075,0.364963245,-3.90816912,103.6
57.662,-1.52852416,0.332006698,-3.914357627,103.7
57.675,-1.526370703,0.332006698,-3.80816912,103.5
57.687,-1.524647937,0.332006698,-3.814357627,103.6
57.7,-1.523786554,0.299050151,-3.80816912,103.5
57.713,-1.523786554,0.26487299,-3.814357627,103.6
57.726,-1.525078628,0.231916443,-3.80816912,103.5
57.738,-1.525940011,0.198959896,-3.814357627,103.6
57.751,-1.526370703,0.133046802,-3.80816912,103.5
57.764,-1.527662777,0.133046802,-3.814357627,103.6
57.776,-1.52852416,0.100090254,-3.814357627,103.6
57.789,-1.528954852,0.100090254,-3.814357627,103.6
57.802,-1.529816235,0.100090254,-3.714357627,103.5
57.815,-1.529816235,0.100090254,-3.743869993,103.4
57.827,-1.529816235,0.100090254,-3.7500585,103.5
57.84,-1.529816235,0.100090254,-3.7500585,103.5
57.853,-1.529816235,0.065913094,-3.7500585,103.5
57.865,-1.530246926,0.065913094,-3.7500585,103.5
57.878,-1.530246926,0.065913094,-3.7500585,103.5
57.891,-1.531108309,0.032956547,-3.7500585,103.5
57.903,-1.531539001,0.032956547,-3.743869993,103.4
57.916,-1.532400384,0,-3.714357627,103.5
57.929,-1.532831075,0,-3.743869993,103.4
57.942,-1.532831075,0,-3.7500585,103.5
57.954,-1.534553841,0,-3.743869993,103.4
57.967,-1.534984533,-0.032956547,-3.7500585,103.5
57.98,-1.535845916,-0.065913094,-3.743869993,103.4
57.992,-1.53713799,-0.065913094,-3.7500585,103.5
58.005,-1.538860756,-0.100090254,-3.743869993,103.4
58.018,-1.541444905,-0.133046802,-3.7500585,103.5
58.03,-1.54575182,-0.166003349,-3.643869993,103.3
58.043,-1.549628044,-0.198959896,-3.6500585,103.4
58.056,-1.555657725,-0.198959896,-3.6500585,103.4
58.069,-1.562118098,-0.231916443,-3.6500585,103.4
58.081,-1.569439853,-0.26487299,-3.6500585,103.4
58.094,-1.577192301,-0.299050151,-3.643869993,103.3
58.107,-1.585806131,-0.299050151,-3.685759373,103.4
58.119,-1.595281344,-0.332006698,-3.579570866,103.2
58.132,-1.603895174,-0.364963245,-3.585759373,103.3
58.145,-1.613801079,-0.364963245,-3.579570866,103.2
58.158,-1.622414909,-0.397919792,-3.585759373,103.3
58.17,-1.63145943,-0.397919792,-3.585759373,103.3
58.183,-1.640073261,-0.430876339,-3.485759373,103.2
58.196,-1.648687091,-0.463832887,-3.521460247,103.2
58.208,-1.656439538,-0.463832887,-3.521460247,103.2
58.221,-1.664622677,-0.463832887,-3.521460247,103.2
58.234,-1.671944432,-0.498010047,-3.485759373,103.2
58.246,-1.677543422,-0.498010047,-3.521460247,103.2
58.259,-1.683142411,-0.498010047,-3.521460247,103.2
58.272,-1.687018635,-0.498010047,-3.521460247,103.2
58.285,-1.690464167,-0.498010047,-3.521460247,103.2
58.297,-1.692186933,-0.498010047,-3.421460247,103.1
58.31,-1.694340391,-0.498010047,-3.421460247,103.1
58.323,-1.694340391,-0.463832887,-3.41527174,103
58.335,-1.694340391,-0.463832887,-3.421460247,103.1
58.348,-1.693048316,-0.430876339,-3.421460247,103.1
58.361,-1.692186933,-0.397919792,-3.421460247,103.1
58.373,-1.690894859,-0.332006698,-3.41527174,103
58.386,-1.688310709,-0.299050151,-3.421460247,103.1
58.399,-1.686157252,-0.26487299,-3.41527174,103
58.412,-1.684434486,-0.231916443,-3.421460247,103.1
58.424,-1.682281028,-0.198959896,-3.41527174,103
58.437,-1.680558262,-0.133046802,-3.427648754,103.2
58.45,-1.678835496,-0.133046802,-3.41527174,103
58.462,-1.677543422,-0.133046802,-3.427648754,103.2
58.475,-1.677543422,-0.133046802,-3.41527174,103
58.488,-1.677543422,-0.166003349,-3.421460247,103.1
58.501,-1.678404805,-0.166003349,-3.41527174,103
58.513,-1.678835496,-0.198959896,-3.445260829,103.1
58.526,-1.680558262,-0.231916443,-3.41527174,103
58.539,-1.681850337,-0.26487299,-3.421460247,103.1
58.551,-1.683142411,-0.299050151,-3.445260829,103.1
58.564,-1.684434486,-0.332006698,-3.445260829,103.1
58.577,-1.684865177,-0.332006698,-3.445260829,103.1
58.589,-1.686157252,-0.364963245,-3.445260829,103.1
58.602,-1.687449326,-0.364963245,-3.439072322,103
58.615,-1.688310709,-0.364963245,-3.445260829,103.1
58.628,-1.688741401,-0.397919792,-3.439072322,103
58.64,-1.689602784,-0.397919792,-3.445260829,103.1
58.653,-1.690894859,-0.430876339,-3.439072322,103
58.666,-1.692186933,-0.463832887,-3.445260829,103.1
58.678,-1.693479008,-0.463832887,-3.439072322,103
58.691,-1.694771082,-0.498010047,-3.451449336,103.2
58.704,-1.696063157,-0.498010047,-3.439072322,103
58.716,-1.697355231,-0.498010047,-3.445260829,103.1
58.729,-1.700370072,-0.530966594,-3.339072322,102.9
58.742,-1.702954221,-0.530966594,-3.351449336,103.1
58.755,-1.705969061,-0.530966594,-3.339072322,102.9
58.767,-1.710275976,-0.530966594,-3.351449336,103.1
58.78,-1.713290817,-0.563923141,-3.339072322,102.9
58.793,-1.71716704,-0.563923141,-3.345260829,103
58.805,-1.721473956,-0.563923141,-3.339072322,102.9
58.818,-1.724058105,-0.563923141,-3.345260829,103
58.831,-1.727934328,-0.563923141,-3.339072322,102.9
58.844,-1.73137986,-0.563923141,-3.345260829,103
58.856,-1.734394701,-0.563923141,-3.345260829,103
58.869,-1.737840233,-0.596879688,-3.380961702,103
58.882,-1.741716456,-0.596879688,-3.345260829,103
58.894,-1.74559268,-0.596879688,-3.345260829,103
58.907,-1.749038212,-0.596879688,-3.374773195,102.9
58.92,-1.752914436,-0.596879688,-3.380961702,103
58.932,-1.755067893,-0.596879688,-3.374773195,102.9
58.945,-1.758513425,-0.596879688,-3.380961702,103
58.958,-1.760236191,-0.629836235,-3.374773195,102.9
58.971,-1.76282034,-0.629836235,-3.280961702,102.9
58.983,-1.764973798,-0.629836235,-3.274773195,102.8
58.996,-1.767127255,-0.629836235,-3.280961702,102.9
59.009,-1.768850021,-0.629836235,-3.274773195,102.8
59.021,-1.770142096,-0.629836235,-3.280961702,102.9
59.034,-1.772295553,-0.629836235,-3.274773195,102.8
59.047,-1.772726245,-0.629836235,-3.280961702,102.9
59.059,-1.774879702,-0.629836235,-3.274773195,102.8
59.072,-1.776171777,-0.629836235,-3.280961702,102.9
59.085,-1.778325235,-0.629836235,-3.274773195,102.8
59.098,-1.780048001,-0.629836235,-3.280961702,102.9
59.11,-1.783493533,-0.662792783,-3.274773195,102.8
59.123,-1.786077682,-0.662792783,-3.280961702,102.9
59.136,-1.789953905,-0.662792783,-3.280961702,102.9
59.148,-1.793830129,-0.662792783,-3.280961702,102.9
59.161,-1.798137044,-0.662792783,-3.280961702,102.9
59.174,-1.803305342,-0.696969943,-3.274773195,102.8
59.187,-1.808042949,-0.696969943,-3.280961702,102.9
59.199,-1.813211247,-0.696969943,-3.274773195,102.8
59.212,-1.817948853,-0.696969943,-3.280961702,102.9
59.225,-1.823547843,-0.696969943,-3.280961702,102.9
59.237,-1.829146832,-0.72992649,-3.180961702,102.8
59.25,-1.833453748,-0.72992649,-3.180961702,102.8
59.263,-1.837760663,-0.72992649,-3.216662576,102.8
59.275,-1.840775503,-0.72992649,-3.180961702,102.8
59.288,-1.842928961,-0.696969943,-3.174773195,102.7
59.301,-1.842928961,-0.662792783,-3.216662576,102.8
59.314,-1.842067578,-0.629836235,-3.174773195,102.7
59.326,-1.840344812,-0.563923141,-3.180961702,102.8
59.339,-1.837760663,-0.498010047,-3.210474068,102.7
59.352,-1.834315131,-0.430876339,-3.216662576,102.8
59.364,-1.829577524,-0.364963245,-3.180961702,102.8
59.377,-1.824409226,-0.299050151,-3.180961702,102.8
59.39,-1.818379545,-0.26487299,-3.280961702,102.9
59.402,-1.811057789,-0.231916443,-3.310474068,102.8
59.415,-1.803736033,-0.198959896,-3.316662576,102.9
59.428,-1.795983586,-0.166003349,-3.280961702,102.9
59.441,-1.786939065,-0.133046802,-3.280961702,102.9
59.453,-1.777463852,-0.100090254,-3.274773195,102.8
59.466,-1.765404489,-0.065913094,-3.280961702,102.9
59.479,-1.751622361,-0.032956547,-3.274773195,102.8
59.491,-1.734394701,0.032956547,-3.380961702,103
59.504,-1.715874966,0.065913094,-3.374773195,102.9
59.517,-1.694771082,0.133046802,-3.380961702,103
59.53,-1.670652358,0.166003349,-3.339072322,102.9
59.542,-1.642226718,0.231916443,-3.445260829,103.1
59.555,-1.610355547,0.299050151,-3.439072322,103
59.568,-1.572454694,0.397919792,-3.521460247,103.2
59.58,-1.52852416,0.498010047,-3.521460247,103.2
59.593,-1.472103573,0.563923141,-3.585759373,103.3
59.606,-1.405346389,0.629836235,-3.685759373,103.4
59.618,-1.332990216,0.662792783,-3.7500585,103.5
59.631,-1.258911276,0.696969943,-3.8500585,103.6
59.644,-1.181386805,0.696969943,-3.814357627,103.6
59.657,-1.100416802,0.72992649,-3.914357627,103.7
59.669,-1.015139883,0.72992649,-3.990557045,103.8
59.682,-0.927278816,0.696969943,-3.984368537,103.7
59.695,-0.835110833,0.696969943,-4.054856171,103.9
59.707,-0.740789393,0.696969943,-4.048667664,103.8
59.72,-0.643022421,0.72992649,-4.154856171,104
59.733,-0.542671299,0.762883037,-4.112966791,103.9
59.745,-0.441028104,0.828796131,-4.125343805,104.1
59.758,-0.338523525,0.895929839,-4.212966791,104
59.771,-0.236880329,0.928886386,-4.225343805,104.2
59.784,-0.134806442,0.99479948,-4.212966791,104
59.796,-0.035316704,1.027756028,-4.219155298,104.1
59.809,0.062019577,1.061933188,-4.189166208,104
59.822,0.156341017,1.094889735,-4.295354716,104.2
59.834,0.246355542,1.094889735,-4.289166208,104.1
59.847,0.332924535,1.127846282,-4.295354716,104.2
59.86,0.416047996,1.127846282,-4.289166208,104.1
59.872,0.494864542,1.127846282,-4.295354716,104.2
59.885,0.569374173,1.160802829,-4.253465335,104.1
59.898,0.638715506,1.193759376,-4.259653842,104.2
59.911,0.703319232,1.193759376,-4.253465335,104.1
59.923,0.76275466,1.193759376,-4.359653842,104.3
59.936,0.815729715,1.193759376,-4.359653842,104.3
59.949,0.863536473,1.193759376,-4.359653842,104.3
59.961,0.903590783,1.193759376,-4.359653842,104.3
59.974,0.938907486,1.193759376,-4.359653842,104.3
59.987,0.967333126,1.193759376,-4.353465335,104.2
60,0.988867701,1.160802829,-4.359653842,104.3
60.012,1.003941904,1.160802829,-4.353465335,104.2
60.025,1.013417117,1.127846282,-4.259653842,104.2
60.038,1.017293341,1.094889735,-4.253465335,104.1
60.05,1.017293341,1.027756028,-4.259653842,104.2
60.063,1.015139883,0.928886386,-4.253465335,104.1
60.076,1.01126366,0.795839584,-4.26584235,104.3
60.088,1.004803287,0.662792783,-4.253465335,104.1
60.101,0.996189457,0.563923141,-4.295354716,104.2
60.114,0.985422169,0.530966594,-4.289166208,104.1
60.127,0.973793498,0.463832887,-4.295354716,104.2
60.139,0.960442062,0.430876339,-4.289166208,104.1
60.152,0.945798551,0.397919792,-4.295354716,104.2
60.165,0.929001582,0.332006698,-4.189166208,104
60.177,0.910481847,0.299050151,-4.195354716,104.1
60.19,0.890670038,0.26487299,-4.189166208,104
60.203,0.869135462,0.198959896,-4.219155298,104.1
60.215,0.847600887,0.133046802,-4.219155298,104.1
60.228,0.82563562,0.100090254,-4.219155298,104.1
60.241,0.803239662,0.065913094,-4.119155298,104
60.254,0.77998232,0,-4.119155298,104
60.266,0.75715567,-0.032956547,-4.154856171,104
60.279,0.735190403,-0.100090254,-4.154856171,104
60.292,0.713225136,-0.133046802,-4.154856171,104
60.304,0.692982636,-0.166003349,-4.154856171,104
60.317,0.674462901,-0.166003349,-4.054856171,103.9
60.33,0.658527315,-0.198959896,-4.054856171,103.9
60.343,0.644745187,-0.198959896,-4.054856171,103.9
60.355,0.632685825,-0.231916443,-4.054856171,103.9
60.368,0.623641303,-0.231916443,-4.048667664,103.8
60.381,0.616319547,-0.231916443,-4.054856171,103.9
60.393,0.611581941,-0.231916443,-3.948667664,103.7
60.406,0.6085671,-0.231916443,-3.954856171,103.8
60.419,0.606844334,-0.198959896,-3.948667664,103.7
60.431,0.606413643,-0.166003349,-3.954856171,103.8
60.444,0.606413643,-0.166003349,-3.954856171,103.8
60.457,0.607705717,-0.133046802,-3.954856171,103.8
60.47,0.608997792,-0.100090254,-3.954856171,103.8
60.482,0.611151249,-0.032956547,-3.954856171,103.8
60.495,0.612874015,0.032956547,-3.954856171,103.8
60.508,0.616319547,0.100090254,-3.948667664,103.7
60.52,0.618903696,0.133046802,-3.954856171,103.8
60.533,0.622349228,0.166003349,-3.984368537,103.7
60.546,0.624071994,0.198959896,-3.990557045,103.8
60.559,0.626656143,0.231916443,-3.890557045,103.7
60.571,0.627517526,0.231916443,-3.890557045,103.7
60.584,0.628378909,0.198959896,-3.848667664,103.6
60.597,0.628378909,0.198959896,-3.854856171,103.7
60.609,0.628378909,0.166003349,-3.848667664,103.6
60.622,0.626656143,0.133046802,-3.890557045,103.7
60.635,0.625364069,0.100090254,-3.890557045,103.7
60.647,0.62277992,0.032956547,-3.890557045,103.7
60.66,0.619765079,-0.032956547,-3.890557045,103.7
60.673,0.615458164,-0.100090254,-3.890557045,103.7
60.686,0.610289866,-0.166003349,-3.890557045,103.7
60.698,0.604260185,-0.198959896,-3.884368537,103.6
60.711,0.596938429,-0.231916443,-3.890557045,103.7
60.724,0.589185982,-0.231916443,-3.890557045,103.7
60.736,0.580572152,-0.26487299,-3.890557045,103.7
60.749,0.570666247,-0.26487299,-3.890557045,103.7
60.762,0.560329651,-0.299050151,-3.890557045,103.7
60.774,0.547408906,-0.332006698,-3.890557045,103.7
60.787,0.534488161,-0.332006698,-3.884368537,103.6
60.8,0.520275341,-0.364963245,-3.890557045,103.7
60.813,0.506062521,-0.364963245,-3.884368537,103.6
60.825,0.490126936,-0.397919792,-3.890557045,103.7
60.838,0.472899275,-0.397919792,-3.884368537,103.6
60.851,0.455240923,-0.430876339,-3.896745552,103.8
60.863,0.435429114,-0.430876339,-3.884368537,103.6
60.876,0.415617305,-0.463832887,-3.890557045,103.7
60.889,0.394082729,-0.498010047,-3.884368537,103.6
60.902,0.372978846,-0.498010047,-3.890557045,103.7
60.914,0.350582887,-0.530966594,-3.890557045,103.7
60.927,0.328186929,-0.530966594,-3.890557045,103.7
60.94,0.304498896,-0.563923141,-3.914357627,103.7
60.952,0.280810863,-0.563923141,-3.914357627,103.7
60.965,0.257553521,-0.563923141,-3.914357627,103.7
60.978,0.233865489,-0.563923141,-3.914357627,103.7
60.99,0.210608147,-0.563923141,-3.914357627,103.7
61.003,0.188212189,-0.563923141,-3.790557045,103.6
61.016,0.166246922,-0.563923141,-3.814357627,103.6
61.029,0.145143038,-0.563923141,-3.814357627,103.6
61.041,0.124900537,-0.563923141,-3.814357627,103.6
61.054,0.105519419,-0.596879688,-3.814357627,103.6
61.067,0.086999685,-0.596879688,-3.814357627,103.6
61.079,0.071064099,-0.563923141,-3.814357627,103.6
61.092,0.056851279,-0.563923141,-3.80816912,103.5
61.105,0.045222608,-0.563923141,-3.814357627,103.6
61.117,0.03703947,-0.530966594,-3.80816912,103.5
61.13,0.030148406,-0.530966594,-3.814357627,103.6
61.143,0.026272182,-0.530966594,-3.70816912,103.4
61.156,0.024980107,-0.498010047,-3.714357627,103.5
61.168,0.024980107,-0.463832887,-3.70816912,103.4
61.181,0.026272182,-0.397919792,-3.714357627,103.5
61.194,0.029717714,-0.332006698,-3.70816912,103.4
61.206,0.033593938,-0.231916443,-3.714357627,103.5
61.219,0.038762236,-0.166003349,-3.714357627,103.5
61.232,0.044791917,-0.100090254,-3.714357627,103.5
61.244,0.049960215,-0.065913094,-3.7500585,103.5
61.257,0.056851279,-0.065913094,-3.7500585,103.5
61.27,0.062450269,-0.032956547,-3.7500585,103.5
61.283,0.06847995,0,-3.70816912,103.4
61.295,0.073648248,0.032956547,-3.714357627,103.5
61.308,0.078385854,0.032956547,-3.70816912,103.4
61.321,0.083123461,0.032956547,-3.7500585,103.5
61.333,0.086999685,0.032956547,-3.7500585,103.5
61.346,0.089583834,0.032956547,-3.7500585,103.5
61.359,0.091737291,0.032956547,-3.7500585,103.5
61.372,0.092167983,0.032956547,-3.7500585,103.5
61.384,0.093029366,0.032956547,-3.7500585,103.5
61.397,0.093029366,0,-3.7500585,103.5
61.41,0.091737291,-0.032956547,-3.7500585,103.5
61.422,0.090445217,-0.100090254,-3.643869993,103.3
61.435,0.087861068,-0.133046802,-3.6500585,103.4
61.448,0.085276918,-0.198959896,-3.643869993,103.3
61.46,0.080970003,-0.26487299,-3.6500585,103.4
61.473,0.076663088,-0.332006698,-3.643869993,103.3
61.486,0.071064099,-0.364963245,-3.6500585,103.4
61.499,0.065034418,-0.397919792,-3.643869993,103.3
61.511,0.059435428,-0.430876339,-3.6500585,103.4
61.524,0.052113672,-0.430876339,-3.6500585,103.4
61.537,0.044791917,-0.463832887,-3.6500585,103.4
61.549,0.038331544,-0.463832887,-3.6500585,103.4
61.562,0.029717714,-0.498010047,-3.643869993,103.3
61.575,0.020242501,-0.498010047,-3.6500585,103.4
61.587,0.009044522,-0.530966594,-3.643869993,103.3
61.6,-0.003445532,-0.563923141,-3.6500585,103.4
61.613,-0.018519735,-0.563923141,-3.643869993,103.3
61.626,-0.035316704,-0.596879688,-3.6500585,103.4
61.638,-0.052544364,-0.596879688,-3.643869993,103.3
61.651,-0.070202716,-0.596879688,-3.6500585,103.4
61.664,-0.087861068,-0.596879688,-3.643869993,103.3
61.676,-0.106380802,-0.629836235,-3.685759373,103.4
61.689,-0.124900537,-0.629836235,-3.685759373,103.4
61.702,-0.144281655,-0.629836235,-3.685759373,103.4
61.715,-0.164093464,-0.662792783,-3.685759373,103.4
61.727,-0.183905274,-0.662792783,-3.685759373,103.4
61.74,-0.203717083,-0.662792783,-3.685759373,103.4
61.753,-0.223528892,-0.696969943,-3.685759373,103.4
61.765,-0.243340702,-0.696969943,-3.685759373,103.4
61.778,-0.263152511,-0.696969943,-3.679570866,103.3
61.791,-0.282102937,-0.72992649,-3.685759373,103.4
61.803,-0.300622672,-0.72992649,-3.685759373,103.4
61.816,-0.317850333,-0.72992649,-3.5500585,103.3
61.829,-0.334647301,-0.72992649,-3.585759373,103.3
61.842,-0.349721504,-0.72992649,-3.585759373,103.3
61.854,-0.363503632,-0.72992649,-3.585759373,103.3
61.867,-0.375562995,-0.72992649,-3.579570866,103.2
61.88,-0.384176825,-0.72992649,-3.585759373,103.3
61.892,-0.390637197,-0.72992649,-3.579570866,103.2
61.905,-0.394513421,-0.72992649,-3.585759373,103.3
61.918,-0.395805495,-0.696969943,-3.579570866,103.2
61.93,-0.395374804,-0.629836235,-3.585759373,103.3
61.943,-0.393221346,-0.563923141,-3.579570866,103.2
61.956,-0.390637197,-0.463832887,-3.585759373,103.3
61.969,-0.386760974,-0.397919792,-3.61527174,103.2
61.981,-0.381592676,-0.299050151,-3.621460247,103.3
61.994,-0.374701612,-0.26487299,-3.61527174,103.2
62.007,-0.367379856,-0.231916443,-3.621460247,103.3
62.019,-0.3600581,-0.198959896,-3.585759373,103.3
62.032,-0.351874962,-0.166003349,-3.585759373,103.3
62.045,-0.343261131,-0.133046802,-3.585759373,103.3
62.058,-0.334647301,-0.100090254,-3.585759373,103.3
62.07,-0.325172088,-0.100090254,-3.585759373,103.3
62.083,-0.315266184,-0.065913094,-3.585759373,103.3
62.096,-0.306221662,-0.032956547,-3.621460247,103.3
62.108,-0.296315757,0,-3.621460247,103.3
62.121,-0.286409852,0,-3.621460247,103.3
62.134,-0.277796022,0.032956547,-3.621460247,103.3
62.146,-0.268320809,0.065913094,-3.61527174,103.2
62.159,-0.259706979,0.065913094,-3.621460247,103.3
62.172,-0.251954532,0.065913094,-3.61527174,103.2
62.185,-0.244632776,0.100090254,-3.521460247,103.2
62.197,-0.238603095,0.100090254,-3.51527174,103.1
62.21,-0.233434797,0.100090254,-3.521460247,103.2
62.223,-0.230850648,0.100090254,-3.51527174,103.1
62.235,-0.22869719,0.100090254,-3.521460247,103.2
62.248,-0.229558574,0.065913094,-3.51527174,103.1
62.261,-0.229989265,0,-3.521460247,103.2
62.273,-0.232573414,-0.065913094,-3.521460247,103.2
62.286,-0.236880329,-0.133046802,-3.521460247,103.2
62.299,-0.242048627,-0.231916443,-3.521460247,103.2
62.312,-0.248078308,-0.299050151,-3.521460247,103.2
62.324,-0.255400064,-0.332006698,-3.521460247,103.2
62.337,-0.263152511,-0.364963245,-3.51527174,103.1
62.35,-0.271766341,-0.397919792,-3.521460247,103.2
62.362,-0.279518788,-0.430876339,-3.51527174,103.1
62.375,-0.288132619,-0.430876339,-3.521460247,103.2
62.388,-0.297607832,-0.463832887,-3.51527174,103.1
62.401,-0.306652353,-0.463832887,-3.521460247,103.2
62.413,-0.316127567,-0.530966594,-3.521460247,103.2
62.426,-0.325172088,-0.530966594,-3.421460247,103.1
62.439,-0.334647301,-0.563923141,-3.421460247,103.1
62.451,-0.343691823,-0.596879688,-3.421460247,103.1
62.464,-0.353167036,-0.596879688,-3.445260829,103.1
62.477,-0.362211558,-0.629836235,-3.439072322,103
62.489,-0.371686771,-0.662792783,-3.421460247,103.1
62.502,-0.37986991,-0.662792783,-3.439072322,103
62.515,-0.38848374,-0.696969943,-3.421460247,103.1
62.528,-0.396666878,-0.696969943,-3.41527174,103
62.54,-0.404419326,-0.696969943,-3.421460247,103.1
62.553,-0.41131039,-0.696969943,-3.439072322,103
62.566,-0.416478688,-0.696969943,-3.439072322,103
62.578,-0.420354911,-0.696969943,-3.445260829,103.1
62.591,-0.421646986,-0.662792783,-3.439072322,103
62.604,-0.422508369,-0.629836235,-3.445260829,103.1
62.616,-0.420354911,-0.563923141,-3.439072322,103
62.629,-0.417770762,-0.498010047,-3.445260829,103.1
62.642,-0.413033156,-0.397919792,-3.41527174,103
62.655,-0.407864858,-0.299050151,-3.445260829,103.1
62.667,-0.401835177,-0.231916443,-3.439072322,103
62.68,-0.394513421,-0.198959896,-3.445260829,103.1
62.693,-0.387191665,-0.166003349,-3.439072322,103
62.705,-0.379439218,-0.133046802,-3.445260829,103.1
62.718,-0.371686771,-0.133046802,-3.439072322,103
62.731,-0.363072941,-0.100090254,-3.445260829,103.1
62.744,-0.354459111,-0.065913094,-3.439072322,103
62.756,-0.344983898,-0.032956547,-3.421460247,103.1
62.769,-0.335939376,0,-3.445260829,103.1
62.782,-0.326033471,0,-3.445260829,103.1
62.794,-0.316127567,0.032956547,-3.445260829,103.1
62.807,-0.305360279,0.065913094,-3.445260829,103.1
62.82,-0.295023683,0.100090254,-3.445260829,103.1
62.832,-0.283825703,0.100090254,-3.445260829,103.1
62.845,-0.272197033,0.133046802,-3.439072322,103
62.858,-0.260568362,0.166003349,-3.421460247,103.1
62.871,-0.248509,0.198959896,-3.439072322,103
62.883,-0.237311021,0.198959896,-3.445260829,103.1
62.896,-0.224820967,0.231916443,-3.439072322,103
62.909,-0.212330913,0.26487299,-3.445260829,103.1
62.921,-0.198979476,0.26487299,-3.439072322,103
62.934,-0.186489423,0.299050151,-3.451449336,103.2
62.947,-0.172707295,0.332006698,-3.539072322,103.1
62.959,-0.159355858,0.332006698,-3.521460247,103.2
62.972,-0.146004421,0.364963245,-3.51527174,103.1
62.985,-0.133083676,0.364963245,-3.527648754,103.3
62.998,-0.119732239,0.397919792,-3.51527174,103.1
63.01,-0.105950111,0.397919792,-3.527648754,103.3
63.023,-0.092598674,0.397919792,-3.51527174,103.1
63.036,-0.079247237,0.430876339,-3.521460247,103.2
63.048,-0.066326492,0.430876339,-3.51527174,103.1
63.061,-0.052544364,0.463832887,-3.521460247,103.2
63.074,-0.038331544,0.498010047,-3.51527174,103.1
63.087,-0.024549416,0.498010047,-3.521460247,103.2
63.099,-0.010767288,0.498010047,-3.51527174,103.1
63.112,0.003876224,0.530966594,-3.521460247,103.2
63.125,0.017658352,0.530966594,-3.521460247,103.2
63.137,0.03144048,0.530966594,-3.521460247,103.2
63.15,0.044791917,0.530966594,-3.51527174,103.1
63.163,0.05728197,0.563923141,-3.485759373,103.2
63.175,0.070633407,0.563923141,-3.479570866,103.1
63.188,0.083123461,0.563923141,-3.521460247,103.2
63.201,0.095182823,0.563923141,-3.51527174,103.1
63.214,0.106811494,0.563923141,-3.521460247,103.2
63.226,0.118870856,0.563923141,-3.51527174,103.1
63.239,0.130499527,0.563923141,-3.521460247,103.2
63.252,0.141266814,0.596879688,-3.51527174,103.1
63.264,0.151603411,0.596879688,-3.621460247,103.3
63.277,0.162370698,0.563923141,-3.61527174,103.2
63.29,0.17141522,0.563923141,-3.621460247,103.3
63.302,0.180890433,0.563923141,-3.579570866,103.2
63.315,0.18864288,0.563923141,-3.621460247,103.3
63.328,0.196826019,0.596879688,-3.61527174,103.2
63.341,0.203286392,0.596879688,-3.621460247,103.3
63.353,0.20845469,0.596879688,-3.61527174,103.2
63.366,0.213192296,0.563923141,-3.621460247,103.3
63.379,0.215776445,0.563923141,-3.61527174,103.2
63.391,0.217929903,0.563923141,-3.521460247,103.2
63.404,0.218360594,0.530966594,-3.521460247,103.2
63.417,0.218360594,0.530966594,-3.521460247,103.2
63.43,0.218360594,0.530966594,-3.521460247,103.2
63.442,0.218360594,0.498010047,-3.51527174,103.1
63.455,0.217929903,0.463832887,-3.521460247,103.2
63.468,0.21706852,0.430876339,-3.521460247,103.2
63.48,0.215776445,0.397919792,-3.521460247,103.2
63.493,0.214053679,0.364963245,-3.521460247,103.2
63.506,0.212761605,0.332006698,-3.521460247,103.2
63.518,0.210608147,0.299050151,-3.521460247,103.2
63.531,0.20845469,0.26487299,-3.51527174,103.1
63.544,0.205870541,0.231916443,-3.545260829,103.2
63.557,0.203286392,0.166003349,-3.51527174,103.1
63.569,0.199840859,0.133046802,-3.521460247,103.2
63.582,0.196826019,0.133046802,-3.51527174,103.1
63.595,0.192088412,0.100090254,-3.545260829,103.2
63.607,0.187350806,0.100090254,-3.539072322,103.1
63.62,0.180890433,0.065913094,-3.545260829,103.2
63.633,0.174430061,0.065913094,-3.539072322,103.1
63.645,0.166246922,0.032956547,-3.539072322,103.1
63.658,0.157633092,0.032956547,-3.545260829,103.2
63.671,0.149019262,0.032956547,-3.439072322,103
63.684,0.140405431,0,-3.445260829,103.1
63.696,0.131791601,-0.032956547,-3.439072322,103
63.709,0.124039154,-0.032956547,-3.445260829,103.1
63.722,0.115425324,-0.032956547,-3.439072322,103
63.734,0.108103568,-0.065913094,-3.421460247,103.1
63.747,0.102073887,-0.065913094,-3.41527174,103
63.76,0.097766972,-0.065913094,-3.445260829,103.1
63.773,0.09432144,-0.065913094,-3.439072322,103
63.785,0.092167983,-0.065913094,-3.445260829,103.1
63.798,0.090875908,-0.065913094,-3.439072322,103
63.811,0.090875908,-0.032956547,-3.445260829,103.1
63.823,0.091737291,0,-3.445260829,103.1
63.836,0.093460057,0.065913094,-3.445260829,103.1
63.849,0.095613515,0.133046802,-3.445260829,103.1
63.861,0.099059047,0.166003349,-3.445260829,103.1
63.874,0.101643196,0.231916443,-3.445260829,103.1
63.887,0.105088728,0.26487299,-3.445260829,103.1
63.9,0.108964951,0.299050151,-3.445260829,103.1
63.912,0.113271866,0.332006698,-3.445260829,103.1
63.925,0.118009473,0.364963245,-3.439072322,103
63.938,0.12274708,0.364963245,-3.445260829,103.1
63.95,0.127915378,0.364963245,-3.439072322,103
63.963,0.133514367,0.397919792,-3.445260829,103.1
63.976,0.138682665,0.397919792,-3.439072322,103
63.988,0.143850964,0.397919792,-3.445260829,103.1
64.001,0.149019262,0.397919792,-3.439072322,103
64.014,0.154618251,0.430876339,-3.451449336,103.2
64.027,0.160217241,0.430876339,-3.439072322,103
64.039,0.16581623,0.463832887,-3.445260829,103.1
64.052,0.170984528,0.463832887,-3.439072322,103
64.065,0.17701421,0.463832887,-3.445260829,103.1
64.077,0.182182508,0.463832887,-3.439072322,103
64.09,0.186920114,0.498010047,-3.445260829,103.1
64.103,0.192088412,0.498010047,-3.439072322,103
64.116,0.196826019,0.498010047,-3.445260829,103.1
64.128,0.201563626,0.530966594,-3.439072322,103
64.141,0.205439849,0.530966594,-3.421460247,103.1
64.154,0.209746764,0.530966594,-3.41527174,103
64.166,0.214053679,0.563923141,-3.421460247,103.1
64.179,0.217929903,0.530966594,-3.445260829,103.1
64.192,0.222667509,0.530966594,-3.445260829,103.1
64.204,0.226543733,0.563923141,-3.439072322,103
64.217,0.23128134,0.563923141,-3.445260829,103.1
64.23,0.235588255,0.563923141,-3.41527174,103
64.243,0.241187244,0.563923141,-3.421460247,103.1
64.255,0.245494159,0.563923141,-3.439072322,103
64.268,0.251093149,0.563923141,-3.445260829,103.1
64.281,0.255400064,0.563923141,-3.439072322,103
64.293,0.261429745,0.563923141,-3.445260829,103.1
64.306,0.266598043,0.596879688,-3.41527174,103
64.319,0.272197033,0.596879688,-3.427648754,103.2
64.331,0.277365331,0.596879688,-3.41527174,103
64.344,0.282533629,0.596879688,-3.445260829,103.1
64.357,0.287701927,0.596879688,-3.439072322,103
64.37,0.293300917,0.596879688,-3.445260829,103.1
64.382,0.298469215,0.596879688,-3.439072322,103
64.395,0.303637513,0.596879688,-3.445260829,103.1
64.408,0.308375119,0.596879688,-3.439072322,103
64.42,0.313543417,0.596879688,-3.445260829,103.1
64.433,0.319142407,0.596879688,-3.439072322,103
64.446,0.323449322,0.596879688,-3.445260829,103.1
64.459,0.328186929,0.596879688,-3.439072322,103
64.471,0.332924535,0.596879688,-3.439072322,103
64.484,0.337662142,0.629836235,-3.421460247,103.1
64.497,0.341969057,0.596879688,-3.445260829,103.1
64.509,0.346706664,0.596879688,-3.445260829,103.1
64.522,0.350582887,0.596879688,-3.445260829,103.1
64.535,0.354459111,0.629836235,-3.439072322,103
64.547,0.358766026,0.629836235,-3.445260829,103.1
64.56,0.361780866,0.629836235,-3.439072322,103
64.573,0.365226398,0.629836235,-3.445260829,103.1
64.586,0.367810547,0.629836235,-3.439072322,103
64.598,0.370394696,0.596879688,-3.445260829,103.1
64.611,0.372548154,0.629836235,-3.439072322,103
64.624,0.37427092,0.629836235,-3.445260829,103.1
64.636,0.375993686,0.596879688,-3.439072322,103
64.649,0.376424378,0.596879688,-3.445260829,103.1
64.662,0.377285761,0.563923141,-3.439072322,103
64.674,0.376424378,0.530966594,-3.445260829,103.1
64.687,0.375993686,0.498010047,-3.439072322,103
64.7,0.373840229,0.463832887,-3.445260829,103.1
64.713,0.370394696,0.364963245,-3.445260829,103.1
64.725,0.366518473,0.299050151,-3.445260829,103.1
64.738,0.361350175,0.231916443,-3.445260829,103.1
64.751,0.355320494,0.166003349,-3.439072322,103
64.763,0.348860121,0.166003349,-3.445260829,103.1
64.776,0.341969057,0.133046802,-3.439072322,103
64.789,0.334647301,0.133046802,-3.445260829,103.1
64.802,0.328186929,0.100090254,-3.439072322,103
64.814,0.320865173,0.065913094,-3.445260829,103.1
64.827,0.313543417,0.065913094,-3.439072322,103
64.84,0.306221662,0.065913094,-3.445260829,103.1
64.852,0.299330598,0.032956547,-3.374773195,102.9
64.865,0.291147459,0.032956547,-3.380961702,103
64.878,0.283825703,0,-3.380961702,103
64.89,0.276073256,-0.032956547,-3.345260829,103
64.903,0.268751501,-0.032956547,-3.380961702,103
64.916,0.260999054,-0.032956547,-3.380961702,103
64.929,0.252815915,-0.065913094,-3.380961702,103
64.941,0.245063468,-0.065913094,-3.374773195,102.9
64.954,0.236880329,-0.065913094,-3.380961702,103
64.967,0.229127882,-0.100090254,-3.374773195,102.9
64.979,0.220514052,-0.100090254,-3.380961702,103
64.992,0.212761605,-0.133046802,-3.380961702,103
65.005,0.204147775,-0.133046802,-3.380961702,103
65.017,0.195964636,-0.133046802,-3.380961702,103
65.03,0.188212189,-0.166003349,-3.274773195,102.8
65.043,0.18002905,-0.166003349,-3.280961702,102.9
65.056,0.17141522,-0.166003349,-3.274773195,102.8
65.068,0.163662773,-0.198959896,-3.280961702,102.9
65.081,0.155910326,-0.198959896,-3.274773195,102.8
65.094,0.147296496,-0.198959896,-3.28715021,103
65.106,0.139113357,-0.231916443,-3.274773195,102.8
65.119,0.130499527,-0.231916443,-3.280961702,102.9
65.132,0.12274708,-0.231916443,-3.274773195,102.8
65.145,0.114133249,-0.231916443,-3.280961702,102.9
65.157,0.106380802,-0.231916443,-3.280961702,102.9
65.17,0.097766972,-0.26487299,-3.280961702,102.9
65.183,0.089583834,-0.26487299,-3.280961702,102.9
65.195,0.080970003,-0.26487299,-3.316662576,102.9
65.208,0.073217556,-0.26487299,-3.316662576,102.9
65.221,0.065034418,-0.26487299,-3.316662576,102.9
65.233,0.05728197,-0.299050151,-3.280961702,102.9
65.246,0.049960215,-0.299050151,-3.280961702,102.9
65.259,0.043499842,-0.299050151,-3.280961702,102.9
65.272,0.03703947,-0.332006698,-3.280961702,102.9
65.284,0.030148406,-0.332006698,-3.316662576,102.9
65.297,0.024118724,-0.332006698,-3.316662576,102.9
65.31,0.018950426,-0.332006698,-3.316662576,102.9
65.322,0.013782128,-0.332006698,-3.316662576,102.9
65.335,0.009044522,-0.332006698,-3.310474068,102.8
65.348,0.004306915,-0.332006698,-3.316662576,102.9
65.36,0.000430692,-0.332006698,-3.310474068,102.8
65.373,-0.004306915,-0.332006698,-3.280961702,102.9
65.386,-0.007321756,-0.332006698,-3.210474068,102.7
65.399,-0.011197979,-0.332006698,-3.18715021,102.9
65.411,-0.014643511,-0.364963245,-3.210474068,102.7
65.424,-0.018089043,-0.364963245,-3.216662576,102.8
65.437,-0.019811809,-0.364963245,-3.210474068,102.7
65.449,-0.02282665,-0.332006698,-3.216662576,102.8
65.462,-0.024118724,-0.364963245,-3.216662576,102.8
65.475,-0.02584149,-0.364963245,-3.216662576,102.8
65.488,-0.027994948,-0.364963245,-3.216662576,102.8
65.5,-0.029287023,-0.364963245,-3.216662576,102.8
65.513,-0.031009789,-0.364963245,-3.216662576,102.8
65.526,-0.033163246,-0.364963245,-3.210474068,102.7
65.538,-0.035747395,-0.364963245,-3.216662576,102.8
65.551,-0.038331544,-0.364963245,-3.210474068,102.7
65.564,-0.040915693,-0.364963245,-3.216662576,102.8
65.576,-0.044361225,-0.397919792,-3.216662576,102.8
65.589,-0.046945374,-0.397919792,-3.216662576,102.8
65.602,-0.050390906,-0.397919792,-3.216662576,102.8
65.615,-0.053836438,-0.397919792,-3.216662576,102.8
65.627,-0.056851279,-0.397919792,-3.216662576,102.8
65.64,-0.060296811,-0.397919792,-3.210474068,102.7
65.653,-0.06288096,-0.397919792,-3.216662576,102.8
65.665,-0.066326492,-0.397919792,-3.210474068,102.7
65.678,-0.068910641,-0.397919792,-3.216662576,102.8
65.691,-0.07149479,-0.397919792,-3.210474068,102.7
65.703,-0.074078939,-0.397919792,-3.216662576,102.8
65.716,-0.076663088,-0.397919792,-3.210474068,102.7
65.729,-0.079247237,-0.430876339,-3.216662576,102.8
65.742,-0.081400695,-0.430876339,-3.210474068,102.7
65.754,-0.083554152,-0.430876339,-3.216662576,102.8
65.767,-0.084846227,-0.430876339,-3.216662576,102.8
65.78,-0.086568993,-0.430876339,-3.216662576,102.8
65.792,-0.088722451,-0.430876339,-3.216662576,102.8
65.805,-0.090875908,-0.430876339,-3.216662576,102.8
65.818,-0.092167983,-0.430876339,-3.240463158,102.8
65.831,-0.093890749,-0.430876339,-3.234274651,102.7
65.843,-0.095182823,-0.430876339,-3.240463158,102.8
65.856,-0.096044206,-0.430876339,-3.234274651,102.7
65.869,-0.096044206,-0.397919792,-3.216662576,102.8
65.881,-0.096474898,-0.397919792,-3.210474068,102.7
65.894,-0.096044206,-0.364963245,-3.216662576,102.8
65.907,-0.095182823,-0.332006698,-3.234274651,102.7
65.919,-0.093460057,-0.299050151,-3.240463158,102.8
65.932,-0.092167983,-0.231916443,-3.216662576,102.8
65.945,-0.090014525,-0.198959896,-3.216662576,102.8
65.958,-0.087861068,-0.166003349,-3.216662576,102.8
65.97,-0.086138302,-0.133046802,-3.216662576,102.8
65.983,-0.083984844,-0.065913094,-3.216662576,102.8
65.996,-0.082262078,-0.032956547,-3.216662576,102.8
66.008,-0.08010862,-0.032956547,-3.216662576,102.8
66.021,-0.077955163,-0.032956547,-3.210474068,102.7
66.034,-0.076232397,-0.032956547,-3.240463158,102.8
66.046,-0.075371014,-0.032956547,-3.240463158,102.8
66.059,-0.075371014,-0.032956547,-3.240463158,102.8
66.072,-0.074940322,-0.032956547,-3.116662576,102.7
66.085,-0.074940322,-0.065913094,-3.134274651,102.6
66.097,-0.074940322,-0.065913094,-3.140463158,102.7
66.11,-0.074940322,-0.065913094,-3.134274651,102.6
66.123,-0.075371014,-0.065913094,-3.140463158,102.7
66.135,-0.075371014,-0.100090254,-3.134274651,102.6
66.148,-0.076232397,-0.100090254,-3.140463158,102.7
66.161,-0.076663088,-0.133046802,-3.134274651,102.6
66.174,-0.077955163,-0.166003349,-3.140463158,102.7
66.186,-0.079247237,-0.198959896,-3.134274651,102.6
66.199,-0.080970003,-0.231916443,-3.140463158,102.7
66.212,-0.081400695,-0.26487299,-3.134274651,102.6
66.224,-0.083554152,-0.26487299,-3.140463158,102.7
66.237,-0.084846227,-0.299050151,-3.134274651,102.6
66.25,-0.086568993,-0.332006698,-3.140463158,102.7
66.262,-0.087861068,-0.364963245,-3.140463158,102.7
66.275,-0.090014525,-0.364963245,-3.140463158,102.7
66.288,-0.0913066,-0.397919792,-3.140463158,102.7
66.301,-0.093460057,-0.397919792,-3.140463158,102.7
66.313,-0.094752132,-0.430876339,-3.140463158,102.7
66.326,-0.096044206,-0.430876339,-3.140463158,102.7
66.339,-0.097336281,-0.397919792,-3.134274651,102.6
66.351,-0.097336281,-0.397919792,-3.140463158,102.7
66.364,-0.098628355,-0.397919792,-3.140463158,102.7
66.377,-0.097766972,-0.397919792,-3.140463158,102.7
66.389,-0.097766972,-0.397919792,-3.134274651,102.6
66.402,-0.097766972,-0.364963245,-3.140463158,102.7
66.415,-0.097336281,-0.332006698,-3.134274651,102.6
66.428,-0.096044206,-0.299050151,-3.140463158,102.7
66.44,-0.095182823,-0.26487299,-3.134274651,102.6
66.453,-0.094752132,-0.26487299,-3.140463158,102.7
66.466,-0.093460057,-0.231916443,-3.134274651,102.6
66.478,-0.092167983,-0.198959896,-3.140463158,102.7
66.491,-0.0913066,-0.198959896,-3.134274651,102.6
66.504,-0.090014525,-0.166003349,-3.140463158,102.7
66.517,-0.088722451,-0.133046802,-3.134274651,102.6
66.529,-0.087430376,-0.133046802,-3.140463158,102.7
66.542,-0.086138302,-0.100090254,-3.140463158,102.7
66.555,-0.083984844,-0.065913094,-3.140463158,102.7
66.567,-0.082692769,-0.032956547,-3.140463158,102.7
66.58,-0.081400695,0,-3.134274651,102.6
66.593,-0.079247237,0,-3.140463158,102.7
66.605,-0.077524471,0,-3.134274651,102.6
66.618,-0.076232397,0.032956547,-3.140463158,102.7
66.631,-0.073648248,0.032956547,-3.134274651,102.6
66.644,-0.072356173,0.032956547,-3.140463158,102.7
66.656,-0.070202716,0.032956547,-3.140463158,102.7
66.669,-0.068910641,0.032956547,-3.140463158,102.7
66.682,-0.066757184,0.032956547,-3.140463158,102.7
66.694,-0.065034418,0.065913094,-3.140463158,102.7
66.707,-0.06288096,0.065913094,-3.140463158,102.7
66.72,-0.061588886,0.065913094,-3.134274651,102.6
66.732,-0.059435428,0.065913094,-3.140463158,102.7
66.745,-0.057712662,0.065913094,-3.134274651,102.6
66.758,-0.055559204,0.065913094,-3.140463158,102.7
66.771,-0.053836438,0.065913094,-3.134274651,102.6
66.783,-0.051682981,0.100090254,-3.140463158,102.7
66.796,-0.049529523,0.100090254,-3.140463158,102.7
66.809,-0.047806757,0.100090254,-3.140463158,102.7
66.821,-0.0456533,0.100090254,-3.140463158,102.7
66.834,-0.043930534,0.100090254,-3.140463158,102.7
66.847,-0.042638459,0.133046802,-3.140463158,102.7
66.86,-0.040485002,0.133046802,-3.140463158,102.7
66.872,-0.038331544,0.100090254,-3.140463158,102.7
66.885,-0.036608778,0.133046802,-3.134274651,102.6
66.898,-0.034455321,0.133046802,-3.140463158,102.7
66.91,-0.033163246,0.133046802,-3.134274651,102.6
66.923,-0.031009789,0.133046802,-3.140463158,102.7
66.936,-0.029287023,0.133046802,-3.134274651,102.6
66.948,-0.026702873,0.166003349,-3.140463158,102.7
66.961,-0.024118724,0.166003349,-3.134274651,102.6
66.974,-0.021103884,0.166003349,-3.140463158,102.7
66.987,-0.018519735,0.166003349,-3.140463158,102.7
66.999,-0.015935586,0.166003349,-3.140463158,102.7
67.012,-0.012920745,0.166003349,-3.140463158,102.7
67.025,-0.009475213,0.198959896,-3.140463158,102.7
67.037,-0.006029681,0.198959896,-3.140463158,102.7
67.05,-0.002153458,0.198959896,-3.140463158,102.7
67.063,0.001292075,0.231916443,-3.140463158,102.7
67.075,0.005168298,0.231916443,-3.140463158,102.7
67.088,0.009905905,0.26487299,-3.140463158,102.7
67.101,0.013782128,0.26487299,-3.140463158,102.7
67.114,0.018519735,0.26487299,-3.134274651,102.6
67.126,0.023688033,0.26487299,-3.140463158,102.7
67.139,0.028425639,0.26487299,-3.134274651,102.6
67.152,0.034024629,0.299050151,-3.140463158,102.7
67.164,0.039623619,0.299050151,-3.134274651,102.6
67.177,0.044791917,0.332006698,-3.146651665,102.8
67.19,0.049960215,0.332006698,-3.134274651,102.6
67.203,0.056851279,0.332006698,-3.146651665,102.8
67.215,0.062450269,0.332006698,-3.134274651,102.6
67.228,0.069341333,0.364963245,-3.146651665,102.8
67.241,0.076663088,0.364963245,-3.134274651,102.6
67.253,0.083123461,0.364963245,-3.146651665,102.8
67.266,0.089583834,0.397919792,-3.134274651,102.6
67.279,0.096474898,0.397919792,-3.146651665,102.8
67.291,0.103365962,0.397919792,-3.134274651,102.6
67.304,0.110257026,0.397919792,-3.140463158,102.7
67.317,0.116717399,0.430876339,-3.134274651,102.6
67.33,0.123177771,0.430876339,-3.140463158,102.7
67.342,0.129207452,0.430876339,-3.134274651,102.6
67.355,0.134806442,0.430876339,-3.140463158,102.7
67.368,0.139113357,0.430876339,-3.140463158,102.7
67.38,0.143850964,0.430876339,-3.140463158,102.7
67.393,0.147296496,0.430876339,-3.134274651,102.6
67.406,0.149019262,0.430876339,-3.140463158,102.7
67.418,0.149880645,0.430876339,-3.134274651,102.6
67.431,0.149019262,0.364963245,-3.140463158,102.7
67.444,0.147296496,0.299050151,-3.134274651,102.6
67.457,0.143420272,0.198959896,-3.146651665,102.8
67.469,0.137821282,0.133046802,-3.134274651,102.6
67.482,0.131791601,0.065913094,-3.146651665,102.8
67.495,0.124039154,0.032956547,-3.134274651,102.6
67.507,0.116286707,0,-3.146651665,102.8
67.52,0.107672877,-0.032956547,-3.134274651,102.6
67.533,0.099059047,-0.065913094,-3.140463158,102.7
67.546,0.090445217,-0.100090254,-3.134274651,102.6
67.558,0.081831386,-0.100090254,-3.146651665,102.8
67.571,0.072356173,-0.133046802,-3.169975524,102.6
67.584,0.063311652,-0.133046802,-3.176164031,102.7
67.596,0.053836438,-0.166003349,-3.176164031,102.7
67.609,0.044791917,-0.198959896,-3.176164031,102.7
67.622,0.036178087,-0.198959896,-3.040463158,102.6
67.634,0.026272182,-0.231916443,-3.040463158,102.6
67.647,0.016366277,-0.26487299,-3.040463158,102.6
67.66,0.006460373,-0.26487299,-3.040463158,102.6
67.673,-0.003445532,-0.299050151,-3.040463158,102.6
67.685,-0.01421282,-0.332006698,-3.040463158,102.6
67.698,-0.025410799,-0.364963245,-3.076164031,102.6
67.711,-0.036608778,-0.364963245,-3.076164031,102.6
67.723,-0.047806757,-0.397919792,-3.069975524,102.5
67.736,-0.059435428,-0.397919792,-3.076164031,102.6
67.749,-0.07149479,-0.430876339,-3.076164031,102.6
67.761,-0.083984844,-0.463832887,-3.082352538,102.7
67.774,-0.096044206,-0.498010047,-3.076164031,102.6
67.787,-0.107672877,-0.530966594,-3.076164031,102.6
67.8,-0.119732239,-0.530966594,-3.069975524,102.5
67.812,-0.132222293,-0.530966594,-3.076164031,102.6
67.825,-0.144281655,-0.563923141,-3.069975524,102.5
67.838,-0.155479634,-0.563923141,-3.076164031,102.6
67.85,-0.164524156,-0.596879688,-3.069975524,102.5
67.863,-0.17141522,-0.596879688,-3.076164031,102.6
67.876,-0.174430061,-0.563923141,-3.076164031,102.6
67.889,-0.174430061,-0.498010047,-3.076164031,102.6
67.901,-0.172707295,-0.430876339,-3.076164031,102.6
67.914,-0.169261762,-0.332006698,-3.076164031,102.6
67.927,-0.164093464,-0.231916443,-3.076164031,102.6
67.939,-0.156771709,-0.166003349,-3.076164031,102.6
67.952,-0.149019262,-0.100090254,-3.076164031,102.6
67.965,-0.139544048,-0.065913094,-3.069975524,102.5
67.977,-0.130499527,-0.032956547,-3.076164031,102.6
67.99,-0.120593622,0,-3.069975524,102.5
68.003,-0.110687717,0.032956547,-3.076164031,102.6
68.016,-0.100781813,0.032956547,-3.069975524,102.5
68.028,-0.090014525,0.065913094,-3.076164031,102.6
68.041,-0.079247237,0.100090254,-3.076164031,102.6
68.054,-0.068910641,0.133046802,-3.076164031,102.6
68.066,-0.057712662,0.166003349,-3.076164031,102.6
68.079,-0.046945374,0.198959896,-3.076164031,102.6
68.092,-0.035747395,0.231916443,-3.076164031,102.6
68.104,-0.025410799,0.231916443,-3.069975524,102.5
68.117,-0.01421282,0.26487299,-3.040463158,102.6
68.13,-0.003014841,0.26487299,-3.069975524,102.5
68.143,0.007752447,0.299050151,-3.076164031,102.6
68.155,0.018519735,0.332006698,-3.076164031,102.6
68.168,0.028856331,0.332006698,-3.076164031,102.6
68.181,0.038762236,0.364963245,-3.076164031,102.6
68.193,0.048237449,0.364963245,-3.069975524,102.5
68.206,0.05728197,0.397919792,-3.076164031,102.6
68.219,0.065034418,0.397919792,-3.069975524,102.5
68.232,0.073217556,0.397919792,-3.076164031,102.6
68.244,0.079677929,0.430876339,-3.069975524,102.5
68.257,0.085276918,0.430876339,-3.082352538,102.7
68.27,0.089153142,0.397919792,-3.069975524,102.5
68.282,0.090445217,0.397919792,-3.082352538,102.7
68.295,0.090445217,0.364963245,-3.069975524,102.5
68.308,0.088291759,0.299050151,-3.076164031,102.6
68.32,0.085276918,0.198959896,-3.069975524,102.5
68.333,0.079677929,0.100090254,-3.076164031,102.6
68.346,0.073217556,0.032956547,-3.076164031,102.6
68.359,0.063742343,0,-3.076164031,102.6
68.371,0.054697821,-0.065913094,-3.069975524,102.5
68.384,0.044791917,-0.100090254,-3.076164031,102.6
68.397,0.035316704,-0.100090254,-3.069975524,102.5
68.409,0.024980107,-0.133046802,-3.076164031,102.6
68.422,0.01421282,-0.166003349,-3.069975524,102.5
68.435,0.003876224,-0.198959896,-3.076164031,102.6
68.447,-0.008183139,-0.231916443,-3.076164031,102.6
68.46,-0.019381118,-0.26487299,-2.976164031,102.5
68.473,-0.030579097,-0.26487299,-2.969975524,102.4
68.486,-0.042638459,-0.299050151,-2.976164031,102.5
68.498,-0.055128513,-0.332006698,-2.969975524,102.4
68.511,-0.066757184,-0.364963245,-2.976164031,102.5
68.524,-0.079247237,-0.397919792,-3.005676397,102.4
68.536,-0.092598674,-0.397919792,-3.011864905,102.5
68.549,-0.105950111,-0.463832887,-3.005676397,102.4
68.562,-0.119301548,-0.463832887,-3.018053412,102.6
68.575,-0.133083676,-0.498010047,-3.005676397,102.4
68.587,-0.147296496,-0.530966594,-3.018053412,102.6
68.6,-0.16280139,-0.563923141,-3.005676397,102.4
68.613,-0.178736976,-0.596879688,-3.018053412,102.6
68.625,-0.19424187,-0.629836235,-2.969975524,102.4
68.638,-0.212330913,-0.696969943,-2.982352538,102.6
68.651,-0.232573414,-0.72992649,-2.969975524,102.4
68.663,-0.253246606,-0.762883037,-3.011864905,102.5
68.676,-0.273058416,-0.762883037,-3.005676397,102.4
68.689,-0.291578151,-0.795839584,-3.011864905,102.5
68.702,-0.309236502,-0.828796131,-3.005676397,102.4
68.714,-0.324741397,-0.862973292,-3.011864905,102.5
68.727,-0.337662142,-0.862973292,-3.005676397,102.4
68.74,-0.347137355,-0.862973292,-2.976164031,102.5
68.752,-0.351874962,-0.828796131,-2.976164031,102.5
68.765,-0.353167036,-0.795839584,-2.976164031,102.5
68.778,-0.351013579,-0.696969943,-3.005676397,102.4
68.79,-0.346275972,-0.563923141,-3.011864905,102.5
68.803,-0.338954216,-0.430876339,-3.005676397,102.4
68.816,-0.329048312,-0.364963245,-2.976164031,102.5
68.829,-0.318711716,-0.299050151,-2.969975524,102.4
68.841,-0.306652353,-0.26487299,-2.976164031,102.5
68.854,-0.295023683,-0.198959896,-3.005676397,102.4
68.867,-0.282102937,-0.166003349,-3.011864905,102.5
68.879,-0.268320809,-0.133046802,-3.005676397,102.4
68.892,-0.254538681,-0.100090254,-3.011864905,102.5
68.905,-0.23989517,-0.032956547,-3.005676397,102.4
68.918,-0.224820967,0,-3.011864905,102.5
68.93,-0.209746764,0.032956547,-3.005676397,102.4
68.943,-0.193811178,0.065913094,-3.011864905,102.5
68.956,-0.176583518,0.100090254,-2.976164031,102.5
68.968,-0.158925166,0.133046802,-3.011864905,102.5
68.981,-0.140405431,0.198959896,-3.011864905,102.5
68.994,-0.121024314,0.231916443,-3.011864905,102.5
69.006,-0.101212504,0.26487299,-3.011864905,102.5
69.019,-0.080970003,0.299050151,-3.005676397,102.4
69.032,-0.061158194,0.332006698,-3.011864905,102.5
69.045,-0.040485002,0.364963245,-3.011864905,102.5
69.057,-0.019811809,0.397919792,-2.976164031,102.5
69.07,-0.000861383,0.430876339,-2.976164031,102.5
69.083,0.018950426,0.463832887,-2.976164031,102.5
69.095,0.03703947,0.498010047,-3.076164031,102.6
69.108,0.052544364,0.498010047,-3.105676397,102.5
69.121,0.067187875,0.498010047,-3.111864905,102.6
69.133,0.079247237,0.498010047,-3.105676397,102.5
69.146,0.088291759,0.498010047,-3.076164031,102.6
69.159,0.093460057,0.498010047,-3.105676397,102.5
69.172,0.095613515,0.498010047,-3.111864905,102.6
69.184,0.095182823,0.430876339,-3.069975524,102.5
69.197,0.092167983,0.364963245,-3.111864905,102.6
69.21,0.088291759,0.26487299,-3.105676397,102.5
69.222,0.080539312,0.133046802,-3.111864905,102.6
69.235,0.070633407,0.065913094,-3.111864905,102.6
69.248,0.059435428,0.032956547,-3.011864905,102.5
69.26,0.047376066,0,-3.011864905,102.5
69.273,0.034886012,-0.065913094,-2.969975524,102.4
69.286,0.021103884,-0.100090254,-3.011864905,102.5
69.299,0.006891064,-0.100090254,-3.005676397,102.4
69.311,-0.007321756,-0.133046802,-3.011864905,102.5
69.324,-0.021965267,-0.166003349,-3.005676397,102.4
69.337,-0.036608778,-0.198959896,-3.011864905,102.5
69.349,-0.050390906,-0.231916443,-3.005676397,102.4
69.362,-0.064173035,-0.26487299,-3.047565778,102.5
69.375,-0.077955163,-0.26487299,-3.047565778,102.5
69.388,-0.0913066,-0.332006698,-3.047565778,102.5
69.4,-0.104658036,-0.364963245,-2.911864905,102.4
69.413,-0.117578782,-0.364963245,-2.947565778,102.4
69.426,-0.129638144,-0.397919792,-2.911864905,102.4
69.438,-0.140836123,-0.430876339,-2.911864905,102.4
69.451,-0.151603411,-0.430876339,-2.911864905,102.4
69.464,-0.160217241,-0.430876339,-2.911864905,102.4
69.476,-0.167538996,-0.430876339,-2.911864905,102.4
69.489,-0.173137986,-0.430876339,-2.911864905,102.4
69.502,-0.177875593,-0.463832887,-2.911864905,102.4
69.515,-0.180459742,-0.463832887,-2.947565778,102.4
69.527,-0.182613199,-0.463832887,-2.911864905,102.4
69.54,-0.183043891,-0.430876339,-2.911864905,102.4
69.553,-0.182613199,-0.397919792,-2.905676397,102.3
69.565,-0.181751816,-0.364963245,-2.947565778,102.4
69.578,-0.179167667,-0.299050151,-2.905676397,102.3
69.591,-0.176583518,-0.231916443,-2.911864905,102.4
69.604,-0.172707295,-0.166003349,-2.905676397,102.3
69.616,-0.167538996,-0.100090254,-2.911864905,102.4
69.629,-0.161940007,-0.065913094,-2.905676397,102.3
69.642,-0.156771709,-0.032956547,-2.911864905,102.4
69.654,-0.150742028,0,-2.905676397,102.3
69.667,-0.144712347,0.032956547,-2.911864905,102.4
69.68,-0.139113357,0.032956547,-2.905676397,102.3
69.692,-0.133083676,0.065913094,-2.911864905,102.4
69.705,-0.126192612,0.065913094,-2.911864905,102.4
69.718,-0.119301548,0.100090254,-2.911864905,102.4
69.731,-0.111979792,0.133046802,-2.911864905,102.4
69.743,-0.104658036,0.166003349,-2.911864905,102.4
69.756,-0.097336281,0.166003349,-2.911864905,102.4
69.769,-0.089153142,0.198959896,-2.905676397,102.3
69.781,-0.081400695,0.198959896,-2.911864905,102.4
69.794,-0.073648248,0.231916443,-2.905676397,102.3
69.807,-0.065465109,0.26487299,-2.911864905,102.4
69.819,-0.057712662,0.26487299,-2.911864905,102.4
69.832,-0.050390906,0.299050151,-2.905676397,102.3
69.845,-0.042638459,0.299050151,-2.911864905,102.4
69.858,-0.035316704,0.299050151,-2.905676397,102.3
69.87,-0.027994948,0.332006698,-2.911864905,102.4
69.883,-0.021103884,0.332006698,-2.905676397,102.3
69.896,-0.014643511,0.332006698,-3.011864905,102.5
69.908,-0.008183139,0.364963245,-3.005676397,102.4
69.921,-0.003014841,0.364963245,-3.011864905,102.5
69.934,0.002584149,0.364963245,-3.005676397,102.4
69.947,0.006891064,0.397919792,-3.011864905,102.5
69.959,0.011628671,0.397919792,-3.005676397,102.4
69.972,0.016366277,0.397919792,-3.011864905,102.5
69.985,0.020242501,0.397919792,-3.005676397,102.4
69.997,0.024118724,0.430876339,-3.011864905,102.5
70.01,0.028856331,0.430876339,-3.005676397,102.4
70.023,0.032732555,0.430876339,-3.011864905,102.5
70.035,0.03703947,0.430876339,-3.011864905,102.5
70.048,0.040915693,0.430876339,-3.011864905,102.5
70.061,0.044791917,0.430876339,-3.011864905,102.5
70.074,0.04866814,0.463832887,-3.005676397,102.4
70.086,0.052544364,0.463832887,-3.011864905,102.5
70.099,0.05728197,0.463832887,-3.005676397,102.4
70.112,0.061158194,0.463832887,-3.011864905,102.5
70.124,0.065895801,0.498010047,-3.011864905,102.5
70.137,0.070633407,0.498010047,-3.011864905,102.5
70.15,0.075801705,0.498010047,-3.011864905,102.5
70.162,0.080970003,0.498010047,-3.005676397,102.4
70.175,0.08570761,0.498010047,-3.011864905,102.5
70.188,0.090875908,0.530966594,-3.005676397,102.4
70.201,0.096905589,0.530966594,-3.011864905,102.5
70.213,0.102073887,0.530966594,-3.005676397,102.4
70.226,0.108103568,0.530966594,-3.011864905,102.5
70.239,0.114994633,0.563923141,-3.005676397,102.4
70.251,0.120593622,0.563923141,-3.011864905,102.5
70.264,0.126623303,0.563923141,-3.005676397,102.4
70.277,0.133514367,0.563923141,-3.011864905,102.5
70.29,0.13997474,0.596879688,-3.005676397,102.4
70.302,0.146435113,0.596879688,-3.011864905,102.5
70.315,0.152464794,0.596879688,-3.011864905,102.5
70.328,0.157633092,0.596879688,-3.005676397,102.4
70.34,0.163232081,0.596879688,-3.011864905,102.5
70.353,0.167108305,0.596879688,-3.005676397,102.4
70.366,0.170984528,0.596879688,-3.011864905,102.5
70.378,0.173137986,0.596879688,-3.005676397,102.4
70.391,0.174860752,0.596879688,-3.011864905,102.5
70.404,0.175722135,0.563923141,-3.005676397,102.4
70.417,0.175722135,0.563923141,-3.011864905,102.5
70.429,0.174430061,0.498010047,-3.005676397,102.4
70.442,0.172276603,0.463832887,-3.011864905,102.5
70.455,0.170123145,0.397919792,-3.011864905,102.5
70.467,0.167108305,0.332006698,-3.011864905,102.5
70.48,0.163232081,0.26487299,-3.005676397,102.4
70.493,0.157633092,0.198959896,-3.011864905,102.5
70.505,0.151603411,0.166003349,-3.011864905,102.5
70.518,0.146004421,0.133046802,-3.011864905,102.5
70.531,0.13997474,0.100090254,-3.011864905,102.5
70.544,0.133945059,0.100090254,-3.011864905,102.5
70.556,0.127484686,0.065913094,-3.047565778,102.5
70.569,0.120593622,0.065913094,-3.047565778,102.5
70.582,0.113271866,0.032956547,-3.005676397,102.4
70.594,0.106811494,0.032956547,-3.011864905,102.5
70.607,0.099489738,0,-2.905676397,102.3
70.62,0.092167983,0,-2.911864905,102.4
70.632,0.08570761,-0.032956547,-2.905676397,102.3
70.645,0.078385854,-0.032956547,-2.947565778,102.4
70.658,0.071064099,-0.065913094,-2.941377271,102.3
70.671,0.063742343,-0.065913094,-2.947565778,102.4
70.683,0.05728197,-0.100090254,-2.941377271,102.3
70.696,0.049960215,-0.100090254,-2.947565778,102.4
70.709,0.043930534,-0.100090254,-2.941377271,102.3
70.721,0.038331544,-0.100090254,-2.911864905,102.4
70.734,0.032301863,-0.133046802,-2.905676397,102.3
70.747,0.026272182,-0.133046802,-2.947565778,102.4
70.76,0.021103884,-0.166003349,-2.947565778,102.4
70.772,0.015504894,-0.166003349,-2.947565778,102.4
70.785,0.010336596,-0.166003349,-2.947565778,102.4
70.798,0.006460373,-0.166003349,-2.947565778,102.4
70.81,0.002584149,-0.198959896,-2.947565778,102.4
70.823,-0.000861383,-0.198959896,-2.947565778,102.4
70.836,-0.003014841,-0.166003349,-2.847565778,102.3
70.848,-0.004306915,-0.166003349,-2.841377271,102.2
70.861,-0.004737607,-0.166003349,-2.847565778,102.3
70.874,-0.004737607,-0.166003349,-2.847565778,102.3
70.887,-0.004737607,-0.133046802,-2.841377271,102.2
70.899,-0.004306915,-0.100090254,-2.847565778,102.3
70.912,-0.003445532,-0.065913094,-2.841377271,102.2
70.925,-0.000861383,0,-2.847565778,102.3
70.937,0.001292075,0.032956547,-2.847565778,102.3
70.95,0.003876224,0.100090254,-2.847565778,102.3
70.963,0.006460373,0.133046802,-2.841377271,102.2
70.975,0.009905905,0.166003349,-2.847565778,102.3
70.988,0.013782128,0.198959896,-2.841377271,102.2
71.001,0.017658352,0.198959896,-2.947565778,102.4
71.014,0.022395958,0.231916443,-2.941377271,102.3
71.026,0.027133565,0.26487299,-2.947565778,102.4
71.039,0.03144048,0.26487299,-2.947565778,102.4
71.052,0.036178087,0.26487299,-2.911864905,102.4
71.064,0.041346385,0.299050151,-2.947565778,102.4
71.077,0.046083991,0.299050151,-2.947565778,102.4
71.09,0.052113672,0.332006698,-2.947565778,102.4
71.103,0.058143354,0.332006698,-2.947565778,102.4
71.115,0.064603726,0.364963245,-2.947565778,102.4
71.128,0.071925482,0.364963245,-2.911864905,102.4
71.141,0.079247237,0.397919792,-2.911864905,102.4
71.153,0.086999685,0.397919792,-2.905676397,102.3
71.166,0.095613515,0.430876339,-2.911864905,102.4
71.179,0.105519419,0.463832887,-2.905676397,102.3
71.191,0.116286707,0.498010047,-2.911864905,102.4
71.204,0.127484686,0.498010047,-2.905676397,102.3
71.217,0.139113357,0.530966594,-2.911864905,102.4
71.23,0.152464794,0.563923141,-3.011864905,102.5
71.242,0.16581623,0.596879688,-3.011864905,102.5
71.255,0.180890433,0.629836235,-3.011864905,102.5
71.268,0.196826019,0.662792783,-3.005676397,102.4
71.28,0.216637828,0.696969943,-2.976164031,102.5
71.293,0.238172404,0.72992649,-2.969975524,102.4
71.306,0.261429745,0.762883037,-2.976164031,102.5
71.318,0.283825703,0.795839584,-3.069975524,102.5
71.331,0.30579097,0.828796131,-3.076164031,102.6
71.344,0.327756237,0.828796131,-3.040463158,102.6
71.357,0.347568047,0.862973292,-3.034274651,102.5
71.369,0.367379856,0.862973292,-3.040463158,102.6
71.382,0.385899591,0.862973292,-3.034274651,102.5
71.395,0.401404485,0.895929839,-3.040463158,102.6
71.407,0.415617305,0.895929839,-3.134274651,102.6
71.42,0.426815284,0.895929839,-3.140463158,102.7
71.433,0.435429114,0.895929839,-3.134274651,102.6
71.446,0.440597412,0.895929839,-3.146651665,102.8
71.458,0.443181561,0.862973292,-3.134274651,102.6
71.471,0.443181561,0.795839584,-3.140463158,102.7
71.484,0.441889487,0.72992649,-3.134274651,102.6
71.496,0.438013263,0.629836235,-3.040463158,102.6
71.509,0.430691508,0.498010047,-3.069975524,102.5
71.522,0.422077677,0.397919792,-3.076164031,102.6
71.534,0.412171773,0.364963245,-3.076164031,102.6
71.547,0.40011241,0.332006698,-3.076164031,102.6
71.56,0.388914431,0.299050151,-3.076164031,102.6
71.573,0.376424378,0.231916443,-3.076164031,102.6
71.585,0.364365015,0.198959896,-3.076164031,102.6
71.598,0.351874962,0.166003349,-3.076164031,102.6
71.611,0.339384908,0.133046802,-3.005676397,102.4
71.623,0.326894854,0.133046802,-3.011864905,102.5
71.636,0.313543417,0.100090254,-3.005676397,102.4
71.649,0.300622672,0.065913094,-3.011864905,102.5
71.661,0.287701927,0.032956547,-3.005676397,102.4
71.674,0.276073256,0.032956547,-3.011864905,102.5
71.687,0.264875277,0,-3.005676397,102.4
71.7,0.255400064,0,-2.947565778,102.4
71.712,0.247647617,-0.032956547,-2.905676397,102.3
71.725,0.241617936,-0.032956547,-2.911864905,102.4
71.738,0.238172404,-0.032956547,-2.905676397,102.3
71.75,0.237741712,0,-2.918053412,102.5
71.763,0.238172404,0.032956547,-2.905676397,102.3
71.776,0.241187244,0.133046802,-2.911864905,102.4
71.789,0.245494159,0.198959896,-2.905676397,102.3
71.801,0.25152384,0.299050151,-2.947565778,102.4
71.814,0.258845596,0.364963245,-2.905676397,102.3
71.827,0.266598043,0.397919792,-2.911864905,102.4
71.839,0.275211873,0.430876339,-2.911864905,102.4
71.852,0.285117778,0.463832887,-2.911864905,102.4
71.865,0.295023683,0.463832887,-3.005676397,102.4
71.877,0.30579097,0.498010047,-3.011864905,102.5
71.89,0.316127567,0.530966594,-3.005676397,102.4
71.903,0.328186929,0.563923141,-3.011864905,102.5
71.916,0.340246291,0.596879688,-3.011864905,102.5
71.928,0.352736345,0.629836235,-3.011864905,102.5
71.941,0.365226398,0.662792783,-3.005676397,102.4
71.954,0.379008527,0.696969943,-3.011864905,102.5
71.966,0.393652038,0.72992649,-3.005676397,102.4
71.979,0.408726241,0.762883037,-2.976164031,102.5
71.992,0.424661826,0.795839584,-2.969975524,102.4
72.004,0.441889487,0.862973292,-3.082352538,102.7
72.017,0.460409222,0.895929839,-3.069975524,102.5
72.03,0.483666563,0.928886386,-3.076164031,102.6
72.043,0.510369436,0.961842933,-3.069975524,102.5
72.055,0.54008715,1.027756028,-3.076164031,102.6
72.068,0.569374173,1.061933188,-3.169975524,102.6
72.081,0.597799812,1.094889735,-3.140463158,102.7
72.093,0.627517526,1.127846282,-3.134274651,102.6
72.106,0.65723524,1.160802829,-3.140463158,102.7
72.119,0.687814338,1.193759376,-3.134274651,102.6
72.132,0.717962743,1.193759376,-3.240463158,102.8
72.144,0.74854184,1.226715924,-3.240463158,102.8
72.157,0.778690246,1.260893084,-3.216662576,102.8
72.17,0.809269343,1.293849631,-3.216662576,102.8
72.182,0.839417748,1.293849631,-3.316662576,102.9
72.195,0.868704771,1.326806178,-3.316662576,102.9
72.208,0.89713041,1.359762725,-3.316662576,102.9
72.22,0.92555605,1.359762725,-3.316662576,102.9
72.233,0.951828232,1.392719272,-3.380961702,103
72.246,0.976377648,1.392719272,-3.380961702,103
72.259,0.998773606,1.392719272,-3.380961702,103
72.271,1.018154724,1.392719272,-3.380961702,103
72.284,1.033659618,1.392719272,-3.380961702,103
72.297,1.04571898,1.359762725,-3.380961702,103
72.309,1.053040736,1.359762725,-3.380961702,103
72.322,1.057778342,1.326806178,-3.380961702,103
72.335,1.058209034,1.260893084,-3.380961702,103
72.347,1.056486268,1.160802829,-3.374773195,102.9
72.36,1.051748661,1.027756028,-3.380961702,103
72.373,1.043565523,0.895929839,-3.374773195,102.9
72.386,1.031075469,0.762883037,-3.380961702,103
72.398,1.017293341,0.696969943,-3.410474068,102.9
72.411,1.00006568,0.629836235,-3.316662576,102.9
72.424,0.982407329,0.596879688,-3.316662576,102.9
72.436,0.962595519,0.530966594,-3.334274651,102.8
72.449,0.941922327,0.463832887,-3.340463158,102.9
72.462,0.920818443,0.430876339,-3.334274651,102.8
72.475,0.897561102,0.397919792,-3.240463158,102.8
72.487,0.873442377,0.332006698,-3.234274651,102.7
72.5,0.846739504,0.299050151,-3.240463158,102.8
72.513,0.817883173,0.231916443,-3.234274651,102.7
72.525,0.786012001,0.166003349,-3.182352538,102.8
72.538,0.751556681,0.100090254,-3.169975524,102.6
72.551,0.713225136,0.032956547,-3.176164031,102.7
72.563,0.671878752,-0.032956547,-3.069975524,102.5
72.576,0.624071994,-0.100090254,-3.111864905,102.6
72.589,0.570666247,-0.133046802,-3.111864905,102.6
72.602,0.511230819,-0.198959896,-3.011864905,102.5
72.614,0.44576571,-0.231916443,-3.011864905,102.5
72.627,0.375993686,-0.299050151,-2.947565778,102.4
72.64,0.302345438,-0.332006698,-2.947565778,102.4
72.652,0.226543733,-0.397919792,-2.847565778,102.3
72.665,0.149019262,-0.430876339,-2.865177853,102.2
72.678,0.071064099,-0.463832887,-2.77136636,102.2
72.69,-0.007321756,-0.563923141,-2.765177853,102.1
72.703,-0.087861068,-0.662792783,-2.77136636,102.2
72.716,-0.168831071,-0.762883037,-2.765177853,102.1
72.729,-0.248509,-0.895929839,-2.77136636,102.2
72.741,-0.32861762,-0.99479948,-2.765177853,102.1
72.754,-0.407003475,-1.094889735,-2.87136636,102.3
72.767,-0.483666563,-1.160802829,-2.865177853,102.2
72.779,-0.557314811,-1.226715924,-2.847565778,102.3
72.792,-0.627086835,-1.226715924,-2.841377271,102.2
72.805,-0.693413327,-1.226715924,-2.853754285,102.4
72.818,-0.754571521,-1.226715924,-2.941377271,102.3
72.83,-0.8114228,-1.226715924,-2.853754285,102.4
72.843,-0.863536473,-1.226715924,-2.841377271,102.2
72.856,-0.910481847,-1.193759376,-2.847565778,102.3
72.868,-0.952258923,-1.193759376,-2.865177853,102.2
72.881,-0.987144935,-1.160802829,-2.847565778,102.3
72.894,-1.016862649,-1.127846282,-2.841377271,102.2
72.906,-1.040981374,-1.127846282,-2.87136636,102.3
72.919,-1.060793183,-1.094889735,-2.77136636,102.2
72.932,-1.075006003,-1.061933188,-2.77136636,102.2
72.945,-1.084911907,-1.027756028,-2.765177853,102.1
72.957,-1.090510897,-0.99479948,-2.77136636,102.2
72.97,-1.092233663,-0.961842933,-2.765177853,102.1
72.983,-1.092233663,-0.928886386,-2.77136636,102.2
72.995,-1.089649514,-0.828796131,-2.765177853,102.1
73.008,-1.08577329,-0.72992649,-2.77136636,102.2
73.021,-1.078451535,-0.596879688,-2.765177853,102.1
73.033,-1.069407013,-0.530966594,-2.77136636,102.2
73.046,-1.058639725,-0.463832887,-2.865177853,102.2
73.059,-1.047872438,-0.430876339,-2.87136636,102.3
73.072,-1.036674459,-0.430876339,-2.865177853,102.2
73.084,-1.024184405,-0.364963245,-2.877554867,102.4
73.097,-1.01126366,-0.332006698,-2.865177853,102.2
73.11,-0.996620148,-0.299050151,-2.877554867,102.4
73.122,-0.981976637,-0.299050151,-2.865177853,102.2
73.135,-0.966902434,-0.26487299,-2.87136636,102.3
73.148,-0.95139754,-0.231916443,-2.865177853,102.2
73.161,-0.936323337,-0.231916443,-2.87136636,102.3
73.173,-0.921679826,-0.198959896,-2.865177853,102.2
73.186,-0.907897698,-0.198959896,-2.87136636,102.3
73.199,-0.89411557,-0.166003349,-2.841377271,102.2
73.211,-0.882056207,-0.166003349,-2.847565778,102.3
73.224,-0.870858228,-0.133046802,-2.847565778,102.3
73.237,-0.861813707,-0.133046802,-2.847565778,102.3
73.249,-0.854922642,-0.133046802,-2.87136636,102.3
73.262,-0.851046419,-0.133046802,-2.865177853,102.2
73.275,-0.849754344,-0.166003349,-2.87136636,102.3
73.288,-0.850615727,-0.198959896,-2.747565778,102.2
73.3,-0.851907802,-0.26487299,-2.747565778,102.2
73.313,-0.854922642,-0.332006698,-2.747565778,102.2
73.326,-0.860521632,-0.430876339,-2.765177853,102.1
73.338,-0.867843388,-0.498010047,-2.77136636,102.2
73.351,-0.878179984,-0.563923141,-2.765177853,102.1
73.364,-0.890239346,-0.596879688,-2.77136636,102.2
73.376,-0.903160091,-0.662792783,-2.765177853,102.1
73.389,-0.918664986,-0.696969943,-2.67136636,102.1
73.402,-0.935892646,-0.72992649,-2.665177853,102
73.415,-0.953550998,-0.762883037,-2.67136636,102.1
73.427,-0.972932115,-0.795839584,-2.665177853,102
73.44,-0.992743925,-0.828796131,-2.67136636,102.1
73.453,-1.012555734,-0.895929839,-2.665177853,102
73.465,-1.032798235,-0.928886386,-2.67136636,102.1
73.478,-1.053902119,-0.961842933,-2.665177853,102
73.491,-1.075006003,-0.99479948,-2.607067233,102
73.504,-1.09697127,-1.027756028,-2.607067233,102
73.516,-1.121951377,-1.061933188,-2.600878726,101.9
73.529,-1.150377017,-1.061933188,-2.607067233,102
73.542,-1.180956114,-1.094889735,-2.600878726,101.9
73.554,-1.209381753,-1.094889735,-2.607067233,102
73.567,-1.236515318,-1.094889735,-2.600878726,101.9
73.58,-1.261495426,-1.094889735,-2.607067233,102
73.592,-1.285183458,-1.094889735,-2.500878726,101.8
73.605,-1.307148725,-1.094889735,-2.507067233,101.9
73.618,-1.327391226,-1.094889735,-2.507067233,101.9
73.631,-1.345910961,-1.094889735,-2.507067233,101.9
73.643,-1.363138621,-1.094889735,-2.507067233,101.9
73.656,-1.379074207,-1.061933188,-2.507067233,101.9
73.669,-1.393717718,-1.061933188,-2.507067233,101.9
73.681,-1.406207772,-1.061933188,-2.500878726,101.8
73.694,-1.417405751,-1.061933188,-2.507067233,101.9
73.707,-1.428173039,-1.061933188,-2.507067233,101.9
73.719,-1.435925486,-1.027756028,-2.407067233,101.8
73.732,-1.441955167,-1.027756028,-2.400878726,101.7
73.745,-1.444970008,-0.99479948,-2.400878726,101.7
73.758,-1.447123465,-0.99479948,-2.407067233,101.8
73.77,-1.447984848,-0.961842933,-2.4365796,101.7
73.783,-1.44841554,-0.961842933,-2.407067233,101.8
73.796,-1.449276923,-0.961842933,-2.400878726,101.7
73.808,-1.449276923,-0.961842933,-2.407067233,101.8
73.821,-1.449707614,-0.961842933,-2.400878726,101.7
73.834,-1.450568997,-0.961842933,-2.407067233,101.8
73.847,-1.450999689,-0.961842933,-2.400878726,101.7
73.859,-1.450999689,-0.961842933,-2.407067233,101.8
73.872,-1.451861072,-0.961842933,-2.400878726,101.7
73.885,-1.451861072,-0.928886386,-2.407067233,101.8
73.897,-1.453153146,-0.961842933,-2.400878726,101.7
73.91,-1.453583838,-0.961842933,-2.407067233,101.8
73.923,-1.455737295,-0.961842933,-2.400878726,101.7
73.935,-1.45702937,-0.961842933,-2.407067233,101.8
73.948,-1.459613519,-0.961842933,-2.407067233,101.8
73.961,-1.463059051,-0.961842933,-2.407067233,101.8
73.974,-1.466504583,-0.961842933,-2.407067233,101.8
73.986,-1.470380807,-0.99479948,-2.407067233,101.8
73.999,-1.47425703,-0.99479948,-2.407067233,101.8
74.012,-1.479425328,-0.99479948,-2.407067233,101.8
74.024,-1.484593626,-0.99479948,-2.407067233,101.8
74.037,-1.491484691,-0.99479948,-2.407067233,101.8
74.05,-1.497514372,-1.027756028,-2.400878726,101.7
74.062,-1.505266819,-1.027756028,-2.407067233,101.8
74.075,-1.513019266,-1.027756028,-2.400878726,101.7
74.088,-1.522925171,-1.027756028,-2.407067233,101.8
74.101,-1.532831075,-1.027756028,-2.300878726,101.6
74.113,-1.54273698,-1.061933188,-2.307067233,101.7
74.126,-1.552642885,-1.027756028,-2.300878726,101.6
74.139,-1.562548789,-1.061933188,-2.307067233,101.7
74.151,-1.572024002,-1.061933188,-2.300878726,101.6
74.164,-1.57977645,-1.027756028,-2.307067233,101.7
74.177,-1.587098205,-1.027756028,-2.300878726,101.6
74.19,-1.591835812,-1.027756028,-2.307067233,101.7
74.202,-1.596573418,-1.027756028,-2.300878726,101.6
74.215,-1.599588259,-1.027756028,-2.307067233,101.7
74.228,-1.601741716,-1.027756028,-2.300878726,101.6
74.24,-1.603033791,-0.99479948,-2.300878726,101.6
74.253,-1.603895174,-0.961842933,-2.300878726,101.6
74.266,-1.602603099,-0.928886386,-2.300878726,101.6
74.278,-1.600449642,-0.828796131,-2.307067233,101.7
74.291,-1.597865493,-0.762883037,-2.300878726,101.6
74.304,-1.593989269,-0.662792783,-2.307067233,101.7
74.317,-1.589251663,-0.596879688,-2.300878726,101.6
74.329,-1.584083365,-0.530966594,-2.407067233,101.8
74.342,-1.578484375,-0.498010047,-2.400878726,101.7
74.355,-1.572024002,-0.498010047,-2.407067233,101.8
74.367,-1.56556363,-0.463832887,-2.400878726,101.7
74.38,-1.557380491,-0.430876339,-2.407067233,101.8
74.393,-1.550058736,-0.397919792,-2.407067233,101.8
74.405,-1.542306288,-0.397919792,-2.500878726,101.8
74.418,-1.533692458,-0.364963245,-2.507067233,101.9
74.431,-1.523786554,-0.332006698,-2.465177853,101.8
74.444,-1.51431134,-0.299050151,-2.47136636,101.9
74.456,-1.503974744,-0.26487299,-2.465177853,101.8
74.469,-1.493207457,-0.26487299,-2.47136636,101.9
74.482,-1.48287086,-0.231916443,-2.465177853,101.8
74.494,-1.470380807,-0.231916443,-2.47136636,101.9
74.507,-1.458321444,-0.198959896,-2.47136636,101.9
74.52,-1.444970008,-0.166003349,-2.57136636,102
74.533,-1.432049262,-0.166003349,-2.57136636,102
74.545,-1.417405751,-0.133046802,-2.565177853,101.9
74.558,-1.40276224,-0.133046802,-2.57136636,102
74.571,-1.386395963,-0.100090254,-2.541377271,101.9
74.583,-1.369168302,-0.065913094,-2.57136636,102
74.596,-1.350648568,-0.032956547,-2.565177853,101.9
74.609,-1.329975375,0,-2.547565778,102
74.621,-1.3084408,0.032956547,-2.641377271,102
74.634,-1.285183458,0.065913094,-2.647565778,102.1
74.647,-1.260203351,0.100090254,-2.641377271,102
74.66,-1.233069786,0.133046802,-2.647565778,102.1
74.672,-1.202490689,0.166003349,-2.641377271,102
74.685,-1.171050209,0.198959896,-2.747565778,102.2
74.698,-1.137456271,0.231916443,-2.747565778,102.2
74.71,-1.102139568,0.26487299,-2.747565778,102.2
74.723,-1.065100098,0.26487299,-2.711864905,102.2
74.736,-1.026768554,0.299050151,-2.705676397,102.1
74.748,-0.985852861,0.332006698,-2.811864905,102.3
74.761,-0.943214401,0.332006698,-2.805676397,102.2
74.774,-0.897991793,0.364963245,-2.776164031,102.3
74.787,-0.853199876,0.364963245,-2.776164031,102.3
74.799,-0.80840796,0.364963245,-2.876164031,102.4
74.812,-0.763185351,0.364963245,-2.876164031,102.4
74.825,-0.718393435,0.364963245,-2.869975524,102.3
74.837,-0.674032209,0.364963245,-2.876164031,102.4
74.85,-0.629240292,0.364963245,-2.834274651,102.3
74.863,-0.58574045,0.332006698,-2.840463158,102.4
74.876,-0.541809916,0.332006698,-2.869975524,102.3
74.888,-0.499602149,0.332006698,-2.876164031,102.4
74.901,-0.458686456,0.299050151,-2.869975524,102.3
74.914,-0.41992422,0.332006698,-2.876164031,102.4
74.926,-0.38288475,0.332006698,-2.869975524,102.3
74.939,-0.347568047,0.332006698,-2.876164031,102.4
74.952,-0.314835492,0.332006698,-2.834274651,102.3
74.964,-0.284256395,0.332006698,-2.876164031,102.4
74.977,-0.257984213,0.332006698,-2.869975524,102.3
74.99,-0.234726872,0.332006698,-2.876164031,102.4
75.003,-0.214915062,0.332006698,-2.876164031,102.4
75.015,-0.198979476,0.332006698,-2.876164031,102.4
75.028,-0.186489423,0.332006698,-2.876164031,102.4
75.041,-0.176583518,0.332006698,-2.869975524,102.3
75.053,-0.169261762,0.332006698,-2.869975524,102.3
75.066,-0.165385539,0.332006698,-2.869975524,102.3
75.079,-0.163232081,0.299050151,-2.876164031,102.4
75.091,-0.16280139,0.26487299,-2.876164031,102.4
75.104,-0.164093464,0.231916443,-2.876164031,102.4
75.117,-0.166677613,0.133046802,-2.876164031,102.4
75.13,-0.170123145,0.065913094,-2.869975524,102.3
75.142,-0.174430061,-0.032956547,-2.876164031,102.4
75.155,-0.180459742,-0.065913094,-2.869975524,102.3
75.168,-0.18562804,-0.100090254,-2.876164031,102.4
75.18,-0.192519104,-0.133046802,-2.869975524,102.3
75.193,-0.198979476,-0.166003349,-2.876164031,102.4
75.206,-0.206301232,-0.166003349,-2.869975524,102.3
75.219,-0.214053679,-0.198959896,-2.876164031,102.4
75.231,-0.222667509,-0.198959896,-2.769975524,102.2
75.244,-0.23128134,-0.231916443,-2.776164031,102.3
75.257,-0.238603095,-0.231916443,-2.769975524,102.2
75.269,-0.246786234,-0.26487299,-2.811864905,102.3
75.282,-0.253677298,-0.26487299,-2.805676397,102.2
75.295,-0.260999054,-0.26487299,-2.769975524,102.2
75.307,-0.267890118,-0.299050151,-2.776164031,102.3
75.32,-0.273489107,-0.299050151,-2.769975524,102.2
75.333,-0.279088097,-0.299050151,-2.776164031,102.3
75.346,-0.283825703,-0.299050151,-2.805676397,102.2
75.358,-0.287701927,-0.299050151,-2.811864905,102.3
75.371,-0.291578151,-0.332006698,-2.805676397,102.2
75.384,-0.295023683,-0.299050151,-2.776164031,102.3
75.396,-0.296746449,-0.299050151,-2.769975524,102.2
75.409,-0.298038523,-0.299050151,-2.776164031,102.3
75.422,-0.298899906,-0.26487299,-2.769975524,102.2
75.434,-0.298038523,-0.231916443,-2.776164031,102.3
75.447,-0.296746449,-0.198959896,-2.769975524,102.2
75.46,-0.293731608,-0.133046802,-2.805676397,102.2
75.473,-0.290716768,-0.100090254,-2.811864905,102.3
75.485,-0.286409852,0,-2.805676397,102.2
75.498,-0.280810863,0.032956547,-2.811864905,102.3
75.511,-0.275642565,0.065913094,-2.841377271,102.2
75.523,-0.269612884,0.100090254,-2.811864905,102.3
75.536,-0.263583203,0.100090254,-2.805676397,102.2
75.549,-0.257984213,0.133046802,-2.805676397,102.2
75.562,-0.251093149,0.133046802,-2.841377271,102.2
75.574,-0.243771393,0.166003349,-2.805676397,102.2
75.587,-0.236880329,0.198959896,-2.811864905,102.3
75.6,-0.22869719,0.198959896,-2.805676397,102.2
75.612,-0.221375435,0.198959896,-2.811864905,102.3
75.625,-0.214915062,0.231916443,-2.805676397,102.2
75.638,-0.20845469,0.231916443,-2.811864905,102.3
75.65,-0.202425009,0.26487299,-2.805676397,102.2
75.663,-0.197687402,0.26487299,-2.811864905,102.3
75.676,-0.192519104,0.26487299,-2.805676397,102.2
75.689,-0.187350806,0.299050151,-2.811864905,102.3
75.701,-0.183043891,0.299050151,-2.805676397,102.2
75.714,-0.179167667,0.299050151,-2.811864905,102.3
75.727,-0.175291444,0.299050151,-2.805676397,102.2
75.739,-0.172707295,0.299050151,-2.811864905,102.3
75.752,-0.17141522,0.299050151,-2.805676397,102.2
75.765,-0.170553837,0.26487299,-2.847565778,102.3
75.777,-0.170553837,0.231916443,-2.811864905,102.3
75.79,-0.17141522,0.198959896,-2.811864905,102.3
75.803,-0.173137986,0.133046802,-2.805676397,102.2
75.816,-0.175291444,0.100090254,-2.811864905,102.3
75.828,-0.177875593,0.065913094,-2.841377271,102.2
75.841,-0.180459742,0.032956547,-2.805676397,102.2
75.854,-0.183043891,0,-2.805676397,102.2
75.866,-0.18562804,-0.065913094,-2.811864905,102.3
75.879,-0.18864288,-0.065913094,-2.805676397,102.2
75.892,-0.191227029,-0.100090254,-2.811864905,102.3
75.905,-0.193811178,-0.133046802,-2.841377271,102.2
75.917,-0.196395327,-0.133046802,-2.847565778,102.3
75.93,-0.198979476,-0.133046802,-2.741377271,102.1
75.943,-0.201132934,-0.133046802,-2.747565778,102.2
75.955,-0.202425009,-0.133046802,-2.735188764,102
75.968,-0.203717083,-0.133046802,-2.711864905,102.2
75.981,-0.203717083,-0.133046802,-2.705676397,102.1
75.993,-0.203717083,-0.100090254,-2.711864905,102.2
76.006,-0.2028557,-0.100090254,-2.741377271,102.1
76.019,-0.202425009,-0.065913094,-2.747565778,102.2
76.032,-0.201132934,-0.032956547,-2.741377271,102.1
76.044,-0.199840859,0,-2.747565778,102.2
76.057,-0.198979476,0.032956547,-2.741377271,102.1
76.07,-0.197687402,0.032956547,-2.747565778,102.2
76.082,-0.195533944,0.065913094,-2.711864905,102.2
76.095,-0.193811178,0.100090254,-2.747565778,102.2
76.108,-0.191227029,0.166003349,-2.741377271,102.1
76.12,-0.187781497,0.198959896,-2.741377271,102.1
76.133,-0.183905274,0.26487299,-2.705676397,102.1
76.146,-0.18002905,0.26487299,-2.711864905,102.2
76.159,-0.175291444,0.299050151,-2.705676397,102.1
76.171,-0.17141522,0.299050151,-2.711864905,102.2
76.184,-0.16581623,0.299050151,-2.741377271,102.1
76.197,-0.160647932,0.332006698,-2.747565778,102.2
76.209,-0.154618251,0.332006698,-2.741377271,102.1
76.222,-0.148157879,0.364963245,-2.747565778,102.2
76.235,-0.140836123,0.364963245,-2.741377271,102.1
76.248,-0.132222293,0.364963245,-2.747565778,102.2
76.26,-0.122316388,0.364963245,-2.841377271,102.2
76.273,-0.111118409,0.397919792,-2.811864905,102.3
76.286,-0.099059047,0.397919792,-2.805676397,102.2
76.298,-0.085276918,0.430876339,-2.811864905,102.3
76.311,-0.070202716,0.430876339,-2.805676397,102.2
76.324,-0.05426713,0.463832887,-2.811864905,102.3
76.336,-0.037900853,0.463832887,-2.841377271,102.2
76.349,-0.020673192,0.498010047,-2.811864905,102.3
76.362,-0.002153458,0.530966594,-2.805676397,102.2
76.375,0.01722766,0.530966594,-2.805676397,102.2
76.387,0.037470161,0.563923141,-2.811864905,102.3
76.4,0.05728197,0.563923141,-2.805676397,102.2
76.413,0.078385854,0.596879688,-2.811864905,102.3
76.425,0.099489738,0.596879688,-2.841377271,102.2
76.438,0.120162931,0.596879688,-2.841377271,102.2
76.451,0.141266814,0.629836235,-2.841377271,102.2
76.463,0.161078624,0.629836235,-2.811864905,102.3
76.476,0.179598359,0.629836235,-2.811864905,102.3
76.489,0.19725671,0.662792783,-2.811864905,102.3
76.502,0.214484371,0.662792783,-2.811864905,102.3
76.514,0.23128134,0.696969943,-2.805676397,102.2
76.527,0.245494159,0.662792783,-2.811864905,102.3
76.54,0.257984213,0.662792783,-2.805676397,102.2
76.552,0.267890118,0.662792783,-2.811864905,102.3
76.565,0.275211873,0.662792783,-2.805676397,102.2
76.578,0.278657405,0.662792783,-2.811864905,102.3
76.591,0.27994948,0.596879688,-2.805676397,102.2
76.603,0.277796022,0.530966594,-2.847565778,102.3
76.616,0.274781182,0.463832887,-2.841377271,102.2
76.629,0.268751501,0.332006698,-2.805676397,102.2
76.641,0.260999054,0.231916443,-2.805676397,102.2
76.654,0.251093149,0.166003349,-2.805676397,102.2
76.667,0.239464478,0.133046802,-2.847565778,102.3
76.679,0.227835807,0.100090254,-2.841377271,102.2
76.692,0.214053679,0.100090254,-2.847565778,102.3
76.705,0.199840859,0.065913094,-2.841377271,102.2
76.718,0.18562804,0.032956547,-2.847565778,102.3
76.73,0.170123145,0,-2.841377271,102.2
76.743,0.154618251,-0.032956547,-2.847565778,102.3
76.756,0.138682665,-0.065913094,-2.841377271,102.2
76.768,0.12274708,-0.100090254,-2.847565778,102.3
76.781,0.106811494,-0.133046802,-2.841377271,102.2
76.794,0.090445217,-0.166003349,-2.747565778,102.2
76.806,0.073217556,-0.198959896,-2.747565778,102.2
76.819,0.055989896,-0.231916443,-2.747565778,102.2
76.832,0.038331544,-0.231916443,-2.741377271,102.1
76.845,0.020242501,-0.26487299,-2.747565778,102.2
76.857,0.001722766,-0.299050151,-2.747565778,102.2
76.87,-0.016796969,-0.332006698,-2.747565778,102.2
76.883,-0.034455321,-0.364963245,-2.747565778,102.2
76.895,-0.052544364,-0.397919792,-2.747565778,102.2
76.908,-0.070202716,-0.397919792,-2.765177853,102.1
76.921,-0.087430376,-0.430876339,-2.77136636,102.2
76.934,-0.104658036,-0.463832887,-2.765177853,102.1
76.946,-0.120593622,-0.463832887,-2.77136636,102.2
76.959,-0.13437575,-0.463832887,-2.765177853,102.1
76.972,-0.146865804,-0.463832887,-2.67136636,102.1
76.984,-0.156771709,-0.498010047,-2.665177853,102
76.997,-0.16280139,-0.498010047,-2.647565778,102.1
77.01,-0.16581623,-0.463832887,-2.641377271,102
77.022,-0.16581623,-0.430876339,-2.647565778,102.1
77.035,-0.164093464,-0.332006698,-2.665177853,102
77.048,-0.160217241,-0.26487299,-2.67136636,102.1
77.061,-0.153326177,-0.166003349,-2.641377271,102
77.073,-0.144712347,-0.100090254,-2.647565778,102.1
77.086,-0.135667825,-0.032956547,-2.665177853,102
77.099,-0.124900537,0,-2.67136636,102.1
77.111,-0.114994633,0.032956547,-2.765177853,102.1
77.124,-0.103365962,0.065913094,-2.77136636,102.2
77.137,-0.0913066,0.100090254,-2.765177853,102.1
77.149,-0.079247237,0.133046802,-2.77136636,102.2
77.162,-0.066757184,0.166003349,-2.741377271,102.1
77.175,-0.053836438,0.198959896,-2.747565778,102.2
77.188,-0.040485002,0.231916443,-2.741377271,102.1
77.2,-0.026702873,0.231916443,-2.747565778,102.2
77.213,-0.012920745,0.26487299,-2.741377271,102.1
77.226,0.001292075,0.299050151,-2.747565778,102.2
77.238,0.015074203,0.332006698,-2.741377271,102.1
77.251,0.028856331,0.364963245,-2.747565778,102.2
77.264,0.043499842,0.364963245,-2.741377271,102.1
77.277,0.05728197,0.397919792,-2.747565778,102.2
77.289,0.071064099,0.397919792,-2.765177853,102.1
77.302,0.084415535,0.430876339,-2.77136636,102.2
77.315,0.096905589,0.463832887,-2.741377271,102.1
77.327,0.108103568,0.463832887,-2.747565778,102.2
77.34,0.118009473,0.463832887,-2.741377271,102.1
77.353,0.126192612,0.463832887,-2.747565778,102.2
77.365,0.131791601,0.463832887,-2.741377271,102.1
77.378,0.136098516,0.498010047,-2.747565778,102.2
77.391,0.137390591,0.463832887,-2.741377271,102.1
77.404,0.137390591,0.430876339,-2.747565778,102.2
77.416,0.135237133,0.364963245,-2.741377271,102.1
77.429,0.131791601,0.26487299,-2.741377271,102.1
77.442,0.126192612,0.166003349,-2.741377271,102.1
77.454,0.119301548,0.100090254,-2.747565778,102.2
77.467,0.111979792,0.065913094,-2.747565778,102.2
77.48,0.104227345,0.065913094,-2.77136636,102.2
77.492,0.096905589,0.032956547,-2.77136636,102.2
77.505,0.089153142,0,-2.765177853,102.1
77.518,0.081831386,-0.032956547,-2.765177853,102.1
77.531,0.073648248,-0.032956547,-2.77136636,102.2
77.543,0.066757184,-0.065913094,-2.665177853,102
77.556,0.060727503,-0.065913094,-2.647565778,102.1
77.569,0.055128513,-0.100090254,-2.641377271,102
77.581,0.050821598,-0.100090254,-2.67136636,102.1
77.594,0.047376066,-0.100090254,-2.665177853,102
77.607,0.045222608,-0.100090254,-2.67136636,102.1
77.62,0.044791917,-0.100090254,-2.641377271,102
77.632,0.044791917,-0.065913094,-2.647565778,102.1
77.645,0.044791917,-0.032956547,-2.641377271,102
77.658,0.046945374,0,-2.647565778,102.1
77.67,0.049529523,0.065913094,-2.641377271,102
77.683,0.052113672,0.133046802,-2.647565778,102.1
77.696,0.055128513,0.198959896,-2.641377271,102
77.708,0.059435428,0.26487299,-2.641377271,102
77.721,0.063742343,0.26487299,-2.647565778,102.1
77.734,0.069341333,0.299050151,-2.665177853,102
77.747,0.074509631,0.299050151,-2.67136636,102.1
77.759,0.080539312,0.332006698,-2.665177853,102
77.772,0.086568993,0.364963245,-2.647565778,102.1
77.785,0.092167983,0.364963245,-2.641377271,102
77.797,0.099059047,0.397919792,-2.647565778,102.1
77.81,0.106380802,0.397919792,-2.641377271,102
77.823,0.112841175,0.430876339,-2.647565778,102.1
77.835,0.120162931,0.463832887,-2.641377271,102
77.848,0.126623303,0.463832887,-2.77136636,102.2
77.861,0.133945059,0.463832887,-2.77136636,102.2
77.874,0.141697506,0.498010047,-2.747565778,102.2
77.886,0.149880645,0.498010047,-2.747565778,102.2
77.899,0.157633092,0.530966594,-2.741377271,102.1
77.912,0.166246922,0.530966594,-2.747565778,102.2
77.924,0.174860752,0.563923141,-2.741377271,102.1
77.937,0.183474582,0.563923141,-2.747565778,102.2
77.95,0.192949795,0.563923141,-2.741377271,102.1
77.963,0.201563626,0.596879688,-2.747565778,102.2
77.975,0.209746764,0.596879688,-2.747565778,102.2
77.988,0.218360594,0.629836235,-2.741377271,102.1
78.001,0.226543733,0.629836235,-2.747565778,102.2
78.013,0.23429618,0.629836235,-2.741377271,102.1
78.026,0.241617936,0.629836235,-2.747565778,102.2
78.039,0.248078308,0.629836235,-2.741377271,102.1
78.051,0.254969372,0.629836235,-2.747565778,102.2
78.064,0.261429745,0.662792783,-2.741377271,102.1
78.077,0.266598043,0.662792783,-2.747565778,102.2
78.09,0.270904958,0.662792783,-2.741377271,102.1
78.102,0.273919799,0.662792783,-2.747565778,102.2
78.115,0.274781182,0.629836235,-2.741377271,102.1
78.128,0.274781182,0.596879688,-2.747565778,102.2
78.14,0.273489107,0.563923141,-2.741377271,102.1
78.153,0.27133565,0.498010047,-2.747565778,102.2
78.166,0.268751501,0.430876339,-2.747565778,102.2
78.178,0.265305969,0.364963245,-2.747565778,102.2
78.191,0.262291128,0.299050151,-2.747565778,102.2
78.204,0.257984213,0.26487299,-2.77136636,102.2
78.217,0.253677298,0.231916443,-2.747565778,102.2
78.229,0.250231766,0.198959896,-2.747565778,102.2
78.242,0.245494159,0.198959896,-2.747565778,102.2
78.255,0.241617936,0.166003349,-2.747565778,102.2
78.267,0.237741712,0.166003349,-2.747565778,102.2
78.28,0.233865489,0.166003349,-2.747565778,102.2
78.293,0.229558574,0.133046802,-2.741377271,102.1
78.306,0.22568235,0.133046802,-2.747565778,102.2
78.318,0.222667509,0.133046802,-2.741377271,102.1
78.331,0.219652669,0.133046802,-2.647565778,102.1
78.344,0.216637828,0.133046802,-2.665177853,102
78.356,0.214053679,0.100090254,-2.67136636,102.1
78.369,0.210608147,0.100090254,-2.641377271,102
78.382,0.208023998,0.100090254,-2.647565778,102.1
78.394,0.205870541,0.100090254,-2.665177853,102
78.407,0.204578466,0.100090254,-2.67136636,102.1
78.42,0.204147775,0.100090254,-2.641377271,102
78.433,0.204147775,0.133046802,-2.647565778,102.1
78.445,0.204147775,0.133046802,-2.665177853,102
78.458,0.204578466,0.166003349,-2.67136636,102.1
78.471,0.205870541,0.198959896,-2.67136636,102.1
78.483,0.207162615,0.231916443,-2.641377271,102
78.496,0.20845469,0.26487299,-2.67136636,102.1
78.509,0.209746764,0.332006698,-2.641377271,102
78.521,0.211900222,0.332006698,-2.647565778,102.1
78.534,0.214484371,0.364963245,-2.641377271,102
78.547,0.216637828,0.397919792,-2.67136636,102.1
78.56,0.219221977,0.430876339,-2.665177853,102
78.572,0.221806126,0.463832887,-2.647565778,102.1
78.585,0.224390275,0.463832887,-2.641377271,102
78.598,0.227835807,0.498010047,-2.647565778,102.1
78.61,0.23128134,0.498010047,-2.647565778,102.1
78.623,0.23429618,0.498010047,-2.641377271,102
78.636,0.237741712,0.530966594,-2.647565778,102.1
78.648,0.241617936,0.530966594,-2.665177853,102
78.661,0.245063468,0.563923141,-2.67136636,102.1
78.674,0.249370383,0.563923141,-2.665177853,102
78.687,0.253677298,0.563923141,-2.67136636,102.1
78.699,0.257553521,0.563923141,-2.665177853,102
78.712,0.261429745,0.596879688,-2.67136636,102.1
78.725,0.266167352,0.596879688,-2.665177853,102
78.737,0.270904958,0.596879688,-2.67136636,102.1
78.75,0.276503948,0.596879688,-2.647565778,102.1
78.763,0.282102937,0.629836235,-2.747565778,102.2
78.776,0.287701927,0.629836235,-2.77136636,102.2
78.788,0.294592991,0.662792783,-2.741377271,102.1
78.801,0.301053364,0.662792783,-2.747565778,102.2
78.814,0.309236502,0.662792783,-2.741377271,102.1
78.826,0.317850333,0.696969943,-2.747565778,102.2
78.839,0.326033471,0.696969943,-2.741377271,102.1
78.852,0.335508684,0.696969943,-2.747565778,102.2
78.864,0.345414589,0.72992649,-2.741377271,102.1
78.877,0.355320494,0.72992649,-2.747565778,102.2
78.89,0.36565709,0.72992649,-2.741377271,102.1
78.903,0.376424378,0.762883037,-2.747565778,102.2
78.915,0.387622357,0.762883037,-2.747565778,102.2
78.928,0.398820336,0.762883037,-2.747565778,102.2
78.941,0.410018315,0.795839584,-2.747565778,102.2
78.953,0.420785603,0.795839584,-2.747565778,102.2
78.966,0.431983582,0.795839584,-2.747565778,102.2
78.979,0.442320178,0.828796131,-2.747565778,102.2
78.992,0.453948849,0.828796131,-2.747565778,102.2
79.004,0.46557752,0.828796131,-2.747565778,102.2
79.017,0.476344807,0.828796131,-2.747565778,102.2
79.03,0.487973478,0.862973292,-2.847565778,102.3
79.042,0.498740766,0.862973292,-2.847565778,102.3
79.055,0.509938745,0.862973292,-2.847565778,102.3
79.068,0.521136724,0.862973292,-2.841377271,102.2
79.08,0.532334703,0.862973292,-2.847565778,102.3
79.093,0.543532682,0.895929839,-2.841377271,102.2
79.106,0.554730662,0.895929839,-2.847565778,102.3
79.119,0.565928641,0.895929839,-2.841377271,102.2
79.131,0.575834546,0.895929839,-2.847565778,102.3
79.144,0.587032525,0.895929839,-2.841377271,102.2
79.157,0.596938429,0.895929839,-2.847565778,102.3
79.169,0.607705717,0.928886386,-2.841377271,102.2
79.182,0.617611622,0.928886386,-2.847565778,102.3
79.195,0.626656143,0.928886386,-2.841377271,102.2
79.207,0.636131357,0.928886386,-2.847565778,102.3
79.22,0.644745187,0.961842933,-2.841377271,102.2
79.233,0.652497634,0.961842933,-2.847565778,102.3
79.246,0.659388698,0.961842933,-2.847565778,102.3
79.258,0.665849071,0.961842933,-2.847565778,102.3
79.271,0.671878752,0.928886386,-2.847565778,102.3
79.284,0.675754975,0.928886386,-2.847565778,102.3
79.296,0.678339124,0.928886386,-2.847565778,102.3
79.309,0.679631199,0.895929839,-2.811864905,102.3
79.322,0.678339124,0.828796131,-2.811864905,102.3
79.335,0.676616358,0.762883037,-2.811864905,102.3
79.347,0.672309443,0.662792783,-2.847565778,102.3
79.36,0.666710454,0.563923141,-2.847565778,102.3
79.373,0.659388698,0.498010047,-2.841377271,102.2
79.385,0.650774868,0.430876339,-2.847565778,102.3
79.398,0.64000758,0.397919792,-2.841377271,102.2
79.411,0.629670984,0.364963245,-2.847565778,102.3
79.423,0.618473005,0.332006698,-2.841377271,102.2
79.436,0.606413643,0.332006698,-2.847565778,102.3
79.449,0.59435428,0.26487299,-2.841377271,102.2
79.462,0.581864227,0.231916443,-2.847565778,102.3
79.474,0.569374173,0.231916443,-2.741377271,102.1
79.487,0.556022736,0.198959896,-2.77136636,102.2
79.5,0.542240608,0.166003349,-2.77136636,102.2
79.512,0.527597097,0.133046802,-2.77136636,102.2
79.525,0.513384277,0.100090254,-2.747565778,102.2
79.538,0.498740766,0.100090254,-2.77136636,102.2
79.55,0.48280518,0.065913094,-2.77136636,102.2
79.563,0.466869594,0.032956547,-2.765177853,102.1
79.576,0.450503317,0,-2.77136636,102.2
79.589,0.432414274,-0.032956547,-2.765177853,102.1
79.601,0.414755922,-0.065913094,-2.67136636,102.1
79.614,0.394944112,-0.100090254,-2.665177853,102
79.627,0.37427092,-0.133046802,-2.67136636,102.1
79.639,0.351874962,-0.166003349,-2.67136636,102.1
79.652,0.328186929,-0.198959896,-2.67136636,102.1
79.665,0.302345438,-0.198959896,-2.67136636,102.1
79.678,0.275211873,-0.231916443,-2.67136636,102.1
79.69,0.246355542,-0.26487299,-2.600878726,101.9
79.703,0.214484371,-0.299050151,-2.607067233,102
79.716,0.180890433,-0.332006698,-2.607067233,102
79.728,0.145143038,-0.364963245,-2.600878726,101.9
79.741,0.108103568,-0.397919792,-2.607067233,102
79.754,0.069772024,-0.430876339,-2.607067233,102
79.766,0.030148406,-0.498010047,-2.607067233,102
79.779,-0.009905905,-0.530966594,-2.607067233,102
79.792,-0.051252289,-0.563923141,-2.600878726,101.9
79.805,-0.092598674,-0.629836235,-2.607067233,102
79.817,-0.13437575,-0.662792783,-2.600878726,101.9
79.83,-0.175722135,-0.72992649,-2.607067233,102
79.843,-0.21706852,-0.762883037,-2.600878726,101.9
79.855,-0.25712283,-0.795839584,-2.607067233,102
79.868,-0.297607832,-0.828796131,-2.600878726,101.9
79.881,-0.335939376,-0.862973292,-2.607067233,102
79.893,-0.372117462,-0.895929839,-2.600878726,101.9
79.906,-0.408295549,-0.895929839,-2.607067233,102
79.919,-0.44275087,-0.895929839,-2.600878726,101.9
79.932,-0.475914116,-0.895929839,-2.613255741,102.1
79.944,-0.508215979,-0.895929839,-2.600878726,101.9
79.957,-0.54008715,-0.895929839,-2.607067233,102
79.97,-0.570235556,-0.895929839,-2.500878726,101.8
79.982,-0.59995327,-0.895929839,-2.507067233,101.9
79.995,-0.628378909,-0.862973292,-2.500878726,101.8
80.008,-0.655512474,-0.862973292,-2.507067233,101.9
80.02,-0.681353965,-0.862973292,-2.500878726,101.8
80.033,-0.705903381,-0.862973292,-2.507067233,101.9
80.046,-0.728730031,-0.862973292,-2.507067233,101.9
80.059,-0.750695298,-0.828796131,-2.542768107,101.9
80.071,-0.771799181,-0.828796131,-2.500878726,101.8
80.084,-0.792472374,-0.862973292,-2.407067233,101.8
80.097,-0.812284183,-0.862973292,-2.400878726,101.7
80.109,-0.832526684,-0.862973292,-2.407067233,101.8
80.122,-0.852338493,-0.828796131,-2.400878726,101.7
80.135,-0.873011686,-0.828796131,-2.407067233,101.8
80.148,-0.892823495,-0.828796131,-2.400878726,101.7
80.16,-0.912635304,-0.828796131,-2.413255741,101.9
80.173,-0.933308497,-0.828796131,-2.4365796,101.7
80.186,-0.954412381,-0.828796131,-2.342768107,101.7
80.198,-0.975946956,-0.828796131,-2.3365796,101.6
80.211,-0.997912223,-0.828796131,-2.348956614,101.8
80.224,-1.019446798,-0.862973292,-2.3365796,101.6
80.236,-1.042273448,-0.862973292,-2.348956614,101.8
80.249,-1.065100098,-0.862973292,-2.3365796,101.6
80.262,-1.089218823,-0.895929839,-2.342768107,101.7
80.275,-1.112045472,-0.895929839,-2.3365796,101.6
80.287,-1.135733505,-0.895929839,-2.242768107,101.6
80.3,-1.158990847,-0.895929839,-2.2365796,101.5
80.313,-1.182248188,-0.928886386,-2.242768107,101.6
80.325,-1.204644147,-0.928886386,-2.272280473,101.5
80.338,-1.227901488,-0.928886386,-2.27846898,101.6
80.351,-1.250728138,-0.928886386,-2.27846898,101.6
80.363,-1.273985479,-0.961842933,-2.27846898,101.6
80.376,-1.297242821,-0.961842933,-2.172280473,101.4
80.389,-1.321792237,-0.99479948,-2.17846898,101.5
80.402,-1.344618886,-0.99479948,-2.172280473,101.4
80.414,-1.369168302,-0.99479948,-2.17846898,101.5
80.427,-1.392856335,-1.027756028,-2.172280473,101.4
80.44,-1.416544368,-1.027756028,-2.17846898,101.5
80.452,-1.440663093,-1.061933188,-2.172280473,101.4
80.465,-1.463489743,-1.094889735,-2.17846898,101.5
80.478,-1.486747084,-1.094889735,-2.172280473,101.4
80.491,-1.510435117,-1.127846282,-2.07846898,101.4
80.503,-1.533692458,-1.127846282,-2.072280473,101.3
80.516,-1.5569498,-1.160802829,-2.07846898,101.4
80.529,-1.57977645,-1.193759376,-2.072280473,101.3
80.541,-1.602603099,-1.193759376,-2.07846898,101.4
80.554,-1.625429749,-1.226715924,-2.072280473,101.3
80.567,-1.648687091,-1.226715924,-2.07846898,101.4
80.579,-1.671944432,-1.260893084,-2.072280473,101.3
80.592,-1.694771082,-1.260893084,-2.07846898,101.4
80.605,-1.71716704,-1.293849631,-2.072280473,101.3
80.618,-1.740424382,-1.293849631,-2.072280473,101.3
80.63,-1.763681723,-1.326806178,-2.07846898,101.4
80.643,-1.786939065,-1.326806178,-2.072280473,101.3
80.656,-1.809335023,-1.326806178,-2.07846898,101.4
80.668,-1.832161673,-1.326806178,-2.072280473,101.3
80.681,-1.85412694,-1.326806178,-2.07846898,101.4
80.694,-1.876522898,-1.359762725,-2.072280473,101.3
80.706,-1.898488165,-1.359762725,-2.07846898,101.4
80.719,-1.919592049,-1.359762725,-2.07846898,101.4
80.732,-1.93983455,-1.359762725,-1.97846898,101.3
80.745,-1.959215668,-1.359762725,-1.97846898,101.3
80.757,-1.977735403,-1.359762725,-1.972280473,101.2
80.77,-1.995393754,-1.359762725,-1.97846898,101.3
80.783,-2.013482798,-1.359762725,-1.972280473,101.2
80.795,-2.029849075,-1.359762725,-1.97846898,101.3
80.808,-2.047076735,-1.359762725,-1.972280473,101.2
80.821,-2.062150938,-1.359762725,-1.97846898,101.3
80.834,-2.077655832,-1.326806178,-1.972280473,101.2
80.846,-2.090576577,-1.326806178,-1.972280473,101.2
80.859,-2.103066631,-1.326806178,-1.972280473,101.2
80.872,-2.112972536,-1.326806178,-1.972280473,101.2
80.884,-2.122447749,-1.293849631,-1.97846898,101.3
80.897,-2.129769505,-1.293849631,-1.972280473,101.2
80.91,-2.136229877,-1.260893084,-1.97846898,101.3
80.922,-2.14269025,-1.293849631,-1.972280473,101.2
80.935,-2.148719931,-1.260893084,-1.97846898,101.3
80.948,-2.155610995,-1.260893084,-1.972280473,101.2
80.961,-2.161209985,-1.260893084,-1.97846898,101.3
80.973,-2.168101049,-1.260893084,-1.972280473,101.2
80.986,-2.173269347,-1.260893084,-1.97846898,101.3
80.999,-2.179299028,-1.260893084,-1.972280473,101.2
81.011,-2.184467326,-1.260893084,-1.97846898,101.3
81.024,-2.189635624,-1.260893084,-1.972280473,101.2
81.037,-2.195665305,-1.226715924,-1.97846898,101.3
81.049,-2.202125678,-1.226715924,-1.97846898,101.3
81.062,-2.209447434,-1.260893084,-1.97846898,101.3
81.075,-2.217630572,-1.260893084,-1.97846898,101.3
81.088,-2.225383019,-1.260893084,-1.97846898,101.3
81.1,-2.233566158,-1.260893084,-1.972280473,101.2
81.113,-2.24261068,-1.260893084,-1.97846898,101.3
81.126,-2.25122451,-1.260893084,-1.97846898,101.3
81.138,-2.260269031,-1.260893084,-1.97846898,101.3
81.151,-2.26845217,-1.260893084,-1.972280473,101.2
81.164,-2.277496692,-1.260893084,-1.97846898,101.3
81.177,-2.286971905,-1.260893084,-1.972280473,101.2
81.189,-2.296016427,-1.226715924,-1.97846898,101.3
81.202,-2.30549164,-1.226715924,-1.972280473,101.2
81.215,-2.315397544,-1.260893084,-1.97846898,101.3
81.227,-2.325734141,-1.260893084,-1.972280473,101.2
81.24,-2.336501428,-1.260893084,-1.984657487,101.4
81.253,-2.346838024,-1.226715924,-1.972280473,101.2
81.265,-2.357605312,-1.226715924,-1.97846898,101.3
81.278,-2.3683726,-1.226715924,-1.972280473,101.2
81.291,-2.377417121,-1.226715924,-1.97846898,101.3
81.304,-2.388184409,-1.226715924,-1.972280473,101.2
81.316,-2.396367548,-1.226715924,-1.97846898,101.3
81.329,-2.404981378,-1.226715924,-1.972280473,101.2
81.342,-2.413164517,-1.226715924,-1.97846898,101.3
81.354,-2.420486272,-1.193759376,-2.072280473,101.3
81.367,-2.42565457,-1.193759376,-2.07846898,101.4
81.38,-2.429530794,-1.193759376,-2.072280473,101.3
81.392,-2.432976326,-1.193759376,-2.07846898,101.4
81.405,-2.433407017,-1.160802829,-2.07846898,101.4
81.418,-2.4342684,-1.094889735,-2.07846898,101.4
81.431,-2.432114943,-1.027756028,-2.072280473,101.3
81.443,-2.430822868,-0.961842933,-2.042768107,101.4
81.456,-2.426946645,-0.862973292,-2.172280473,101.4
81.469,-2.423070421,-0.762883037,-2.142768107,101.5
81.481,-2.41704074,-0.696969943,-2.1365796,101.4
81.494,-2.411011059,-0.662792783,-2.142768107,101.5
81.507,-2.404550686,-0.629836235,-2.2365796,101.5
81.52,-2.397228931,-0.596879688,-2.242768107,101.6
81.532,-2.389907175,-0.563923141,-2.2365796,101.5
81.545,-2.382154728,-0.530966594,-2.207067233,101.6
81.558,-2.373971589,-0.498010047,-2.300878726,101.6
81.57,-2.364927068,-0.463832887,-2.342768107,101.7
81.583,-2.356743929,-0.463832887,-2.300878726,101.6
81.596,-2.347699407,-0.430876339,-2.307067233,101.7
81.608,-2.339085577,-0.430876339,-2.300878726,101.6
81.621,-2.329179673,-0.397919792,-2.407067233,101.8
81.634,-2.320135151,-0.397919792,-2.407067233,101.8
81.647,-2.310229246,-0.364963245,-2.407067233,101.8
81.659,-2.300323342,-0.364963245,-2.400878726,101.7
81.672,-2.290848128,-0.332006698,-2.400878726,101.7
81.685,-2.280942224,-0.332006698,-2.400878726,101.7
81.697,-2.271897702,-0.299050151,-2.365177853,101.7
81.71,-2.261130414,-0.299050151,-2.37136636,101.8
81.723,-2.25122451,-0.299050151,-2.47136636,101.9
81.735,-2.241318605,-0.26487299,-2.47136636,101.9
81.748,-2.2314127,-0.26487299,-2.47136636,101.9
81.761,-2.221506796,-0.231916443,-2.47136636,101.9
81.774,-2.211600891,-0.231916443,-2.47136636,101.9
81.786,-2.202125678,-0.231916443,-2.465177853,101.8
81.799,-2.193081156,-0.231916443,-2.47136636,101.9
81.812,-2.184036635,-0.198959896,-2.465177853,101.8
81.824,-2.175422804,-0.198959896,-2.47136636,101.9
81.837,-2.167239666,-0.166003349,-2.465177853,101.8
81.85,-2.15991791,-0.198959896,-2.47136636,101.9
81.863,-2.153457538,-0.166003349,-2.465177853,101.8
81.875,-2.146997165,-0.166003349,-2.447565778,101.9
81.888,-2.141398175,-0.166003349,-2.465177853,101.8
81.901,-2.136229877,-0.166003349,-2.47136636,101.9
81.913,-2.132353654,-0.166003349,-2.465177853,101.8
81.926,-2.129769505,-0.166003349,-2.47136636,101.9
81.939,-2.127185356,-0.166003349,-2.47136636,101.9
81.951,-2.125031898,-0.166003349,-2.465177853,101.8
81.964,-2.123739824,-0.166003349,-2.47136636,101.9
81.977,-2.123739824,-0.166003349,-2.465177853,101.8
81.99,-2.122878441,-0.198959896,-2.47136636,101.9
82.002,-2.122878441,-0.198959896,-2.465177853,101.8
82.015,-2.122878441,-0.198959896,-2.47136636,101.9
82.028,-2.122878441,-0.198959896,-2.465177853,101.8
82.04,-2.122447749,-0.166003349,-2.47136636,101.9
82.053,-2.121586366,-0.166003349,-2.465177853,101.8
82.066,-2.120294292,-0.166003349,-2.47136636,101.9
82.078,-2.1198636,-0.166003349,-2.465177853,101.8
82.091,-2.117710142,-0.166003349,-2.47136636,101.9
82.104,-2.115125993,-0.166003349,-2.47136636,101.9
82.117,-2.111680461,-0.133046802,-2.47136636,101.9
82.129,-2.107804238,-0.133046802,-2.47136636,101.9
82.142,-2.103066631,-0.133046802,-2.447565778,101.9
82.155,-2.097467642,-0.133046802,-2.447565778,101.9
82.167,-2.091437961,-0.100090254,-2.441377271,101.8
82.18,-2.084116205,-0.100090254,-2.57136636,102
82.193,-2.076794449,-0.100090254,-2.565177853,101.9
82.206,-2.068180619,-0.100090254,-2.541377271,101.9
82.218,-2.059566789,-0.065913094,-2.547565778,102
82.231,-2.049660884,-0.065913094,-2.541377271,101.9
82.244,-2.03975498,-0.032956547,-2.547565778,102
82.256,-2.027695617,-0.032956547,-2.541377271,101.9
82.269,-2.016066947,-0.032956547,-2.547565778,102
82.282,-2.00271551,0,-2.541377271,101.9
82.294,-1.987641307,0,-2.547565778,102
82.307,-1.972567104,0.032956547,-2.665177853,102
82.32,-1.954478061,0.065913094,-2.647565778,102.1
82.333,-1.935527635,0.065913094,-2.641377271,102
82.345,-1.913131676,0.065913094,-2.647565778,102.1
82.358,-1.889012952,0.100090254,-2.641377271,102
82.371,-1.861879387,0.133046802,-2.711864905,102.2
82.383,-1.833023056,0.133046802,-2.711864905,102.2
82.396,-1.800721193,0.166003349,-2.711864905,102.2
82.409,-1.764973798,0.166003349,-2.711864905,102.2
82.421,-1.725350179,0.198959896,-2.811864905,102.3
82.434,-1.680988954,0.231916443,-2.776164031,102.3
82.447,-1.633612888,0.231916443,-2.769975524,102.2
82.46,-1.58279129,0.26487299,-2.876164031,102.4
82.472,-1.529816235,0.299050151,-2.869975524,102.3
82.485,-1.472964956,0.299050151,-2.940463158,102.5
82.498,-1.413960219,0.332006698,-2.940463158,102.5
82.51,-1.351940642,0.332006698,-2.940463158,102.5
82.523,-1.28862899,0.332006698,-3.040463158,102.6
82.536,-1.222302498,0.364963245,-3.010474068,102.5
82.549,-1.155114623,0.364963245,-3.016662576,102.6
82.561,-1.084911907,0.364963245,-3.110474068,102.6
82.574,-1.0142785,0.364963245,-3.116662576,102.7
82.587,-0.941491635,0.397919792,-3.110474068,102.6
82.599,-0.867843388,0.397919792,-3.216662576,102.8
82.612,-0.79419514,0.397919792,-3.210474068,102.7
82.625,-0.720546892,0.397919792,-3.180961702,102.8
82.637,-0.646898644,0.397919792,-3.174773195,102.7
82.65,-0.573681088,0.397919792,-3.180961702,102.8
82.663,-0.501755606,0.397919792,-3.174773195,102.7
82.676,-0.430260816,0.364963245,-3.180961702,102.8
82.688,-0.359627409,0.397919792,-3.180961702,102.8
82.701,-0.289424693,0.397919792,-3.180961702,102.8
82.714,-0.221375435,0.430876339,-3.180961702,102.8
82.726,-0.155479634,0.463832887,-3.210474068,102.7
82.739,-0.092167983,0.498010047,-3.180961702,102.8
82.752,-0.031871172,0.530966594,-3.174773195,102.7
82.764,0.023688033,0.563923141,-3.180961702,102.8
82.777,0.074509631,0.596879688,-3.210474068,102.7
82.79,0.12274708,0.629836235,-3.216662576,102.8
82.803,0.167538996,0.662792783,-3.210474068,102.7
82.815,0.20845469,0.662792783,-3.216662576,102.8
82.828,0.245494159,0.696969943,-3.210474068,102.7
82.841,0.277796022,0.72992649,-3.216662576,102.8
82.853,0.304929587,0.72992649,-3.180961702,102.8
82.866,0.328186929,0.762883037,-3.174773195,102.7
82.879,0.346706664,0.72992649,-3.216662576,102.8
82.892,0.361780866,0.72992649,-3.210474068,102.7
82.904,0.372978846,0.72992649,-3.216662576,102.8
82.917,0.381592676,0.72992649,-3.174773195,102.7
82.93,0.38848374,0.72992649,-3.180961702,102.8
82.942,0.392790655,0.72992649,-3.174773195,102.7
82.955,0.395805495,0.696969943,-3.174773195,102.7
82.968,0.397528261,0.696969943,-3.210474068,102.7
82.98,0.398389644,0.696969943,-3.210474068,102.7
82.993,0.398389644,0.696969943,-3.216662576,102.8
83.006,0.398820336,0.662792783,-3.210474068,102.7
83.019,0.398820336,0.662792783,-3.216662576,102.8
83.031,0.398820336,0.662792783,-3.210474068,102.7
83.044,0.40011241,0.696969943,-3.216662576,102.8
83.057,0.402265868,0.696969943,-3.210474068,102.7
83.069,0.404850017,0.696969943,-3.216662576,102.8
83.082,0.408295549,0.696969943,-3.210474068,102.7
83.095,0.412602464,0.696969943,-3.216662576,102.8
83.107,0.418632145,0.72992649,-3.210474068,102.7
83.12,0.426815284,0.762883037,-3.216662576,102.8
83.133,0.438013263,0.762883037,-3.210474068,102.7
83.146,0.451795391,0.795839584,-3.216662576,102.8
83.158,0.470315126,0.828796131,-3.210474068,102.7
83.171,0.492280393,0.828796131,-3.216662576,102.8
83.184,0.517691192,0.862973292,-3.180961702,102.8
83.196,0.546116832,0.928886386,-3.180961702,102.8
83.209,0.57712662,0.961842933,-3.180961702,102.8
83.222,0.611151249,1.027756028,-3.180961702,102.8
83.235,0.647329336,1.061933188,-3.180961702,102.8
83.247,0.684799497,1.127846282,-3.280961702,102.9
83.26,0.724853807,1.160802829,-3.274773195,102.8
83.273,0.766200192,1.226715924,-3.245260829,102.9
83.285,0.809269343,1.260893084,-3.239072322,102.8
83.298,0.854061259,1.326806178,-3.345260829,103
83.311,0.900575942,1.392719272,-3.339072322,102.9
83.323,0.947952008,1.426896432,-3.345260829,103
83.336,0.997481531,1.492809527,-3.439072322,103
83.349,1.048303129,1.525766074,-3.421460247,103.1
83.362,1.100416802,1.591679168,-3.379570866,103
83.374,1.15425324,1.625856329,-3.485759373,103.2
83.387,1.209812445,1.625856329,-3.479570866,103.1
83.4,1.265802341,1.658812876,-3.585759373,103.3
83.412,1.32265362,1.658812876,-3.543869993,103.2
83.425,1.37993559,1.658812876,-3.5500585,103.3
83.438,1.438078944,1.625856329,-3.60816912,103.3
83.45,1.49708368,1.625856329,-3.614357627,103.4
83.463,1.5569498,1.591679168,-3.60816912,103.3
83.476,1.618107994,1.558722621,-3.614357627,103.4
83.489,1.678835496,1.525766074,-3.614357627,103.4
83.501,1.73999369,1.492809527,-3.60816912,103.3
83.514,1.801151884,1.45985298,-3.614357627,103.4
83.527,1.861018004,1.392719272,-3.60816912,103.3
83.539,1.920453432,1.359762725,-3.614357627,103.4
83.552,1.979458169,1.326806178,-3.50816912,103.2
83.565,2.035017373,1.293849631,-3.514357627,103.3
83.578,2.090145886,1.260893084,-3.514357627,103.3
83.59,2.143982324,1.226715924,-3.4500585,103.2
83.603,2.195234614,1.193759376,-3.4500585,103.2
83.616,2.244333446,1.160802829,-3.343869993,103
83.628,2.290417437,1.160802829,-3.3500585,103.1
83.641,2.332625205,1.127846282,-3.379570866,103
83.654,2.370526057,1.094889735,-3.285759373,103
83.666,2.403689303,1.094889735,-3.279570866,102.9
83.679,2.43125356,1.094889735,-3.285759373,103
83.692,2.454941593,1.061933188,-3.31527174,102.9
83.705,2.473030636,1.027756028,-3.221460247,102.9
83.717,2.486812764,0.99479948,-3.21527174,102.8
83.73,2.495426595,0.99479948,-3.221460247,102.9
83.743,2.500594893,0.961842933,-3.221460247,102.9
83.755,2.50274835,0.895929839,-3.21527174,102.8
83.768,2.50274835,0.862973292,-3.221460247,102.9
83.781,2.501456276,0.762883037,-3.21527174,102.8
83.793,2.496718669,0.629836235,-3.221460247,102.9
83.806,2.490688988,0.530966594,-3.239072322,102.8
83.819,2.482075158,0.397919792,-3.245260829,102.9
83.832,2.472169253,0.332006698,-3.21527174,102.8
83.844,2.460971274,0.299050151,-3.345260829,103
83.857,2.449773295,0.26487299,-3.31527174,102.9
83.87,2.435991167,0.231916443,-3.321460247,103
83.882,2.422209038,0.198959896,-3.31527174,102.9
83.895,2.407565527,0.166003349,-3.321460247,103
83.908,2.392491324,0.133046802,-3.345260829,103
83.921,2.375263664,0.100090254,-3.421460247,103.1
83.933,2.358036004,0.032956547,-3.421460247,103.1
83.946,2.338654886,0.032956547,-3.41527174,103
83.959,2.318412385,0,-3.41527174,103
83.971,2.298600576,-0.032956547,-3.41527174,103
83.984,2.276635309,-0.100090254,-3.521460247,103.2
83.997,2.255531425,-0.100090254,-3.521460247,103.2
84.009,2.233566158,-0.133046802,-3.521460247,103.2
84.022,2.212462274,-0.166003349,-3.521460247,103.2
84.035,2.190927699,-0.198959896,-3.51527174,103.1
84.048,2.169823815,-0.198959896,-3.521460247,103.2
84.06,2.147858548,-0.231916443,-3.51527174,103.1
84.073,2.127185356,-0.231916443,-3.521460247,103.2
84.086,2.106942855,-0.26487299,-3.51527174,103.1
84.098,2.086269662,-0.26487299,-3.527648754,103.3
84.111,2.066457853,-0.26487299,-3.51527174,103.1
84.124,2.046646044,-0.299050151,-3.521460247,103.2
84.136,2.027695617,-0.299050151,-3.51527174,103.1
84.149,2.007883808,-0.299050151,-3.521460247,103.2
84.162,1.990656148,-0.299050151,-3.479570866,103.1
84.175,1.972567104,-0.299050151,-3.521460247,103.2
84.187,1.95706221,-0.299050151,-3.51527174,103.1
84.2,1.941126624,-0.332006698,-3.521460247,103.2
84.213,1.927344496,-0.299050151,-3.51527174,103.1
84.225,1.914423751,-0.299050151,-3.521460247,103.2
84.238,1.903225772,-0.299050151,-3.51527174,103.1
84.251,1.894611942,-0.299050151,-3.521460247,103.2
84.264,1.886859494,-0.299050151,-3.51527174,103.1
84.276,1.880829813,-0.26487299,-3.421460247,103.1
84.289,1.875661515,-0.26487299,-3.41527174,103
84.302,1.873077366,-0.26487299,-3.421460247,103.1
84.314,1.870493217,-0.26487299,-3.41527174,103
84.327,1.869631834,-0.231916443,-3.421460247,103.1
84.34,1.869201143,-0.231916443,-3.41527174,103
84.352,1.869631834,-0.198959896,-3.421460247,103.1
84.365,1.870493217,-0.166003349,-3.41527174,103
84.378,1.871785292,-0.133046802,-3.421460247,103.1
84.391,1.873508058,-0.100090254,-3.41527174,103
84.403,1.875661515,-0.065913094,-3.327648754,103.1
84.416,1.876092207,-0.032956547,-3.31527174,102.9
84.429,1.877384281,0,-3.321460247,103
84.441,1.879107047,0,-3.309083232,102.8
84.454,1.879107047,0,-3.321460247,103
84.467,1.880399122,0.032956547,-3.31527174,102.9
84.479,1.880399122,0.032956547,-3.321460247,103
84.492,1.880399122,0.032956547,-3.31527174,102.9
84.505,1.880399122,0.032956547,-3.321460247,103
84.518,1.880829813,0.032956547,-3.31527174,102.9
84.53,1.880399122,0.032956547,-3.345260829,103
84.543,1.879537739,0,-3.31527174,102.9
84.556,1.879537739,-0.032956547,-3.31527174,102.9
84.568,1.877384281,-0.065913094,-3.339072322,102.9
84.581,1.876092207,-0.100090254,-3.345260829,103
84.594,1.873508058,-0.133046802,-3.345260829,103
84.607,1.871785292,-0.166003349,-3.345260829,103
84.619,1.86833976,-0.231916443,-3.339072322,102.9
84.632,1.864463536,-0.231916443,-3.345260829,103
84.645,1.859295238,-0.231916443,-3.339072322,102.9
84.657,1.854557631,-0.26487299,-3.345260829,103
84.67,1.847666567,-0.26487299,-3.339072322,102.9
84.683,1.841206195,-0.26487299,-3.345260829,103
84.695,1.833884439,-0.26487299,-3.339072322,102.9
84.708,1.825270609,-0.299050151,-3.345260829,103
84.721,1.816226087,-0.299050151,-3.339072322,102.9
84.734,1.8054588,-0.299050151,-3.345260829,103
84.746,1.79426082,-0.299050151,-3.339072322,102.9
84.759,1.78263215,-0.299050151,-3.345260829,103
84.772,1.770572787,-0.332006698,-3.339072322,102.9
84.784,1.757221351,-0.332006698,-3.345260829,103
84.797,1.744300605,-0.332006698,-3.339072322,102.9
84.81,1.73137986,-0.332006698,-3.345260829,103
84.822,1.718459115,-0.332006698,-3.339072322,102.9
84.835,1.705107678,-0.332006698,-3.339072322,102.9
84.848,1.69132555,-0.332006698,-3.345260829,103
84.861,1.677974113,-0.332006698,-3.339072322,102.9
84.873,1.663330602,-0.332006698,-3.345260829,103
84.886,1.649548474,-0.332006698,-3.339072322,102.9
84.899,1.634904963,-0.332006698,-3.345260829,103
84.911,1.621122834,-0.332006698,-3.339072322,102.9
84.924,1.606048632,-0.364963245,-3.345260829,103
84.937,1.592266503,-0.364963245,-3.339072322,102.9
84.95,1.576761609,-0.332006698,-3.345260829,103
84.962,1.562548789,-0.364963245,-3.380961702,103
84.975,1.547905278,-0.364963245,-3.345260829,103
84.988,1.533261767,-0.364963245,-3.345260829,103
85,1.518618256,-0.332006698,-3.345260829,103
85.013,1.504405436,-0.332006698,-3.380961702,103
85.026,1.490623308,-0.332006698,-3.339072322,102.9
85.038,1.475118413,-0.332006698,-3.345260829,103
85.051,1.461336285,-0.332006698,-3.339072322,102.9
85.064,1.447554157,-0.332006698,-3.345260829,103
85.077,1.433772029,-0.332006698,-3.345260829,103
85.089,1.419559209,-0.332006698,-3.339072322,102.9
85.102,1.405777081,-0.332006698,-3.345260829,103
85.115,1.393287027,-0.332006698,-3.339072322,102.9
85.127,1.380796973,-0.332006698,-3.380961702,103
85.14,1.369598994,-0.332006698,-3.374773195,102.9
85.153,1.358401015,-0.299050151,-3.380961702,103
85.165,1.347633727,-0.299050151,-3.374773195,102.9
85.178,1.336435748,-0.299050151,-3.280961702,102.9
85.191,1.327391226,-0.299050151,-3.274773195,102.8
85.204,1.317916013,-0.299050151,-3.280961702,102.9
85.216,1.310163566,-0.26487299,-3.274773195,102.8
85.229,1.301980427,-0.26487299,-3.280961702,102.9
85.242,1.296812129,-0.26487299,-3.274773195,102.8
85.254,1.291643831,-0.26487299,-3.280961702,102.9
85.267,1.286906224,-0.26487299,-3.274773195,102.8
85.28,1.282168618,-0.26487299,-3.280961702,102.9
85.293,1.277861703,-0.26487299,-3.280961702,102.9
85.305,1.274416171,-0.231916443,-3.280961702,102.9
85.318,1.270970639,-0.231916443,-3.280961702,102.9
85.331,1.26838649,-0.231916443,-3.280961702,102.9
85.343,1.264510266,-0.231916443,-3.274773195,102.8
85.356,1.261926117,-0.231916443,-3.280961702,102.9
85.369,1.258049893,-0.231916443,-3.280961702,102.9
85.381,1.254604361,-0.26487299,-3.280961702,102.9
85.394,1.250728138,-0.26487299,-3.274773195,102.8
85.407,1.247282606,-0.231916443,-3.280961702,102.9
85.42,1.243406382,-0.231916443,-3.274773195,102.8
85.432,1.238668776,-0.26487299,-3.280961702,102.9
85.445,1.233500478,-0.231916443,-3.174773195,102.7
85.458,1.227901488,-0.231916443,-3.180961702,102.8
85.47,1.221441115,-0.231916443,-3.174773195,102.7
85.483,1.214980743,-0.231916443,-3.18715021,102.9
85.496,1.208089679,-0.231916443,-3.210474068,102.7
85.508,1.200337231,-0.231916443,-3.216662576,102.8
85.521,1.192584784,-0.231916443,-3.210474068,102.7
85.534,1.184401646,-0.231916443,-3.216662576,102.8
85.547,1.176649199,-0.231916443,-3.210474068,102.7
85.559,1.167173985,-0.231916443,-3.216662576,102.8
85.572,1.157268081,-0.26487299,-3.180961702,102.8
85.585,1.147362176,-0.231916443,-3.216662576,102.8
85.597,1.137456271,-0.231916443,-3.210474068,102.7
85.61,1.127119675,-0.231916443,-3.210474068,102.7
85.623,1.116352387,-0.231916443,-3.210474068,102.7
85.636,1.106015791,-0.231916443,-3.216662576,102.8
85.648,1.094817812,-0.231916443,-3.210474068,102.7
85.661,1.083619833,-0.231916443,-3.216662576,102.8
85.674,1.071560471,-0.231916443,-3.210474068,102.7
85.686,1.059501108,-0.231916443,-3.116662576,102.7
85.699,1.047011055,-0.231916443,-3.110474068,102.6
85.712,1.034521001,-0.231916443,-3.116662576,102.7
85.724,1.022030947,-0.198959896,-3.110474068,102.6
85.737,1.008679511,-0.198959896,-3.116662576,102.7
85.75,0.995328074,-0.198959896,-3.110474068,102.6
85.763,0.981545946,-0.198959896,-3.116662576,102.7
85.775,0.966471743,-0.198959896,-3.110474068,102.6
85.788,0.951828232,-0.198959896,-3.140463158,102.7
85.801,0.936754029,-0.231916443,-3.134274651,102.6
85.813,0.920818443,-0.231916443,-3.116662576,102.7
85.826,0.904452166,-0.231916443,-3.010474068,102.5
85.839,0.887224505,-0.231916443,-3.040463158,102.6
85.851,0.869135462,-0.231916443,-3.034274651,102.5
85.864,0.852338493,-0.198959896,-3.040463158,102.6
85.877,0.83424945,-0.198959896,-3.040463158,102.6
85.89,0.816591098,-0.198959896,-3.040463158,102.6
85.902,0.798071363,-0.198959896,-3.040463158,102.6
85.915,0.778690246,-0.231916443,-2.934274651,102.4
85.928,0.759739819,-0.231916443,-2.940463158,102.5
85.94,0.740358701,-0.231916443,-2.934274651,102.4
85.953,0.720116201,-0.231916443,-2.976164031,102.5
85.966,0.700304391,-0.231916443,-2.976164031,102.5
85.979,0.680492582,-0.231916443,-2.976164031,102.5
85.991,0.660680773,-0.231916443,-2.876164031,102.4
86.004,0.640868963,-0.231916443,-2.876164031,102.4
86.017,0.621057154,-0.231916443,-2.876164031,102.4
86.029,0.601245344,-0.231916443,-2.876164031,102.4
86.042,0.581433535,-0.231916443,-2.876164031,102.4
86.055,0.561621726,-0.231916443,-2.869975524,102.3
86.067,0.542240608,-0.231916443,-2.811864905,102.3
86.08,0.523720873,-0.26487299,-2.805676397,102.2
86.093,0.506062521,-0.26487299,-2.811864905,102.3
86.106,0.488834861,-0.26487299,-2.805676397,102.2
86.118,0.472899275,-0.26487299,-2.811864905,102.3
86.131,0.456963689,-0.26487299,-2.805676397,102.2
86.144,0.442320178,-0.26487299,-2.811864905,102.3
86.156,0.42853805,-0.299050151,-2.811864905,102.3
86.169,0.416047996,-0.299050151,-2.711864905,102.2
86.182,0.403557943,-0.299050151,-2.711864905,102.2
86.194,0.392359963,-0.299050151,-2.747565778,102.2
86.207,0.381592676,-0.299050151,-2.747565778,102.2
86.22,0.372978846,-0.299050151,-2.705676397,102.1
86.233,0.36565709,-0.299050151,-2.711864905,102.2
86.245,0.3600581,-0.299050151,-2.741377271,102.1
86.258,0.354459111,-0.299050151,-2.747565778,102.2
86.271,0.35144427,-0.299050151,-2.741377271,102.1
86.283,0.347998738,-0.299050151,-2.747565778,102.2
86.296,0.345845281,-0.299050151,-2.741377271,102.1
86.309,0.343261131,-0.299050151,-2.747565778,102.2
86.322,0.341538365,-0.299050151,-2.741377271,102.1
86.334,0.339384908,-0.299050151,-2.747565778,102.2
86.347,0.337662142,-0.299050151,-2.747565778,102.2
86.36,0.335508684,-0.299050151,-2.747565778,102.2
86.372,0.332924535,-0.299050151,-2.747565778,102.2
86.385,0.330340386,-0.299050151,-2.747565778,102.2
86.398,0.326894854,-0.332006698,-2.747565778,102.2
86.41,0.323018631,-0.332006698,-2.741377271,102.1
86.423,0.318281024,-0.332006698,-2.741377271,102.1
86.436,0.313543417,-0.332006698,-2.747565778,102.2
86.449,0.308375119,-0.332006698,-2.741377271,102.1
86.461,0.301914747,-0.332006698,-2.747565778,102.2
86.474,0.294592991,-0.364963245,-2.741377271,102.1
86.487,0.285979161,-0.364963245,-2.647565778,102.1
86.499,0.277365331,-0.364963245,-2.641377271,102
86.512,0.267890118,-0.397919792,-2.647565778,102.1
86.525,0.259706979,-0.397919792,-2.641377271,102
86.537,0.250231766,-0.397919792,-2.647565778,102.1
86.55,0.241187244,-0.397919792,-2.665177853,102
86.563,0.231712031,-0.397919792,-2.67136636,102.1
86.576,0.221806126,-0.397919792,-2.665177853,102
86.588,0.211900222,-0.430876339,-2.67136636,102.1
86.601,0.201563626,-0.430876339,-2.67136636,102.1
86.614,0.190796338,-0.430876339,-2.67136636,102.1
86.626,0.18002905,-0.463832887,-2.67136636,102.1
86.639,0.168831071,-0.463832887,-2.67136636,102.1
86.652,0.158494475,-0.463832887,-2.67136636,102.1
86.665,0.147727187,-0.498010047,-2.67136636,102.1
86.677,0.136529208,-0.498010047,-2.67136636,102.1
86.69,0.126192612,-0.498010047,-2.665177853,102
86.703,0.115425324,-0.530966594,-2.67136636,102.1
86.715,0.104227345,-0.530966594,-2.67136636,102.1
86.728,0.093460057,-0.530966594,-2.67136636,102.1
86.741,0.083554152,-0.530966594,-2.57136636,102
86.753,0.073217556,-0.530966594,-2.57136636,102
86.766,0.063742343,-0.563923141,-2.57136636,102
86.779,0.053836438,-0.563923141,-2.57136636,102
86.792,0.044791917,-0.563923141,-2.57136636,102
86.804,0.03703947,-0.563923141,-2.565177853,101.9
86.817,0.028425639,-0.596879688,-2.57136636,102
86.83,0.021103884,-0.596879688,-2.565177853,101.9
86.842,0.01421282,-0.596879688,-2.57136636,102
86.855,0.009044522,-0.596879688,-2.565177853,101.9
86.868,0.005168298,-0.563923141,-2.57136636,102
86.88,0.001722766,-0.563923141,-2.565177853,101.9
86.893,0,-0.563923141,-2.57136636,102
86.906,-0.000861383,-0.530966594,-2.57136636,102
86.919,-0.000861383,-0.530966594,-2.57136636,102
86.931,0.000430692,-0.463832887,-2.57136636,102
86.944,0.001722766,-0.430876339,-2.57136636,102
86.957,0.003876224,-0.364963245,-2.57136636,102
86.969,0.006891064,-0.299050151,-2.565177853,101.9
86.982,0.010336596,-0.231916443,-2.57136636,102
86.995,0.01421282,-0.166003349,-2.565177853,101.9
87.008,0.018519735,-0.133046802,-2.57136636,102
87.02,0.02282665,-0.133046802,-2.565177853,101.9
87.033,0.027564256,-0.100090254,-2.57136636,102
87.046,0.032301863,-0.100090254,-2.665177853,102
87.058,0.037470161,-0.065913094,-2.67136636,102.1
87.071,0.042207768,-0.065913094,-2.67136636,102.1
87.084,0.047376066,-0.032956547,-2.67136636,102.1
87.096,0.052544364,0,-2.67136636,102.1
87.109,0.058574045,0,-2.67136636,102.1
87.122,0.064603726,0.032956547,-2.67136636,102.1
87.135,0.070633407,0.032956547,-2.665177853,102
87.147,0.076663088,0.065913094,-2.67136636,102.1
87.16,0.082262078,0.065913094,-2.665177853,102
87.173,0.088291759,0.100090254,-2.67136636,102.1
87.185,0.095182823,0.100090254,-2.67136636,102.1
87.198,0.101643196,0.133046802,-2.665177853,102
87.211,0.108103568,0.133046802,-2.67136636,102.1
87.223,0.114994633,0.133046802,-2.665177853,102
87.236,0.121455005,0.133046802,-2.67136636,102.1
87.249,0.128776761,0.166003349,-2.641377271,102
87.262,0.136098516,0.198959896,-2.647565778,102.1
87.274,0.143420272,0.198959896,-2.665177853,102
87.287,0.149880645,0.231916443,-2.67136636,102.1
87.3,0.1572024,0.231916443,-2.665177853,102
87.312,0.164954847,0.231916443,-2.647565778,102.1
87.325,0.173137986,0.26487299,-2.641377271,102
87.338,0.180890433,0.26487299,-2.747565778,102.2
87.351,0.189504263,0.299050151,-2.741377271,102.1
87.363,0.198118093,0.332006698,-2.747565778,102.2
87.376,0.206731924,0.332006698,-2.741377271,102.1
87.389,0.215345754,0.332006698,-2.77136636,102.2
87.401,0.223959584,0.364963245,-2.765177853,102.1
87.414,0.233004106,0.364963245,-2.77136636,102.2
87.427,0.242479319,0.397919792,-2.747565778,102.2
87.439,0.252385223,0.397919792,-2.747565778,102.2
87.452,0.261429745,0.430876339,-2.747565778,102.2
87.465,0.270904958,0.430876339,-2.747565778,102.2
87.478,0.27994948,0.463832887,-2.747565778,102.2
87.49,0.289855385,0.463832887,-2.747565778,102.2
87.503,0.299330598,0.498010047,-2.741377271,102.1
87.516,0.308375119,0.498010047,-2.747565778,102.2
87.528,0.317850333,0.498010047,-2.741377271,102.1
87.541,0.326894854,0.530966594,-2.747565778,102.2
87.554,0.335508684,0.530966594,-2.741377271,102.1
87.566,0.344122515,0.530966594,-2.847565778,102.3
87.579,0.351874962,0.563923141,-2.841377271,102.2
87.592,0.3600581,0.563923141,-2.847565778,102.3
87.605,0.367379856,0.563923141,-2.841377271,102.2
87.617,0.37427092,0.596879688,-2.847565778,102.3
87.63,0.37986991,0.596879688,-2.841377271,102.2
87.643,0.384176825,0.596879688,-2.847565778,102.3
87.655,0.38848374,0.596879688,-2.841377271,102.2
87.668,0.39149858,0.596879688,-2.847565778,102.3
87.681,0.394082729,0.596879688,-2.847565778,102.3
87.694,0.39709757,0.596879688,-2.847565778,102.3
87.706,0.398820336,0.596879688,-2.847565778,102.3
87.719,0.400973793,0.596879688,-2.841377271,102.2
87.732,0.402265868,0.596879688,-2.847565778,102.3
87.744,0.403557943,0.596879688,-2.847565778,102.3
87.757,0.403988634,0.596879688,-2.847565778,102.3
87.77,0.4057114,0.563923141,-2.847565778,102.3
87.782,0.4057114,0.563923141,-2.847565778,102.3
87.795,0.407003475,0.563923141,-2.847565778,102.3
87.808,0.407434166,0.596879688,-2.847565778,102.3
87.821,0.409587624,0.563923141,-2.847565778,102.3
87.833,0.410018315,0.596879688,-2.811864905,102.3
87.846,0.412171773,0.596879688,-2.811864905,102.3
87.859,0.413894539,0.596879688,-2.811864905,102.3
87.871,0.416909379,0.596879688,-2.847565778,102.3
87.884,0.418632145,0.596879688,-2.841377271,102.2
87.897,0.422077677,0.596879688,-2.847565778,102.3
87.909,0.425523209,0.629836235,-2.841377271,102.2
87.922,0.429399433,0.629836235,-2.847565778,102.3
87.935,0.433275657,0.629836235,-2.841377271,102.2
87.948,0.43715188,0.629836235,-2.847565778,102.3
87.96,0.442320178,0.629836235,-2.811864905,102.3
87.973,0.447057785,0.629836235,-2.811864905,102.3
87.986,0.452226083,0.662792783,-2.847565778,102.3
87.998,0.457825072,0.662792783,-2.805676397,102.2
88.011,0.463854754,0.662792783,-2.811864905,102.3
88.024,0.470315126,0.662792783,-2.841377271,102.2
88.036,0.476775499,0.662792783,-2.847565778,102.3
88.049,0.483666563,0.662792783,-2.805676397,102.2
88.062,0.490557627,0.696969943,-2.811864905,102.3
88.075,0.497448691,0.696969943,-2.805676397,102.2
88.087,0.504770447,0.696969943,-2.811864905,102.3
88.1,0.512522894,0.696969943,-2.805676397,102.2
88.113,0.51984465,0.72992649,-2.811864905,102.3
88.125,0.527597097,0.72992649,-2.841377271,102.2
88.138,0.534918852,0.72992649,-2.811864905,102.3
88.151,0.543101991,0.72992649,-2.811864905,102.3
88.164,0.550423747,0.72992649,-2.811864905,102.3
88.176,0.556884119,0.72992649,-2.811864905,102.3
88.189,0.5629138,0.72992649,-2.811864905,102.3
88.202,0.567220715,0.72992649,-2.811864905,102.3
88.214,0.57152763,0.72992649,-2.811864905,102.3
88.227,0.574542471,0.72992649,-2.811864905,102.3
88.24,0.575834546,0.72992649,-2.811864905,102.3
88.252,0.576695929,0.696969943,-2.811864905,102.3
88.265,0.576695929,0.662792783,-2.847565778,102.3
88.278,0.574542471,0.596879688,-2.805676397,102.2
88.291,0.570235556,0.498010047,-2.811864905,102.3
88.303,0.564205875,0.397919792,-2.805676397,102.2
88.316,0.556022736,0.332006698,-2.811864905,102.3
88.329,0.547408906,0.26487299,-2.805676397,102.2
88.341,0.537503001,0.231916443,-2.853754285,102.4
88.354,0.527597097,0.231916443,-2.841377271,102.2
88.367,0.517691192,0.198959896,-2.853754285,102.4
88.38,0.506493213,0.166003349,-2.741377271,102.1
88.392,0.495295234,0.133046802,-2.753754285,102.3
88.405,0.484958637,0.133046802,-2.741377271,102.1
88.418,0.473760658,0.100090254,-2.747565778,102.2
88.43,0.462131988,0.100090254,-2.741377271,102.1
88.443,0.450503317,0.065913094,-2.747565778,102.2
88.456,0.438443955,0.032956547,-2.741377271,102.1
88.468,0.426815284,0,-2.747565778,102.2
88.481,0.414755922,-0.032956547,-2.641377271,102
88.494,0.402265868,-0.032956547,-2.647565778,102.1
88.507,0.390206506,-0.065913094,-2.641377271,102
88.519,0.378577835,-0.065913094,-2.67136636,102.1
88.532,0.36565709,-0.100090254,-2.665177853,102
88.545,0.353167036,-0.133046802,-2.67136636,102.1
88.557,0.340676982,-0.166003349,-2.641377271,102
88.57,0.328186929,-0.166003349,-2.647565778,102.1
88.583,0.314835492,-0.198959896,-2.665177853,102
88.595,0.302345438,-0.198959896,-2.67136636,102.1
88.608,0.289424693,-0.231916443,-2.665177853,102
88.621,0.276503948,-0.26487299,-2.67136636,102.1
88.634,0.264013894,-0.26487299,-2.565177853,101.9
88.646,0.251093149,-0.299050151,-2.577554867,102.1
88.659,0.238172404,-0.332006698,-2.565177853,101.9
88.672,0.226543733,-0.332006698,-2.577554867,102.1
88.684,0.214484371,-0.332006698,-2.565177853,101.9
88.697,0.203286392,-0.364963245,-2.57136636,102
88.71,0.192949795,-0.364963245,-2.565177853,101.9
88.723,0.183043891,-0.364963245,-2.57136636,102
88.735,0.174430061,-0.397919792,-2.565177853,101.9
88.748,0.166246922,-0.397919792,-2.57136636,102
88.761,0.158925166,-0.397919792,-2.607067233,102
88.773,0.154618251,-0.397919792,-2.57136636,102
88.786,0.150311336,-0.397919792,-2.565177853,101.9
88.799,0.149019262,-0.397919792,-2.565177853,101.9
88.811,0.149019262,-0.364963245,-2.600878726,101.9
88.824,0.149880645,-0.332006698,-2.57136636,102
88.837,0.151603411,-0.26487299,-2.57136636,102
88.85,0.155048943,-0.198959896,-2.57136636,102
88.862,0.158494475,-0.133046802,-2.57136636,102
88.875,0.163232081,-0.065913094,-2.57136636,102
88.888,0.168400379,0,-2.600878726,101.9
88.9,0.174430061,0.032956547,-2.57136636,102
88.913,0.18002905,0.065913094,-2.565177853,101.9
88.926,0.186058731,0.065913094,-2.57136636,102
88.938,0.192088412,0.100090254,-2.565177853,101.9
88.951,0.198548785,0.100090254,-2.57136636,102
88.964,0.205870541,0.133046802,-2.565177853,101.9
88.977,0.213192296,0.166003349,-2.57136636,102
88.989,0.220514052,0.166003349,-2.565177853,101.9
89.002,0.226974424,0.166003349,-2.57136636,102
89.015,0.23429618,0.198959896,-2.565177853,101.9
89.027,0.241187244,0.198959896,-2.57136636,102
89.04,0.248078308,0.231916443,-2.665177853,102
89.053,0.254969372,0.26487299,-2.67136636,102.1
89.066,0.261429745,0.26487299,-2.67136636,102.1
89.078,0.268751501,0.299050151,-2.665177853,102
89.091,0.274781182,0.299050151,-2.67136636,102.1
89.104,0.281241554,0.299050151,-2.665177853,102
89.116,0.287271236,0.332006698,-2.67136636,102.1
89.129,0.293300917,0.332006698,-2.665177853,102
89.142,0.298469215,0.332006698,-2.67136636,102.1
89.154,0.303637513,0.364963245,-2.67136636,102.1
89.167,0.308375119,0.364963245,-2.67136636,102.1
89.18,0.313112726,0.364963245,-2.665177853,102
89.193,0.316127567,0.364963245,-2.67136636,102.1
89.205,0.319573099,0.364963245,-2.67136636,102.1
89.218,0.322157248,0.364963245,-2.67136636,102.1
89.231,0.324741397,0.364963245,-2.67136636,102.1
89.243,0.326033471,0.364963245,-2.67136636,102.1
89.256,0.327756237,0.397919792,-2.67136636,102.1
89.269,0.329048312,0.364963245,-2.665177853,102
89.281,0.329048312,0.364963245,-2.67136636,102.1
89.294,0.329048312,0.364963245,-2.67136636,102.1
89.307,0.329048312,0.332006698,-2.665177853,102
89.32,0.328186929,0.299050151,-2.67136636,102.1
89.332,0.326894854,0.299050151,-2.665177853,102
89.345,0.326033471,0.231916443,-2.647565778,102.1
89.358,0.324741397,0.198959896,-2.641377271,102
89.37,0.323449322,0.198959896,-2.67136636,102.1
89.383,0.323018631,0.166003349,-2.641377271,102
89.396,0.321726556,0.166003349,-2.67136636,102.1
89.408,0.320865173,0.133046802,-2.665177853,102
89.421,0.319573099,0.133046802,-2.647565778,102.1
89.434,0.319142407,0.100090254,-2.665177853,102
89.447,0.318281024,0.100090254,-2.67136636,102.1
89.459,0.317850333,0.100090254,-2.541377271,101.9
89.472,0.31698895,0.065913094,-2.547565778,102
89.485,0.316127567,0.065913094,-2.541377271,101.9
89.497,0.316127567,0.065913094,-2.547565778,102
89.51,0.316127567,0.065913094,-2.541377271,101.9
89.523,0.315696875,0.065913094,-2.547565778,102
89.536,0.315696875,0.065913094,-2.547565778,102
89.548,0.315696875,0.065913094,-2.57136636,102
89.561,0.315696875,0.100090254,-2.57136636,102
89.574,0.315696875,0.100090254,-2.57136636,102
89.586,0.315696875,0.100090254,-2.565177853,101.9
89.599,0.316127567,0.100090254,-2.57136636,102
89.612,0.316127567,0.100090254,-2.565177853,101.9
89.624,0.316127567,0.100090254,-2.57136636,102
89.637,0.316127567,0.100090254,-2.565177853,101.9
89.65,0.315696875,0.100090254,-2.57136636,102
89.663,0.316127567,0.100090254,-2.565177853,101.9
89.675,0.316127567,0.100090254,-2.57136636,102
89.688,0.316127567,0.100090254,-2.565177853,101.9
89.701,0.316127567,0.100090254,-2.57136636,102
89.713,0.316127567,0.133046802,-2.565177853,101.9
89.726,0.316127567,0.100090254,-2.57136636,102
89.739,0.316127567,0.100090254,-2.565177853,101.9
89.751,0.316127567,0.100090254,-2.57136636,102
89.764,0.316127567,0.100090254,-2.565177853,101.9
89.777,0.315696875,0.065913094,-2.57136636,102
89.79,0.314835492,0.032956547,-2.565177853,101.9
89.802,0.313543417,0.032956547,-2.57136636,102
89.815,0.311820651,0,-2.565177853,101.9
89.828,0.309236502,-0.032956547,-2.57136636,102
89.84,0.30579097,-0.032956547,-2.57136636,102
89.853,0.301914747,-0.065913094,-2.565177853,101.9
89.866,0.297607832,-0.065913094,-2.57136636,102
89.879,0.293300917,-0.100090254,-2.565177853,101.9
89.891,0.28856331,-0.100090254,-2.565177853,101.9
89.904,0.283825703,-0.100090254,-2.565177853,101.9
89.917,0.278657405,-0.133046802,-2.565177853,101.9
89.929,0.273489107,-0.133046802,-2.57136636,102
89.942,0.267890118,-0.166003349,-2.57136636,102
89.955,0.262291128,-0.166003349,-2.57136636,102
89.967,0.256692138,-0.166003349,-2.565177853,101.9
89.98,0.25152384,-0.198959896,-2.57136636,102
89.993,0.245494159,-0.231916443,-2.565177853,101.9
90.006,0.239464478,-0.231916443,-2.57136636,102
90.018,0.233865489,-0.231916443,-2.465177853,101.8
90.031,0.227835807,-0.26487299,-2.47136636,101.9
90.044,0.222667509,-0.26487299,-2.500878726,101.8
90.056,0.216637828,-0.26487299,-2.507067233,101.9
90.069,0.210608147,-0.299050151,-2.500878726,101.8
90.082,0.204147775,-0.299050151,-2.507067233,101.9
90.094,0.198118093,-0.332006698,-2.500878726,101.8
90.107,0.191227029,-0.332006698,-2.507067233,101.9
90.12,0.184335965,-0.364963245,-2.47136636,101.9
90.133,0.177444901,-0.364963245,-2.47136636,101.9
90.145,0.170123145,-0.397919792,-2.507067233,101.9
90.158,0.163232081,-0.397919792,-2.500878726,101.8
90.171,0.155048943,-0.430876339,-2.507067233,101.9
90.183,0.147296496,-0.430876339,-2.500878726,101.8
90.196,0.138682665,-0.430876339,-2.507067233,101.9
90.209,0.130068835,-0.463832887,-2.500878726,101.8
90.222,0.120162931,-0.498010047,-2.507067233,101.9
90.234,0.108964951,-0.498010047,-2.507067233,101.9
90.247,0.097766972,-0.530966594,-2.507067233,101.9
90.26,0.086568993,-0.530966594,-2.507067233,101.9
90.272,0.074509631,-0.563923141,-2.47136636,101.9
90.285,0.062450269,-0.596879688,-2.507067233,101.9
90.298,0.050821598,-0.629836235,-2.500878726,101.8
90.31,0.039623619,-0.629836235,-2.507067233,101.9
90.323,0.027564256,-0.629836235,-2.465177853,101.8
90.336,0.016366277,-0.662792783,-2.47136636,101.9
90.349,0.00559899,-0.662792783,-2.465177853,101.8
90.361,-0.004737607,-0.662792783,-2.47136636,101.9
90.374,-0.01421282,-0.696969943,-2.47136636,101.9
90.387,-0.021965267,-0.696969943,-2.465177853,101.8
90.399,-0.029287023,-0.696969943,-2.47136636,101.9
90.412,-0.034455321,-0.696969943,-2.500878726,101.8
90.425,-0.038331544,-0.696969943,-2.507067233,101.9
90.438,-0.039623619,-0.696969943,-2.500878726,101.8
90.45,-0.040485002,-0.629836235,-2.507067233,101.9
90.463,-0.038331544,-0.563923141,-2.500878726,101.8
90.476,-0.035747395,-0.498010047,-2.507067233,101.9
90.488,-0.031871172,-0.397919792,-2.465177853,101.8
90.501,-0.027133565,-0.332006698,-2.47136636,101.9
90.514,-0.021103884,-0.26487299,-2.465177853,101.8
90.526,-0.015504894,-0.231916443,-2.47136636,101.9
90.539,-0.009475213,-0.198959896,-2.507067233,101.9
90.552,-0.003445532,-0.198959896,-2.507067233,101.9
90.565,0.002584149,-0.166003349,-2.507067233,101.9
90.577,0.00861383,-0.133046802,-2.507067233,101.9
90.59,0.01421282,-0.133046802,-2.507067233,101.9
90.603,0.021103884,-0.100090254,-2.465177853,101.8
90.615,0.027133565,-0.065913094,-2.47136636,101.9
90.628,0.032732555,-0.065913094,-2.47136636,101.9
90.641,0.038331544,-0.065913094,-2.47136636,101.9
90.653,0.043930534,-0.032956547,-2.47136636,101.9
90.666,0.04866814,-0.032956547,-2.465177853,101.8
90.679,0.053405747,0,-2.47136636,101.9
90.692,0.05728197,0,-2.465177853,101.8
90.704,0.061158194,0,-2.47136636,101.9
90.717,0.063742343,0,-2.465177853,101.8
90.73,0.066757184,0,-2.47136636,101.9
90.742,0.068049258,0,-2.465177853,101.8
90.755,0.06847995,0,-2.47136636,101.9
90.768,0.069341333,0,-2.465177853,101.8
90.78,0.06847995,-0.032956547,-2.47136636,101.9
90.793,0.068049258,-0.065913094,-2.465177853,101.8
90.806,0.065895801,-0.133046802,-2.47136636,101.9
90.819,0.063742343,-0.166003349,-2.47136636,101.9
90.831,0.060727503,-0.231916443,-2.47136636,101.9
90.844,0.056851279,-0.299050151,-2.47136636,101.9
90.857,0.052544364,-0.364963245,-2.47136636,101.9
90.869,0.048237449,-0.397919792,-2.47136636,101.9
90.882,0.044791917,-0.397919792,-2.47136636,101.9
90.895,0.04005431,-0.397919792,-2.47136636,101.9
90.908,0.035316704,-0.430876339,-2.465177853,101.8
90.92,0.031009789,-0.463832887,-2.47136636,101.9
90.933,0.025410799,-0.463832887,-2.465177853,101.8
90.946,0.021103884,-0.463832887,-2.47136636,101.9
90.958,0.015504894,-0.463832887,-2.465177853,101.8
90.971,0.011197979,-0.498010047,-2.47136636,101.9
90.984,0.00559899,-0.530966594,-2.47136636,101.9
90.996,0.001292075,-0.530966594,-2.47136636,101.9
91.009,-0.004306915,-0.530966594,-2.47136636,101.9
91.022,-0.00861383,-0.563923141,-2.37136636,101.8
91.035,-0.013351437,-0.596879688,-2.37136636,101.8
91.047,-0.018089043,-0.596879688,-2.365177853,101.7
91.06,-0.021965267,-0.596879688,-2.407067233,101.8
91.073,-0.02584149,-0.629836235,-2.400878726,101.7
91.085,-0.029717714,-0.629836235,-2.407067233,101.8
91.098,-0.032732555,-0.629836235,-2.400878726,101.7
91.111,-0.035316704,-0.629836235,-2.37136636,101.8
91.123,-0.036608778,-0.629836235,-2.37136636,101.8
91.136,-0.03703947,-0.596879688,-2.37136636,101.8
91.149,-0.036608778,-0.563923141,-2.37136636,101.8
91.162,-0.034455321,-0.498010047,-2.400878726,101.7
91.174,-0.031871172,-0.430876339,-2.407067233,101.8
91.187,-0.029287023,-0.364963245,-2.400878726,101.7
91.2,-0.02584149,-0.299050151,-2.407067233,101.8
91.212,-0.021965267,-0.231916443,-2.400878726,101.7
91.225,-0.018089043,-0.198959896,-2.407067233,101.8
91.238,-0.013351437,-0.166003349,-2.365177853,101.7
91.251,-0.00861383,-0.166003349,-2.37136636,101.8
91.263,-0.003445532,-0.133046802,-2.465177853,101.8
91.276,0.001292075,-0.133046802,-2.507067233,101.9
91.289,0.005168298,-0.100090254,-2.465177853,101.8
91.301,0.010336596,-0.100090254,-2.47136636,101.9
91.314,0.016366277,-0.065913094,-2.465177853,101.8
91.327,0.021534575,-0.065913094,-2.47136636,101.9
91.339,0.027133565,-0.032956547,-2.47136636,101.9
91.352,0.032301863,-0.032956547,-2.47136636,101.9
91.365,0.037470161,0,-2.47136636,101.9
91.378,0.042638459,0,-2.47136636,101.9
91.39,0.047376066,0.032956547,-2.47136636,101.9
91.403,0.052544364,0.032956547,-2.47136636,101.9
91.416,0.058143354,0.065913094,-2.507067233,101.9
91.428,0.063311652,0.065913094,-2.507067233,101.9
91.441,0.06847995,0.065913094,-2.465177853,101.8
91.454,0.073648248,0.100090254,-2.47136636,101.9
91.466,0.079247237,0.100090254,-2.500878726,101.8
91.479,0.084415535,0.100090254,-2.507067233,101.9
91.492,0.089153142,0.133046802,-2.500878726,101.8
91.505,0.09432144,0.133046802,-2.47136636,101.9
91.517,0.099489738,0.133046802,-2.465177853,101.8
91.53,0.104227345,0.133046802,-2.477554867,102
91.543,0.108964951,0.166003349,-2.465177853,101.8
91.555,0.112841175,0.166003349,-2.47136636,101.9
91.568,0.117578782,0.166003349,-2.465177853,101.8
91.581,0.121455005,0.166003349,-2.47136636,101.9
91.594,0.125331229,0.166003349,-2.465177853,101.8
91.606,0.128776761,0.166003349,-2.47136636,101.9
91.619,0.131791601,0.198959896,-2.47136636,101.9
91.632,0.135237133,0.198959896,-2.47136636,101.9
91.644,0.137390591,0.198959896,-2.47136636,101.9
91.657,0.139113357,0.198959896,-2.47136636,101.9
91.67,0.140405431,0.198959896,-2.47136636,101.9
91.682,0.141266814,0.198959896,-2.47136636,101.9
91.695,0.141697506,0.198959896,-2.47136636,101.9
91.708,0.142558889,0.166003349,-2.47136636,101.9
91.721,0.141697506,0.166003349,-2.465177853,101.8
91.733,0.141697506,0.133046802,-2.47136636,101.9
91.746,0.141266814,0.133046802,-2.465177853,101.8
91.759,0.140405431,0.100090254,-2.47136636,101.9
91.771,0.139113357,0.065913094,-2.465177853,101.8
91.784,0.137390591,0,-2.47136636,101.9
91.797,0.134806442,-0.032956547,-2.465177853,101.8
91.809,0.131791601,-0.100090254,-2.47136636,101.9
91.822,0.128776761,-0.133046802,-2.465177853,101.8
91.835,0.125331229,-0.166003349,-2.47136636,101.9
91.848,0.12274708,-0.198959896,-2.465177853,101.8
91.86,0.120162931,-0.198959896,-2.47136636,101.9
91.873,0.116717399,-0.198959896,-2.465177853,101.8
91.886,0.113271866,-0.231916443,-2.507067233,101.9
91.898,0.110257026,-0.231916443,-2.47136636,101.9
91.911,0.107672877,-0.231916443,-2.47136636,101.9
91.924,0.105088728,-0.231916443,-2.47136636,101.9
91.937,0.101643196,-0.26487299,-2.507067233,101.9
91.949,0.099059047,-0.26487299,-2.47136636,101.9
91.962,0.095613515,-0.299050151,-2.465177853,101.8
91.975,0.092167983,-0.299050151,-2.47136636,101.9
91.987,0.089153142,-0.299050151,-2.465177853,101.8
92,0.086568993,-0.299050151,-2.37136636,101.8
92.013,0.083554152,-0.299050151,-2.407067233,101.8
92.025,0.080970003,-0.332006698,-2.407067233,101.8
92.038,0.078385854,-0.332006698,-2.407067233,101.8
92.051,0.076663088,-0.332006698,-2.37136636,101.8
92.064,0.073648248,-0.332006698,-2.37136636,101.8
92.076,0.071925482,-0.332006698,-2.400878726,101.7
92.089,0.069772024,-0.332006698,-2.407067233,101.8
92.102,0.06847995,-0.332006698,-2.400878726,101.7
92.114,0.06847995,-0.332006698,-2.407067233,101.8
92.127,0.068049258,-0.332006698,-2.400878726,101.7
92.14,0.068049258,-0.332006698,-2.407067233,101.8
92.152,0.06847995,-0.299050151,-2.400878726,101.7
92.165,0.069341333,-0.26487299,-2.407067233,101.8
92.178,0.070633407,-0.231916443,-2.407067233,101.8
92.191,0.071064099,-0.198959896,-2.400878726,101.7
92.203,0.072356173,-0.166003349,-2.407067233,101.8
92.216,0.073648248,-0.133046802,-2.400878726,101.7
92.229,0.075371014,-0.133046802,-2.37136636,101.8
92.241,0.076663088,-0.100090254,-2.365177853,101.7
92.254,0.077955163,-0.100090254,-2.407067233,101.8
92.267,0.079247237,-0.065913094,-2.400878726,101.7
92.28,0.080970003,-0.032956547,-2.407067233,101.8
92.292,0.083123461,0,-2.400878726,101.7
92.305,0.085276918,0.032956547,-2.407067233,101.8
92.318,0.086999685,0.032956547,-2.365177853,101.7
92.33,0.089583834,0.065913094,-2.37136636,101.8
92.343,0.092167983,0.065913094,-2.365177853,101.7
92.356,0.095182823,0.065913094,-2.407067233,101.8
92.368,0.097766972,0.100090254,-2.365177853,101.7
92.381,0.100351121,0.100090254,-2.37136636,101.8
92.394,0.10293527,0.100090254,-2.37136636,101.8
92.407,0.105519419,0.133046802,-2.37136636,101.8
92.419,0.108103568,0.133046802,-2.47136636,101.9
92.432,0.1115491,0.133046802,-2.47136636,101.9
92.445,0.114133249,0.133046802,-2.47136636,101.9
92.457,0.117578782,0.166003349,-2.47136636,101.9
92.47,0.120162931,0.166003349,-2.465177853,101.8
92.483,0.123177771,0.166003349,-2.47136636,101.9
92.495,0.126192612,0.166003349,-2.465177853,101.8
92.508,0.129207452,0.198959896,-2.47136636,101.9
92.521,0.132652984,0.198959896,-2.465177853,101.8
92.534,0.135237133,0.198959896,-2.47136636,101.9
92.546,0.138682665,0.198959896,-2.465177853,101.8
92.559,0.141697506,0.198959896,-2.47136636,101.9
92.572,0.144712347,0.198959896,-2.465177853,101.8
92.584,0.14858857,0.231916443,-2.477554867,102
92.597,0.151172719,0.231916443,-2.465177853,101.8
92.61,0.154618251,0.231916443,-2.477554867,102
92.623,0.1572024,0.231916443,-2.465177853,101.8
92.635,0.160217241,0.231916443,-2.47136636,101.9
92.648,0.163232081,0.26487299,-2.465177853,101.8
92.661,0.164954847,0.26487299,-2.47136636,101.9
92.673,0.167108305,0.26487299,-2.465177853,101.8
92.686,0.168831071,0.26487299,-2.47136636,101.9
92.699,0.170123145,0.26487299,-2.465177853,101.8
92.711,0.17141522,0.231916443,-2.47136636,101.9
92.724,0.172276603,0.231916443,-2.465177853,101.8
92.737,0.172276603,0.231916443,-2.47136636,101.9
92.75,0.172276603,0.231916443,-2.465177853,101.8
92.762,0.172276603,0.231916443,-2.47136636,101.9
92.775,0.172276603,0.198959896,-2.465177853,101.8
92.788,0.17141522,0.166003349,-2.47136636,101.9
92.8,0.170984528,0.133046802,-2.465177853,101.8
92.813,0.169692454,0.100090254,-2.477554867,102
92.826,0.168400379,0.100090254,-2.465177853,101.8
92.838,0.167538996,0.065913094,-2.47136636,101.9
92.851,0.167108305,0.065913094,-2.465177853,101.8
92.864,0.167108305,0.065913094,-2.47136636,101.9
92.877,0.167108305,0.065913094,-2.465177853,101.8
92.889,0.166246922,0.065913094,-2.47136636,101.9
92.902,0.166246922,0.065913094,-2.465177853,101.8
92.915,0.166246922,0.100090254,-2.47136636,101.9
92.927,0.167108305,0.100090254,-2.465177853,101.8
92.94,0.167538996,0.133046802,-2.47136636,101.9
92.953,0.167538996,0.133046802,-2.465177853,101.8
92.966,0.168400379,0.133046802,-2.47136636,101.9
92.978,0.169692454,0.166003349,-2.465177853,101.8
92.991,0.170123145,0.198959896,-2.47136636,101.9
93.004,0.170984528,0.231916443,-2.47136636,101.9
93.016,0.172276603,0.231916443,-2.465177853,101.8
93.029,0.173137986,0.26487299,-2.47136636,101.9
93.042,0.174860752,0.26487299,-2.47136636,101.9
93.054,0.17701421,0.26487299,-2.47136636,101.9
93.067,0.178736976,0.299050151,-2.47136636,101.9
93.08,0.180890433,0.26487299,-2.465177853,101.8
93.093,0.183474582,0.299050151,-2.47136636,101.9
93.105,0.18562804,0.299050151,-2.465177853,101.8
93.118,0.188212189,0.299050151,-2.47136636,101.9
93.131,0.189934955,0.299050151,-2.465177853,101.8
93.143,0.192949795,0.299050151,-2.47136636,101.9
93.156,0.195533944,0.299050151,-2.465177853,101.8
93.169,0.19725671,0.332006698,-2.47136636,101.9
93.181,0.199840859,0.332006698,-2.465177853,101.8
93.194,0.2028557,0.332006698,-2.47136636,101.9
93.207,0.205439849,0.332006698,-2.465177853,101.8
93.22,0.208023998,0.332006698,-2.47136636,101.9
93.232,0.209746764,0.332006698,-2.465177853,101.8
93.245,0.212761605,0.364963245,-2.447565778,101.9
93.258,0.215345754,0.332006698,-2.47136636,101.9
93.27,0.217929903,0.332006698,-2.465177853,101.8
93.283,0.219652669,0.332006698,-2.47136636,101.9
93.296,0.221806126,0.364963245,-2.465177853,101.8
93.309,0.223959584,0.364963245,-2.47136636,101.9
93.321,0.22568235,0.364963245,-2.465177853,101.8
93.334,0.226974424,0.364963245,-2.47136636,101.9
93.347,0.229127882,0.364963245,-2.465177853,101.8
93.359,0.229558574,0.364963245,-2.47136636,101.9
93.372,0.23128134,0.364963245,-2.465177853,101.8
93.385,0.23128134,0.364963245,-2.47136636,101.9
93.397,0.231712031,0.364963245,-2.47136636,101.9
93.41,0.231712031,0.332006698,-2.47136636,101.9
93.423,0.231712031,0.332006698,-2.47136636,101.9
93.436,0.232573414,0.332006698,-2.47136636,101.9
93.448,0.231712031,0.332006698,-2.47136636,101.9
93.461,0.231712031,0.332006698,-2.465177853,101.8
93.474,0.231712031,0.299050151,-2.47136636,101.9
93.486,0.23128134,0.299050151,-2.47136636,101.9
93.499,0.23128134,0.299050151,-2.47136636,101.9
93.512,0.23128134,0.299050151,-2.47136636,101.9
93.524,0.23128134,0.26487299,-2.465177853,101.8
93.537,0.23128134,0.26487299,-2.47136636,101.9
93.55,0.23128134,0.299050151,-2.465177853,101.8
93.563,0.23128134,0.299050151,-2.47136636,101.9
93.575,0.23128134,0.332006698,-2.465177853,101.8
93.588,0.231712031,0.332006698,-2.47136636,101.9
93.601,0.232573414,0.332006698,-2.465177853,101.8
93.613,0.233865489,0.332006698,-2.47136636,101.9
93.626,0.23429618,0.364963245,-2.465177853,101.8
93.639,0.235157563,0.364963245,-2.47136636,101.9
93.652,0.236880329,0.364963245,-2.465177853,101.8
93.664,0.238172404,0.364963245,-2.47136636,101.9
93.677,0.240325861,0.364963245,-2.465177853,101.8
93.69,0.242479319,0.397919792,-2.47136636,101.9
93.702,0.244202085,0.397919792,-2.47136636,101.9
93.715,0.246355542,0.397919792,-2.47136636,101.9
93.728,0.248078308,0.397919792,-2.47136636,101.9
93.74,0.251093149,0.397919792,-2.47136636,101.9
93.753,0.252815915,0.397919792,-2.465177853,101.8
93.766,0.255400064,0.430876339,-2.47136636,101.9
93.779,0.257984213,0.430876339,-2.47136636,101.9
93.791,0.260999054,0.430876339,-2.47136636,101.9
93.804,0.264013894,0.430876339,-2.47136636,101.9
93.817,0.267459426,0.430876339,-2.47136636,101.9
93.829,0.270043575,0.430876339,-2.465177853,101.8
93.842,0.273489107,0.430876339,-2.47136636,101.9
93.855,0.276503948,0.430876339,-2.465177853,101.8
93.867,0.27994948,0.463832887,-2.47136636,101.9
93.88,0.283395012,0.463832887,-2.465177853,101.8
93.893,0.286409852,0.463832887,-2.47136636,101.9
93.906,0.289855385,0.498010047,-2.465177853,101.8
93.918,0.293300917,0.498010047,-2.47136636,101.9
93.931,0.296315757,0.498010047,-2.465177853,101.8
93.944,0.299330598,0.498010047,-2.447565778,101.9
93.956,0.301053364,0.498010047,-2.441377271,101.8
93.969,0.303206821,0.498010047,-2.447565778,101.9
93.982,0.304498896,0.463832887,-2.441377271,101.8
93.995,0.30579097,0.463832887,-2.447565778,101.9
94.007,0.30579097,0.463832887,-2.441377271,101.8
94.02,0.30579097,0.430876339,-2.447565778,101.9
94.033,0.304498896,0.397919792,-2.447565778,101.9
94.045,0.302345438,0.332006698,-2.47136636,101.9
94.058,0.298469215,0.231916443,-2.47136636,101.9
94.071,0.294592991,0.166003349,-2.441377271,101.8
94.083,0.290716768,0.100090254,-2.47136636,101.9
94.096,0.285117778,0.065913094,-2.47136636,101.9
94.109,0.27994948,0.065913094,-2.47136636,101.9
94.122,0.274781182,0.032956547,-2.47136636,101.9
94.134,0.269612884,0,-2.465177853,101.8
94.147,0.264013894,-0.032956547,-2.47136636,101.9
94.16,0.258845596,-0.032956547,-2.465177853,101.8
94.172,0.253677298,-0.032956547,-2.47136636,101.9
94.185,0.248078308,-0.065913094,-2.365177853,101.7
94.198,0.242479319,-0.065913094,-2.37136636,101.8
94.21,0.236880329,-0.100090254,-2.365177853,101.7
94.223,0.231712031,-0.100090254,-2.37136636,101.8
94.236,0.226974424,-0.100090254,-2.400878726,101.7
94.249,0.221806126,-0.133046802,-2.407067233,101.8
94.261,0.216637828,-0.133046802,-2.400878726,101.7
94.274,0.211900222,-0.133046802,-2.37136636,101.8
94.287,0.207162615,-0.133046802,-2.37136636,101.8
94.299,0.203286392,-0.166003349,-2.37136636,101.8
94.312,0.199410168,-0.166003349,-2.407067233,101.8
94.325,0.195964636,-0.166003349,-2.400878726,101.7
94.338,0.193380487,-0.166003349,-2.407067233,101.8
94.35,0.190796338,-0.166003349,-2.400878726,101.7
94.363,0.18864288,-0.166003349,-2.407067233,101.8
94.376,0.187350806,-0.166003349,-2.400878726,101.7
94.388,0.186920114,-0.166003349,-2.407067233,101.8
94.401,0.186920114,-0.166003349,-2.400878726,101.7
94.414,0.186920114,-0.166003349,-2.407067233,101.8
94.426,0.186920114,-0.133046802,-2.400878726,101.7
94.439,0.186920114,-0.133046802,-2.407067233,101.8
94.452,0.187350806,-0.100090254,-2.407067233,101.8
94.465,0.18864288,-0.065913094,-2.407067233,101.8
94.477,0.189504263,-0.065913094,-2.407067233,101.8
94.49,0.189934955,-0.032956547,-2.407067233,101.8
94.503,0.190796338,-0.032956547,-2.407067233,101.8
94.515,0.191227029,0,-2.400878726,101.7
94.528,0.192088412,0,-2.407067233,101.8
94.541,0.192949795,0.032956547,-2.400878726,101.7
94.553,0.19424187,0.032956547,-2.407067233,101.8
94.566,0.194672561,0.065913094,-2.400878726,101.7
94.579,0.195964636,0.065913094,-2.407067233,101.8
94.592,0.196826019,0.100090254,-2.407067233,101.8
94.604,0.198118093,0.133046802,-2.407067233,101.8
94.617,0.199410168,0.133046802,-2.407067233,101.8
94.63,0.199840859,0.133046802,-2.400878726,101.7
94.642,0.201563626,0.166003349,-2.407067233,101.8
94.655,0.201994317,0.166003349,-2.400878726,101.7
94.668,0.203286392,0.166003349,-2.407067233,101.8
94.681,0.204147775,0.166003349,-2.400878726,101.7
94.693,0.205439849,0.198959896,-2.407067233,101.8
94.706,0.205870541,0.198959896,-2.400878726,101.7
94.719,0.207162615,0.198959896,-2.407067233,101.8
94.731,0.20845469,0.198959896,-2.400878726,101.7
94.744,0.209746764,0.198959896,-2.407067233,101.8
94.757,0.210608147,0.198959896,-2.400878726,101.7
94.769,0.21146953,0.198959896,-2.407067233,101.8
94.782,0.211900222,0.231916443,-2.407067233,101.8
94.795,0.212761605,0.198959896,-2.37136636,101.8
94.808,0.213192296,0.231916443,-2.407067233,101.8
94.82,0.214053679,0.231916443,-2.400878726,101.7
94.833,0.214053679,0.198959896,-2.407067233,101.8
94.846,0.215345754,0.198959896,-2.400878726,101.7
94.858,0.214484371,0.198959896,-2.407067233,101.8
94.871,0.214484371,0.198959896,-2.407067233,101.8
94.884,0.214484371,0.198959896,-2.407067233,101.8
94.896,0.214484371,0.198959896,-2.37136636,101.8
94.909,0.214484371,0.166003349,-2.365177853,101.7
94.922,0.213192296,0.133046802,-2.407067233,101.8
94.935,0.212761605,0.100090254,-2.400878726,101.7
94.947,0.21146953,0.100090254,-2.407067233,101.8
94.96,0.209746764,0.065913094,-2.400878726,101.7
94.973,0.20845469,0.032956547,-2.407067233,101.8
94.985,0.206731924,0,-2.365177853,101.7
94.998,0.205439849,-0.032956547,-2.37136636,101.8
95.011,0.2028557,-0.065913094,-2.365177853,101.7
95.024,0.200702243,-0.100090254,-2.407067233,101.8
95.036,0.198548785,-0.133046802,-2.400878726,101.7
95.049,0.196826019,-0.166003349,-2.407067233,101.8
95.062,0.19424187,-0.166003349,-2.407067233,101.8
95.074,0.191227029,-0.166003349,-2.400878726,101.7
95.087,0.188212189,-0.198959896,-2.407067233,101.8
95.1,0.184766657,-0.198959896,-2.400878726,101.7
95.112,0.181321125,-0.198959896,-2.407067233,101.8
95.125,0.178306284,-0.231916443,-2.400878726,101.7
95.138,0.174430061,-0.231916443,-2.407067233,101.8
95.151,0.170984528,-0.231916443,-2.400878726,101.7
95.163,0.167108305,-0.231916443,-2.407067233,101.8
95.176,0.163232081,-0.26487299,-2.407067233,101.8
95.189,0.158925166,-0.26487299,-2.407067233,101.8
95.201,0.155048943,-0.299050151,-2.407067233,101.8
95.214,0.151172719,-0.299050151,-2.307067233,101.7
95.227,0.147296496,-0.299050151,-2.300878726,101.6
95.239,0.142558889,-0.299050151,-2.300878726,101.6
95.252,0.138682665,-0.299050151,-2.307067233,101.7
95.265,0.134806442,-0.332006698,-2.300878726,101.6
95.278,0.130499527,-0.332006698,-2.307067233,101.7
95.29,0.126192612,-0.332006698,-2.300878726,101.6
95.303,0.121885697,-0.364963245,-2.307067233,101.7
95.316,0.117578782,-0.364963245,-2.300878726,101.6
95.328,0.113271866,-0.364963245,-2.300878726,101.6
95.341,0.109395643,-0.364963245,-2.307067233,101.7
95.354,0.105519419,-0.364963245,-2.300878726,101.6
95.367,0.102073887,-0.397919792,-2.307067233,101.7
95.379,0.099059047,-0.397919792,-2.300878726,101.6
95.392,0.096474898,-0.397919792,-2.307067233,101.7
95.405,0.093460057,-0.397919792,-2.3365796,101.6
95.417,0.091737291,-0.397919792,-2.342768107,101.7
95.43,0.090445217,-0.397919792,-2.3365796,101.6
95.443,0.089153142,-0.397919792,-2.342768107,101.7
95.455,0.089153142,-0.364963245,-2.300878726,101.6
95.468,0.089583834,-0.364963245,-2.307067233,101.7
95.481,0.090445217,-0.332006698,-2.300878726,101.6
95.494,0.090875908,-0.299050151,-2.307067233,101.7
95.506,0.091737291,-0.26487299,-2.307067233,101.7
95.519,0.093029366,-0.231916443,-2.307067233,101.7
95.532,0.09432144,-0.198959896,-2.307067233,101.7
95.544,0.095613515,-0.166003349,-2.307067233,101.7
95.557,0.096905589,-0.166003349,-2.300878726,101.6
95.57,0.098197664,-0.133046802,-2.342768107,101.7
95.582,0.100351121,-0.100090254,-2.307067233,101.7
95.595,0.101643196,-0.065913094,-2.307067233,101.7
95.608,0.10293527,-0.032956547,-2.307067233,101.7
95.621,0.104227345,-0.032956547,-2.307067233,101.7
95.633,0.106380802,0,-2.3365796,101.6
95.646,0.107672877,0,-2.342768107,101.7
95.659,0.108103568,0,-2.300878726,101.6
95.671,0.109395643,0,-2.313255741,101.8
95.684,0.110687717,0,-2.300878726,101.6
95.697,0.1115491,0,-2.307067233,101.7
95.71,0.111979792,0,-2.300878726,101.6
95.722,0.112841175,0,-2.307067233,101.7
95.735,0.113271866,0,-2.300878726,101.6
95.748,0.113271866,0,-2.307067233,101.7
95.76,0.113271866,0.032956547,-2.300878726,101.6
95.773,0.114133249,0,-2.307067233,101.7
95.786,0.114133249,0,-2.300878726,101.6
95.798,0.113271866,0,-2.307067233,101.7
95.811,0.113271866,-0.032956547,-2.300878726,101.6
95.824,0.112841175,-0.065913094,-2.307067233,101.7
95.837,0.1115491,-0.100090254,-2.300878726,101.6
95.849,0.110687717,-0.133046802,-2.307067233,101.7
95.862,0.109395643,-0.166003349,-2.307067233,101.7
95.875,0.108103568,-0.166003349,-2.307067233,101.7
95.887,0.106811494,-0.198959896,-2.307067233,101.7
95.9,0.105519419,-0.231916443,-2.307067233,101.7
95.913,0.104227345,-0.231916443,-2.300878726,101.6
95.925,0.10293527,-0.26487299,-2.307067233,101.7
95.938,0.100781813,-0.299050151,-2.300878726,101.6
95.951,0.099489738,-0.332006698,-2.307067233,101.7
95.964,0.097766972,-0.364963245,-2.3365796,101.6
95.976,0.095613515,-0.364963245,-2.342768107,101.7
95.989,0.093460057,-0.364963245,-2.300878726,101.6
96.002,0.090875908,-0.397919792,-2.307067233,101.7
96.014,0.089153142,-0.397919792,-2.3365796,101.6
96.027,0.086999685,-0.397919792,-2.307067233,101.7
96.04,0.084415535,-0.397919792,-2.300878726,101.6
96.053,0.080970003,-0.430876339,-2.307067233,101.7
96.065,0.078385854,-0.430876339,-2.300878726,101.6
96.078,0.075801705,-0.430876339,-2.342768107,101.7
96.091,0.073217556,-0.430876339,-2.342768107,101.7
96.103,0.070633407,-0.430876339,-2.342768107,101.7
96.116,0.068049258,-0.430876339,-2.342768107,101.7
96.129,0.064603726,-0.463832887,-2.3365796,101.6
96.141,0.061158194,-0.463832887,-2.307067233,101.7
96.154,0.058574045,-0.463832887,-2.300878726,101.6
96.167,0.055128513,-0.463832887,-2.307067233,101.7
96.18,0.052544364,-0.463832887,-2.3365796,101.6
96.192,0.049960215,-0.463832887,-2.342768107,101.7
96.205,0.047376066,-0.463832887,-2.300878726,101.6
96.218,0.044791917,-0.498010047,-2.307067233,101.7
96.23,0.042638459,-0.498010047,-2.307067233,101.7
96.243,0.04005431,-0.498010047,-2.307067233,101.7
96.256,0.037470161,-0.498010047,-2.307067233,101.7
96.268,0.034886012,-0.498010047,-2.307067233,101.7
96.281,0.033593938,-0.498010047,-2.307067233,101.7
96.294,0.03144048,-0.498010047,-2.300878726,101.6
96.307,0.030148406,-0.498010047,-2.307067233,101.7
96.319,0.029717714,-0.498010047,-2.300878726,101.6
96.332,0.028425639,-0.498010047,-2.307067233,101.7
96.345,0.028425639,-0.498010047,-2.300878726,101.6
96.357,0.028425639,-0.463832887,-2.307067233,101.7
96.37,0.028425639,-0.430876339,-2.307067233,101.7
96.383,0.028856331,-0.397919792,-2.307067233,101.7
96.396,0.030148406,-0.364963245,-2.307067233,101.7
96.408,0.03144048,-0.332006698,-2.3365796,101.6
96.421,0.033593938,-0.299050151,-2.342768107,101.7
96.434,0.034886012,-0.26487299,-2.300878726,101.6
96.446,0.03703947,-0.231916443,-2.307067233,101.7
96.459,0.038762236,-0.198959896,-2.300878726,101.6
96.472,0.040915693,-0.166003349,-2.307067233,101.7
96.484,0.043499842,-0.133046802,-2.300878726,101.6
96.497,0.044791917,-0.100090254,-2.307067233,101.7
96.51,0.048237449,-0.100090254,-2.300878726,101.6
96.523,0.050821598,-0.065913094,-2.307067233,101.7
96.535,0.053405747,-0.065913094,-2.300878726,101.6
96.548,0.056851279,-0.065913094,-2.342768107,101.7
96.561,0.059435428,-0.032956547,-2.3365796,101.6
96.573,0.062450269,-0.032956547,-2.307067233,101.7
96.586,0.065034418,-0.032956547,-2.307067233,101.7
96.599,0.06847995,0,-2.342768107,101.7
96.611,0.071925482,0,-2.300878726,101.6
96.624,0.075371014,0,-2.307067233,101.7
96.637,0.078385854,0.032956547,-2.300878726,101.6
96.65,0.081831386,0.032956547,-2.307067233,101.7
96.662,0.084415535,0.032956547,-2.3365796,101.6
96.675,0.087861068,0.065913094,-2.307067233,101.7
96.688,0.090875908,0.065913094,-2.300878726,101.6
96.7,0.093460057,0.065913094,-2.307067233,101.7
96.713,0.096905589,0.100090254,-2.300878726,101.6
96.726,0.100351121,0.100090254,-2.307067233,101.7
96.739,0.103365962,0.100090254,-2.300878726,101.6
96.751,0.106811494,0.133046802,-2.313255741,101.8
96.764,0.109395643,0.133046802,-2.300878726,101.6
96.777,0.112841175,0.133046802,-2.313255741,101.8
96.789,0.115425324,0.133046802,-2.300878726,101.6
96.802,0.118870856,0.133046802,-2.313255741,101.8
96.815,0.121455005,0.133046802,-2.300878726,101.6
96.827,0.124900537,0.166003349,-2.307067233,101.7
96.84,0.126623303,0.166003349,-2.300878726,101.6
96.853,0.129207452,0.166003349,-2.307067233,101.7
96.866,0.131791601,0.166003349,-2.400878726,101.7
96.878,0.135237133,0.166003349,-2.407067233,101.8
96.891,0.137390591,0.166003349,-2.400878726,101.7
96.904,0.13997474,0.198959896,-2.407067233,101.8
96.916,0.141697506,0.198959896,-2.400878726,101.7
96.929,0.143850964,0.198959896,-2.407067233,101.8
96.942,0.146004421,0.198959896,-2.400878726,101.7
96.954,0.147727187,0.198959896,-2.407067233,101.8
96.967,0.149880645,0.198959896,-2.400878726,101.7
96.98,0.151603411,0.198959896,-2.407067233,101.8
96.993,0.153756868,0.198959896,-2.400878726,101.7
97.005,0.155910326,0.198959896,-2.407067233,101.8
97.018,0.1572024,0.231916443,-2.400878726,101.7
97.031,0.158925166,0.198959896,-2.407067233,101.8
97.043,0.161078624,0.231916443,-2.400878726,101.7
97.056,0.162370698,0.231916443,-2.413255741,101.9
97.069,0.163662773,0.231916443,-2.400878726,101.7
97.082,0.164954847,0.231916443,-2.413255741,101.9
97.094,0.167108305,0.231916443,-2.400878726,101.7
97.107,0.168400379,0.231916443,-2.407067233,101.8
97.12,0.168831071,0.231916443,-2.400878726,101.7
97.132,0.170123145,0.231916443,-2.37136636,101.8
97.145,0.17141522,0.26487299,-2.400878726,101.7
97.158,0.173137986,0.26487299,-2.37136636,101.8
97.17,0.174430061,0.26487299,-2.37136636,101.8
97.183,0.175722135,0.26487299,-2.37136636,101.8
97.196,0.176152827,0.26487299,-2.407067233,101.8
97.209,0.177444901,0.26487299,-2.400878726,101.7
97.221,0.178736976,0.26487299,-2.407067233,101.8
97.234,0.18002905,0.26487299,-2.407067233,101.8
97.247,0.180890433,0.26487299,-2.407067233,101.8
97.259,0.182182508,0.26487299,-2.407067233,101.8
97.272,0.183474582,0.26487299,-2.37136636,101.8
97.285,0.184335965,0.26487299,-2.407067233,101.8
97.297,0.184766657,0.26487299,-2.365177853,101.7
97.31,0.186058731,0.26487299,-2.407067233,101.8
97.323,0.186920114,0.26487299,-2.400878726,101.7
97.336,0.188212189,0.26487299,-2.37136636,101.8
97.348,0.18864288,0.26487299,-2.400878726,101.7
97.361,0.189504263,0.26487299,-2.407067233,101.8
97.374,0.189934955,0.299050151,-2.400878726,101.7
97.386,0.190796338,0.299050151,-2.37136636,101.8
97.399,0.191227029,0.299050151,-2.400878726,101.7
97.412,0.192088412,0.299050151,-2.407067233,101.8
97.424,0.192088412,0.299050151,-2.400878726,101.7
97.437,0.192949795,0.26487299,-2.407067233,101.8
97.45,0.193380487,0.26487299,-2.400878726,101.7
97.463,0.193380487,0.299050151,-2.407067233,101.8
97.475,0.193380487,0.26487299,-2.37136636,101.8
97.488,0.193380487,0.26487299,-2.407067233,101.8
97.501,0.193380487,0.26487299,-2.37136636,101.8
97.513,0.193380487,0.26487299,-2.365177853,101.7
97.526,0.193380487,0.26487299,-2.37136636,101.8
97.539,0.193380487,0.26487299,-2.365177853,101.7
97.552,0.193380487,0.231916443,-2.407067233,101.8
97.564,0.193380487,0.231916443,-2.400878726,101.7
97.577,0.193380487,0.231916443,-2.407067233,101.8
97.59,0.193380487,0.231916443,-2.407067233,101.8
97.602,0.193380487,0.231916443,-2.407067233,101.8
97.615,0.193380487,0.231916443,-2.37136636,101.8
97.628,0.193380487,0.231916443,-2.37136636,101.8
97.64,0.193380487,0.231916443,-2.37136636,101.8
97.653,0.193380487,0.231916443,-2.407067233,101.8
97.666,0.192949795,0.231916443,-2.407067233,101.8
97.679,0.192949795,0.198959896,-2.407067233,101.8
97.691,0.192949795,0.198959896,-2.407067233,101.8
97.704,0.192949795,0.198959896,-2.407067233,101.8
97.717,0.192949795,0.198959896,-2.365177853,101.7
97.729,0.192088412,0.198959896,-2.407067233,101.8
97.742,0.192088412,0.198959896,-2.400878726,101.7
97.755,0.192088412,0.198959896,-2.407067233,101.8
97.768,0.192088412,0.198959896,-2.400878726,101.7
97.78,0.192949795,0.198959896,-2.407067233,101.8
97.793,0.192949795,0.198959896,-2.400878726,101.7
97.806,0.192949795,0.198959896,-2.407067233,101.8
97.818,0.192088412,0.198959896,-2.400878726,101.7
97.831,0.192088412,0.198959896,-2.407067233,101.8
97.844,0.192088412,0.166003349,-2.365177853,101.7
97.856,0.192088412,0.198959896,-2.37136636,101.8
97.869,0.192088412,0.198959896,-2.265177853,101.6
97.882,0.192088412,0.198959896,-2.307067233,101.7
97.895,0.192088412,0.198959896,-2.307067233,101.7
97.907,0.192088412,0.198959896,-2.307067233,101.7
97.92,0.192088412,0.198959896,-2.300878726,101.6
97.933,0.192088412,0.166003349,-2.307067233,101.7
97.945,0.191227029,0.166003349,-2.307067233,101.7
97.958,0.191227029,0.166003349,-2.307067233,101.7
97.971,0.191227029,0.166003349,-2.307067233,101.7
97.983,0.191227029,0.166003349,-2.27136636,101.7
97.996,0.191227029,0.166003349,-2.27136636,101.7
98.009,0.190796338,0.166003349,-2.27136636,101.7
98.022,0.190796338,0.133046802,-2.265177853,101.6
98.034,0.189934955,0.133046802,-2.307067233,101.7
98.047,0.189934955,0.133046802,-2.300878726,101.6
98.06,0.189504263,0.100090254,-2.307067233,101.7
98.072,0.18864288,0.100090254,-2.300878726,101.6
98.085,0.188212189,0.065913094,-2.307067233,101.7
98.098,0.187350806,0.065913094,-2.300878726,101.6
98.111,0.186920114,0.065913094,-2.27136636,101.7
98.123,0.186058731,0.032956547,-2.300878726,101.6
98.136,0.184766657,0.032956547,-2.307067233,101.7
98.149,0.184335965,0,-2.300878726,101.6
98.161,0.183474582,0,-2.307067233,101.7
98.174,0.182182508,-0.032956547,-2.300878726,101.6
98.187,0.180890433,-0.065913094,-2.307067233,101.7
98.199,0.179598359,-0.065913094,-2.27136636,101.7
98.212,0.178736976,-0.065913094,-2.307067233,101.7
98.225,0.178306284,-0.100090254,-2.300878726,101.6
98.238,0.17701421,-0.100090254,-2.265177853,101.6
98.25,0.176152827,-0.100090254,-2.307067233,101.7
98.263,0.175722135,-0.100090254,-2.300878726,101.6
98.276,0.174860752,-0.133046802,-2.307067233,101.7
98.288,0.174430061,-0.133046802,-2.300878726,101.6
98.301,0.174430061,-0.133046802,-2.307067233,101.7
98.314,0.173568678,-0.133046802,-2.300878726,101.6
98.326,0.173568678,-0.100090254,-2.300878726,101.6
98.339,0.173137986,-0.100090254,-2.307067233,101.7
98.352,0.173137986,-0.100090254,-2.307067233,101.7
98.365,0.173137986,-0.100090254,-2.307067233,101.7
98.377,0.173137986,-0.100090254,-2.300878726,101.6
98.39,0.173137986,-0.100090254,-2.307067233,101.7
98.403,0.173137986,-0.100090254,-2.300878726,101.6
98.415,0.173137986,-0.100090254,-2.307067233,101.7
98.428,0.173137986,-0.100090254,-2.300878726,101.6
98.441,0.173568678,-0.100090254,-2.307067233,101.7
98.454,0.173568678,-0.065913094,-2.300878726,101.6
98.466,0.173568678,-0.065913094,-2.307067233,101.7
98.479,0.173568678,-0.065913094,-2.300878726,101.6
98.492,0.174430061,-0.032956547,-2.307067233,101.7
98.504,0.174860752,-0.032956547,-2.307067233,101.7
98.517,0.174860752,-0.032956547,-2.307067233,101.7
98.53,0.175722135,0,-2.307067233,101.7
98.542,0.176152827,0,-2.300878726,101.6
98.555,0.176152827,0.032956547,-2.307067233,101.7
98.568,0.17701421,0.032956547,-2.300878726,101.6
98.581,0.177444901,0.032956547,-2.307067233,101.7
98.593,0.177444901,0.032956547,-2.300878726,101.6
98.606,0.177444901,0.065913094,-2.307067233,101.7
98.619,0.178306284,0.065913094,-2.300878726,101.6
98.631,0.178306284,0.065913094,-2.307067233,101.7
98.644,0.178736976,0.065913094,-2.300878726,101.6
98.657,0.178736976,0.065913094,-2.307067233,101.7
98.669,0.178736976,0.065913094,-2.307067233,101.7
98.682,0.178736976,0.065913094,-2.307067233,101.7
98.695,0.178736976,0.065913094,-2.307067233,101.7
98.708,0.178736976,0.065913094,-2.300878726,101.6
98.72,0.178736976,0.032956547,-2.307067233,101.7
98.733,0.178736976,0.032956547,-2.300878726,101.6
98.746,0.178306284,0,-2.307067233,101.7
98.758,0.177444901,-0.032956547,-2.307067233,101.7
98.771,0.17701421,-0.032956547,-2.307067233,101.7
98.784,0.176152827,-0.032956547,-2.307067233,101.7
98.796,0.175722135,-0.065913094,-2.300878726,101.6
98.809,0.174430061,-0.100090254,-2.307067233,101.7
98.822,0.173137986,-0.100090254,-2.300878726,101.6
98.835,0.17141522,-0.133046802,-2.307067233,101.7
98.847,0.170123145,-0.133046802,-2.300878726,101.6
98.86,0.168831071,-0.133046802,-2.307067233,101.7
98.873,0.167108305,-0.133046802,-2.300878726,101.6
98.885,0.164954847,-0.166003349,-2.307067233,101.7
98.898,0.163232081,-0.166003349,-2.300878726,101.6
98.911,0.160217241,-0.198959896,-2.307067233,101.7
98.924,0.158494475,-0.198959896,-2.300878726,101.6
98.936,0.1572024,-0.198959896,-2.307067233,101.7
98.949,0.155048943,-0.198959896,-2.307067233,101.7
98.962,0.153326177,-0.198959896,-2.307067233,101.7
98.974,0.151172719,-0.198959896,-2.307067233,101.7
98.987,0.149019262,-0.198959896,-2.300878726,101.6
99,0.147296496,-0.198959896,-2.265177853,101.6
99.012,0.145143038,-0.198959896,-2.265177853,101.6
99.025,0.143420272,-0.231916443,-2.307067233,101.7
99.038,0.141697506,-0.231916443,-2.307067233,101.7
99.051,0.13997474,-0.231916443,-2.307067233,101.7
99.063,0.137821282,-0.231916443,-2.307067233,101.7
99.076,0.136529208,-0.231916443,-2.300878726,101.6
99.089,0.136098516,-0.231916443,-2.307067233,101.7
99.101,0.134806442,-0.231916443,-2.300878726,101.6
99.114,0.133945059,-0.231916443,-2.307067233,101.7
99.127,0.132652984,-0.231916443,-2.300878726,101.6
99.139,0.131791601,-0.26487299,-2.307067233,101.7
99.152,0.13136091,-0.231916443,-2.300878726,101.6
99.165,0.130499527,-0.231916443,-2.307067233,101.7
99.178,0.130068835,-0.231916443,-2.300878726,101.6
99.19,0.130068835,-0.231916443,-2.307067233,101.7
99.203,0.130068835,-0.231916443,-2.300878726,101.6
99.216,0.130068835,-0.231916443,-2.307067233,101.7
99.228,0.130068835,-0.231916443,-2.300878726,101.6
99.241,0.130068835,-0.198959896,-2.307067233,101.7
99.254,0.130499527,-0.198959896,-2.307067233,101.7
99.267,0.13136091,-0.198959896,-2.307067233,101.7
99.279,0.13136091,-0.166003349,-2.307067233,101.7
99.292,0.13136091,-0.166003349,-2.300878726,101.6
99.305,0.13136091,-0.166003349,-2.307067233,101.7
99.317,0.131791601,-0.133046802,-2.300878726,101.6
99.33,0.132652984,-0.133046802,-2.307067233,101.7
99.343,0.133514367,-0.133046802,-2.300878726,101.6
99.355,0.133945059,-0.100090254,-2.307067233,101.7
99.368,0.133945059,-0.100090254,-2.307067233,101.7
99.381,0.134806442,-0.065913094,-2.307067233,101.7
99.394,0.135237133,-0.065913094,-2.307067233,101.7
99.406,0.136098516,-0.032956547,-2.300878726,101.6
99.419,0.136529208,-0.032956547,-2.307067233,101.7
99.432,0.137390591,-0.032956547,-2.307067233,101.7
99.444,0.137821282,0,-2.307067233,101.7
99.457,0.138682665,0,-2.300878726,101.6
99.47,0.139113357,0,-2.307067233,101.7
99.482,0.13997474,0.032956547,-2.300878726,101.6
99.495,0.140405431,0.032956547,-2.307067233,101.7
99.508,0.141266814,0.032956547,-2.300878726,101.6
99.521,0.141697506,0.065913094,-2.307067233,101.7
99.533,0.142558889,0.065913094,-2.307067233,101.7
99.546,0.142558889,0.065913094,-2.307067233,101.7
99.559,0.143420272,0.065913094,-2.307067233,101.7
99.571,0.143850964,0.065913094,-2.300878726,101.6
99.584,0.144712347,0.100090254,-2.307067233,101.7
99.597,0.144712347,0.100090254,-2.300878726,101.6
99.61,0.145143038,0.100090254,-2.307067233,101.7
99.622,0.146004421,0.100090254,-2.300878726,101.6
99.635,0.146004421,0.100090254,-2.307067233,101.7
99.648,0.146004421,0.100090254,-2.300878726,101.6
99.66,0.146435113,0.100090254,-2.307067233,101.7
99.673,0.146435113,0.100090254,-2.300878726,101.6
99.686,0.146435113,0.100090254,-2.307067233,101.7
99.698,0.147296496,0.133046802,-2.300878726,101.6
99.711,0.147296496,0.133046802,-2.307067233,101.7
99.724,0.147296496,0.133046802,-2.300878726,101.6
99.737,0.147296496,0.100090254,-2.307067233,101.7
99.749,0.147296496,0.100090254,-2.307067233,101.7
99.762,0.147296496,0.100090254,-2.307067233,101.7
99.775,0.147296496,0.100090254,-2.307067233,101.7
99.787,0.147296496,0.100090254,-2.307067233,101.7
99.8,0.146435113,0.065913094,-2.300878726,101.6
99.813,0.146435113,0.065913094,-2.307067233,101.7
99.826,0.146435113,0.065913094,-2.300878726,101.6
99.838,0.146435113,0.065913094,-2.307067233,101.7
99.851,0.146435113,0.065913094,-2.300878726,101.6
99.864,0.146004421,0.065913094,-2.307067233,101.7
99.876,0.145143038,0.032956547,-2.300878726,101.6
99.889,0.145143038,0.032956547,-2.307067233,101.7
99.902,0.144712347,0.032956547,-2.300878726,101.6
99.914,0.144712347,0.032956547,-2.307067233,101.7
99.927,0.144712347,0.032956547,-2.300878726,101.6
99.94,0.144712347,0.032956547,-2.313255741,101.8
99.953,0.144712347,0.032956547,-2.300878726,101.6
99.965,0.144712347,0.032956547,-2.307067233,101.7
99.978,0.144712347,0.032956547,-2.300878726,101.6
99.991,0.144712347,0.032956547,-2.307067233,101.7
100.003,0.144712347,0,-2.300878726,101.6
100.016,0.144712347,0.032956547,-2.307067233,101.7
100.029,0.144712347,0.032956547,-2.300878726,101.6
100.041,0.144712347,0.032956547,-2.307067233,101.7
100.054,0.143850964,0.032956547,-2.300878726,101.6
100.067,0.143850964,0.032956547,-2.307067233,101.7
100.08,0.144712347,0.065913094,-2.300878726,101.6
100.092,0.144712347,0.065913094,-2.307067233,101.7
100.105,0.144712347,0.065913094,-2.300878726,101.6
100.118,0.145143038,0.065913094,-2.307067233,101.7
100.13,0.145143038,0.065913094,-2.300878726,101.6
100.143,0.145143038,0.065913094,-2.307067233,101.7
100.156,0.146004421,0.065913094,-2.300878726,101.6
100.168,0.146004421,0.065913094,-2.307067233,101.7
100.181,0.146004421,0.100090254,-2.300878726,101.6
100.194,0.146435113,0.100090254,-2.307067233,101.7
100.207,0.146435113,0.100090254,-2.300878726,101.6
100.219,0.147296496,0.133046802,-2.307067233,101.7
100.232,0.147296496,0.133046802,-2.300878726,101.6
100.245,0.147727187,0.133046802,-2.307067233,101.7
100.257,0.14858857,0.133046802,-2.300878726,101.6
100.27,0.14858857,0.133046802,-2.307067233,101.7
100.283,0.149019262,0.133046802,-2.300878726,101.6
100.296,0.149019262,0.133046802,-2.307067233,101.7
100.308,0.149880645,0.166003349,-2.300878726,101.6
100.321,0.150311336,0.166003349,-2.307067233,101.7
100.334,0.150311336,0.166003349,-2.307067233,101.7
100.346,0.151172719,0.133046802,-2.307067233,101.7
100.359,0.151603411,0.133046802,-2.307067233,101.7
100.372,0.152464794,0.166003349,-2.300878726,101.6
100.384,0.152464794,0.166003349,-2.307067233,101.7
100.397,0.153326177,0.166003349,-2.307067233,101.7
100.41,0.153756868,0.166003349,-2.300878726,101.6
100.423,0.153756868,0.166003349,-2.307067233,101.7
100.435,0.154618251,0.166003349,-2.307067233,101.7
100.448,0.154618251,0.166003349,-2.307067233,101.7
100.461,0.155048943,0.166003349,-2.300878726,101.6
100.473,0.155048943,0.166003349,-2.307067233,101.7
100.486,0.155048943,0.166003349,-2.300878726,101.6
100.499,0.155048943,0.166003349,-2.307067233,101.7
100.511,0.155910326,0.166003349,-2.300878726,101.6
100.524,0.155910326,0.166003349,-2.307067233,101.7
100.537,0.155910326,0.166003349,-2.300878726,101.6
100.55,0.155048943,0.166003349,-2.307067233,101.7
100.562,0.155910326,0.133046802,-2.300878726,101.6
100.575,0.155910326,0.133046802,-2.307067233,101.7
100.588,0.155910326,0.133046802,-2.300878726,101.6
100.6,0.155048943,0.133046802,-2.300878726,101.6
100.613,0.155048943,0.133046802,-2.307067233,101.7
100.626,0.155048943,0.133046802,-2.300878726,101.6
100.639,0.155048943,0.100090254,-2.307067233,101.7
100.651,0.154618251,0.100090254,-2.300878726,101.6
100.664,0.154618251,0.100090254,-2.307067233,101.7
100.677,0.154618251,0.100090254,-2.300878726,101.6
100.689,0.153756868,0.065913094,-2.307067233,101.7
100.702,0.153756868,0.065913094,-2.300878726,101.6
100.715,0.153326177,0.065913094,-2.307067233,101.7
100.727,0.153326177,0.065913094,-2.307067233,101.7
100.74,0.153326177,0.065913094,-2.307067233,101.7
100.753,0.153326177,0.065913094,-2.307067233,101.7
100.766,0.152464794,0.032956547,-2.307067233,101.7
100.778,0.152464794,0.032956547,-2.300878726,101.6
100.791,0.151603411,0.032956547,-2.300878726,101.6
100.801,0.151172719,0,-2.300878726,101.6
100.813,0.150311336,0.032956547,-2.307067233,101.7
100.826,0.150311336,0,-2.300878726,101.6
100.838,0.150311336,0,-2.307067233,101.7
100.851,0.150311336,0,-2.300878726,101.6
100.864,0.150311336,0,-2.307067233,101.7
100.876,0.150311336,0,-2.300878726,101.6
100.889,0.150311336,0,-2.307067233,101.7
100.902,0.150311336,0,-2.300878726,101.6
100.915,0.149880645,0,-2.307067233,101.7
100.927,0.149880645,0,-2.300878726,101.6
100.94,0.149880645,0,-2.307067233,101.7
100.953,0.149880645,0,-2.307067233,101.7
100.965,0.149880645,0,-2.300878726,101.6
100.978,0.149880645,-0.032956547,-2.307067233,101.7
100.991,0.149880645,-0.032956547,-2.300878726,101.6
101.004,0.149880645,-0.032956547,-2.307067233,101.7
101.016,0.149880645,-0.032956547,-2.300878726,101.6
101.029,0.149880645,-0.032956547,-2.307067233,101.7
101.042,0.149880645,-0.032956547,-2.307067233,101.7
101.054,0.149880645,-0.032956547,-2.307067233,101.7
101.067,0.149019262,-0.032956547,-2.307067233,101.7
101.08,0.149019262,-0.032956547,-2.307067233,101.7
101.092,0.149019262,-0.032956547,-2.307067233,101.7
101.105,0.149880645,-0.032956547,-2.300878726,101.6
101.118,0.149880645,-0.032956547,-2.307067233,101.7
101.131,0.149880645,-0.032956547,-2.300878726,101.6
101.143,0.149019262,0,-2.307067233,101.7
101.156,0.149880645,0,-2.307067233,101.7
101.169,0.149880645,0,-2.307067233,101.7
101.181,0.149880645,-0.032956547,-2.307067233,101.7
101.194,0.149880645,-0.032956547,-2.307067233,101.7
101.207,0.149019262,-0.032956547,-2.307067233,101.7
101.219,0.149019262,-0.032956547,-2.300878726,101.6
101.232,0.149019262,-0.032956547,-2.307067233,101.7
101.245,0.149019262,-0.032956547,-2.300878726,101.6
101.258,0.149019262,-0.032956547,-2.307067233,101.7
101.27,0.14858857,0,-2.300878726,101.6
101.283,0.14858857,0,-2.307067233,101.7
101.296,0.149019262,0,-2.300878726,101.6
101.308,0.149019262,0,-2.307067233,101.7
101.321,0.149019262,-0.032956547,-2.300878726,101.6
101.334,0.149019262,-0.032956547,-2.307067233,101.7
101.347,0.14858857,-0.032956547,-2.300878726,101.6
101.359,0.149019262,-0.032956547,-2.307067233,101.7
101.372,0.149019262,-0.032956547,-2.307067233,101.7
101.385,0.14858857,-0.032956547,-2.307067233,101.7
101.397,0.14858857,-0.032956547,-2.307067233,101.7
101.41,0.14858857,-0.032956547,-2.307067233,101.7
101.423,0.14858857,-0.032956547,-2.307067233,101.7
101.435,0.14858857,-0.032956547,-2.307067233,101.7
101.448,0.149019262,-0.032956547,-2.307067233,101.7
101.461,0.149019262,-0.032956547,-2.307067233,101.7
101.474,0.149019262,-0.032956547,-2.307067233,101.7
101.486,0.14858857,-0.032956547,-2.307067233,101.7
101.499,0.14858857,-0.032956547,-2.300878726,101.6
101.512,0.149019262,-0.032956547,-2.307067233,101.7
101.524,0.149019262,-0.032956547,-2.300878726,101.6
101.537,0.149019262,-0.032956547,-2.307067233,101.7
101.55,0.149019262,-0.032956547,-2.300878726,101.6
101.562,0.149019262,-0.032956547,-2.307067233,101.7
101.575,0.149019262,-0.032956547,-2.300878726,101.6
101.588,0.149019262,-0.032956547,-2.307067233,101.7
101.601,0.14858857,-0.032956547,-2.300878726,101.6
101.613,0.14858857,-0.032956547,-2.307067233,101.7
101.626,0.149019262,-0.032956547,-2.300878726,101.6
101.639,0.149019262,0,-2.307067233,101.7
101.651,0.149019262,-0.032956547,-2.300878726,101.6
101.664,0.149019262,-0.032956547,-2.307067233,101.7
101.677,0.149019262,-0.032956547,-2.307067233,101.7
101.69,0.14858857,-0.032956547,-2.307067233,101.7
101.702,0.14858857,-0.032956547,-2.307067233,101.7
101.715,0.14858857,-0.032956547,-2.307067233,101.7
101.728,0.14858857,-0.032956547,-2.307067233,101.7
101.74,0.149019262,-0.032956547,-2.27136636,101.7
101.753,0.149019262,-0.032956547,-2.27136636,101.7
101.766,0.149019262,-0.032956547,-2.307067233,101.7
101.778,0.149019262,-0.032956547,-2.307067233,101.7
101.791,0.149019262,-0.032956547,-2.307067233,101.7
101.804,0.149019262,0,-2.300878726,101.6
101.817,0.149019262,-0.032956547,-2.307067233,101.7
101.829,0.14858857,-0.032956547,-2.300878726,101.6
101.842,0.14858857,-0.032956547,-2.27136636,101.7
101.855,0.14858857,-0.032956547,-2.300878726,101.6
101.867,0.14858857,-0.032956547,-2.307067233,101.7
101.88,0.14858857,-0.032956547,-2.300878726,101.6
101.893,0.14858857,-0.032956547,-2.307067233,101.7
101.905,0.149019262,-0.032956547,-2.300878726,101.6
101.918,0.14858857,-0.032956547,-2.307067233,101.7
101.931,0.14858857,0,-2.300878726,101.6
101.944,0.14858857,0,-2.207067233,101.6
101.956,0.149019262,-0.032956547,-2.17136636,101.6
101.969,0.149019262,-0.032956547,-2.27136636,101.7
101.982,0.149019262,-0.032956547,-2.27136636,101.7
101.994,0.14858857,0,-2.300878726,101.6
102.007,0.14858857,0,-2.307067233,101.7
102.02,0.14858857,-0.032956547,-2.300878726,101.6
102.033,0.14858857,-0.032956547,-2.307067233,101.7
102.045,0.149019262,-0.032956547,-2.200878726,101.5
102.058,0.14858857,-0.032956547,-2.207067233,101.6
102.071,0.149019262,-0.032956547,-2.300878726,101.6
102.083,0.14858857,-0.032956547,-2.207067233,101.6
102.096,0.149019262,-0.032956547,-2.200878726,101.5
102.109,0.149019262,-0.032956547,-2.17136636,101.6
102.121,0.14858857,-0.032956547,-2.27136636,101.7
102.134,0.14858857,-0.032956547,-2.17136636,101.6
102.147,0.14858857,-0.032956547,-2.307067233,101.7
102.16,0.14858857,-0.032956547,-2.27136636,101.7
102.172,0.149019262,-0.032956547,-2.17136636,101.6
102.185,0.149019262,-0.032956547,-2.165177853,101.5
102.198,0.14858857,-0.032956547,-2.27136636,101.7
102.21,0.14858857,0,-2.200878726,101.5
102.223,0.14858857,-0.032956547,-2.207067233,101.6
102.236,0.14858857,-0.032956547,-2.17136636,101.6
102.248,0.14858857,-0.032956547,-2.207067233,101.6
102.261,0.14858857,-0.032956547,-2.207067233,101.6
102.274,0.14858857,-0.032956547,-2.200878726,101.5
102.287,0.14858857,-0.032956547,-2.207067233,101.6
102.299,0.149019262,0,-2.200878726,101.5
102.312,0.14858857,-0.032956547,-2.17136636,101.6
102.325,0.14858857,-0.032956547,-2.165177853,101.5
102.337,0.14858857,-0.032956547,-2.17136636,101.6
102.35,0.149019262,-0.032956547,-2.165177853,101.5
102.363,0.149019262,-0.032956547,-2.17136636,101.6
102.376,0.149019262,-0.032956547,-2.200878726,101.5
102.388,0.14858857,-0.032956547,-2.207067233,101.6
102.401,0.14858857,-0.032956547,-2.200878726,101.5
102.414,0.14858857,0,-2.207067233,101.6
102.426,0.14858857,0,-2.17136636,101.6
102.439,0.14858857,0,-2.207067233,101.6
102.452,0.14858857,0,-2.207067233,101.6
102.464,0.14858857,-0.032956547,-2.207067233,101.6
102.477,0.14858857,0,-2.207067233,101.6
102.49,0.14858857,-0.032956547,-2.207067233,101.6
102.503,0.14858857,-0.032956547,-2.207067233,101.6
102.515,0.14858857,-0.032956547,-2.17136636,101.6
102.528,0.14858857,0,-2.17136636,101.6
102.541,0.14858857,-0.032956547,-2.17136636,101.6
102.553,0.14858857,-0.032956547,-2.17136636,101.6
102.566,0.14858857,-0.032956547,-2.17136636,101.6
102.579,0.14858857,-0.032956547,-2.165177853,101.5
102.591,0.14858857,-0.032956547,-2.207067233,101.6
102.604,0.14858857,-0.032956547,-2.165177853,101.5
102.617,0.14858857,-0.032956547,-2.207067233,101.6
102.63,0.14858857,-0.032956547,-2.200878726,101.5
102.642,0.14858857,-0.032956547,-2.207067233,101.6
102.655,0.14858857,-0.032956547,-2.200878726,101.5
102.668,0.14858857,-0.032956547,-2.207067233,101.6
102.68,0.14858857,0,-2.200878726,101.5
102.693,0.14858857,-0.032956547,-2.207067233,101.6
102.706,0.14858857,-0.032956547,-2.207067233,101.6
102.719,0.14858857,-0.032956547,-2.207067233,101.6
102.731,0.14858857,-0.032956547,-2.207067233,101.6
102.744,0.14858857,-0.032956547,-2.207067233,101.6
102.757,0.14858857,-0.032956547,-2.207067233,101.6
102.769,0.14858857,-0.032956547,-2.200878726,101.5
102.782,0.14858857,-0.032956547,-2.207067233,101.6
102.795,0.14858857,-0.032956547,-2.200878726,101.5
102.807,0.14858857,-0.032956547,-2.207067233,101.6
102.82,0.14858857,0,-2.207067233,101.6
102.833,0.14858857,-0.032956547,-2.207067233,101.6
102.846,0.14858857,-0.032956547,-2.207067233,101.6
102.858,0.14858857,-0.032956547,-2.207067233,101.6
102.871,0.14858857,-0.032956547,-2.207067233,101.6
102.884,0.14858857,-0.032956547,-2.200878726,101.5
102.896,0.14858857,-0.032956547,-2.207067233,101.6
102.909,0.14858857,-0.032956547,-2.200878726,101.5
102.922,0.14858857,-0.032956547,-2.207067233,101.6
102.934,0.14858857,-0.032956547,-2.200878726,101.5
102.947,0.14858857,-0.032956547,-2.207067233,101.6
102.96,0.14858857,-0.032956547,-2.200878726,101.5
102.973,0.14858857,-0.032956547,-2.207067233,101.6
102.985,0.14858857,-0.032956547,-2.200878726,101.5
102.998,0.14858857,-0.032956547,-2.207067233,101.6
103.011,0.147727187,-0.032956547,-2.207067233,101.6
103.023,0.147727187,-0.032956547,-2.207067233,101.6
103.036,0.147727187,-0.032956547,-2.207067233,101.6
103.049,0.14858857,-0.032956547,-2.200878726,101.5
103.062,0.14858857,-0.032956547,-2.207067233,101.6
103.074,0.14858857,-0.032956547,-2.200878726,101.5
103.087,0.147727187,-0.032956547,-2.207067233,101.6
103.1,0.147727187,-0.032956547,-2.200878726,101.5
103.112,0.147727187,-0.032956547,-2.207067233,101.6
103.125,0.147727187,-0.032956547,-2.200878726,101.5
103.138,0.14858857,-0.032956547,-2.207067233,101.6
103.15,0.14858857,-0.032956547,-2.200878726,101.5
103.163,0.14858857,-0.032956547,-2.207067233,101.6
103.176,0.14858857,-0.032956547,-2.207067233,101.6
103.189,0.14858857,-0.032956547,-2.207067233,101.6
103.201,0.14858857,-0.032956547,-2.207067233,101.6
103.214,0.14858857,-0.032956547,-2.207067233,101.6
103.227,0.147727187,-0.032956547,-2.207067233,101.6
103.239,0.14858857,-0.032956547,-2.207067233,101.6
103.252,0.14858857,-0.032956547,-2.207067233,101.6
103.265,0.14858857,-0.032956547,-2.207067233,101.6
103.277,0.147727187,-0.032956547,-2.200878726,101.5
103.29,0.147727187,-0.032956547,-2.207067233,101.6
103.303,0.147727187,-0.032956547,-2.200878726,101.5
103.316,0.147727187,-0.032956547,-2.207067233,101.6
103.328,0.14858857,-0.032956547,-2.165177853,101.5
103.341,0.147727187,-0.032956547,-2.17136636,101.6
103.354,0.147727187,-0.032956547,-2.200878726,101.5
103.366,0.147727187,-0.032956547,-2.213255741,101.7
103.379,0.147727187,-0.032956547,-2.200878726,101.5
103.392,0.147727187,-0.032956547,-2.207067233,101.6
103.405,0.147727187,-0.032956547,-2.200878726,101.5
103.417,0.147727187,-0.032956547,-2.177554867,101.7
103.43,0.147727187,-0.032956547,-2.165177853,101.5
103.443,0.147727187,-0.032956547,-2.207067233,101.6
103.455,0.147727187,-0.032956547,-2.200878726,101.5
103.468,0.147727187,-0.032956547,-2.207067233,101.6
103.481,0.147727187,-0.032956547,-2.200878726,101.5
103.493,0.147727187,-0.032956547,-2.17136636,101.6
103.506,0.147727187,-0.032956547,-2.165177853,101.5
103.519,0.14858857,-0.032956547,-2.17136636,101.6
103.532,0.147727187,-0.032956547,-2.207067233,101.6
103.544,0.147727187,-0.032956547,-2.207067233,101.6
103.557,0.147727187,-0.032956547,-2.200878726,101.5
103.57,0.147727187,-0.032956547,-2.207067233,101.6
103.582,0.147727187,-0.032956547,-2.200878726,101.5
103.595,0.14858857,-0.032956547,-2.207067233,101.6
103.608,0.147727187,-0.032956547,-2.200878726,101.5
103.62,0.147727187,-0.032956547,-2.207067233,101.6
103.633,0.147727187,-0.032956547,-2.200878726,101.5
103.646,0.147727187,-0.032956547,-2.207067233,101.6
103.659,0.147727187,-0.032956547,-2.200878726,101.5
103.671,0.147727187,-0.032956547,-2.207067233,101.6
103.684,0.14858857,-0.032956547,-2.200878726,101.5
103.697,0.147727187,-0.032956547,-2.207067233,101.6
103.709,0.147727187,-0.032956547,-2.200878726,101.5
103.722,0.147727187,-0.032956547,-2.213255741,101.7
103.735,0.147727187,-0.032956547,-2.200878726,101.5
103.747,0.147727187,-0.032956547,-2.207067233,101.6
103.76,0.147727187,-0.032956547,-2.207067233,101.6
103.773,0.147727187,-0.032956547,-2.207067233,101.6
103.786,0.147727187,-0.032956547,-2.200878726,101.5
103.798,0.147727187,-0.032956547,-2.207067233,101.6
103.811,0.147727187,-0.032956547,-2.200878726,101.5
103.824,0.147727187,-0.032956547,-2.207067233,101.6
103.836,0.147727187,-0.032956547,-2.207067233,101.6
103.849,0.14858857,-0.032956547,-2.207067233,101.6
103.862,0.14858857,-0.032956547,-2.207067233,101.6
103.875,0.14858857,-0.032956547,-2.207067233,101.6
103.887,0.14858857,-0.032956547,-2.200878726,101.5
103.9,0.147727187,-0.032956547,-2.207067233,101.6
103.913,0.147727187,-0.032956547,-2.200878726,101.5
103.925,0.147727187,0,-2.207067233,101.6
103.938,0.147727187,0,-2.200878726,101.5
103.951,0.147727187,0,-2.207067233,101.6
103.963,0.14858857,-0.032956547,-2.200878726,101.5
103.976,0.14858857,-0.032956547,-2.207067233,101.6
103.989,0.147727187,-0.032956547,-2.200878726,101.5
104.002,0.147727187,-0.032956547,-2.207067233,101.6
104.014,0.147727187,-0.032956547,-2.200878726,101.5
104.027,0.14858857,0,-2.207067233,101.6
104.04,0.14858857,0,-2.200878726,101.5
104.052,0.147727187,0,-2.207067233,101.6
104.065,0.147727187,-0.032956547,-2.207067233,101.6
104.078,0.147727187,-0.032956547,-2.200878726,101.5
104.09,0.147727187,-0.032956547,-2.207067233,101.6
104.103,0.147727187,0,-2.200878726,101.5
104.116,0.147727187,0,-2.207067233,101.6
104.129,0.147727187,-0.032956547,-2.200878726,101.5
104.141,0.147727187,-0.032956547,-2.207067233,101.6
104.154,0.147727187,-0.032956547,-2.200878726,101.5
104.167,0.147727187,-0.032956547,-2.207067233,101.6
104.179,0.147727187,-0.032956547,-2.200878726,101.5
104.192,0.147727187,-0.032956547,-2.207067233,101.6
104.205,0.147727187,-0.032956547,-2.207067233,101.6
104.218,0.147727187,-0.032956547,-2.17136636,101.6
104.23,0.14858857,-0.032956547,-2.207067233,101.6
104.243,0.147727187,-0.032956547,-2.207067233,101.6
104.256,0.147727187,-0.032956547,-2.207067233,101.6
104.268,0.147727187,-0.032956547,-2.200878726,101.5
104.281,0.147727187,-0.032956547,-2.207067233,101.6
104.294,0.147727187,-0.032956547,-2.200878726,101.5
104.306,0.147727187,-0.032956547,-2.207067233,101.6
104.319,0.147727187,-0.032956547,-2.207067233,101.6
104.332,0.147727187,0,-2.207067233,101.6
104.345,0.147727187,0,-2.207067233,101.6
104.357,0.147727187,0,-2.200878726,101.5
104.37,0.147727187,0,-2.207067233,101.6
104.383,0.147727187,-0.032956547,-2.200878726,101.5
104.395,0.147727187,-0.032956547,-2.207067233,101.6
104.408,0.147727187,-0.032956547,-2.200878726,101.5
104.421,0.147727187,-0.032956547,-2.207067233,101.6
104.434,0.147727187,-0.032956547,-2.200878726,101.5
104.446,0.147727187,-0.032956547,-2.207067233,101.6
104.459,0.14858857,-0.032956547,-2.200878726,101.5
104.472,0.14858857,0,-2.207067233,101.6
104.484,0.14858857,-0.032956547,-2.200878726,101.5
104.497,0.147727187,0,-2.207067233,101.6
104.51,0.147727187,-0.032956547,-2.207067233,101.6
104.522,0.14858857,0,-2.207067233,101.6
104.535,0.14858857,-0.032956547,-2.200878726,101.5
104.548,0.14858857,-0.032956547,-2.17136636,101.6
104.561,0.14858857,-0.032956547,-2.207067233,101.6
104.573,0.147727187,-0.032956547,-2.207067233,101.6
104.586,0.147727187,0,-2.200878726,101.5
104.599,0.147727187,-0.032956547,-2.207067233,101.6
104.611,0.147727187,-0.032956547,-2.207067233,101.6
104.624,0.147727187,-0.032956547,-2.17136636,101.6
104.637,0.147727187,-0.032956547,-2.200878726,101.5
104.649,0.147727187,0,-2.207067233,101.6
104.662,0.147727187,-0.032956547,-2.200878726,101.5
104.675,0.147727187,0,-2.207067233,101.6
104.688,0.147727187,-0.032956547,-2.200878726,101.5
104.7,0.147727187,0,-2.207067233,101.6
104.713,0.147727187,0,-2.200878726,101.5
104.726,0.147727187,-0.032956547,-2.177554867,101.7
104.738,0.147727187,-0.032956547,-2.165177853,101.5
104.751,0.147727187,-0.032956547,-2.207067233,101.6
104.764,0.147727187,-0.032956547,-2.200878726,101.5
104.777,0.147727187,-0.032956547,-2.207067233,101.6
104.789,0.14858857,-0.032956547,-2.200878726,101.5
104.802,0.147727187,-0.032956547,-2.207067233,101.6
104.815,0.14858857,-0.032956547,-2.207067233,101.6
104.827,0.14858857,-0.032956547,-2.207067233,101.6
104.84,0.147727187,-0.032956547,-2.207067233,101.6
104.853,0.147727187,-0.032956547,-2.207067233,101.6
104.865,0.147727187,-0.032956547,-2.200878726,101.5
104.878,0.147727187,-0.032956547,-2.207067233,101.6
104.891,0.147727187,-0.032956547,-2.165177853,101.5
104.904,0.147727187,0,-2.17136636,101.6
104.916,0.147727187,-0.032956547,-2.165177853,101.5
104.929,0.147727187,-0.032956547,-2.207067233,101.6
104.942,0.147727187,-0.032956547,-2.200878726,101.5
104.954,0.147727187,-0.032956547,-2.207067233,101.6
104.967,0.147727187,-0.032956547,-2.200878726,101.5
104.98,0.147727187,-0.032956547,-2.207067233,101.6
104.992,0.147727187,-0.032956547,-2.200878726,101.5
105.005,0.147727187,-0.032956547,-2.213255741,101.7
105.018,0.147727187,-0.032956547,-2.200878726,101.5
105.031,0.147727187,-0.032956547,-2.213255741,101.7
105.043,0.147727187,-0.032956547,-2.200878726,101.5
105.056,0.147727187,-0.032956547,-2.207067233,101.6
105.069,0.147727187,-0.032956547,-2.200878726,101.5
105.081,0.147727187,-0.032956547,-2.207067233,101.6
105.094,0.147727187,-0.032956547,-2.200878726,101.5
105.107,0.147727187,-0.032956547,-2.207067233,101.6
105.119,0.147727187,-0.032956547,-2.207067233,101.6
105.132,0.147727187,-0.032956547,-2.207067233,101.6
105.145,0.147727187,-0.032956547,-2.207067233,101.6
105.158,0.14858857,-0.032956547,-2.200878726,101.5
105.17,0.147727187,-0.032956547,-2.207067233,101.6
105.183,0.147727187,-0.032956547,-2.207067233,101.6
105.196,0.147727187,-0.032956547,-2.207067233,101.6
105.208,0.147727187,-0.032956547,-2.207067233,101.6
105.221,0.14858857,-0.032956547,-2.17136636,101.6
105.234,0.147727187,-0.032956547,-2.17136636,101.6
105.247,0.147727187,-0.032956547,-2.207067233,101.6
105.259,0.14858857,-0.032956547,-2.207067233,101.6
105.272,0.147727187,-0.032956547,-2.200878726,101.5
105.285,0.147727187,-0.032956547,-2.207067233,101.6
105.297,0.147727187,-0.032956547,-2.200878726,101.5
105.31,0.147727187,-0.032956547,-2.207067233,101.6
105.323,0.147727187,-0.032956547,-2.165177853,101.5
105.335,0.147727187,-0.032956547,-2.17136636,101.6
105.348,0.147727187,-0.032956547,-2.200878726,101.5
105.361,0.147727187,0,-2.207067233,101.6
105.374,0.147727187,0,-2.200878726,101.5
105.386,0.147727187,-0.032956547,-2.207067233,101.6
105.399,0.147296496,-0.032956547,-2.17136636,101.6
105.412,0.147727187,-0.032956547,-2.207067233,101.6
105.424,0.147727187,-0.032956547,-2.207067233,101.6
105.437,0.147727187,-0.032956547,-2.165177853,101.5
105.45,0.147727187,-0.032956547,-2.17136636,101.6
105.462,0.147727187,-0.032956547,-2.200878726,101.5
105.475,0.147727187,0,-2.207067233,101.6
105.488,0.147727187,-0.032956547,-2.200878726,101.5
105.501,0.147727187,-0.032956547,-2.207067233,101.6
105.513,0.147727187,-0.032956547,-2.207067233,101.6
105.526,0.147727187,0,-2.17136636,101.6
105.539,0.147727187,0,-2.17136636,101.6
105.551,0.147727187,0,-2.207067233,101.6
105.564,0.147727187,-0.032956547,-2.207067233,101.6
105.577,0.147727187,-0.032956547,-2.207067233,101.6
105.59,0.147727187,-0.032956547,-2.207067233,101.6
105.602,0.147727187,-0.032956547,-2.207067233,101.6
105.615,0.147727187,0,-2.207067233,101.6
105.628,0.147727187,-0.032956547,-2.207067233,101.6
105.64,0.147727187,-0.032956547,-2.207067233,101.6
105.653,0.147727187,-0.032956547,-2.207067233,101.6
105.666,0.147727187,-0.032956547,-2.200878726,101.5
105.678,0.147727187,-0.032956547,-2.207067233,101.6
105.691,0.147727187,-0.032956547,-2.200878726,101.5
105.704,0.147727187,-0.032956547,-2.207067233,101.6
105.717,0.147727187,-0.032956547,-2.200878726,101.5
105.729,0.14858857,-0.032956547,-2.207067233,101.6
105.742,0.147727187,-0.032956547,-2.200878726,101.5
105.755,0.147727187,-0.032956547,-2.207067233,101.6
105.767,0.147727187,-0.032956547,-2.200878726,101.5
105.78,0.147727187,-0.032956547,-2.207067233,101.6
105.793,0.147727187,-0.032956547,-2.200878726,101.5
105.805,0.147727187,-0.032956547,-2.207067233,101.6
105.818,0.147727187,-0.032956547,-2.200878726,101.5
105.831,0.147727187,-0.032956547,-2.207067233,101.6
105.844,0.147727187,-0.032956547,-2.200878726,101.5
105.856,0.147727187,-0.032956547,-2.207067233,101.6
105.869,0.147727187,-0.032956547,-2.207067233,101.6
105.882,0.147727187,-0.032956547,-2.207067233,101.6
105.894,0.147727187,-0.032956547,-2.207067233,101.6
105.907,0.147727187,-0.032956547,-2.207067233,101.6
105.92,0.147296496,-0.032956547,-2.207067233,101.6
105.933,0.147296496,-0.032956547,-2.207067233,101.6
105.945,0.147296496,-0.032956547,-2.207067233,101.6
105.958,0.147296496,-0.032956547,-2.207067233,101.6
105.971,0.147296496,-0.032956547,-2.200878726,101.5
105.983,0.147727187,-0.032956547,-2.207067233,101.6
105.996,0.147727187,-0.032956547,-2.200878726,101.5
106.009,0.147727187,-0.032956547,-2.242768107,101.6
106.021,0.147727187,-0.032956547,-2.200878726,101.5
106.034,0.147296496,-0.032956547,-2.207067233,101.6
106.047,0.147727187,-0.032956547,-2.200878726,101.5
106.06,0.147296496,-0.032956547,-2.207067233,101.6
106.072,0.147296496,-0.032956547,-2.165177853,101.5
106.085,0.147296496,-0.032956547,-2.207067233,101.6
106.098,0.147296496,-0.032956547,-2.200878726,101.5
106.11,0.147296496,-0.032956547,-2.207067233,101.6
106.123,0.147296496,-0.032956547,-2.207067233,101.6
106.136,0.147296496,-0.065913094,-2.207067233,101.6
106.148,0.147296496,-0.065913094,-2.207067233,101.6
106.161,0.147296496,-0.065913094,-2.200878726,101.5
106.174,0.147296496,-0.032956547,-2.207067233,101.6
106.187,0.147296496,-0.032956547,-2.200878726,101.5
106.199,0.147296496,-0.032956547,-2.207067233,101.6
106.212,0.147296496,-0.032956547,-2.207067233,101.6
106.225,0.147296496,-0.065913094,-2.207067233,101.6
106.237,0.147296496,-0.065913094,-2.200878726,101.5
106.25,0.146435113,-0.065913094,-2.207067233,101.6
106.263,0.147296496,-0.065913094,-2.200878726,101.5
106.276,0.147296496,-0.065913094,-2.207067233,101.6
106.288,0.147296496,-0.032956547,-2.207067233,101.6
106.301,0.147296496,-0.032956547,-2.207067233,101.6
106.314,0.147296496,-0.032956547,-2.207067233,101.6
106.326,0.147296496,-0.032956547,-2.200878726,101.5
106.339,0.147296496,-0.065913094,-2.207067233,101.6
106.352,0.147296496,-0.065913094,-2.200878726,101.5
106.364,0.147296496,-0.065913094,-2.207067233,101.6
106.377,0.147296496,-0.065913094,-2.200878726,101.5
106.39,0.146435113,-0.032956547,-2.207067233,101.6
106.403,0.146435113,-0.032956547,-2.207067233,101.6
106.415,0.147296496,-0.032956547,-2.207067233,101.6
106.428,0.147296496,-0.065913094,-2.207067233,101.6
106.441,0.147296496,-0.032956547,-2.200878726,101.5
106.453,0.147296496,-0.032956547,-2.207067233,101.6
106.466,0.147296496,-0.032956547,-2.200878726,101.5
106.479,0.147296496,-0.065913094,-2.207067233,101.6
106.492,0.146435113,-0.065913094,-2.200878726,101.5
106.504,0.147296496,-0.065913094,-2.207067233,101.6
106.517,0.146435113,-0.065913094,-2.200878726,101.5
106.53,0.147296496,-0.032956547,-2.207067233,101.6
106.542,0.147296496,-0.065913094,-2.200878726,101.5
106.555,0.147296496,-0.032956547,-2.207067233,101.6
106.568,0.147296496,-0.065913094,-2.200878726,101.5
106.58,0.147296496,-0.065913094,-2.207067233,101.6
106.593,0.147296496,-0.065913094,-2.207067233,101.6
106.606,0.147296496,-0.065913094,-2.207067233,101.6
106.619,0.147296496,-0.065913094,-2.207067233,101.6
106.631,0.147296496,-0.065913094,-2.207067233,101.6
106.644,0.146435113,-0.065913094,-2.207067233,101.6
106.657,0.147296496,-0.032956547,-2.200878726,101.5
106.669,0.147296496,-0.032956547,-2.207067233,101.6
106.682,0.147296496,-0.032956547,-2.207067233,101.6
106.695,0.146435113,-0.065913094,-2.207067233,101.6
106.707,0.146435113,-0.065913094,-2.207067233,101.6
106.72,0.146435113,-0.065913094,-2.207067233,101.6
106.733,0.147296496,-0.065913094,-2.207067233,101.6
106.746,0.146435113,-0.032956547,-2.200878726,101.5
106.758,0.146435113,-0.065913094,-2.207067233,101.6
106.771,0.146435113,-0.032956547,-2.200878726,101.5
106.784,0.146435113,-0.032956547,-2.207067233,101.6
106.796,0.146435113,-0.065913094,-2.200878726,101.5
106.809,0.146435113,-0.065913094,-2.207067233,101.6
106.822,0.147296496,-0.065913094,-2.200878726,101.5
106.834,0.147296496,-0.065913094,-2.207067233,101.6
106.847,0.146435113,-0.065913094,-2.165177853,101.5
106.86,0.146435113,-0.065913094,-2.17136636,101.6
106.873,0.146435113,-0.065913094,-2.200878726,101.5
106.885,0.146435113,-0.065913094,-2.207067233,101.6
106.898,0.146435113,-0.065913094,-2.207067233,101.6
106.911,0.146435113,-0.032956547,-2.207067233,101.6
106.923,0.146435113,-0.032956547,-2.207067233,101.6
106.936,0.146435113,-0.032956547,-2.207067233,101.6
106.949,0.146435113,-0.065913094,-2.207067233,101.6
106.962,0.147296496,-0.065913094,-2.207067233,101.6
106.974,0.147296496,-0.065913094,-2.207067233,101.6
106.987,0.146435113,-0.065913094,-2.207067233,101.6
107,0.146435113,-0.065913094,-2.207067233,101.6
107.012,0.146435113,-0.032956547,-2.207067233,101.6
107.025,0.146435113,-0.032956547,-2.207067233,101.6
107.038,0.146435113,-0.032956547,-2.207067233,101.6
107.05,0.146435113,-0.032956547,-2.200878726,101.5
107.063,0.146435113,-0.032956547,-2.207067233,101.6
107.076,0.147296496,-0.032956547,-2.200878726,101.5
107.089,0.147296496,-0.032956547,-2.207067233,101.6
107.101,0.147296496,-0.032956547,-2.200878726,101.5
107.114,0.146435113,-0.065913094,-2.207067233,101.6
107.127,0.146435113,-0.065913094,-2.200878726,101.5
107.139,0.146435113,-0.065913094,-2.207067233,101.6
107.152,0.146435113,-0.065913094,-2.200878726,101.5
107.165,0.146435113,-0.065913094,-2.207067233,101.6
107.177,0.146435113,-0.065913094,-2.207067233,101.6
107.19,0.146435113,-0.065913094,-2.207067233,101.6
107.203,0.146435113,-0.065913094,-2.207067233,101.6
107.216,0.146435113,-0.065913094,-2.207067233,101.6
107.228,0.146435113,-0.065913094,-2.207067233,101.6
107.241,0.146435113,-0.065913094,-2.200878726,101.5
107.254,0.146435113,-0.065913094,-2.207067233,101.6
107.266,0.146435113,-0.032956547,-2.200878726,101.5
107.279,0.146435113,-0.032956547,-2.207067233,101.6
107.292,0.146435113,-0.032956547,-2.207067233,101.6
107.305,0.146435113,-0.065913094,-2.207067233,101.6
107.317,0.146435113,-0.065913094,-2.207067233,101.6
107.33,0.146435113,-0.065913094,-2.207067233,101.6
107.343,0.146435113,-0.065913094,-2.207067233,101.6
107.355,0.146435113,-0.065913094,-2.207067233,101.6
107.368,0.146435113,-0.032956547,-2.207067233,101.6
107.381,0.146435113,-0.032956547,-2.200878726,101.5
107.393,0.146435113,-0.032956547,-2.207067233,101.6
107.406,0.146435113,-0.032956547,-2.200878726,101.5
107.419,0.146435113,-0.032956547,-2.207067233,101.6
107.432,0.146004421,-0.065913094,-2.200878726,101.5
107.444,0.146435113,-0.065913094,-2.207067233,101.6
107.457,0.146435113,-0.065913094,-2.200878726,101.5
107.47,0.146435113,-0.065913094,-2.200878726,101.5
107.482,0.146435113,-0.065913094,-2.207067233,101.6
107.495,0.146435113,-0.065913094,-2.207067233,101.6
107.508,0.146435113,-0.065913094,-2.207067233,101.6
107.52,0.146435113,-0.065913094,-2.200878726,101.5
107.533,0.146435113,-0.065913094,-2.207067233,101.6
107.546,0.146435113,-0.065913094,-2.200878726,101.5
107.559,0.146435113,-0.065913094,-2.207067233,101.6
107.571,0.146435113,-0.032956547,-2.200878726,101.5
107.584,0.146435113,-0.065913094,-2.207067233,101.6
107.597,0.146435113,-0.065913094,-2.200878726,101.5
107.609,0.146435113,-0.065913094,-2.207067233,101.6
107.622,0.146435113,-0.065913094,-2.200878726,101.5
107.635,0.146435113,-0.065913094,-2.207067233,101.6
107.648,0.146435113,-0.065913094,-2.200878726,101.5
107.66,0.146435113,-0.065913094,-2.207067233,101.6
107.673,0.146435113,-0.065913094,-2.207067233,101.6
107.686,0.146435113,-0.065913094,-2.207067233,101.6
107.698,0.146435113,-0.032956547,-2.207067233,101.6
107.711,0.146435113,-0.065913094,-2.207067233,101.6
107.724,0.146435113,-0.065913094,-2.207067233,101.6
107.736,0.146435113,-0.065913094,-2.207067233,101.6
107.749,0.146435113,-0.065913094,-2.200878726,101.5
107.762,0.146435113,-0.065913094,-2.207067233,101.6
107.775,0.146435113,-0.032956547,-2.200878726,101.5
107.787,0.146435113,-0.032956547,-2.207067233,101.6
107.8,0.146004421,-0.032956547,-2.200878726,101.5
107.813,0.146004421,-0.065913094,-2.213255741,101.7
107.825,0.146435113,-0.032956547,-2.200878726,101.5
107.838,0.146435113,-0.032956547,-2.213255741,101.7
107.851,0.146435113,-0.065913094,-2.200878726,101.5
107.863,0.146435113,-0.065913094,-2.213255741,101.7
107.876,0.146435113,-0.065913094,-2.200878726,101.5
107.889,0.146435113,-0.065913094,-2.213255741,101.7
107.902,0.146435113,-0.065913094,-2.200878726,101.5
107.914,0.146435113,-0.065913094,-2.207067233,101.6
107.927,0.146435113,-0.065913094,-2.200878726,101.5
107.94,0.146435113,-0.065913094,-2.207067233,101.6
107.952,0.146004421,-0.065913094,-2.200878726,101.5
107.965,0.146435113,-0.065913094,-2.207067233,101.6
107.978,0.146435113,-0.065913094,-2.200878726,101.5
107.991,0.146435113,-0.065913094,-2.207067233,101.6
108.003,0.146004421,-0.065913094,-2.207067233,101.6
108.016,0.146435113,-0.065913094,-2.207067233,101.6
108.029,0.146004421,-0.065913094,-2.165177853,101.5
108.041,0.146435113,-0.065913094,-2.207067233,101.6
108.054,0.146004421,-0.065913094,-2.200878726,101.5
108.067,0.146004421,-0.065913094,-2.207067233,101.6
108.079,0.146004421,-0.065913094,-2.200878726,101.5
108.092,0.146004421,-0.065913094,-2.207067233,101.6
108.105,0.146004421,-0.065913094,-2.200878726,101.5
108.118,0.146435113,-0.065913094,-2.207067233,101.6
108.13,0.146004421,-0.065913094,-2.200878726,101.5
108.143,0.146435113,-0.065913094,-2.207067233,101.6
108.156,0.146435113,-0.065913094,-2.200878726,101.5
108.168,0.146435113,-0.065913094,-2.213255741,101.7
108.181,0.146004421,-0.065913094,-2.200878726,101.5
108.194,0.146004421,-0.065913094,-2.207067233,101.6
108.206,0.146435113,-0.065913094,-2.200878726,101.5
108.219,0.146435113,-0.065913094,-2.207067233,101.6
108.232,0.146435113,-0.065913094,-2.200878726,101.5
108.245,0.146435113,-0.065913094,-2.207067233,101.6
108.257,0.146435113,-0.065913094,-2.207067233,101.6
108.27,0.146004421,-0.065913094,-2.207067233,101.6
108.283,0.146435113,-0.065913094,-2.207067233,101.6
108.295,0.146435113,-0.065913094,-2.207067233,101.6
108.308,0.146004421,-0.032956547,-2.207067233,101.6
108.321,0.146004421,-0.032956547,-2.200878726,101.5
108.334,0.146004421,-0.032956547,-2.200878726,101.5
108.346,0.146004421,-0.065913094,-2.207067233,101.6
108.359,0.146004421,-0.065913094,-2.200878726,101.5
108.372,0.146004421,-0.065913094,-2.207067233,101.6
108.384,0.146435113,-0.065913094,-2.200878726,101.5
108.397,0.146435113,-0.065913094,-2.207067233,101.6
108.41,0.146435113,-0.065913094,-2.200878726,101.5
108.422,0.146004421,-0.065913094,-2.207067233,101.6
108.435,0.146004421,-0.065913094,-2.200878726,101.5
108.448,0.146004421,-0.065913094,-2.207067233,101.6
108.461,0.146435113,-0.065913094,-2.200878726,101.5
108.473,0.146435113,-0.065913094,-2.207067233,101.6
108.486,0.146004421,-0.065913094,-2.200878726,101.5
108.499,0.146004421,-0.065913094,-2.207067233,101.6
108.511,0.146435113,-0.065913094,-2.200878726,101.5
108.524,0.146004421,-0.065913094,-2.200878726,101.5
108.537,0.146004421,-0.065913094,-2.200878726,101.5
108.549,0.146004421,-0.065913094,-2.200878726,101.5
108.562,0.146004421,-0.065913094,-2.207067233,101.6
108.575,0.146004421,-0.065913094,-2.200878726,101.5
108.588,0.146004421,-0.065913094,-2.207067233,101.6
108.6,0.146004421,-0.065913094,-2.200878726,101.5
108.613,0.146004421,-0.032956547,-2.207067233,101.6
108.626,0.146004421,-0.065913094,-2.200878726,101.5
108.638,0.146004421,-0.065913094,-2.207067233,101.6
108.651,0.146435113,-0.065913094,-2.200878726,101.5
108.664,0.146004421,-0.065913094,-2.207067233,101.6
108.677,0.146004421,-0.065913094,-2.207067233,101.6
108.689,0.146004421,-0.065913094,-2.207067233,101.6
108.702,0.146435113,-0.065913094,-2.207067233,101.6
108.715,0.146004421,-0.032956547,-2.207067233,101.6
108.727,0.146004421,-0.065913094,-2.207067233,101.6
108.74,0.146004421,-0.065913094,-2.200878726,101.5
108.753,0.146004421,-0.065913094,-2.207067233,101.6
108.765,0.146435113,-0.065913094,-2.200878726,101.5
108.778,0.146004421,-0.065913094,-2.207067233,101.6
108.791,0.146004421,-0.065913094,-2.207067233,101.6
108.804,0.146004421,-0.065913094,-2.207067233,101.6
108.816,0.146004421,-0.065913094,-2.207067233,101.6
108.829,0.146004421,-0.065913094,-2.200878726,101.5
108.842,0.146004421,-0.065913094,-2.207067233,101.6
108.854,0.146004421,-0.065913094,-2.200878726,101.5
108.867,0.146004421,-0.065913094,-2.207067233,101.6
108.88,0.146004421,-0.065913094,-2.200878726,101.5
108.892,0.146004421,-0.065913094,-2.213255741,101.7
108.905,0.146004421,-0.065913094,-2.200878726,101.5
108.918,0.146004421,-0.065913094,-2.207067233,101.6
108.931,0.146435113,-0.065913094,-2.200878726,101.5
108.943,0.146004421,-0.065913094,-2.207067233,101.6
108.956,0.146004421,-0.065913094,-2.200878726,101.5
108.969,0.146004421,-0.065913094,-2.207067233,101.6
108.981,0.146004421,-0.065913094,-2.207067233,101.6
108.994,0.146004421,-0.065913094,-2.207067233,101.6
109.007,0.146004421,-0.065913094,-2.200878726,101.5
109.02,0.146004421,-0.065913094,-2.207067233,101.6
109.032,0.146004421,-0.065913094,-2.200878726,101.5
109.045,0.146004421,-0.065913094,-2.207067233,101.6
109.058,0.146004421,-0.032956547,-2.200878726,101.5
109.07,0.146004421,-0.032956547,-2.207067233,101.6
109.083,0.146004421,-0.065913094,-2.200878726,101.5
109.096,0.146004421,-0.065913094,-2.207067233,101.6
109.108,0.146004421,-0.065913094,-2.200878726,101.5
109.121,0.146004421,-0.065913094,-2.207067233,101.6
109.134,0.146004421,-0.065913094,-2.200878726,101.5
109.147,0.146004421,-0.065913094,-2.207067233,101.6
109.159,0.146004421,-0.065913094,-2.200878726,101.5
109.172,0.146004421,-0.032956547,-2.207067233,101.6
109.185,0.146004421,-0.065913094,-2.200878726,101.5
109.197,0.146004421,-0.032956547,-2.213255741,101.7
109.21,0.146004421,-0.065913094,-2.200878726,101.5
109.223,0.146004421,-0.065913094,-2.207067233,101.6
109.235,0.146004421,-0.065913094,-2.200878726,101.5
109.248,0.146004421,-0.065913094,-2.207067233,101.6
109.261,0.146004421,-0.065913094,-2.200878726,101.5
109.274,0.146004421,-0.065913094,-2.207067233,101.6
109.286,0.146004421,-0.065913094,-2.207067233,101.6
109.299,0.146004421,-0.032956547,-2.207067233,101.6
109.312,0.145143038,-0.065913094,-2.207067233,101.6
109.324,0.145143038,-0.065913094,-2.207067233,101.6
109.337,0.146004421,-0.065913094,-2.200878726,101.5
109.35,0.146004421,-0.065913094,-2.207067233,101.6
109.363,0.146004421,-0.065913094,-2.207067233,101.6
109.375,0.146004421,-0.065913094,-2.207067233,101.6
109.388,0.146004421,-0.032956547,-2.207067233,101.6
109.401,0.146004421,-0.032956547,-2.207067233,101.6
109.413,0.146004421,-0.032956547,-2.200878726,101.5
109.426,0.145143038,-0.065913094,-2.207067233,101.6
109.439,0.145143038,-0.065913094,-2.200878726,101.5
109.451,0.146004421,-0.065913094,-2.207067233,101.6
109.464,0.146004421,-0.065913094,-2.200878726,101.5
109.477,0.146004421,-0.065913094,-2.213255741,101.7
109.49,0.146004421,-0.065913094,-2.200878726,101.5
109.502,0.146004421,-0.065913094,-2.213255741,101.7
109.515,0.146004421,-0.065913094,-2.200878726,101.5
109.528,0.146004421,-0.065913094,-2.207067233,101.6
109.54,0.146004421,-0.032956547,-2.200878726,101.5
109.553,0.146004421,-0.065913094,-2.207067233,101.6
109.566,0.146004421,-0.065913094,-2.200878726,101.5
109.578,0.146004421,-0.065913094,-2.207067233,101.6
109.591,0.146004421,-0.065913094,-2.207067233,101.6
109.604,0.146004421,-0.032956547,-2.200878726,101.5
109.617,0.146004421,-0.065913094,-2.207067233,101.6
109.629,0.146004421,-0.065913094,-2.200878726,101.5
109.642,0.146004421,-0.065913094,-2.207067233,101.6
109.655,0.146004421,-0.065913094,-2.207067233,101.6
109.667,0.146004421,-0.065913094,-2.207067233,101.6
109.68,0.146004421,-0.065913094,-2.207067233,101.6
109.693,0.145143038,-0.065913094,-2.207067233,101.6
109.706,0.146004421,-0.065913094,-2.207067233,101.6
109.718,0.146004421,-0.065913094,-2.200878726,101.5
109.731,0.146004421,-0.065913094,-2.207067233,101.6
109.744,0.146004421,-0.065913094,-2.200878726,101.5
109.756,0.146004421,-0.065913094,-2.207067233,101.6
109.769,0.146004421,-0.065913094,-2.200878726,101.5
109.782,0.146004421,-0.065913094,-2.207067233,101.6
109.794,0.146004421,-0.065913094,-2.200878726,101.5
109.807,0.146004421,-0.065913094,-2.207067233,101.6
109.82,0.146004421,-0.065913094,-2.200878726,101.5
109.833,0.146435113,-0.065913094,-2.207067233,101.6
109.845,0.146004421,-0.065913094,-2.200878726,101.5
109.858,0.146004421,-0.065913094,-2.207067233,101.6
109.871,0.146004421,-0.065913094,-2.207067233,101.6
109.883,0.146004421,-0.032956547,-2.207067233,101.6
109.896,0.146004421,-0.065913094,-2.207067233,101.6
109.909,0.146004421,-0.065913094,-2.200878726,101.5
109.921,0.146004421,-0.065913094,-2.207067233,101.6
109.934,0.146004421,-0.065913094,-2.200878726,101.5
109.947,0.146004421,-0.065913094,-2.207067233,101.6
109.96,0.146004421,-0.065913094,-2.200878726,101.5
109.972,0.146004421,-0.065913094,-2.207067233,101.6
109.985,0.146004421,-0.065913094,-2.200878726,101.5
109.998,0.146004421,-0.065913094,-2.207067233,101.6
110.01,0.146004421,-0.065913094,-2.200878726,101.5
110.023,0.146004421,-0.065913094,-2.207067233,101.6
110.036,0.146004421,-0.065913094,-2.207067233,101.6
110.049,0.146004421,-0.065913094,-2.207067233,101.6
110.061,0.145143038,-0.065913094,-2.207067233,101.6
110.074,0.146004421,-0.065913094,-2.207067233,101.6
110.087,0.145143038,-0.032956547,-2.207067233,101.6
110.099,0.145143038,-0.032956547,-2.200878726,101.5
110.112,0.145143038,-0.032956547,-2.207067233,101.6
110.125,0.146004421,-0.032956547,-2.200878726,101.5
110.137,0.146004421,-0.032956547,-2.200878726,101.5
110.15,0.146004421,-0.032956547,-2.207067233,101.6
110.163,0.146004421,-0.065913094,-2.200878726,101.5
110.176,0.146004421,-0.065913094,-2.207067233,101.6
110.188,0.146004421,-0.065913094,-2.200878726,101.5
110.201,0.146004421,-0.065913094,-2.207067233,101.6
110.214,0.146004421,-0.065913094,-2.200878726,101.5
110.226,0.146004421,-0.032956547,-2.207067233,101.6
110.239,0.145143038,-0.032956547,-2.200878726,101.5
110.252,0.145143038,-0.032956547,-2.207067233,101.6
110.264,0.146004421,-0.065913094,-2.200878726,101.5
110.277,0.146004421,-0.065913094,-2.242768107,101.6
110.29,0.146004421,-0.065913094,-2.2365796,101.5
110.303,0.146004421,-0.065913094,-2.207067233,101.6
110.315,0.146004421,-0.065913094,-2.200878726,101.5
110.328,0.146004421,-0.065913094,-2.207067233,101.6
110.341,0.145143038,-0.065913094,-2.200878726,101.5
110.353,0.145143038,-0.065913094,-2.242768107,101.6
110.366,0.145143038,-0.065913094,-2.207067233,101.6
110.379,0.146004421,-0.065913094,-2.207067233,101.6
110.392,0.145143038,-0.065913094,-2.242768107,101.6
110.404,0.146004421,-0.032956547,-2.200878726,101.5
110.417,0.145143038,-0.032956547,-2.200878726,101.5
110.43,0.145143038,-0.032956547,-2.242768107,101.6
110.442,0.145143038,-0.032956547,-2.207067233,101.6
110.455,0.145143038,-0.065913094,-2.207067233,101.6
110.468,0.145143038,-0.065913094,-2.200878726,101.5
110.48,0.146004421,-0.065913094,-2.207067233,101.6
110.493,0.146004421,-0.065913094,-2.2365796,101.5
110.506,0.146004421,-0.065913094,-2.207067233,101.6
110.519,0.146004421,-0.065913094,-2.200878726,101.5
110.531,0.145143038,-0.065913094,-2.207067233,101.6
110.544,0.146004421,-0.065913094,-2.200878726,101.5
110.557,0.146004421,-0.065913094,-2.207067233,101.6
110.569,0.146004421,-0.065913094,-2.200878726,101.5
110.582,0.146004421,-0.065913094,-2.207067233,101.6
110.595,0.146004421,-0.065913094,-2.207067233,101.6
110.607,0.145143038,-0.065913094,-2.207067233,101.6
110.62,0.145143038,-0.065913094,-2.207067233,101.6
110.633,0.146004421,-0.065913094,-2.207067233,101.6
110.646,0.145143038,-0.065913094,-2.207067233,101.6
110.658,0.145143038,-0.065913094,-2.200878726,101.5
110.671,0.145143038,-0.065913094,-2.207067233,101.6
110.684,0.145143038,-0.065913094,-2.200878726,101.5
110.696,0.145143038,-0.065913094,-2.207067233,101.6
110.709,0.145143038,-0.065913094,-2.200878726,101.5
110.722,0.145143038,-0.065913094,-2.207067233,101.6
110.735,0.146004421,-0.065913094,-2.207067233,101.6
110.747,0.146004421,-0.065913094,-2.207067233,101.6
110.76,0.145143038,-0.065913094,-2.207067233,101.6
110.773,0.145143038,-0.065913094,-2.207067233,101.6
110.785,0.145143038,-0.065913094,-2.207067233,101.6
110.798,0.145143038,-0.065913094,-2.200878726,101.5
110.811,0.145143038,-0.065913094,-2.207067233,101.6
110.823,0.146004421,-0.065913094,-2.200878726,101.5
110.836,0.145143038,-0.065913094,-2.207067233,101.6
110.849,0.146004421,-0.065913094,-2.2365796,101.5
110.862,0.145143038,-0.065913094,-2.242768107,101.6
110.874,0.145143038,-0.065913094,-2.200878726,101.5
110.887,0.145143038,-0.065913094,-2.207067233,101.6
110.9,0.146004421,-0.065913094,-2.207067233,101.6
110.912,0.146004421,-0.032956547,-2.200878726,101.5
110.925,0.146004421,-0.032956547,-2.207067233,101.6
110.938,0.146004421,-0.065913094,-2.207067233,101.6
110.95,0.146004421,-0.065913094,-2.207067233,101.6
110.963,0.146004421,-0.065913094,-2.200878726,101.5
110.976,0.146004421,-0.065913094,-2.207067233,101.6
110.989,0.146004421,-0.032956547,-2.2365796,101.5
111.001,0.146004421,-0.032956547,-2.242768107,101.6
111.014,0.146004421,-0.065913094,-2.2365796,101.5
111.027,0.145143038,-0.065913094,-2.242768107,101.6
111.039,0.145143038,-0.065913094,-2.2365796,101.5
111.052,0.145143038,-0.032956547,-2.207067233,101.6
111.065,0.145143038,-0.065913094,-2.207067233,101.6
111.078,0.146004421,-0.065913094,-2.242768107,101.6
111.09,0.146004421,-0.065913094,-2.207067233,101.6
111.103,0.146004421,-0.065913094,-2.242768107,101.6
111.116,0.146004421,-0.065913094,-2.242768107,101.6
111.128,0.146004421,-0.065913094,-2.242768107,101.6
111.141,0.146004421,-0.065913094,-2.242768107,101.6
111.154,0.145143038,-0.065913094,-2.207067233,101.6
111.166,0.146004421,-0.065913094,-2.207067233,101.6
111.179,0.146004421,-0.032956547,-2.207067233,101.6
111.192,0.146004421,-0.032956547,-2.200878726,101.5
111.205,0.146004421,-0.032956547,-2.207067233,101.6
111.217,0.146004421,-0.065913094,-2.200878726,101.5
111.23,0.146004421,-0.065913094,-2.207067233,101.6
111.243,0.145143038,-0.065913094,-2.200878726,101.5
111.255,0.145143038,-0.065913094,-2.213255741,101.7
111.268,0.145143038,-0.065913094,-2.200878726,101.5
111.281,0.145143038,-0.065913094,-2.207067233,101.6
111.293,0.145143038,-0.065913094,-2.200878726,101.5
111.306,0.145143038,-0.065913094,-2.207067233,101.6
111.319,0.145143038,-0.065913094,-2.200878726,101.5
111.332,0.145143038,-0.065913094,-2.207067233,101.6
111.344,0.145143038,-0.065913094,-2.207067233,101.6
111.357,0.145143038,-0.065913094,-2.207067233,101.6
111.37,0.145143038,-0.065913094,-2.207067233,101.6
111.382,0.145143038,-0.065913094,-2.242768107,101.6
111.395,0.145143038,-0.065913094,-2.242768107,101.6
111.408,0.145143038,-0.065913094,-2.242768107,101.6
111.421,0.145143038,-0.065913094,-2.242768107,101.6
111.433,0.146004421,-0.032956547,-2.207067233,101.6
111.446,0.145143038,-0.065913094,-2.207067233,101.6
111.459,0.145143038,-0.065913094,-2.207067233,101.6
111.471,0.145143038,-0.065913094,-2.207067233,101.6
111.484,0.145143038,-0.065913094,-2.207067233,101.6
111.497,0.145143038,-0.065913094,-2.200878726,101.5
111.509,0.146004421,-0.065913094,-2.207067233,101.6
111.522,0.145143038,-0.065913094,-2.200878726,101.5
111.535,0.145143038,-0.065913094,-2.207067233,101.6
111.548,0.145143038,-0.065913094,-2.200878726,101.5
111.56,0.145143038,-0.065913094,-2.207067233,101.6
111.573,0.145143038,-0.065913094,-2.200878726,101.5
111.586,0.145143038,-0.065913094,-2.207067233,101.6
111.598,0.146004421,-0.065913094,-2.200878726,101.5
111.611,0.145143038,-0.065913094,-2.207067233,101.6
111.624,0.146004421,-0.065913094,-2.200878726,101.5
111.636,0.146004421,-0.065913094,-2.207067233,101.6
111.649,0.145143038,-0.032956547,-2.207067233,101.6
111.662,0.145143038,-0.065913094,-2.207067233,101.6
111.675,0.145143038,-0.065913094,-2.207067233,101.6
111.687,0.145143038,-0.065913094,-2.207067233,101.6
111.7,0.145143038,-0.065913094,-2.207067233,101.6
111.713,0.145143038,-0.065913094,-2.200878726,101.5
111.725,0.145143038,-0.065913094,-2.207067233,101.6
111.738,0.145143038,-0.065913094,-2.200878726,101.5
111.751,0.145143038,-0.065913094,-2.207067233,101.6
111.764,0.145143038,-0.065913094,-2.200878726,101.5
111.776,0.145143038,-0.032956547,-2.207067233,101.6
111.789,0.145143038,-0.032956547,-2.200878726,101.5
111.802,0.145143038,-0.032956547,-2.207067233,101.6
111.814,0.145143038,-0.032956547,-2.207067233,101.6
111.827,0.145143038,-0.032956547,-2.207067233,101.6
111.84,0.146004421,-0.065913094,-2.207067233,101.6
111.852,0.145143038,-0.065913094,-2.207067233,101.6
111.865,0.145143038,-0.065913094,-2.207067233,101.6
111.878,0.145143038,-0.065913094,-2.200878726,101.5
111.891,0.145143038,-0.065913094,-2.207067233,101.6
111.903,0.146004421,-0.065913094,-2.200878726,101.5
111.916,0.145143038,-0.065913094,-2.207067233,101.6
111.929,0.145143038,-0.065913094,-2.207067233,101.6
111.941,0.145143038,-0.065913094,-2.207067233,101.6
111.954,0.145143038,-0.065913094,-2.207067233,101.6
111.967,0.145143038,-0.065913094,-2.200878726,101.5
111.979,0.146004421,-0.065913094,-2.207067233,101.6
111.992,0.145143038,-0.065913094,-2.200878726,101.5
112.005,0.145143038,-0.065913094,-2.207067233,101.6
112.018,0.145143038,-0.065913094,-2.200878726,101.5
112.03,0.145143038,-0.032956547,-2.207067233,101.6
112.043,0.145143038,-0.032956547,-2.200878726,101.5
112.056,0.145143038,-0.065913094,-2.207067233,101.6
112.068,0.145143038,-0.065913094,-2.200878726,101.5
112.081,0.145143038,-0.065913094,-2.207067233,101.6
112.094,0.145143038,-0.032956547,-2.2365796,101.5
112.107,0.145143038,-0.032956547,-2.242768107,101.6
112.119,0.145143038,-0.065913094,-2.2365796,101.5
112.132,0.145143038,-0.032956547,-2.207067233,101.6
112.145,0.145143038,-0.065913094,-2.207067233,101.6
112.157,0.145143038,-0.065913094,-2.207067233,101.6
112.17,0.145143038,-0.065913094,-2.207067233,101.6
112.183,0.145143038,-0.065913094,-2.207067233,101.6
112.195,0.145143038,-0.032956547,-2.200878726,101.5
112.208,0.145143038,-0.065913094,-2.207067233,101.6
112.221,0.145143038,-0.065913094,-2.200878726,101.5
112.234,0.145143038,-0.065913094,-2.207067233,101.6
112.246,0.145143038,-0.065913094,-2.200878726,101.5
112.259,0.145143038,-0.065913094,-2.207067233,101.6
112.272,0.145143038,-0.065913094,-2.200878726,101.5
112.284,0.145143038,-0.065913094,-2.207067233,101.6
112.297,0.145143038,-0.065913094,-2.200878726,101.5
112.31,0.145143038,-0.065913094,-2.207067233,101.6
112.322,0.146004421,-0.065913094,-2.200878726,101.5
112.335,0.145143038,-0.065913094,-2.213255741,101.7
112.348,0.145143038,-0.065913094,-2.200878726,101.5
112.361,0.145143038,-0.065913094,-2.213255741,101.7
112.373,0.145143038,-0.065913094,-2.200878726,101.5
112.386,0.145143038,-0.065913094,-2.207067233,101.6
112.399,0.145143038,-0.065913094,-2.200878726,101.5
112.411,0.145143038,-0.032956547,-2.207067233,101.6
112.424,0.145143038,-0.065913094,-2.200878726,101.5
112.437,0.145143038,-0.065913094,-2.207067233,101.6
112.45,0.145143038,-0.032956547,-2.200878726,101.5
112.462,0.146004421,-0.032956547,-2.207067233,101.6
112.475,0.145143038,-0.065913094,-2.200878726,101.5
112.488,0.145143038,-0.065913094,-2.207067233,101.6
112.5,0.145143038,-0.065913094,-2.200878726,101.5
112.513,0.145143038,-0.065913094,-2.207067233,101.6
112.526,0.145143038,-0.065913094,-2.200878726,101.5
112.538,0.145143038,-0.065913094,-2.207067233,101.6
112.551,0.145143038,-0.032956547,-2.200878726,101.5
112.564,0.145143038,-0.032956547,-2.213255741,101.7
112.577,0.145143038,-0.032956547,-2.200878726,101.5
112.589,0.145143038,-0.032956547,-2.207067233,101.6
112.602,0.145143038,-0.032956547,-2.200878726,101.5
112.615,0.145143038,-0.065913094,-2.207067233,101.6
112.627,0.145143038,-0.065913094,-2.200878726,101.5
112.64,0.145143038,-0.065913094,-2.213255741,101.7
112.653,0.145143038,-0.065913094,-2.200878726,101.5
112.665,0.145143038,-0.065913094,-2.207067233,101.6
112.678,0.145143038,-0.065913094,-2.200878726,101.5
112.691,0.145143038,-0.065913094,-2.207067233,101.6
112.704,0.145143038,-0.065913094,-2.200878726,101.5
112.716,0.145143038,-0.065913094,-2.207067233,101.6
112.729,0.145143038,-0.065913094,-2.207067233,101.6
112.742,0.145143038,-0.065913094,-2.242768107,101.6
112.754,0.145143038,-0.065913094,-2.242768107,101.6
112.767,0.145143038,-0.065913094,-2.207067233,101.6
112.78,0.145143038,-0.065913094,-2.242768107,101.6
112.793,0.145143038,-0.065913094,-2.207067233,101.6
112.805,0.145143038,-0.065913094,-2.207067233,101.6
112.818,0.145143038,-0.065913094,-2.242768107,101.6
112.831,0.145143038,-0.065913094,-2.242768107,101.6
112.843,0.145143038,-0.065913094,-2.207067233,101.6
112.856,0.145143038,-0.032956547,-2.200878726,101.5
112.869,0.145143038,-0.032956547,-2.207067233,101.6
112.881,0.145143038,-0.032956547,-2.200878726,101.5
112.894,0.145143038,-0.032956547,-2.207067233,101.6
112.907,0.145143038,-0.065913094,-2.200878726,101.5
112.92,0.145143038,-0.065913094,-2.207067233,101.6
112.932,0.145143038,-0.065913094,-2.200878726,101.5
112.945,0.145143038,-0.065913094,-2.207067233,101.6
112.958,0.145143038,-0.065913094,-2.200878726,101.5
112.97,0.145143038,-0.065913094,-2.207067233,101.6
112.983,0.145143038,-0.065913094,-2.200878726,101.5
112.996,0.145143038,-0.065913094,-2.207067233,101.6
113.008,0.145143038,-0.065913094,-2.200878726,101.5
113.021,0.145143038,-0.065913094,-2.200878726,101.5
113.034,0.145143038,-0.065913094,-2.242768107,101.6
113.047,0.145143038,-0.065913094,-2.200878726,101.5
113.059,0.145143038,-0.065913094,-2.207067233,101.6
113.072,0.145143038,-0.065913094,-2.2365796,101.5
113.085,0.145143038,-0.065913094,-2.207067233,101.6
113.097,0.145143038,-0.065913094,-2.200878726,101.5
113.11,0.145143038,-0.065913094,-2.207067233,101.6
113.123,0.145143038,-0.065913094,-2.207067233,101.6
113.135,0.145143038,-0.065913094,-2.207067233,101.6
113.148,0.145143038,-0.065913094,-2.242768107,101.6
113.161,0.145143038,-0.065913094,-2.207067233,101.6
113.174,0.145143038,-0.065913094,-2.207067233,101.6
113.186,0.145143038,-0.032956547,-2.200878726,101.5
113.199,0.145143038,-0.065913094,-2.207067233,101.6
113.212,0.146004421,-0.065913094,-2.207067233,101.6
113.224,0.146004421,-0.065913094,-2.207067233,101.6
113.237,0.146004421,-0.065913094,-2.207067233,101.6
113.25,0.145143038,-0.065913094,-2.207067233,101.6
113.263,0.145143038,-0.065913094,-2.107067233,101.5
113.275,0.145143038,-0.065913094,-2.200878726,101.5
113.288,0.145143038,-0.065913094,-2.207067233,101.6
113.301,0.144712347,-0.065913094,-2.200878726,101.5
113.313,0.145143038,-0.065913094,-2.207067233,101.6
113.326,0.145143038,-0.032956547,-2.200878726,101.5
113.339,0.145143038,-0.032956547,-2.242768107,101.6
113.351,0.144712347,-0.065913094,-2.200878726,101.5
113.364,0.144712347,-0.032956547,-2.207067233,101.6
113.377,0.145143038,-0.032956547,-2.2365796,101.5
113.39,0.144712347,-0.032956547,-2.207067233,101.6
113.402,0.145143038,-0.065913094,-2.200878726,101.5
113.415,0.145143038,-0.065913094,-2.207067233,101.6
113.428,0.145143038,-0.065913094,-2.200878726,101.5
113.44,0.145143038,-0.065913094,-2.242768107,101.6
113.453,0.145143038,-0.065913094,-2.200878726,101.5
113.466,0.145143038,-0.065913094,-2.242768107,101.6
113.479,0.145143038,-0.065913094,-2.200878726,101.5
113.491,0.145143038,-0.065913094,-2.207067233,101.6
113.504,0.145143038,-0.065913094,-2.200878726,101.5
113.517,0.145143038,-0.065913094,-2.207067233,101.6
113.529,0.145143038,-0.065913094,-2.142768107,101.5
113.542,0.145143038,-0.065913094,-2.142768107,101.5
113.555,0.145143038,-0.065913094,-2.2365796,101.5
113.567,0.145143038,-0.065913094,-2.207067233,101.6
113.58,0.145143038,-0.065913094,-2.200878726,101.5
113.593,0.145143038,-0.032956547,-2.207067233,101.6
113.606,0.145143038,-0.032956547,-2.200878726,101.5
113.618,0.145143038,-0.065913094,-2.207067233,101.6
113.631,0.145143038,-0.065913094,-2.200878726,101.5
113.644,0.145143038,-0.065913094,-2.213255741,101.7
113.656,0.145143038,-0.065913094,-2.2365796,101.5
113.669,0.145143038,-0.065913094,-2.242768107,101.6
113.682,0.145143038,-0.032956547,-2.230391092,101.4
113.694,0.145143038,-0.032956547,-2.207067233,101.6
113.707,0.145143038,-0.032956547,-2.200878726,101.5
113.72,0.145143038,-0.032956547,-2.207067233,101.6
113.733,0.145143038,-0.065913094,-2.200878726,101.5
113.745,0.145143038,-0.032956547,-2.142768107,101.5
113.758,0.145143038,-0.032956547,-2.2365796,101.5
113.771,0.145143038,-0.032956547,-2.242768107,101.6
113.783,0.145143038,-0.032956547,-2.200878726,101.5
113.796,0.145143038,-0.032956547,-2.107067233,101.5
113.809,0.145143038,-0.032956547,-2.107067233,101.5
113.822,0.146004421,-0.065913094,-2.142768107,101.5
113.834,0.146004421,-0.065913094,-2.242768107,101.6
113.847,0.145143038,-0.065913094,-2.142768107,101.5
113.86,0.145143038,-0.065913094,-2.2365796,101.5
113.872,0.145143038,-0.065913094,-2.207067233,101.6
113.885,0.145143038,-0.065913094,-2.2365796,101.5
113.898,0.145143038,-0.065913094,-2.142768107,101.5
113.91,0.145143038,-0.065913094,-2.1365796,101.4
113.923,0.145143038,-0.032956547,-2.207067233,101.6
113.936,0.145143038,-0.032956547,-2.200878726,101.5
113.949,0.145143038,-0.065913094,-2.113255741,101.6
113.961,0.145143038,-0.065913094,-2.200878726,101.5
113.974,0.145143038,-0.065913094,-2.207067233,101.6
113.987,0.145143038,-0.065913094,-2.200878726,101.5
113.999,0.145143038,-0.065913094,-2.107067233,101.5
114.012,0.145143038,-0.065913094,-2.200878726,101.5
114.025,0.145143038,-0.065913094,-2.142768107,101.5
114.037,0.145143038,-0.065913094,-2.100878726,101.4
114.05,0.145143038,-0.065913094,-2.107067233,101.5
114.063,0.145143038,-0.065913094,-2.1365796,101.4
114.076,0.145143038,-0.065913094,-2.1365796,101.4
114.088,0.145143038,-0.065913094,-2.200878726,101.5
114.101,0.145143038,-0.065913094,-2.100878726,101.4
114.114,0.145143038,-0.065913094,-2.107067233,101.5
114.126,0.145143038,-0.065913094,-2.107067233,101.5
114.139,0.144712347,-0.065913094,-2.107067233,101.5
114.152,0.144712347,-0.065913094,-2.107067233,101.5
114.165,0.144712347,-0.065913094,-2.107067233,101.5
114.177,0.145143038,-0.065913094,-2.142768107,101.5
114.19,0.145143038,-0.065913094,-2.1365796,101.4
114.203,0.145143038,-0.065913094,-2.107067233,101.5
114.215,0.145143038,-0.032956547,-2.100878726,101.4
114.228,0.145143038,-0.032956547,-2.107067233,101.5
114.241,0.145143038,-0.032956547,-2.100878726,101.4
114.253,0.145143038,-0.065913094,-2.107067233,101.5
114.266,0.145143038,-0.032956547,-2.100878726,101.4
114.279,0.145143038,-0.032956547,-2.107067233,101.5
114.292,0.145143038,-0.032956547,-2.100878726,101.4
114.304,0.145143038,-0.032956547,-2.107067233,101.5
114.317,0.145143038,-0.065913094,-2.100878726,101.4
114.33,0.145143038,-0.065913094,-2.107067233,101.5
114.342,0.145143038,-0.065913094,-2.107067233,101.5
114.355,0.145143038,-0.065913094,-2.1365796,101.4
114.368,0.145143038,-0.065913094,-2.142768107,101.5
114.38,0.145143038,-0.065913094,-2.100878726,101.4
114.393,0.145143038,-0.065913094,-2.142768107,101.5
114.406,0.144712347,-0.065913094,-2.100878726,101.4
114.419,0.144712347,-0.065913094,-2.142768107,101.5
114.431,0.145143038,-0.065913094,-2.100878726,101.4
114.444,0.145143038,-0.065913094,-2.107067233,101.5
114.457,0.145143038,-0.065913094,-2.100878726,101.4
114.469,0.145143038,-0.065913094,-2.107067233,101.5
114.482,0.144712347,-0.065913094,-2.100878726,101.4
114.495,0.144712347,-0.065913094,-2.107067233,101.5
114.507,0.145143038,-0.065913094,-2.107067233,101.5
114.52,0.145143038,-0.065913094,-2.107067233,101.5
114.533,0.145143038,-0.065913094,-2.107067233,101.5
114.546,0.146004421,-0.065913094,-2.142768107,101.5
114.558,0.145143038,-0.065913094,-2.142768107,101.5
114.571,0.145143038,-0.032956547,-2.100878726,101.4
114.584,0.145143038,-0.032956547,-2.107067233,101.5
114.596,0.145143038,-0.032956547,-2.107067233,101.5
114.609,0.145143038,-0.032956547,-2.142768107,101.5
114.622,0.145143038,-0.065913094,-2.142768107,101.5
114.635,0.145143038,-0.065913094,-2.1365796,101.4
114.647,0.145143038,-0.032956547,-2.142768107,101.5
114.66,0.145143038,-0.032956547,-2.1365796,101.4
114.673,0.145143038,-0.032956547,-2.142768107,101.5
114.685,0.144712347,-0.065913094,-2.1365796,101.4
114.698,0.144712347,-0.065913094,-2.142768107,101.5
114.711,0.145143038,-0.065913094,-2.100878726,101.4
114.723,0.145143038,-0.065913094,-2.107067233,101.5
114.736,0.145143038,-0.065913094,-2.100878726,101.4
114.749,0.145143038,-0.065913094,-2.107067233,101.5
114.762,0.145143038,-0.065913094,-2.100878726,101.4
114.774,0.145143038,-0.065913094,-2.107067233,101.5
114.787,0.145143038,-0.065913094,-2.142768107,101.5
114.8,0.145143038,-0.065913094,-2.142768107,101.5
114.812,0.145143038,-0.065913094,-2.142768107,101.5
114.825,0.145143038,-0.065913094,-2.142768107,101.5
114.838,0.145143038,-0.065913094,-2.142768107,101.5
114.85,0.145143038,-0.065913094,-2.142768107,101.5
114.863,0.145143038,-0.065913094,-2.142768107,101.5
114.876,0.145143038,-0.032956547,-2.142768107,101.5
114.889,0.144712347,-0.065913094,-2.142768107,101.5
114.901,0.144712347,-0.065913094,-2.142768107,101.5
114.914,0.145143038,-0.065913094,-2.142768107,101.5
114.927,0.145143038,-0.065913094,-2.107067233,101.5
114.939,0.145143038,-0.032956547,-2.100878726,101.4
114.952,0.145143038,-0.032956547,-2.107067233,101.5
114.965,0.144712347,-0.032956547,-2.100878726,101.4
114.978,0.144712347,-0.032956547,-2.107067233,101.5
114.99,0.145143038,-0.032956547,-2.1365796,101.4
115.003,0.145143038,-0.032956547,-2.142768107,101.5
115.016,0.145143038,-0.032956547,-2.100878726,101.4
115.028,0.145143038,-0.032956547,-2.107067233,101.5
115.041,0.145143038,-0.065913094,-2.100878726,101.4
115.054,0.144712347,-0.065913094,-2.107067233,101.5
115.066,0.145143038,-0.032956547,-2.100878726,101.4
115.079,0.145143038,-0.032956547,-2.107067233,101.5
115.092,0.145143038,-0.065913094,-2.107067233,101.5
115.105,0.145143038,-0.065913094,-2.142768107,101.5
115.117,0.145143038,-0.065913094,-2.142768107,101.5
115.13,0.145143038,-0.065913094,-2.142768107,101.5
115.143,0.145143038,-0.065913094,-2.107067233,101.5
115.155,0.145143038,-0.065913094,-2.100878726,101.4
115.168,0.144712347,-0.065913094,-2.142768107,101.5
115.181,0.144712347,-0.065913094,-2.100878726,101.4
115.193,0.145143038,-0.065913094,-2.107067233,101.5
115.206,0.145143038,-0.065913094,-2.107067233,101.5
115.219,0.145143038,-0.065913094,-2.107067233,101.5
115.232,0.145143038,-0.065913094,-2.107067233,101.5
115.244,0.145143038,-0.065913094,-2.100878726,101.4
115.257,0.145143038,-0.065913094,-2.107067233,101.5
115.27,0.145143038,-0.065913094,-2.100878726,101.4
115.282,0.144712347,-0.065913094,-2.107067233,101.5
115.295,0.145143038,-0.032956547,-2.100878726,101.4
115.308,0.145143038,-0.065913094,-2.107067233,101.5
115.321,0.145143038,-0.032956547,-2.100878726,101.4
115.333,0.145143038,-0.065913094,-2.107067233,101.5
115.346,0.145143038,-0.065913094,-2.100878726,101.4
115.359,0.145143038,-0.065913094,-2.107067233,101.5
115.371,0.144712347,-0.065913094,-2.100878726,101.4
115.384,0.144712347,-0.032956547,-2.1365796,101.4
115.397,0.145143038,-0.032956547,-2.142768107,101.5
115.409,0.145143038,-0.065913094,-2.107067233,101.5
115.422,0.145143038,-0.065913094,-2.107067233,101.5
115.435,0.144712347,-0.065913094,-2.100878726,101.4
115.448,0.144712347,-0.065913094,-2.107067233,101.5
115.46,0.144712347,-0.065913094,-2.100878726,101.4
115.473,0.144712347,-0.065913094,-2.107067233,101.5
115.486,0.144712347,-0.065913094,-2.100878726,101.4
115.498,0.144712347,-0.065913094,-2.107067233,101.5
115.511,0.144712347,-0.065913094,-2.107067233,101.5
115.524,0.144712347,-0.065913094,-2.107067233,101.5
115.536,0.145143038,-0.065913094,-2.100878726,101.4
115.549,0.145143038,-0.065913094,-2.107067233,101.5
115.562,0.145143038,-0.065913094,-2.107067233,101.5
115.575,0.145143038,-0.065913094,-2.100878726,101.4
115.587,0.144712347,-0.065913094,-2.107067233,101.5
115.6,0.145143038,-0.065913094,-2.107067233,101.5
115.613,0.145143038,-0.065913094,-2.107067233,101.5
115.625,0.145143038,-0.065913094,-2.142768107,101.5
115.638,0.145143038,-0.065913094,-2.142768107,101.5
115.651,0.145143038,-0.065913094,-2.142768107,101.5
115.664,0.145143038,-0.065913094,-2.1365796,101.4
115.676,0.145143038,-0.065913094,-2.107067233,101.5
115.689,0.144712347,-0.065913094,-2.100878726,101.4
115.702,0.144712347,-0.065913094,-2.107067233,101.5
115.714,0.144712347,-0.065913094,-2.100878726,101.4
115.727,0.144712347,-0.065913094,-2.107067233,101.5
115.74,0.144712347,-0.065913094,-2.100878726,101.4
115.752,0.144712347,-0.065913094,-2.107067233,101.5
115.765,0.144712347,-0.065913094,-2.100878726,101.4
115.778,0.144712347,-0.065913094,-2.107067233,101.5
115.791,0.144712347,-0.032956547,-2.100878726,101.4
115.801,0.144712347,-0.032956547,-2.107067233,101.5
