Project: Evolutionary Intensity Measures for More Accurate and Informative Liquefaction Hazard Evaluation,,,,
Exp9: 33 to 55% Relative Density Cyclic Simple Shear Tests under Transient Loadings,,,,
Operator: Wing Shun Kwan,,,,
Date: 2013-04-01,,,,
,,,,
Time [sec],Shear Strain [%],Shear Stress [kPa],Effective Vertical Stress [kPa],Excess Pore Pressure [kPa]
0.001,0.00169255,0.032956547,102.430961,-0.1
0.013,0.00169255,0.032956547,102.3952601,-0.1
0.026,0.00169255,0.032956547,102.3952601,-0.1
0.038,0.001269413,0.032956547,102.3595592,-0.1
0.051,0.001269413,0.065913094,102.3595592,-0.1
0.064,0.001269413,0.065913094,102.3595592,-0.1
0.076,0.001269413,0.032956547,102.3595592,-0.1
0.089,0.001269413,0.032956547,102.3595592,-0.1
0.102,0.001269413,0.032956547,102.3595592,-0.1
0.115,0.001269413,0.032956547,102.3595592,-0.1
0.127,0.001269413,0.032956547,102.3657477,-0.2
0.14,0.001269413,0.065913094,102.3595592,-0.1
0.153,0.001269413,0.065913094,102.3595592,-0.1
0.165,0.001269413,0.100090254,102.3595592,-0.1
0.178,0.001269413,0.100090254,102.3595592,-0.1
0.191,0.001269413,0.100090254,102.3595592,-0.1
0.203,0.001269413,0.100090254,102.3657477,-0.2
0.216,0.001269413,0.100090254,102.3595592,-0.1
0.229,0.001269413,0.100090254,102.3657477,-0.2
0.242,0.001269413,0.100090254,102.3595592,-0.1
0.254,0.001269413,0.100090254,102.3595592,-0.1
0.267,0.001269413,0.100090254,102.3595592,-0.1
0.28,0.00169255,0.100090254,102.3595592,-0.1
0.292,0.001269413,0.065913094,102.3595592,-0.1
0.305,0.001269413,0.065913094,102.3595592,-0.1
0.318,0.001269413,0.065913094,102.3657477,-0.2
0.33,0.001269413,0.100090254,102.3595592,-0.1
0.343,0.001269413,0.065913094,102.3657477,-0.2
0.356,0.001269413,0.065913094,102.3595592,-0.1
0.369,0.001269413,0.065913094,102.3657477,-0.2
0.381,0.001269413,0.065913094,102.3595592,-0.1
0.394,0.001269413,0.065913094,102.3657477,-0.2
0.407,0.001269413,0.032956547,102.3595592,-0.1
0.419,0.001269413,0.032956547,102.4014486,-0.2
0.432,0.001269413,0.032956547,102.3952601,-0.1
0.445,0.001269413,0.032956547,102.3657477,-0.2
0.458,0.001269413,0.032956547,102.3595592,-0.1
0.47,0.00169255,0.032956547,102.3657477,-0.2
0.483,0.001269413,0.032956547,102.3595592,-0.1
0.496,0.001269413,0.032956547,102.3595592,-0.1
0.508,0.001269413,0.032956547,102.3595592,-0.1
0.521,0.001269413,0.032956547,102.3595592,-0.1
0.534,0.001269413,0,102.3595592,-0.1
0.546,0.001269413,0,102.3595592,-0.1
0.559,0.001269413,0.032956547,102.3595592,-0.1
0.572,0.001269413,0,102.3595592,-0.1
0.585,0.001269413,0,102.3657477,-0.2
0.597,0.001269413,0,102.3595592,-0.1
0.61,0.001269413,0,102.3657477,-0.2
0.623,0.00169255,0,102.3595592,-0.1
0.635,0.00169255,0.032956547,102.3657477,-0.2
0.648,0.001269413,0.032956547,102.3595592,-0.1
0.661,0.001269413,0.032956547,102.3657477,-0.2
0.673,0.001269413,0.032956547,102.3595592,-0.1
0.686,0.001269413,0.032956547,102.3595592,-0.1
0.699,0.001269413,0.032956547,102.3595592,-0.1
0.712,0.001269413,0.032956547,102.3595592,-0.1
0.724,0.001269413,0.032956547,102.3595592,-0.1
0.737,0.001269413,0.032956547,102.3595592,-0.1
0.75,0.001269413,0.032956547,102.3595592,-0.1
0.762,0.001269413,0.032956547,102.3595592,-0.1
0.775,0.001269413,0.032956547,102.3595592,-0.1
0.788,0.001269413,0.032956547,102.3595592,-0.1
0.801,0.001269413,0,102.3595592,-0.1
0.813,0.00169255,0.032956547,102.3595592,-0.1
0.826,0.001269413,0.032956547,102.3657477,-0.2
0.839,0.001269413,0.032956547,102.3595592,-0.1
0.851,0.001269413,0.032956547,102.3657477,-0.2
0.864,0.001269413,0.032956547,102.3595592,-0.1
0.877,0.001269413,0.032956547,102.3595592,-0.1
0.889,0.001269413,0.032956547,102.3595592,-0.1
0.902,0.001269413,0.032956547,102.3595592,-0.1
0.915,0.001269413,0.032956547,102.3595592,-0.1
0.928,0.001269413,0.032956547,102.3595592,-0.1
0.94,0.001269413,0.032956547,102.3595592,-0.1
0.953,0.001269413,0.032956547,102.3595592,-0.1
0.966,0.001269413,0.032956547,102.3657477,-0.2
0.978,0.001269413,0.065913094,102.3952601,-0.1
0.991,0.001269413,0.065913094,102.3595592,-0.1
1.004,0.001269413,0.065913094,102.3595592,-0.1
1.016,0.001269413,0.032956547,102.3657477,-0.2
1.029,0.001269413,0.032956547,102.3952601,-0.1
1.042,0.001269413,0.032956547,102.3657477,-0.2
1.055,0.001269413,0.065913094,102.3595592,-0.1
1.067,0.001269413,0.065913094,102.3657477,-0.2
1.08,0.001269413,0.065913094,102.3595592,-0.1
1.093,0.001269413,0.065913094,102.3657477,-0.2
1.105,0.001269413,0.065913094,102.3595592,-0.1
1.118,0.001269413,0.065913094,102.3595592,-0.1
1.131,0.001269413,0.100090254,102.3595592,-0.1
1.144,0.001269413,0.100090254,102.3595592,-0.1
1.156,0.001269413,0.100090254,102.3595592,-0.1
1.169,0.001269413,0.100090254,102.3595592,-0.1
1.182,0.001269413,0.133046802,102.3595592,-0.1
1.194,0.001269413,0.133046802,102.3595592,-0.1
1.207,0.00169255,0.133046802,102.3595592,-0.1
1.22,0.001269413,0.133046802,102.3595592,-0.1
1.232,0.001269413,0.133046802,102.3952601,-0.1
1.245,0.00169255,0.133046802,102.3952601,-0.1
1.258,0.00169255,0.133046802,102.3595592,-0.1
1.271,0.00169255,0.133046802,102.3595592,-0.1
1.283,0.001269413,0.133046802,102.3595592,-0.1
1.296,0.001269413,0.133046802,102.3595592,-0.1
1.309,0.00169255,0.100090254,102.3595592,-0.1
1.321,0.001269413,0.100090254,102.3595592,-0.1
1.334,0.001269413,0.065913094,102.3595592,-0.1
1.347,0.001269413,0.032956547,102.3595592,-0.1
1.359,0.001269413,-0.032956547,102.3595592,-0.1
1.372,0.001269413,-0.100090254,102.3595592,-0.1
1.385,0.001269413,-0.133046802,102.3595592,-0.1
1.398,0.001269413,-0.198959896,102.3595592,-0.1
1.41,0.00169255,-0.299050151,102.3595592,-0.1
1.423,0.001269413,-0.364963245,102.3595592,-0.1
1.436,0.001269413,-0.463832887,102.3595592,-0.1
1.448,0.00169255,-0.530966594,102.3595592,-0.1
1.461,0.00169255,-0.629836235,102.3357586,-0.1
1.474,0.001269413,-0.696969943,102.3357586,-0.1
1.487,0.001269413,-0.762883037,102.3357586,-0.1
1.499,0.001269413,-0.828796131,102.3357586,-0.1
1.512,0.001269413,-0.895929839,102.3000578,-0.1
1.525,0.00169255,-0.961842933,102.3000578,-0.1
1.537,0.001269413,-1.027756028,102.3062463,-0.2
1.55,0.00169255,-1.061933188,102.3000578,-0.1
1.563,0.00169255,-1.094889735,102.3062463,-0.2
1.575,0.00169255,-1.127846282,102.2643569,-0.1
1.588,0.00169255,-1.160802829,102.2705454,-0.2
1.601,0.001269413,-1.193759376,102.2643569,-0.1
1.614,0.00169255,-1.193759376,102.2705454,-0.2
1.626,0.00169255,-1.193759376,102.1643569,0
1.639,0.00169255,-1.193759376,102.1705454,-0.1
1.652,0.00169255,-1.160802829,102.1643569,0
1.664,0.00169255,-1.160802829,102.1705454,-0.1
1.677,0.00169255,-1.127846282,102.1643569,0
1.69,0.00169255,-1.094889735,102.1705454,-0.1
1.702,0.00169255,-1.027756028,102.1643569,0
1.715,0.00169255,-0.961842933,102.1643569,0
1.728,0.00169255,-0.895929839,102.1643569,0
1.741,0.00169255,-0.828796131,102.2000578,0
1.753,0.00169255,-0.762883037,102.2000578,0
1.766,0.002538826,-0.662792783,102.1643569,0
1.779,0.002538826,-0.596879688,102.2062463,-0.1
1.791,0.00169255,-0.498010047,102.2000578,0
1.804,0.00169255,-0.397919792,102.2000578,0
1.817,0.00169255,-0.299050151,102.2000578,0
1.83,0.00169255,-0.198959896,102.2000578,0
1.842,0.00169255,-0.100090254,102.2000578,0
1.855,0.00169255,0,102.1062463,0
1.868,0.00169255,0.100090254,102.1000578,0.1
1.88,0.00169255,0.166003349,102.1419472,0
1.893,0.00169255,0.26487299,102.1357586,0.1
1.906,0.00169255,0.332006698,102.1357586,0.1
1.918,0.00169255,0.430876339,102.1357586,0.1
1.931,0.00169255,0.498010047,102.1357586,0.1
1.944,0.00169255,0.596879688,102.1357586,0.1
1.957,0.00169255,0.662792783,102.1357586,0.1
1.969,0.00169255,0.72992649,102.1419472,0
1.982,0.002538826,0.795839584,102.1357586,0.1
1.995,0.002538826,0.895929839,102.1419472,0
2.007,0.00169255,0.961842933,102.1595592,0.1
2.02,0.00169255,1.027756028,102.1657477,0
2.033,0.00169255,1.127846282,102.1595592,0.1
2.045,0.00169255,1.193759376,102.1657477,0
2.058,0.00169255,1.226715924,102.0595592,0.2
2.071,0.00169255,1.293849631,102.0657477,0.1
2.084,0.00169255,1.359762725,102.0595592,0.2
2.096,0.00169255,1.426896432,102.0657477,0.1
2.109,0.00169255,1.45985298,102.0595592,0.2
2.122,0.00169255,1.492809527,102.0595592,0.2
2.134,0.00169255,1.558722621,102.0952601,0.2
2.147,0.002538826,1.591679168,102.0595592,0.2
2.16,0.00169255,1.591679168,102.0657477,0.1
2.173,0.00169255,1.625856329,102.0595592,0.2
2.185,0.00169255,1.591679168,102.0657477,0.1
2.198,0.00169255,1.591679168,102.0595592,0.2
2.211,0.00169255,1.591679168,102.0657477,0.1
2.223,0.00169255,1.591679168,102.0595592,0.2
2.236,0.00169255,1.558722621,102.0657477,0.1
2.249,0.00169255,1.558722621,102.0595592,0.2
2.261,0.00169255,1.525766074,102.0657477,0.1
2.274,0.00169255,1.492809527,102.0595592,0.2
2.287,0.00169255,1.492809527,102.0657477,0.1
2.3,0.00169255,1.45985298,102.0595592,0.2
2.312,0.00169255,1.426896432,102.0595592,0.2
2.325,0.00169255,1.426896432,102.0357586,0.2
2.338,0.00169255,1.392719272,102.0357586,0.2
2.35,0.00169255,1.359762725,102.0357586,0.2
2.363,0.00169255,1.293849631,102.0357586,0.2
2.376,0.00169255,1.260893084,102.0419472,0.1
2.388,0.00169255,1.226715924,102.1357586,0.1
2.401,0.00169255,1.193759376,102.1357586,0.1
2.414,0.00169255,1.127846282,102.1357586,0.1
2.427,0.00169255,1.094889735,102.1357586,0.1
2.439,0.002538826,1.061933188,102.1357586,0.1
2.452,0.002538826,0.99479948,102.1357586,0.1
2.465,0.00169255,0.928886386,102.1357586,0.1
2.477,0.00169255,0.862973292,102.1000578,0.1
2.49,0.00169255,0.828796131,102.1000578,0.1
2.503,0.00169255,0.762883037,102.1000578,0.1
2.516,0.00169255,0.72992649,102.1000578,0.1
2.528,0.00169255,0.696969943,102.1000578,0.1
2.541,0.002538826,0.696969943,102.1000578,0.1
2.554,0.002538826,0.662792783,102.1000578,0.1
2.566,0.002538826,0.662792783,102.1000578,0.1
2.579,0.002538826,0.662792783,102.1000578,0.1
2.592,0.00169255,0.662792783,102.1062463,0
2.604,0.00169255,0.696969943,102.1000578,0.1
2.617,0.00169255,0.696969943,102.1000578,0.1
2.63,0.00169255,0.72992649,102.1000578,0.1
2.643,0.00169255,0.762883037,102.1357586,0.1
2.655,0.002538826,0.795839584,102.1357586,0.1
2.668,0.002538826,0.862973292,102.1000578,0.1
2.681,0.002538826,0.895929839,102.1000578,0.1
2.693,0.00169255,0.928886386,102.1357586,0.1
2.706,0.00169255,0.928886386,102.1357586,0.1
2.719,0.00169255,0.928886386,102.1357586,0.1
2.731,0.00169255,0.928886386,102.1357586,0.1
2.744,0.00169255,0.895929839,102.1000578,0.1
2.757,0.00169255,0.862973292,102.1062463,0
2.77,0.00169255,0.795839584,102.1000578,0.1
2.782,0.00169255,0.696969943,102.1062463,0
2.795,0.00169255,0.563923141,102.1000578,0.1
2.808,0.00169255,0.397919792,102.1062463,0
2.82,0.00169255,0.166003349,102.1000578,0.1
2.833,0.002538826,-0.100090254,102.0705454,0
2.846,0.002538826,-0.430876339,102.1643569,0
2.859,0.00169255,-0.828796131,102.1705454,-0.1
2.871,0.002538826,-1.260893084,102.028656,0.1
2.884,0.002538826,-1.72472597,102.0348445,0
2.897,0.002961963,-2.155602309,101.9048554,0.2
2.909,0.003808238,-2.653612356,101.7691546,0.3
2.922,0.004231376,-3.18457895,101.6334537,0.4
2.935,0.005500789,-3.715545544,101.4096531,0.6
2.947,0.006770201,-4.212334977,101.1158416,0.8
2.96,0.008462752,-4.743301571,100.8334537,1.2
2.973,0.008885889,-5.241311618,100.5753431,1.4
2.986,0.010155302,-5.805234759,100.328656,1.8
2.998,0.011424715,-6.33498074,99.9643569,2.2
3.011,0.013540403,-6.832990786,99.60005777,2.6
3.024,0.014809816,-7.132040937,99.10624628,3
3.036,0.015232953,-7.36395738,98.83575865,3.4
3.049,0.016079228,-7.495783569,98.50624628,3.6
3.062,0.016502366,-7.529960729,98.30005777,3.9
3.074,0.016502366,-7.462827022,98.07054541,4
3.087,0.017348641,-7.263867126,98.02865603,4.1
3.1,0.017348641,-6.966037588,97.93484453,4.1
3.113,0.018194916,-6.533940636,97.90485544,4.2
3.125,0.017348641,-6.037151202,97.8334537,4.2
3.138,0.018194916,-5.473228061,97.80965312,4.2
3.151,0.017348641,-4.842171213,97.77395224,4.2
3.163,0.017348641,-4.146421883,97.81584162,4.1
3.176,0.017348641,-3.350582299,97.80965312,4.2
3.189,0.017348641,-2.45465246,97.83964221,4.1
3.201,0.017348641,-1.45985298,97.90485544,4.2
3.214,0.016502366,-0.430876339,98.03484453,4
3.227,0.016079228,0.696969943,98.10005777,4.1
3.24,0.015232953,1.790639065,97.94194715,4.2
3.252,0.01396354,2.918485347,97.73575865,4.5
3.265,0.012694128,3.947461987,97.44194715,4.7
3.278,0.011001577,4.90930492,97.13575865,5.1
3.29,0.010155302,5.771057599,96.86574774,5.3
3.303,0.008885889,6.568117796,96.43575865,5.8
3.316,0.006770201,7.296823673,96.04194715,6.1
3.329,0.005500789,7.960837068,95.53575865,6.7
3.341,0.003808238,8.590673304,95.14194715,7
3.354,0.002961963,9.121639897,94.6643569,7.5
3.367,0.001269413,9.585472784,94.22865603,7.9
3.379,0.000423138,9.950436029,93.81104395,8.2
3.392,-0.000846275,10.18357308,93.50485544,8.6
3.405,-0.001269413,10.34835582,93.31104395,8.7
3.417,-0.001269413,10.41548953,93.10485544,9
3.43,-0.001269413,10.38253298,93.01104395,9
3.443,-0.001269413,10.28244273,93.00485544,9.1
3.456,-0.002115688,10.11643938,93.01104395,9
3.468,-0.002115688,9.884522934,93.00485544,9.1
3.481,-0.002115688,9.552516237,93.13484453,8.9
3.494,-0.002115688,9.121639897,93.22865603,8.9
3.506,-0.001269413,8.590673304,93.33484453,8.7
3.519,-0.000846275,7.993793615,93.42865603,8.7
3.532,-0.000846275,7.331000833,93.52865603,8.6
3.545,0,6.601074343,93.60485544,8.5
3.557,0.001269413,5.871147853,93.60485544,8.5
3.57,0.002538826,5.075308269,93.57534308,8.4
3.583,0.004231376,4.279468685,93.46915457,8.6
3.595,0.005500789,3.416495393,93.37534308,8.6
3.608,0.006770201,2.45465246,93.26915457,8.8
3.621,0.008885889,1.359762725,93.21104395,8.8
3.633,0.011001577,0.198959896,93.10485544,9
3.646,0.01227099,-1.027756028,92.71104395,9.3
3.659,0.013540403,-2.388739366,92.30485544,9.8
3.672,0.015232953,-3.91450544,91.90624628,10.2
3.684,0.017348641,-5.539141155,91.25476156,11.1
3.697,0.022003154,-7.064907229,90.66325501,11.8
3.71,0.027080806,-8.524760209,89.88796971,12.8
3.722,0.035543557,-9.851566387,88.91177029,13.8
3.735,0.046121997,-11.04532576,87.68086709,14.9
3.748,0.060085537,-11.97421215,86.29046243,16.1
3.76,0.077011041,-12.77005173,84.90005777,17.3
3.773,0.09647537,-13.43406513,83.6334537,18.4
3.786,0.117209111,-14.03094482,82.38014075,19.5
3.799,0.137942853,-14.46182116,81.27395224,20.7
3.811,0.158253457,-14.79382785,80.38014075,21.5
3.824,0.175178961,-15.0257443,79.70965312,22.3
3.837,0.189565639,-15.12583455,79.21584162,22.7
3.849,0.199720941,-15.12583455,79.0334537,23
3.862,0.207337417,-15.0257443,78.93964221,23
3.875,0.211991931,-14.8267844,78.96915457,23.1
3.887,0.214530756,-14.4947777,79.17534308,22.8
3.9,0.215377031,-13.96381111,79.26915457,22.8
3.913,0.214530756,-13.26806178,79.33964221,22.6
3.926,0.213261344,-12.4722222,79.41584162,22.5
3.938,0.211991931,-11.64220545,79.38014075,22.5
3.951,0.21029938,-10.78045277,79.17395224,22.8
3.964,0.207337417,-9.884522934,79.08014075,22.8
3.976,0.204798592,-8.856766907,78.90965312,23.1
3.989,0.202259766,-7.694743465,78.81584162,23.1
4.002,0.199720941,-6.402114447,78.61584162,23.3
4.015,0.197605253,-5.108264816,78.41584162,23.5
4.027,0.195912702,-3.681368384,78.1334537,23.9
4.04,0.192104464,-1.956642413,77.73964221,24.2
4.053,0.187873088,-0.032956547,77.2334537,24.8
4.065,0.183641712,1.824816225,76.73964221,25.2
4.078,0.180256612,3.44945194,76.30485544,25.8
4.091,0.176448374,4.942261467,75.71104395,26.3
4.103,0.171370722,6.236111098,75.10485544,27
4.116,0.165869934,7.296823673,74.61104395,27.4
4.129,0.160792283,8.192753511,74.20485544,27.9
4.142,0.155714632,8.889723454,73.83484453,28.2
4.154,0.151060118,9.519559689,73.40485544,28.7
4.167,0.146405605,10.05052628,73.11104395,28.9
4.18,0.142174229,10.48140262,72.80485544,29.3
4.192,0.137519716,10.87932241,72.61104395,29.4
4.205,0.133711477,11.21132911,72.40485544,29.7
4.218,0.130326377,11.4762021,72.21104395,29.8
4.23,0.127787551,11.64220545,72.10485544,30
4.243,0.125671863,11.74229571,72.01104395,30
4.256,0.125248726,11.74229571,72.00485544,30.1
4.269,0.125248726,11.6092489,72.01104395,30
4.281,0.12440245,11.44324556,72.12865603,30
4.294,0.12440245,11.14541602,72.23484453,29.8
4.307,0.12440245,10.68036252,72.32865603,29.8
4.319,0.125248726,10.11643938,72.42865603,29.7
4.332,0.125671863,9.386512888,72.62865603,29.5
4.345,0.127787551,8.557716756,72.80485544,29.3
4.358,0.129480101,7.661786918,72.91104395,29.1
4.37,0.131595789,6.732900532,72.96915457,29.1
4.383,0.134134615,5.805234759,72.97534308,29
4.396,0.13667344,4.842171213,72.96915457,29.1
4.408,0.139212266,3.814415185,72.97534308,29
4.421,0.142174229,2.786659158,73.00485544,29.1
4.434,0.144713055,1.72472597,72.97534308,29
4.446,0.14725188,0.662792783,72.86915457,29.2
4.459,0.14894443,-0.26487299,72.67534308,29.3
4.472,0.150213843,-1.094889735,72.46915457,29.6
4.485,0.151060118,-1.923685866,72.21104395,29.8
4.497,0.151906394,-2.952662507,72.0643569,30.1
4.51,0.153175806,-4.146421883,71.90624628,30.2
4.523,0.156137769,-5.440271514,71.60005777,30.6
4.535,0.15952287,-6.601074343,71.2643569,30.9
4.548,0.164600521,-7.694743465,71.0643569,31.1
4.561,0.170524447,-8.723720105,70.9643569,31.2
4.573,0.177717786,-9.685563038,70.7643569,31.4
4.586,0.185334263,-10.51435917,70.62865603,31.5
4.599,0.192527602,-11.17837257,70.43484453,31.6
4.612,0.199720941,-11.64220545,70.42865603,31.7
4.624,0.205644867,-11.9412556,70.33484453,31.7
4.637,0.210722518,-12.10725895,70.32865603,31.8
4.65,0.214530756,-12.20612859,70.43484453,31.6
4.662,0.217069582,-12.17317205,70.52865603,31.6
4.675,0.21918527,-12.0743024,70.63484453,31.4
4.688,0.220031545,-11.90829906,70.8643569,31.3
4.701,0.220454682,-11.64220545,71.0643569,31.1
4.713,0.220454682,-11.24428566,71.2643569,30.9
4.726,0.220031545,-10.74749623,71.42865603,30.7
4.739,0.218762132,-10.11643938,71.62865603,30.5
4.751,0.217069582,-9.386512888,71.56915457,30.5
4.764,0.214530756,-8.623629851,71.5334537,30.5
4.777,0.211568793,-7.728920625,71.4334537,30.6
4.789,0.208183692,-6.767077692,71.4334537,30.6
4.802,0.204375454,-5.771057599,71.3334537,30.7
4.815,0.201836629,-4.743301571,71.37534308,30.6
4.828,0.199297803,-3.715545544,71.36915457,30.7
4.84,0.198451528,-2.553522102,71.37534308,30.6
4.853,0.198451528,-1.160802829,71.26915457,30.8
4.866,0.199297803,0.26487299,71.31104395,30.7
4.878,0.199720941,1.625856329,71.32865603,30.8
4.891,0.200567216,2.985619054,71.27054541,30.8
4.904,0.199720941,4.444251421,71.10005777,31.1
4.916,0.198451528,5.838191306,70.70624628,31.4
4.929,0.19633584,7.064907229,70.40005777,31.8
4.942,0.193373877,8.09388387,70.20005777,32
4.955,0.189565639,8.889723454,69.9643569,32.2
4.967,0.186180538,9.486603142,69.8643569,32.3
4.98,0.182795437,9.884522934,69.82865603,32.3
4.993,0.180256612,10.08348283,69.92865603,32.2
5.005,0.178987199,10.18357308,70.02865603,32.1
5.018,0.178140924,10.14939592,70.22865603,31.9
5.031,0.177717786,10.05052628,70.52865603,31.6
5.044,0.177717786,9.81860984,70.82865603,31.3
5.056,0.177717786,9.453646595,71.02865603,31.1
5.069,0.177717786,8.988593096,71.32865603,30.8
5.082,0.178140924,8.35875686,71.62865603,30.5
5.094,0.179833474,7.562917276,71.92865603,30.2
5.107,0.181102887,6.699943985,72.12865603,30
5.12,0.182795437,5.805234759,72.20485544,29.9
5.132,0.184911125,4.90930492,72.16915457,29.9
5.145,0.186603676,3.980418534,72.16915457,29.9
5.158,0.187873088,3.051532148,72.20485544,29.9
5.171,0.189988776,2.122645762,72.30485544,29.8
5.183,0.192104464,1.193759376,72.30485544,29.8
5.196,0.193373877,0.332006698,72.20485544,29.9
5.209,0.193797015,-0.397919792,72.00485544,30.1
5.221,0.19464329,-1.027756028,71.80485544,30.3
5.234,0.193373877,-1.72472597,71.62865603,30.5
5.247,0.193373877,-2.620655809,71.60005777,30.6
5.259,0.193797015,-3.781458638,71.43575865,30.8
5.272,0.195912702,-5.108264816,71.13575865,31.1
5.285,0.198451528,-6.367937287,70.93575865,31.3
5.298,0.201836629,-7.495783569,70.83575865,31.4
5.31,0.204798592,-8.623629851,70.73575865,31.5
5.323,0.209453105,-9.685563038,70.53575865,31.7
5.336,0.214530756,-10.64740597,70.43575865,31.8
5.348,0.220454682,-11.4762021,70.30005777,31.9
5.361,0.227224884,-12.1402155,70.20005777,32
5.374,0.233571948,-12.63700493,70.0643569,32.1
5.387,0.240765287,-12.96901163,69.92865603,32.2
5.399,0.246689213,-13.23510523,69.92865603,32.2
5.412,0.252190001,-13.39988797,69.92865603,32.2
5.425,0.256421377,-13.49997822,70.02865603,32.1
5.437,0.260229616,-13.49997822,70.22865603,31.9
5.45,0.261922166,-13.39988797,70.32865603,31.8
5.463,0.262768441,-13.16797153,70.62865603,31.5
5.475,0.263191579,-12.80300828,70.82865603,31.3
5.488,0.263191579,-12.30621885,71.02865603,31.1
5.501,0.261922166,-11.675162,71.22865603,30.9
5.514,0.260652753,-10.94645612,71.26915457,30.8
5.526,0.258960203,-10.08348283,71.2334537,30.8
5.539,0.255575102,-9.187552992,71.0334537,31
5.552,0.252190001,-8.126840417,70.9334537,31.1
5.564,0.248381763,-7.031950682,70.8334537,31.2
5.577,0.244573525,-5.9041044,70.7334537,31.3
5.59,0.242034699,-4.809214666,70.76915457,31.3
5.602,0.240765287,-3.681368384,70.66915457,31.4
5.615,0.239919011,-2.45465246,70.66915457,31.4
5.628,0.239919011,-0.961842933,70.57534308,31.4
5.641,0.240765287,0.463832887,70.50485544,31.6
5.653,0.243304112,1.691769423,70.42865603,31.7
5.666,0.244573525,2.852572252,70.50005777,31.7
5.679,0.244573525,4.212334977,70.33575865,31.9
5.691,0.24372725,5.60505425,69.90005777,32.3
5.704,0.241188424,6.998994135,69.50624628,32.6
5.717,0.236110773,8.292843766,69.20005777,33
5.73,0.230186847,9.353556341,68.90005777,33.3
5.742,0.222993508,10.24948618,68.6643569,33.5
5.755,0.215800169,10.94645612,68.42865603,33.7
5.768,0.21029938,11.4762021,68.42865603,33.7
5.78,0.204798592,11.8082088,68.40485544,33.7
5.793,0.201836629,12.04012524,68.40485544,33.7
5.806,0.199720941,12.17317205,68.60485544,33.5
5.818,0.198451528,12.20612859,68.80485544,33.3
5.831,0.197605253,12.1402155,69.00485544,33.1
5.844,0.197605253,12.0071687,69.20485544,32.9
5.857,0.198451528,11.70933916,69.52865603,32.6
5.869,0.198451528,11.31019875,69.93484453,32.1
5.882,0.199297803,10.78045277,70.22865603,31.9
5.895,0.199720941,10.08348283,70.52865603,31.6
5.907,0.201836629,9.187552992,70.80485544,31.3
5.92,0.203529179,8.225710059,70.96915457,31.1
5.933,0.206068005,7.197954031,70.96915457,31.1
5.945,0.209453105,6.136020844,70.9334537,31.1
5.958,0.211991931,4.975218014,70.8334537,31.2
5.971,0.215377031,3.781458638,70.8334537,31.2
5.984,0.217915857,2.553522102,70.76915457,31.3
5.996,0.220454682,1.293849631,70.66915457,31.4
6.009,0.222993508,0.166003349,70.4334537,31.6
6.022,0.223839783,-0.762883037,70.1334537,31.9
6.034,0.223839783,-1.558722621,70.00485544,32.1
6.047,0.222993508,-2.388739366,69.95816839,32.3
6.06,0.223839783,-3.549542195,69.7643569,32.4
6.073,0.226378609,-5.008174562,69.35816839,32.9
6.085,0.230186847,-6.402114447,69.12865603,33
6.098,0.23484136,-7.694743465,68.92865603,33.2
6.111,0.239919011,-8.922680001,68.72865603,33.4
6.123,0.244996663,-10.08348283,68.62865603,33.5
6.136,0.250920589,-11.11123886,68.52865603,33.6
6.149,0.25769079,-12.0071687,68.42865603,33.7
6.161,0.265307267,-12.70413864,68.32865603,33.8
6.174,0.272500606,-13.20092807,68.20485544,33.9
6.187,0.278847669,-13.49997822,68.20485544,33.9
6.2,0.284348458,-13.69893812,68.32865603,33.8
6.212,0.288579834,-13.79902837,68.52865603,33.6
6.225,0.291118659,-13.76485121,68.72865603,33.4
6.238,0.292388072,-13.56589132,68.92865603,33.2
6.25,0.293234347,-13.23510523,69.2643569,32.9
6.263,0.293234347,-12.77005173,69.4643569,32.7
6.276,0.292388072,-12.1402155,69.72865603,32.4
6.288,0.291118659,-11.41028901,69.90485544,32.2
6.301,0.289426109,-10.58149288,69.8334537,32.2
6.314,0.286887284,-9.652606491,69.70965312,32.3
6.327,0.282655908,-8.657807011,69.50965312,32.5
6.339,0.278847669,-7.562917276,69.4334537,32.6
6.352,0.275885706,-6.435070994,69.36915457,32.7
6.365,0.273770018,-5.340181259,69.26915457,32.8
6.377,0.272500606,-4.245291525,69.26915457,32.8
6.39,0.272500606,-3.084488695,69.30485544,32.8
6.403,0.27165433,-1.691769423,69.20485544,32.9
6.416,0.272500606,-0.166003349,68.90485544,33.2
6.428,0.273770018,1.127846282,68.80485544,33.3
6.441,0.277155119,2.122645762,68.82865603,33.3
6.454,0.278847669,3.316405139,68.83575865,33.4
6.466,0.279693945,4.710345024,68.53575865,33.7
6.479,0.277578257,6.269067645,68.05955923,34.2
6.492,0.272923743,7.728920625,67.65955923,34.6
6.504,0.266576679,9.055726803,67.25955923,35
6.517,0.258960203,10.18357308,66.95955923,35.3
6.53,0.250497451,11.07828231,66.60005777,35.6
6.543,0.243304112,11.74229571,66.3643569,35.8
6.555,0.236957048,12.20612859,66.12865603,36
6.568,0.232725672,12.50517874,66.00485544,36.1
6.581,0.229763709,12.73709519,66.00485544,36.1
6.593,0.227648021,12.87014199,66.00485544,36.1
6.606,0.226378609,12.93605508,66.12865603,36
6.619,0.225109196,12.90309854,66.22865603,35.9
6.631,0.224262921,12.83718544,66.32865603,35.8
6.644,0.225109196,12.63700493,66.52865603,35.6
6.657,0.225109196,12.33917539,66.82865603,35.3
6.67,0.225109196,11.87412189,67.02865603,35.1
6.682,0.225532334,11.24428566,67.32865603,34.8
6.695,0.227224884,10.41548953,67.60485544,34.5
6.708,0.229763709,9.453646595,67.80485544,34.3
6.72,0.232302535,8.424669955,67.96915457,34.1
6.733,0.23484136,7.36395738,67.9334537,34.1
6.746,0.237380186,6.302024192,67.8334537,34.2
6.759,0.240765287,5.207134458,67.7334537,34.3
6.771,0.24372725,4.013375081,67.76915457,34.3
6.784,0.246689213,2.786659158,67.66915457,34.4
6.797,0.249651176,1.525766074,67.46915457,34.6
6.809,0.252190001,0.332006698,67.2334537,34.8
6.822,0.253459414,-0.596879688,66.8334537,35.2
6.835,0.253459414,-1.392719272,66.46915457,35.6
6.847,0.252190001,-2.056732668,66.3643569,35.8
6.86,0.252190001,-3.018575601,66.1643569,36
6.873,0.254728827,-4.279468685,65.7643569,36.4
6.886,0.258960203,-5.705144504,65.32865603,36.8
6.898,0.263191579,-6.998994135,64.92865603,37.2
6.911,0.267422955,-8.192753511,64.72865603,37.4
6.924,0.27165433,-9.320599793,64.42865603,37.7
6.936,0.277155119,-10.31539927,64.22865603,37.9
6.949,0.282655908,-11.21132911,63.92865603,38.2
6.962,0.288579834,-11.9412556,63.72865603,38.4
6.974,0.29450376,-12.50517874,63.62865603,38.5
6.987,0.299581411,-12.87014199,63.52865603,38.6
7,0.304235925,-13.10205843,63.42865603,38.7
7.013,0.307621025,-13.16797153,63.42865603,38.7
7.025,0.310159851,-13.13501498,63.52865603,38.6
7.038,0.311852401,-13.00196818,63.5643569,38.6
7.051,0.312698676,-12.77005173,63.6643569,38.5
7.063,0.313544951,-12.37213194,63.7643569,38.4
7.076,0.312698676,-11.87412189,63.82865603,38.3
7.089,0.311852401,-11.17837257,63.92865603,38.2
7.102,0.310159851,-10.31539927,63.86915457,38.2
7.114,0.307621025,-9.287643246,63.6334537,38.4
7.127,0.303812787,-8.192753511,63.40965312,38.6
7.14,0.299581411,-7.031950682,63.1334537,38.9
7.152,0.296619448,-5.871147853,62.9334537,39.1
7.165,0.29450376,-4.677388477,62.86915457,39.2
7.178,0.294080623,-3.482408487,62.66915457,39.4
7.19,0.293234347,-2.089689215,62.60485544,39.5
7.203,0.294080623,-0.430876339,62.30485544,39.8
7.216,0.296619448,0.99479948,62.00485544,40.1
7.229,0.300427686,2.18977947,61.93484453,40.1
7.241,0.303812787,3.515365035,61.85955923,40.4
7.254,0.303812787,5.207134458,61.43096098,40.9
7.267,0.299158274,7.064907229,60.89046243,41.5
7.279,0.290695522,8.822589747,60.36186418,42.1
7.292,0.278847669,10.38253298,59.92136563,42.6
7.305,0.266153542,11.70933916,59.35706651,43.2
7.317,0.251766864,12.73709519,58.88566476,43.6
7.33,0.238226461,13.49997822,58.39046243,44
7.343,0.224262921,14.06390136,57.85955923,44.4
7.356,0.211568793,14.4947777,57.5643569,44.6
7.368,0.200567216,14.8267844,57.20485544,44.9
7.381,0.188719364,15.12583455,56.86915457,45.2
7.394,0.178987199,15.32479445,56.66915457,45.4
7.406,0.17010131,15.48957718,56.50485544,45.6
7.419,0.162907971,15.58966744,56.30485544,45.8
7.432,0.158253457,15.58966744,56.20485544,45.9
7.445,0.154868357,15.48957718,56.20485544,45.9
7.457,0.154445219,15.29061729,56.30485544,45.8
7.47,0.154445219,14.9598312,56.42865603,45.7
7.483,0.154445219,14.46182116,56.62865603,45.5
7.495,0.155714632,13.79902837,56.82865603,45.3
7.508,0.157407182,12.93605508,57.10485544,45
7.521,0.161638558,11.90829906,57.16915457,44.9
7.533,0.165446796,10.78045277,57.2334537,44.8
7.546,0.170524447,9.652606491,57.0334537,45
7.559,0.175178961,8.524760209,56.70965312,45.3
7.572,0.180256612,7.36395738,56.4334537,45.6
7.584,0.185334263,6.103064296,56.0334537,46
7.597,0.191258189,4.743301571,55.7334537,46.3
7.61,0.197605253,3.283448591,55.2334537,46.8
7.622,0.204798592,1.757682517,54.6334537,47.4
7.635,0.211991931,0.332006698,53.90965312,48.1
7.648,0.215377031,-0.72992649,53.2334537,48.8
7.66,0.217069582,-1.492809527,52.76915457,49.3
7.673,0.217069582,-2.023776121,52.50485544,49.6
7.686,0.217069582,-2.653612356,52.22865603,49.9
7.699,0.220031545,-3.515365035,51.80485544,50.3
7.711,0.226378609,-4.677388477,51.16915457,50.9
7.724,0.233995085,-5.771057599,50.4334537,51.6
7.737,0.242034699,-6.767077692,49.9334537,52.1
7.749,0.249651176,-7.62883037,49.5334537,52.5
7.762,0.25769079,-8.391713407,49.1334537,52.9
7.775,0.264460991,-9.08868335,48.8334537,53.2
7.788,0.27165433,-9.685563038,48.56915457,53.5
7.8,0.278847669,-10.18357308,48.46915457,53.6
7.813,0.285617871,-10.58149288,48.36915457,53.7
7.826,0.291118659,-10.84636587,48.30485544,53.8
7.838,0.295350035,-10.97941267,48.30485544,53.8
7.851,0.298311998,-10.97941267,48.40485544,53.7
7.864,0.299581411,-10.84636587,48.52865603,53.6
7.876,0.300427686,-10.51435917,48.72865603,53.4
7.889,0.300427686,-10.05052628,48.8643569,53.3
7.902,0.300427686,-9.386512888,48.92865603,53.2
7.915,0.299581411,-8.623629851,49.02865603,53.1
7.927,0.297042586,-7.761877172,49.00485544,53.1
7.94,0.294080623,-6.865947333,48.7334537,53.3
7.953,0.290695522,-6.004194655,48.5334537,53.5
7.965,0.287310421,-5.108264816,48.3334537,53.7
7.978,0.284771596,-4.279468685,48.26915457,53.8
7.991,0.283502183,-3.416495393,48.16915457,53.9
8.003,0.283502183,-2.487609007,48.10485544,54
8.016,0.282655908,-1.326806178,47.90485544,54.2
8.029,0.283502183,-0.032956547,47.46915457,54.6
8.042,0.285617871,1.027756028,47.16915457,54.9
8.054,0.289849247,1.890729319,47.00485544,55.1
8.067,0.294080623,2.885528799,46.8643569,55.3
8.08,0.29450376,4.146421883,46.4643569,55.7
8.092,0.290695522,5.572097703,45.9643569,56.2
8.105,0.282655908,6.931860428,45.5643569,56.6
8.118,0.274193156,8.159796964,45.30005777,56.9
8.131,0.266576679,9.121639897,45.10005777,57.1
8.143,0.25938334,9.884522934,45.00005777,57.2
8.156,0.253036277,10.44844608,44.90005777,57.3
8.169,0.247958626,10.81340932,44.8643569,57.3
8.181,0.244573525,11.04532576,44.92865603,57.2
8.194,0.242034699,11.14541602,44.92246752,57.3
8.207,0.240765287,11.17837257,45.02865603,57.1
8.219,0.240765287,11.11123886,45.12865603,57
8.232,0.240765287,10.97941267,45.22865603,56.9
8.245,0.240765287,10.78045277,45.42865603,56.7
8.258,0.240765287,10.51435917,45.52865603,56.6
8.27,0.241188424,10.11643938,45.72865603,56.4
8.283,0.242457837,9.585472784,45.92865603,56.2
8.296,0.24372725,8.922680001,46.12865603,56
8.308,0.245842938,8.159796964,46.32865603,55.8
8.321,0.249228038,7.296823673,46.42865603,55.7
8.334,0.252190001,6.435070994,46.36915457,55.7
8.346,0.255575102,5.506184608,46.26915457,55.8
8.359,0.258960203,4.610254769,46.16915457,55.9
8.372,0.261922166,3.681368384,46.06915457,56
8.385,0.265307267,2.686568903,45.86915457,56.2
8.397,0.269115505,1.691769423,45.76915457,56.3
8.41,0.272500606,0.696969943,45.46915457,56.6
8.423,0.274193156,-0.166003349,45.06915457,57
8.435,0.275039431,-0.895929839,44.66915457,57.4
8.448,0.274193156,-1.492809527,44.30485544,57.8
8.461,0.27165433,-2.023776121,44.12865603,58
8.474,0.26996178,-2.786659158,43.92865603,58.2
8.486,0.271231193,-3.814415185,43.59866694,58.6
8.499,0.276308844,-5.042351722,43.16915457,58.9
8.512,0.281386495,-6.168977391,42.86915457,59.2
8.524,0.286887284,-7.164997484,42.56915457,59.5
8.537,0.291118659,-8.09388387,42.40485544,59.7
8.55,0.297042586,-8.955636548,42.30485544,59.8
8.562,0.304235925,-9.751476133,42.20485544,59.9
8.575,0.313544951,-10.44844608,42.10485544,60
8.588,0.323700254,-11.04532576,42.00485544,60.1
8.601,0.334701831,-11.51037926,42.00485544,60.1
8.613,0.345703408,-11.87412189,41.90485544,60.2
8.626,0.356281848,-12.1402155,41.90485544,60.2
8.639,0.365167737,-12.2732623,41.90485544,60.2
8.651,0.371937938,-12.30621885,41.92865603,60.2
8.664,0.375746177,-12.23908514,41.92865603,60.2
8.677,0.378285002,-12.04012524,42.02246752,60.2
8.689,0.37870814,-11.675162,42.12865603,60
8.702,0.37870814,-11.11123886,42.12865603,60
8.715,0.37870814,-10.41548953,42.22865603,59.9
8.728,0.377438727,-9.619649944,42.20485544,59.9
8.74,0.375746177,-8.756676652,42.06915457,60
8.753,0.373207351,-7.827790266,41.7334537,60.3
8.766,0.368552838,-6.832990786,41.30965312,60.7
8.778,0.363898324,-5.871147853,40.9334537,61.1
8.791,0.360090086,-4.876348373,40.6334537,61.4
8.804,0.35755126,-3.88032828,40.3334537,61.7
8.817,0.356281848,-2.852572252,40.06915457,62
8.829,0.355012435,-1.558722621,39.56915457,62.5
8.842,0.353743022,-0.198959896,38.86915457,63.2
8.855,0.355435573,0.928886386,38.2334537,63.8
8.867,0.359243811,1.757682517,37.86296606,64.3
8.88,0.363475187,2.653612356,37.62865603,64.5
8.893,0.363475187,3.814415185,37.12246752,65.1
8.905,0.357974398,5.108264816,36.40485544,65.7
8.918,0.346972821,6.367937287,35.80485544,66.3
8.931,0.333432418,7.529960729,35.40485544,66.7
8.944,0.31735319,8.524760209,35.10485544,67
8.956,0.299158274,9.386512888,34.90485544,67.2
8.969,0.279693945,10.11643938,34.72865603,67.4
8.982,0.260652753,10.71331907,34.62865603,67.5
8.994,0.243304112,11.17837257,34.62865603,67.5
9.007,0.227648021,11.54333581,34.62865603,67.5
9.02,0.215800169,11.77525225,34.70485544,67.4
9.032,0.207337417,11.90829906,34.70485544,67.4
9.045,0.203106041,11.90829906,34.80485544,67.3
9.058,0.200567216,11.8082088,34.92865603,67.2
9.071,0.199720941,11.57629236,35.12865603,67
9.083,0.199720941,11.21132911,35.32865603,66.8
9.096,0.200567216,10.64740597,35.52865603,66.6
9.109,0.202259766,9.950436029,35.72865603,66.4
9.121,0.205644867,9.021549643,36.02865603,66.1
9.134,0.21029938,7.993793615,36.10485544,66
9.147,0.215800169,6.931860428,36.06915457,66
9.16,0.221300958,5.871147853,35.8334537,66.2
9.172,0.227648021,4.809214666,35.5334537,66.5
9.185,0.233571948,3.715545544,35.1334537,66.9
9.198,0.240765287,2.620655809,34.7334537,67.3
9.21,0.247958626,1.525766074,34.3334537,67.7
9.223,0.254728827,0.463832887,33.7334537,68.3
9.236,0.260652753,-0.463832887,33.0334537,69
9.248,0.264037854,-1.193759376,32.3334537,69.7
9.261,0.265307267,-1.757682517,31.90485544,70.2
9.274,0.264037854,-2.255692564,31.62865603,70.5
9.287,0.266576679,-2.918485347,31.30485544,70.8
9.299,0.273770018,-3.814415185,30.8334537,71.2
9.312,0.284348458,-4.743301571,30.2334537,71.8
9.325,0.29450376,-5.63923141,29.8334537,72.2
9.337,0.3050822,-6.435070994,29.5334537,72.5
9.35,0.315237502,-7.164997484,29.36915457,72.7
9.363,0.328354767,-7.860746814,29.36915457,72.7
9.375,0.342741445,-8.524760209,29.46915457,72.6
9.388,0.357974398,-9.154596445,29.59866694,72.6
9.401,0.375746177,-9.718519585,29.70485544,72.4
9.414,0.393941093,-10.21652963,29.80485544,72.3
9.426,0.411289734,-10.58149288,29.92865603,72.2
9.439,0.4277921,-10.87932241,30.0643569,72.1
9.452,0.441332503,-11.04532576,30.1643569,72
9.464,0.451487805,-11.11123886,30.2643569,71.9
9.477,0.458258006,-11.04532576,30.3643569,71.8
9.49,0.461219969,-10.84636587,30.45816839,71.8
9.503,0.462489382,-10.41548953,30.5643569,71.6
9.515,0.462489382,-9.851566387,30.5643569,71.6
9.528,0.462066244,-9.154596445,30.6643569,71.5
9.541,0.460796832,-8.391713407,30.52865603,71.6
9.553,0.458681144,-7.595873823,30.40485544,71.7
9.566,0.455719181,-6.832990786,30.06915457,72
9.579,0.451487805,-6.070107749,29.7334537,72.3
9.591,0.447256429,-5.340181259,29.4334537,72.6
9.604,0.442601915,-4.610254769,29.16915457,72.9
9.617,0.439216815,-3.88032828,28.96915457,73.1
9.63,0.437524264,-3.151622403,28.66915457,73.4
9.642,0.435408576,-2.354562206,28.36915457,73.7
9.655,0.432869751,-1.392719272,27.86915457,74.2
9.668,0.428215237,-0.299050151,27.0334537,75
9.68,0.426099549,0.530966594,26.3334537,75.7
9.693,0.426945825,1.127846282,25.8334537,76.2
9.706,0.42948465,1.591679168,25.70485544,76.4
9.718,0.430330925,2.155602309,25.52865603,76.6
9.731,0.430330925,2.752481998,25.10485544,77
9.744,0.426099549,3.383538846,24.70485544,77.4
9.757,0.418059935,4.013375081,24.20485544,77.9
9.769,0.406212083,4.577298222,23.76915457,78.3
9.782,0.39436423,5.075308269,23.56915457,78.5
9.795,0.384632066,5.440271514,23.40485544,78.7
9.807,0.376169314,5.705144504,23.40485544,78.7
9.82,0.370668526,5.871147853,23.50485544,78.6
9.833,0.367283425,5.9041044,23.62865603,78.5
9.846,0.365167737,5.838191306,23.72865603,78.4
9.858,0.364744599,5.63923141,23.92865603,78.2
9.871,0.365167737,5.307224712,24.22865603,77.9
9.884,0.366014012,4.743301571,24.42865603,77.7
9.896,0.367706563,4.046331628,24.62865603,77.5
9.909,0.371091663,3.217535497,24.80485544,77.3
9.922,0.374899902,2.321605658,24.90485544,77.2
9.934,0.379554415,1.45985298,24.86915457,77.2
9.947,0.383362653,0.662792783,24.76915457,77.3
9.96,0.386747754,0,24.66915457,77.4
9.973,0.388440304,-0.498010047,24.36915457,77.7
9.985,0.388440304,-0.961842933,24.26915457,77.8
9.998,0.388440304,-1.426896432,24.06915457,78
10.011,0.386747754,-1.923685866,24.10485544,78
10.023,0.387170892,-2.71952545,24.00485544,78.1
10.036,0.39267168,-3.748502091,23.86915457,78.2
10.049,0.402826982,-4.842171213,23.76915457,78.3
10.061,0.412559147,-5.838191306,23.76296606,78.4
10.074,0.422291311,-6.732900532,23.90485544,78.2
10.087,0.432869751,-7.529960729,24.22246752,78
10.1,0.445140741,-8.292843766,24.5643569,77.6
10.112,0.459950556,-9.021549643,24.85816839,77.4
10.125,0.478145473,-9.685563038,25.10005777,77.1
10.138,0.497609802,-10.24948618,25.40005777,76.8
10.15,0.519189818,-10.68036252,25.73575865,76.5
10.163,0.53992356,-11.01236922,26.03575865,76.2
10.176,0.559387889,-11.24428566,26.23575865,76
10.189,0.576313393,-11.41028901,26.43575865,75.8
10.201,0.590700071,-11.51037926,26.53575865,75.7
10.214,0.601701648,-11.54333581,26.70005777,75.5
10.227,0.608894987,-11.51037926,26.80005777,75.4
10.239,0.613126363,-11.34437591,26.8643569,75.3
10.252,0.614395775,-11.04532576,26.9643569,75.2
10.265,0.615665188,-10.58149288,26.9643569,75.2
10.277,0.615242051,-9.984613189,27.0643569,75.1
10.29,0.615242051,-9.287643246,27.02865603,75.1
10.303,0.613126363,-8.524760209,26.90485544,75.2
10.316,0.610587537,-7.728920625,26.76915457,75.3
10.328,0.606779299,-6.898903881,26.5334537,75.5
10.341,0.602124785,-6.103064296,26.1334537,75.9
10.354,0.597047134,-5.307224712,25.8334537,76.2
10.366,0.591969483,-4.544341675,25.4334537,76.6
10.379,0.586468695,-3.748502091,25.16915457,76.9
10.392,0.583506732,-2.952662507,24.76915457,77.3
10.404,0.579698493,-2.023776121,24.26915457,77.8
10.417,0.572505154,-0.862973292,23.4334537,78.6
10.43,0.565734953,0.198959896,22.4334537,79.6
10.443,0.563196127,0.961842933,21.7334537,80.3
10.455,0.56446554,1.492809527,21.3334537,80.7
10.468,0.564042403,2.056732668,21.16915457,80.9
10.481,0.560657302,2.620655809,20.76915457,81.3
10.493,0.550078862,3.283448591,20.26915457,81.8
10.506,0.532730221,3.91450544,19.6334537,82.4
10.519,0.511996479,4.511385128,19.26915457,82.8
10.532,0.48914705,5.042351722,18.96915457,83.1
10.544,0.467143895,5.473228061,18.76915457,83.3
10.557,0.445563878,5.838191306,18.70485544,83.4
10.57,0.426099549,6.136020844,18.70485544,83.4
10.582,0.410020321,6.402114447,18.80485544,83.3
10.595,0.396903056,6.533940636,18.90485544,83.2
10.608,0.388017167,6.63403089,19.00485544,83.1
10.62,0.382939516,6.601074343,19.20485544,82.9
10.633,0.381670103,6.468027541,19.42865603,82.7
10.646,0.381670103,6.203154551,19.62865603,82.5
10.659,0.38209324,5.771057599,19.90485544,82.2
10.671,0.384208928,5.141221363,20.10485544,82
10.684,0.387170892,4.378338326,20.30485544,81.8
10.697,0.393094818,3.549542195,20.36915457,81.7
10.709,0.399865019,2.653612356,20.36915457,81.7
10.722,0.40663522,1.824816225,20.26915457,81.8
10.735,0.413405422,1.027756028,20.1334537,81.9
10.747,0.420598761,0.299050151,19.9334537,82.1
10.76,0.425676412,-0.26487299,19.6334537,82.4
10.773,0.42948465,-0.762883037,19.3334537,82.7
10.786,0.432023476,-1.226715924,19.16915457,82.9
10.798,0.433292888,-1.72472597,19.10485544,83
10.811,0.436677989,-2.354562206,18.86915457,83.2
10.824,0.448525842,-3.151622403,18.66915457,83.4
10.836,0.467143895,-4.113465336,18.5334537,83.5
10.849,0.487877637,-5.008174562,18.46915457,83.6
10.862,0.507341966,-5.871147853,18.56915457,83.5
10.875,0.528075708,-6.63403089,18.90485544,83.2
10.887,0.550078862,-7.36395738,19.2643569,82.9
10.9,0.576313393,-8.09388387,19.70005777,82.5
10.913,0.604240473,-8.7896332,20.03575865,82.2
10.925,0.635129517,-9.453646595,20.45955923,81.8
10.938,0.669826799,-10.05052628,20.93096098,81.4
10.951,0.705370356,-10.58149288,21.29046243,81.1
10.963,0.739221363,-10.94645612,21.5261633,80.9
10.976,0.768840994,-11.21132911,21.88566476,80.6
10.989,0.79422925,-11.41028901,22.12136563,80.4
11.002,0.813270441,-11.4762021,22.25706651,80.3
11.014,0.825964569,-11.44324556,22.35706651,80.2
11.027,0.833157908,-11.24428566,22.42136563,80.1
11.04,0.835696733,-10.91227896,22.36186418,80.1
11.052,0.837389283,-10.38253298,22.4261633,80
11.065,0.836543008,-9.685563038,22.35476156,80
11.078,0.835696733,-8.889723454,22.16574774,80
11.09,0.834004183,-8.026750163,22.00005777,80.2
11.103,0.830195944,-7.164997484,21.70485544,80.4
11.116,0.824695156,-6.302024192,21.46915457,80.6
11.129,0.818348092,-5.506184608,21.1334537,80.9
11.141,0.811154753,-4.710345024,20.8334537,81.2
11.154,0.804807689,-3.947461987,20.4334537,81.6
11.167,0.798460625,-3.151622403,20.0334537,82
11.179,0.791690424,-2.288649111,19.6334537,82.4
11.192,0.780265709,-1.226715924,18.8334537,83.2
11.205,0.765032756,-0.133046802,17.80965312,84.2
11.218,0.754877454,0.662792783,16.90965312,85.1
11.23,0.750222941,1.226715924,16.5334537,85.5
11.243,0.74514529,1.72472597,16.36915457,85.7
11.256,0.732028024,2.321605658,15.96915457,86.1
11.268,0.710448007,2.918485347,15.46915457,86.6
11.281,0.679982101,3.515365035,14.9334537,87.1
11.294,0.643592269,4.079288176,14.6334537,87.4
11.306,0.604240473,4.610254769,14.46915457,87.6
11.319,0.56277299,5.108264816,14.46915457,87.6
11.332,0.519612956,5.60505425,14.56915457,87.5
11.345,0.476452922,6.037151202,14.76915457,87.3
11.357,0.433292888,6.435070994,15.00485544,87.1
11.37,0.39436423,6.800034239,15.30485544,86.8
11.383,0.360936361,7.097863777,15.60485544,86.5
11.395,0.333432418,7.296823673,15.90485544,86.2
11.408,0.314814364,7.429870474,16.20485544,85.9
11.421,0.303812787,7.429870474,16.52865603,85.6
11.433,0.299158274,7.331000833,16.72865603,85.4
11.446,0.298311998,7.097863777,17.02865603,85.1
11.459,0.299158274,6.666987437,17.32865603,84.8
11.472,0.300850824,6.037151202,17.5643569,84.6
11.484,0.306351613,5.207134458,17.72865603,84.4
11.497,0.312698676,4.245291525,17.80485544,84.3
11.51,0.321584566,3.283448591,17.60485544,84.5
11.522,0.332163005,2.388739366,17.3334537,84.7
11.535,0.344433995,1.525766074,17.1334537,84.9
11.548,0.35755126,0.762883037,16.7334537,85.3
11.561,0.371091663,0.100090254,16.3334537,85.7
11.573,0.382939516,-0.430876339,16.0334537,86
11.586,0.39436423,-0.928886386,15.8334537,86.2
11.599,0.405365808,-1.426896432,15.6334537,86.4
11.611,0.415097972,-1.890729319,15.56915457,86.5
11.624,0.431600338,-2.421695913,15.4334537,86.6
11.637,0.459950556,-3.084488695,15.2334537,86.8
11.649,0.498456077,-3.847371732,15.10965312,86.9
11.662,0.537384735,-4.643211317,15.1334537,86.9
11.675,0.578005943,-5.373137807,15.4334537,86.6
11.688,0.619896564,-6.103064296,15.76915457,86.3
11.7,0.663056598,-6.767077692,16.20485544,85.9
11.713,0.709178595,-7.462827022,16.62865603,85.5
11.726,0.758685692,-8.126840417,17.00005777,85.2
11.738,0.810731615,-8.7896332,17.43575865,84.8
11.751,0.864470089,-9.486603142,17.83096098,84.5
11.764,0.919054838,-10.11643938,18.2261633,84.2
11.776,0.971100761,-10.64740597,18.55706651,84
11.789,1.01849217,-11.04532576,18.85226884,83.8
11.802,1.057420828,-11.31019875,19.01177029,83.7
11.815,1.087886735,-11.41028901,19.18317204,83.6
11.827,1.107351064,-11.37733246,19.30697262,83.5
11.84,1.117506366,-11.14541602,19.34267349,83.5
11.853,1.120891466,-10.74749623,19.30697262,83.5
11.865,1.122160879,-10.05052628,19.24747116,83.5
11.878,1.121314604,-9.221730152,19.15226884,83.5
11.891,1.119622054,-8.258666606,18.92136563,83.6
11.904,1.114544402,-7.263867126,18.65476156,83.7
11.916,1.107774201,-6.269067645,18.1643569,84
11.929,1.099311449,-5.373137807,17.86915457,84.2
11.942,1.09042556,-4.478428581,17.5334537,84.5
11.954,1.079423983,-3.615455289,17.1334537,84.9
11.967,1.068845543,-2.71952545,16.7334537,85.3
11.98,1.05192004,-1.691769423,16.1334537,85.9
11.992,1.028224335,-0.530966594,15.10965312,86.9
12.005,1.00452863,0.397919792,14.07395224,87.9
12.018,0.987603127,1.061933188,13.60965312,88.4
12.031,0.970254486,1.558722621,13.5334537,88.5
12.043,0.941904267,2.122645762,13.2334537,88.8
12.056,0.903398747,2.686568903,12.7334537,89.3
12.069,0.853468512,3.250492044,12.2334537,89.8
12.081,0.795075525,3.847371732,12.0334537,90
12.094,0.729912336,4.378338326,12.1334537,89.9
12.107,0.661787185,4.90930492,12.26915457,89.8
12.119,0.589430658,5.473228061,12.56915457,89.5
12.132,0.514535305,6.004194655,12.90485544,89.2
12.145,0.437947402,6.533940636,13.12865603,89
12.158,0.362628912,7.031950682,13.42865603,88.7
12.17,0.289849247,7.529960729,13.7643569,88.4
12.183,0.222993508,7.927880521,14.00005777,88.2
12.196,0.165446796,8.258666606,14.30005777,87.9
12.208,0.116785974,8.524760209,14.53575865,87.7
12.221,0.077857316,8.723720105,14.65955923,87.6
12.234,0.050353373,8.822589747,14.85337072,87.5
12.247,0.033427869,8.7896332,14.93575865,87.3
12.259,0.025811393,8.590673304,15.00005777,87.2
12.272,0.023695705,8.192753511,15.20005777,87
12.285,0.02454198,7.595873823,15.2643569,86.9
12.297,0.027927081,6.767077692,15.3643569,86.8
12.31,0.034274144,5.771057599,15.32246752,86.9
12.323,0.043160034,4.710345024,15.20485544,86.9
12.335,0.053738473,3.748502091,14.96296606,87.2
12.348,0.066855739,2.852572252,14.76915457,87.3
12.361,0.082088692,2.023776121,14.4334537,87.6
12.374,0.101553021,1.260893084,14.0334537,88
12.386,0.123133038,0.596879688,13.50965312,88.5
12.399,0.147675018,0,13.00965312,89
12.412,0.173063273,-0.530966594,12.50965312,89.5
12.424,0.199297803,-0.961842933,12.20965312,89.8
12.437,0.225532334,-1.359762725,12.00965312,90
12.45,0.250920589,-1.691769423,11.9334537,90.1
12.462,0.274193156,-1.989598961,11.9334537,90.1
12.475,0.30677475,-2.388739366,11.7334537,90.3
12.488,0.353743022,-2.819615705,11.50965312,90.5
12.501,0.410866596,-3.316405139,11.30965312,90.7
12.513,0.470528996,-3.814415185,11.3334537,90.7
12.526,0.530614533,-4.312425232,11.52726519,90.6
12.539,0.591123208,-4.809214666,11.76915457,90.3
12.551,0.65036247,-5.274268165,11.96915457,90.1
12.564,0.706639769,-5.705144504,12.30485544,89.8
12.577,0.75910883,-6.070107749,12.60485544,89.5
12.59,0.809462203,-6.435070994,12.82865603,89.3
12.602,0.8555842,-6.732900532,13.1643569,89
12.615,0.894935995,-6.966037588,13.3643569,88.8
12.628,0.927517589,-7.132040937,13.50005777,88.7
12.64,0.951636432,-7.263867126,13.72957014,88.6
12.653,0.966869385,-7.263867126,13.83575865,88.4
12.666,0.974908999,-7.132040937,13.83575865,88.4
12.678,0.977447824,-6.832990786,13.93575865,88.3
12.691,0.977447824,-6.33498074,13.92957014,88.4
12.704,0.976178412,-5.705144504,14.00005777,88.2
12.717,0.971523898,-4.975218014,13.82246752,88.4
12.729,0.965599972,-4.279468685,13.60485544,88.5
12.742,0.956714083,-3.582498742,13.36296606,88.8
12.755,0.946135643,-2.952662507,13.26915457,88.8
12.767,0.934710928,-2.255692564,13.06915457,89
12.78,0.919477975,-1.525766074,12.86915457,89.2
12.793,0.901283059,-0.72992649,12.4334537,89.6
12.805,0.882665005,-0.065913094,12.0334537,90
12.818,0.868278327,0.498010047,11.7334537,90.3
12.831,0.852199099,0.99479948,11.6334537,90.4
12.844,0.830619082,1.525766074,11.66915457,90.4
12.856,0.803961414,2.023776121,11.56915457,90.5
12.869,0.772226095,2.520565554,11.2334537,90.8
12.882,0.733297437,2.952662507,11.1334537,90.9
12.894,0.688444853,3.44945194,11.16915457,90.9
12.907,0.639784031,3.88032828,11.26915457,90.8
12.92,0.590700071,4.345381779,11.50485544,90.6
12.932,0.541192973,4.776258118,11.60485544,90.5
12.945,0.492532151,5.17417791,11.80485544,90.3
12.958,0.445563878,5.539141155,12.02865603,90.1
12.971,0.403673257,5.871147853,12.22865603,89.9
12.983,0.366014012,6.168977391,12.4643569,89.7
12.996,0.334701831,6.402114447,12.5643569,89.6
13.009,0.308890438,6.601074343,12.70005777,89.5
13.021,0.288579834,6.699943985,12.93575865,89.3
13.034,0.275039431,6.767077692,13.03575865,89.2
13.047,0.266576679,6.699943985,13.13575865,89.1
13.06,0.262768441,6.568117796,13.10005777,89.1
13.072,0.261922166,6.33498074,13.20005777,89
13.085,0.261922166,5.937060947,13.30005777,88.9
13.098,0.263191579,5.373137807,13.40005777,88.8
13.11,0.266153542,4.743301571,13.40005777,88.8
13.123,0.271231193,4.079288176,13.4643569,88.7
13.136,0.277155119,3.416495393,13.32865603,88.8
13.148,0.283502183,2.819615705,13.32865603,88.8
13.161,0.290695522,2.288649111,13.20485544,88.9
13.174,0.298311998,1.790639065,13.10485544,89
13.187,0.307621025,1.293849631,13.00485544,89.1
13.199,0.317776327,0.862973292,12.76915457,89.3
13.212,0.328777905,0.463832887,12.56915457,89.5
13.225,0.340625757,0.065913094,12.36915457,89.7
13.237,0.352473609,-0.231916443,12.16915457,89.9
13.25,0.363898324,-0.530966594,11.96915457,90.1
13.263,0.375746177,-0.828796131,11.76296606,90.4
13.275,0.390132855,-1.127846282,11.66915457,90.4
13.288,0.404096395,-1.426896432,11.60485544,90.5
13.301,0.418059935,-1.691769423,11.50485544,90.6
13.314,0.430330925,-1.956642413,11.52865603,90.6
13.326,0.448525842,-2.255692564,11.42865603,90.7
13.339,0.472221546,-2.587699262,11.30485544,90.8
13.352,0.500148627,-2.918485347,11.20485544,90.9
13.364,0.52765257,-3.217535497,11.20485544,90.9
13.377,0.553463963,-3.482408487,11.22865603,90.9
13.39,0.576313393,-3.715545544,11.22865603,90.9
13.403,0.595777722,-3.91450544,11.32246752,90.9
13.415,0.611433812,-4.046331628,11.3643569,90.8
13.428,0.62243539,-4.113465336,11.45816839,90.8
13.441,0.630051866,-4.146421883,11.60005777,90.6
13.453,0.633860104,-4.113465336,11.59386927,90.7
13.466,0.635129517,-3.980418534,11.70005777,90.5
13.479,0.635129517,-3.748502091,11.72957014,90.6
13.491,0.63470638,-3.416495393,11.83575865,90.4
13.504,0.632590692,-3.018575601,11.69386927,90.6
13.517,0.629628729,-2.620655809,11.6643569,90.5
13.53,0.624974215,-2.155602309,11.52246752,90.7
13.542,0.620319702,-1.691769423,11.52865603,90.6
13.555,0.614395775,-1.260893084,11.42865603,90.7
13.568,0.609318124,-0.828796131,11.32865603,90.8
13.58,0.605509886,-0.463832887,11.22865603,90.9
13.593,0.603394198,-0.166003349,11.10485544,91
13.606,0.602124785,0.133046802,11.12865603,91
13.618,0.600432235,0.430876339,11.1643569,91
13.631,0.598316547,0.762883037,11.1643569,91
13.644,0.593662034,1.094889735,11.15816839,91.1
13.657,0.588584383,1.492809527,11.1643569,91
13.669,0.579698493,1.956642413,11.09386927,91.2
13.682,0.566581228,2.45465246,11.10005777,91.1
13.695,0.548386312,2.918485347,11.00005777,91.2
13.707,0.529345121,3.383538846,10.9643569,91.2
13.72,0.511150204,3.748502091,11.00005777,91.2
13.733,0.494647838,4.079288176,11.00005777,91.2
13.746,0.480684298,4.312425232,11.10005777,91.1
13.758,0.470528996,4.478428581,11.20005777,91
13.771,0.462489382,4.577298222,11.23575865,91
13.784,0.458258006,4.577298222,11.33575865,90.9
13.796,0.456142318,4.544341675,11.33575865,90.9
13.809,0.455719181,4.444251421,11.43575865,90.8
13.822,0.455719181,4.245291525,11.53575865,90.7
13.834,0.455719181,3.947461987,11.55337072,90.8
13.847,0.456142318,3.582498742,11.63575865,90.6
13.86,0.458258006,3.117445243,11.62957014,90.7
13.873,0.461219969,2.620655809,11.73575865,90.5
13.885,0.465451345,2.089689215,11.72957014,90.6
13.898,0.469259583,1.558722621,11.73575865,90.5
13.911,0.473490959,1.061933188,11.69386927,90.6
13.923,0.478991748,0.596879688,11.70005777,90.5
13.936,0.483223124,0.166003349,11.65816839,90.6
13.949,0.487877637,-0.166003349,11.5643569,90.6
13.962,0.491685875,-0.498010047,11.45816839,90.8
13.974,0.496340389,-0.795839584,11.3643569,90.8
13.987,0.500994902,-1.127846282,11.3643569,90.8
14,0.506918828,-1.45985298,11.3643569,90.8
14.012,0.513265892,-1.790639065,11.30005777,90.9
14.025,0.523844332,-2.255692564,11.25816839,91
14.038,0.541192973,-2.786659158,11.1643569,91
14.05,0.565311815,-3.316405139,11.12246752,91.1
14.063,0.591969483,-3.847371732,11.1643569,91
14.076,0.619050289,-4.279468685,11.15816839,91.1
14.089,0.645707957,-4.643211317,11.30005777,90.9
14.101,0.670249937,-4.942261467,11.30005777,90.9
14.114,0.691829954,-5.141221363,11.43575865,90.8
14.127,0.708755457,-5.274268165,11.42957014,90.9
14.139,0.72229586,-5.340181259,11.53575865,90.7
14.152,0.731181749,-5.373137807,11.55337072,90.8
14.165,0.736682538,-5.340181259,11.5952601,90.7
14.177,0.738375088,-5.207134458,11.6890716,90.7
14.19,0.739221363,-5.008174562,11.65955923,90.6
14.203,0.739221363,-4.643211317,11.65955923,90.6
14.216,0.737105675,-4.212334977,11.63575865,90.6
14.228,0.735413125,-3.715545544,11.50005777,90.7
14.241,0.730758612,-3.18457895,11.3643569,90.8
14.254,0.725680961,-2.587699262,11.22865603,90.9
14.266,0.718487622,-1.989598961,11.12865603,91
14.279,0.710448007,-1.392719272,10.92865603,91.2
14.292,0.702831531,-0.795839584,10.82865603,91.3
14.304,0.696484467,-0.299050151,10.62865603,91.5
14.317,0.691829954,0.100090254,10.52865603,91.6
14.33,0.688444853,0.430876339,10.52865603,91.6
14.343,0.684636615,0.828796131,10.4643569,91.7
14.355,0.677020138,1.326806178,10.4643569,91.7
14.368,0.663056598,1.857772772,10.40005777,91.8
14.381,0.643169131,2.45465246,10.30005777,91.9
14.393,0.616511463,3.051532148,10.30005777,91.9
14.406,0.585199282,3.648411836,10.1643569,92
14.419,0.553040825,4.17937843,10.20005777,92
14.432,0.519189818,4.677388477,10.33575865,91.9
14.444,0.486608224,5.108264816,10.43575865,91.8
14.457,0.456988593,5.473228061,10.55337072,91.8
14.47,0.430330925,5.771057599,10.6952601,91.6
14.482,0.40663522,6.037151202,10.85476156,91.5
14.495,0.387170892,6.203154551,10.99046243,91.4
14.508,0.371937938,6.33498074,11.0261633,91.4
14.52,0.361359499,6.367937287,11.1261633,91.3
14.533,0.355435573,6.33498074,11.1261633,91.3
14.546,0.352473609,6.203154551,11.19046243,91.2
14.559,0.351627334,6.004194655,11.15476156,91.2
14.571,0.351627334,5.672187957,11.23096098,91.1
14.584,0.352473609,5.207134458,11.1952601,91.1
14.597,0.35416616,4.643211317,11.25955923,91
14.609,0.357974398,3.980418534,11.23575865,91
14.622,0.363475187,3.316405139,11.20005777,91
14.635,0.36982225,2.653612356,11.0643569,91.1
14.647,0.376169314,2.023776121,11.0643569,91.1
14.66,0.384208928,1.426896432,10.9643569,91.2
14.673,0.393094818,0.862973292,10.9643569,91.2
14.686,0.402826982,0.364963245,10.82865603,91.3
14.698,0.413405422,-0.065913094,10.62865603,91.5
14.711,0.423560724,-0.430876339,10.40485544,91.7
14.724,0.433292888,-0.762883037,10.20485544,91.9
14.736,0.444294466,-1.127846282,10.00485544,92.1
14.749,0.457411731,-1.45985298,10.02865603,92.1
14.762,0.469682721,-1.790639065,9.9643569,92.2
14.775,0.486608224,-2.18977947,9.8643569,92.3
14.787,0.511150204,-2.620655809,9.728656027,92.4
14.8,0.543308661,-3.084488695,9.728656027,92.4
14.813,0.57673653,-3.582498742,9.72246752,92.5
14.825,0.611433812,-4.013375081,9.7643569,92.4
14.838,0.645707957,-4.444251421,9.858168393,92.4
14.851,0.678289551,-4.809214666,10.00005777,92.2
14.863,0.707486044,-5.108264816,10.12957014,92.2
14.876,0.7328743,-5.340181259,10.23575865,92
14.889,0.752761766,-5.506184608,10.25337072,92.1
14.902,0.767571582,-5.60505425,10.35955923,91.9
14.914,0.776880609,-5.60505425,10.35337072,92
14.927,0.782804535,-5.572097703,10.4952601,91.8
14.94,0.784497085,-5.406094354,10.4890716,91.9
14.952,0.78534336,-5.141221363,10.4952601,91.8
14.965,0.784497085,-4.776258118,10.4890716,91.9
14.978,0.782804535,-4.345381779,10.45955923,91.8
14.99,0.780265709,-3.88032828,10.30005777,91.9
15.003,0.776034333,-3.416495393,10.1643569,92
15.016,0.771802958,-2.952662507,10.0643569,92.1
15.029,0.765032756,-2.388739366,9.928656027,92.2
15.041,0.757839417,-1.824816225,9.828656027,92.3
15.054,0.748953528,-1.260893084,9.62246752,92.6
15.067,0.739644501,-0.72992649,9.428656027,92.7
15.079,0.732028024,-0.26487299,9.298666937,92.9
15.092,0.726104098,0.133046802,9.104855445,93
15.105,0.721449585,0.463832887,8.998666937,93.2
15.118,0.715948796,0.828796131,8.928656027,93.2
15.13,0.705370356,1.260893084,8.958168393,93.3
15.143,0.689714266,1.72472597,8.8643569,93.3
15.156,0.667711111,2.18977947,8.758168393,93.5
15.168,0.639360893,2.653612356,8.7643569,93.4
15.181,0.606779299,3.117445243,8.6643569,93.5
15.194,0.574197705,3.582498742,8.6643569,93.5
15.206,0.543308661,3.980418534,8.800057773,93.4
15.219,0.514112167,4.345381779,8.835758647,93.4
15.232,0.487877637,4.677388477,8.935758647,93.3
15.245,0.463758795,4.975218014,9.059559229,93.2
15.257,0.444294466,5.207134458,9.159559229,93.1
15.27,0.426945825,5.373137807,9.189071595,93.2
15.283,0.413828559,5.473228061,9.330960976,93
15.295,0.40494267,5.539141155,9.424772468,93
15.308,0.399018744,5.506184608,9.430960976,92.9
15.321,0.396479918,5.440271514,9.389071595,93
15.333,0.395633643,5.241311618,9.495260102,92.8
15.346,0.395210506,4.975218014,9.489071595,92.9
15.359,0.395633643,4.610254769,9.559559229,92.7
15.372,0.396903056,4.113465336,9.535758647,92.7
15.384,0.400288157,3.549542195,9.635758647,92.6
15.397,0.405365808,2.952662507,9.635758647,92.6
15.41,0.410866596,2.354562206,9.600057773,92.6
15.422,0.41721366,1.824816225,9.500057773,92.7
15.435,0.423560724,1.326806178,9.458168393,92.8
15.448,0.430754063,0.862973292,9.4643569,92.7
15.461,0.438793677,0.430876339,9.358168393,92.9
15.473,0.447256429,0.065913094,9.228656027,92.9
15.486,0.455719181,-0.26487299,9.12246752,93.1
15.499,0.46460507,-0.563923141,8.928656027,93.2
15.511,0.473067822,-0.862973292,8.82246752,93.4
15.524,0.482799986,-1.160802829,8.728656027,93.4
15.537,0.495070976,-1.492809527,8.62246752,93.6
15.549,0.508611379,-1.824816225,8.528656027,93.6
15.562,0.528075708,-2.18977947,8.52246752,93.7
15.575,0.554733376,-2.620655809,8.428656027,93.7
15.588,0.58731497,-3.084488695,8.42246752,93.8
15.6,0.621589114,-3.549542195,8.4643569,93.7
15.613,0.657555809,-4.013375081,8.5643569,93.6
15.626,0.693099366,-4.444251421,8.700057773,93.5
15.638,0.727373511,-4.842171213,8.835758647,93.4
15.651,0.758685692,-5.17417791,8.959559229,93.3
15.664,0.786612773,-5.440271514,9.089071595,93.3
15.676,0.808615928,-5.63923141,9.224772468,93.2
15.689,0.825964569,-5.738101051,9.254761558,93.1
15.702,0.838658696,-5.805234759,9.390462431,93
15.715,0.847544585,-5.771057599,9.390462431,93
15.727,0.851352824,-5.672187957,9.390462431,93
15.74,0.853468512,-5.506184608,9.390462431,93
15.753,0.853468512,-5.207134458,9.390462431,93
15.765,0.852199099,-4.809214666,9.354761558,93
15.778,0.850083411,-4.345381779,9.230960976,93.1
15.791,0.847544585,-3.88032828,9.135758647,93.1
15.804,0.842890072,-3.416495393,9.000057773,93.2
15.816,0.837812421,-2.885528799,8.8643569,93.3
15.829,0.830619082,-2.321605658,8.728656027,93.4
15.842,0.820886918,-1.691769423,8.528656027,93.6
15.854,0.80988534,-1.061933188,8.328656027,93.8
15.867,0.798460625,-0.498010047,8.098666937,94.1
15.88,0.789151599,-0.032956547,7.804855445,94.3
15.892,0.781535122,0.364963245,7.704855445,94.4
15.905,0.771802958,0.762883037,7.628656027,94.5
15.918,0.75741628,1.226715924,7.528656027,94.6
15.931,0.735836263,1.691769423,7.4643569,94.7
15.943,0.705370356,2.18977947,7.3643569,94.8
15.956,0.666441699,2.653612356,7.3643569,94.8
15.969,0.621589114,3.151622403,7.300057773,94.9
15.981,0.575467117,3.648411836,7.393869266,94.9
15.994,0.529345121,4.146421883,7.435758647,94.8
16.007,0.484069399,4.643211317,7.653370722,94.7
16.019,0.44006309,5.108264816,7.854761558,94.5
16.032,0.398595606,5.539141155,8.019974797,94.5
16.045,0.360090086,5.937060947,8.257066507,94.3
16.058,0.324969666,6.269067645,8.546080328,94.2
16.07,0.295350035,6.500984088,8.747471165,94
16.083,0.27165433,6.699943985,8.800784113,94.1
16.096,0.255575102,6.767077692,8.978374367,93.9
16.108,0.244996663,6.732900532,8.97218586,94
16.121,0.240765287,6.601074343,9.078374367,93.8
16.134,0.239495874,6.33498074,9.036484986,93.9
16.147,0.239495874,5.970017495,9.10697262,93.7
16.159,0.239919011,5.440271514,9.041282657,93.8
16.172,0.243304112,4.776258118,9.087969709,93.6
16.185,0.248381763,4.046331628,9.010379455,93.7
16.197,0.254728827,3.316405139,8.78566476,93.7
16.21,0.262768441,2.653612356,8.654761558,93.7
16.223,0.271231193,2.023776121,8.435758647,93.8
16.235,0.280963357,1.392719272,8.2643569,93.9
16.248,0.292388072,0.862973292,8.258168393,94
16.261,0.30677475,0.364963245,8.028656027,94.1
16.274,0.323277116,-0.100090254,7.798666937,94.4
16.286,0.340625757,-0.498010047,7.504855445,94.6
16.299,0.359243811,-0.862973292,7.162966064,95
16.312,0.380823828,-1.193759376,6.869154571,95.2
16.324,0.404096395,-1.525766074,6.698666937,95.5
16.337,0.432023476,-1.857772772,6.728656027,95.4
16.35,0.467143895,-2.222736017,6.62246752,95.6
16.362,0.513265892,-2.620655809,6.528656027,95.6
16.375,0.565734953,-3.051532148,6.52246752,95.7
16.388,0.620319702,-3.515365035,6.62246752,95.6
16.401,0.678712689,-4.013375081,6.7643569,95.4
16.413,0.738375088,-4.511385128,6.993869266,95.3
16.426,0.798883763,-5.008174562,7.259559229,95
16.439,0.856853612,-5.473228061,7.524772468,94.9
16.451,0.911015223,-5.871147853,7.826163305,94.6
16.464,0.960522321,-6.203154551,8.115177126,94.5
16.477,1.005798043,-6.468027541,8.316567962,94.3
16.49,1.044303563,-6.666987437,8.505581784,94.3
16.502,1.076038882,-6.832990786,8.683172038,94.1
16.515,1.098888312,-6.898903881,8.836484986,94.1
16.528,1.114544402,-6.898903881,8.91407524,94
16.54,1.122160879,-6.800034239,8.907886733,94.1
16.553,1.12554598,-6.533940636,8.81407524,94.1
16.566,1.12554598,-6.103064296,8.77218586,94.2
16.578,1.123430292,-5.539141155,8.642673493,94.2
16.591,1.119622054,-4.90930492,8.547471165,94.2
16.604,1.114544402,-4.312425232,8.210379455,94.5
16.617,1.107774201,-3.681368384,7.961864178,94.5
16.629,1.100157725,-3.117445243,7.689071595,94.7
16.642,1.090848698,-2.520565554,7.500057773,94.7
16.655,1.078577708,-1.923685866,7.12246752,95.1
16.667,1.061652204,-1.260893084,6.804855445,95.3
16.68,1.041764738,-0.662792783,6.398666937,95.8
16.693,1.021454133,-0.133046802,5.969154571,96.1
16.705,1.000720392,0.332006698,5.562966064,96.6
16.718,0.977447824,0.762883037,5.304855445,96.8
16.731,0.946135643,1.160802829,5.12246752,97.1
16.744,0.905937572,1.558722621,5.028656027,97.1
16.756,0.856853612,1.890729319,4.92246752,97.3
16.769,0.798883763,2.222736017,4.8643569,97.3
16.782,0.735836263,2.520565554,4.858168393,97.4
16.794,0.669826799,2.819615705,4.8643569,97.3
16.807,0.605509886,3.151622403,5.000057773,97.2
16.82,0.543731798,3.482408487,5.000057773,97.2
16.833,0.486608224,3.847371732,5.135758647,97.1
16.845,0.433292888,4.17937843,5.259559229,97
16.858,0.385901479,4.511385128,5.495260102,96.8
16.871,0.344433995,4.776258118,5.630960976,96.7
16.883,0.311852401,5.008174562,5.754761558,96.6
16.896,0.287310421,5.141221363,5.890462431,96.5
16.909,0.27165433,5.17417791,5.990462431,96.4
16.921,0.263191579,5.108264816,5.954761558,96.4
16.934,0.260229616,4.942261467,6.030960976,96.3
16.947,0.25938334,4.610254769,5.995260102,96.3
16.96,0.261499028,4.046331628,6.059559229,96.2
16.972,0.265307267,3.383538846,6.035758647,96.2
16.985,0.272500606,2.653612356,5.993869266,96.3
16.998,0.28223277,1.923685866,5.8643569,96.3
17.01,0.29450376,1.226715924,5.7643569,96.4
17.023,0.309313576,0.629836235,5.6643569,96.5
17.036,0.327508492,0.133046802,5.428656027,96.7
17.048,0.348242234,-0.26487299,5.228656027,96.9
17.061,0.371937938,-0.596879688,4.804855445,97.3
17.074,0.399865019,-0.928886386,4.504855445,97.6
17.087,0.433292888,-1.260893084,4.204855445,97.9
17.099,0.476452922,-1.591679168,4.004855445,98.1
17.112,0.530191396,-1.890729319,3.928656027,98.2
17.125,0.594508309,-2.255692564,3.928656027,98.2
17.137,0.667287974,-2.653612356,4.0643569,98.1
17.15,0.743875877,-3.084488695,4.1643569,98
17.163,0.82215633,-3.615455289,4.400057773,97.8
17.176,0.90466816,-4.17937843,4.753370722,97.6
17.188,0.989718814,-4.743301571,5.130960976,97.2
17.201,1.073923194,-5.340181259,5.555675671,97
17.214,1.156435024,-5.9041044,6.016567962,96.6
17.226,1.235138615,-6.402114447,6.500784113,96.4
17.239,1.311726518,-6.898903881,7.009277569,96
17.252,1.383659907,-7.331000833,7.49349372,95.8
17.264,1.448823096,-7.761877172,7.890086885,95.5
17.277,1.504677257,-8.09388387,8.286203326,95.4
17.29,1.549952979,-8.325800313,8.523295036,95.2
17.303,1.584227123,-8.491803662,8.712308857,95.2
17.315,1.607076553,-8.491803662,8.77799882,95.1
17.328,1.620193818,-8.391713407,8.713699693,95.2
17.341,1.626540882,-8.09388387,8.713699693,95.2
17.353,1.626540882,-7.595873823,8.613699693,95.3
17.366,1.625271469,-6.931860428,8.542297947,95.3
17.379,1.621463231,-6.203154551,8.347095618,95.4
17.391,1.615539305,-5.440271514,8.016192416,95.6
17.404,1.608345966,-4.710345024,7.725787758,95.7
17.417,1.599460076,-4.046331628,7.371083973,95.9
17.43,1.588881637,-3.416495393,7.068779025,96
17.442,1.577033784,-2.819615705,6.678374367,96.2
17.455,1.563070244,-2.18977947,6.152268836,96.5
17.468,1.541490227,-1.492809527,5.584273924,96.9
17.48,1.512293734,-0.762883037,4.900057773,97.3
17.493,1.476750176,-0.166003349,4.062966064,98.1
17.506,1.439090931,0.299050151,3.469154571,98.6
17.519,1.398046585,0.662792783,3.062966064,99.1
17.531,1.347270075,0.99479948,2.904855445,99.2
17.544,1.284645712,1.260893084,2.728656027,99.4
17.557,1.21313546,1.492809527,2.528656027,99.6
17.569,1.133162456,1.72472597,2.428656027,99.7
17.582,1.046842389,1.956642413,2.4643569,99.7
17.595,0.955867808,2.18977947,2.5643569,99.6
17.607,0.865316364,2.421695913,2.693869266,99.6
17.62,0.776880609,2.620655809,2.900057773,99.3
17.633,0.692253091,2.852572252,3.000057773,99.2
17.646,0.614395775,3.084488695,3.200057773,99
17.658,0.543731798,3.350582299,3.32957014,99
17.671,0.481953711,3.582498742,3.535758647,98.7
17.684,0.429061513,3.814415185,3.62957014,98.7
17.696,0.385478341,3.980418534,3.835758647,98.4
17.709,0.352473609,4.113465336,4.02957014,98.3
17.722,0.330893593,4.17937843,4.159559229,98.1
17.734,0.318622603,4.146421883,4.22957014,98.1
17.747,0.313544951,4.013375081,4.335758647,97.9
17.76,0.311852401,3.748502091,4.435758647,97.8
17.773,0.313544951,3.283448591,4.535758647,97.7
17.785,0.31735319,2.686568903,4.635758647,97.6
17.798,0.324969666,2.056732668,4.635758647,97.6
17.811,0.336817519,1.392719272,4.600057773,97.6
17.823,0.351627334,0.828796131,4.358168393,97.9
17.836,0.36982225,0.364963245,4.128656027,98
17.849,0.391825405,0,3.704855445,98.4
17.862,0.41721366,-0.332006698,3.404855445,98.7
17.874,0.447679566,-0.596879688,2.998666937,99.2
17.887,0.486185087,-0.862973292,2.704855445,99.4
17.9,0.534845909,-1.127846282,2.398666937,99.8
17.912,0.599162822,-1.392719272,2.104855445,100
17.925,0.676173863,-1.625856329,2.12246752,100.1
17.938,0.761224518,-1.890729319,2.128656027,100
17.95,0.850083411,-2.18977947,2.358168393,99.9
17.963,0.941057992,-2.520565554,2.500057773,99.7
17.976,1.033725123,-2.918485347,2.82957014,99.5
17.989,1.128507943,-3.316405139,3.135758647,99.1
18.001,1.223290762,-3.748502091,3.495260102,98.8
18.014,1.317650444,-4.245291525,3.954761558,98.4
18.027,1.411586988,-4.743301571,4.361864178,98.1
18.039,1.501292156,-5.274268165,4.916567962,97.7
18.052,1.585496536,-5.838191306,5.383172038,97.4
18.065,1.662084439,-6.367937287,5.873576696,97.1
18.077,1.733171554,-6.832990786,6.240180771,96.9
18.09,1.794103366,-7.230910578,6.594884556,96.7
18.103,1.845303014,-7.529960729,6.961488631,96.5
18.116,1.882962259,-7.694743465,7.15669096,96.4
18.128,1.908773652,-7.761877172,7.216192416,96.4
18.141,1.92316033,-7.661786918,7.251893289,96.4
18.154,1.929507394,-7.396913927,7.251893289,96.4
18.166,1.930353669,-6.931860428,7.251893289,96.4
18.179,1.929084256,-6.269067645,7.192391833,96.4
18.192,1.924429743,-5.572097703,6.997189505,96.5
18.205,1.918082679,-4.876348373,6.730585429,96.6
18.217,1.910043065,-4.17937843,6.340180771,96.8
18.23,1.899887763,-3.549542195,6.01407524,96.9
18.243,1.887616773,-2.918485347,5.587969709,97.1
18.255,1.870691269,-2.222736017,5.061864178,97.4
18.268,1.847418702,-1.525766074,4.435758647,97.8
18.281,1.815260245,-0.862973292,3.804855445,98.3
18.293,1.777177863,-0.26487299,3.069154571,99
18.306,1.731055866,0.198959896,2.469154571,99.6
18.319,1.674778567,0.563923141,1.969154571,100.1
18.332,1.60242204,0.862973292,1.804855445,100.3
18.344,1.517371385,1.094889735,1.628656027,100.5
18.357,1.42004974,1.293849631,1.528656027,100.6
18.37,1.31299593,1.45985298,1.5643569,100.6
18.382,1.197902507,1.658812876,1.5643569,100.6
18.395,1.078577708,1.857772772,1.700057773,100.5
18.408,0.956714083,2.122645762,1.700057773,100.5
18.42,0.837389283,2.388739366,1.800057773,100.4
18.433,0.721026447,2.653612356,1.935758647,100.3
18.446,0.610587537,2.952662507,2.135758647,100.1
18.459,0.506918828,3.250492044,2.259559229,100
18.471,0.411289734,3.615455289,2.359559229,99.9
18.484,0.324969666,3.947461987,2.595260102,99.7
18.497,0.249228038,4.279468685,2.830960976,99.5
18.509,0.18406485,4.577298222,2.990462431,99.4
18.522,0.130749514,4.809214666,3.226163305,99.2
18.535,0.091397719,4.942261467,3.361864178,99.1
18.548,0.066009463,4.975218014,3.461864178,99
18.56,0.052469061,4.90930492,3.526163305,98.9
18.573,0.04739141,4.677388477,3.590462431,98.8
18.586,0.04739141,4.212334977,3.630960976,98.7
18.598,0.049930235,3.582498742,3.695260102,98.6
18.611,0.057123574,2.786659158,3.635758647,98.6
18.624,0.068548289,1.989598961,3.500057773,98.7
18.636,0.085473792,1.293849631,3.3643569,98.8
18.649,0.107476947,0.662792783,3.128656027,99
18.662,0.13498089,0.198959896,2.828656027,99.3
18.675,0.167985622,-0.166003349,2.404855445,99.7
18.687,0.21029938,-0.498010047,1.898666937,100.3
18.7,0.266153542,-0.762883037,1.504855445,100.6
18.713,0.338510069,-0.99479948,1.104855445,101
18.725,0.426099549,-1.160802829,0.804855445,101.3
18.738,0.525536882,-1.293849631,0.728656027,101.4
18.751,0.635129517,-1.45985298,0.728656027,101.4
18.763,0.750222941,-1.625856329,0.728656027,101.4
18.776,0.870817153,-1.857772772,0.8643569,101.3
18.789,0.994796466,-2.089689215,1.0643569,101.1
18.802,1.121314604,-2.421695913,1.300057773,100.9
18.814,1.24994843,-2.71952545,1.635758647,100.6
18.827,1.380697944,-3.084488695,2.059559229,100.2
18.84,1.510178046,-3.482408487,2.530960976,99.8
18.852,1.638388734,-3.980418534,2.919974797,99.6
18.865,1.762368047,-4.544341675,3.480867089,99.1
18.878,1.880423434,-5.207134458,4.041282657,98.8
18.891,1.990862344,-5.838191306,4.51407524,98.4
18.903,2.089453401,-6.402114447,4.962590517,98.2
18.916,2.175773469,-6.898903881,5.471083973,97.8
18.929,2.248553134,-7.263867126,5.819599251,97.7
18.941,2.305676708,-7.495783569,6.05669096,97.5
18.954,2.345028504,-7.595873823,6.251893289,97.4
18.967,2.369993621,-7.595873823,6.287594162,97.4
18.979,2.381418336,-7.396913927,6.323295036,97.4
18.992,2.384803437,-6.966037588,6.287594162,97.4
19.005,2.383534024,-6.33498074,6.251893289,97.4
19.018,2.379725786,-5.572097703,6.05669096,97.5
19.03,2.372532447,-4.842171213,5.790086885,97.6
19.043,2.36322342,-4.113465336,5.399682227,97.8
19.056,2.352221843,-3.44945194,5.037875822,97.9
19.068,2.336565752,-2.786659158,4.587969709,98.1
19.081,2.317101423,-2.122645762,3.990462431,98.4
19.094,2.288751205,-1.426896432,3.1643569,99
19.106,2.251091959,-0.795839584,2.469154571,99.6
19.119,2.201161724,-0.26487299,1.769154571,100.3
19.132,2.138537361,0.166003349,1.169154571,100.9
19.145,2.059410633,0.498010047,0.904855445,101.2
19.157,1.962935263,0.762883037,0.704855445,101.4
19.17,1.849111252,0.928886386,0.628656027,101.5
19.183,1.723439389,1.061933188,0.6643569,101.5
19.195,1.588035362,1.193759376,0.7643569,101.4
19.208,1.44459172,1.293849631,0.7643569,101.4
19.221,1.296916702,1.426896432,0.800057773,101.4
19.234,1.143740896,1.625856329,0.900057773,101.3
19.246,0.989295677,1.857772772,0.900057773,101.3
19.259,0.835273595,2.089689215,1.000057773,101.2
19.272,0.685906027,2.354562206,1.100057773,101.1
19.284,0.543308661,2.620655809,1.335758647,100.9
19.297,0.409597184,2.885528799,1.459559229,100.8
19.31,0.286041008,3.217535497,1.559559229,100.7
19.322,0.175602098,3.549542195,1.795260102,100.5
19.335,0.078280453,3.91450544,1.930960976,100.4
19.348,-0.002961963,4.212334977,2.154761558,100.2
19.361,-0.069817702,4.478428581,2.290462431,100.1
19.373,-0.120171075,4.643211317,2.426163305,100
19.386,-0.152752669,4.710345024,2.526163305,99.9
19.399,-0.17010131,4.643211317,2.526163305,99.9
19.411,-0.176025236,4.378338326,2.590462431,99.8
19.424,-0.176871511,3.91450544,2.630960976,99.7
19.437,-0.172640135,3.250492044,2.559559229,99.7
19.449,-0.163754246,2.45465246,2.435758647,99.8
19.462,-0.14894443,1.691769423,2.300057773,99.9
19.475,-0.127364413,0.99479948,2.1643569,100
19.488,-0.100283608,0.463832887,1.8643569,100.3
19.5,-0.066432601,0.032956547,1.528656027,100.6
19.513,-0.023695705,-0.299050151,1.028656027,101.1
19.526,0.030889044,-0.563923141,0.728656027,101.4
19.538,0.101553021,-0.795839584,0.404855445,101.7
19.551,0.191258189,-0.961842933,0.104855445,102
19.564,0.297042586,-1.094889735,0.028656027,102.1
19.577,0.415944247,-1.160802829,-0.071343973,102.2
19.589,0.543731798,-1.193759376,-0.0356431,102.2
19.602,0.679558964,-1.260893084,-0.0356431,102.2
19.615,0.82046378,-1.392719272,0.0643569,102.1
19.627,0.964330559,-1.558722621,0.100057773,102.1
19.64,1.109043614,-1.757682517,0.200057773,102
19.653,1.252064118,-1.923685866,0.335758647,101.9
19.665,1.391699522,-2.122645762,0.535758647,101.7
19.678,1.528372962,-2.321605658,0.759559229,101.5
19.691,1.660391889,-2.553522102,0.995260102,101.3
19.704,1.786910027,-2.819615705,1.254761558,101.1
19.716,1.906234827,-3.117445243,1.626163305,100.8
19.729,2.016673737,-3.416495393,1.921365633,100.6
19.742,2.114841657,-3.748502091,2.080867089,100.5
19.754,2.199892311,-4.046331628,2.387969709,100.3
19.767,2.268017463,-4.312425232,2.583172038,100.2
19.78,2.319217111,-4.478428581,2.742673493,100.1
19.792,2.350106155,-4.544341675,2.778374367,100.1
19.805,2.366608521,-4.444251421,2.807886733,100.2
19.818,2.371263034,-4.113465336,2.678374367,100.2
19.831,2.369147346,-3.582498742,2.536484986,100.4
19.843,2.361954007,-2.918485347,2.311770291,100.4
19.856,2.348836742,-2.255692564,1.921365633,100.6
19.869,2.328949275,-1.625856329,1.295260102,101
19.881,2.300175919,-1.094889735,0.7643569,101.4
19.894,2.263786087,-0.629836235,0.228656027,101.9
19.907,2.215125265,-0.231916443,-0.171343973,102.3
19.92,2.149538939,0.100090254,-0.471343973,102.6
19.932,2.060680046,0.397919792,-0.6356431,102.8
19.945,1.948548585,0.596879688,-0.7356431,102.9
19.958,1.817375933,0.72992649,-0.799942227,103
19.97,1.67604798,0.795839584,-0.799942227,103
19.983,1.522025898,0.895929839,-0.799942227,103
19.996,1.359541065,0.99479948,-0.764241353,103
20.008,1.189016618,1.094889735,-0.740440771,103
20.021,1.012568244,1.260893084,-0.704739898,103
20.034,0.831465357,1.426896432,-0.704739898,103
20.047,0.64697737,1.591679168,-0.604739898,102.9
20.059,0.462066244,1.72472597,-0.569039024,102.9
20.072,0.281386495,1.857772772,-0.469039024,102.8
20.085,0.108323222,2.089689215,-0.345238442,102.7
20.097,-0.054584749,2.388739366,-0.209537569,102.6
20.11,-0.207337417,2.752481998,-0.038135822,102.5
20.123,-0.346972821,3.18457895,0.115177126,102.5
20.135,-0.470952134,3.582498742,0.280867089,102.3
20.148,-0.575890255,3.947461987,0.452268836,102.2
20.161,-0.661787185,4.245291525,0.611770291,102.1
20.174,-0.727796649,4.444251421,0.747471165,102
20.186,-0.773918645,4.544341675,0.80697262,102
20.199,-0.800999451,4.511385128,0.90697262,101.9
20.212,-0.814116716,4.378338326,0.883172038,101.9
20.224,-0.817501817,4.046331628,0.847471165,101.9
20.237,-0.816232404,3.515365035,0.887969709,101.8
20.25,-0.810308478,2.885528799,0.780867089,101.8
20.263,-0.799306901,2.222736017,0.561864178,101.9
20.275,-0.78365081,1.625856329,0.454761558,101.9
20.288,-0.762917068,1.094889735,0.259559229,102
20.301,-0.734143712,0.662792783,0.100057773,102.1
20.313,-0.698600155,0.299050151,-0.099942227,102.3
20.326,-0.652055021,-0.032956547,-0.2356431,102.4
20.339,-0.592815758,-0.299050151,-0.4356431,102.6
20.351,-0.520882369,-0.530966594,-0.5356431,102.7
20.364,-0.434562301,-0.72992649,-0.6356431,102.8
20.377,-0.337240656,-0.862973292,-0.7356431,102.9
20.39,-0.229340572,-0.961842933,-0.8356431,103
20.402,-0.111708323,-1.027756028,-0.8356431,103
20.415,0.021156879,-1.094889735,-0.799942227,103
20.428,0.170524447,-1.127846282,-0.799942227,103
20.44,0.333432418,-1.160802829,-0.764241353,103
20.453,0.500994902,-1.193759376,-0.699942227,102.9
20.466,0.671096212,-1.260893084,-0.699942227,102.9
20.478,0.840351247,-1.359762725,-0.599942227,102.8
20.491,1.008760006,-1.45985298,-0.599942227,102.8
20.504,1.172091114,-1.591679168,-0.47042986,102.8
20.517,1.331190847,-1.72472597,-0.464241353,102.7
20.529,1.480981552,-1.824816225,-0.364241353,102.6
20.542,1.621463231,-1.923685866,-0.340440771,102.6
20.555,1.74967392,-2.023776121,-0.240440771,102.5
20.567,1.865613618,-2.122645762,-0.140440771,102.4
20.58,1.965474089,-2.222736017,-0.004739898,102.3
20.593,2.048409056,-2.321605658,0.130960976,102.2
20.606,2.113572244,-2.388739366,0.254761558,102.1
20.618,2.15800169,-2.421695913,0.254761558,102.1
20.631,2.183389946,-2.388739366,0.254761558,102.1
20.644,2.192698973,-2.255692564,0.230960976,102.1
20.656,2.19142956,-1.923685866,0.130960976,102.2
20.669,2.180427983,-1.525766074,-0.040440771,102.3
20.682,2.162233066,-1.127846282,-0.264241353,102.5
20.694,2.133036573,-0.762883037,-0.599942227,102.8
20.707,2.095377328,-0.463832887,-0.8356431,103
20.72,2.042485129,-0.166003349,-1.1356431,103.3
20.733,1.971821152,0.100090254,-1.2356431,103.4
20.745,1.875345783,0.332006698,-1.399942227,103.6
20.758,1.749250782,0.498010047,-1.499942227,103.7
20.771,1.600729489,0.596879688,-1.564241353,103.8
20.783,1.441629757,0.629836235,-1.664241353,103.9
20.796,1.27618296,0.72992649,-1.664241353,103.9
20.809,1.104812238,0.795839584,-1.640440771,103.9
20.821,0.928787002,0.895929839,-1.640440771,103.9
20.834,0.748953528,0.99479948,-1.740440771,104
20.847,0.567850641,1.094889735,-1.704739898,104
20.86,0.387170892,1.160802829,-1.704739898,104
20.872,0.209029968,1.193759376,-1.569039024,103.9
20.885,0.034274144,1.226715924,-1.569039024,103.9
20.898,-0.134557752,1.293849631,-1.569039024,103.9
20.91,-0.296619448,1.359762725,-1.469039024,103.8
20.923,-0.448525842,1.492809527,-1.469039024,103.8
20.936,-0.588161245,1.658812876,-1.369039024,103.7
20.949,-0.712140558,1.824816225,-1.345238442,103.7
20.961,-0.81877123,1.989598961,-1.209537569,103.6
20.974,-0.904245022,2.089689215,-1.209537569,103.6
20.987,-0.968138798,2.18977947,-1.173836695,103.6
20.999,-1.008336868,2.18977947,-1.073836695,103.5
21.012,-1.028224335,2.122645762,-1.109537569,103.5
21.025,-1.034994536,1.923685866,-1.045238442,103.4
21.037,-1.032455711,1.625856329,-1.045238442,103.4
21.05,-1.021454133,1.260893084,-1.069039024,103.4
21.063,-0.999027841,0.928886386,-1.104739898,103.4
21.076,-0.966869385,0.662792783,-1.140440771,103.4
21.088,-0.924555626,0.430876339,-1.140440771,103.4
21.101,-0.872509703,0.198959896,-1.140440771,103.4
21.114,-0.810308478,-0.032956547,-1.040440771,103.3
21.126,-0.734143712,-0.299050151,-0.940440771,103.2
21.139,-0.642322856,-0.530966594,-0.940440771,103.2
21.152,-0.534422772,-0.72992649,-0.940440771,103.2
21.164,-0.414251697,-0.828796131,-0.840440771,103.1
21.177,-0.285194733,-0.895929839,-0.840440771,103.1
21.19,-0.14894443,-0.961842933,-0.740440771,103
21.203,0,-0.99479948,-0.740440771,103
21.215,0.162907971,-1.027756028,-0.640440771,102.9
21.228,0.337240656,-1.094889735,-0.540440771,102.8
21.241,0.517920406,-1.127846282,-0.564241353,102.8
21.253,0.699023293,-1.226715924,-0.464241353,102.7
21.266,0.881395592,-1.293849631,-0.364241353,102.6
21.279,1.061652204,-1.392719272,-0.399942227,102.6
21.292,1.239793128,-1.492809527,-0.399942227,102.6
21.304,1.414125814,-1.525766074,-0.399942227,102.6
21.317,1.582957711,-1.558722621,-0.299942227,102.5
21.33,1.745442544,-1.625856329,-0.299942227,102.5
21.342,1.897348937,-1.691769423,-0.299942227,102.5
21.355,2.038676891,-1.824816225,-0.264241353,102.5
21.368,2.167310717,-1.956642413,-0.164241353,102.4
21.38,2.281981003,-2.089689215,-0.140440771,102.4
21.393,2.380148923,-2.222736017,-0.004739898,102.3
21.406,2.461814477,-2.321605658,-0.004739898,102.3
21.419,2.523592565,-2.421695913,0.030960976,102.3
21.431,2.564636911,-2.45465246,0.030960976,102.3
21.444,2.58579379,-2.388739366,0.054761558,102.3
21.457,2.592987129,-2.18977947,0.030960976,102.3
21.469,2.590025166,-1.890729319,-0.069039024,102.4
21.482,2.578177314,-1.525766074,-0.204739898,102.5
21.495,2.557443572,-1.193759376,-0.340440771,102.6
21.507,2.525708253,-0.895929839,-0.464241353,102.7
21.52,2.487202733,-0.629836235,-0.664241353,102.9
21.533,2.439811323,-0.364963245,-0.764241353,103
21.546,2.384803437,-0.100090254,-0.840440771,103.1
21.558,2.31583201,0.133046802,-1.064241353,103.3
21.571,2.230358218,0.332006698,-1.164241353,103.4
21.584,2.121611858,0.498010047,-1.240440771,103.5
21.596,1.995939995,0.596879688,-1.340440771,103.6
21.609,1.859689692,0.629836235,-1.340440771,103.6
21.622,1.722169976,0.662792783,-1.304739898,103.6
21.635,1.582534573,0.662792783,-1.404739898,103.7
21.647,1.440360344,0.662792783,-1.404739898,103.7
21.66,1.298609253,0.72992649,-1.404739898,103.7
21.673,1.156435024,0.762883037,-1.504739898,103.8
21.685,1.01679962,0.828796131,-1.469039024,103.8
21.698,0.881395592,0.895929839,-1.504739898,103.8
21.711,0.752761766,0.961842933,-1.504739898,103.8
21.723,0.632590692,0.99479948,-1.469039024,103.8
21.736,0.523844332,1.027756028,-1.469039024,103.8
21.749,0.4277921,1.027756028,-1.504739898,103.8
21.762,0.344433995,1.027756028,-1.504739898,103.8
21.774,0.277578257,1.061933188,-1.504739898,103.8
21.787,0.227224884,1.027756028,-1.504739898,103.8
21.8,0.193373877,0.99479948,-1.404739898,103.7
21.812,0.175602098,0.961842933,-1.404739898,103.7
21.825,0.17010131,0.895929839,-1.404739898,103.7
21.838,0.173063273,0.72992649,-1.304739898,103.6
21.85,0.186180538,0.596879688,-1.304739898,103.6
21.863,0.210722518,0.430876339,-1.204739898,103.5
21.876,0.248381763,0.26487299,-1.169039024,103.5
21.889,0.298311998,0.032956547,-1.069039024,103.4
21.901,0.362205774,-0.166003349,-0.969039024,103.3
21.914,0.441332503,-0.397919792,-0.869039024,103.2
21.927,0.540346698,-0.596879688,-0.904739898,103.2
21.939,0.660094635,-0.72992649,-0.804739898,103.1
21.952,0.796768075,-0.862973292,-0.704739898,103
21.965,0.942327405,-0.99479948,-0.604739898,102.9
21.978,1.092964386,-1.094889735,-0.540440771,102.8
21.99,1.246140192,-1.193759376,-0.440440771,102.7
22.003,1.402701099,-1.260893084,-0.340440771,102.6
22.016,1.563070244,-1.293849631,-0.240440771,102.5
22.028,1.724708802,-1.326806178,-0.164241353,102.4
22.041,1.88803991,-1.359762725,-0.164241353,102.4
22.054,2.050524743,-1.426896432,-0.064241353,102.3
22.066,2.211317026,-1.558722621,-0.064241353,102.3
22.079,2.368301071,-1.757682517,-0.064241353,102.3
22.092,2.522323152,-2.023776121,5.78E-05,102.2
22.105,2.669151895,-2.321605658,0.035758647,102.2
22.117,2.809210436,-2.587699262,0.035758647,102.2
22.13,2.936997987,-2.819615705,0.159559229,102.1
22.143,3.052514548,-3.018575601,0.195260102,102.1
22.155,3.151951881,-3.117445243,0.195260102,102.1
22.168,3.235733123,-3.18457895,0.330960976,102
22.181,3.300473174,-3.18457895,0.330960976,102
22.193,3.347864583,-3.18457895,0.354761558,102
22.206,3.375791664,-3.084488695,0.254761558,102.1
22.219,3.390178342,-2.918485347,0.254761558,102.1
22.232,3.39398658,-2.620655809,0.254761558,102.1
22.244,3.389755204,-2.255692564,0.154761558,102.2
22.257,3.377907352,-1.857772772,0.030960976,102.3
22.27,3.355904197,-1.525766074,-0.140440771,102.4
22.282,3.324168878,-1.226715924,-0.264241353,102.5
22.295,3.28185512,-0.928886386,-0.464241353,102.7
22.308,3.228539784,-0.629836235,-0.658052846,102.8
22.32,3.158298945,-0.364963245,-0.764241353,103
22.333,3.072825152,-0.100090254,-0.964241353,103.2
22.346,2.964925068,0.133046802,-1.064241353,103.3
22.359,2.837983792,0.299050151,-1.164241353,103.4
22.371,2.694963288,0.430876339,-1.140440771,103.4
22.384,2.547711407,0.530966594,-1.240440771,103.5
22.397,2.394535601,0.662792783,-1.204739898,103.5
22.409,2.237551557,0.762883037,-1.304739898,103.6
22.422,2.076336136,0.828796131,-1.304739898,103.6
22.435,1.912158753,0.862973292,-1.404739898,103.7
22.448,1.747135094,0.828796131,-1.404739898,103.7
22.46,1.582534573,0.862973292,-1.504739898,103.8
22.473,1.418780327,0.862973292,-1.49855139,103.7
22.486,1.257988044,0.895929839,-1.469039024,103.8
22.498,1.100580862,0.928886386,-1.49855139,103.7
22.511,0.949943881,0.99479948,-1.604739898,103.9
22.524,0.808615928,1.061933188,-1.59855139,103.8
22.536,0.676173863,1.094889735,-1.604739898,103.9
22.549,0.557272201,1.127846282,-1.59855139,103.8
22.562,0.453603493,1.160802829,-1.604739898,103.9
22.575,0.366014012,1.160802829,-1.640440771,103.9
22.587,0.295773173,1.160802829,-1.604739898,103.9
22.6,0.245842938,1.160802829,-1.604739898,103.9
22.613,0.214530756,1.127846282,-1.604739898,103.9
22.625,0.200567216,1.094889735,-1.604739898,103.9
22.638,0.197605253,0.961842933,-1.604739898,103.9
22.651,0.204798592,0.795839584,-1.504739898,103.8
22.663,0.221724095,0.629836235,-1.49855139,103.7
22.676,0.248381763,0.498010047,-1.404739898,103.7
22.689,0.283502183,0.364963245,-1.39855139,103.6
22.702,0.325815941,0.166003349,-1.304739898,103.6
22.714,0.376169314,-0.032956547,-1.19855139,103.4
22.727,0.434562301,-0.231916443,-1.204739898,103.5
22.74,0.505649416,-0.430876339,-1.09855139,103.3
22.752,0.589853795,-0.596879688,-1.004739898,103.3
22.765,0.68717544,-0.72992649,-0.99855139,103.2
22.778,0.795498662,-0.828796131,-0.904739898,103.2
22.791,0.911015223,-0.928886386,-0.904739898,103.2
22.803,1.032455711,-0.99479948,-0.804739898,103.1
22.816,1.161935812,-1.061933188,-0.704739898,103
22.829,1.305379454,-1.127846282,-0.740440771,103
22.841,1.459824673,-1.193759376,-0.640440771,102.9
22.854,1.618924405,-1.226715924,-0.540440771,102.8
22.867,1.77590845,-1.226715924,-0.440440771,102.7
22.879,1.932469357,-1.260893084,-0.334252264,102.5
22.892,2.08437575,-1.293849631,-0.264241353,102.5
22.905,2.232050768,-1.359762725,-0.258052846,102.4
22.918,2.372955584,-1.45985298,-0.164241353,102.4
22.93,2.506243924,-1.558722621,-0.164241353,102.4
22.943,2.627684411,-1.658812876,-0.164241353,102.4
22.956,2.736007633,-1.757682517,-0.164241353,102.4
22.968,2.828674765,-1.824816225,-0.164241353,102.4
22.981,2.903993255,-1.890729319,-0.234252264,102.4
22.994,2.960693692,-1.956642413,-0.240440771,102.5
23.007,2.997506662,-1.956642413,-0.240440771,102.5
23.019,3.017817266,-1.890729319,-0.340440771,102.6
23.032,3.022048642,-1.757682517,-0.340440771,102.6
23.045,3.016124716,-1.492809527,-0.304739898,102.6
23.057,2.998776075,-1.260893084,-0.404739898,102.7
23.07,2.971695269,-1.027756028,-0.504739898,102.8
23.083,2.934459161,-0.762883037,-0.604739898,102.9
23.095,2.890452852,-0.498010047,-0.69855139,102.9
23.108,2.833329278,-0.26487299,-0.804739898,103.1
23.121,2.76647354,-0.032956547,-0.869039024,103.2
23.134,2.681846022,0.133046802,-0.969039024,103.3
23.146,2.581562414,0.299050151,-0.969039024,103.3
23.159,2.462660753,0.430876339,-1.069039024,103.4
23.172,2.330218688,0.530966594,-1.069039024,103.4
23.184,2.190160147,0.596879688,-1.169039024,103.5
23.197,2.045023955,0.662792783,-1.269039024,103.6
23.21,1.894810112,0.696969943,-1.269039024,103.6
23.222,1.73740293,0.72992649,-1.245238442,103.6
23.235,1.574071821,0.762883037,-1.345238442,103.7
23.248,1.398046585,0.828796131,-1.345238442,103.7
23.261,1.209327222,0.862973292,-1.369039024,103.7
23.273,1.011721969,0.928886386,-1.469039024,103.8
23.286,0.811154753,0.99479948,-1.439049935,103.7
23.299,0.611433812,1.094889735,-1.469039024,103.8
23.311,0.415097972,1.193759376,-1.569039024,103.9
23.324,0.223839783,1.293849631,-1.569039024,103.9
23.337,0.038928658,1.359762725,-1.569039024,103.9
23.35,-0.138365991,1.359762725,-1.704739898,104
23.362,-0.305928475,1.359762725,-1.669039024,104
23.375,-0.460373694,1.392719272,-1.704739898,104
23.388,-0.600432235,1.426896432,-1.669039024,104
23.4,-0.724411548,1.492809527,-1.669039024,104
23.413,-0.829772807,1.558722621,-1.704739898,104
23.426,-0.914823462,1.591679168,-1.704739898,104
23.438,-0.977870962,1.591679168,-1.704739898,104
23.451,-1.018069033,1.591679168,-1.704739898,104
23.464,-1.037533362,1.558722621,-1.704739898,104
23.477,-1.042611013,1.426896432,-1.669039024,104
23.489,-1.036687087,1.226715924,-1.704739898,104
23.502,-1.019761583,1.027756028,-1.662850517,103.9
23.515,-0.991411365,0.895929839,-1.569039024,103.9
23.527,-0.952482707,0.72992649,-1.569039024,103.9
23.54,-0.904245022,0.530966594,-1.504739898,103.8
23.553,-0.847967723,0.332006698,-1.504739898,103.8
23.565,-0.779842572,0.100090254,-1.404739898,103.7
23.578,-0.698177017,-0.198959896,-1.269039024,103.6
23.591,-0.602124785,-0.463832887,-1.269039024,103.6
23.604,-0.490416463,-0.662792783,-1.169039024,103.5
23.616,-0.366860287,-0.762883037,-1.069039024,103.4
23.629,-0.233995085,-0.828796131,-1.069039024,103.4
23.642,-0.089705168,-0.828796131,-0.969039024,103.3
23.654,0.067278876,-0.862973292,-0.904739898,103.2
23.667,0.233995085,-0.895929839,-0.904739898,103.2
23.68,0.403673257,-0.961842933,-0.804739898,103.1
23.692,0.573774567,-1.027756028,-0.704739898,103
23.705,0.743029602,-1.094889735,-0.740440771,103
23.718,0.910592086,-1.160802829,-0.640440771,102.9
23.731,1.074769469,-1.226715924,-0.540440771,102.8
23.743,1.234292339,-1.293849631,-0.540440771,102.8
23.756,1.387468146,-1.326806178,-0.464241353,102.7
23.769,1.533873751,-1.326806178,-0.364241353,102.6
23.781,1.670547191,-1.359762725,-0.364241353,102.6
23.794,1.795795917,-1.359762725,-0.364241353,102.6
23.807,1.907081102,-1.392719272,-0.264241353,102.5
23.82,2.002287059,-1.392719272,-0.264241353,102.5
23.832,2.080144375,-1.359762725,-0.364241353,102.6
23.845,2.139383637,-1.359762725,-0.340440771,102.6
23.858,2.178312295,-1.326806178,-0.340440771,102.6
23.87,2.197776624,-1.260893084,-0.440440771,102.7
23.883,2.202854275,-1.160802829,-0.39855139,102.6
23.896,2.196507211,-0.961842933,-0.504739898,102.8
23.908,2.179581707,-0.762883037,-0.49855139,102.7
23.921,2.151654627,-0.563923141,-0.604739898,102.9
23.934,2.116534207,-0.364963245,-0.662850517,102.9
23.947,2.071681623,-0.166003349,-0.769039024,103.1
23.959,2.017520012,0,-0.869039024,103.2
23.972,1.951933686,0.166003349,-0.945238442,103.3
23.985,1.87238382,0.26487299,-0.945238442,103.3
23.997,1.777601,0.364963245,-1.045238442,103.4
24.01,1.668854641,0.430876339,-1.045238442,103.4
24.023,1.546144741,0.498010047,-1.145238442,103.5
24.035,1.417510914,0.530966594,-1.145238442,103.5
24.048,1.285915125,0.563923141,-1.245238442,103.6
24.061,1.149241685,0.629836235,-1.245238442,103.6
24.074,1.006644318,0.662792783,-1.245238442,103.6
24.086,0.852622237,0.762883037,-1.245238442,103.6
24.099,0.690560541,0.828796131,-1.339049935,103.6
24.112,0.524267469,0.928886386,-1.345238442,103.7
24.124,0.362205774,0.99479948,-1.345238442,103.7
24.137,0.204375454,1.061933188,-1.409537569,103.8
24.15,0.055007886,1.061933188,-1.409537569,103.8
24.163,-0.085050655,1.061933188,-1.409537569,103.8
24.175,-0.214953894,1.061933188,-1.445238442,103.8
24.188,-0.33300928,1.061933188,-1.445238442,103.8
24.201,-0.437524264,1.061933188,-1.445238442,103.8
24.213,-0.528075708,1.094889735,-1.445238442,103.8
24.226,-0.602547923,1.127846282,-1.445238442,103.8
24.239,-0.660517772,1.127846282,-1.445238442,103.8
24.251,-0.69944643,1.160802829,-1.445238442,103.8
24.264,-0.72060331,1.127846282,-1.469039024,103.8
24.277,-0.727796649,1.061933188,-1.445238442,103.8
24.29,-0.726104098,0.928886386,-1.445238442,103.8
24.302,-0.714256246,0.762883037,-1.445238442,103.8
24.315,-0.693522504,0.629836235,-1.362850517,103.6
24.328,-0.664326011,0.530966594,-1.369039024,103.7
24.34,-0.627089903,0.364963245,-1.269039024,103.6
24.353,-0.583083594,0.231916443,-1.269039024,103.6
24.366,-0.531883946,0.032956547,-1.169039024,103.5
24.378,-0.472221546,-0.166003349,-1.169039024,103.5
24.391,-0.402826982,-0.364963245,-1.069039024,103.4
24.404,-0.32073829,-0.530966594,-1.069039024,103.4
24.417,-0.228071159,-0.629836235,-0.969039024,103.3
24.429,-0.125248726,-0.662792783,-0.969039024,103.3
24.442,-0.016925503,-0.696969943,-0.869039024,103.2
24.455,0.098591058,-0.72992649,-0.869039024,103.2
24.467,0.226378609,-0.762883037,-0.769039024,103.1
24.48,0.36643715,-0.828796131,-0.669039024,103
24.493,0.513265892,-0.928886386,-0.569039024,102.9
24.506,0.660094635,-0.99479948,-0.569039024,102.9
24.518,0.802692001,-1.094889735,-0.469039024,102.8
24.531,0.942327405,-1.160802829,-0.404739898,102.7
24.544,1.074769469,-1.193759376,-0.404739898,102.7
24.556,1.200018195,-1.226715924,-0.304739898,102.6
24.569,1.316381031,-1.226715924,-0.340440771,102.6
24.582,1.422165428,-1.260893084,-0.240440771,102.5
24.594,1.515678834,-1.260893084,-0.240440771,102.5
24.607,1.596074976,-1.260893084,-0.240440771,102.5
24.62,1.662084439,-1.260893084,-0.240440771,102.5
24.633,1.714976638,-1.226715924,-0.240440771,102.5
24.645,1.752635883,-1.226715924,-0.240440771,102.5
24.658,1.774639037,-1.193759376,-0.340440771,102.6
24.671,1.784794339,-1.160802829,-0.340440771,102.6
24.683,1.784794339,-1.027756028,-0.340440771,102.6
24.696,1.777177863,-0.862973292,-0.404739898,102.7
24.709,1.760252359,-0.662792783,-0.404739898,102.7
24.721,1.735710379,-0.530966594,-0.469039024,102.8
24.734,1.701859372,-0.332006698,-0.569039024,102.9
24.747,1.660815026,-0.133046802,-0.669039024,103
24.76,1.609192241,0.032956547,-0.769039024,103.1
24.772,1.546567878,0.166003349,-0.769039024,103.1
24.785,1.471249388,0.26487299,-0.869039024,103.2
24.798,1.38323677,0.364963245,-0.869039024,103.2
24.81,1.280414336,0.430876339,-0.945238442,103.3
24.823,1.168282876,0.463832887,-0.945238442,103.3
24.836,1.050227489,0.530966594,-1.045238442,103.4
24.849,0.930479552,0.596879688,-1.045238442,103.4
24.861,0.810731615,0.662792783,-1.045238442,103.4
24.874,0.689291128,0.72992649,-1.045238442,103.4
24.887,0.568273778,0.795839584,-1.045238442,103.4
24.899,0.448948979,0.862973292,-1.145238442,103.5
24.912,0.33131673,0.928886386,-1.145238442,103.5
24.925,0.217915857,0.961842933,-1.145238442,103.5
24.937,0.108323222,0.961842933,-1.145238442,103.5
24.95,0.005500789,0.961842933,-1.145238442,103.5
24.963,-0.090974581,0.961842933,-1.245238442,103.6
24.976,-0.179833474,0.928886386,-1.245238442,103.6
24.988,-0.260652753,0.928886386,-1.245238442,103.6
25.001,-0.331739868,0.928886386,-1.245238442,103.6
25.014,-0.391402267,0.961842933,-1.245238442,103.6
25.026,-0.440486227,0.961842933,-1.245238442,103.6
25.039,-0.477299197,0.961842933,-1.245238442,103.6
25.052,-0.50141804,0.961842933,-1.245238442,103.6
25.064,-0.51368903,0.928886386,-1.245238442,103.6
25.077,-0.518343543,0.862973292,-1.245238442,103.6
25.09,-0.51538158,0.762883037,-1.145238442,103.5
25.103,-0.505649416,0.629836235,-1.162850517,103.4
25.115,-0.487877637,0.498010047,-1.169039024,103.5
25.128,-0.460373694,0.397919792,-1.145238442,103.5
25.141,-0.426099549,0.26487299,-1.045238442,103.4
25.153,-0.385055204,0.133046802,-1.069039024,103.4
25.166,-0.337240656,-0.032956547,-0.969039024,103.3
25.179,-0.281386495,-0.198959896,-0.969039024,103.3
25.192,-0.216223307,-0.364963245,-0.869039024,103.2
25.204,-0.139212266,-0.498010047,-0.869039024,103.2
25.217,-0.049507098,-0.596879688,-0.769039024,103.1
25.23,0.048660822,-0.662792783,-0.769039024,103.1
25.242,0.154445219,-0.696969943,-0.669039024,103
25.255,0.263191579,-0.72992649,-0.569039024,102.9
25.268,0.374476764,-0.762883037,-0.569039024,102.9
25.28,0.487454499,-0.828796131,-0.469039024,102.8
25.293,0.602124785,-0.895929839,-0.369039024,102.7
25.306,0.717641346,-0.961842933,-0.369039024,102.7
25.319,0.833157908,-1.027756028,-0.269039024,102.6
25.331,0.946981918,-1.094889735,-0.269039024,102.6
25.344,1.059959654,-1.127846282,-0.204739898,102.5
25.357,1.170398564,-1.160802829,-0.204739898,102.5
25.369,1.277875511,-1.193759376,-0.104739898,102.4
25.382,1.380697944,-1.226715924,-0.140440771,102.4
25.395,1.478019589,-1.226715924,-0.140440771,102.4
25.407,1.568571033,-1.260893084,-0.140440771,102.4
25.42,1.651929137,-1.293849631,-0.140440771,102.4
25.433,1.72513194,-1.326806178,-0.140440771,102.4
25.446,1.78817944,-1.359762725,-0.164241353,102.4
25.458,1.840648501,-1.392719272,-0.164241353,102.4
25.471,1.880846571,-1.392719272,-0.140440771,102.4
25.484,1.909619927,-1.359762725,-0.140440771,102.4
25.496,1.925699156,-1.326806178,-0.240440771,102.5
25.509,1.932892494,-1.260893084,-0.240440771,102.5
25.522,1.931623082,-1.127846282,-0.240440771,102.5
25.535,1.925699156,-0.99479948,-0.304739898,102.6
25.547,1.913428166,-0.828796131,-0.304739898,102.6
25.56,1.895233249,-0.696969943,-0.369039024,102.7
25.573,1.871960682,-0.530966594,-0.369039024,102.7
25.585,1.843187326,-0.364963245,-0.469039024,102.8
25.598,1.809759457,-0.198959896,-0.569039024,102.9
25.611,1.770830799,-0.065913094,-0.569039024,102.9
25.623,1.727247628,0.065913094,-0.645238442,103
25.636,1.676471117,0.166003349,-0.745238442,103.1
25.649,1.620616956,0.231916443,-0.745238442,103.1
25.662,1.557146318,0.332006698,-0.769039024,103.1
25.674,1.489444304,0.397919792,-0.845238442,103.2
25.687,1.416241502,0.430876339,-0.869039024,103.2
25.7,1.339653598,0.463832887,-0.845238442,103.2
25.712,1.26221942,0.498010047,-0.845238442,103.2
25.725,1.188170342,0.530966594,-0.845238442,103.2
25.738,1.117506366,0.530966594,-0.969039024,103.3
25.75,1.051496902,0.563923141,-0.969039024,103.3
25.763,0.988449402,0.596879688,-0.969039024,103.3
25.776,0.932172103,0.596879688,-0.969039024,103.3
25.789,0.880549317,0.596879688,-0.969039024,103.3
25.801,0.836543008,0.629836235,-0.945238442,103.3
25.814,0.800153176,0.629836235,-0.945238442,103.3
25.827,0.771802958,0.629836235,-0.945238442,103.3
25.839,0.751069216,0.629836235,-0.969039024,103.3
25.852,0.737105675,0.629836235,-0.945238442,103.3
25.865,0.730758612,0.629836235,-0.945238442,103.3
25.878,0.728642924,0.563923141,-0.845238442,103.2
25.89,0.732028024,0.430876339,-0.845238442,103.2
25.903,0.739644501,0.299050151,-0.845238442,103.2
25.916,0.754031179,0.198959896,-0.869039024,103.2
25.928,0.774341783,0.100090254,-0.745238442,103.1
25.941,0.800153176,-0.032956547,-0.745238442,103.1
25.954,0.830619082,-0.166003349,-0.645238442,103
25.966,0.867008914,-0.332006698,-0.669039024,103
25.979,0.909322673,-0.463832887,-0.569039024,102.9
25.992,0.959252908,-0.596879688,-0.545238442,102.9
26.005,1.017645895,-0.72992649,-0.445238442,102.8
26.017,1.085347909,-0.795839584,-0.369039024,102.7
26.03,1.159820124,-0.862973292,-0.369039024,102.7
26.043,1.242755091,-0.928886386,-0.269039024,102.6
26.055,1.333306535,-0.961842933,-0.269039024,102.6
26.068,1.426396804,-1.027756028,-0.169039024,102.5
26.081,1.521179623,-1.061933188,-0.204739898,102.5
26.093,1.615539305,-1.127846282,-0.104739898,102.4
26.106,1.709475849,-1.193759376,-0.104739898,102.4
26.119,1.802566118,-1.293849631,-0.004739898,102.3
26.132,1.892694424,-1.392719272,-0.040440771,102.3
26.144,1.980283904,-1.492809527,0.035758647,102.2
26.157,2.065334559,-1.558722621,0.035758647,102.2
26.17,2.145307563,-1.591679168,0.035758647,102.2
26.182,2.21935664,-1.625856329,-0.099942227,102.3
26.195,2.285366104,-1.658812876,-0.099942227,102.3
26.208,2.343335953,-1.658812876,-0.099942227,102.3
26.221,2.392419913,-1.691769423,-0.064241353,102.3
26.233,2.433887397,-1.691769423,-0.064241353,102.3
26.246,2.465199578,-1.691769423,-0.164241353,102.4
26.259,2.486779595,-1.691769423,-0.140440771,102.4
26.271,2.499050585,-1.658812876,-0.140440771,102.4
26.284,2.503705098,-1.591679168,-0.240440771,102.5
26.297,2.503705098,-1.45985298,-0.240440771,102.5
26.309,2.499050585,-1.293849631,-0.240440771,102.5
26.322,2.489318421,-1.127846282,-0.304739898,102.6
26.335,2.47366233,-0.99479948,-0.304739898,102.6
26.348,2.454621138,-0.862973292,-0.369039024,102.7
26.36,2.430925434,-0.696969943,-0.369039024,102.7
26.373,2.403421491,-0.530966594,-0.469039024,102.8
26.386,2.371263034,-0.364963245,-0.569039024,102.9
26.398,2.334873202,-0.198959896,-0.569039024,102.9
26.411,2.293828856,-0.065913094,-0.669039024,103
26.424,2.247706859,0.065913094,-0.769039024,103.1
26.436,2.196507211,0.166003349,-0.769039024,103.1
26.449,2.140653049,0.26487299,-0.745238442,103.1
26.462,2.08099065,0.332006698,-0.845238442,103.2
26.475,2.017520012,0.397919792,-0.845238442,103.2
26.487,1.951087411,0.430876339,-0.845238442,103.2
26.5,1.881692847,0.463832887,-0.969039024,103.3
26.513,1.813567695,0.498010047,-0.969039024,103.3
26.525,1.746711956,0.530966594,-0.945238442,103.3
26.538,1.682818181,0.563923141,-0.945238442,103.3
26.551,1.621886369,0.596879688,-0.945238442,103.3
26.564,1.56560907,0.596879688,-0.945238442,103.3
26.576,1.513140009,0.596879688,-0.945238442,103.3
26.589,1.467018012,0.596879688,-0.945238442,103.3
26.602,1.427243079,0.596879688,-0.969039024,103.3
26.614,1.394661485,0.596879688,-0.969039024,103.3
26.627,1.370119505,0.596879688,-0.969039024,103.3
26.64,1.352770864,0.563923141,-0.945238442,103.3
26.652,1.343038699,0.530966594,-0.945238442,103.3
26.665,1.338807323,0.498010047,-0.945238442,103.3
26.678,1.340076736,0.430876339,-0.969039024,103.3
26.691,1.345577525,0.299050151,-0.869039024,103.2
26.703,1.355732827,0.198959896,-0.869039024,103.2
26.716,1.371388917,0.100090254,-0.869039024,103.2
26.729,1.392122659,-0.032956547,-0.769039024,103.1
26.741,1.416664639,-0.133046802,-0.769039024,103.1
26.754,1.445437995,-0.26487299,-0.669039024,103
26.767,1.478019589,-0.397919792,-0.669039024,103
26.779,1.514832559,-0.498010047,-0.569039024,102.9
26.792,1.555876905,-0.596879688,-0.569039024,102.9
26.805,1.601998902,-0.696969943,-0.469039024,102.8
26.818,1.651929137,-0.762883037,-0.469039024,102.8
26.83,1.706937023,-0.828796131,-0.369039024,102.7
26.843,1.76533001,-0.895929839,-0.369039024,102.7
26.856,1.826261823,-0.961842933,-0.269039024,102.6
26.868,1.890155598,-0.99479948,-0.304739898,102.6
26.881,1.954472511,-1.061933188,-0.204739898,102.5
26.894,2.017943149,-1.094889735,-0.169039024,102.5
26.907,2.077182411,-1.127846282,-0.169039024,102.5
26.919,2.133036573,-1.193759376,-0.204739898,102.5
26.932,2.182966808,-1.226715924,-0.104739898,102.4
26.945,2.229088805,-1.260893084,-0.104739898,102.4
26.957,2.268017463,-1.293849631,-0.104739898,102.4
26.97,2.301022195,-1.326806178,-0.104739898,102.4
26.983,2.32641045,-1.359762725,-0.104739898,102.4
26.995,2.343759091,-1.359762725,-0.104739898,102.4
27.008,2.354760668,-1.359762725,-0.104739898,102.4
27.021,2.360261457,-1.326806178,-0.104739898,102.4
27.034,2.360684594,-1.226715924,-0.204739898,102.5
27.046,2.356876356,-1.127846282,-0.204739898,102.5
27.059,2.35095243,-0.99479948,-0.204739898,102.5
27.072,2.339950853,-0.862973292,-0.204739898,102.5
27.084,2.32641045,-0.762883037,-0.269039024,102.6
27.097,2.308638671,-0.629836235,-0.269039024,102.6
27.11,2.288751205,-0.498010047,-0.369039024,102.7
27.122,2.264632362,-0.364963245,-0.369039024,102.7
27.135,2.238820969,-0.231916443,-0.445238442,102.8
27.148,2.208355063,-0.100090254,-0.445238442,102.8
27.161,2.174927194,0,-0.569039024,102.9
27.173,2.136844811,0.100090254,-0.569039024,102.9
27.186,2.095377328,0.198959896,-0.645238442,103
27.199,2.049678468,0.26487299,-0.645238442,103
27.211,2.000594508,0.332006698,-0.645238442,103
27.224,1.94770231,0.397919792,-0.745238442,103.1
27.237,1.891848149,0.430876339,-0.745238442,103.1
27.25,1.832185749,0.463832887,-0.745238442,103.1
27.262,1.769138249,0.498010047,-0.769039024,103.1
27.275,1.706937023,0.530966594,-0.745238442,103.1
27.288,1.645158936,0.563923141,-0.845238442,103.2
27.3,1.588035362,0.563923141,-0.845238442,103.2
27.313,1.533027475,0.596879688,-0.845238442,103.2
27.326,1.482250965,0.629836235,-0.845238442,103.2
27.338,1.435705831,0.629836235,-0.845238442,103.2
27.351,1.395930897,0.662792783,-0.845238442,103.2
27.364,1.362503028,0.662792783,-0.845238442,103.2
27.377,1.336268498,0.629836235,-0.845238442,103.2
27.389,1.317650444,0.629836235,-0.845238442,103.2
27.402,1.307072004,0.629836235,-0.845238442,103.2
27.415,1.301994353,0.596879688,-0.845238442,103.2
27.427,1.301148078,0.530966594,-0.845238442,103.2
27.44,1.305379454,0.397919792,-0.845238442,103.2
27.453,1.313842206,0.299050151,-0.845238442,103.2
27.465,1.328652021,0.198959896,-0.745238442,103.1
27.478,1.349385763,0.065913094,-0.769039024,103.1
27.491,1.376043431,-0.065913094,-0.669039024,103
27.504,1.406509337,-0.198959896,-0.669039024,103
27.516,1.443322307,-0.364963245,-0.569039024,102.9
27.529,1.485636066,-0.498010047,-0.469039024,102.8
27.542,1.535566301,-0.629836235,-0.469039024,102.8
27.554,1.59353615,-0.72992649,-0.369039024,102.7
27.567,1.660391889,-0.795839584,-0.369039024,102.7
27.58,1.734440966,-0.862973292,-0.269039024,102.6
27.593,1.817375933,-0.961842933,-0.169039024,102.5
27.605,1.905811689,-0.99479948,-0.169039024,102.5
27.618,1.997209408,-1.061933188,-0.104739898,102.4
27.631,2.087337714,-1.127846282,-0.09855139,102.3
27.643,2.175773469,-1.226715924,-0.004739898,102.3
27.656,2.262093537,-1.359762725,-0.040440771,102.3
27.669,2.344605366,-1.492809527,0.059559229,102.2
27.681,2.423732095,-1.625856329,0.041947154,102.1
27.694,2.496934897,-1.72472597,0.035758647,102.2
27.707,2.564636911,-1.790639065,0.006246281,102.1
27.72,2.624299311,-1.857772772,5.78E-05,102.2
27.732,2.675498959,-1.890729319,-0.093753719,102.2
27.745,2.716543304,-1.923685866,-0.064241353,102.3
27.758,2.747432348,-1.923685866,-0.058052846,102.2
27.77,2.76647354,-1.890729319,-0.164241353,102.4
27.783,2.777475117,-1.824816225,-0.134252264,102.3
27.796,2.780013942,-1.72472597,-0.140440771,102.4
27.808,2.777475117,-1.591679168,-0.240440771,102.5
27.821,2.769012365,-1.392719272,-0.19855139,102.4
27.834,2.755471962,-1.226715924,-0.304739898,102.6
27.847,2.735161358,-1.061933188,-0.262850517,102.5
27.859,2.711042516,-0.895929839,-0.369039024,102.7
27.872,2.681846022,-0.696969943,-0.362850517,102.6
27.885,2.64714874,-0.498010047,-0.469039024,102.8
27.897,2.608220082,-0.299050151,-0.562850517,102.8
27.91,2.563367498,-0.133046802,-0.669039024,103
27.923,2.511744713,0.032956547,-0.762850517,103
27.936,2.452928588,0.133046802,-0.769039024,103.1
27.948,2.387342262,0.26487299,-0.862850517,103.1
27.961,2.313293185,0.332006698,-0.869039024,103.2
27.974,2.232050768,0.430876339,-0.862850517,103.1
27.986,2.1457307,0.498010047,-0.969039024,103.3
27.999,2.058987495,0.530966594,-0.969039024,103.3
28.012,1.97393684,0.563923141,-0.969039024,103.3
28.024,1.890578736,0.596879688,-0.969039024,103.3
28.037,1.810182594,0.596879688,-1.069039024,103.4
28.05,1.732325279,0.629836235,-1.045238442,103.4
28.063,1.659122476,0.629836235,-1.039049935,103.3
28.075,1.589727912,0.629836235,-1.045238442,103.4
28.088,1.528372962,0.662792783,-1.062850517,103.3
28.101,1.473365076,0.662792783,-1.069039024,103.4
28.113,1.427243079,0.696969943,-1.062850517,103.3
28.126,1.389583834,0.662792783,-1.069039024,103.4
28.139,1.362503028,0.662792783,-1.062850517,103.3
28.151,1.344308112,0.662792783,-1.069039024,103.4
28.164,1.334575947,0.629836235,-1.069039024,103.4
28.177,1.330344572,0.563923141,-1.069039024,103.4
28.19,1.332037122,0.463832887,-1.069039024,103.4
28.202,1.338807323,0.364963245,-1.069039024,103.4
28.215,1.351924588,0.231916443,-0.969039024,103.3
28.228,1.371388917,0.133046802,-0.969039024,103.3
28.24,1.396777173,0,-0.869039024,103.2
28.253,1.427243079,-0.133046802,-0.862850517,103.1
28.266,1.461517223,-0.299050151,-0.769039024,103.1
28.279,1.501715294,-0.430876339,-0.769039024,103.1
28.291,1.546567878,-0.563923141,-0.669039024,103
28.304,1.599460076,-0.662792783,-0.645238442,103
28.317,1.657853063,-0.762883037,-0.509537569,102.9
28.329,1.723862527,-0.828796131,-0.503349062,102.8
28.342,1.794526504,-0.862973292,-0.409537569,102.8
28.355,1.869844994,-0.928886386,-0.303349062,102.6
28.367,1.948971723,-0.961842933,-0.309537569,102.7
28.38,2.028944727,-0.99479948,-0.209537569,102.6
28.393,2.106378905,-1.061933188,-0.209537569,102.6
28.406,2.18085112,-1.094889735,-0.109537569,102.5
28.418,2.251515097,-1.160802829,-0.109537569,102.5
28.431,2.319640248,-1.226715924,-0.109537569,102.5
28.444,2.382264611,-1.293849631,-0.045238442,102.4
28.456,2.43854191,-1.359762725,-0.045238442,102.4
28.469,2.488049008,-1.392719272,-0.045238442,102.4
28.482,2.528670216,-1.426896432,-0.045238442,102.4
28.494,2.562521223,-1.45985298,-0.045238442,102.4
28.507,2.586640065,-1.45985298,-0.045238442,102.4
28.52,2.603565569,-1.45985298,-0.045238442,102.4
28.533,2.611182045,-1.45985298,-0.145238442,102.5
28.545,2.614567146,-1.392719272,-0.145238442,102.5
28.558,2.612028321,-1.260893084,-0.139049935,102.4
28.571,2.607373807,-1.127846282,-0.169039024,102.5
28.583,2.59637223,-0.99479948,-0.29855139,102.5
28.596,2.582831827,-0.862973292,-0.269039024,102.6
28.609,2.565060049,-0.72992649,-0.362850517,102.6
28.622,2.543903169,-0.596879688,-0.369039024,102.7
28.634,2.519784327,-0.463832887,-0.462850517,102.7
28.647,2.493126659,-0.299050151,-0.445238442,102.8
28.66,2.46308389,-0.166003349,-0.539049935,102.8
28.672,2.430079158,-0.065913094,-0.545238442,102.9
28.685,2.394958739,0.032956547,-0.639049935,102.9
28.698,2.356876356,0.100090254,-0.645238442,103
28.71,2.31583201,0.198959896,-0.639049935,102.9
28.723,2.273095114,0.26487299,-0.769039024,103.1
28.736,2.22824253,0.332006698,-0.762850517,103
28.749,2.182120533,0.364963245,-0.762850517,103
28.761,2.136844811,0.397919792,-0.762850517,103
28.774,2.088607126,0.430876339,-0.762850517,103
28.787,2.042061992,0.463832887,-0.745238442,103.1
28.799,1.995939995,0.498010047,-0.839049935,103.1
28.812,1.953626236,0.498010047,-0.845238442,103.2
28.825,1.915966991,0.498010047,-0.839049935,103.1
28.837,1.882115984,0.498010047,-0.845238442,103.2
28.85,1.852919491,0.498010047,-0.839049935,103.1
28.863,1.829646923,0.498010047,-0.845238442,103.2
28.876,1.81102887,0.498010047,-0.839049935,103.1
28.888,1.797911604,0.498010047,-0.845238442,103.2
28.901,1.789448853,0.463832887,-0.839049935,103.1
28.914,1.785640614,0.463832887,-0.845238442,103.2
28.926,1.784794339,0.397919792,-0.739049935,103
28.939,1.786063752,0.332006698,-0.745238442,103.1
28.952,1.791564541,0.231916443,-0.739049935,103
28.965,1.799181017,0.133046802,-0.745238442,103.1
28.977,1.812298282,0.032956547,-0.639049935,102.9
28.99,1.828377511,-0.065913094,-0.645238442,103
29.003,1.848688115,-0.166003349,-0.639049935,102.9
29.015,1.87238382,-0.26487299,-0.539049935,102.8
29.028,1.9003109,-0.397919792,-0.539049935,102.8
29.041,1.932892494,-0.530966594,-0.462850517,102.7
29.053,1.97055174,-0.629836235,-0.345238442,102.7
29.066,2.012865498,-0.696969943,-0.339049935,102.6
29.079,2.059410633,-0.762883037,-0.269039024,102.6
29.092,2.111879694,-0.862973292,-0.262850517,102.5
29.104,2.16858013,-0.928886386,-0.269039024,102.6
29.117,2.229511943,-0.99479948,-0.162850517,102.4
29.13,2.293828856,-1.094889735,-0.169039024,102.5
29.142,2.362800282,-1.160802829,-0.09855139,102.3
29.155,2.430079158,-1.260893084,-0.104739898,102.4
29.168,2.49651176,-1.359762725,0.00144861,102.2
29.18,2.557443572,-1.45985298,-0.004739898,102.3
29.193,2.614990284,-1.591679168,-0.034252264,102.2
29.206,2.669151895,-1.691769423,0.059559229,102.2
29.219,2.718235855,-1.757682517,0.035758647,102.2
29.231,2.761819026,-1.857772772,0.041947154,102.1
29.244,2.799478271,-1.890729319,0.041947154,102.1
29.257,2.830790453,-1.923685866,-0.058052846,102.2
29.269,2.85406302,-1.956642413,-0.064241353,102.3
29.282,2.871411661,-1.956642413,-0.058052846,102.2
29.295,2.881143826,-1.923685866,-0.040440771,102.3
29.308,2.886644614,-1.857772772,-0.134252264,102.3
29.32,2.886644614,-1.72472597,-0.140440771,102.4
29.333,2.884528926,-1.591679168,-0.134252264,102.3
29.346,2.878605,-1.45985298,-0.204739898,102.5
29.358,2.869719111,-1.326806178,-0.19855139,102.4
29.371,2.857448121,-1.226715924,-0.19855139,102.4
29.384,2.842215168,-1.094889735,-0.262850517,102.5
29.396,2.826135939,-0.961842933,-0.269039024,102.6
29.409,2.80667161,-0.862973292,-0.362850517,102.6
29.422,2.785937869,-0.72992649,-0.362850517,102.6
29.435,2.762665301,-0.596879688,-0.369039024,102.7
29.447,2.737700184,-0.463832887,-0.439049935,102.7
29.46,2.710619378,-0.332006698,-0.545238442,102.9
29.473,2.682692298,-0.198959896,-0.562850517,102.8
29.485,2.650110703,-0.100090254,-0.569039024,102.9
29.498,2.617952247,0,-0.662850517,102.9
29.511,2.581562414,0.065913094,-0.662850517,102.9
29.523,2.545172582,0.133046802,-0.662850517,102.9
29.536,2.507513337,0.198959896,-0.769039024,103.1
29.549,2.469854092,0.231916443,-0.762850517,103
29.562,2.430925434,0.299050151,-0.762850517,103
29.574,2.393689326,0.332006698,-0.762850517,103
29.587,2.356030081,0.364963245,-0.769039024,103.1
29.6,2.319640248,0.397919792,-0.739049935,103
29.612,2.286212379,0.430876339,-0.745238442,103.1
29.625,2.254900198,0.430876339,-0.739049935,103
29.638,2.22824253,0.463832887,-0.839049935,103.1
29.651,2.2053931,0.463832887,-0.839049935,103.1
29.663,2.187198184,0.463832887,-0.739049935,103
29.676,2.173234644,0.463832887,-0.862850517,103.1
29.689,2.163925617,0.463832887,-0.762850517,103
29.701,2.157578553,0.463832887,-0.739049935,103
29.714,2.15630914,0.430876339,-0.762850517,103
29.727,2.15630914,0.364963245,-0.739049935,103
29.739,2.158847966,0.26487299,-0.739049935,103
29.752,2.164771892,0.166003349,-0.739049935,103
29.765,2.174504056,0.065913094,-0.639049935,102.9
29.778,2.186775046,0,-0.639049935,102.9
29.79,2.202854275,-0.100090254,-0.639049935,102.9
29.803,2.220626053,-0.231916443,-0.539049935,102.8
29.816,2.241359795,-0.332006698,-0.562850517,102.8
29.828,2.264632362,-0.430876339,-0.439049935,102.7
29.841,2.290443755,-0.563923141,-0.439049935,102.7
29.854,2.319217111,-0.662792783,-0.339049935,102.6
29.866,2.351798705,-0.762883037,-0.362850517,102.6
29.879,2.386495987,-0.862973292,-0.362850517,102.6
29.892,2.425001507,-0.961842933,-0.269039024,102.6
29.905,2.467738404,-1.027756028,-0.262850517,102.5
29.917,2.512590988,-1.094889735,-0.162850517,102.4
29.93,2.560828673,-1.193759376,-0.162850517,102.4
29.943,2.609912633,-1.293849631,-0.162850517,102.4
29.955,2.662381693,-1.392719272,-0.062850517,102.3
29.968,2.715697029,-1.525766074,-0.062850517,102.3
29.981,2.76985864,-1.625856329,0.037149483,102.2
29.994,2.818519463,-1.757682517,0.00144861,102.2
30.006,2.863795184,-1.857772772,0.00144861,102.2
30.019,2.903993255,-1.989598961,0.065747736,102.1
30.032,2.939536812,-2.023776121,0.065747736,102.1
30.044,2.970425856,-2.056732668,-0.034252264,102.2
30.057,2.994967836,-2.089689215,-0.034252264,102.2
30.07,3.013162752,-2.089689215,-0.034252264,102.2
30.082,3.026703155,-2.056732668,-0.040440771,102.3
30.095,3.034319632,-2.023776121,-0.034252264,102.2
30.108,3.037281595,-1.956642413,-0.104739898,102.4
30.121,3.037704732,-1.857772772,-0.09855139,102.3
30.133,3.035165907,-1.691769423,-0.104739898,102.4
30.146,3.030511394,-1.558722621,-0.09855139,102.3
30.159,3.021625504,-1.45985298,-0.19855139,102.4
30.171,3.010623927,-1.326806178,-0.19855139,102.4
30.184,2.995390974,-1.193759376,-0.162850517,102.4
30.197,2.979311746,-1.061933188,-0.262850517,102.5
30.209,2.958578004,-0.928886386,-0.262850517,102.5
30.222,2.935728574,-0.795839584,-0.339049935,102.6
30.235,2.911186594,-0.629836235,-0.362850517,102.6
30.248,2.884105789,-0.498010047,-0.462850517,102.7
30.26,2.85406302,-0.364963245,-0.462850517,102.7
30.273,2.822327701,-0.231916443,-0.562850517,102.8
30.286,2.787630419,-0.133046802,-0.562850517,102.8
30.298,2.749971174,-0.032956547,-0.662850517,102.9
30.311,2.711888791,0.032956547,-0.662850517,102.9
30.324,2.670421308,0.133046802,-0.762850517,103
30.337,2.628107549,0.166003349,-0.762850517,103
30.349,2.584524377,0.231916443,-0.762850517,103
30.362,2.539671793,0.299050151,-0.762850517,103
30.375,2.492280384,0.364963245,-0.762850517,103
30.387,2.446581524,0.397919792,-0.762850517,103
30.4,2.40172894,0.430876339,-0.862850517,103.1
30.413,2.360684594,0.463832887,-0.839049935,103.1
30.425,2.323871624,0.498010047,-0.839049935,103.1
30.438,2.290443755,0.530966594,-0.839049935,103.1
30.451,2.262093537,0.563923141,-0.839049935,103.1
30.464,2.238820969,0.563923141,-0.839049935,103.1
30.476,2.219779778,0.563923141,-0.839049935,103.1
30.489,2.2053931,0.563923141,-0.839049935,103.1
30.502,2.196507211,0.563923141,-0.839049935,103.1
30.514,2.190160147,0.530966594,-0.839049935,103.1
30.527,2.188044459,0.530966594,-0.839049935,103.1
30.54,2.186775046,0.498010047,-0.839049935,103.1
30.552,2.187198184,0.430876339,-0.839049935,103.1
30.565,2.188890734,0.332006698,-0.739049935,103
30.578,2.193968385,0.26487299,-0.739049935,103
30.591,2.199892311,0.198959896,-0.739049935,103
30.603,2.207508788,0.133046802,-0.739049935,103
30.616,2.217240953,0.065913094,-0.739049935,103
30.629,2.229088805,0,-0.639049935,102.9
30.641,2.242629208,-0.100090254,-0.639049935,102.9
30.654,2.257439023,-0.166003349,-0.639049935,102.9
30.667,2.274364527,-0.26487299,-0.539049935,102.8
30.68,2.291713168,-0.332006698,-0.539049935,102.8
30.692,2.311177497,-0.430876339,-0.539049935,102.8
30.705,2.330218688,-0.530966594,-0.439049935,102.7
30.718,2.35095243,-0.596879688,-0.439049935,102.7
30.73,2.371263034,-0.662792783,-0.439049935,102.7
30.743,2.392419913,-0.72992649,-0.339049935,102.6
30.756,2.412730517,-0.762883037,-0.339049935,102.6
30.768,2.433887397,-0.828796131,-0.339049935,102.6
30.781,2.454198001,-0.862973292,-0.339049935,102.6
30.794,2.474931743,-0.895929839,-0.339049935,102.6
30.807,2.494396072,-0.928886386,-0.239049935,102.5
30.819,2.512590988,-0.961842933,-0.239049935,102.5
30.832,2.529939629,-0.99479948,-0.239049935,102.5
30.845,2.544326307,-0.99479948,-0.239049935,102.5
30.857,2.557443572,-1.027756028,-0.239049935,102.5
30.87,2.565906324,-1.027756028,-0.239049935,102.5
30.883,2.572253387,-1.027756028,-0.239049935,102.5
30.895,2.574369075,-0.99479948,-0.239049935,102.5
30.908,2.575638488,-0.928886386,-0.239049935,102.5
30.921,2.573099663,-0.828796131,-0.239049935,102.5
30.934,2.568868287,-0.72992649,-0.239049935,102.5
30.946,2.56125181,-0.629836235,-0.239049935,102.5
30.959,2.551096508,-0.563923141,-0.339049935,102.6
30.972,2.537132968,-0.463832887,-0.339049935,102.6
30.984,2.522323152,-0.364963245,-0.339049935,102.6
30.997,2.503705098,-0.26487299,-0.439049935,102.7
31.01,2.483394494,-0.133046802,-0.403349062,102.7
31.023,2.46139134,-0.032956547,-0.503349062,102.8
31.035,2.43684936,0.032956547,-0.503349062,102.8
31.048,2.410191692,0.133046802,-0.503349062,102.8
31.061,2.380995198,0.231916443,-0.603349062,102.9
31.073,2.349683017,0.299050151,-0.603349062,102.9
31.086,2.316678285,0.364963245,-0.603349062,102.9
31.099,2.281557866,0.430876339,-0.639049935,102.9
31.111,2.243052345,0.498010047,-0.703349062,103
31.124,2.204969963,0.596879688,-0.703349062,103
31.137,2.163502479,0.662792783,-0.703349062,103
31.15,2.116534207,0.696969943,-0.803349062,103.1
31.162,2.067450247,0.72992649,-0.803349062,103.1
31.175,2.020481975,0.72992649,-0.803349062,103.1
31.188,1.975629391,0.72992649,-0.803349062,103.1
31.2,1.934161907,0.762883037,-0.803349062,103.1
31.213,1.894810112,0.762883037,-0.803349062,103.1
31.226,1.858420279,0.762883037,-0.939049935,103.2
31.238,1.825838685,0.72992649,-0.939049935,103.2
31.251,1.79875788,0.72992649,-0.903349062,103.2
31.264,1.776331588,0.72992649,-0.939049935,103.2
31.277,1.759406084,0.72992649,-0.939049935,103.2
31.289,1.747135094,0.696969943,-0.939049935,103.2
31.302,1.74078803,0.696969943,-0.939049935,103.2
31.315,1.73740293,0.662792783,-0.839049935,103.1
31.327,1.736979792,0.563923141,-0.839049935,103.1
31.34,1.739941755,0.463832887,-0.839049935,103.1
31.353,1.745865681,0.364963245,-0.839049935,103.1
31.366,1.757713534,0.26487299,-0.839049935,103.1
31.378,1.772523349,0.166003349,-0.739049935,103
31.391,1.791987678,0.065913094,-0.739049935,103
31.404,1.815260245,-0.032956547,-0.639049935,102.9
31.416,1.843187326,-0.166003349,-0.639049935,102.9
31.429,1.875345783,-0.299050151,-0.539049935,102.8
31.442,1.912158753,-0.430876339,-0.539049935,102.8
31.454,1.953203099,-0.563923141,-0.439049935,102.7
31.467,2.000594508,-0.662792783,-0.439049935,102.7
31.48,2.052217294,-0.72992649,-0.339049935,102.6
31.493,2.110187143,-0.795839584,-0.339049935,102.6
31.505,2.172388368,-0.862973292,-0.239049935,102.5
31.518,2.240090382,-0.928886386,-0.269039024,102.6
31.531,2.31413946,-1.027756028,-0.162850517,102.4
31.543,2.389881088,-1.094889735,-0.062850517,102.3
31.556,2.466468991,-1.160802829,-0.062850517,102.3
31.569,2.540518069,-1.260893084,-0.062850517,102.3
31.581,2.612451458,-1.359762725,0.037149483,102.2
31.594,2.681846022,-1.45985298,0.00144861,102.2
31.607,2.749548036,-1.525766074,0.00144861,102.2
31.62,2.810479849,-1.625856329,0.10144861,102.1
31.632,2.86633401,-1.72472597,0.065747736,102.1
31.645,2.914571695,-1.824816225,0.065747736,102.1
31.658,2.954769766,-1.890729319,0.065747736,102.1
31.67,2.985235672,-1.956642413,0.065747736,102.1
31.683,3.007238826,-1.956642413,-0.034252264,102.2
31.696,3.021625504,-1.956642413,-0.034252264,102.2
31.708,3.02754943,-1.923685866,-0.040440771,102.3
31.721,3.030088256,-1.824816225,-0.134252264,102.3
31.734,3.02585688,-1.658812876,-0.09855139,102.3
31.747,3.019509816,-1.492809527,-0.09855139,102.3
31.759,3.008508239,-1.326806178,-0.19855139,102.4
31.772,2.993698423,-1.193759376,-0.162850517,102.4
31.785,2.974657232,-1.061933188,-0.262850517,102.5
31.797,2.95392349,-0.895929839,-0.262850517,102.5
31.81,2.928535235,-0.762883037,-0.362850517,102.6
31.823,2.900185017,-0.596879688,-0.362850517,102.6
31.836,2.868449698,-0.430876339,-0.462850517,102.7
31.848,2.833752416,-0.26487299,-0.539049935,102.8
31.861,2.795670033,-0.133046802,-0.539049935,102.8
31.874,2.752086862,0,-0.639049935,102.9
31.886,2.704695452,0.100090254,-0.639049935,102.9
31.899,2.653495804,0.166003349,-0.739049935,103
31.912,2.601449881,0.231916443,-0.739049935,103
31.924,2.54559572,0.299050151,-0.739049935,103
31.937,2.488472145,0.364963245,-0.739049935,103
31.95,2.428809746,0.397919792,-0.839049935,103.1
31.963,2.371263034,0.430876339,-0.839049935,103.1
31.975,2.316678285,0.463832887,-0.839049935,103.1
31.988,2.26674805,0.530966594,-0.839049935,103.1
32.001,2.220626053,0.563923141,-0.839049935,103.1
32.013,2.178735432,0.563923141,-0.839049935,103.1
32.026,2.143191875,0.596879688,-0.839049935,103.1
32.039,2.113572244,0.596879688,-0.939049935,103.2
32.051,2.090722814,0.596879688,-0.939049935,103.2
32.064,2.073797311,0.596879688,-0.939049935,103.2
32.077,2.064065146,0.563923141,-0.803349062,103.1
32.09,2.058987495,0.530966594,-0.839049935,103.1
32.102,2.05814122,0.463832887,-0.839049935,103.1
32.115,2.059410633,0.364963245,-0.839049935,103.1
32.128,2.066603972,0.26487299,-0.839049935,103.1
32.14,2.077605549,0.166003349,-0.739049935,103
32.153,2.094531052,0.065913094,-0.739049935,103
32.166,2.113572244,-0.065913094,-0.739049935,103
32.179,2.137267949,-0.198959896,-0.639049935,102.9
32.191,2.163925617,-0.332006698,-0.539049935,102.8
32.204,2.195237798,-0.463832887,-0.539049935,102.8
32.217,2.229511943,-0.563923141,-0.439049935,102.7
32.229,2.2684406,-0.696969943,-0.439049935,102.7
32.242,2.312870047,-0.762883037,-0.339049935,102.6
32.255,2.360684594,-0.862973292,-0.339049935,102.6
32.267,2.414423068,-0.928886386,-0.339049935,102.6
32.28,2.472392917,-1.027756028,-0.239049935,102.5
32.293,2.534594142,-1.094889735,-0.262850517,102.5
32.306,2.601449881,-1.193759376,-0.139049935,102.4
32.318,2.672960133,-1.293849631,-0.139049935,102.4
32.331,2.742354697,-1.392719272,-0.062850517,102.3
32.344,2.811749261,-1.525766074,-0.062850517,102.3
32.356,2.87691245,-1.625856329,0.037149483,102.2
32.369,2.939113675,-1.790639065,0.00144861,102.2
32.382,2.995390974,-1.956642413,0.10144861,102.1
32.395,3.04870631,-2.089689215,0.10144861,102.1
32.407,3.094828307,-2.18977947,0.065747736,102.1
32.42,3.137142065,-2.255692564,0.065747736,102.1
32.433,3.169723659,-2.255692564,0.065747736,102.1
32.445,3.194688777,-2.255692564,-0.034252264,102.2
32.458,3.21161428,-2.255692564,-0.034252264,102.2
32.471,3.22219272,-2.18977947,-0.034252264,102.2
32.483,3.226000958,-2.122645762,-0.034252264,102.2
32.496,3.226000958,-1.956642413,-0.09855139,102.3
32.509,3.22219272,-1.757682517,-0.09855139,102.3
32.522,3.212883693,-1.591679168,-0.062850517,102.3
32.534,3.200189566,-1.426896432,-0.162850517,102.4
32.547,3.181148374,-1.260893084,-0.262850517,102.5
32.56,3.15914522,-1.094889735,-0.262850517,102.5
32.572,3.132064414,-0.895929839,-0.362850517,102.6
32.585,3.100752233,-0.72992649,-0.462850517,102.7
32.598,3.065208676,-0.530966594,-0.462850517,102.7
32.61,3.02585688,-0.364963245,-0.562850517,102.8
32.623,2.980581158,-0.198959896,-0.662850517,102.9
32.636,2.929804648,-0.065913094,-0.662850517,102.9
32.649,2.873527349,0.065913094,-0.762850517,103
32.661,2.811326124,0.166003349,-0.762850517,103
32.674,2.743200972,0.231916443,-0.85666201,103
32.687,2.66830562,0.332006698,-0.839049935,103.1
32.699,2.588755753,0.397919792,-0.832861428,103
32.712,2.50878275,0.463832887,-0.939049935,103.2
32.725,2.430925434,0.498010047,-0.932861428,103.1
32.738,2.354337531,0.563923141,-0.939049935,103.2
32.75,2.27901904,0.629836235,-0.932861428,103.1
32.763,2.204969963,0.662792783,-1.039049935,103.3
32.776,2.134305986,0.696969943,-1.032861428,103.2
32.788,2.066180834,0.72992649,-1.039049935,103.3
32.801,2.003556471,0.762883037,-1.039049935,103.3
32.814,1.94600976,0.762883037,-1.139049935,103.4
32.826,1.896079524,0.795839584,-1.139049935,103.4
32.839,1.851650078,0.795839584,-1.139049935,103.4
32.852,1.815260245,0.762883037,-1.139049935,103.4
32.865,1.787333165,0.762883037,-1.139049935,103.4
32.877,1.766599423,0.762883037,-1.139049935,103.4
32.89,1.754328433,0.762883037,-1.132861428,103.3
32.903,1.747981369,0.72992649,-1.139049935,103.4
32.915,1.746711956,0.662792783,-1.132861428,103.3
32.928,1.747981369,0.530966594,-1.039049935,103.3
32.941,1.755174708,0.397919792,-1.039049935,103.3
32.953,1.766599423,0.299050151,-1.039049935,103.3
32.966,1.784794339,0.198959896,-0.939049935,103.2
32.979,1.806797494,0.065913094,-0.939049935,103.2
32.992,1.833455162,-0.032956547,-0.839049935,103.1
33.004,1.863921068,-0.166003349,-0.839049935,103.1
33.017,1.899041488,-0.332006698,-0.739049935,103
33.03,1.938816421,-0.463832887,-0.739049935,103
33.042,1.983669005,-0.596879688,-0.662850517,102.9
33.055,2.034022378,-0.696969943,-0.662850517,102.9
33.068,2.089453401,-0.762883037,-0.562850517,102.8
33.08,2.150385214,-0.828796131,-0.562850517,102.8
33.093,2.215125265,-0.895929839,-0.462850517,102.7
33.106,2.286212379,-0.961842933,-0.462850517,102.7
33.119,2.359415182,-0.99479948,-0.362850517,102.6
33.131,2.436003085,-1.061933188,-0.362850517,102.6
33.144,2.509205887,-1.127846282,-0.262850517,102.5
33.157,2.581562414,-1.193759376,-0.262850517,102.5
33.169,2.649687566,-1.260893084,-0.19855139,102.4
33.182,2.715273892,-1.326806178,-0.19855139,102.4
33.195,2.776205704,-1.392719272,-0.19855139,102.4
33.208,2.832059866,-1.45985298,-0.09855139,102.3
33.22,2.880720688,-1.492809527,-0.09855139,102.3
33.233,2.920918759,-1.558722621,-0.09855139,102.3
33.246,2.953500353,-1.591679168,-0.09855139,102.3
33.258,2.975503507,-1.625856329,-0.09855139,102.3
33.271,2.989890185,-1.591679168,-0.09855139,102.3
33.284,2.994967836,-1.558722621,-0.19855139,102.4
33.296,2.995390974,-1.45985298,-0.162850517,102.4
33.309,2.989890185,-1.293849631,-0.19855139,102.4
33.322,2.980581158,-1.127846282,-0.262850517,102.5
33.335,2.96450193,-0.99479948,-0.262850517,102.5
33.347,2.944191326,-0.828796131,-0.362850517,102.6
33.36,2.918803071,-0.662792783,-0.362850517,102.6
33.373,2.889606577,-0.463832887,-0.462850517,102.7
33.385,2.854486158,-0.299050151,-0.562850517,102.8
33.398,2.814288087,-0.133046802,-0.562850517,102.8
33.411,2.767742952,0,-0.662850517,102.9
33.423,2.714427616,0.100090254,-0.739049935,103
33.436,2.654765217,0.231916443,-0.739049935,103
33.449,2.587063203,0.299050151,-0.739049935,103
33.462,2.512590988,0.397919792,-0.839049935,103.1
33.474,2.427540333,0.463832887,-0.839049935,103.1
33.487,2.335296339,0.498010047,-0.839049935,103.1
33.5,2.239244107,0.563923141,-0.939049935,103.2
33.512,2.145307563,0.629836235,-0.939049935,103.2
33.525,2.049255331,0.662792783,-1.039049935,103.3
33.538,1.955741924,0.72992649,-1.039049935,103.3
33.551,1.862228518,0.795839584,-1.039049935,103.3
33.563,1.772100212,0.862973292,-1.139049935,103.4
33.576,1.684510731,0.928886386,-1.103349062,103.4
33.589,1.601152627,0.928886386,-1.103349062,103.4
33.601,1.523295311,0.961842933,-1.239049935,103.5
33.614,1.453054472,0.961842933,-1.239049935,103.5
33.627,1.390853246,0.961842933,-1.239049935,103.5
33.639,1.338384186,0.961842933,-1.239049935,103.5
33.652,1.295647289,0.928886386,-1.239049935,103.5
33.665,1.263065695,0.928886386,-1.239049935,103.5
33.678,1.240216266,0.928886386,-1.239049935,103.5
33.69,1.227945276,0.895929839,-1.239049935,103.5
33.703,1.223290762,0.828796131,-1.239049935,103.5
33.716,1.224137037,0.696969943,-1.239049935,103.5
33.728,1.231330376,0.563923141,-1.139049935,103.4
33.741,1.245293917,0.430876339,-1.139049935,103.4
33.754,1.267720209,0.299050151,-1.139049935,103.4
33.766,1.296070427,0.166003349,-1.039049935,103.3
33.779,1.330344572,0.032956547,-1.039049935,103.3
33.792,1.370119505,-0.133046802,-0.962850517,103.2
33.805,1.414972089,-0.332006698,-0.862850517,103.1
33.817,1.463632911,-0.498010047,-0.862850517,103.1
33.83,1.520756485,-0.629836235,-0.762850517,103
33.843,1.583803986,-0.72992649,-0.762850517,103
33.855,1.653621687,-0.795839584,-0.662850517,102.9
33.868,1.731902141,-0.862973292,-0.662850517,102.9
33.881,1.816529658,-0.928886386,-0.562850517,102.8
33.894,1.905811689,-0.961842933,-0.462850517,102.7
33.906,1.995939995,-0.99479948,-0.462850517,102.7
33.919,2.083529475,-1.027756028,-0.362850517,102.6
33.932,2.170695818,-1.027756028,-0.362850517,102.6
33.944,2.257439023,-1.094889735,-0.262850517,102.5
33.957,2.342066541,-1.127846282,-0.262850517,102.5
33.97,2.423732095,-1.160802829,-0.162850517,102.4
33.982,2.500319998,-1.193759376,-0.19855139,102.4
33.995,2.57183025,-1.260893084,-0.19855139,102.4
34.008,2.635724025,-1.293849631,-0.19855139,102.4
34.021,2.691578187,-1.359762725,-0.09855139,102.3
34.033,2.737277046,-1.392719272,-0.09855139,102.3
34.046,2.772397466,-1.392719272,-0.09855139,102.3
34.059,2.795670033,-1.426896432,-0.09855139,102.3
34.071,2.807941023,-1.392719272,-0.19855139,102.4
34.084,2.811326124,-1.293849631,-0.19855139,102.4
34.097,2.808787298,-1.160802829,-0.19855139,102.4
34.109,2.799478271,-1.027756028,-0.292362883,102.4
34.122,2.783822181,-0.862973292,-0.262850517,102.5
34.135,2.761819026,-0.662792783,-0.362850517,102.6
34.148,2.733468808,-0.498010047,-0.462850517,102.7
34.16,2.699617801,-0.299050151,-0.462850517,102.7
34.173,2.658150318,-0.100090254,-0.562850517,102.8
34.186,2.609912633,0.032956547,-0.662850517,102.9
34.198,2.552365921,0.133046802,-0.639049935,102.9
34.211,2.486779595,0.26487299,-0.739049935,103
34.224,2.411461105,0.364963245,-0.739049935,103
34.237,2.32641045,0.430876339,-0.839049935,103.1
34.249,2.230781355,0.498010047,-0.839049935,103.1
34.262,2.127535784,0.530966594,-0.939049935,103.2
34.275,2.022597663,0.596879688,-0.939049935,103.2
34.287,1.917236404,0.629836235,-0.939049935,103.2
34.3,1.812298282,0.662792783,-1.039049935,103.3
34.313,1.706513886,0.696969943,-1.039049935,103.3
34.325,1.601998902,0.762883037,-1.039049935,103.3
34.338,1.498753331,0.795839584,-1.103349062,103.4
34.351,1.399315998,0.862973292,-1.103349062,103.4
34.364,1.304110041,0.928886386,-1.103349062,103.4
34.376,1.21482801,0.99479948,-1.203349062,103.5
34.389,1.132739319,1.027756028,-1.203349062,103.5
34.402,1.059113379,1.061933188,-1.239049935,103.5
34.414,0.994796466,1.094889735,-1.239049935,103.5
34.427,0.94317368,1.094889735,-1.239049935,103.5
34.44,0.903398747,1.061933188,-1.239049935,103.5
34.452,0.876317941,1.061933188,-1.239049935,103.5
34.465,0.861931263,1.027756028,-1.239049935,103.5
34.478,0.856007337,0.961842933,-1.239049935,103.5
34.491,0.858123025,0.828796131,-1.239049935,103.5
34.503,0.866585777,0.696969943,-1.239049935,103.5
34.516,0.884780693,0.563923141,-1.239049935,103.5
34.529,0.911015223,0.430876339,-1.139049935,103.4
34.541,0.946135643,0.26487299,-1.139049935,103.4
34.554,0.987603127,0.065913094,-1.039049935,103.3
34.567,1.036687087,-0.133046802,-0.962850517,103.2
34.58,1.091694973,-0.364963245,-0.962850517,103.2
34.592,1.154742473,-0.563923141,-0.862850517,103.1
34.605,1.227522138,-0.72992649,-0.739049935,103
34.618,1.310880243,-0.828796131,-0.762850517,103
34.63,1.405239924,-0.895929839,-0.662850517,102.9
34.643,1.50763922,-0.961842933,-0.662850517,102.9
34.656,1.615539305,-0.99479948,-0.562850517,102.8
34.668,1.722593114,-0.99479948,-0.462850517,102.7
34.681,1.830916336,-1.027756028,-0.462850517,102.7
34.694,1.939239558,-1.061933188,-0.362850517,102.6
34.707,2.048409056,-1.061933188,-0.262850517,102.5
34.719,2.155039727,-1.094889735,-0.262850517,102.5
34.732,2.260824124,-1.127846282,-0.19855139,102.4
34.745,2.361954007,-1.193759376,-0.19855139,102.4
34.757,2.460121927,-1.260893084,-0.09855139,102.3
34.77,2.551096508,-1.326806178,-0.134252264,102.3
34.783,2.635300888,-1.392719272,-0.034252264,102.2
34.795,2.709349965,-1.45985298,-0.034252264,102.2
34.808,2.774090016,-1.525766074,-0.034252264,102.2
34.821,2.826982214,-1.591679168,-0.034252264,102.2
34.834,2.867180285,-1.625856329,-0.058052846,102.2
34.846,2.892991678,-1.625856329,-0.158052846,102.3
34.859,2.906108943,-1.591679168,-0.134252264,102.3
34.872,2.909070906,-1.492809527,-0.134252264,102.3
34.884,2.903570118,-1.293849631,-0.234252264,102.4
34.897,2.890452852,-1.094889735,-0.234252264,102.4
34.91,2.868872836,-0.895929839,-0.29855139,102.5
34.923,2.840522617,-0.696969943,-0.39855139,102.6
34.935,2.802017097,-0.463832887,-0.49855139,102.7
34.948,2.758433925,-0.26487299,-0.562850517,102.8
34.961,2.704272314,-0.065913094,-0.662850517,102.9
34.973,2.641224814,0.100090254,-0.662850517,102.9
34.986,2.566329461,0.231916443,-0.762850517,103
34.999,2.482548219,0.332006698,-0.862850517,103.1
35.011,2.387342262,0.430876339,-0.862850517,103.1
35.024,2.28071159,0.498010047,-0.939049935,103.2
35.037,2.167310717,0.563923141,-0.939049935,103.2
35.05,2.053063569,0.596879688,-1.039049935,103.3
35.062,1.937547008,0.629836235,-1.039049935,103.3
35.075,1.819914759,0.662792783,-1.039049935,103.3
35.088,1.701013097,0.696969943,-1.139049935,103.4
35.1,1.582534573,0.72992649,-1.139049935,103.4
35.113,1.464902324,0.762883037,-1.139049935,103.4
35.126,1.348539488,0.795839584,-1.203349062,103.5
35.138,1.237254303,0.862973292,-1.203349062,103.5
35.151,1.129777356,0.928886386,-1.203349062,103.5
35.164,1.029916885,0.99479948,-1.203349062,103.5
35.177,0.938942304,1.061933188,-1.309537569,103.7
35.189,0.858123025,1.127846282,-1.303349062,103.6
35.202,0.789151599,1.160802829,-1.303349062,103.6
35.215,0.733297437,1.160802829,-1.303349062,103.6
35.227,0.690983679,1.160802829,-1.339049935,103.6
35.24,0.661787185,1.160802829,-1.339049935,103.6
35.253,0.645707957,1.127846282,-1.339049935,103.6
35.266,0.638514618,1.061933188,-1.339049935,103.6
35.278,0.639360893,0.961842933,-1.339049935,103.6
35.291,0.646554232,0.795839584,-1.339049935,103.6
35.304,0.661787185,0.662792783,-1.339049935,103.6
35.316,0.686752303,0.530966594,-1.239049935,103.5
35.329,0.718487622,0.397919792,-1.239049935,103.5
35.342,0.75741628,0.231916443,-1.139049935,103.4
35.354,0.802692001,0.065913094,-1.139049935,103.4
35.367,0.854737924,-0.166003349,-1.062850517,103.3
35.38,0.914400324,-0.364963245,-0.939049935,103.2
35.393,0.982525476,-0.563923141,-0.839049935,103.1
35.405,1.061229067,-0.72992649,-0.862850517,103.1
35.418,1.149241685,-0.828796131,-0.762850517,103
35.431,1.246986467,-0.895929839,-0.762850517,103
35.443,1.348539488,-0.928886386,-0.662850517,102.9
35.456,1.450515646,-0.961842933,-0.669039024,103
35.469,1.552491804,-0.99479948,-0.562850517,102.8
35.481,1.654467963,-0.99479948,-0.569039024,102.9
35.494,1.757713534,-1.027756028,-0.462850517,102.7
35.507,1.86011283,-1.061933188,-0.369039024,102.7
35.52,1.962935263,-1.061933188,-0.362850517,102.6
35.532,2.063218871,-1.094889735,-0.262850517,102.5
35.545,2.163502479,-1.094889735,-0.262850517,102.5
35.558,2.259554711,-1.160802829,-0.19855139,102.4
35.57,2.352221843,-1.193759376,-0.19855139,102.4
35.583,2.43854191,-1.226715924,-0.09855139,102.3
35.596,2.518938052,-1.293849631,-0.09855139,102.3
35.609,2.591294579,-1.359762725,-0.134252264,102.3
35.621,2.653918942,-1.392719272,-0.134252264,102.3
35.634,2.70681114,-1.45985298,-0.134252264,102.3
35.647,2.748278623,-1.492809527,-0.134252264,102.3
35.659,2.77874453,-1.492809527,-0.134252264,102.3
35.672,2.796093171,-1.492809527,-0.134252264,102.3
35.685,2.804555922,-1.45985298,-0.134252264,102.3
35.697,2.805402198,-1.359762725,-0.234252264,102.4
35.71,2.800747684,-1.193759376,-0.19855139,102.4
35.723,2.789322969,-0.99479948,-0.29855139,102.5
35.736,2.772820603,-0.862973292,-0.29855139,102.5
35.748,2.748701761,-0.696969943,-0.39855139,102.6
35.761,2.72077468,-0.498010047,-0.462850517,102.7
35.774,2.687346811,-0.332006698,-0.462850517,102.7
35.786,2.64714874,-0.133046802,-0.562850517,102.8
35.799,2.600180468,0,-0.662850517,102.9
35.812,2.54559572,0.133046802,-0.762850517,103
35.824,2.482548219,0.231916443,-0.762850517,103
35.837,2.412730517,0.332006698,-0.839049935,103.1
35.85,2.334873202,0.397919792,-0.839049935,103.1
35.863,2.247706859,0.463832887,-0.839049935,103.1
35.875,2.152924039,0.530966594,-0.939049935,103.2
35.888,2.055602395,0.563923141,-0.939049935,103.2
35.901,1.959550162,0.596879688,-1.039049935,103.3
35.913,1.863921068,0.596879688,-1.039049935,103.3
35.926,1.769138249,0.629836235,-1.039049935,103.3
35.939,1.67604798,0.629836235,-1.003349062,103.3
35.952,1.585496536,0.662792783,-1.103349062,103.4
35.964,1.497907056,0.662792783,-1.103349062,103.4
35.977,1.415395226,0.662792783,-1.103349062,103.4
35.99,1.338384186,0.696969943,-1.103349062,103.4
36.002,1.268989621,0.696969943,-1.103349062,103.4
36.015,1.208057809,0.72992649,-1.103349062,103.4
36.028,1.156435024,0.72992649,-1.103349062,103.4
36.04,1.114544402,0.72992649,-1.203349062,103.5
36.053,1.083655359,0.72992649,-1.203349062,103.5
36.066,1.063767892,0.72992649,-1.203349062,103.5
36.079,1.053189452,0.696969943,-1.139049935,103.4
36.091,1.050650627,0.662792783,-1.139049935,103.4
36.104,1.052766315,0.530966594,-1.103349062,103.4
36.117,1.061229067,0.397919792,-1.103349062,103.4
36.129,1.077308295,0.26487299,-1.139049935,103.4
36.142,1.100580862,0.133046802,-1.039049935,103.3
36.155,1.129354218,0,-1.039049935,103.3
36.167,1.163628362,-0.166003349,-0.939049935,103.2
36.18,1.20255702,-0.332006698,-0.839049935,103.1
36.193,1.24825588,-0.498010047,-0.839049935,103.1
36.206,1.299878665,-0.629836235,-0.739049935,103
36.218,1.361233615,-0.72992649,-0.739049935,103
36.231,1.429358767,-0.828796131,-0.639049935,102.9
36.244,1.50594667,-0.862973292,-0.639049935,102.9
36.256,1.59015105,-0.928886386,-0.539049935,102.8
36.269,1.683664456,-0.961842933,-0.545238442,102.9
36.282,1.780986101,-0.99479948,-0.439049935,102.7
36.295,1.878307746,-0.99479948,-0.445238442,102.8
36.307,1.976475666,-0.99479948,-0.339049935,102.6
36.32,2.074643586,-1.027756028,-0.362850517,102.6
36.333,2.172388368,-1.061933188,-0.262850517,102.5
36.345,2.269710013,-1.094889735,-0.139049935,102.4
36.358,2.366608521,-1.160802829,-0.162850517,102.4
36.371,2.460545065,-1.226715924,-0.069039024,102.4
36.383,2.552789059,-1.326806178,-0.062850517,102.3
36.396,2.640378539,-1.426896432,0.00144861,102.2
36.409,2.723736643,-1.558722621,0.00144861,102.2
36.422,2.799055134,-1.658812876,0.065747736,102.1
36.434,2.867180285,-1.757682517,0.065747736,102.1
36.447,2.924726997,-1.824816225,0.041947154,102.1
36.46,2.974234095,-1.890729319,0.041947154,102.1
36.472,3.01189334,-1.923685866,-0.058052846,102.2
36.485,3.038974145,-1.956642413,-0.064241353,102.3
36.498,3.055476511,-1.923685866,-0.058052846,102.2
36.51,3.062246712,-1.857772772,-0.134252264,102.3
36.523,3.062246712,-1.691769423,-0.134252264,102.3
36.536,3.056745924,-1.492809527,-0.234252264,102.4
36.549,3.045321209,-1.293849631,-0.19855139,102.4
36.561,3.026703155,-1.127846282,-0.29855139,102.5
36.574,3.004700001,-0.961842933,-0.262850517,102.5
36.587,2.977196058,-0.762883037,-0.362850517,102.6
36.599,2.946307014,-0.596879688,-0.462850517,102.7
36.612,2.911186594,-0.397919792,-0.562850517,102.8
36.625,2.872257936,-0.231916443,-0.562850517,102.8
36.638,2.828674765,-0.100090254,-0.662850517,102.9
36.65,2.781283355,0,-0.762850517,103
36.663,2.730506845,0.100090254,-0.762850517,103
36.676,2.676768371,0.198959896,-0.762850517,103
36.688,2.622183623,0.26487299,-0.839049935,103.1
36.701,2.565060049,0.332006698,-0.839049935,103.1
36.714,2.506667062,0.397919792,-0.839049935,103.1
36.726,2.446581524,0.430876339,-0.845238442,103.2
36.739,2.38945795,0.463832887,-0.839049935,103.1
36.752,2.335296339,0.498010047,-0.945238442,103.3
36.765,2.287481792,0.498010047,-0.939049935,103.2
36.777,2.243052345,0.530966594,-0.939049935,103.2
36.79,2.206662513,0.530966594,-0.939049935,103.2
36.803,2.177042882,0.530966594,-0.939049935,103.2
36.815,2.155039727,0.530966594,-0.939049935,103.2
36.828,2.139806774,0.498010047,-0.939049935,103.2
36.841,2.132190298,0.463832887,-0.939049935,103.2
36.853,2.13007461,0.397919792,-0.939049935,103.2
36.866,2.13176716,0.332006698,-0.803349062,103.1
36.879,2.138537361,0.198959896,-0.839049935,103.1
36.892,2.149115801,0.100090254,-0.803349062,103.1
36.904,2.166041305,0,-0.739049935,103
36.917,2.185928771,-0.100090254,-0.739049935,103
36.93,2.211317026,-0.231916443,-0.639049935,102.9
36.942,2.240090382,-0.364963245,-0.639049935,102.9
36.955,2.273518252,-0.498010047,-0.539049935,102.8
36.968,2.311177497,-0.596879688,-0.539049935,102.8
36.981,2.355606943,-0.72992649,-0.439049935,102.7
36.993,2.405537178,-0.795839584,-0.439049935,102.7
37.006,2.460121927,-0.895929839,-0.339049935,102.6
37.019,2.519784327,-0.961842933,-0.339049935,102.6
37.031,2.583254965,-1.061933188,-0.239049935,102.5
37.044,2.651380116,-1.160802829,-0.239049935,102.5
37.057,2.723736643,-1.260893084,-0.162850517,102.4
37.069,2.796939446,-1.359762725,-0.062850517,102.3
37.082,2.865910872,-1.492809527,-0.062850517,102.3
37.095,2.931920336,-1.625856329,0.037149483,102.2
37.108,2.990313323,-1.790639065,0.037149483,102.2
37.12,3.044051796,-1.890729319,0.00144861,102.2
37.133,3.089750656,-1.989598961,0.00144861,102.2
37.146,3.128679314,-2.089689215,-0.034252264,102.2
37.158,3.157875807,-2.122645762,-0.034252264,102.2
37.171,3.180725237,-2.122645762,-0.034252264,102.2
37.184,3.192996227,-2.089689215,-0.034252264,102.2
37.196,3.198920153,-2.023776121,-0.134252264,102.3
37.209,3.200189566,-1.923685866,-0.134252264,102.3
37.222,3.198073878,-1.757682517,-0.134252264,102.3
37.235,3.191726814,-1.591679168,-0.09855139,102.3
37.247,3.181994649,-1.45985298,-0.19855139,102.4
37.26,3.167607971,-1.293849631,-0.19855139,102.4
37.273,3.149836193,-1.160802829,-0.262850517,102.5
37.285,3.129948726,-0.99479948,-0.262850517,102.5
37.298,3.105406746,-0.862973292,-0.362850517,102.6
37.311,3.078749078,-0.696969943,-0.362850517,102.6
37.324,3.047013759,-0.530966594,-0.462850517,102.7
37.336,3.012316477,-0.332006698,-0.562850517,102.8
37.349,2.973387819,-0.198959896,-0.562850517,102.8
37.362,2.931074061,-0.065913094,-0.662850517,102.9
37.374,2.883259513,0,-0.662850517,102.9
37.387,2.833752416,0.100090254,-0.739049935,103
37.4,2.780860218,0.166003349,-0.739049935,103
37.412,2.726275469,0.26487299,-0.739049935,103
37.425,2.667036207,0.332006698,-0.839049935,103.1
37.438,2.606104394,0.397919792,-0.839049935,103.1
37.451,2.542633756,0.430876339,-0.839049935,103.1
37.463,2.482125082,0.463832887,-0.839049935,103.1
37.476,2.423732095,0.498010047,-0.839049935,103.1
37.489,2.368301071,0.530966594,-0.939049935,103.2
37.501,2.317947698,0.563923141,-0.939049935,103.2
37.514,2.270979426,0.563923141,-0.939049935,103.2
37.527,2.229088805,0.596879688,-0.939049935,103.2
37.539,2.19312211,0.596879688,-0.939049935,103.2
37.552,2.163502479,0.596879688,-0.939049935,103.2
37.565,2.139806774,0.596879688,-0.939049935,103.2
37.578,2.124573821,0.596879688,-0.939049935,103.2
37.59,2.113995381,0.563923141,-0.903349062,103.2
37.603,2.110187143,0.530966594,-0.903349062,103.2
37.616,2.10891773,0.463832887,-0.903349062,103.2
37.628,2.111456556,0.397919792,-0.939049935,103.2
37.641,2.117380482,0.26487299,-0.939049935,103.2
37.654,2.127112647,0.166003349,-0.839049935,103.1
37.667,2.139806774,0.100090254,-0.839049935,103.1
37.679,2.156732278,0,-0.839049935,103.1
37.692,2.177042882,-0.100090254,-0.739049935,103
37.705,2.200315449,-0.198959896,-0.703349062,103
37.717,2.226126842,-0.332006698,-0.603349062,102.9
37.73,2.25616961,-0.430876339,-0.603349062,102.9
37.743,2.290443755,-0.563923141,-0.539049935,102.8
37.755,2.328103,-0.662792783,-0.539049935,102.8
37.768,2.371263034,-0.72992649,-0.439049935,102.7
37.781,2.417385031,-0.795839584,-0.439049935,102.7
37.794,2.467315266,-0.862973292,-0.362850517,102.6
37.806,2.519784327,-0.928886386,-0.339049935,102.6
37.819,2.575638488,-0.99479948,-0.339049935,102.6
37.832,2.634031475,-1.061933188,-0.239049935,102.5
37.844,2.6962327,-1.127846282,-0.262850517,102.5
37.857,2.759280201,-1.226715924,-0.162850517,102.4
37.87,2.821481426,-1.326806178,-0.162850517,102.4
37.882,2.880720688,-1.392719272,-0.062850517,102.3
37.895,2.935728574,-1.492809527,-0.062850517,102.3
37.908,2.987774497,-1.591679168,-0.062850517,102.3
37.921,3.034319632,-1.691769423,0.030960976,102.3
37.933,3.07663339,-1.757682517,0.037149483,102.2
37.946,3.11175381,-1.857772772,0.00144861,102.2
37.959,3.141796579,-1.923685866,0.00144861,102.2
37.971,3.163799733,-1.956642413,0.00144861,102.2
37.984,3.179878961,-1.956642413,0.00144861,102.2
37.997,3.189187988,-1.956642413,0.00144861,102.2
38.01,3.193419364,-1.923685866,0.00144861,102.2
38.022,3.193419364,-1.824816225,-0.09855139,102.3
38.035,3.190880539,-1.658812876,-0.09855139,102.3
38.048,3.184956613,-1.525766074,-0.09855139,102.3
38.06,3.176493861,-1.392719272,-0.062850517,102.3
38.073,3.166338559,-1.293849631,-0.162850517,102.4
38.086,3.152798156,-1.160802829,-0.162850517,102.4
38.098,3.138411478,-1.061933188,-0.162850517,102.4
38.111,3.121485975,-0.928886386,-0.262850517,102.5
38.124,3.104137334,-0.828796131,-0.262850517,102.5
38.137,3.082980454,-0.696969943,-0.362850517,102.6
38.149,3.063092988,-0.563923141,-0.362850517,102.6
38.162,3.03982042,-0.463832887,-0.462850517,102.7
38.175,3.016970991,-0.332006698,-0.439049935,102.7
38.187,2.992429011,-0.26487299,-0.539049935,102.8
38.2,2.967040756,-0.166003349,-0.539049935,102.8
38.213,2.941229363,-0.100090254,-0.539049935,102.8
38.225,2.914994832,-0.065913094,-0.539049935,102.8
38.238,2.888337164,0,-0.639049935,102.9
38.251,2.862948909,0.032956547,-0.639049935,102.9
38.264,2.839253204,0.100090254,-0.639049935,102.9
38.276,2.816826912,0.100090254,-0.639049935,102.9
38.289,2.798208859,0.133046802,-0.639049935,102.9
38.302,2.780860218,0.133046802,-0.639049935,102.9
38.314,2.766896677,0.166003349,-0.639049935,102.9
38.327,2.7558951,0.166003349,-0.639049935,102.9
38.34,2.748278623,0.166003349,-0.639049935,102.9
38.353,2.743200972,0.166003349,-0.639049935,102.9
38.365,2.742354697,0.133046802,-0.639049935,102.9
38.378,2.742354697,0.065913094,-0.639049935,102.9
38.391,2.745739798,0,-0.539049935,102.8
38.403,2.749971174,-0.100090254,-0.539049935,102.8
38.416,2.756741375,-0.166003349,-0.539049935,102.8
38.429,2.76647354,-0.26487299,-0.539049935,102.8
38.441,2.77874453,-0.364963245,-0.439049935,102.7
38.454,2.793131208,-0.430876339,-0.439049935,102.7
38.467,2.808787298,-0.530966594,-0.439049935,102.7
38.48,2.826135939,-0.629836235,-0.339049935,102.6
38.492,2.844753993,-0.762883037,-0.339049935,102.6
38.505,2.86633401,-0.862973292,-0.239049935,102.5
38.518,2.888337164,-0.961842933,-0.239049935,102.5
38.53,2.911609732,-1.027756028,-0.239049935,102.5
38.543,2.935305437,-1.094889735,-0.239049935,102.5
38.556,2.959001141,-1.160802829,-0.139049935,102.4
38.568,2.981850571,-1.226715924,-0.139049935,102.4
38.581,3.005969413,-1.293849631,-0.139049935,102.4
38.594,3.027972568,-1.359762725,-0.139049935,102.4
38.607,3.049975722,-1.426896432,-0.039049935,102.3
38.619,3.070286327,-1.45985298,-0.039049935,102.3
38.632,3.088481243,-1.525766074,-0.039049935,102.3
38.645,3.102444783,-1.558722621,-0.039049935,102.3
38.657,3.115562048,-1.591679168,-0.062850517,102.3
38.67,3.1240248,-1.625856329,-0.039049935,102.3
38.683,3.130371864,-1.625856329,-0.039049935,102.3
38.696,3.133756965,-1.591679168,-0.039049935,102.3
38.708,3.13460324,-1.558722621,-0.039049935,102.3
38.721,3.13460324,-1.492809527,-0.039049935,102.3
38.734,3.132064414,-1.359762725,-0.039049935,102.3
38.746,3.128679314,-1.260893084,-0.039049935,102.3
38.759,3.12233225,-1.193759376,-0.162850517,102.4
38.772,3.114292636,-1.094889735,-0.132861428,102.3
38.784,3.103291058,-0.99479948,-0.132861428,102.3
38.797,3.092289481,-0.895929839,-0.139049935,102.4
38.81,3.077479666,-0.795839584,-0.239049935,102.5
38.823,3.062246712,-0.696969943,-0.239049935,102.5
38.835,3.043628659,-0.596879688,-0.332861428,102.5
38.848,3.02416433,-0.463832887,-0.303349062,102.6
38.861,3.002161175,-0.364963245,-0.332861428,102.5
38.873,2.979311746,-0.231916443,-0.403349062,102.7
38.886,2.953500353,-0.133046802,-0.397160554,102.6
38.899,2.925573272,-0.065913094,-0.439049935,102.7
38.911,2.896376779,0,-0.532861428,102.7
38.924,2.863795184,0.065913094,-0.503349062,102.8
38.937,2.830790453,0.133046802,-0.497160554,102.7
38.95,2.796093171,0.198959896,-0.503349062,102.8
38.962,2.760549613,0.26487299,-0.597160554,102.8
38.975,2.723736643,0.332006698,-0.603349062,102.9
38.988,2.686077398,0.364963245,-0.597160554,102.8
39,2.646302465,0.397919792,-0.603349062,102.9
39.013,2.607373807,0.430876339,-0.597160554,102.8
39.026,2.569714562,0.430876339,-0.703349062,103
39.039,2.534594142,0.463832887,-0.703349062,103
39.051,2.502012548,0.498010047,-0.697160554,102.9
39.064,2.472816055,0.498010047,-0.703349062,103
39.077,2.447850937,0.498010047,-0.697160554,102.9
39.089,2.42627092,0.530966594,-0.703349062,103
39.102,2.408922279,0.530966594,-0.697160554,102.9
39.115,2.395805014,0.498010047,-0.703349062,103
39.127,2.387342262,0.498010047,-0.697160554,102.9
39.14,2.382264611,0.463832887,-0.703349062,103
39.153,2.380995198,0.430876339,-0.697160554,102.9
39.166,2.380148923,0.397919792,-0.703349062,103
39.178,2.382687749,0.299050151,-0.697160554,102.9
39.191,2.386495987,0.231916443,-0.603349062,102.9
39.204,2.393266188,0.133046802,-0.597160554,102.8
39.216,2.402152078,0.065913094,-0.639049935,102.9
39.229,2.413153655,0,-0.603349062,102.9
39.242,2.427117195,-0.065913094,-0.503349062,102.8
39.254,2.441927011,-0.166003349,-0.503349062,102.8
39.267,2.458006239,-0.26487299,-0.497160554,102.7
39.28,2.475778018,-0.332006698,-0.403349062,102.7
39.293,2.493972934,-0.430876339,-0.397160554,102.6
39.305,2.512590988,-0.530966594,-0.303349062,102.6
39.318,2.532901592,-0.596879688,-0.297160554,102.5
39.331,2.552789059,-0.662792783,-0.339049935,102.6
39.343,2.5735228,-0.72992649,-0.332861428,102.5
39.356,2.595102817,-0.762883037,-0.239049935,102.5
39.369,2.616259696,-0.828796131,-0.197160554,102.4
39.382,2.637416576,-0.862973292,-0.203349062,102.5
39.394,2.659842868,-0.895929839,-0.197160554,102.4
39.407,2.68057661,-0.928886386,-0.239049935,102.5
39.42,2.701310351,-0.928886386,-0.139049935,102.4
39.432,2.72077468,-0.961842933,-0.139049935,102.4
39.445,2.737700184,-0.99479948,-0.139049935,102.4
39.458,2.753356274,-0.99479948,-0.132861428,102.3
39.47,2.765204127,-1.027756028,-0.139049935,102.4
39.483,2.775359429,-1.027756028,-0.132861428,102.3
39.496,2.781283355,-1.027756028,-0.139049935,102.4
39.509,2.785091593,-1.027756028,-0.132861428,102.3
39.521,2.786361006,-0.99479948,-0.139049935,102.4
39.534,2.786361006,-0.928886386,-0.132861428,102.3
39.547,2.783822181,-0.862973292,-0.103349062,102.4
39.559,2.780013942,-0.762883037,-0.097160554,102.3
39.572,2.773666879,-0.696969943,-0.203349062,102.5
39.585,2.766896677,-0.629836235,-0.197160554,102.4
39.597,2.756741375,-0.530966594,-0.203349062,102.5
39.61,2.745739798,-0.463832887,-0.239049935,102.5
39.623,2.732622533,-0.364963245,-0.303349062,102.6
39.636,2.718235855,-0.26487299,-0.303349062,102.6
39.648,2.701310351,-0.166003349,-0.303349062,102.6
39.661,2.682692298,-0.065913094,-0.397160554,102.6
39.674,2.661958556,0,-0.403349062,102.7
39.686,2.638685989,0.100090254,-0.397160554,102.6
39.699,2.614567146,0.166003349,-0.503349062,102.8
39.712,2.586640065,0.231916443,-0.503349062,102.8
39.725,2.558712985,0.299050151,-0.503349062,102.8
39.737,2.527400803,0.332006698,-0.497160554,102.7
39.75,2.495665484,0.397919792,-0.503349062,102.8
39.763,2.46139134,0.430876339,-0.561459681,102.8
39.775,2.427117195,0.498010047,-0.603349062,102.9
39.788,2.389881088,0.563923141,-0.597160554,102.8
39.801,2.352221843,0.629836235,-0.603349062,102.9
39.813,2.308215534,0.662792783,-0.703349062,103
39.826,2.262516674,0.662792783,-0.703349062,103
39.839,2.218510365,0.696969943,-0.697160554,102.9
39.852,2.176196607,0.696969943,-0.703349062,103
39.864,2.134729123,0.72992649,-0.761459681,103
39.877,2.094531052,0.762883037,-0.803349062,103.1
39.89,2.055602395,0.762883037,-0.797160554,103
39.902,2.018789425,0.762883037,-0.803349062,103.1
39.915,1.984092142,0.762883037,-0.803349062,103.1
39.928,1.951933686,0.762883037,-0.803349062,103.1
39.94,1.922737192,0.762883037,-0.803349062,103.1
39.953,1.896502662,0.762883037,-0.803349062,103.1
39.966,1.873653232,0.762883037,-0.797160554,103
39.979,1.854188903,0.72992649,-0.803349062,103.1
39.991,1.840225363,0.72992649,-0.803349062,103.1
40.004,1.828377511,0.72992649,-0.803349062,103.1
40.017,1.821184172,0.696969943,-0.803349062,103.1
40.029,1.816529658,0.662792783,-0.803349062,103.1
40.042,1.815260245,0.662792783,-0.803349062,103.1
40.055,1.815260245,0.596879688,-0.797160554,103
40.068,1.817375933,0.498010047,-0.803349062,103.1
40.08,1.820761034,0.397919792,-0.797160554,103
40.093,1.827108098,0.364963245,-0.803349062,103.1
40.106,1.835993987,0.299050151,-0.697160554,102.9
40.118,1.847418702,0.231916443,-0.703349062,103
40.131,1.860959105,0.133046802,-0.732861428,102.9
40.144,1.87576892,0.065913094,-0.739049935,103
40.156,1.892694424,-0.032956547,-0.632861428,102.8
40.169,1.91088934,-0.133046802,-0.639049935,102.9
40.182,1.930776807,-0.198959896,-0.597160554,102.8
40.195,1.950241136,-0.299050151,-0.503349062,102.8
40.207,1.972667428,-0.397919792,-0.532861428,102.7
40.22,1.99509372,-0.463832887,-0.439049935,102.7
40.233,2.019212562,-0.530966594,-0.439049935,102.7
40.245,2.043331405,-0.596879688,-0.439049935,102.7
40.258,2.06871966,-0.662792783,-0.439049935,102.7
40.271,2.094107915,-0.696969943,-0.339049935,102.6
40.283,2.119919308,-0.72992649,-0.362850517,102.6
40.296,2.144461288,-0.72992649,-0.339049935,102.6
40.309,2.167733855,-0.762883037,-0.339049935,102.6
40.322,2.190583285,-0.795839584,-0.332861428,102.5
40.334,2.210047614,-0.795839584,-0.239049935,102.5
40.347,2.227819392,-0.795839584,-0.232861428,102.4
40.36,2.241359795,-0.795839584,-0.239049935,102.5
40.372,2.252361372,-0.795839584,-0.232861428,102.4
40.385,2.258708436,-0.795839584,-0.239049935,102.5
40.398,2.262516674,-0.762883037,-0.239049935,102.5
40.411,2.263362949,-0.72992649,-0.239049935,102.5
40.423,2.262516674,-0.662792783,-0.239049935,102.5
40.436,2.259554711,-0.563923141,-0.203349062,102.5
40.449,2.253630785,-0.498010047,-0.303349062,102.6
40.461,2.245168033,-0.397919792,-0.339049935,102.6
40.474,2.234589594,-0.332006698,-0.339049935,102.6
40.487,2.222318604,-0.231916443,-0.332861428,102.5
40.499,2.207508788,-0.166003349,-0.403349062,102.7
40.512,2.190583285,-0.065913094,-0.432861428,102.6
40.525,2.170695818,0.032956547,-0.539049935,102.8
40.538,2.149538939,0.133046802,-0.497160554,102.7
40.55,2.125843234,0.198959896,-0.503349062,102.8
40.563,2.100454979,0.26487299,-0.497160554,102.7
40.576,2.071681623,0.332006698,-0.603349062,102.9
40.588,2.042485129,0.364963245,-0.597160554,102.8
40.601,2.011596086,0.430876339,-0.603349062,102.9
40.614,1.978168216,0.498010047,-0.603349062,102.9
40.626,1.945163484,0.530966594,-0.703349062,103
40.639,1.91088934,0.596879688,-0.703349062,103
40.652,1.877038333,0.662792783,-0.703349062,103
40.665,1.843187326,0.696969943,-0.703349062,103
40.677,1.810182594,0.762883037,-0.803349062,103.1
40.69,1.776331588,0.795839584,-0.803349062,103.1
40.703,1.742057443,0.795839584,-0.803349062,103.1
40.715,1.709052711,0.795839584,-0.803349062,103.1
40.728,1.681125631,0.795839584,-0.803349062,103.1
40.741,1.657006788,0.762883037,-0.803349062,103.1
40.754,1.637542459,0.762883037,-0.803349062,103.1
40.766,1.621886369,0.762883037,-0.803349062,103.1
40.779,1.610884791,0.72992649,-0.803349062,103.1
40.792,1.603691452,0.72992649,-0.803349062,103.1
40.804,1.599883214,0.696969943,-0.803349062,103.1
40.817,1.598613801,0.629836235,-0.803349062,103.1
40.83,1.599460076,0.563923141,-0.839049935,103.1
40.842,1.60242204,0.463832887,-0.839049935,103.1
40.855,1.607922828,0.397919792,-0.839049935,103.1
40.868,1.616808717,0.332006698,-0.703349062,103
40.881,1.627810295,0.231916443,-0.703349062,103
40.893,1.642196973,0.166003349,-0.703349062,103
40.906,1.657853063,0.100090254,-0.639049935,102.9
40.919,1.676471117,0,-0.639049935,102.9
40.931,1.696781721,-0.100090254,-0.639049935,102.9
40.944,1.719208013,-0.198959896,-0.539049935,102.8
40.957,1.742057443,-0.299050151,-0.539049935,102.8
40.969,1.768715111,-0.397919792,-0.539049935,102.8
40.982,1.796642192,-0.498010047,-0.439049935,102.7
40.995,1.827954373,-0.596879688,-0.439049935,102.7
41.008,1.861382242,-0.662792783,-0.339049935,102.6
41.02,1.897348937,-0.696969943,-0.339049935,102.6
41.033,1.934161907,-0.762883037,-0.339049935,102.6
41.046,1.972667428,-0.795839584,-0.339049935,102.6
41.058,2.01074981,-0.828796131,-0.239049935,102.5
41.071,2.049255331,-0.862973292,-0.262850517,102.5
41.084,2.087337714,-0.862973292,-0.239049935,102.5
41.096,2.123727546,-0.895929839,-0.239049935,102.5
41.109,2.15800169,-0.928886386,-0.239049935,102.5
41.122,2.188890734,-0.928886386,-0.139049935,102.4
41.135,2.215125265,-0.928886386,-0.139049935,102.4
41.147,2.237551557,-0.928886386,-0.139049935,102.4
41.16,2.254053923,-0.928886386,-0.139049935,102.4
41.173,2.264632362,-0.928886386,-0.139049935,102.4
41.185,2.270979426,-0.895929839,-0.139049935,102.4
41.198,2.272248839,-0.862973292,-0.139049935,102.4
41.211,2.271825701,-0.795839584,-0.139049935,102.4
41.224,2.268017463,-0.696969943,-0.139049935,102.4
41.236,2.261247262,-0.596879688,-0.239049935,102.5
41.249,2.251515097,-0.498010047,-0.239049935,102.5
41.262,2.238820969,-0.397919792,-0.239049935,102.5
41.274,2.223164879,-0.332006698,-0.339049935,102.6
41.287,2.206239375,-0.231916443,-0.339049935,102.6
41.3,2.186775046,-0.133046802,-0.339049935,102.6
41.312,2.164771892,-0.032956547,-0.439049935,102.7
41.325,2.141922462,0.065913094,-0.439049935,102.7
41.338,2.116534207,0.133046802,-0.503349062,102.8
41.351,2.089876539,0.198959896,-0.539049935,102.8
41.363,2.061949458,0.26487299,-0.539049935,102.8
41.376,2.03359924,0.299050151,-0.539049935,102.8
41.389,2.004402747,0.332006698,-0.539049935,102.8
41.401,1.975629391,0.397919792,-0.603349062,102.9
41.414,1.945163484,0.430876339,-0.639049935,102.9
41.427,1.916813266,0.430876339,-0.639049935,102.9
41.439,1.88803991,0.498010047,-0.603349062,102.9
41.452,1.862228518,0.530966594,-0.603349062,102.9
41.465,1.836840262,0.530966594,-0.603349062,102.9
41.478,1.814837108,0.530966594,-0.603349062,102.9
41.49,1.795372779,0.563923141,-0.603349062,102.9
41.503,1.779716688,0.563923141,-0.603349062,102.9
41.516,1.767445698,0.563923141,-0.603349062,102.9
41.528,1.757713534,0.563923141,-0.603349062,102.9
41.541,1.75305902,0.530966594,-0.639049935,102.9
41.554,1.75136647,0.498010047,-0.639049935,102.9
41.567,1.751789608,0.463832887,-0.603349062,102.9
41.579,1.75305902,0.364963245,-0.603349062,102.9
41.592,1.758136671,0.26487299,-0.603349062,102.9
41.605,1.76533001,0.198959896,-0.603349062,102.9
41.617,1.77590845,0.133046802,-0.503349062,102.8
41.63,1.787333165,0.032956547,-0.539049935,102.8
41.643,1.802566118,-0.032956547,-0.503349062,102.8
41.655,1.819491621,-0.133046802,-0.503349062,102.8
41.668,1.838109675,-0.231916443,-0.403349062,102.7
41.681,1.858843417,-0.332006698,-0.439049935,102.7
41.694,1.881692847,-0.397919792,-0.339049935,102.6
41.706,1.906234827,-0.498010047,-0.339049935,102.6
41.719,1.93373877,-0.596879688,-0.345238442,102.7
41.732,1.963358401,-0.662792783,-0.239049935,102.5
41.744,1.994670582,-0.72992649,-0.245238442,102.6
41.757,2.028944727,-0.762883037,-0.239049935,102.5
41.77,2.064065146,-0.828796131,-0.239049935,102.5
41.783,2.100878116,-0.862973292,-0.139049935,102.4
41.795,2.137267949,-0.895929839,-0.139049935,102.4
41.808,2.175773469,-0.928886386,-0.139049935,102.4
41.821,2.212586439,-0.961842933,-0.139049935,102.4
41.833,2.249822547,-0.99479948,-0.039049935,102.3
41.846,2.286635517,-1.027756028,-0.039049935,102.3
41.859,2.322602212,-1.061933188,-0.062850517,102.3
41.871,2.356030081,-1.094889735,-0.062850517,102.3
41.884,2.385226574,-1.094889735,0.037149483,102.2
41.897,2.410191692,-1.094889735,0.037149483,102.2
41.91,2.428809746,-1.094889735,0.037149483,102.2
41.922,2.443619561,-1.094889735,0.037149483,102.2
41.935,2.451659175,-1.061933188,0.037149483,102.2
41.948,2.456736826,-1.027756028,-0.062850517,102.3
41.96,2.458006239,-0.99479948,-0.062850517,102.3
41.973,2.456313689,-0.895929839,-0.062850517,102.3
41.986,2.451659175,-0.795839584,-0.039049935,102.3
41.998,2.444465836,-0.696969943,-0.039049935,102.3
42.011,2.433464259,-0.596879688,-0.139049935,102.4
42.024,2.419923856,-0.498010047,-0.139049935,102.4
42.037,2.403421491,-0.397919792,-0.139049935,102.4
42.049,2.383957162,-0.26487299,-0.239049935,102.5
42.062,2.362800282,-0.166003349,-0.239049935,102.5
42.075,2.33868144,-0.065913094,-0.339049935,102.6
42.087,2.313293185,0.032956547,-0.339049935,102.6
42.1,2.285366104,0.100090254,-0.339049935,102.6
42.113,2.257015886,0.198959896,-0.439049935,102.7
42.126,2.224434291,0.231916443,-0.439049935,102.7
42.138,2.191852697,0.299050151,-0.439049935,102.7
42.151,2.156732278,0.332006698,-0.439049935,102.7
42.164,2.121611858,0.364963245,-0.503349062,102.8
42.176,2.085645163,0.397919792,-0.503349062,102.8
42.189,2.049678468,0.430876339,-0.539049935,102.8
42.202,2.013288636,0.463832887,-0.539049935,102.8
42.214,1.978168216,0.498010047,-0.539049935,102.8
42.227,1.943470934,0.530966594,-0.503349062,102.8
42.24,1.910043065,0.563923141,-0.603349062,102.9
42.253,1.880423434,0.563923141,-0.603349062,102.9
42.265,1.855881454,0.596879688,-0.603349062,102.9
42.278,1.835993987,0.596879688,-0.639049935,102.9
42.291,1.822453584,0.596879688,-0.639049935,102.9
42.303,1.814837108,0.563923141,-0.639049935,102.9
42.316,1.81102887,0.530966594,-0.603349062,102.9
42.329,1.81102887,0.463832887,-0.603349062,102.9
42.341,1.81272142,0.364963245,-0.503349062,102.8
42.354,1.818645346,0.26487299,-0.503349062,102.8
42.367,1.827954373,0.166003349,-0.503349062,102.8
42.38,1.840648501,0.100090254,-0.503349062,102.8
42.392,1.857150867,0,-0.439049935,102.7
42.405,1.877038333,-0.100090254,-0.439049935,102.7
42.418,1.899887763,-0.198959896,-0.339049935,102.6
42.43,1.925276018,-0.332006698,-0.339049935,102.6
42.443,1.953203099,-0.463832887,-0.339049935,102.6
42.456,1.985361555,-0.563923141,-0.239049935,102.5
42.468,2.021751388,-0.662792783,-0.239049935,102.5
42.481,2.062795734,-0.762883037,-0.162850517,102.4
42.494,2.107648318,-0.795839584,-0.162850517,102.4
42.507,2.157578553,-0.862973292,-0.162850517,102.4
42.519,2.210893889,-0.895929839,-0.062850517,102.3
42.532,2.267171188,-0.961842933,-0.062850517,102.3
42.545,2.328103,-1.027756028,0.037149483,102.2
42.557,2.392419913,-1.094889735,0.037149483,102.2
42.57,2.458852514,-1.160802829,0.10144861,102.1
42.583,2.523592565,-1.226715924,0.10144861,102.1
42.596,2.588755753,-1.293849631,0.10144861,102.1
42.608,2.650110703,-1.326806178,0.20144861,102
42.621,2.711042516,-1.392719272,0.20144861,102
42.634,2.76816609,-1.426896432,0.165747736,102
42.646,2.822750839,-1.492809527,0.265747736,101.9
42.659,2.872681074,-1.558722621,0.241947154,101.9
42.672,2.91711052,-1.625856329,0.241947154,101.9
42.684,2.954769766,-1.658812876,0.241947154,101.9
42.697,2.986505085,-1.691769423,0.241947154,101.9
42.71,3.010623927,-1.691769423,0.141947154,102
42.723,3.028818843,-1.691769423,0.141947154,102
42.735,3.038974145,-1.691769423,0.141947154,102
42.748,3.043628659,-1.658812876,0.135758647,102.1
42.761,3.044051796,-1.525766074,0.041947154,102.1
42.773,3.041089833,-1.392719272,0.041947154,102.1
42.786,3.034319632,-1.226715924,-0.034252264,102.2
42.799,3.023318055,-1.127846282,-0.034252264,102.2
42.811,3.009777652,-0.99479948,0.00144861,102.2
42.824,2.991582736,-0.862973292,-0.09855139,102.3
42.837,2.971695269,-0.72992649,-0.09855139,102.3
42.85,2.947999564,-0.563923141,-0.19855139,102.4
42.862,2.923034447,-0.430876339,-0.29855139,102.5
42.875,2.895107366,-0.26487299,-0.29855139,102.5
42.888,2.864218322,-0.133046802,-0.362850517,102.6
42.9,2.83121359,-0.032956547,-0.362850517,102.6
42.913,2.796093171,0.032956547,-0.462850517,102.7
42.926,2.758010788,0.133046802,-0.462850517,102.7
42.939,2.716966442,0.198959896,-0.462850517,102.7
42.951,2.675075821,0.26487299,-0.562850517,102.8
42.964,2.630646374,0.332006698,-0.562850517,102.8
42.977,2.58579379,0.364963245,-0.562850517,102.8
42.989,2.538402381,0.397919792,-0.562850517,102.8
43.002,2.490587833,0.430876339,-0.562850517,102.8
43.015,2.440657598,0.430876339,-0.662850517,102.9
43.027,2.392419913,0.463832887,-0.662850517,102.9
43.04,2.345028504,0.498010047,-0.662850517,102.9
43.053,2.301022195,0.498010047,-0.662850517,102.9
43.066,2.259977849,0.530966594,-0.662850517,102.9
43.078,2.222318604,0.530966594,-0.662850517,102.9
43.091,2.188890734,0.530966594,-0.662850517,102.9
43.104,2.159271103,0.530966594,-0.762850517,103
43.116,2.136844811,0.530966594,-0.739049935,103
43.129,2.118649895,0.530966594,-0.739049935,103
43.142,2.107648318,0.530966594,-0.739049935,103
43.154,2.100878116,0.498010047,-0.639049935,102.9
43.167,2.099185566,0.463832887,-0.639049935,102.9
43.18,2.099185566,0.364963245,-0.639049935,102.9
43.193,2.103840079,0.26487299,-0.639049935,102.9
43.205,2.110610281,0.166003349,-0.639049935,102.9
43.218,2.121611858,0.100090254,-0.639049935,102.9
43.231,2.136844811,0,-0.539049935,102.8
43.243,2.155462865,-0.100090254,-0.539049935,102.8
43.256,2.177466019,-0.198959896,-0.439049935,102.7
43.269,2.201584862,-0.332006698,-0.439049935,102.7
43.282,2.229088805,-0.463832887,-0.339049935,102.6
43.294,2.259554711,-0.563923141,-0.362850517,102.6
43.307,2.295098268,-0.662792783,-0.262850517,102.5
43.32,2.333603789,-0.762883037,-0.262850517,102.5
43.332,2.377610098,-0.828796131,-0.262850517,102.5
43.345,2.423732095,-0.862973292,-0.162850517,102.4
43.358,2.47366233,-0.928886386,-0.162850517,102.4
43.37,2.524861978,-0.99479948,-0.162850517,102.4
43.383,2.579446726,-1.027756028,-0.062850517,102.3
43.396,2.635724025,-1.094889735,-0.062850517,102.3
43.409,2.6962327,-1.160802829,0.037149483,102.2
43.421,2.7558951,-1.260893084,0.037149483,102.2
43.434,2.813864949,-1.326806178,0.037149483,102.2
43.447,2.867180285,-1.392719272,0.137149483,102.1
43.459,2.915841108,-1.492809527,0.10144861,102.1
43.472,2.959847417,-1.558722621,0.10144861,102.1
43.485,2.998352937,-1.625856329,0.10144861,102.1
43.497,3.030088256,-1.691769423,0.165747736,102
43.51,3.055899649,-1.757682517,0.165747736,102
43.523,3.07663339,-1.757682517,0.065747736,102.1
43.536,3.08890438,-1.757682517,0.065747736,102.1
43.548,3.096097719,-1.72472597,0.065747736,102.1
43.561,3.097367132,-1.658812876,0.065747736,102.1
43.574,3.096097719,-1.525766074,0.00144861,102.2
43.586,3.091020068,-1.392719272,0.00144861,102.2
43.599,3.082980454,-1.226715924,0.00144861,102.2
43.612,3.070286327,-1.127846282,-0.09855139,102.3
43.625,3.055476511,-0.99479948,-0.09855139,102.3
43.637,3.035589045,-0.862973292,-0.19855139,102.4
43.65,3.01358589,-0.696969943,-0.162850517,102.4
43.663,2.987774497,-0.530966594,-0.262850517,102.5
43.675,2.958578004,-0.364963245,-0.262850517,102.5
43.688,2.92599641,-0.231916443,-0.339049935,102.6
43.701,2.890452852,-0.100090254,-0.462850517,102.7
43.713,2.849408507,0.032956547,-0.439049935,102.7
43.726,2.804132785,0.100090254,-0.539049935,102.8
43.739,2.754625687,0.198959896,-0.539049935,102.8
43.752,2.700887214,0.26487299,-0.539049935,102.8
43.764,2.642917364,0.332006698,-0.539049935,102.8
43.777,2.579446726,0.397919792,-0.639049935,102.9
43.79,2.511321575,0.430876339,-0.639049935,102.9
43.802,2.439811323,0.463832887,-0.639049935,102.9
43.815,2.369147346,0.530966594,-0.739049935,103
43.828,2.298906507,0.563923141,-0.739049935,103
43.84,2.232897043,0.596879688,-0.739049935,103
43.853,2.169003268,0.629836235,-0.739049935,103
43.866,2.110187143,0.629836235,-0.839049935,103.1
43.879,2.055602395,0.662792783,-0.839049935,103.1
43.891,2.006941572,0.662792783,-0.839049935,103.1
43.904,1.964204676,0.696969943,-0.832861428,103
43.917,1.929084256,0.696969943,-0.839049935,103.1
43.929,1.9003109,0.696969943,-0.832861428,103
43.942,1.880423434,0.662792783,-0.839049935,103.1
43.955,1.868152444,0.662792783,-0.839049935,103.1
43.968,1.861382242,0.629836235,-0.839049935,103.1
43.98,1.86011283,0.563923141,-0.832861428,103
43.993,1.861382242,0.463832887,-0.839049935,103.1
44.006,1.867306169,0.332006698,-0.832861428,103
44.018,1.877884608,0.231916443,-0.739049935,103
44.031,1.893963837,0.133046802,-0.732861428,102.9
44.044,1.913005028,0.032956547,-0.739049935,103
44.056,1.936277595,-0.100090254,-0.639049935,102.9
44.069,1.962935263,-0.231916443,-0.639049935,102.9
44.082,1.992554894,-0.364963245,-0.539049935,102.8
44.095,2.025136488,-0.498010047,-0.539049935,102.8
44.107,2.061949458,-0.596879688,-0.439049935,102.7
44.12,2.102993804,-0.696969943,-0.439049935,102.7
44.133,2.149115801,-0.762883037,-0.339049935,102.6
44.145,2.198622899,-0.828796131,-0.332861428,102.5
44.158,2.249822547,-0.862973292,-0.339049935,102.6
44.171,2.304830433,-0.895929839,-0.262850517,102.5
44.183,2.36322342,-0.961842933,-0.262850517,102.5
44.196,2.425424645,-0.99479948,-0.162850517,102.4
44.209,2.489741558,-1.027756028,-0.162850517,102.4
44.222,2.554904746,-1.061933188,-0.162850517,102.4
44.234,2.617105972,-1.094889735,-0.062850517,102.3
44.247,2.677614646,-1.160802829,-0.062850517,102.3
44.26,2.735161358,-1.193759376,-0.062850517,102.3
44.272,2.788476694,-1.260893084,0.037149483,102.2
44.285,2.837137517,-1.326806178,0.037149483,102.2
44.298,2.879874413,-1.392719272,0.037149483,102.2
44.311,2.916264245,-1.426896432,0.007637117,102.1
44.323,2.945037601,-1.45985298,0.037149483,102.2
44.336,2.96619448,-1.492809527,0.04333799,102.1
44.349,2.979311746,-1.492809527,0.00144861,102.2
44.361,2.985658809,-1.45985298,0.00144861,102.2
44.374,2.986505085,-1.359762725,0.00144861,102.2
44.387,2.983966259,-1.226715924,0.037149483,102.2
44.399,2.97677292,-1.094889735,-0.062850517,102.3
44.412,2.965771343,-0.961842933,-0.05666201,102.2
44.425,2.950961527,-0.828796131,-0.162850517,102.4
44.438,2.932766611,-0.696969943,-0.162850517,102.4
44.45,2.911186594,-0.563923141,-0.239049935,102.5
44.463,2.886644614,-0.397919792,-0.239049935,102.5
44.476,2.859986946,-0.26487299,-0.339049935,102.6
44.488,2.829944178,-0.133046802,-0.339049935,102.6
44.501,2.797362583,0,-0.439049935,102.7
44.514,2.761395889,0.065913094,-0.439049935,102.7
44.526,2.723736643,0.133046802,-0.539049935,102.8
44.539,2.681422885,0.198959896,-0.539049935,102.8
44.552,2.639109126,0.26487299,-0.539049935,102.8
44.565,2.592987129,0.332006698,-0.539049935,102.8
44.577,2.546865132,0.364963245,-0.539049935,102.8
44.59,2.497781172,0.397919792,-0.639049935,102.9
44.603,2.447004662,0.430876339,-0.639049935,102.9
44.615,2.393689326,0.463832887,-0.603349062,102.9
44.628,2.342066541,0.463832887,-0.603349062,102.9
44.641,2.29129003,0.498010047,-0.603349062,102.9
44.654,2.244321758,0.530966594,-0.703349062,103
44.666,2.201584862,0.530966594,-0.703349062,103
44.679,2.163502479,0.530966594,-0.703349062,103
44.692,2.13007461,0.530966594,-0.703349062,103
44.704,2.101724391,0.530966594,-0.703349062,103
44.717,2.079721237,0.530966594,-0.703349062,103
44.73,2.063218871,0.563923141,-0.697160554,102.9
44.742,2.053486707,0.530966594,-0.739049935,103
44.755,2.047139643,0.530966594,-0.739049935,103
44.768,2.04587023,0.463832887,-0.739049935,103
44.781,2.04587023,0.364963245,-0.703349062,103
44.793,2.049678468,0.299050151,-0.703349062,103
44.806,2.05644867,0.198959896,-0.603349062,102.9
44.819,2.066180834,0.100090254,-0.603349062,102.9
44.831,2.078451824,0.032956547,-0.603349062,102.9
44.844,2.094107915,-0.032956547,-0.603349062,102.9
44.857,2.109340868,-0.133046802,-0.539049935,102.8
44.869,2.127535784,-0.231916443,-0.539049935,102.8
44.882,2.1457307,-0.299050151,-0.539049935,102.8
44.895,2.166041305,-0.397919792,-0.403349062,102.7
44.908,2.185928771,-0.463832887,-0.403349062,102.7
44.92,2.207508788,-0.530966594,-0.303349062,102.6
44.933,2.229088805,-0.596879688,-0.332861428,102.5
44.946,2.250245684,-0.662792783,-0.339049935,102.6
44.958,2.272248839,-0.696969943,-0.339049935,102.6
44.971,2.293828856,-0.696969943,-0.339049935,102.6
44.984,2.315408873,-0.72992649,-0.239049935,102.5
44.997,2.334873202,-0.762883037,-0.239049935,102.5
45.009,2.353491255,-0.762883037,-0.239049935,102.5
45.022,2.370416759,-0.795839584,-0.239049935,102.5
45.035,2.386072849,-0.795839584,-0.239049935,102.5
45.047,2.397074427,-0.795839584,-0.239049935,102.5
45.06,2.406806591,-0.828796131,-0.239049935,102.5
45.073,2.412730517,-0.828796131,-0.239049935,102.5
45.085,2.415692481,-0.795839584,-0.239049935,102.5
45.098,2.417808168,-0.795839584,-0.239049935,102.5
45.111,2.417808168,-0.72992649,-0.239049935,102.5
45.124,2.416538756,-0.662792783,-0.239049935,102.5
45.136,2.414423068,-0.596879688,-0.239049935,102.5
45.149,2.410614829,-0.530966594,-0.239049935,102.5
45.162,2.404267766,-0.463832887,-0.203349062,102.5
45.174,2.397497564,-0.397919792,-0.297160554,102.5
45.187,2.3877654,-0.332006698,-0.303349062,102.6
45.2,2.377610098,-0.26487299,-0.303349062,102.6
45.212,2.364492833,-0.198959896,-0.303349062,102.6
45.225,2.35095243,-0.133046802,-0.403349062,102.7
45.238,2.335296339,-0.032956547,-0.403349062,102.7
45.251,2.319217111,0.032956547,-0.403349062,102.7
45.263,2.301022195,0.100090254,-0.403349062,102.7
45.276,2.281557866,0.166003349,-0.503349062,102.8
45.289,2.259977849,0.231916443,-0.503349062,102.8
45.301,2.237551557,0.26487299,-0.503349062,102.8
45.314,2.213432714,0.299050151,-0.503349062,102.8
45.327,2.190160147,0.332006698,-0.503349062,102.8
45.34,2.165195029,0.364963245,-0.603349062,102.9
45.352,2.139806774,0.430876339,-0.603349062,102.9
45.365,2.114841657,0.463832887,-0.603349062,102.9
45.378,2.088607126,0.498010047,-0.603349062,102.9
45.39,2.064065146,0.530966594,-0.603349062,102.9
45.403,2.039946304,0.596879688,-0.603349062,102.9
45.416,2.017520012,0.596879688,-0.703349062,103
45.428,1.992554894,0.629836235,-0.703349062,103
45.441,1.970128602,0.629836235,-0.703349062,103
45.454,1.949817998,0.629836235,-0.703349062,103
45.467,1.93543132,0.629836235,-0.703349062,103
45.479,1.925276018,0.629836235,-0.703349062,103
45.492,1.917236404,0.629836235,-0.703349062,103
45.505,1.913428166,0.596879688,-0.703349062,103
45.517,1.912158753,0.596879688,-0.703349062,103
45.53,1.912158753,0.530966594,-0.703349062,103
45.543,1.913428166,0.430876339,-0.703349062,103
45.555,1.918082679,0.332006698,-0.597160554,102.8
45.568,1.924429743,0.231916443,-0.603349062,102.9
45.581,1.93373877,0.166003349,-0.603349062,102.9
45.594,1.943894072,0.133046802,-0.603349062,102.9
45.606,1.957011337,0.065913094,-0.503349062,102.8
45.619,1.97055174,-0.032956547,-0.503349062,102.8
45.632,1.986630968,-0.133046802,-0.503349062,102.8
45.644,2.004402747,-0.198959896,-0.503349062,102.8
45.657,2.023867076,-0.299050151,-0.403349062,102.7
45.67,2.043754542,-0.397919792,-0.403349062,102.7
45.683,2.065334559,-0.463832887,-0.339049935,102.6
45.695,2.088607126,-0.563923141,-0.339049935,102.6
45.708,2.112725969,-0.629836235,-0.303349062,102.6
45.721,2.138114224,-0.662792783,-0.303349062,102.6
45.733,2.162656204,-0.696969943,-0.239049935,102.5
45.746,2.189313872,-0.72992649,-0.239049935,102.5
45.759,2.214702127,-0.762883037,-0.239049935,102.5
45.771,2.24051352,-0.828796131,-0.239049935,102.5
45.784,2.265478637,-0.828796131,-0.239049935,102.5
45.797,2.290020617,-0.862973292,-0.139049935,102.4
45.81,2.312023772,-0.862973292,-0.139049935,102.4
45.822,2.332757514,-0.895929839,-0.139049935,102.4
45.835,2.351798705,-0.895929839,-0.139049935,102.4
45.848,2.367031658,-0.895929839,-0.139049935,102.4
45.86,2.381418336,-0.928886386,-0.139049935,102.4
45.873,2.391996776,-0.928886386,-0.103349062,102.4
45.886,2.400459527,-0.895929839,-0.139049935,102.4
45.898,2.405537178,-0.895929839,-0.139049935,102.4
45.911,2.409345417,-0.895929839,-0.139049935,102.4
45.924,2.410191692,-0.862973292,-0.139049935,102.4
45.937,2.410191692,-0.795839584,-0.139049935,102.4
45.949,2.407229729,-0.696969943,-0.139049935,102.4
45.962,2.403421491,-0.629836235,-0.103349062,102.4
45.975,2.396228152,-0.530966594,-0.103349062,102.4
45.987,2.388611675,-0.463832887,-0.203349062,102.5
46,2.377610098,-0.397919792,-0.203349062,102.5
46.013,2.365762245,-0.332006698,-0.203349062,102.5
46.026,2.351798705,-0.26487299,-0.203349062,102.5
46.038,2.337412027,-0.166003349,-0.303349062,102.6
46.051,2.320486524,-0.100090254,-0.303349062,102.6
46.064,2.303137883,0,-0.303349062,102.6
46.076,2.284096691,0.065913094,-0.403349062,102.7
46.089,2.263362949,0.133046802,-0.403349062,102.7
46.102,2.241782933,0.166003349,-0.403349062,102.7
46.114,2.21935664,0.231916443,-0.403349062,102.7
46.127,2.195660936,0.26487299,-0.403349062,102.7
46.14,2.171965231,0.299050151,-0.503349062,102.8
46.153,2.147000113,0.364963245,-0.503349062,102.8
46.165,2.121611858,0.397919792,-0.503349062,102.8
46.178,2.09664674,0.430876339,-0.503349062,102.8
46.191,2.07041221,0.463832887,-0.503349062,102.8
46.203,2.046716505,0.463832887,-0.503349062,102.8
46.216,2.021751388,0.498010047,-0.503349062,102.8
46.229,1.999325096,0.530966594,-0.603349062,102.9
46.241,1.976898803,0.563923141,-0.603349062,102.9
46.254,1.959550162,0.563923141,-0.567648188,102.9
46.267,1.943470934,0.596879688,-0.603349062,102.9
46.28,1.930776807,0.596879688,-0.603349062,102.9
46.292,1.921890917,0.596879688,-0.603349062,102.9
46.305,1.915966991,0.596879688,-0.603349062,102.9
46.318,1.913005028,0.563923141,-0.603349062,102.9
46.33,1.911312478,0.530966594,-0.603349062,102.9
46.343,1.912158753,0.463832887,-0.603349062,102.9
46.356,1.914274441,0.397919792,-0.603349062,102.9
46.369,1.918505817,0.299050151,-0.603349062,102.9
46.381,1.925276018,0.231916443,-0.503349062,102.8
46.394,1.934161907,0.166003349,-0.503349062,102.8
46.407,1.944740347,0.100090254,-0.503349062,102.8
46.419,1.957434475,0.032956547,-0.503349062,102.8
46.432,1.971821152,-0.065913094,-0.403349062,102.7
46.445,1.987900381,-0.133046802,-0.403349062,102.7
46.457,2.004825884,-0.231916443,-0.403349062,102.7
46.47,2.024290213,-0.332006698,-0.303349062,102.6
46.483,2.043754542,-0.397919792,-0.339049935,102.6
46.496,2.065334559,-0.498010047,-0.303349062,102.6
46.508,2.088183989,-0.563923141,-0.239049935,102.5
46.521,2.111879694,-0.629836235,-0.239049935,102.5
46.534,2.136844811,-0.696969943,-0.239049935,102.5
46.546,2.162233066,-0.72992649,-0.239049935,102.5
46.559,2.188044459,-0.762883037,-0.139049935,102.4
46.572,2.213432714,-0.795839584,-0.139049935,102.4
46.584,2.240090382,-0.828796131,-0.103349062,102.4
46.597,2.264632362,-0.862973292,-0.139049935,102.4
46.61,2.288751205,-0.895929839,-0.139049935,102.4
46.623,2.310754359,-0.895929839,-0.039049935,102.3
46.635,2.331488101,-0.928886386,-0.039049935,102.3
46.648,2.348836742,-0.928886386,-0.039049935,102.3
46.661,2.364069695,-0.928886386,-0.039049935,102.3
46.673,2.374224997,-0.928886386,-0.039049935,102.3
46.686,2.382264611,-0.928886386,-0.039049935,102.3
46.699,2.386495987,-0.928886386,-0.039049935,102.3
46.712,2.388611675,-0.895929839,-0.039049935,102.3
46.724,2.388611675,-0.828796131,-0.039049935,102.3
46.737,2.386495987,-0.72992649,-0.039049935,102.3
46.75,2.382687749,-0.662792783,-0.139049935,102.4
46.762,2.376340685,-0.596879688,-0.139049935,102.4
46.775,2.369147346,-0.530966594,-0.103349062,102.4
46.788,2.359415182,-0.463832887,-0.139049935,102.4
46.8,2.348836742,-0.364963245,-0.139049935,102.4
46.813,2.337412027,-0.299050151,-0.239049935,102.5
46.826,2.325141037,-0.231916443,-0.203349062,102.5
46.839,2.311177497,-0.166003349,-0.203349062,102.5
46.851,2.297213956,-0.100090254,-0.203349062,102.5
46.864,2.281981003,-0.032956547,-0.303349062,102.6
46.877,2.265901775,0.032956547,-0.303349062,102.6
46.889,2.249822547,0.100090254,-0.303349062,102.6
46.902,2.232897043,0.133046802,-0.303349062,102.6
46.915,2.21597154,0.166003349,-0.403349062,102.7
46.927,2.197776624,0.198959896,-0.403349062,102.7
46.94,2.180427983,0.231916443,-0.403349062,102.7
46.953,2.161386791,0.26487299,-0.403349062,102.7
46.966,2.143191875,0.299050151,-0.403349062,102.7
46.978,2.124573821,0.332006698,-0.403349062,102.7
46.991,2.106802042,0.332006698,-0.403349062,102.7
47.004,2.088607126,0.364963245,-0.403349062,102.7
47.016,2.071258485,0.397919792,-0.403349062,102.7
47.029,2.054332982,0.430876339,-0.503349062,102.8
47.042,2.039523166,0.430876339,-0.503349062,102.8
47.055,2.024290213,0.463832887,-0.503349062,102.8
47.067,2.011596086,0.463832887,-0.503349062,102.8
47.08,2.000594508,0.463832887,-0.503349062,102.8
47.093,1.990016069,0.498010047,-0.503349062,102.8
47.105,1.981553317,0.498010047,-0.503349062,102.8
47.118,1.974359978,0.498010047,-0.503349062,102.8
47.131,1.969282327,0.498010047,-0.503349062,102.8
47.143,1.965897226,0.498010047,-0.503349062,102.8
47.156,1.964627813,0.498010047,-0.503349062,102.8
47.169,1.964204676,0.463832887,-0.467648188,102.8
47.182,1.964627813,0.397919792,-0.503349062,102.8
47.194,1.965474089,0.332006698,-0.539049935,102.8
47.207,1.968436052,0.26487299,-0.439049935,102.7
47.22,1.972667428,0.198959896,-0.403349062,102.7
47.232,1.977745079,0.166003349,-0.403349062,102.7
47.245,1.983669005,0.100090254,-0.403349062,102.7
47.258,1.991285481,0.065913094,-0.439049935,102.7
47.27,1.999325096,0,-0.403349062,102.7
47.283,2.00736471,-0.065913094,-0.403349062,102.7
47.296,2.016673737,-0.100090254,-0.303349062,102.6
47.309,2.026405901,-0.166003349,-0.339049935,102.6
47.321,2.037407478,-0.198959896,-0.339049935,102.6
47.334,2.047985918,-0.26487299,-0.339049935,102.6
47.347,2.058987495,-0.299050151,-0.339049935,102.6
47.359,2.07041221,-0.364963245,-0.239049935,102.5
47.372,2.082260062,-0.397919792,-0.239049935,102.5
47.385,2.09326164,-0.463832887,-0.239049935,102.5
47.398,2.10553263,-0.498010047,-0.239049935,102.5
47.41,2.116534207,-0.530966594,-0.139049935,102.4
47.423,2.128805197,-0.596879688,-0.139049935,102.4
47.436,2.139806774,-0.629836235,-0.139049935,102.4
47.448,2.151231489,-0.629836235,-0.139049935,102.4
47.461,2.160117378,-0.662792783,-0.139049935,102.4
47.474,2.169849543,-0.662792783,-0.139049935,102.4
47.486,2.177042882,-0.696969943,-0.139049935,102.4
47.499,2.184236221,-0.696969943,-0.139049935,102.4
47.512,2.190160147,-0.696969943,-0.139049935,102.4
47.525,2.194391523,-0.696969943,-0.139049935,102.4
47.537,2.197776624,-0.696969943,-0.139049935,102.4
47.55,2.199892311,-0.696969943,-0.139049935,102.4
47.563,2.201161724,-0.662792783,-0.139049935,102.4
47.575,2.200315449,-0.629836235,-0.139049935,102.4
47.588,2.199892311,-0.563923141,-0.103349062,102.4
47.601,2.196930348,-0.498010047,-0.103349062,102.4
47.613,2.194391523,-0.430876339,-0.103349062,102.4
47.626,2.189313872,-0.397919792,-0.139049935,102.4
47.639,2.184236221,-0.332006698,-0.139049935,102.4
47.652,2.177042882,-0.299050151,-0.139049935,102.4
47.664,2.169849543,-0.231916443,-0.203349062,102.5
47.677,2.160963654,-0.198959896,-0.203349062,102.5
47.69,2.152500902,-0.133046802,-0.239049935,102.5
47.702,2.142768737,-0.100090254,-0.239049935,102.5
47.715,2.133036573,-0.032956547,-0.239049935,102.5
47.728,2.122458133,0.032956547,-0.303349062,102.6
47.741,2.111879694,0.065913094,-0.339049935,102.6
47.753,2.100454979,0.100090254,-0.303349062,102.6
47.766,2.089876539,0.166003349,-0.303349062,102.6
47.779,2.079721237,0.198959896,-0.297160554,102.5
47.791,2.06871966,0.231916443,-0.303349062,102.6
47.804,2.05814122,0.26487299,-0.303349062,102.6
47.817,2.047139643,0.299050151,-0.303349062,102.6
47.829,2.037407478,0.332006698,-0.403349062,102.7
47.842,2.028521589,0.364963245,-0.403349062,102.7
47.855,2.020058837,0.364963245,-0.403349062,102.7
47.868,2.012019223,0.364963245,-0.403349062,102.7
47.88,2.006095297,0.397919792,-0.403349062,102.7
47.893,2.001863921,0.397919792,-0.403349062,102.7
47.906,1.99847882,0.397919792,-0.403349062,102.7
47.918,1.996363132,0.397919792,-0.403349062,102.7
47.931,1.99509372,0.364963245,-0.403349062,102.7
47.944,1.99509372,0.332006698,-0.403349062,102.7
47.956,1.99509372,0.299050151,-0.403349062,102.7
47.969,1.996363132,0.231916443,-0.403349062,102.7
47.982,1.997632545,0.198959896,-0.303349062,102.6
47.995,2.001017646,0.133046802,-0.303349062,102.6
48.007,2.004825884,0.100090254,-0.303349062,102.6
48.02,2.010326673,0.032956547,-0.303349062,102.6
48.033,2.015827461,0,-0.339049935,102.6
48.045,2.023867076,-0.065913094,-0.303349062,102.6
48.058,2.031060415,-0.100090254,-0.339049935,102.6
48.071,2.039946304,-0.133046802,-0.239049935,102.5
48.084,2.049678468,-0.198959896,-0.239049935,102.5
48.096,2.060256908,-0.231916443,-0.203349062,102.5
48.109,2.071258485,-0.332006698,-0.239049935,102.5
48.122,2.0826832,-0.364963245,-0.239049935,102.5
48.134,2.09664674,-0.430876339,-0.139049935,102.4
48.147,2.10891773,-0.498010047,-0.139049935,102.4
48.16,2.123304408,-0.563923141,-0.139049935,102.4
48.172,2.136844811,-0.629836235,-0.139049935,102.4
48.185,2.152500902,-0.662792783,-0.039049935,102.3
48.198,2.167310717,-0.696969943,-0.039049935,102.3
48.211,2.182120533,-0.72992649,-0.039049935,102.3
48.223,2.196930348,-0.762883037,-0.039049935,102.3
48.236,2.212586439,-0.795839584,-0.039049935,102.3
48.249,2.227819392,-0.828796131,-0.039049935,102.3
48.261,2.24389862,-0.862973292,-0.039049935,102.3
48.274,2.259554711,-0.862973292,-0.039049935,102.3
48.287,2.273518252,-0.895929839,0.060950065,102.2
48.299,2.287904929,-0.895929839,0.060950065,102.2
48.312,2.300175919,-0.895929839,0.060950065,102.2
48.325,2.312023772,-0.928886386,0.060950065,102.2
48.338,2.321755936,-0.928886386,0.060950065,102.2
48.35,2.330218688,-0.928886386,0.060950065,102.2
48.363,2.336142614,-0.928886386,0.060950065,102.2
48.376,2.341220265,-0.928886386,0.060950065,102.2
48.388,2.343335953,-0.928886386,0.060950065,102.2
48.401,2.345028504,-0.895929839,0.060950065,102.2
48.414,2.345028504,-0.862973292,0.060950065,102.2
48.427,2.344605366,-0.795839584,0.060950065,102.2
48.439,2.342489678,-0.696969943,0.060950065,102.2
48.452,2.339104577,-0.629836235,-0.062850517,102.3
48.465,2.334026926,-0.596879688,-0.039049935,102.3
48.477,2.328103,-0.530966594,-0.039049935,102.3
48.49,2.320909661,-0.463832887,-0.039049935,102.3
48.503,2.313293185,-0.397919792,-0.039049935,102.3
48.515,2.304407295,-0.364963245,-0.039049935,102.3
48.528,2.294675131,-0.299050151,-0.103349062,102.4
48.541,2.284096691,-0.231916443,-0.103349062,102.4
48.554,2.273095114,-0.166003349,-0.139049935,102.4
48.566,2.262093537,-0.133046802,-0.139049935,102.4
48.579,2.249822547,-0.065913094,-0.139049935,102.4
48.592,2.237974694,-0.032956547,-0.239049935,102.5
48.604,2.224857429,0.032956547,-0.239049935,102.5
48.617,2.213432714,0.100090254,-0.239049935,102.5
48.63,2.200315449,0.133046802,-0.239049935,102.5
48.642,2.188890734,0.166003349,-0.239049935,102.5
48.655,2.175773469,0.166003349,-0.203349062,102.5
48.668,2.163925617,0.198959896,-0.303349062,102.6
48.681,2.151654627,0.231916443,-0.303349062,102.6
48.693,2.140653049,0.231916443,-0.339049935,102.6
48.706,2.128805197,0.26487299,-0.339049935,102.6
48.719,2.118649895,0.299050151,-0.339049935,102.6
48.731,2.109340868,0.299050151,-0.339049935,102.6
48.744,2.100878116,0.332006698,-0.339049935,102.6
48.757,2.094107915,0.332006698,-0.339049935,102.6
48.77,2.088183989,0.332006698,-0.339049935,102.6
48.782,2.08437575,0.332006698,-0.339049935,102.6
48.795,2.081413787,0.332006698,-0.339049935,102.6
48.808,2.08099065,0.299050151,-0.339049935,102.6
48.82,2.08099065,0.231916443,-0.339049935,102.6
48.833,2.082260062,0.166003349,-0.339049935,102.6
48.846,2.083529475,0.100090254,-0.339049935,102.6
48.858,2.088183989,0.065913094,-0.339049935,102.6
48.871,2.092415365,0,-0.203349062,102.5
48.884,2.099185566,-0.032956547,-0.203349062,102.5
48.897,2.106378905,-0.100090254,-0.203349062,102.5
48.909,2.114841657,-0.133046802,-0.203349062,102.5
48.922,2.123727546,-0.198959896,-0.203349062,102.5
48.935,2.134305986,-0.26487299,-0.139049935,102.4
48.947,2.144461288,-0.332006698,-0.139049935,102.4
48.96,2.156732278,-0.364963245,-0.139049935,102.4
48.973,2.16858013,-0.430876339,-0.139049935,102.4
48.985,2.181697395,-0.498010047,-0.039049935,102.3
48.998,2.195237798,-0.563923141,-0.039049935,102.3
49.011,2.207508788,-0.629836235,-0.039049935,102.3
49.024,2.221049191,-0.662792783,-0.039049935,102.3
49.036,2.234589594,-0.696969943,-0.039049935,102.3
49.049,2.248976272,-0.762883037,0.060950065,102.2
49.062,2.262516674,-0.762883037,0.060950065,102.2
49.074,2.276903352,-0.795839584,0.060950065,102.2
49.087,2.290443755,-0.862973292,0.060950065,102.2
49.1,2.30356102,-0.895929839,0.060950065,102.2
49.113,2.31583201,-0.895929839,0.060950065,102.2
49.125,2.327679863,-0.928886386,0.060950065,102.2
49.138,2.337835165,-0.928886386,0.060950065,102.2
49.151,2.347567329,-0.961842933,0.060950065,102.2
49.163,2.356030081,-0.961842933,0.060950065,102.2
49.176,2.36322342,-0.961842933,0.037149483,102.2
49.189,2.370416759,-0.961842933,0.037149483,102.2
49.201,2.373801859,-0.961842933,0.037149483,102.2
49.214,2.377610098,-0.961842933,0.060950065,102.2
49.227,2.378879511,-0.928886386,0.060950065,102.2
49.24,2.379725786,-0.895929839,0.060950065,102.2
49.252,2.378879511,-0.862973292,0.060950065,102.2
49.265,2.378033235,-0.762883037,0.037149483,102.2
49.278,2.375071272,-0.696969943,0.060950065,102.2
49.29,2.371263034,-0.629836235,0.060950065,102.2
49.303,2.365762245,-0.596879688,0.060950065,102.2
49.316,2.358568906,-0.530966594,0.060950065,102.2
49.328,2.351798705,-0.498010047,-0.039049935,102.3
49.341,2.343759091,-0.430876339,-0.039049935,102.3
49.354,2.336142614,-0.397919792,-0.039049935,102.3
49.367,2.327679863,-0.332006698,-0.039049935,102.3
49.379,2.320486524,-0.299050151,-0.039049935,102.3
49.392,2.312870047,-0.231916443,-0.045238442,102.4
49.405,2.305676708,-0.198959896,-0.039049935,102.3
49.417,2.297637094,-0.166003349,-0.145238442,102.5
49.43,2.290443755,-0.166003349,-0.139049935,102.4
49.443,2.283250416,-0.100090254,-0.139049935,102.4
49.456,2.277749627,-0.065913094,-0.139049935,102.4
49.468,2.270979426,-0.065913094,-0.139049935,102.4
49.481,2.265901775,-0.032956547,-0.139049935,102.4
49.494,2.260824124,-0.032956547,-0.139049935,102.4
49.506,2.255746473,0,-0.139049935,102.4
49.519,2.25278451,0,-0.139049935,102.4
49.532,2.249822547,0.032956547,-0.139049935,102.4
49.544,2.248553134,0.032956547,-0.139049935,102.4
49.557,2.247283721,0.032956547,-0.139049935,102.4
49.57,2.247283721,0,-0.139049935,102.4
49.583,2.246437446,-0.032956547,-0.139049935,102.4
49.595,2.247706859,-0.065913094,-0.139049935,102.4
49.608,2.247706859,-0.100090254,-0.139049935,102.4
49.621,2.248976272,-0.133046802,-0.139049935,102.4
49.633,2.249822547,-0.166003349,-0.139049935,102.4
49.646,2.251515097,-0.231916443,-0.139049935,102.4
49.659,2.253630785,-0.231916443,-0.139049935,102.4
49.671,2.257015886,-0.26487299,-0.139049935,102.4
49.684,2.259554711,-0.299050151,-0.139049935,102.4
49.697,2.262516674,-0.299050151,-0.139049935,102.4
49.71,2.26674805,-0.332006698,-0.039049935,102.3
49.722,2.270556288,-0.364963245,-0.039049935,102.3
49.735,2.275633939,-0.397919792,-0.039049935,102.3
49.748,2.280288453,-0.430876339,-0.039049935,102.3
49.76,2.286212379,-0.463832887,-0.039049935,102.3
49.773,2.29129003,-0.498010047,-0.039049935,102.3
49.786,2.297213956,-0.530966594,-0.039049935,102.3
49.799,2.301445332,-0.563923141,-0.039049935,102.3
49.811,2.307369258,-0.596879688,-0.039049935,102.3
49.824,2.312023772,-0.629836235,-0.039049935,102.3
49.837,2.317101423,-0.662792783,0.060950065,102.2
49.849,2.321755936,-0.662792783,0.060950065,102.2
49.862,2.32641045,-0.696969943,0.060950065,102.2
49.875,2.330218688,-0.696969943,0.060950065,102.2
49.887,2.334026926,-0.72992649,0.060950065,102.2
49.9,2.336565752,-0.72992649,0.060950065,102.2
49.913,2.339950853,-0.762883037,0.060950065,102.2
49.926,2.342066541,-0.762883037,0.060950065,102.2
49.938,2.343335953,-0.72992649,0.060950065,102.2
49.951,2.344605366,-0.72992649,0.060950065,102.2
49.964,2.345028504,-0.72992649,0.060950065,102.2
49.976,2.345028504,-0.696969943,0.060950065,102.2
49.989,2.344605366,-0.662792783,0.060950065,102.2
50.002,2.343759091,-0.629836235,0.060950065,102.2
50.014,2.342066541,-0.563923141,0.060950065,102.2
50.027,2.34037399,-0.530966594,0.060950065,102.2
50.04,2.337835165,-0.498010047,0.060950065,102.2
50.053,2.335296339,-0.463832887,0.060950065,102.2
50.065,2.331488101,-0.430876339,0.060950065,102.2
50.078,2.328103,-0.397919792,-0.039049935,102.3
50.091,2.323871624,-0.364963245,-0.039049935,102.3
50.103,2.319217111,-0.332006698,-0.039049935,102.3
50.116,2.31413946,-0.299050151,-0.039049935,102.3
50.129,2.308215534,-0.26487299,-0.039049935,102.3
50.142,2.302291607,-0.231916443,-0.039049935,102.3
50.154,2.295944544,-0.198959896,-0.039049935,102.3
50.167,2.289174342,-0.166003349,-0.039049935,102.3
50.18,2.282827278,-0.100090254,-0.039049935,102.3
50.192,2.275633939,-0.065913094,-0.139049935,102.4
50.205,2.2684406,-0.032956547,-0.139049935,102.4
50.218,2.261247262,0,-0.139049935,102.4
50.23,2.254053923,0.032956547,-0.139049935,102.4
50.243,2.247706859,0.065913094,-0.139049935,102.4
50.256,2.240090382,0.100090254,-0.139049935,102.4
50.269,2.233320181,0.100090254,-0.139049935,102.4
50.281,2.226126842,0.133046802,-0.103349062,102.4
50.294,2.220626053,0.133046802,-0.139049935,102.4
50.307,2.214702127,0.166003349,-0.139049935,102.4
50.319,2.208778201,0.166003349,-0.103349062,102.4
50.332,2.204123687,0.166003349,-0.103349062,102.4
50.345,2.200315449,0.166003349,-0.139049935,102.4
50.357,2.196507211,0.198959896,-0.139049935,102.4
50.37,2.193968385,0.198959896,-0.139049935,102.4
50.383,2.191852697,0.198959896,-0.139049935,102.4
50.396,2.190583285,0.166003349,-0.139049935,102.4
50.408,2.19142956,0.166003349,-0.103349062,102.4
50.421,2.190583285,0.133046802,-0.103349062,102.4
50.434,2.19142956,0.100090254,-0.139049935,102.4
50.446,2.192698973,0.032956547,-0.139049935,102.4
50.459,2.193968385,0,-0.139049935,102.4
50.472,2.195660936,-0.032956547,-0.103349062,102.4
50.484,2.197776624,-0.065913094,-0.103349062,102.4
50.497,2.200315449,-0.100090254,-0.139049935,102.4
50.51,2.202854275,-0.133046802,-0.139049935,102.4
50.523,2.206239375,-0.133046802,-0.139049935,102.4
50.535,2.209624476,-0.166003349,-0.139049935,102.4
50.548,2.213432714,-0.198959896,-0.139049935,102.4
50.561,2.218087228,-0.231916443,-0.139049935,102.4
50.573,2.222318604,-0.26487299,-0.039049935,102.3
50.586,2.225703704,-0.26487299,-0.003349062,102.3
50.599,2.230781355,-0.299050151,-0.039049935,102.3
50.612,2.234166456,-0.332006698,-0.003349062,102.3
50.624,2.238820969,-0.364963245,-0.003349062,102.3
50.637,2.241782933,-0.364963245,-0.009537569,102.4
50.65,2.246014308,-0.397919792,-0.039049935,102.3
50.662,2.248976272,-0.397919792,-0.039049935,102.3
50.675,2.251515097,-0.430876339,-0.039049935,102.3
50.688,2.253630785,-0.430876339,-0.039049935,102.3
50.7,2.254053923,-0.430876339,-0.039049935,102.3
50.713,2.254900198,-0.397919792,-0.003349062,102.3
50.726,2.254900198,-0.397919792,-0.003349062,102.3
50.739,2.254900198,-0.364963245,-0.003349062,102.3
50.751,2.253630785,-0.299050151,-0.003349062,102.3
50.764,2.252361372,-0.231916443,-0.039049935,102.3
50.777,2.248976272,-0.166003349,-0.039049935,102.3
50.789,2.246014308,-0.133046802,-0.039049935,102.3
50.802,2.24051352,-0.100090254,-0.039049935,102.3
50.815,2.235859006,-0.065913094,-0.003349062,102.3
50.827,2.230358218,-0.032956547,-0.003349062,102.3
50.84,2.223588016,0,-0.103349062,102.4
50.853,2.21597154,0.065913094,-0.139049935,102.4
50.866,2.208355063,0.100090254,-0.103349062,102.4
50.878,2.199892311,0.166003349,-0.103349062,102.4
50.891,2.190160147,0.198959896,-0.139049935,102.4
50.904,2.178735432,0.231916443,-0.139049935,102.4
50.916,2.167310717,0.26487299,-0.139049935,102.4
50.929,2.155039727,0.299050151,-0.239049935,102.5
50.942,2.140653049,0.332006698,-0.203349062,102.5
50.955,2.127535784,0.364963245,-0.203349062,102.5
50.967,2.113995381,0.364963245,-0.203349062,102.5
50.98,2.100878116,0.397919792,-0.203349062,102.5
50.993,2.086914576,0.430876339,-0.203349062,102.5
51.005,2.072951036,0.463832887,-0.239049935,102.5
51.018,2.058987495,0.463832887,-0.239049935,102.5
51.031,2.044600817,0.498010047,-0.239049935,102.5
51.043,2.030214139,0.530966594,-0.239049935,102.5
51.056,2.017520012,0.530966594,-0.339049935,102.6
51.069,2.003556471,0.563923141,-0.339049935,102.6
51.082,1.991285481,0.563923141,-0.339049935,102.6
51.094,1.979014491,0.596879688,-0.339049935,102.6
51.107,1.968436052,0.596879688,-0.339049935,102.6
51.12,1.959550162,0.596879688,-0.339049935,102.6
51.132,1.952356823,0.596879688,-0.339049935,102.6
51.145,1.946432897,0.596879688,-0.339049935,102.6
51.158,1.942624659,0.596879688,-0.339049935,102.6
51.171,1.940085833,0.596879688,-0.339049935,102.6
51.183,1.938816421,0.563923141,-0.339049935,102.6
51.196,1.938816421,0.530966594,-0.339049935,102.6
51.209,1.938816421,0.463832887,-0.339049935,102.6
51.221,1.940085833,0.397919792,-0.339049935,102.6
51.234,1.941355246,0.364963245,-0.339049935,102.6
51.247,1.945163484,0.299050151,-0.239049935,102.5
51.259,1.948971723,0.26487299,-0.239049935,102.5
51.272,1.953626236,0.231916443,-0.239049935,102.5
51.285,1.958703887,0.166003349,-0.239049935,102.5
51.298,1.965897226,0.133046802,-0.239049935,102.5
51.31,1.972667428,0.100090254,-0.239049935,102.5
51.323,1.981130179,0.065913094,-0.239049935,102.5
51.336,1.988746656,0,-0.139049935,102.4
51.348,1.997632545,-0.065913094,-0.139049935,102.4
51.361,2.00736471,-0.100090254,-0.139049935,102.4
51.374,2.017520012,-0.133046802,-0.139049935,102.4
51.386,2.027252176,-0.198959896,-0.139049935,102.4
51.399,2.037407478,-0.231916443,-0.139049935,102.4
51.412,2.047985918,-0.299050151,-0.039049935,102.3
51.425,2.05814122,-0.364963245,-0.039049935,102.3
51.437,2.06871966,-0.397919792,-0.039049935,102.3
51.45,2.077605549,-0.430876339,-0.039049935,102.3
51.463,2.087337714,-0.463832887,-0.039049935,102.3
51.475,2.09664674,-0.498010047,-0.039049935,102.3
51.488,2.10553263,-0.530966594,0.060950065,102.2
51.501,2.112725969,-0.563923141,0.060950065,102.2
51.514,2.119073032,-0.563923141,0.060950065,102.2
51.526,2.124996959,-0.596879688,0.060950065,102.2
51.539,2.128805197,-0.596879688,0.054761558,102.3
51.552,2.132190298,-0.596879688,0.060950065,102.2
51.564,2.134305986,-0.596879688,0.030960976,102.3
51.577,2.134729123,-0.563923141,0.037149483,102.2
51.59,2.134729123,-0.530966594,0.037149483,102.2
51.602,2.134305986,-0.463832887,0.060950065,102.2
51.615,2.132190298,-0.397919792,0.054761558,102.3
51.628,2.128382059,-0.332006698,0.060950065,102.2
51.641,2.122458133,-0.26487299,-0.069039024,102.4
51.653,2.115264794,-0.198959896,-0.039049935,102.3
51.666,2.106802042,-0.133046802,-0.039049935,102.3
51.679,2.097069878,-0.065913094,-0.039049935,102.3
51.691,2.086068301,0,-0.039049935,102.3
51.704,2.075066724,0.065913094,-0.139049935,102.4
51.717,2.063218871,0.100090254,-0.139049935,102.4
51.729,2.050524743,0.166003349,-0.139049935,102.4
51.742,2.038253753,0.231916443,-0.139049935,102.4
51.755,2.023867076,0.299050151,-0.139049935,102.4
51.768,2.009480398,0.364963245,-0.239049935,102.5
51.78,1.994670582,0.397919792,-0.239049935,102.5
51.793,1.979860767,0.463832887,-0.239049935,102.5
51.806,1.964627813,0.530966594,-0.245238442,102.6
51.818,1.950241136,0.596879688,-0.239049935,102.5
51.831,1.93543132,0.629836235,-0.345238442,102.7
51.844,1.921890917,0.662792783,-0.339049935,102.6
51.856,1.908350514,0.696969943,-0.339049935,102.6
51.869,1.894810112,0.72992649,-0.303349062,102.6
51.882,1.882962259,0.72992649,-0.303349062,102.6
51.895,1.873653232,0.72992649,-0.339049935,102.6
51.907,1.866883031,0.696969943,-0.339049935,102.6
51.92,1.862228518,0.696969943,-0.339049935,102.6
51.933,1.86011283,0.696969943,-0.339049935,102.6
51.945,1.858843417,0.662792783,-0.339049935,102.6
51.958,1.859689692,0.596879688,-0.339049935,102.6
51.971,1.86011283,0.530966594,-0.339049935,102.6
51.984,1.862228518,0.463832887,-0.339049935,102.6
51.996,1.865613618,0.397919792,-0.339049935,102.6
52.009,1.870691269,0.332006698,-0.339049935,102.6
52.022,1.87576892,0.299050151,-0.239049935,102.5
52.034,1.883385397,0.231916443,-0.239049935,102.5
52.047,1.891425011,0.198959896,-0.239049935,102.5
52.06,1.9003109,0.133046802,-0.239049935,102.5
52.072,1.909619927,0.100090254,-0.239049935,102.5
52.085,1.919775229,0.032956547,-0.139049935,102.4
52.098,1.930776807,-0.032956547,-0.139049935,102.4
52.111,1.942624659,-0.065913094,-0.139049935,102.4
52.123,1.954472511,-0.133046802,-0.139049935,102.4
52.136,1.965897226,-0.198959896,-0.139049935,102.4
52.149,1.979014491,-0.231916443,-0.039049935,102.3
52.161,1.990862344,-0.299050151,-0.039049935,102.3
52.174,2.003133334,-0.364963245,-0.039049935,102.3
52.187,2.014134911,-0.397919792,-0.039049935,102.3
52.199,2.025136488,-0.430876339,-0.062850517,102.3
52.212,2.034868653,-0.498010047,0.037149483,102.2
52.225,2.045023955,-0.530966594,0.060950065,102.2
52.238,2.053486707,-0.563923141,0.060950065,102.2
52.25,2.061526321,-0.563923141,0.060950065,102.2
52.263,2.067873385,-0.596879688,0.060950065,102.2
52.276,2.072951036,-0.596879688,0.060950065,102.2
52.288,2.077182411,-0.596879688,0.037149483,102.2
52.301,2.079721237,-0.596879688,0.037149483,102.2
52.314,2.080144375,-0.596879688,0.037149483,102.2
52.327,2.08099065,-0.530966594,0.037149483,102.2
52.339,2.080144375,-0.498010047,0.060950065,102.2
52.352,2.078451824,-0.430876339,0.037149483,102.2
52.365,2.075912999,-0.332006698,0.037149483,102.2
52.377,2.07041221,-0.299050151,0.037149483,102.2
52.39,2.064488284,-0.231916443,-0.062850517,102.3
52.403,2.056871807,-0.166003349,-0.062850517,102.3
52.415,2.049255331,-0.133046802,-0.062850517,102.3
52.428,2.039523166,-0.065913094,-0.062850517,102.3
52.441,2.029791002,0,-0.039049935,102.3
52.454,2.018789425,0.065913094,-0.139049935,102.4
52.466,2.00736471,0.100090254,-0.139049935,102.4
52.479,1.995939995,0.166003349,-0.139049935,102.4
52.492,1.984938418,0.231916443,-0.139049935,102.4
52.504,1.971821152,0.299050151,-0.139049935,102.4
52.517,1.960396438,0.332006698,-0.139049935,102.4
52.53,1.948548585,0.364963245,-0.239049935,102.5
52.542,1.936700733,0.430876339,-0.245238442,102.6
52.555,1.925699156,0.463832887,-0.239049935,102.5
52.568,1.914274441,0.498010047,-0.245238442,102.6
52.581,1.903696001,0.563923141,-0.239049935,102.5
52.593,1.893963837,0.563923141,-0.239049935,102.5
52.606,1.885077947,0.596879688,-0.239049935,102.5
52.619,1.876615196,0.629836235,-0.339049935,102.6
52.631,1.870691269,0.629836235,-0.339049935,102.6
52.644,1.864767343,0.629836235,-0.339049935,102.6
52.657,1.861382242,0.629836235,-0.339049935,102.6
52.67,1.859689692,0.629836235,-0.339049935,102.6
52.682,1.858843417,0.629836235,-0.339049935,102.6
52.695,1.858420279,0.563923141,-0.339049935,102.6
52.708,1.859689692,0.498010047,-0.239049935,102.5
52.72,1.860959105,0.430876339,-0.239049935,102.5
52.733,1.863921068,0.364963245,-0.245238442,102.6
52.746,1.868575581,0.299050151,-0.239049935,102.5
52.758,1.874499508,0.26487299,-0.245238442,102.6
52.771,1.881692847,0.231916443,-0.239049935,102.5
52.784,1.890155598,0.166003349,-0.245238442,102.6
52.797,1.89861835,0.100090254,-0.239049935,102.5
52.809,1.908350514,0.032956547,-0.145238442,102.5
52.822,1.919775229,0,-0.139049935,102.4
52.835,1.930776807,-0.065913094,-0.145238442,102.5
52.847,1.943470934,-0.133046802,-0.139049935,102.4
52.86,1.954895649,-0.166003349,-0.045238442,102.4
52.873,1.968012914,-0.231916443,-0.039049935,102.3
52.885,1.980283904,-0.299050151,-0.039049935,102.3
52.898,1.992554894,-0.364963245,-0.039049935,102.3
52.911,2.004825884,-0.397919792,-0.039049935,102.3
52.924,2.017520012,-0.463832887,0.060950065,102.2
52.936,2.030214139,-0.498010047,0.060950065,102.2
52.949,2.042061992,-0.563923141,0.054761558,102.3
52.962,2.054332982,-0.596879688,0.037149483,102.2
52.974,2.066180834,-0.629836235,0.030960976,102.3
52.987,2.077605549,-0.662792783,0.037149483,102.2
53,2.088183989,-0.696969943,0.130960976,102.2
53.013,2.099185566,-0.696969943,0.137149483,102.1
53.025,2.108071455,-0.72992649,0.154761558,102.2
53.038,2.116534207,-0.72992649,0.137149483,102.1
53.051,2.123304408,-0.762883037,0.130960976,102.2
53.063,2.128805197,-0.762883037,0.137149483,102.1
53.076,2.133036573,-0.762883037,0.137149483,102.1
53.089,2.135998536,-0.762883037,0.137149483,102.1
53.101,2.137267949,-0.72992649,0.137149483,102.1
53.114,2.138114224,-0.696969943,0.137149483,102.1
53.127,2.137267949,-0.662792783,0.137149483,102.1
53.14,2.136844811,-0.596879688,0.130960976,102.2
53.152,2.134729123,-0.530966594,0.137149483,102.1
53.165,2.130920885,-0.463832887,0.037149483,102.2
53.178,2.127112647,-0.430876339,0.037149483,102.2
53.19,2.121611858,-0.364963245,0.030960976,102.3
53.203,2.116534207,-0.332006698,0.060950065,102.2
53.216,2.109340868,-0.26487299,0.030960976,102.3
53.228,2.102147529,-0.231916443,0.037149483,102.2
53.241,2.09326164,-0.166003349,0.030960976,102.3
53.254,2.08437575,-0.133046802,-0.062850517,102.3
53.267,2.074643586,-0.100090254,-0.062850517,102.3
53.279,2.064488284,-0.032956547,-0.062850517,102.3
53.292,2.054332982,0.032956547,-0.062850517,102.3
53.305,2.043754542,0.065913094,-0.039049935,102.3
53.317,2.03359924,0.133046802,-0.139049935,102.4
53.33,2.0230208,0.166003349,-0.145238442,102.5
53.343,2.012865498,0.198959896,-0.139049935,102.4
53.356,2.003133334,0.231916443,-0.145238442,102.5
53.368,1.993824307,0.26487299,-0.139049935,102.4
53.381,1.984092142,0.299050151,-0.139049935,102.4
53.394,1.976898803,0.332006698,-0.139049935,102.4
53.406,1.970128602,0.332006698,-0.139049935,102.4
53.419,1.964627813,0.332006698,-0.139049935,102.4
53.432,1.959550162,0.364963245,-0.145238442,102.5
53.444,1.957011337,0.364963245,-0.139049935,102.4
53.457,1.954472511,0.332006698,-0.145238442,102.5
53.47,1.954472511,0.332006698,-0.139049935,102.4
53.483,1.954472511,0.299050151,-0.139049935,102.4
53.495,1.955741924,0.231916443,-0.139049935,102.4
53.508,1.957011337,0.166003349,-0.139049935,102.4
53.521,1.960819575,0.100090254,-0.139049935,102.4
53.533,1.965474089,0.032956547,-0.139049935,102.4
53.546,1.97055174,0,-0.139049935,102.4
53.559,1.978168216,-0.065913094,-0.139049935,102.4
53.571,1.98620783,-0.100090254,-0.039049935,102.3
53.584,1.995939995,-0.166003349,-0.039049935,102.3
53.597,2.005672159,-0.231916443,-0.039049935,102.3
53.61,2.017520012,-0.299050151,-0.039049935,102.3
53.622,2.028521589,-0.364963245,-0.039049935,102.3
53.635,2.041215717,-0.430876339,0.060950065,102.2
53.648,2.054332982,-0.498010047,0.060950065,102.2
53.66,2.06871966,-0.563923141,0.054761558,102.3
53.673,2.0826832,-0.629836235,0.060950065,102.2
53.686,2.099185566,-0.662792783,0.154761558,102.2
53.699,2.116111069,-0.72992649,0.137149483,102.1
53.711,2.134305986,-0.795839584,0.137149483,102.1
53.724,2.152924039,-0.828796131,0.137149483,102.1
53.737,2.173234644,-0.862973292,0.130960976,102.2
53.749,2.193968385,-0.895929839,0.237149483,102
53.762,2.215125265,-0.928886386,0.230960976,102.1
53.775,2.235435869,-0.961842933,0.237149483,102
53.787,2.254900198,-0.961842933,0.230960976,102.1
53.8,2.273095114,-0.99479948,0.237149483,102
53.813,2.289174342,-0.99479948,0.237149483,102
53.826,2.304407295,-0.99479948,0.237149483,102
53.838,2.31583201,-1.027756028,0.230960976,102.1
53.851,2.326833587,-1.027756028,0.237149483,102
53.864,2.334873202,-1.027756028,0.20144861,102
53.876,2.34037399,-0.99479948,0.20144861,102
53.889,2.343759091,-0.99479948,0.20144861,102
53.902,2.345874779,-0.99479948,0.195260102,102.1
53.914,2.345874779,-0.961842933,0.20144861,102
53.927,2.345874779,-0.895929839,0.230960976,102.1
53.94,2.343759091,-0.795839584,0.20144861,102
53.953,2.34037399,-0.72992649,0.195260102,102.1
53.965,2.336142614,-0.662792783,0.137149483,102.1
53.978,2.330218688,-0.629836235,0.130960976,102.2
53.991,2.323025349,-0.563923141,0.137149483,102.1
54.003,2.314562597,-0.498010047,0.130960976,102.2
54.016,2.306099846,-0.430876339,0.137149483,102.1
54.029,2.296367681,-0.364963245,0.030960976,102.3
54.042,2.287481792,-0.299050151,0.037149483,102.2
54.054,2.275633939,-0.26487299,0.054761558,102.3
54.067,2.265478637,-0.198959896,0.037149483,102.2
54.08,2.253630785,-0.133046802,0.030960976,102.3
54.092,2.242629208,-0.065913094,-0.062850517,102.3
54.105,2.230781355,-0.032956547,-0.039049935,102.3
54.118,2.219779778,0,-0.062850517,102.3
54.13,2.208355063,0.065913094,-0.062850517,102.3
54.143,2.196930348,0.100090254,-0.062850517,102.3
54.156,2.185505634,0.133046802,-0.062850517,102.3
54.169,2.174504056,0.166003349,-0.162850517,102.4
54.181,2.163925617,0.198959896,-0.162850517,102.4
54.194,2.154193452,0.198959896,-0.162850517,102.4
54.207,2.144461288,0.231916443,-0.139049935,102.4
54.219,2.135998536,0.231916443,-0.139049935,102.4
54.232,2.129651472,0.231916443,-0.162850517,102.4
54.245,2.123727546,0.231916443,-0.169039024,102.5
54.257,2.120342445,0.231916443,-0.162850517,102.4
54.27,2.11780362,0.231916443,-0.169039024,102.5
54.283,2.117380482,0.231916443,-0.162850517,102.4
54.296,2.117380482,0.166003349,-0.162850517,102.4
54.308,2.11780362,0.133046802,-0.139049935,102.4
54.321,2.119919308,0.065913094,-0.139049935,102.4
54.334,2.122458133,0,-0.039049935,102.3
54.346,2.126266371,-0.065913094,-0.039049935,102.3
54.359,2.13176716,-0.100090254,-0.045238442,102.4
54.372,2.138114224,-0.133046802,-0.039049935,102.3
54.385,2.145307563,-0.198959896,-0.069039024,102.4
54.397,2.153770315,-0.231916443,-0.062850517,102.3
54.41,2.162656204,-0.299050151,-0.045238442,102.4
54.423,2.173657781,-0.364963245,0.060950065,102.2
54.435,2.184236221,-0.430876339,0.054761558,102.3
54.448,2.196507211,-0.463832887,0.060950065,102.2
54.461,2.207508788,-0.530966594,0.054761558,102.3
54.473,2.219779778,-0.596879688,0.160950065,102.1
54.486,2.232897043,-0.662792783,0.160950065,102.1
54.499,2.245168033,-0.696969943,0.137149483,102.1
54.512,2.257439023,-0.72992649,0.137149483,102.1
54.524,2.269710013,-0.795839584,0.137149483,102.1
54.537,2.281981003,-0.828796131,0.137149483,102.1
54.55,2.29298258,-0.862973292,0.237149483,102
54.562,2.304830433,-0.895929839,0.237149483,102
54.575,2.31413946,-0.928886386,0.230960976,102.1
54.588,2.322602212,-0.928886386,0.237149483,102
54.6,2.329372413,-0.961842933,0.237149483,102
54.613,2.335296339,-0.961842933,0.237149483,102
54.626,2.33868144,-0.961842933,0.237149483,102
54.639,2.342066541,-0.928886386,0.237149483,102
54.651,2.342489678,-0.928886386,0.230960976,102.1
54.664,2.343335953,-0.862973292,0.237149483,102
54.677,2.342066541,-0.828796131,0.230960976,102.1
54.689,2.339104577,-0.72992649,0.137149483,102.1
54.702,2.334873202,-0.629836235,0.137149483,102.1
54.715,2.328103,-0.563923141,0.137149483,102.1
54.728,2.319640248,-0.530966594,0.137149483,102.1
54.74,2.309908084,-0.430876339,0.160950065,102.1
54.753,2.299752782,-0.364963245,0.060950065,102.2
54.766,2.287904929,-0.299050151,0.037149483,102.2
54.778,2.276480215,-0.231916443,0.030960976,102.3
54.791,2.262516674,-0.166003349,0.037149483,102.2
54.804,2.250245684,-0.100090254,-0.062850517,102.3
54.816,2.236705281,-0.032956547,-0.062850517,102.3
54.829,2.223588016,0.032956547,-0.062850517,102.3
54.842,2.208778201,0.100090254,-0.062850517,102.3
54.855,2.195660936,0.133046802,-0.062850517,102.3
54.867,2.182120533,0.166003349,-0.139049935,102.4
54.88,2.169849543,0.198959896,-0.139049935,102.4
54.893,2.15630914,0.231916443,-0.139049935,102.4
54.905,2.144461288,0.26487299,-0.139049935,102.4
54.918,2.133036573,0.299050151,-0.162850517,102.4
54.931,2.122458133,0.299050151,-0.162850517,102.4
54.943,2.113572244,0.332006698,-0.139049935,102.4
54.956,2.105109492,0.332006698,-0.169039024,102.5
54.969,2.097069878,0.332006698,-0.139049935,102.4
54.982,2.090722814,0.364963245,-0.145238442,102.5
54.994,2.086068301,0.364963245,-0.139049935,102.4
55.007,2.081413787,0.364963245,-0.145238442,102.5
55.02,2.078874962,0.364963245,-0.139049935,102.4
55.032,2.077182411,0.332006698,-0.139049935,102.4
55.045,2.076336136,0.332006698,-0.139049935,102.4
55.058,2.075912999,0.299050151,-0.139049935,102.4
55.071,2.076336136,0.26487299,-0.139049935,102.4
55.083,2.076336136,0.198959896,-0.139049935,102.4
55.096,2.078451824,0.133046802,-0.139049935,102.4
55.109,2.080144375,0.100090254,-0.139049935,102.4
55.121,2.0826832,0.065913094,-0.139049935,102.4
55.134,2.085645163,0.032956547,-0.139049935,102.4
55.147,2.089876539,0,-0.139049935,102.4
55.159,2.094107915,-0.032956547,-0.139049935,102.4
55.172,2.099185566,-0.065913094,-0.045238442,102.4
55.185,2.105109492,-0.100090254,-0.039049935,102.3
55.198,2.110610281,-0.133046802,-0.045238442,102.4
55.21,2.116534207,-0.166003349,-0.039049935,102.3
55.223,2.122458133,-0.198959896,-0.039049935,102.3
55.236,2.128805197,-0.231916443,-0.039049935,102.3
55.248,2.134729123,-0.26487299,-0.039049935,102.3
55.261,2.141499325,-0.299050151,-0.039049935,102.3
55.274,2.146576976,-0.332006698,0.060950065,102.2
55.286,2.152500902,-0.364963245,0.060950065,102.2
55.299,2.157578553,-0.364963245,0.060950065,102.2
55.312,2.162656204,-0.397919792,0.060950065,102.2
55.325,2.166041305,-0.397919792,0.060950065,102.2
55.337,2.169849543,-0.430876339,0.060950065,102.2
55.35,2.172388368,-0.430876339,0.060950065,102.2
55.363,2.173657781,-0.430876339,0.060950065,102.2
55.375,2.174927194,-0.430876339,0.060950065,102.2
55.388,2.175773469,-0.397919792,0.054761558,102.3
55.401,2.175773469,-0.364963245,0.060950065,102.2
55.414,2.174927194,-0.332006698,0.054761558,102.3
55.426,2.174504056,-0.26487299,0.060950065,102.2
55.439,2.171965231,-0.198959896,0.060950065,102.2
55.452,2.169849543,-0.166003349,0.060950065,102.2
55.464,2.166041305,-0.133046802,0.054761558,102.3
55.477,2.162233066,-0.100090254,-0.039049935,102.3
55.49,2.15630914,-0.065913094,-0.039049935,102.3
55.502,2.150385214,-0.032956547,-0.039049935,102.3
55.515,2.14403815,0.032956547,-0.039049935,102.3
55.528,2.136844811,0.065913094,-0.039049935,102.3
55.541,2.128382059,0.100090254,-0.039049935,102.3
55.553,2.120342445,0.133046802,-0.039049935,102.3
55.566,2.111879694,0.166003349,-0.139049935,102.4
55.579,2.102993804,0.231916443,-0.145238442,102.5
55.591,2.094531052,0.26487299,-0.103349062,102.4
55.604,2.085645163,0.332006698,-0.145238442,102.5
55.617,2.076336136,0.364963245,-0.139049935,102.4
55.629,2.066603972,0.397919792,-0.145238442,102.5
55.642,2.057718082,0.397919792,-0.139049935,102.4
55.655,2.047139643,0.430876339,-0.109537569,102.5
55.668,2.038253753,0.430876339,-0.139049935,102.4
55.68,2.028521589,0.463832887,-0.145238442,102.5
55.693,2.020058837,0.463832887,-0.239049935,102.5
55.706,2.012019223,0.498010047,-0.245238442,102.6
55.718,2.005672159,0.498010047,-0.239049935,102.5
55.731,1.999325096,0.498010047,-0.203349062,102.5
55.744,1.99509372,0.498010047,-0.239049935,102.5
55.757,1.992131757,0.498010047,-0.239049935,102.5
55.769,1.989592931,0.463832887,-0.239049935,102.5
55.782,1.989592931,0.463832887,-0.239049935,102.5
55.795,1.988746656,0.430876339,-0.239049935,102.5
55.807,1.990016069,0.364963245,-0.139049935,102.4
55.82,1.990862344,0.299050151,-0.139049935,102.4
55.833,1.993401169,0.231916443,-0.139049935,102.4
55.845,1.995939995,0.198959896,-0.139049935,102.4
55.858,2.000594508,0.133046802,-0.139049935,102.4
55.871,2.004825884,0.100090254,-0.145238442,102.5
55.884,2.01074981,0.065913094,-0.139049935,102.4
55.896,2.017520012,0.032956547,-0.139049935,102.4
55.909,2.023867076,0,-0.139049935,102.4
55.922,2.030214139,-0.065913094,-0.039049935,102.3
55.934,2.037407478,-0.100090254,-0.039049935,102.3
55.947,2.045023955,-0.133046802,-0.039049935,102.3
55.96,2.052217294,-0.166003349,-0.039049935,102.3
55.972,2.060256908,-0.198959896,-0.039049935,102.3
55.985,2.067450247,-0.231916443,-0.039049935,102.3
55.998,2.075912999,-0.299050151,-0.039049935,102.3
56.011,2.0826832,-0.332006698,0.060950065,102.2
56.023,2.090722814,-0.332006698,0.060950065,102.2
56.036,2.097916153,-0.364963245,0.060950065,102.2
56.049,2.10553263,-0.397919792,0.060950065,102.2
56.061,2.111456556,-0.430876339,0.060950065,102.2
56.074,2.11780362,-0.463832887,0.060950065,102.2
56.087,2.123304408,-0.463832887,0.060950065,102.2
56.1,2.128382059,-0.498010047,0.060950065,102.2
56.112,2.132190298,-0.498010047,0.060950065,102.2
56.125,2.135575398,-0.498010047,0.060950065,102.2
56.138,2.137267949,-0.498010047,0.060950065,102.2
56.15,2.138537361,-0.498010047,0.060950065,102.2
56.163,2.139383637,-0.498010047,0.060950065,102.2
56.176,2.138537361,-0.463832887,0.060950065,102.2
56.188,2.138114224,-0.397919792,0.060950065,102.2
56.201,2.136844811,-0.332006698,0.060950065,102.2
56.214,2.134729123,-0.299050151,0.060950065,102.2
56.227,2.130920885,-0.231916443,0.060950065,102.2
56.239,2.127112647,-0.198959896,0.060950065,102.2
56.252,2.12118872,-0.133046802,0.060950065,102.2
56.265,2.115264794,-0.100090254,0.060950065,102.2
56.277,2.107648318,-0.065913094,-0.039049935,102.3
56.29,2.099185566,0,-0.039049935,102.3
56.303,2.089876539,0.065913094,-0.039049935,102.3
56.315,2.08099065,0.100090254,-0.039049935,102.3
56.328,2.07041221,0.166003349,-0.039049935,102.3
56.341,2.060680046,0.198959896,-0.039049935,102.3
56.354,2.049678468,0.26487299,-0.139049935,102.4
56.366,2.039523166,0.299050151,-0.139049935,102.4
56.379,2.028521589,0.332006698,-0.139049935,102.4
56.392,2.017943149,0.397919792,-0.139049935,102.4
56.404,2.008210985,0.430876339,-0.139049935,102.4
56.417,1.997632545,0.463832887,-0.139049935,102.4
56.43,1.988746656,0.498010047,-0.203349062,102.5
56.443,1.979860767,0.530966594,-0.209537569,102.6
56.455,1.971821152,0.530966594,-0.203349062,102.5
56.468,1.964204676,0.530966594,-0.245238442,102.6
56.481,1.95828075,0.530966594,-0.239049935,102.5
56.493,1.953626236,0.530966594,-0.239049935,102.5
56.506,1.951087411,0.530966594,-0.203349062,102.5
56.519,1.949817998,0.498010047,-0.203349062,102.5
56.531,1.949817998,0.463832887,-0.239049935,102.5
56.544,1.948971723,0.397919792,-0.139049935,102.4
56.557,1.951087411,0.364963245,-0.139049935,102.4
56.57,1.953626236,0.299050151,-0.139049935,102.4
56.582,1.95828075,0.231916443,-0.109537569,102.5
56.595,1.964204676,0.166003349,-0.103349062,102.4
56.608,1.971398015,0.133046802,-0.145238442,102.5
56.62,1.979014491,0.065913094,-0.139049935,102.4
56.633,1.987900381,0,-0.145238442,102.5
56.646,1.999325096,-0.065913094,-0.039049935,102.3
56.658,2.010326673,-0.100090254,-0.045238442,102.4
56.671,2.0230208,-0.166003349,-0.062850517,102.3
56.684,2.036138066,-0.231916443,-0.069039024,102.4
56.697,2.049678468,-0.332006698,0.037149483,102.2
56.709,2.064488284,-0.397919792,0.037149483,102.2
56.722,2.079721237,-0.430876339,0.060950065,102.2
56.735,2.095377328,-0.530966594,0.037149483,102.2
56.747,2.111456556,-0.563923141,0.137149483,102.1
56.76,2.127535784,-0.629836235,0.137149483,102.1
56.773,2.144461288,-0.696969943,0.137149483,102.1
56.786,2.161386791,-0.72992649,0.137149483,102.1
56.798,2.178735432,-0.795839584,0.230960976,102.1
56.811,2.196507211,-0.828796131,0.237149483,102
56.824,2.212586439,-0.862973292,0.230960976,102.1
56.836,2.229511943,-0.862973292,0.237149483,102
56.849,2.245168033,-0.895929839,0.230960976,102.1
56.862,2.259977849,-0.928886386,0.237149483,102
56.874,2.273095114,-0.928886386,0.230960976,102.1
56.887,2.284942966,-0.961842933,0.237149483,102
56.9,2.293828856,-0.961842933,0.230960976,102.1
56.913,2.302291607,-0.961842933,0.20144861,102
56.925,2.307369258,-0.961842933,0.195260102,102.1
56.938,2.311177497,-0.961842933,0.237149483,102
56.951,2.313293185,-0.928886386,0.20144861,102
56.963,2.313293185,-0.895929839,0.20144861,102
56.976,2.312870047,-0.828796131,0.20144861,102
56.989,2.310754359,-0.762883037,0.195260102,102.1
57.001,2.307369258,-0.662792783,0.20144861,102
57.014,2.301445332,-0.596879688,0.230960976,102.1
57.027,2.294675131,-0.530966594,0.137149483,102.1
57.04,2.284942966,-0.463832887,0.130960976,102.2
57.052,2.275210802,-0.397919792,0.137149483,102.1
57.065,2.262516674,-0.299050151,0.030960976,102.3
57.078,2.250245684,-0.231916443,0.037149483,102.2
57.09,2.235859006,-0.166003349,0.037149483,102.2
57.103,2.221049191,-0.100090254,0.037149483,102.2
57.116,2.204969963,0,-0.062850517,102.3
57.129,2.187198184,0.065913094,-0.062850517,102.3
57.141,2.16858013,0.133046802,-0.062850517,102.3
57.154,2.149115801,0.198959896,-0.039049935,102.3
57.167,2.128805197,0.231916443,-0.139049935,102.4
57.179,2.108071455,0.299050151,-0.139049935,102.4
57.192,2.088607126,0.332006698,-0.162850517,102.4
57.205,2.067873385,0.364963245,-0.162850517,102.4
57.217,2.047985918,0.430876339,-0.162850517,102.4
57.23,2.027675314,0.463832887,-0.162850517,102.4
57.243,2.00905726,0.498010047,-0.262850517,102.5
57.256,1.990862344,0.530966594,-0.239049935,102.5
57.268,1.975206253,0.530966594,-0.239049935,102.5
57.281,1.960819575,0.563923141,-0.239049935,102.5
57.294,1.948971723,0.596879688,-0.239049935,102.5
57.306,1.939239558,0.596879688,-0.239049935,102.5
57.319,1.932892494,0.596879688,-0.239049935,102.5
57.332,1.928237981,0.596879688,-0.239049935,102.5
57.344,1.926545431,0.563923141,-0.239049935,102.5
57.357,1.926545431,0.530966594,-0.239049935,102.5
57.37,1.926545431,0.463832887,-0.239049935,102.5
57.383,1.928237981,0.397919792,-0.239049935,102.5
57.395,1.931623082,0.299050151,-0.239049935,102.5
57.408,1.937547008,0.231916443,-0.145238442,102.5
57.421,1.943894072,0.198959896,-0.139049935,102.4
57.433,1.951933686,0.133046802,-0.139049935,102.4
57.446,1.960819575,0.065913094,-0.139049935,102.4
57.459,1.971821152,0,-0.139049935,102.4
57.472,1.982399592,-0.065913094,-0.039049935,102.3
57.484,1.995939995,-0.133046802,-0.045238442,102.4
57.497,2.00905726,-0.198959896,-0.039049935,102.3
57.51,2.023867076,-0.26487299,-0.039049935,102.3
57.522,2.038253753,-0.332006698,0.060950065,102.2
57.535,2.053486707,-0.397919792,0.060950065,102.2
57.548,2.069142797,-0.463832887,0.060950065,102.2
57.56,2.086068301,-0.530966594,0.060950065,102.2
57.573,2.102993804,-0.596879688,0.137149483,102.1
57.586,2.120342445,-0.629836235,0.160950065,102.1
57.599,2.138537361,-0.696969943,0.160950065,102.1
57.611,2.15630914,-0.72992649,0.137149483,102.1
57.624,2.173657781,-0.762883037,0.137149483,102.1
57.637,2.19142956,-0.828796131,0.237149483,102
57.649,2.208778201,-0.862973292,0.237149483,102
57.662,2.224434291,-0.862973292,0.237149483,102
57.675,2.240090382,-0.895929839,0.237149483,102
57.687,2.25278451,-0.928886386,0.237149483,102
57.7,2.265901775,-0.928886386,0.260950065,102
57.713,2.275210802,-0.928886386,0.237149483,102
57.726,2.282827278,-0.961842933,0.230960976,102.1
57.738,2.287481792,-0.928886386,0.237149483,102
57.751,2.290020617,-0.928886386,0.230960976,102.1
57.764,2.290443755,-0.895929839,0.237149483,102
57.776,2.290443755,-0.795839584,0.230960976,102.1
57.789,2.287904929,-0.72992649,0.237149483,102
57.802,2.283250416,-0.629836235,0.230960976,102.1
57.815,2.276480215,-0.563923141,0.137149483,102.1
57.827,2.268017463,-0.498010047,0.154761558,102.2
57.84,2.257015886,-0.397919792,0.160950065,102.1
57.853,2.245168033,-0.332006698,0.054761558,102.3
57.865,2.232050768,-0.231916443,0.060950065,102.2
57.878,2.217240953,-0.166003349,0.054761558,102.3
57.891,2.202431137,-0.065913094,0.060950065,102.2
57.903,2.184659358,0,-0.045238442,102.4
57.916,2.167733855,0.100090254,-0.039049935,102.3
57.929,2.149115801,0.166003349,-0.039049935,102.3
57.942,2.129651472,0.198959896,-0.039049935,102.3
57.954,2.109340868,0.26487299,-0.139049935,102.4
57.967,2.089453401,0.299050151,-0.139049935,102.4
57.98,2.069142797,0.332006698,-0.139049935,102.4
57.992,2.048409056,0.397919792,-0.139049935,102.4
58.005,2.028521589,0.430876339,-0.139049935,102.4
58.018,2.008210985,0.463832887,-0.245238442,102.6
58.03,1.989592931,0.498010047,-0.239049935,102.5
58.043,1.971398015,0.530966594,-0.245238442,102.6
58.056,1.954895649,0.563923141,-0.239049935,102.5
58.069,1.940085833,0.596879688,-0.245238442,102.6
58.081,1.928237981,0.629836235,-0.239049935,102.5
58.094,1.918082679,0.629836235,-0.245238442,102.6
58.107,1.911312478,0.629836235,-0.239049935,102.5
58.119,1.906234827,0.629836235,-0.239049935,102.5
58.132,1.903272863,0.596879688,-0.239049935,102.5
58.145,1.901580313,0.596879688,-0.239049935,102.5
58.158,1.902426588,0.530966594,-0.239049935,102.5
58.17,1.903696001,0.430876339,-0.239049935,102.5
58.183,1.906234827,0.364963245,-0.239049935,102.5
58.196,1.912158753,0.299050151,-0.239049935,102.5
58.208,1.918505817,0.231916443,-0.239049935,102.5
58.221,1.926968568,0.166003349,-0.139049935,102.4
58.234,1.936277595,0.100090254,-0.145238442,102.5
58.246,1.94770231,0.032956547,-0.139049935,102.4
58.259,1.958703887,-0.032956547,-0.145238442,102.5
58.272,1.972667428,-0.100090254,-0.039049935,102.3
58.285,1.98620783,-0.166003349,-0.045238442,102.4
58.297,2.001863921,-0.231916443,-0.039049935,102.3
58.31,2.017520012,-0.299050151,-0.045238442,102.4
58.323,2.032752965,-0.397919792,0.060950065,102.2
58.335,2.049255331,-0.463832887,0.060950065,102.2
58.348,2.065334559,-0.530966594,0.037149483,102.2
58.361,2.081413787,-0.563923141,0.060950065,102.2
58.373,2.098339291,-0.629836235,0.137149483,102.1
58.386,2.116111069,-0.662792783,0.137149483,102.1
58.399,2.132190298,-0.72992649,0.130960976,102.2
58.412,2.149538939,-0.762883037,0.137149483,102.1
58.424,2.165195029,-0.762883037,0.130960976,102.2
58.437,2.181697395,-0.828796131,0.137149483,102.1
58.45,2.195660936,-0.828796131,0.230960976,102.1
58.462,2.209624476,-0.862973292,0.237149483,102
58.475,2.220626053,-0.862973292,0.230960976,102.1
58.488,2.230358218,-0.895929839,0.237149483,102
58.501,2.236705281,-0.895929839,0.230960976,102.1
58.513,2.241359795,-0.895929839,0.237149483,102
58.526,2.24389862,-0.862973292,0.230960976,102.1
58.539,2.244321758,-0.828796131,0.237149483,102
58.551,2.24389862,-0.762883037,0.237149483,102
58.564,2.241782933,-0.662792783,0.137149483,102.1
58.577,2.237974694,-0.596879688,0.137149483,102.1
58.589,2.230781355,-0.498010047,0.137149483,102.1
58.602,2.223164879,-0.430876339,0.137149483,102.1
58.615,2.212586439,-0.364963245,0.137149483,102.1
58.628,2.202431137,-0.299050151,0.037149483,102.2
58.64,2.189313872,-0.198959896,0.037149483,102.2
58.653,2.176196607,-0.133046802,0.037149483,102.2
58.666,2.160963654,-0.065913094,-0.062850517,102.3
58.678,2.145307563,0,-0.039049935,102.3
58.691,2.127535784,0.100090254,-0.039049935,102.3
58.704,2.110610281,0.166003349,-0.039049935,102.3
58.716,2.092415365,0.198959896,-0.139049935,102.4
58.729,2.073797311,0.26487299,-0.145238442,102.5
58.742,2.054332982,0.332006698,-0.139049935,102.4
58.755,2.034868653,0.364963245,-0.139049935,102.4
58.767,2.015404324,0.397919792,-0.139049935,102.4
58.78,1.995939995,0.430876339,-0.139049935,102.4
58.793,1.976898803,0.498010047,-0.239049935,102.5
58.805,1.958703887,0.530966594,-0.245238442,102.6
58.818,1.940508971,0.596879688,-0.239049935,102.5
58.831,1.924006605,0.629836235,-0.239049935,102.5
58.844,1.908773652,0.662792783,-0.239049935,102.5
58.856,1.894810112,0.662792783,-0.239049935,102.5
58.869,1.883385397,0.696969943,-0.239049935,102.5
58.882,1.873230095,0.696969943,-0.339049935,102.6
58.894,1.866036756,0.696969943,-0.339049935,102.6
58.907,1.86011283,0.696969943,-0.339049935,102.6
58.92,1.857574004,0.696969943,-0.339049935,102.6
58.932,1.855881454,0.662792783,-0.339049935,102.6
58.945,1.856304591,0.629836235,-0.239049935,102.5
58.958,1.857150867,0.530966594,-0.239049935,102.5
58.971,1.859689692,0.463832887,-0.239049935,102.5
58.983,1.86349793,0.364963245,-0.239049935,102.5
58.996,1.869844994,0.299050151,-0.245238442,102.6
59.009,1.877884608,0.26487299,-0.239049935,102.5
59.021,1.886770498,0.198959896,-0.245238442,102.6
59.034,1.897348937,0.133046802,-0.139049935,102.4
59.047,1.908350514,0.100090254,-0.145238442,102.5
59.059,1.919775229,0,-0.139049935,102.4
59.072,1.932892494,-0.065913094,-0.145238442,102.5
59.085,1.947279172,-0.133046802,-0.039049935,102.3
59.098,1.96166585,-0.198959896,-0.045238442,102.4
59.11,1.976898803,-0.26487299,-0.039049935,102.3
59.123,1.992131757,-0.332006698,-0.045238442,102.4
59.136,2.008210985,-0.430876339,0.060950065,102.2
59.148,2.023867076,-0.463832887,0.037149483,102.2
59.161,2.039946304,-0.563923141,0.037149483,102.2
59.174,2.05644867,-0.596879688,0.060950065,102.2
59.187,2.072527898,-0.629836235,0.160950065,102.1
59.199,2.088607126,-0.696969943,0.160950065,102.1
59.212,2.105109492,-0.72992649,0.154761558,102.2
59.225,2.120342445,-0.762883037,0.160950065,102.1
59.237,2.135575398,-0.762883037,0.130960976,102.2
59.25,2.149538939,-0.795839584,0.137149483,102.1
59.263,2.162233066,-0.828796131,0.137149483,102.1
59.275,2.173234644,-0.828796131,0.137149483,102.1
59.288,2.181697395,-0.828796131,0.137149483,102.1
59.301,2.188890734,-0.862973292,0.237149483,102
59.314,2.192698973,-0.862973292,0.260950065,102
59.326,2.195660936,-0.828796131,0.137149483,102.1
59.339,2.196507211,-0.795839584,0.137149483,102.1
59.352,2.195660936,-0.72992649,0.137149483,102.1
59.364,2.193968385,-0.662792783,0.137149483,102.1
59.377,2.190583285,-0.563923141,0.137149483,102.1
59.39,2.184659358,-0.498010047,0.137149483,102.1
59.402,2.177042882,-0.430876339,0.130960976,102.2
59.415,2.167733855,-0.364963245,0.037149483,102.2
59.428,2.157578553,-0.299050151,0.030960976,102.3
59.441,2.146576976,-0.231916443,0.060950065,102.2
59.453,2.134305986,-0.166003349,0.054761558,102.3
59.466,2.121611858,-0.100090254,-0.039049935,102.3
59.479,2.106802042,0,-0.045238442,102.4
59.491,2.092415365,0.065913094,-0.039049935,102.3
59.504,2.076336136,0.133046802,-0.045238442,102.4
59.517,2.060680046,0.198959896,-0.139049935,102.4
59.53,2.043754542,0.231916443,-0.145238442,102.5
59.542,2.027252176,0.299050151,-0.139049935,102.4
59.555,2.010326673,0.332006698,-0.139049935,102.4
59.568,1.993401169,0.364963245,-0.139049935,102.4
59.58,1.976898803,0.397919792,-0.139049935,102.4
59.593,1.960396438,0.463832887,-0.239049935,102.5
59.606,1.945163484,0.498010047,-0.239049935,102.5
59.618,1.930353669,0.530966594,-0.245238442,102.6
59.631,1.917236404,0.530966594,-0.239049935,102.5
59.644,1.904542276,0.563923141,-0.239049935,102.5
59.657,1.894810112,0.596879688,-0.239049935,102.5
59.669,1.88634736,0.629836235,-0.239049935,102.5
59.682,1.879577159,0.629836235,-0.239049935,102.5
59.695,1.874499508,0.629836235,-0.245238442,102.6
59.707,1.87238382,0.629836235,-0.239049935,102.5
59.72,1.871114407,0.596879688,-0.245238442,102.6
59.733,1.871114407,0.563923141,-0.239049935,102.5
59.745,1.87238382,0.498010047,-0.245238442,102.6
59.758,1.874499508,0.397919792,-0.239049935,102.5
59.771,1.877884608,0.332006698,-0.239049935,102.5
59.784,1.882962259,0.299050151,-0.239049935,102.5
59.796,1.889309323,0.231916443,-0.239049935,102.5
59.809,1.896502662,0.198959896,-0.139049935,102.4
59.822,1.905811689,0.133046802,-0.103349062,102.4
59.834,1.914697578,0.065913094,-0.139049935,102.4
59.847,1.925276018,0,-0.139049935,102.4
59.86,1.936700733,-0.065913094,-0.139049935,102.4
59.872,1.948971723,-0.100090254,-0.039049935,102.3
59.885,1.96166585,-0.166003349,-0.039049935,102.3
59.898,1.975629391,-0.231916443,-0.039049935,102.3
59.911,1.988746656,-0.299050151,-0.039049935,102.3
59.923,2.003556471,-0.364963245,0.054761558,102.3
59.936,2.017943149,-0.430876339,0.060950065,102.2
59.949,2.032329827,-0.498010047,0.054761558,102.3
59.961,2.046716505,-0.563923141,0.060950065,102.2
59.974,2.061526321,-0.596879688,0.160950065,102.1
59.987,2.075912999,-0.629836235,0.160950065,102.1
60,2.090722814,-0.696969943,0.137149483,102.1
60.012,2.105109492,-0.72992649,0.137149483,102.1
60.025,2.11780362,-0.762883037,0.130960976,102.2
60.038,2.130920885,-0.795839584,0.137149483,102.1
60.05,2.141922462,-0.795839584,0.137149483,102.1
60.063,2.152500902,-0.795839584,0.137149483,102.1
60.076,2.160963654,-0.795839584,0.137149483,102.1
60.088,2.167733855,-0.828796131,0.137149483,102.1
60.101,2.172388368,-0.828796131,0.160950065,102.1
60.114,2.176196607,-0.828796131,0.137149483,102.1
60.127,2.177042882,-0.795839584,0.137149483,102.1
60.139,2.177466019,-0.762883037,0.137149483,102.1
60.152,2.176196607,-0.696969943,0.137149483,102.1
60.165,2.174504056,-0.596879688,0.160950065,102.1
60.177,2.169849543,-0.530966594,0.160950065,102.1
60.19,2.163925617,-0.463832887,0.137149483,102.1
60.203,2.156732278,-0.397919792,0.137149483,102.1
60.215,2.148269526,-0.332006698,0.054761558,102.3
60.228,2.138537361,-0.26487299,0.060950065,102.2
60.241,2.128382059,-0.231916443,0.030960976,102.3
60.254,2.117380482,-0.166003349,0.037149483,102.2
60.266,2.10553263,-0.100090254,0.054761558,102.3
60.279,2.09326164,-0.032956547,-0.039049935,102.3
60.292,2.078874962,0.032956547,-0.039049935,102.3
60.304,2.065334559,0.100090254,-0.039049935,102.3
60.317,2.050947881,0.166003349,-0.039049935,102.3
60.33,2.036984341,0.198959896,-0.139049935,102.4
60.343,2.022597663,0.26487299,-0.139049935,102.4
60.355,2.008210985,0.299050151,-0.139049935,102.4
60.368,1.993824307,0.332006698,-0.139049935,102.4
60.381,1.980283904,0.364963245,-0.139049935,102.4
60.393,1.966743501,0.397919792,-0.139049935,102.4
60.406,1.954472511,0.430876339,-0.145238442,102.5
60.419,1.942624659,0.463832887,-0.139049935,102.4
60.431,1.932469357,0.463832887,-0.245238442,102.6
60.444,1.92316033,0.498010047,-0.239049935,102.5
60.457,1.915543853,0.498010047,-0.245238442,102.6
60.47,1.909619927,0.530966594,-0.239049935,102.5
60.482,1.904965414,0.530966594,-0.245238442,102.6
60.495,1.902426588,0.530966594,-0.239049935,102.5
60.508,1.9003109,0.498010047,-0.245238442,102.6
60.52,1.901157176,0.463832887,-0.239049935,102.5
60.533,1.901157176,0.430876339,-0.245238442,102.6
60.546,1.902426588,0.364963245,-0.239049935,102.5
60.559,1.904542276,0.299050151,-0.139049935,102.4
60.571,1.908350514,0.231916443,-0.139049935,102.4
60.584,1.913005028,0.198959896,-0.139049935,102.4
60.597,1.919352092,0.166003349,-0.145238442,102.5
60.609,1.926545431,0.100090254,-0.139049935,102.4
60.622,1.934161907,0.065913094,-0.145238442,102.5
60.635,1.943470934,0,-0.139049935,102.4
60.647,1.953203099,-0.065913094,-0.045238442,102.4
60.66,1.963358401,-0.133046802,-0.039049935,102.3
60.673,1.974359978,-0.166003349,-0.045238442,102.4
60.686,1.986630968,-0.231916443,-0.039049935,102.3
60.698,1.99847882,-0.299050151,0.054761558,102.3
60.711,2.011596086,-0.364963245,0.060950065,102.2
60.724,2.0230208,-0.397919792,0.054761558,102.3
60.736,2.03529179,-0.463832887,0.060950065,102.2
60.749,2.047985918,-0.530966594,0.054761558,102.3
60.762,2.060256908,-0.563923141,0.160950065,102.1
60.774,2.072527898,-0.629836235,0.160950065,102.1
60.787,2.084798888,-0.662792783,0.160950065,102.1
60.8,2.09664674,-0.696969943,0.160950065,102.1
60.813,2.107648318,-0.696969943,0.160950065,102.1
60.825,2.11780362,-0.72992649,0.160950065,102.1
60.838,2.127112647,-0.762883037,0.154761558,102.2
60.851,2.135998536,-0.795839584,0.160950065,102.1
60.863,2.143191875,-0.795839584,0.130960976,102.2
60.876,2.149538939,-0.795839584,0.160950065,102.1
60.889,2.152924039,-0.795839584,0.130960976,102.2
60.902,2.15630914,-0.795839584,0.160950065,102.1
60.914,2.156732278,-0.762883037,0.130960976,102.2
60.927,2.157578553,-0.72992649,0.137149483,102.1
60.94,2.156732278,-0.662792783,0.130960976,102.2
60.952,2.155039727,-0.596879688,0.137149483,102.1
60.965,2.152500902,-0.530966594,0.160950065,102.1
60.978,2.147846388,-0.463832887,0.160950065,102.1
60.99,2.141922462,-0.430876339,0.160950065,102.1
61.003,2.134729123,-0.364963245,0.160950065,102.1
61.016,2.127535784,-0.299050151,0.037149483,102.2
61.029,2.11780362,-0.231916443,0.037149483,102.2
61.041,2.10891773,-0.198959896,0.060950065,102.2
61.054,2.097916153,-0.133046802,0.054761558,102.3
61.067,2.087337714,-0.065913094,0.060950065,102.2
61.079,2.075066724,0,-0.039049935,102.3
61.092,2.064065146,0.065913094,-0.039049935,102.3
61.105,2.050947881,0.100090254,-0.039049935,102.3
61.117,2.039523166,0.166003349,-0.039049935,102.3
61.13,2.027252176,0.198959896,-0.039049935,102.3
61.143,2.014558049,0.231916443,-0.139049935,102.4
61.156,2.002287059,0.299050151,-0.139049935,102.4
61.168,1.990862344,0.332006698,-0.139049935,102.4
61.181,1.979014491,0.364963245,-0.139049935,102.4
61.194,1.968436052,0.397919792,-0.139049935,102.4
61.206,1.95828075,0.397919792,-0.139049935,102.4
61.219,1.948548585,0.430876339,-0.145238442,102.5
61.232,1.940508971,0.430876339,-0.139049935,102.4
61.244,1.93373877,0.463832887,-0.145238442,102.5
61.257,1.928237981,0.463832887,-0.139049935,102.4
61.27,1.92316033,0.498010047,-0.145238442,102.5
61.283,1.920621504,0.498010047,-0.139049935,102.4
61.295,1.918505817,0.498010047,-0.139049935,102.4
61.308,1.918505817,0.463832887,-0.139049935,102.4
61.321,1.918082679,0.397919792,-0.139049935,102.4
61.333,1.918505817,0.364963245,-0.145238442,102.5
61.346,1.919775229,0.299050151,-0.139049935,102.4
61.359,1.92316033,0.231916443,-0.145238442,102.5
61.372,1.926545431,0.198959896,-0.139049935,102.4
61.384,1.930776807,0.133046802,-0.145238442,102.5
61.397,1.936700733,0.100090254,-0.139049935,102.4
61.41,1.943470934,0.065913094,-0.145238442,102.5
61.422,1.950241136,0,-0.039049935,102.3
61.435,1.95828075,-0.032956547,-0.045238442,102.4
61.448,1.966743501,-0.065913094,-0.039049935,102.3
61.46,1.975629391,-0.133046802,-0.039049935,102.3
61.473,1.985361555,-0.166003349,-0.039049935,102.3
61.486,1.99509372,-0.231916443,0.060950065,102.2
61.499,2.005672159,-0.299050151,0.060950065,102.2
61.511,2.015404324,-0.332006698,0.060950065,102.2
61.524,2.026405901,-0.397919792,0.060950065,102.2
61.537,2.036138066,-0.430876339,0.060950065,102.2
61.549,2.046716505,-0.498010047,0.037149483,102.2
61.562,2.05644867,-0.530966594,0.137149483,102.1
61.575,2.066603972,-0.563923141,0.130960976,102.2
61.587,2.075912999,-0.596879688,0.137149483,102.1
61.6,2.084798888,-0.629836235,0.130960976,102.2
61.613,2.09326164,-0.662792783,0.137149483,102.1
61.626,2.101724391,-0.696969943,0.130960976,102.2
61.638,2.10891773,-0.696969943,0.137149483,102.1
61.651,2.115264794,-0.696969943,0.130960976,102.2
61.664,2.119919308,-0.72992649,0.137149483,102.1
61.676,2.124573821,-0.72992649,0.130960976,102.2
61.689,2.127112647,-0.72992649,0.137149483,102.1
61.702,2.128382059,-0.696969943,0.130960976,102.2
61.715,2.128805197,-0.662792783,0.137149483,102.1
61.727,2.128382059,-0.629836235,0.130960976,102.2
61.74,2.127535784,-0.563923141,0.137149483,102.1
61.753,2.124996959,-0.498010047,0.137149483,102.1
61.765,2.121611858,-0.430876339,0.137149483,102.1
61.778,2.117380482,-0.397919792,0.137149483,102.1
61.791,2.111879694,-0.332006698,0.137149483,102.1
61.803,2.105109492,-0.299050151,0.137149483,102.1
61.816,2.097916153,-0.231916443,0.030960976,102.3
61.829,2.089453401,-0.166003349,0.037149483,102.2
61.842,2.08099065,-0.133046802,0.030960976,102.3
61.854,2.071681623,-0.100090254,0.037149483,102.2
61.867,2.061949458,-0.032956547,0.054761558,102.3
61.88,2.052217294,0,-0.039049935,102.3
61.892,2.042061992,0.065913094,-0.045238442,102.4
61.905,2.032329827,0.100090254,-0.039049935,102.3
61.918,2.021751388,0.166003349,-0.069039024,102.4
61.93,2.012019223,0.198959896,-0.062850517,102.3
61.943,2.001863921,0.26487299,-0.045238442,102.4
61.956,1.992131757,0.299050151,-0.039049935,102.3
61.969,1.982399592,0.332006698,-0.145238442,102.5
61.981,1.973090565,0.332006698,-0.139049935,102.4
61.994,1.964204676,0.364963245,-0.139049935,102.4
62.007,1.956165062,0.397919792,-0.139049935,102.4
62.019,1.949817998,0.397919792,-0.139049935,102.4
62.032,1.943470934,0.430876339,-0.145238442,102.5
62.045,1.938816421,0.430876339,-0.139049935,102.4
62.058,1.934161907,0.430876339,-0.145238442,102.5
62.07,1.931623082,0.430876339,-0.139049935,102.4
62.083,1.929507394,0.430876339,-0.145238442,102.5
62.096,1.929507394,0.430876339,-0.139049935,102.4
62.108,1.929084256,0.397919792,-0.145238442,102.5
62.121,1.929507394,0.364963245,-0.139049935,102.4
62.134,1.930353669,0.299050151,-0.145238442,102.5
62.146,1.932469357,0.231916443,-0.139049935,102.4
62.159,1.93543132,0.166003349,-0.145238442,102.5
62.172,1.938816421,0.133046802,-0.145238442,102.5
62.185,1.943470934,0.100090254,-0.039049935,102.3
62.197,1.948548585,0.065913094,-0.039049935,102.3
62.21,1.954895649,0.032956547,-0.039049935,102.3
62.223,1.960819575,-0.032956547,-0.045238442,102.4
62.235,1.968012914,-0.065913094,-0.039049935,102.3
62.248,1.975206253,-0.100090254,-0.045238442,102.4
62.261,1.983669005,-0.133046802,-0.039049935,102.3
62.273,1.992131757,-0.198959896,0.054761558,102.3
62.286,2.000594508,-0.231916443,0.060950065,102.2
62.299,2.009480398,-0.26487299,0.060950065,102.2
62.312,2.018789425,-0.332006698,0.060950065,102.2
62.324,2.027252176,-0.397919792,0.054761558,102.3
62.337,2.036984341,-0.430876339,0.060950065,102.2
62.35,2.044600817,-0.463832887,0.154761558,102.2
62.362,2.053063569,-0.498010047,0.160950065,102.1
62.375,2.061526321,-0.530966594,0.160950065,102.1
62.388,2.069142797,-0.563923141,0.160950065,102.1
62.401,2.076336136,-0.596879688,0.154761558,102.2
62.413,2.0826832,-0.629836235,0.160950065,102.1
62.426,2.089453401,-0.629836235,0.160950065,102.1
62.439,2.094531052,-0.629836235,0.160950065,102.1
62.451,2.099185566,-0.662792783,0.160950065,102.1
62.464,2.102147529,-0.662792783,0.160950065,102.1
62.477,2.10553263,-0.696969943,0.160950065,102.1
62.489,2.106378905,-0.662792783,0.137149483,102.1
62.502,2.107648318,-0.662792783,0.160950065,102.1
62.515,2.106802042,-0.596879688,0.160950065,102.1
62.528,2.106802042,-0.563923141,0.160950065,102.1
62.54,2.105109492,-0.498010047,0.160950065,102.1
62.553,2.102993804,-0.430876339,0.154761558,102.2
62.566,2.099608704,-0.397919792,0.160950065,102.1
62.578,2.095377328,-0.332006698,0.137149483,102.1
62.591,2.089876539,-0.299050151,0.160950065,102.1
62.604,2.084798888,-0.231916443,0.160950065,102.1
62.616,2.077605549,-0.198959896,0.060950065,102.2
62.629,2.071258485,-0.166003349,0.030960976,102.3
62.642,2.064065146,-0.100090254,0.060950065,102.2
62.655,2.05644867,-0.065913094,0.060950065,102.2
62.667,2.048409056,-0.032956547,0.060950065,102.2
62.68,2.039523166,0,0.060950065,102.2
62.693,2.031060415,0.065913094,-0.039049935,102.3
62.705,2.021751388,0.100090254,-0.039049935,102.3
62.718,2.014134911,0.133046802,-0.039049935,102.3
62.731,2.004402747,0.198959896,-0.039049935,102.3
62.744,1.997209408,0.231916443,-0.045238442,102.4
62.756,1.988746656,0.26487299,-0.039049935,102.3
62.769,1.981130179,0.299050151,-0.045238442,102.4
62.782,1.973090565,0.299050151,-0.003349062,102.3
62.794,1.966743501,0.332006698,-0.009537569,102.4
62.807,1.960396438,0.364963245,-0.139049935,102.4
62.82,1.954895649,0.364963245,-0.145238442,102.5
62.832,1.950241136,0.364963245,-0.139049935,102.4
62.845,1.946432897,0.397919792,-0.145238442,102.5
62.858,1.944740347,0.397919792,-0.139049935,102.4
62.871,1.942624659,0.397919792,-0.145238442,102.5
62.883,1.942624659,0.397919792,-0.139049935,102.4
62.896,1.942201521,0.364963245,-0.145238442,102.5
62.909,1.942624659,0.332006698,-0.139049935,102.4
62.921,1.943470934,0.26487299,-0.045238442,102.4
62.934,1.945163484,0.198959896,-0.039049935,102.3
62.947,1.946432897,0.166003349,-0.045238442,102.4
62.959,1.949817998,0.133046802,-0.039049935,102.3
62.972,1.953203099,0.100090254,-0.045238442,102.4
62.985,1.957434475,0.065913094,-0.039049935,102.3
62.998,1.96166585,0,-0.039049935,102.3
63.01,1.967166639,-0.032956547,-0.039049935,102.3
63.023,1.973090565,-0.065913094,-0.003349062,102.3
63.036,1.979014491,-0.100090254,-0.003349062,102.3
63.048,1.98620783,-0.133046802,0.060950065,102.2
63.061,1.992554894,-0.198959896,0.054761558,102.3
63.074,1.999748233,-0.231916443,0.060950065,102.2
63.087,2.006941572,-0.26487299,0.054761558,102.3
63.099,2.014558049,-0.299050151,0.060950065,102.2
63.112,2.021751388,-0.332006698,0.054761558,102.3
63.125,2.029791002,-0.364963245,0.060950065,102.2
63.137,2.036984341,-0.397919792,0.154761558,102.2
63.15,2.044600817,-0.430876339,0.160950065,102.1
63.163,2.050524743,-0.463832887,0.154761558,102.2
63.175,2.056871807,-0.498010047,0.160950065,102.1
63.188,2.062795734,-0.530966594,0.160950065,102.1
63.201,2.069142797,-0.563923141,0.160950065,102.1
63.214,2.074643586,-0.563923141,0.160950065,102.1
63.226,2.078874962,-0.596879688,0.160950065,102.1
63.239,2.0826832,-0.596879688,0.160950065,102.1
63.252,2.086068301,-0.596879688,0.154761558,102.2
63.264,2.088607126,-0.629836235,0.160950065,102.1
63.277,2.089876539,-0.629836235,0.154761558,102.2
63.29,2.091145952,-0.596879688,0.160950065,102.1
63.302,2.091145952,-0.563923141,0.154761558,102.2
63.315,2.091145952,-0.530966594,0.160950065,102.1
63.328,2.089876539,-0.463832887,0.154761558,102.2
63.341,2.088607126,-0.430876339,0.160950065,102.1
63.353,2.086068301,-0.364963245,0.154761558,102.2
63.366,2.0826832,-0.332006698,0.160950065,102.1
63.379,2.078874962,-0.26487299,0.160950065,102.1
63.391,2.073797311,-0.231916443,0.160950065,102.1
63.404,2.06871966,-0.198959896,0.160950065,102.1
63.417,2.062795734,-0.166003349,0.054761558,102.3
63.43,2.056871807,-0.133046802,0.060950065,102.2
63.442,2.050524743,-0.100090254,0.054761558,102.3
63.455,2.043754542,-0.032956547,0.060950065,102.2
63.468,2.036984341,0,0.054761558,102.3
63.48,2.029791002,0.032956547,0.060950065,102.2
63.493,2.022597663,0.065913094,0.054761558,102.3
63.506,2.015827461,0.100090254,0.096650938,102.2
63.518,2.008210985,0.133046802,-0.045238442,102.4
63.531,2.001863921,0.166003349,-0.039049935,102.3
63.544,1.99509372,0.198959896,-0.045238442,102.4
63.557,1.988746656,0.231916443,-0.039049935,102.3
63.569,1.982399592,0.26487299,-0.045238442,102.4
63.582,1.976475666,0.26487299,-0.039049935,102.3
63.595,1.971398015,0.299050151,-0.045238442,102.4
63.607,1.966743501,0.332006698,-0.039049935,102.3
63.62,1.962935263,0.332006698,-0.045238442,102.4
63.633,1.958703887,0.332006698,-0.003349062,102.3
63.645,1.957011337,0.332006698,-0.003349062,102.3
63.658,1.954895649,0.332006698,-0.003349062,102.3
63.671,1.954472511,0.332006698,-0.039049935,102.3
63.684,1.953626236,0.332006698,-0.039049935,102.3
63.696,1.954472511,0.299050151,-0.039049935,102.3
63.709,1.953626236,0.26487299,-0.039049935,102.3
63.722,1.954895649,0.198959896,-0.045238442,102.4
63.734,1.955741924,0.133046802,-0.039049935,102.3
63.747,1.95828075,0.100090254,-0.039049935,102.3
63.76,1.960819575,0.065913094,-0.039049935,102.3
63.773,1.964204676,0.032956547,-0.003349062,102.3
63.785,1.968012914,0,-0.003349062,102.3
63.798,1.972667428,-0.032956547,-0.009537569,102.4
63.811,1.976475666,-0.065913094,0.060950065,102.2
63.823,1.981553317,-0.100090254,0.060950065,102.2
63.836,1.987477243,-0.133046802,0.060950065,102.2
63.849,1.993401169,-0.166003349,0.060950065,102.2
63.861,1.999748233,-0.198959896,0.060950065,102.2
63.874,2.005672159,-0.231916443,0.054761558,102.3
63.887,2.012019223,-0.26487299,0.060950065,102.2
63.9,2.017943149,-0.299050151,0.060950065,102.2
63.912,2.024290213,-0.332006698,0.060950065,102.2
63.925,2.029791002,-0.364963245,0.160950065,102.1
63.938,2.036138066,-0.364963245,0.160950065,102.1
63.95,2.041215717,-0.397919792,0.160950065,102.1
63.963,2.047139643,-0.430876339,0.154761558,102.2
63.976,2.052217294,-0.463832887,0.160950065,102.1
63.988,2.057718082,-0.463832887,0.160950065,102.1
64.001,2.061526321,-0.498010047,0.160950065,102.1
64.014,2.066180834,-0.530966594,0.160950065,102.1
64.027,2.069142797,-0.530966594,0.160950065,102.1
64.039,2.072527898,-0.530966594,0.154761558,102.2
64.052,2.075066724,-0.563923141,0.160950065,102.1
64.065,2.076336136,-0.563923141,0.154761558,102.2
64.077,2.077605549,-0.563923141,0.160950065,102.1
64.09,2.078451824,-0.530966594,0.154761558,102.2
64.103,2.078451824,-0.498010047,0.160950065,102.1
64.116,2.077605549,-0.463832887,0.154761558,102.2
64.128,2.077182411,-0.397919792,0.160950065,102.1
64.141,2.074643586,-0.364963245,0.154761558,102.2
64.154,2.072951036,-0.299050151,0.160950065,102.1
64.166,2.069142797,-0.26487299,0.160950065,102.1
64.179,2.066603972,-0.231916443,0.160950065,102.1
64.192,2.062795734,-0.198959896,0.160950065,102.1
64.204,2.05814122,-0.166003349,0.160950065,102.1
64.217,2.053063569,-0.133046802,0.160950065,102.1
64.23,2.047985918,-0.100090254,0.060950065,102.2
64.243,2.042061992,-0.065913094,0.060950065,102.2
64.255,2.036138066,-0.032956547,0.054761558,102.3
64.268,2.030214139,0,0.060950065,102.2
64.281,2.024290213,0.032956547,0.054761558,102.3
64.293,2.017943149,0.065913094,0.060950065,102.2
64.306,2.012019223,0.100090254,0.054761558,102.3
64.319,2.006095297,0.133046802,0.096650938,102.2
64.331,1.999748233,0.166003349,0.054761558,102.3
64.344,1.99509372,0.166003349,0.060950065,102.2
64.357,1.989592931,0.198959896,-0.045238442,102.4
64.37,1.984938418,0.231916443,-0.039049935,102.3
64.382,1.979860767,0.26487299,-0.039049935,102.3
64.395,1.975629391,0.26487299,-0.039049935,102.3
64.408,1.971821152,0.26487299,-0.039049935,102.3
64.42,1.969282327,0.299050151,-0.003349062,102.3
64.433,1.966743501,0.299050151,-0.003349062,102.3
64.446,1.964627813,0.299050151,-0.009537569,102.4
64.459,1.963358401,0.299050151,-0.039049935,102.3
64.471,1.962935263,0.26487299,-0.045238442,102.4
64.484,1.962935263,0.26487299,-0.039049935,102.3
64.497,1.962935263,0.231916443,-0.045238442,102.4
64.509,1.963358401,0.198959896,-0.039049935,102.3
64.522,1.964204676,0.166003349,-0.009537569,102.4
64.535,1.965897226,0.100090254,-0.003349062,102.3
64.547,1.967166639,0.065913094,0.054761558,102.3
64.56,1.97055174,0.032956547,0.060950065,102.2
64.573,1.973090565,0,0.054761558,102.3
64.586,1.976475666,0,0.060950065,102.2
64.598,1.979860767,-0.032956547,0.090462431,102.3
64.611,1.984092142,-0.065913094,0.096650938,102.2
64.624,1.987900381,-0.100090254,0.060950065,102.2
64.636,1.992554894,-0.133046802,0.060950065,102.2
64.649,1.997632545,-0.166003349,0.060950065,102.2
64.662,2.002287059,-0.198959896,0.054761558,102.3
64.674,2.008210985,-0.231916443,0.060950065,102.2
64.687,2.012865498,-0.26487299,0.054761558,102.3
64.7,2.018789425,-0.299050151,0.160950065,102.1
64.713,2.0230208,-0.332006698,0.154761558,102.2
64.725,2.028944727,-0.364963245,0.160950065,102.1
64.738,2.032752965,-0.364963245,0.154761558,102.2
64.751,2.038676891,-0.397919792,0.160950065,102.1
64.763,2.042485129,-0.397919792,0.154761558,102.2
64.776,2.047139643,-0.430876339,0.160950065,102.1
64.789,2.050947881,-0.463832887,0.154761558,102.2
64.802,2.054756119,-0.463832887,0.160950065,102.1
64.814,2.05814122,-0.463832887,0.196650938,102.1
64.827,2.060680046,-0.498010047,0.160950065,102.1
64.84,2.063218871,-0.498010047,0.160950065,102.1
64.852,2.064065146,-0.498010047,0.160950065,102.1
64.865,2.066180834,-0.498010047,0.160950065,102.1
64.878,2.066180834,-0.498010047,0.160950065,102.1
64.89,2.066180834,-0.463832887,0.160950065,102.1
64.903,2.065334559,-0.430876339,0.160950065,102.1
64.916,2.066180834,-0.397919792,0.160950065,102.1
64.929,2.064065146,-0.332006698,0.160950065,102.1
64.941,2.063218871,-0.299050151,0.160950065,102.1
64.954,2.060680046,-0.26487299,0.160950065,102.1
64.967,2.05814122,-0.231916443,0.160950065,102.1
64.979,2.055602395,-0.198959896,0.160950065,102.1
64.992,2.052217294,-0.166003349,0.160950065,102.1
65.005,2.047985918,-0.133046802,0.160950065,102.1
65.017,2.043754542,-0.100090254,0.160950065,102.1
65.03,2.039523166,-0.065913094,0.160950065,102.1
65.043,2.034022378,-0.032956547,0.060950065,102.2
65.056,2.029791002,0,0.060950065,102.2
65.068,2.024290213,0.032956547,0.054761558,102.3
65.081,2.020058837,0.065913094,0.060950065,102.2
65.094,2.014558049,0.065913094,0.060950065,102.2
65.106,2.010326673,0.100090254,0.060950065,102.2
65.119,2.004825884,0.133046802,0.060950065,102.2
65.132,2.001017646,0.133046802,0.060950065,102.2
65.145,1.995939995,0.166003349,0.060950065,102.2
65.157,1.992554894,0.166003349,0.096650938,102.2
65.17,1.987900381,0.198959896,0.096650938,102.2
65.183,1.984938418,0.231916443,0.096650938,102.2
65.195,1.981553317,0.231916443,0.096650938,102.2
65.208,1.979014491,0.231916443,0.060950065,102.2
65.221,1.976475666,0.231916443,0.060950065,102.2
65.233,1.975206253,0.231916443,0.060950065,102.2
65.246,1.97393684,0.26487299,0.096650938,102.2
65.259,1.973090565,0.26487299,0.096650938,102.2
65.272,1.973090565,0.231916443,0.096650938,102.2
65.284,1.973090565,0.231916443,0.090462431,102.3
65.297,1.973090565,0.198959896,0.096650938,102.2
65.31,1.97393684,0.133046802,0.096650938,102.2
65.322,1.974359978,0.100090254,0.096650938,102.2
65.335,1.975629391,0.065913094,0.060950065,102.2
65.348,1.977745079,0,0.060950065,102.2
65.36,1.979014491,0,0.060950065,102.2
65.373,1.982399592,-0.032956547,0.060950065,102.2
65.386,1.984938418,-0.065913094,0.060950065,102.2
65.399,1.987900381,-0.100090254,0.060950065,102.2
65.411,1.990862344,-0.100090254,0.060950065,102.2
65.424,1.99509372,-0.133046802,0.096650938,102.2
65.437,1.99847882,-0.166003349,0.096650938,102.2
65.449,2.003133334,-0.166003349,0.090462431,102.3
65.462,2.00736471,-0.198959896,0.160950065,102.1
65.475,2.011596086,-0.231916443,0.154761558,102.2
65.488,2.015827461,-0.26487299,0.160950065,102.1
65.5,2.020058837,-0.299050151,0.154761558,102.2
65.513,2.024290213,-0.299050151,0.160950065,102.1
65.526,2.028521589,-0.332006698,0.154761558,102.2
65.538,2.032329827,-0.364963245,0.160950065,102.1
65.551,2.036138066,-0.364963245,0.154761558,102.2
65.564,2.039946304,-0.397919792,0.160950065,102.1
65.576,2.042485129,-0.397919792,0.160950065,102.1
65.589,2.046716505,-0.430876339,0.160950065,102.1
65.602,2.048409056,-0.430876339,0.160950065,102.1
65.615,2.051794156,-0.430876339,0.160950065,102.1
65.627,2.053063569,-0.430876339,0.160950065,102.1
65.64,2.054756119,-0.430876339,0.160950065,102.1
65.653,2.055602395,-0.463832887,0.160950065,102.1
65.665,2.05644867,-0.463832887,0.154761558,102.2
65.678,2.056871807,-0.430876339,0.160950065,102.1
65.691,2.056871807,-0.397919792,0.154761558,102.2
65.703,2.05644867,-0.364963245,0.160950065,102.1
65.716,2.055602395,-0.332006698,0.154761558,102.2
65.729,2.055602395,-0.299050151,0.160950065,102.1
65.742,2.053486707,-0.231916443,0.154761558,102.2
65.754,2.052217294,-0.198959896,0.160950065,102.1
65.767,2.049255331,-0.166003349,0.154761558,102.2
65.78,2.047139643,-0.166003349,0.160950065,102.1
65.792,2.044600817,-0.133046802,0.154761558,102.2
65.805,2.042061992,-0.133046802,0.160950065,102.1
65.818,2.038253753,-0.100090254,0.160950065,102.1
65.831,2.034868653,-0.065913094,0.160950065,102.1
65.843,2.030214139,-0.032956547,0.160950065,102.1
65.856,2.026405901,0,0.160950065,102.1
65.869,2.022597663,0,0.160950065,102.1
65.881,2.017943149,0.032956547,0.054761558,102.3
65.894,2.014134911,0.065913094,0.060950065,102.2
65.907,2.009480398,0.065913094,0.054761558,102.3
65.919,2.006095297,0.100090254,0.060950065,102.2
65.932,2.002287059,0.133046802,0.054761558,102.3
65.945,1.999325096,0.133046802,0.060950065,102.2
65.958,1.99509372,0.166003349,0.090462431,102.3
65.97,1.992554894,0.166003349,0.096650938,102.2
65.983,1.990016069,0.198959896,0.090462431,102.3
65.996,1.987477243,0.198959896,0.060950065,102.2
66.008,1.985361555,0.198959896,0.096650938,102.2
66.021,1.983669005,0.198959896,0.096650938,102.2
66.034,1.98282273,0.198959896,0.060950065,102.2
66.046,1.982399592,0.198959896,0.054761558,102.3
66.059,1.982399592,0.198959896,0.060950065,102.2
66.072,1.981553317,0.166003349,0.054761558,102.3
66.085,1.981553317,0.166003349,0.060950065,102.2
66.097,1.981553317,0.133046802,0.054761558,102.3
66.11,1.982399592,0.100090254,0.060950065,102.2
66.123,1.98282273,0.065913094,0.054761558,102.3
66.135,1.984092142,0.032956547,0.060950065,102.2
66.148,1.985361555,0,0.054761558,102.3
66.161,1.987477243,-0.032956547,0.060950065,102.2
66.174,1.990016069,-0.065913094,0.054761558,102.3
66.186,1.992131757,-0.100090254,0.060950065,102.2
66.199,1.994670582,-0.100090254,0.054761558,102.3
66.212,1.997209408,-0.133046802,0.154761558,102.2
66.224,2.000594508,-0.133046802,0.154761558,102.2
66.237,2.003556471,-0.166003349,0.160950065,102.1
66.25,2.00736471,-0.198959896,0.160950065,102.1
66.262,2.01074981,-0.198959896,0.160950065,102.1
66.275,2.014134911,-0.231916443,0.160950065,102.1
66.288,2.017520012,-0.26487299,0.154761558,102.2
66.301,2.02132825,-0.299050151,0.160950065,102.1
66.313,2.024290213,-0.299050151,0.160950065,102.1
66.326,2.028521589,-0.299050151,0.160950065,102.1
66.339,2.031060415,-0.332006698,0.160950065,102.1
66.351,2.034868653,-0.364963245,0.160950065,102.1
66.364,2.036984341,-0.364963245,0.160950065,102.1
66.377,2.039523166,-0.397919792,0.160950065,102.1
66.389,2.042061992,-0.397919792,0.160950065,102.1
66.402,2.043754542,-0.397919792,0.160950065,102.1
66.415,2.04587023,-0.430876339,0.160950065,102.1
66.428,2.047985918,-0.430876339,0.260950065,102
66.44,2.048409056,-0.430876339,0.260950065,102
66.453,2.049678468,-0.397919792,0.260950065,102
66.466,2.050524743,-0.397919792,0.260950065,102
66.478,2.049678468,-0.364963245,0.160950065,102.1
66.491,2.049678468,-0.364963245,0.160950065,102.1
66.504,2.049678468,-0.332006698,0.160950065,102.1
66.517,2.049255331,-0.299050151,0.160950065,102.1
66.529,2.047985918,-0.26487299,0.160950065,102.1
66.542,2.047139643,-0.198959896,0.160950065,102.1
66.555,2.044600817,-0.198959896,0.160950065,102.1
66.567,2.043331405,-0.166003349,0.160950065,102.1
66.58,2.040792579,-0.133046802,0.160950065,102.1
66.593,2.038676891,-0.133046802,0.154761558,102.2
66.605,2.036138066,-0.100090254,0.160950065,102.1
66.618,2.032752965,-0.065913094,0.154761558,102.2
66.631,2.029791002,-0.065913094,0.160950065,102.1
66.644,2.027252176,-0.032956547,0.154761558,102.2
66.656,2.0230208,0,0.160950065,102.1
66.669,2.020058837,0,0.154761558,102.2
66.682,2.016673737,0.032956547,0.160950065,102.1
66.694,2.013288636,0.065913094,0.154761558,102.2
66.707,2.010326673,0.065913094,0.160950065,102.1
66.72,2.006941572,0.100090254,0.154761558,102.2
66.732,2.004402747,0.100090254,0.060950065,102.2
66.745,2.001017646,0.100090254,0.054761558,102.3
66.758,1.999325096,0.133046802,0.060950065,102.2
66.771,1.996363132,0.133046802,0.054761558,102.3
66.783,1.994670582,0.133046802,0.060950065,102.2
66.796,1.992554894,0.166003349,0.060950065,102.2
66.809,1.991285481,0.166003349,0.060950065,102.2
66.821,1.990016069,0.166003349,0.096650938,102.2
66.834,1.990016069,0.166003349,0.096650938,102.2
66.847,1.988746656,0.166003349,0.060950065,102.2
66.86,1.988746656,0.166003349,0.060950065,102.2
66.872,1.988746656,0.133046802,0.060950065,102.2
66.885,1.988746656,0.133046802,0.054761558,102.3
66.898,1.988746656,0.100090254,0.060950065,102.2
66.91,1.989592931,0.065913094,0.054761558,102.3
66.923,1.990016069,0.032956547,0.060950065,102.2
66.936,1.991285481,-0.032956547,0.154761558,102.2
66.948,1.992554894,-0.065913094,0.160950065,102.1
66.961,1.993824307,-0.065913094,0.154761558,102.2
66.974,1.995939995,-0.100090254,0.160950065,102.1
66.987,1.997209408,-0.100090254,0.154761558,102.2
66.999,1.999748233,-0.133046802,0.160950065,102.1
67.012,2.001863921,-0.166003349,0.154761558,102.2
67.025,2.004402747,-0.166003349,0.160950065,102.1
67.037,2.006941572,-0.166003349,0.160950065,102.1
67.05,2.010326673,-0.198959896,0.196650938,102.1
67.063,2.012865498,-0.198959896,0.160950065,102.1
67.075,2.014558049,-0.231916443,0.154761558,102.2
67.088,2.017943149,-0.26487299,0.160950065,102.1
67.101,2.020481975,-0.26487299,0.190462431,102.2
67.114,2.0230208,-0.299050151,0.160950065,102.1
67.126,2.025559626,-0.299050151,0.154761558,102.2
67.139,2.028521589,-0.299050151,0.160950065,102.1
67.152,2.030214139,-0.332006698,0.160950065,102.1
67.164,2.032752965,-0.332006698,0.160950065,102.1
67.177,2.034022378,-0.364963245,0.154761558,102.2
67.19,2.036984341,-0.364963245,0.260950065,102
67.203,2.037407478,-0.364963245,0.260950065,102
67.215,2.038676891,-0.364963245,0.260950065,102
67.228,2.039946304,-0.364963245,0.260950065,102
67.241,2.040792579,-0.364963245,0.260950065,102
67.253,2.040792579,-0.364963245,0.260950065,102
67.266,2.040792579,-0.364963245,0.254761558,102.1
67.279,2.041215717,-0.364963245,0.260950065,102
67.291,2.040792579,-0.332006698,0.254761558,102.1
67.304,2.040792579,-0.299050151,0.260950065,102
67.317,2.039946304,-0.26487299,0.254761558,102.1
67.33,2.039946304,-0.198959896,0.160950065,102.1
67.342,2.038253753,-0.166003349,0.154761558,102.2
67.355,2.037407478,-0.166003349,0.160950065,102.1
67.368,2.03529179,-0.133046802,0.154761558,102.2
67.38,2.034022378,-0.100090254,0.160950065,102.1
67.393,2.031483552,-0.065913094,0.154761558,102.2
67.406,2.030214139,-0.065913094,0.160950065,102.1
67.418,2.027675314,-0.032956547,0.154761558,102.2
67.431,2.025559626,-0.032956547,0.160950065,102.1
67.444,2.0230208,0,0.160950065,102.1
67.457,2.020058837,0,0.160950065,102.1
67.469,2.017943149,0,0.160950065,102.1
67.482,2.014558049,0.032956547,0.160950065,102.1
67.495,2.012865498,0.032956547,0.160950065,102.1
67.507,2.010326673,0.065913094,0.160950065,102.1
67.52,2.008210985,0.065913094,0.160950065,102.1
67.533,2.005672159,0.065913094,0.160950065,102.1
67.546,2.003556471,0.100090254,0.160950065,102.1
67.558,2.001017646,0.100090254,0.160950065,102.1
67.571,1.999748233,0.100090254,0.160950065,102.1
67.584,1.997632545,0.100090254,0.160950065,102.1
67.596,1.997209408,0.133046802,0.160950065,102.1
67.609,1.995939995,0.133046802,0.154761558,102.2
67.622,1.99509372,0.133046802,0.160950065,102.1
67.634,1.994670582,0.133046802,0.160950065,102.1
67.647,1.99509372,0.133046802,0.160950065,102.1
67.66,1.99509372,0.100090254,0.160950065,102.1
67.673,1.99509372,0.100090254,0.160950065,102.1
67.685,1.99509372,0.065913094,0.154761558,102.2
67.698,1.99509372,0.065913094,0.160950065,102.1
67.711,1.995939995,0,0.160950065,102.1
67.723,1.996363132,-0.032956547,0.160950065,102.1
67.736,1.997632545,-0.065913094,0.160950065,102.1
67.749,1.997632545,-0.100090254,0.160950065,102.1
67.761,1.999748233,-0.100090254,0.160950065,102.1
67.774,2.000594508,-0.100090254,0.160950065,102.1
67.787,2.002287059,-0.133046802,0.196650938,102.1
67.8,2.003556471,-0.133046802,0.160950065,102.1
67.812,2.005672159,-0.166003349,0.154761558,102.2
67.825,2.006941572,-0.166003349,0.160950065,102.1
67.838,2.009480398,-0.198959896,0.154761558,102.2
67.85,2.01074981,-0.198959896,0.160950065,102.1
67.863,2.013288636,-0.198959896,0.160950065,102.1
67.876,2.015404324,-0.231916443,0.160950065,102.1
67.889,2.017943149,-0.26487299,0.154761558,102.2
67.901,2.020058837,-0.26487299,0.160950065,102.1
67.914,2.022597663,-0.26487299,0.154761558,102.2
67.927,2.024290213,-0.299050151,0.160950065,102.1
67.939,2.026405901,-0.299050151,0.260950065,102
67.952,2.028521589,-0.299050151,0.260950065,102
67.965,2.029791002,-0.332006698,0.260950065,102
67.977,2.031483552,-0.332006698,0.260950065,102
67.99,2.032329827,-0.332006698,0.254761558,102.1
68.003,2.034022378,-0.332006698,0.260950065,102
68.016,2.034868653,-0.332006698,0.260950065,102
68.028,2.03529179,-0.332006698,0.260950065,102
68.041,2.03529179,-0.332006698,0.260950065,102
68.054,2.036138066,-0.332006698,0.260950065,102
68.066,2.036138066,-0.332006698,0.260950065,102
68.079,2.036138066,-0.299050151,0.260950065,102
68.092,2.03529179,-0.299050151,0.260950065,102
68.104,2.03529179,-0.26487299,0.254761558,102.1
68.117,2.03529179,-0.231916443,0.260950065,102
68.13,2.034868653,-0.198959896,0.254761558,102.1
68.143,2.034022378,-0.166003349,0.260950065,102
68.155,2.032752965,-0.133046802,0.254761558,102.1
68.168,2.031483552,-0.133046802,0.260950065,102
68.181,2.029791002,-0.100090254,0.154761558,102.2
68.193,2.028944727,-0.065913094,0.160950065,102.1
68.206,2.027252176,-0.065913094,0.154761558,102.2
68.219,2.025136488,-0.032956547,0.160950065,102.1
68.232,2.0230208,-0.032956547,0.160950065,102.1
68.244,2.021751388,-0.032956547,0.160950065,102.1
68.257,2.019212562,0,0.160950065,102.1
68.27,2.017943149,0.032956547,0.160950065,102.1
68.282,2.015404324,0.032956547,0.160950065,102.1
68.295,2.013288636,0.032956547,0.154761558,102.2
68.308,2.011596086,0.065913094,0.160950065,102.1
68.32,2.010326673,0.065913094,0.154761558,102.2
68.333,2.008210985,0.065913094,0.160950065,102.1
68.346,2.006095297,0.065913094,0.154761558,102.2
68.359,2.005672159,0.065913094,0.160950065,102.1
68.371,2.003556471,0.100090254,0.154761558,102.2
68.384,2.003133334,0.100090254,0.160950065,102.1
68.397,2.001863921,0.100090254,0.154761558,102.2
68.409,2.001017646,0.100090254,0.160950065,102.1
68.422,2.000594508,0.100090254,0.154761558,102.2
68.435,2.001017646,0.100090254,0.160950065,102.1
68.447,2.000594508,0.100090254,0.160950065,102.1
68.46,2.000594508,0.065913094,0.160950065,102.1
68.473,2.000594508,0.065913094,0.160950065,102.1
68.486,2.000594508,0.065913094,0.154761558,102.2
68.498,2.001017646,0.032956547,0.160950065,102.1
68.511,2.001017646,0,0.154761558,102.2
68.524,2.001017646,-0.032956547,0.160950065,102.1
68.536,2.001863921,-0.065913094,0.154761558,102.2
68.549,2.003133334,-0.100090254,0.160950065,102.1
68.562,2.003556471,-0.100090254,0.154761558,102.2
68.575,2.005672159,-0.133046802,0.160950065,102.1
68.587,2.006095297,-0.133046802,0.154761558,102.2
68.6,2.008210985,-0.133046802,0.160950065,102.1
68.613,2.00905726,-0.166003349,0.154761558,102.2
68.625,2.01074981,-0.166003349,0.160950065,102.1
68.638,2.012019223,-0.198959896,0.154761558,102.2
68.651,2.013288636,-0.198959896,0.160950065,102.1
68.663,2.015404324,-0.198959896,0.160950065,102.1
68.676,2.016673737,-0.231916443,0.260950065,102
68.689,2.017943149,-0.231916443,0.260950065,102
68.702,2.019212562,-0.231916443,0.260950065,102
68.714,2.02132825,-0.231916443,0.260950065,102
68.727,2.021751388,-0.26487299,0.260950065,102
68.74,2.023867076,-0.26487299,0.260950065,102
68.752,2.025136488,-0.299050151,0.260950065,102
68.765,2.027252176,-0.299050151,0.260950065,102
68.778,2.027252176,-0.299050151,0.254761558,102.1
68.79,2.028944727,-0.299050151,0.260950065,102
68.803,2.028944727,-0.299050151,0.254761558,102.1
68.816,2.030214139,-0.299050151,0.260950065,102
68.829,2.030214139,-0.299050151,0.260950065,102
68.841,2.031060415,-0.299050151,0.260950065,102
68.854,2.031060415,-0.299050151,0.254761558,102.1
68.867,2.031060415,-0.299050151,0.260950065,102
68.879,2.031060415,-0.26487299,0.260950065,102
68.892,2.030214139,-0.26487299,0.260950065,102
68.905,2.031060415,-0.231916443,0.260950065,102
68.918,2.030214139,-0.198959896,0.260950065,102
68.93,2.030214139,-0.166003349,0.260950065,102
68.943,2.028944727,-0.133046802,0.260950065,102
68.956,2.028521589,-0.100090254,0.260950065,102
68.968,2.027252176,-0.100090254,0.260950065,102
68.981,2.026405901,-0.100090254,0.260950065,102
68.994,2.024290213,-0.065913094,0.260950065,102
69.006,2.023867076,-0.065913094,0.260950065,102
69.019,2.021751388,-0.032956547,0.260950065,102
69.032,2.020481975,-0.032956547,0.160950065,102.1
69.045,2.019212562,-0.032956547,0.160950065,102.1
69.057,2.018789425,0,0.137149483,102.1
69.07,2.016673737,0,0.160950065,102.1
69.083,2.015404324,0.032956547,0.154761558,102.2
69.095,2.014134911,0.032956547,0.160950065,102.1
69.108,2.012865498,0.032956547,0.154761558,102.2
69.121,2.011596086,0.032956547,0.160950065,102.1
69.133,2.010326673,0.065913094,0.160950065,102.1
69.146,2.00905726,0.065913094,0.160950065,102.1
69.159,2.008210985,0.065913094,0.160950065,102.1
69.172,2.00736471,0.065913094,0.160950065,102.1
69.184,2.006095297,0.065913094,0.160950065,102.1
69.197,2.005672159,0.065913094,0.160950065,102.1
69.21,2.004825884,0.065913094,0.160950065,102.1
69.222,2.004825884,0.065913094,0.160950065,102.1
69.235,2.004402747,0.065913094,0.160950065,102.1
69.248,2.004825884,0.065913094,0.160950065,102.1
69.26,2.004825884,0.065913094,0.160950065,102.1
69.273,2.005672159,0.032956547,0.160950065,102.1
69.286,2.004825884,0.032956547,0.160950065,102.1
69.299,2.004825884,0,0.154761558,102.2
69.311,2.005672159,-0.032956547,0.160950065,102.1
69.324,2.006095297,-0.065913094,0.190462431,102.2
69.337,2.006941572,-0.065913094,0.160950065,102.1
69.349,2.006941572,-0.100090254,0.154761558,102.2
69.362,2.00736471,-0.133046802,0.260950065,102
69.375,2.00905726,-0.133046802,0.260950065,102
69.388,2.010326673,-0.166003349,0.260950065,102
69.4,2.01074981,-0.166003349,0.260950065,102
69.413,2.012865498,-0.166003349,0.260950065,102
69.426,2.013288636,-0.198959896,0.260950065,102
69.438,2.014134911,-0.198959896,0.260950065,102
69.451,2.015404324,-0.198959896,0.260950065,102
69.464,2.016673737,-0.198959896,0.260950065,102
69.476,2.016673737,-0.231916443,0.260950065,102
69.489,2.018789425,-0.231916443,0.254761558,102.1
69.502,2.020058837,-0.26487299,0.260950065,102
69.515,2.020481975,-0.26487299,0.254761558,102.1
69.527,2.021751388,-0.26487299,0.260950065,102
69.54,2.0230208,-0.26487299,0.254761558,102.1
69.553,2.023867076,-0.26487299,0.260950065,102
69.565,2.024290213,-0.26487299,0.254761558,102.1
69.578,2.025559626,-0.26487299,0.260950065,102
69.591,2.026405901,-0.299050151,0.254761558,102.1
69.604,2.027252176,-0.299050151,0.260950065,102
69.616,2.027252176,-0.299050151,0.254761558,102.1
69.629,2.027675314,-0.26487299,0.260950065,102
69.642,2.027675314,-0.26487299,0.260950065,102
69.654,2.028521589,-0.26487299,0.260950065,102
69.667,2.027675314,-0.26487299,0.260950065,102
69.68,2.027675314,-0.231916443,0.260950065,102
69.692,2.027252176,-0.198959896,0.260950065,102
69.705,2.027252176,-0.198959896,0.254761558,102.1
69.718,2.027252176,-0.166003349,0.260950065,102
69.731,2.026405901,-0.166003349,0.254761558,102.1
69.743,2.025559626,-0.133046802,0.260950065,102
69.756,2.025136488,-0.100090254,0.254761558,102.1
69.769,2.024290213,-0.100090254,0.260950065,102
69.781,2.0230208,-0.065913094,0.254761558,102.1
69.794,2.022597663,-0.065913094,0.260950065,102
69.807,2.02132825,-0.032956547,0.254761558,102.1
69.819,2.020481975,-0.032956547,0.260950065,102
69.832,2.019212562,0,0.254761558,102.1
69.845,2.018789425,0,0.260950065,102
69.858,2.017520012,0,0.260950065,102
69.87,2.017520012,0,0.260950065,102
69.883,2.015827461,0,0.260950065,102
69.896,2.014558049,0.032956547,0.260950065,102
69.908,2.014134911,0.032956547,0.260950065,102
69.921,2.012865498,0.032956547,0.254761558,102.1
69.934,2.012019223,0.032956547,0.260950065,102
69.947,2.011596086,0.065913094,0.254761558,102.1
69.959,2.01074981,0.065913094,0.260950065,102
69.972,2.010326673,0.065913094,0.160950065,102.1
69.985,2.010326673,0.065913094,0.160950065,102.1
69.997,2.009480398,0.032956547,0.154761558,102.2
70.01,2.009480398,0.032956547,0.260950065,102
70.023,2.009480398,0.032956547,0.254761558,102.1
70.035,2.009480398,0.032956547,0.260950065,102
70.048,2.009480398,0.032956547,0.260950065,102
70.061,2.009480398,0,0.260950065,102
70.074,2.009480398,0,0.260950065,102
70.086,2.009480398,0,0.260950065,102
70.099,2.010326673,-0.032956547,0.260950065,102
70.112,2.010326673,-0.032956547,0.254761558,102.1
70.124,2.01074981,-0.065913094,0.260950065,102
70.137,2.01074981,-0.065913094,0.254761558,102.1
70.15,2.011596086,-0.100090254,0.260950065,102
70.162,2.012019223,-0.133046802,0.260950065,102
70.175,2.013288636,-0.133046802,0.260950065,102
70.188,2.013288636,-0.166003349,0.260950065,102
70.201,2.014558049,-0.166003349,0.260950065,102
70.213,2.014558049,-0.198959896,0.254761558,102.1
70.226,2.015827461,-0.198959896,0.260950065,102
70.239,2.016673737,-0.198959896,0.230960976,102.1
70.251,2.017943149,-0.198959896,0.260950065,102
70.264,2.018789425,-0.198959896,0.260950065,102
70.277,2.020058837,-0.231916443,0.260950065,102
70.29,2.020058837,-0.231916443,0.260950065,102
70.302,2.02132825,-0.231916443,0.260950065,102
70.315,2.021751388,-0.231916443,0.237149483,102
70.328,2.022597663,-0.26487299,0.260950065,102
70.34,2.0230208,-0.26487299,0.260950065,102
70.353,2.023867076,-0.26487299,0.260950065,102
70.366,2.024290213,-0.26487299,0.260950065,102
70.378,2.024290213,-0.26487299,0.260950065,102
70.391,2.025136488,-0.26487299,0.260950065,102
70.404,2.025136488,-0.26487299,0.260950065,102
70.417,2.025559626,-0.26487299,0.260950065,102
70.429,2.025136488,-0.26487299,0.260950065,102
70.442,2.025136488,-0.26487299,0.260950065,102
70.455,2.025136488,-0.26487299,0.260950065,102
70.467,2.025559626,-0.231916443,0.260950065,102
70.48,2.025136488,-0.231916443,0.260950065,102
70.493,2.025136488,-0.198959896,0.260950065,102
70.505,2.025136488,-0.198959896,0.260950065,102
70.518,2.025136488,-0.166003349,0.254761558,102.1
70.531,2.024290213,-0.166003349,0.260950065,102
70.544,2.023867076,-0.133046802,0.260950065,102
70.556,2.0230208,-0.133046802,0.260950065,102
70.569,2.0230208,-0.100090254,0.237149483,102
70.582,2.022597663,-0.065913094,0.237149483,102
70.594,2.02132825,-0.065913094,0.237149483,102
70.607,2.020481975,-0.032956547,0.260950065,102
70.62,2.019212562,-0.032956547,0.254761558,102.1
70.632,2.019212562,0,0.260950065,102
70.645,2.017943149,0,0.260950065,102
70.658,2.017943149,0,0.237149483,102
70.671,2.016673737,0,0.260950065,102
70.683,2.015827461,0.032956547,0.254761558,102.1
70.696,2.014558049,0.032956547,0.260950065,102
70.709,2.014134911,0.032956547,0.254761558,102.1
70.721,2.013288636,0.032956547,0.260950065,102
70.734,2.012865498,0.032956547,0.254761558,102.1
70.747,2.012865498,0.032956547,0.237149483,102
70.76,2.012019223,0.032956547,0.230960976,102.1
70.772,2.011596086,0.032956547,0.237149483,102
70.785,2.01074981,0.032956547,0.230960976,102.1
70.798,2.011596086,0.032956547,0.237149483,102
70.81,2.01074981,0.032956547,0.254761558,102.1
70.823,2.011596086,0.032956547,0.260950065,102
70.836,2.011596086,0.032956547,0.254761558,102.1
70.848,2.011596086,0.032956547,0.237149483,102
70.861,2.011596086,0,0.237149483,102
70.874,2.011596086,0,0.260950065,102
70.887,2.011596086,-0.032956547,0.237149483,102
70.899,2.012019223,-0.065913094,0.260950065,102
70.912,2.012019223,-0.065913094,0.260950065,102
70.925,2.012019223,-0.065913094,0.254761558,102.1
70.937,2.012865498,-0.100090254,0.260950065,102
70.95,2.012865498,-0.100090254,0.230960976,102.1
70.963,2.013288636,-0.133046802,0.237149483,102
70.975,2.013288636,-0.133046802,0.230960976,102.1
70.988,2.014558049,-0.166003349,0.260950065,102
71.001,2.014558049,-0.166003349,0.254761558,102.1
71.014,2.015827461,-0.166003349,0.237149483,102
71.026,2.016673737,-0.198959896,0.254761558,102.1
71.039,2.017520012,-0.198959896,0.260950065,102
71.052,2.017520012,-0.231916443,0.260950065,102
71.064,2.018789425,-0.231916443,0.237149483,102
71.077,2.018789425,-0.231916443,0.237149483,102
71.09,2.019212562,-0.231916443,0.237149483,102
71.103,2.020058837,-0.231916443,0.260950065,102
71.115,2.020481975,-0.231916443,0.254761558,102.1
71.128,2.02132825,-0.26487299,0.237149483,102
71.141,2.02132825,-0.26487299,0.230960976,102.1
71.153,2.021751388,-0.26487299,0.237149483,102
71.166,2.021751388,-0.26487299,0.230960976,102.1
71.179,2.022597663,-0.26487299,0.237149483,102
71.191,2.022597663,-0.26487299,0.230960976,102.1
71.204,2.0230208,-0.26487299,0.260950065,102
71.217,2.022597663,-0.26487299,0.254761558,102.1
71.23,2.0230208,-0.231916443,0.260950065,102
71.242,2.022597663,-0.231916443,0.254761558,102.1
71.255,2.0230208,-0.231916443,0.237149483,102
71.268,2.022597663,-0.198959896,0.237149483,102
71.28,2.022597663,-0.198959896,0.237149483,102
71.293,2.022597663,-0.198959896,0.237149483,102
71.306,2.021751388,-0.166003349,0.237149483,102
71.318,2.021751388,-0.166003349,0.237149483,102
71.331,2.02132825,-0.133046802,0.237149483,102
71.344,2.02132825,-0.133046802,0.237149483,102
71.357,2.020481975,-0.100090254,0.230960976,102.1
71.369,2.020481975,-0.100090254,0.237149483,102
71.382,2.019212562,-0.065913094,0.260950065,102
71.395,2.020058837,-0.065913094,0.237149483,102
71.407,2.018789425,-0.065913094,0.230960976,102.1
71.42,2.018789425,-0.032956547,0.237149483,102
71.433,2.017520012,-0.032956547,0.230960976,102.1
71.446,2.017520012,0,0.237149483,102
71.458,2.016673737,0,0.230960976,102.1
71.471,2.015827461,0.032956547,0.237149483,102
71.484,2.015404324,0,0.254761558,102.1
71.496,2.015404324,0.032956547,0.260950065,102
71.509,2.014558049,0.032956547,0.230960976,102.1
71.522,2.014134911,0.032956547,0.260950065,102
71.534,2.014134911,0.032956547,0.260950065,102
71.547,2.013288636,0.032956547,0.260950065,102
71.56,2.013288636,0.032956547,0.237149483,102
71.573,2.012865498,0.032956547,0.260950065,102
71.585,2.013288636,0.032956547,0.237149483,102
71.598,2.012865498,0.032956547,0.260950065,102
71.611,2.013288636,0.032956547,0.237149483,102
71.623,2.012865498,0,0.237149483,102
71.636,2.012865498,0,0.260950065,102
71.649,2.012019223,0,0.260950065,102
71.661,2.012865498,0,0.230960976,102.1
71.674,2.012865498,0,0.237149483,102
71.687,2.012865498,-0.032956547,0.237149483,102
71.7,2.012865498,-0.032956547,0.260950065,102
71.712,2.012865498,-0.065913094,0.254761558,102.1
71.725,2.013288636,-0.065913094,0.237149483,102
71.738,2.013288636,-0.100090254,0.237149483,102
71.75,2.014558049,-0.100090254,0.237149483,102
71.763,2.014558049,-0.133046802,0.230960976,102.1
71.776,2.015404324,-0.133046802,0.237149483,102
71.789,2.015827461,-0.166003349,0.237149483,102
71.801,2.016673737,-0.166003349,0.237149483,102
71.814,2.016673737,-0.166003349,0.260950065,102
71.827,2.017943149,-0.166003349,0.237149483,102
71.839,2.017943149,-0.198959896,0.237149483,102
71.852,2.018789425,-0.198959896,0.237149483,102
71.865,2.018789425,-0.231916443,0.260950065,102
71.877,2.019212562,-0.231916443,0.237149483,102
71.89,2.019212562,-0.231916443,0.260950065,102
71.903,2.020058837,-0.26487299,0.237149483,102
71.916,2.020058837,-0.26487299,0.237149483,102
71.928,2.020481975,-0.26487299,0.230960976,102.1
71.941,2.02132825,-0.231916443,0.237149483,102
71.954,2.02132825,-0.231916443,0.230960976,102.1
71.966,2.02132825,-0.26487299,0.260950065,102
71.979,2.02132825,-0.26487299,0.230960976,102.1
71.992,2.02132825,-0.26487299,0.237149483,102
72.004,2.02132825,-0.26487299,0.230960976,102.1
72.017,2.02132825,-0.231916443,0.237149483,102
72.03,2.02132825,-0.231916443,0.230960976,102.1
72.043,2.021751388,-0.231916443,0.237149483,102
72.055,2.02132825,-0.231916443,0.254761558,102.1
72.068,2.021751388,-0.198959896,0.260950065,102
72.081,2.02132825,-0.198959896,0.260950065,102
72.093,2.02132825,-0.198959896,0.237149483,102
72.106,2.02132825,-0.166003349,0.237149483,102
72.119,2.02132825,-0.166003349,0.237149483,102
72.132,2.020481975,-0.166003349,0.237149483,102
72.144,2.020058837,-0.133046802,0.254761558,102.1
72.157,2.020058837,-0.100090254,0.260950065,102
72.17,2.020058837,-0.100090254,0.230960976,102.1
72.182,2.019212562,-0.065913094,0.237149483,102
72.195,2.018789425,-0.065913094,0.254761558,102.1
72.208,2.018789425,-0.065913094,0.237149483,102
72.22,2.017520012,-0.032956547,0.230960976,102.1
72.233,2.017520012,-0.032956547,0.237149483,102
72.246,2.016673737,0,0.237149483,102
72.259,2.015827461,0,0.237149483,102
72.271,2.015404324,0,0.260950065,102
72.284,2.015404324,0,0.260950065,102
72.297,2.014558049,0,0.237149483,102
72.309,2.014558049,0,0.237149483,102
72.322,2.014558049,0.032956547,0.237149483,102
72.335,2.013288636,0.032956547,0.254761558,102.1
72.347,2.014134911,0.032956547,0.260950065,102
72.36,2.013288636,0.032956547,0.230960976,102.1
72.373,2.014134911,0.032956547,0.237149483,102
72.386,2.013288636,0.032956547,0.230960976,102.1
72.398,2.014134911,0.032956547,0.237149483,102
72.411,2.014134911,0.032956547,0.230960976,102.1
72.424,2.014134911,0,0.237149483,102
72.436,2.014134911,0,0.230960976,102.1
72.449,2.014134911,0,0.237149483,102
72.462,2.014134911,0,0.230960976,102.1
72.475,2.014134911,-0.032956547,0.237149483,102
72.487,2.014134911,-0.032956547,0.237149483,102
72.5,2.014134911,-0.065913094,0.237149483,102
72.513,2.014134911,-0.065913094,0.237149483,102
72.525,2.014134911,-0.100090254,0.237149483,102
72.538,2.014558049,-0.100090254,0.237149483,102
72.551,2.014558049,-0.100090254,0.230960976,102.1
72.563,2.015404324,-0.100090254,0.237149483,102
72.576,2.015404324,-0.133046802,0.237149483,102
72.589,2.015827461,-0.133046802,0.237149483,102
72.602,2.015827461,-0.133046802,0.237149483,102
72.614,2.016673737,-0.166003349,0.237149483,102
72.627,2.016673737,-0.166003349,0.237149483,102
72.64,2.017943149,-0.166003349,0.237149483,102
72.652,2.017943149,-0.198959896,0.230960976,102.1
72.665,2.018789425,-0.198959896,0.237149483,102
72.678,2.019212562,-0.198959896,0.237149483,102
72.69,2.020058837,-0.231916443,0.237149483,102
72.703,2.020058837,-0.231916443,0.237149483,102
72.716,2.020058837,-0.231916443,0.237149483,102
72.729,2.020058837,-0.231916443,0.237149483,102
72.741,2.020058837,-0.231916443,0.237149483,102
72.754,2.020481975,-0.231916443,0.237149483,102
72.767,2.020481975,-0.231916443,0.237149483,102
72.779,2.020481975,-0.231916443,0.237149483,102
72.792,2.020058837,-0.231916443,0.237149483,102
72.805,2.020481975,-0.231916443,0.237149483,102
72.818,2.020058837,-0.231916443,0.237149483,102
72.83,2.02132825,-0.231916443,0.237149483,102
72.843,2.020481975,-0.198959896,0.237149483,102
72.856,2.020481975,-0.198959896,0.237149483,102
72.868,2.020058837,-0.198959896,0.237149483,102
72.881,2.020481975,-0.198959896,0.237149483,102
72.894,2.020058837,-0.166003349,0.237149483,102
72.906,2.020058837,-0.166003349,0.237149483,102
72.919,2.020058837,-0.166003349,0.237149483,102
72.932,2.020058837,-0.133046802,0.230960976,102.1
72.945,2.019212562,-0.133046802,0.237149483,102
72.957,2.019212562,-0.100090254,0.254761558,102.1
72.97,2.019212562,-0.100090254,0.260950065,102
72.983,2.018789425,-0.065913094,0.230960976,102.1
72.995,2.018789425,-0.065913094,0.237149483,102
73.008,2.017943149,-0.065913094,0.237149483,102
73.021,2.017943149,-0.065913094,0.237149483,102
73.033,2.016673737,-0.032956547,0.237149483,102
73.046,2.017520012,-0.032956547,0.237149483,102
73.059,2.015827461,0,0.260950065,102
73.072,2.015827461,0,0.260950065,102
73.084,2.015404324,0,0.237149483,102
73.097,2.015827461,0,0.237149483,102
73.11,2.015404324,0,0.237149483,102
73.122,2.015404324,0,0.237149483,102
73.135,2.014558049,0,0.237149483,102
73.148,2.014558049,0,0.230960976,102.1
73.161,2.014558049,0,0.237149483,102
73.173,2.014558049,0,0.230960976,102.1
73.186,2.014558049,0,0.237149483,102
73.199,2.014558049,0,0.237149483,102
73.211,2.014558049,0,0.237149483,102
73.224,2.014558049,0,0.237149483,102
73.237,2.015404324,-0.032956547,0.237149483,102
73.249,2.014558049,-0.032956547,0.237149483,102
73.262,2.014558049,-0.032956547,0.260950065,102
73.275,2.014558049,-0.032956547,0.237149483,102
73.288,2.014558049,-0.065913094,0.237149483,102
73.3,2.014134911,-0.065913094,0.237149483,102
73.313,2.014558049,-0.065913094,0.237149483,102
73.326,2.014558049,-0.100090254,0.260950065,102
73.338,2.015404324,-0.100090254,0.254761558,102.1
73.351,2.015404324,-0.100090254,0.237149483,102
73.364,2.015404324,-0.133046802,0.230960976,102.1
73.376,2.015404324,-0.133046802,0.237149483,102
73.389,2.015827461,-0.133046802,0.230960976,102.1
73.402,2.016673737,-0.133046802,0.237149483,102
73.415,2.016673737,-0.166003349,0.230960976,102.1
73.427,2.017520012,-0.166003349,0.237149483,102
73.44,2.017520012,-0.166003349,0.230960976,102.1
73.453,2.017943149,-0.198959896,0.237149483,102
73.465,2.017943149,-0.198959896,0.230960976,102.1
73.478,2.018789425,-0.198959896,0.237149483,102
73.491,2.018789425,-0.198959896,0.230960976,102.1
73.504,2.019212562,-0.198959896,0.260950065,102
73.516,2.018789425,-0.198959896,0.260950065,102
73.529,2.018789425,-0.198959896,0.260950065,102
73.542,2.019212562,-0.198959896,0.237149483,102
73.554,2.019212562,-0.231916443,0.230960976,102.1
73.567,2.019212562,-0.231916443,0.237149483,102
73.58,2.019212562,-0.231916443,0.230960976,102.1
73.592,2.019212562,-0.198959896,0.237149483,102
73.605,2.019212562,-0.198959896,0.230960976,102.1
73.618,2.020058837,-0.198959896,0.237149483,102
73.631,2.019212562,-0.198959896,0.230960976,102.1
73.643,2.020058837,-0.198959896,0.237149483,102
73.656,2.020058837,-0.198959896,0.230960976,102.1
73.669,2.020058837,-0.166003349,0.237149483,102
73.681,2.020058837,-0.166003349,0.230960976,102.1
73.694,2.019212562,-0.166003349,0.237149483,102
73.707,2.019212562,-0.166003349,0.237149483,102
73.719,2.019212562,-0.133046802,0.237149483,102
73.732,2.019212562,-0.133046802,0.237149483,102
73.745,2.018789425,-0.133046802,0.237149483,102
73.758,2.018789425,-0.100090254,0.237149483,102
73.77,2.017943149,-0.100090254,0.237149483,102
73.783,2.017943149,-0.065913094,0.237149483,102
73.796,2.017520012,-0.065913094,0.230960976,102.1
73.808,2.017520012,-0.065913094,0.237149483,102
73.821,2.016673737,-0.032956547,0.230960976,102.1
73.834,2.016673737,-0.032956547,0.237149483,102
73.847,2.015827461,-0.032956547,0.230960976,102.1
73.859,2.015827461,-0.032956547,0.230960976,102.1
73.872,2.015827461,-0.032956547,0.254761558,102.1
73.885,2.015827461,0,0.237149483,102
73.897,2.015404324,0,0.237149483,102
73.91,2.015404324,0,0.237149483,102
73.923,2.015404324,0,0.237149483,102
73.935,2.015404324,0,0.237149483,102
73.948,2.015404324,0,0.237149483,102
73.961,2.014558049,0,0.230960976,102.1
73.974,2.015404324,0,0.237149483,102
73.986,2.015404324,0,0.237149483,102
73.999,2.015404324,-0.032956547,0.237149483,102
74.012,2.014558049,-0.032956547,0.237149483,102
74.024,2.015404324,-0.032956547,0.237149483,102
74.037,2.014558049,-0.032956547,0.237149483,102
74.05,2.015404324,-0.032956547,0.237149483,102
74.062,2.015404324,-0.032956547,0.237149483,102
74.075,2.015827461,-0.032956547,0.237149483,102
74.088,2.015404324,-0.065913094,0.237149483,102
74.101,2.015827461,-0.065913094,0.237149483,102
74.113,2.015404324,-0.100090254,0.237149483,102
74.126,2.015404324,-0.100090254,0.237149483,102
74.139,2.015404324,-0.100090254,0.237149483,102
74.151,2.015404324,-0.100090254,0.237149483,102
74.164,2.015827461,-0.133046802,0.237149483,102
74.177,2.015827461,-0.133046802,0.237149483,102
74.19,2.016673737,-0.133046802,0.237149483,102
74.202,2.016673737,-0.133046802,0.237149483,102
74.215,2.017520012,-0.133046802,0.260950065,102
74.228,2.016673737,-0.166003349,0.337149483,101.9
74.24,2.017943149,-0.166003349,0.337149483,101.9
74.253,2.017520012,-0.166003349,0.337149483,101.9
74.266,2.017943149,-0.166003349,0.237149483,102
74.278,2.017943149,-0.166003349,0.337149483,101.9
74.291,2.018789425,-0.166003349,0.337149483,101.9
74.304,2.017943149,-0.198959896,0.337149483,101.9
74.317,2.018789425,-0.198959896,0.337149483,101.9
74.329,2.018789425,-0.198959896,0.337149483,101.9
74.342,2.018789425,-0.198959896,0.337149483,101.9
74.355,2.018789425,-0.198959896,0.337149483,101.9
74.367,2.019212562,-0.198959896,0.330960976,102
74.38,2.019212562,-0.198959896,0.337149483,101.9
74.393,2.019212562,-0.198959896,0.337149483,101.9
74.405,2.019212562,-0.198959896,0.337149483,101.9
74.418,2.019212562,-0.166003349,0.337149483,101.9
74.431,2.019212562,-0.166003349,0.337149483,101.9
74.444,2.018789425,-0.198959896,0.337149483,101.9
74.456,2.019212562,-0.166003349,0.337149483,101.9
74.469,2.019212562,-0.166003349,0.337149483,101.9
74.482,2.019212562,-0.166003349,0.337149483,101.9
74.494,2.018789425,-0.166003349,0.237149483,102
74.507,2.018789425,-0.133046802,0.237149483,102
74.52,2.017943149,-0.133046802,0.237149483,102
74.533,2.018789425,-0.133046802,0.237149483,102
74.545,2.018789425,-0.100090254,0.237149483,102
74.558,2.017943149,-0.100090254,0.230960976,102.1
74.571,2.017943149,-0.100090254,0.237149483,102
74.583,2.017520012,-0.065913094,0.230960976,102.1
74.596,2.017520012,-0.065913094,0.237149483,102
74.609,2.017520012,-0.065913094,0.230960976,102.1
74.621,2.017520012,-0.065913094,0.237149483,102
74.634,2.016673737,-0.032956547,0.230960976,102.1
74.647,2.017520012,-0.032956547,0.237149483,102
74.66,2.016673737,-0.032956547,0.230960976,102.1
74.672,2.016673737,-0.032956547,0.237149483,102
74.685,2.015827461,-0.032956547,0.230960976,102.1
74.698,2.016673737,-0.032956547,0.237149483,102
74.71,2.015827461,0,0.237149483,102
74.723,2.015827461,0,0.237149483,102
74.736,2.015404324,0,0.237149483,102
74.748,2.015404324,0,0.237149483,102
74.761,2.015404324,0,0.237149483,102
74.774,2.015404324,0,0.230960976,102.1
74.787,2.015404324,0,0.237149483,102
74.799,2.015404324,-0.032956547,0.230960976,102.1
74.812,2.015404324,-0.032956547,0.237149483,102
74.825,2.015404324,-0.032956547,0.230960976,102.1
74.837,2.015827461,-0.032956547,0.237149483,102
74.85,2.015404324,-0.032956547,0.230960976,102.1
74.863,2.015827461,-0.065913094,0.237149483,102
74.876,2.015827461,-0.065913094,0.330960976,102
74.888,2.015827461,-0.065913094,0.237149483,102
74.901,2.015404324,-0.100090254,0.330960976,102
74.914,2.015827461,-0.100090254,0.337149483,101.9
74.926,2.015827461,-0.100090254,0.337149483,101.9
74.939,2.015827461,-0.100090254,0.337149483,101.9
74.952,2.015827461,-0.100090254,0.337149483,101.9
74.964,2.015827461,-0.133046802,0.330960976,102
74.977,2.016673737,-0.133046802,0.337149483,101.9
74.99,2.016673737,-0.133046802,0.354761558,102
75.003,2.016673737,-0.133046802,0.360950065,101.9
75.015,2.016673737,-0.133046802,0.330960976,102
75.028,2.017520012,-0.166003349,0.337149483,101.9
75.041,2.016673737,-0.166003349,0.330960976,102
75.053,2.017520012,-0.166003349,0.337149483,101.9
75.066,2.017520012,-0.166003349,0.330960976,102
75.079,2.017943149,-0.166003349,0.337149483,101.9
75.091,2.017943149,-0.166003349,0.337149483,101.9
75.104,2.017943149,-0.198959896,0.337149483,101.9
75.117,2.017943149,-0.198959896,0.337149483,101.9
75.13,2.017943149,-0.198959896,0.337149483,101.9
75.142,2.018789425,-0.198959896,0.337149483,101.9
75.155,2.017943149,-0.198959896,0.337149483,101.9
75.168,2.018789425,-0.198959896,0.337149483,101.9
75.18,2.017943149,-0.198959896,0.330960976,102
75.193,2.018789425,-0.166003349,0.337149483,101.9
75.206,2.017943149,-0.166003349,0.330960976,102
75.219,2.018789425,-0.166003349,0.337149483,101.9
75.231,2.017943149,-0.166003349,0.354761558,102
75.244,2.018789425,-0.166003349,0.337149483,101.9
75.257,2.017943149,-0.166003349,0.330960976,102
75.269,2.018789425,-0.133046802,0.360950065,101.9
75.282,2.017943149,-0.133046802,0.330960976,102
75.295,2.018789425,-0.133046802,0.337149483,101.9
75.307,2.017943149,-0.133046802,0.337149483,101.9
75.32,2.018789425,-0.100090254,0.337149483,101.9
75.333,2.017943149,-0.100090254,0.360950065,101.9
75.346,2.017943149,-0.100090254,0.337149483,101.9
75.358,2.017943149,-0.100090254,0.360950065,101.9
75.371,2.017520012,-0.065913094,0.337149483,101.9
75.384,2.017943149,-0.065913094,0.337149483,101.9
75.396,2.017943149,-0.065913094,0.337149483,101.9
75.409,2.017943149,-0.032956547,0.360950065,101.9
75.422,2.016673737,-0.032956547,0.360950065,101.9
75.434,2.017520012,-0.032956547,0.396650938,101.9
75.447,2.016673737,-0.032956547,0.360950065,101.9
75.46,2.016673737,-0.032956547,0.360950065,101.9
75.473,2.016673737,-0.032956547,0.360950065,101.9
75.485,2.016673737,-0.032956547,0.354761558,102
75.498,2.015827461,-0.032956547,0.360950065,101.9
75.511,2.016673737,-0.032956547,0.360950065,101.9
75.523,2.015827461,0,0.360950065,101.9
75.536,2.016673737,0,0.360950065,101.9
75.549,2.015827461,-0.032956547,0.360950065,101.9
75.562,2.016673737,-0.032956547,0.354761558,102
75.574,2.016673737,-0.032956547,0.360950065,101.9
75.587,2.016673737,-0.032956547,0.354761558,102
75.6,2.016673737,-0.032956547,0.360950065,101.9
75.612,2.016673737,-0.032956547,0.360950065,101.9
75.625,2.016673737,-0.032956547,0.360950065,101.9
75.638,2.016673737,-0.032956547,0.360950065,101.9
75.65,2.017520012,-0.065913094,0.360950065,101.9
75.663,2.016673737,-0.065913094,0.360950065,101.9
75.676,2.016673737,-0.065913094,0.360950065,101.9
75.689,2.016673737,-0.065913094,0.360950065,101.9
75.701,2.016673737,-0.065913094,0.360950065,101.9
75.714,2.016673737,-0.100090254,0.337149483,101.9
75.727,2.016673737,-0.100090254,0.337149483,101.9
75.739,2.015827461,-0.100090254,0.337149483,101.9
75.752,2.016673737,-0.100090254,0.354761558,102
75.765,2.016673737,-0.100090254,0.360950065,101.9
75.777,2.016673737,-0.133046802,0.354761558,102
75.79,2.016673737,-0.133046802,0.360950065,101.9
75.803,2.016673737,-0.133046802,0.354761558,102
75.816,2.016673737,-0.133046802,0.360950065,101.9
75.828,2.017520012,-0.166003349,0.354761558,102
75.841,2.017520012,-0.166003349,0.360950065,101.9
75.854,2.017520012,-0.166003349,0.354761558,102
75.866,2.017943149,-0.166003349,0.360950065,101.9
75.879,2.017943149,-0.166003349,0.354761558,102
75.892,2.017943149,-0.166003349,0.360950065,101.9
75.905,2.017943149,-0.166003349,0.354761558,102
75.917,2.017943149,-0.166003349,0.360950065,101.9
75.93,2.017943149,-0.166003349,0.360950065,101.9
75.943,2.018789425,-0.166003349,0.360950065,101.9
75.955,2.017943149,-0.166003349,0.360950065,101.9
75.968,2.017943149,-0.166003349,0.360950065,101.9
75.981,2.017943149,-0.166003349,0.337149483,101.9
75.993,2.017943149,-0.166003349,0.337149483,101.9
76.006,2.017943149,-0.166003349,0.337149483,101.9
76.019,2.017943149,-0.166003349,0.360950065,101.9
76.032,2.017943149,-0.166003349,0.360950065,101.9
76.044,2.017520012,-0.133046802,0.354761558,102
76.057,2.017943149,-0.133046802,0.360950065,101.9
76.07,2.017520012,-0.133046802,0.330960976,102
76.082,2.017943149,-0.133046802,0.360950065,101.9
76.095,2.017943149,-0.133046802,0.354761558,102
76.108,2.017943149,-0.133046802,0.360950065,101.9
76.12,2.017943149,-0.100090254,0.360950065,101.9
76.133,2.017943149,-0.100090254,0.360950065,101.9
76.146,2.017943149,-0.100090254,0.360950065,101.9
76.159,2.017520012,-0.100090254,0.360950065,101.9
76.171,2.017520012,-0.065913094,0.360950065,101.9
76.184,2.017520012,-0.065913094,0.354761558,102
76.197,2.017520012,-0.065913094,0.337149483,101.9
76.209,2.017520012,-0.065913094,0.330960976,102
76.222,2.017520012,-0.032956547,0.360950065,101.9
76.235,2.016673737,-0.065913094,0.354761558,102
76.248,2.017520012,-0.032956547,0.360950065,101.9
76.26,2.016673737,-0.032956547,0.354761558,102
76.273,2.016673737,-0.032956547,0.360950065,101.9
76.286,2.016673737,-0.032956547,0.354761558,102
76.298,2.016673737,-0.032956547,0.360950065,101.9
76.311,2.016673737,-0.032956547,0.354761558,102
76.324,2.016673737,-0.032956547,0.360950065,101.9
76.336,2.016673737,-0.032956547,0.360950065,101.9
76.349,2.016673737,-0.032956547,0.360950065,101.9
76.362,2.016673737,-0.032956547,0.360950065,101.9
76.375,2.015827461,-0.032956547,0.360950065,101.9
76.387,2.015827461,-0.032956547,0.360950065,101.9
76.4,2.015827461,-0.065913094,0.354761558,102
76.413,2.016673737,-0.065913094,0.360950065,101.9
76.425,2.015827461,-0.065913094,0.354761558,102
76.438,2.016673737,-0.065913094,0.360950065,101.9
76.451,2.015827461,-0.065913094,0.354761558,102
76.463,2.016673737,-0.065913094,0.360950065,101.9
76.476,2.016673737,-0.065913094,0.330960976,102
76.489,2.016673737,-0.065913094,0.360950065,101.9
76.502,2.016673737,-0.065913094,0.330960976,102
76.514,2.017520012,-0.100090254,0.337149483,101.9
76.527,2.017520012,-0.100090254,0.337149483,101.9
76.54,2.017520012,-0.100090254,0.337149483,101.9
76.552,2.017520012,-0.100090254,0.330960976,102
76.565,2.016673737,-0.100090254,0.360950065,101.9
76.578,2.017520012,-0.100090254,0.354761558,102
76.591,2.016673737,-0.133046802,0.360950065,101.9
76.603,2.017520012,-0.133046802,0.360950065,101.9
76.616,2.016673737,-0.133046802,0.360950065,101.9
76.629,2.017520012,-0.133046802,0.360950065,101.9
76.641,2.016673737,-0.133046802,0.360950065,101.9
76.654,2.017520012,-0.133046802,0.337149483,101.9
76.667,2.016673737,-0.166003349,0.337149483,101.9
76.679,2.017520012,-0.166003349,0.337149483,101.9
76.692,2.017520012,-0.166003349,0.360950065,101.9
76.705,2.017520012,-0.166003349,0.354761558,102
76.718,2.017520012,-0.166003349,0.360950065,101.9
76.73,2.017943149,-0.166003349,0.337149483,101.9
76.743,2.017520012,-0.166003349,0.337149483,101.9
76.756,2.017943149,-0.166003349,0.360950065,101.9
76.768,2.017943149,-0.166003349,0.360950065,101.9
76.781,2.017943149,-0.166003349,0.360950065,101.9
76.794,2.017943149,-0.166003349,0.360950065,101.9
76.806,2.017520012,-0.166003349,0.360950065,101.9
76.819,2.017943149,-0.166003349,0.360950065,101.9
76.832,2.017943149,-0.133046802,0.360950065,101.9
76.845,2.017943149,-0.133046802,0.360950065,101.9
76.857,2.017520012,-0.133046802,0.360950065,101.9
76.87,2.017943149,-0.133046802,0.360950065,101.9
76.883,2.017943149,-0.100090254,0.360950065,101.9
76.895,2.017943149,-0.100090254,0.360950065,101.9
76.908,2.017520012,-0.100090254,0.360950065,101.9
76.921,2.017520012,-0.100090254,0.360950065,101.9
76.934,2.017520012,-0.100090254,0.337149483,101.9
76.946,2.017520012,-0.100090254,0.337149483,101.9
76.959,2.017520012,-0.100090254,0.360950065,101.9
76.972,2.017520012,-0.065913094,0.354761558,102
76.984,2.017520012,-0.065913094,0.360950065,101.9
76.997,2.017520012,-0.065913094,0.354761558,102
77.01,2.017520012,-0.065913094,0.337149483,101.9
77.022,2.017520012,-0.065913094,0.354761558,102
77.035,2.017520012,-0.065913094,0.360950065,101.9
77.048,2.016673737,-0.065913094,0.360950065,101.9
77.061,2.017520012,-0.065913094,0.360950065,101.9
77.073,2.016673737,-0.032956547,0.354761558,102
77.086,2.017520012,-0.032956547,0.360950065,101.9
77.099,2.016673737,-0.032956547,0.354761558,102
77.111,2.017520012,-0.032956547,0.360950065,101.9
77.124,2.016673737,-0.032956547,0.360950065,101.9
77.137,2.017520012,-0.065913094,0.360950065,101.9
77.149,2.015827461,-0.065913094,0.360950065,101.9
77.162,2.016673737,-0.032956547,0.337149483,101.9
77.175,2.016673737,-0.065913094,0.337149483,101.9
77.188,2.016673737,-0.065913094,0.337149483,101.9
77.2,2.016673737,-0.065913094,0.337149483,101.9
77.213,2.016673737,-0.065913094,0.354761558,102
77.226,2.016673737,-0.065913094,0.360950065,101.9
77.238,2.016673737,-0.065913094,0.354761558,102
77.251,2.016673737,-0.065913094,0.360950065,101.9
77.264,2.016673737,-0.065913094,0.354761558,102
77.277,2.016673737,-0.065913094,0.360950065,101.9
77.289,2.016673737,-0.065913094,0.354761558,102
77.302,2.016673737,-0.065913094,0.360950065,101.9
77.315,2.016673737,-0.100090254,0.360950065,101.9
77.327,2.017520012,-0.100090254,0.360950065,101.9
77.34,2.016673737,-0.100090254,0.360950065,101.9
77.353,2.017520012,-0.100090254,0.360950065,101.9
77.365,2.016673737,-0.100090254,0.360950065,101.9
77.378,2.017520012,-0.100090254,0.354761558,102
77.391,2.017520012,-0.100090254,0.360950065,101.9
77.404,2.016673737,-0.100090254,0.354761558,102
77.416,2.016673737,-0.100090254,0.360950065,101.9
77.429,2.017520012,-0.133046802,0.354761558,102
77.442,2.017520012,-0.133046802,0.360950065,101.9
77.454,2.016673737,-0.133046802,0.354761558,102
77.467,2.017520012,-0.133046802,0.360950065,101.9
77.48,2.016673737,-0.133046802,0.354761558,102
77.492,2.017520012,-0.133046802,0.360950065,101.9
77.505,2.017520012,-0.133046802,0.354761558,102
77.518,2.017943149,-0.133046802,0.360950065,101.9
77.531,2.017943149,-0.133046802,0.330960976,102
77.543,2.017943149,-0.133046802,0.360950065,101.9
77.556,2.017943149,-0.133046802,0.360950065,101.9
77.569,2.017943149,-0.133046802,0.337149483,101.9
77.581,2.017520012,-0.133046802,0.360950065,101.9
77.594,2.016673737,-0.133046802,0.354761558,102
77.607,2.017520012,-0.133046802,0.360950065,101.9
77.62,2.016673737,-0.133046802,0.354761558,102
77.632,2.017520012,-0.133046802,0.360950065,101.9
77.645,2.016673737,-0.133046802,0.354761558,102
77.658,2.017943149,-0.100090254,0.360950065,101.9
77.67,2.016673737,-0.100090254,0.354761558,102
77.683,2.017520012,-0.100090254,0.360950065,101.9
77.696,2.017520012,-0.100090254,0.354761558,102
77.708,2.017520012,-0.100090254,0.360950065,101.9
77.721,2.017520012,-0.100090254,0.354761558,102
77.734,2.017520012,-0.100090254,0.360950065,101.9
77.747,2.017520012,-0.100090254,0.354761558,102
77.759,2.017520012,-0.100090254,0.360950065,101.9
77.772,2.017520012,-0.100090254,0.360950065,101.9
77.785,2.017520012,-0.065913094,0.360950065,101.9
77.797,2.017520012,-0.065913094,0.360950065,101.9
77.81,2.017520012,-0.065913094,0.337149483,101.9
77.823,2.017520012,-0.065913094,0.337149483,101.9
77.835,2.016673737,-0.065913094,0.337149483,101.9
77.848,2.017520012,-0.065913094,0.337149483,101.9
77.861,2.016673737,-0.065913094,0.360950065,101.9
77.874,2.017520012,-0.065913094,0.360950065,101.9
77.886,2.016673737,-0.065913094,0.360950065,101.9
77.899,2.016673737,-0.032956547,0.360950065,101.9
77.912,2.016673737,-0.032956547,0.360950065,101.9
77.924,2.017520012,-0.065913094,0.360950065,101.9
77.937,2.016673737,-0.065913094,0.360950065,101.9
77.95,2.017520012,-0.032956547,0.360950065,101.9
77.963,2.016673737,-0.032956547,0.360950065,101.9
77.975,2.016673737,-0.065913094,0.354761558,102
77.988,2.017520012,-0.032956547,0.337149483,101.9
78.001,2.016673737,-0.032956547,0.330960976,102
78.013,2.017520012,-0.032956547,0.337149483,101.9
78.026,2.017520012,-0.065913094,0.354761558,102
78.039,2.017520012,-0.065913094,0.360950065,101.9
78.051,2.016673737,-0.065913094,0.360950065,101.9
78.064,2.017520012,-0.065913094,0.360950065,101.9
78.077,2.016673737,-0.065913094,0.360950065,101.9
78.09,2.017520012,-0.065913094,0.360950065,101.9
78.102,2.016673737,-0.100090254,0.360950065,101.9
78.115,2.017520012,-0.100090254,0.360950065,101.9
78.128,2.016673737,-0.100090254,0.360950065,101.9
78.14,2.017520012,-0.100090254,0.337149483,101.9
78.153,2.016673737,-0.100090254,0.337149483,101.9
78.166,2.017520012,-0.100090254,0.337149483,101.9
78.178,2.016673737,-0.100090254,0.337149483,101.9
78.191,2.017520012,-0.133046802,0.360950065,101.9
78.204,2.016673737,-0.133046802,0.360950065,101.9
78.217,2.017520012,-0.133046802,0.360950065,101.9
78.229,2.017520012,-0.133046802,0.360950065,101.9
78.242,2.017520012,-0.133046802,0.360950065,101.9
78.255,2.017520012,-0.133046802,0.360950065,101.9
78.267,2.017520012,-0.133046802,0.360950065,101.9
78.28,2.017943149,-0.133046802,0.337149483,101.9
78.293,2.017520012,-0.133046802,0.337149483,101.9
78.306,2.017943149,-0.133046802,0.360950065,101.9
78.318,2.017520012,-0.133046802,0.360950065,101.9
78.331,2.017943149,-0.133046802,0.360950065,101.9
78.344,2.017520012,-0.133046802,0.337149483,101.9
78.356,2.017943149,-0.133046802,0.337149483,101.9
78.369,2.017520012,-0.133046802,0.337149483,101.9
78.382,2.017520012,-0.133046802,0.354761558,102
78.394,2.017520012,-0.133046802,0.360950065,101.9
78.407,2.017520012,-0.133046802,0.354761558,102
78.42,2.016673737,-0.133046802,0.360950065,101.9
78.433,2.017520012,-0.133046802,0.337149483,101.9
78.445,2.017520012,-0.133046802,0.360950065,101.9
78.458,2.017520012,-0.100090254,0.360950065,101.9
78.471,2.017520012,-0.100090254,0.360950065,101.9
78.483,2.017520012,-0.100090254,0.354761558,102
78.496,2.017943149,-0.100090254,0.360950065,101.9
78.509,2.017943149,-0.100090254,0.354761558,102
78.521,2.017943149,-0.100090254,0.360950065,101.9
78.534,2.017943149,-0.100090254,0.360950065,101.9
78.547,2.017943149,-0.065913094,0.337149483,101.9
78.56,2.017520012,-0.065913094,0.337149483,101.9
78.572,2.017520012,-0.065913094,0.360950065,101.9
78.585,2.017520012,-0.065913094,0.337149483,101.9
78.598,2.017520012,-0.065913094,0.330960976,102
78.61,2.016673737,-0.065913094,0.337149483,101.9
78.623,2.017520012,-0.065913094,0.354761558,102
78.636,2.017520012,-0.032956547,0.360950065,101.9
78.648,2.017520012,-0.032956547,0.354761558,102
78.661,2.016673737,-0.032956547,0.360950065,101.9
78.674,2.016673737,-0.032956547,0.354761558,102
78.687,2.017520012,-0.065913094,0.337149483,101.9
78.699,2.016673737,-0.065913094,0.354761558,102
78.712,2.017520012,-0.065913094,0.360950065,101.9
78.725,2.017520012,-0.065913094,0.354761558,102
78.737,2.017520012,-0.065913094,0.360950065,101.9
78.75,2.016673737,-0.032956547,0.330960976,102
78.763,2.017520012,-0.032956547,0.337149483,101.9
78.776,2.017520012,-0.065913094,0.330960976,102
78.788,2.017520012,-0.065913094,0.337149483,101.9
78.801,2.016673737,-0.065913094,0.337149483,101.9
78.814,2.016673737,-0.065913094,0.337149483,101.9
78.826,2.016673737,-0.065913094,0.337149483,101.9
78.839,2.016673737,-0.065913094,0.330960976,102
78.852,2.017520012,-0.065913094,0.337149483,101.9
78.864,2.016673737,-0.065913094,0.330960976,102
78.877,2.017520012,-0.065913094,0.337149483,101.9
78.89,2.015827461,-0.065913094,0.330960976,102
78.903,2.016673737,-0.065913094,0.337149483,101.9
78.915,2.016673737,-0.100090254,0.330960976,102
78.928,2.017520012,-0.100090254,0.337149483,101.9
78.941,2.017520012,-0.100090254,0.330960976,102
78.953,2.017520012,-0.100090254,0.337149483,101.9
78.966,2.016673737,-0.100090254,0.354761558,102
78.979,2.016673737,-0.100090254,0.360950065,101.9
78.992,2.017520012,-0.100090254,0.360950065,101.9
79.004,2.017520012,-0.100090254,0.330960976,102
79.017,2.017520012,-0.100090254,0.337149483,101.9
79.03,2.017520012,-0.100090254,0.330960976,102
79.042,2.017520012,-0.133046802,0.360950065,101.9
79.055,2.016673737,-0.133046802,0.360950065,101.9
79.068,2.017943149,-0.133046802,0.360950065,101.9
79.08,2.017520012,-0.133046802,0.360950065,101.9
79.093,2.017520012,-0.133046802,0.337149483,101.9
79.106,2.016673737,-0.133046802,0.330960976,102
79.119,2.017520012,-0.133046802,0.337149483,101.9
79.131,2.017520012,-0.133046802,0.330960976,102
79.144,2.017520012,-0.100090254,0.337149483,101.9
79.157,2.017520012,-0.133046802,0.337149483,101.9
79.169,2.017520012,-0.133046802,0.337149483,101.9
79.182,2.017520012,-0.133046802,0.337149483,101.9
79.195,2.016673737,-0.133046802,0.337149483,101.9
79.207,2.017520012,-0.133046802,0.337149483,101.9
79.22,2.016673737,-0.100090254,0.337149483,101.9
79.233,2.017520012,-0.100090254,0.337149483,101.9
79.246,2.017520012,-0.100090254,0.337149483,101.9
79.258,2.017520012,-0.100090254,0.337149483,101.9
79.271,2.016673737,-0.100090254,0.360950065,101.9
79.284,2.017520012,-0.100090254,0.360950065,101.9
79.296,2.016673737,-0.100090254,0.360950065,101.9
79.309,2.017520012,-0.100090254,0.337149483,101.9
79.322,2.016673737,-0.065913094,0.337149483,101.9
79.335,2.017520012,-0.065913094,0.337149483,101.9
79.347,2.016673737,-0.065913094,0.337149483,101.9
79.36,2.017520012,-0.065913094,0.337149483,101.9
79.373,2.017520012,-0.065913094,0.360950065,101.9
79.385,2.017943149,-0.065913094,0.360950065,101.9
79.398,2.017520012,-0.065913094,0.337149483,101.9
79.411,2.017520012,-0.065913094,0.330960976,102
79.423,2.017520012,-0.065913094,0.337149483,101.9
79.436,2.017520012,-0.065913094,0.337149483,101.9
79.449,2.017520012,-0.065913094,0.360950065,101.9
79.462,2.017520012,-0.065913094,0.360950065,101.9
79.474,2.017943149,-0.032956547,0.337149483,101.9
79.487,2.017520012,-0.032956547,0.360950065,101.9
79.5,2.017520012,-0.032956547,0.360950065,101.9
79.512,2.017520012,-0.065913094,0.360950065,101.9
79.525,2.017520012,-0.065913094,0.337149483,101.9
79.538,2.017520012,-0.065913094,0.337149483,101.9
79.55,2.017520012,-0.032956547,0.337149483,101.9
79.563,2.016673737,-0.065913094,0.337149483,101.9
79.576,2.016673737,-0.065913094,0.354761558,102
79.589,2.016673737,-0.065913094,0.360950065,101.9
79.601,2.017520012,-0.065913094,0.354761558,102
79.614,2.016673737,-0.065913094,0.337149483,101.9
79.627,2.016673737,-0.065913094,0.354761558,102
79.639,2.016673737,-0.065913094,0.360950065,101.9
79.652,2.017520012,-0.065913094,0.330960976,102
79.665,2.016673737,-0.065913094,0.337149483,101.9
79.678,2.017520012,-0.065913094,0.330960976,102
79.69,2.017520012,-0.065913094,0.337149483,101.9
79.703,2.017520012,-0.065913094,0.330960976,102
79.716,2.017520012,-0.065913094,0.337149483,101.9
79.728,2.017520012,-0.100090254,0.330960976,102
79.741,2.017520012,-0.100090254,0.337149483,101.9
79.754,2.017520012,-0.100090254,0.330960976,102
79.766,2.017943149,-0.100090254,0.337149483,101.9
79.779,2.017520012,-0.100090254,0.337149483,101.9
79.792,2.017520012,-0.100090254,0.337149483,101.9
79.805,2.017520012,-0.100090254,0.337149483,101.9
79.817,2.017520012,-0.100090254,0.330960976,102
79.83,2.016673737,-0.133046802,0.360950065,101.9
79.843,2.017520012,-0.133046802,0.330960976,102
79.855,2.017520012,-0.100090254,0.360950065,101.9
79.868,2.017520012,-0.100090254,0.354761558,102
79.881,2.017520012,-0.100090254,0.360950065,101.9
79.893,2.016673737,-0.100090254,0.330960976,102
79.906,2.017520012,-0.100090254,0.360950065,101.9
79.919,2.016673737,-0.100090254,0.330960976,102
79.932,2.017520012,-0.100090254,0.337149483,101.9
79.944,2.017520012,-0.100090254,0.330960976,102
79.957,2.017520012,-0.133046802,0.360950065,101.9
79.97,2.017520012,-0.133046802,0.354761558,102
79.982,2.017943149,-0.133046802,0.337149483,101.9
79.995,2.017520012,-0.100090254,0.337149483,101.9
80.008,2.017520012,-0.100090254,0.337149483,101.9
80.02,2.017520012,-0.100090254,0.337149483,101.9
80.033,2.017520012,-0.100090254,0.337149483,101.9
80.046,2.017520012,-0.100090254,0.337149483,101.9
80.059,2.017943149,-0.100090254,0.354761558,102
80.071,2.017943149,-0.100090254,0.360950065,101.9
80.084,2.017520012,-0.100090254,0.330960976,102
80.097,2.017943149,-0.100090254,0.337149483,101.9
80.109,2.017520012,-0.100090254,0.330960976,102
80.122,2.017520012,-0.065913094,0.337149483,101.9
80.135,2.016673737,-0.065913094,0.360950065,101.9
80.148,2.017520012,-0.065913094,0.337149483,101.9
80.16,2.016673737,-0.065913094,0.337149483,101.9
80.173,2.017520012,-0.065913094,0.337149483,101.9
80.186,2.017520012,-0.065913094,0.337149483,101.9
80.198,2.017520012,-0.065913094,0.330960976,102
80.211,2.017520012,-0.065913094,0.337149483,101.9
80.224,2.016673737,-0.065913094,0.330960976,102
80.236,2.017520012,-0.065913094,0.337149483,101.9
80.249,2.016673737,-0.065913094,0.330960976,102
80.262,2.017520012,-0.065913094,0.337149483,101.9
80.275,2.016673737,-0.065913094,0.330960976,102
80.287,2.017520012,-0.065913094,0.337149483,101.9
80.3,2.016673737,-0.065913094,0.330960976,102
80.313,2.017520012,-0.065913094,0.337149483,101.9
80.325,2.016673737,-0.065913094,0.330960976,102
80.338,2.017520012,-0.065913094,0.337149483,101.9
80.351,2.016673737,-0.065913094,0.330960976,102
80.363,2.017520012,-0.065913094,0.337149483,101.9
80.376,2.016673737,-0.065913094,0.330960976,102
80.389,2.017520012,-0.065913094,0.337149483,101.9
80.402,2.017520012,-0.065913094,0.337149483,101.9
80.414,2.016673737,-0.065913094,0.337149483,101.9
80.427,2.017520012,-0.065913094,0.337149483,101.9
80.44,2.016673737,-0.065913094,0.337149483,101.9
80.452,2.016673737,-0.065913094,0.337149483,101.9
80.465,2.016673737,-0.065913094,0.337149483,101.9
80.478,2.017520012,-0.065913094,0.337149483,101.9
80.491,2.016673737,-0.100090254,0.337149483,101.9
80.503,2.016673737,-0.100090254,0.337149483,101.9
80.516,2.016673737,-0.100090254,0.337149483,101.9
80.529,2.016673737,-0.100090254,0.337149483,101.9
80.541,2.016673737,-0.100090254,0.337149483,101.9
80.554,2.017520012,-0.100090254,0.337149483,101.9
80.567,2.016673737,-0.100090254,0.337149483,101.9
80.579,2.017520012,-0.100090254,0.337149483,101.9
80.592,2.017520012,-0.100090254,0.337149483,101.9
80.605,2.017520012,-0.100090254,0.337149483,101.9
80.618,2.017520012,-0.100090254,0.337149483,101.9
80.63,2.017520012,-0.100090254,0.337149483,101.9
80.643,2.017520012,-0.100090254,0.337149483,101.9
80.656,2.017520012,-0.100090254,0.337149483,101.9
80.668,2.017520012,-0.100090254,0.337149483,101.9
80.681,2.017520012,-0.100090254,0.337149483,101.9
80.694,2.017943149,-0.100090254,0.337149483,101.9
80.706,2.017520012,-0.100090254,0.337149483,101.9
80.719,2.017943149,-0.100090254,0.337149483,101.9
80.732,2.017520012,-0.100090254,0.337149483,101.9
80.745,2.017520012,-0.133046802,0.337149483,101.9
80.757,2.017520012,-0.133046802,0.337149483,101.9
80.77,2.017520012,-0.100090254,0.337149483,101.9
80.783,2.016673737,-0.100090254,0.337149483,101.9
80.795,2.017520012,-0.100090254,0.337149483,101.9
80.808,2.016673737,-0.100090254,0.337149483,101.9
80.821,2.016673737,-0.100090254,0.295260102,102
80.834,2.016673737,-0.100090254,0.30144861,101.9
80.846,2.017520012,-0.100090254,0.330960976,102
80.859,2.017520012,-0.100090254,0.337149483,101.9
80.872,2.017520012,-0.100090254,0.330960976,102
80.884,2.017520012,-0.100090254,0.337149483,101.9
80.897,2.017520012,-0.100090254,0.330960976,102
80.91,2.017520012,-0.100090254,0.337149483,101.9
80.922,2.017520012,-0.100090254,0.295260102,102
80.935,2.017943149,-0.065913094,0.30144861,101.9
80.948,2.017520012,-0.065913094,0.330960976,102
80.961,2.017520012,-0.065913094,0.337149483,101.9
80.973,2.017520012,-0.065913094,0.337149483,101.9
80.986,2.017943149,-0.065913094,0.337149483,101.9
80.999,2.017520012,-0.065913094,0.337149483,101.9
81.011,2.017520012,-0.065913094,0.337149483,101.9
81.024,2.017520012,-0.065913094,0.337149483,101.9
81.037,2.017520012,-0.065913094,0.337149483,101.9
81.049,2.017520012,-0.065913094,0.337149483,101.9
81.062,2.017520012,-0.065913094,0.337149483,101.9
81.075,2.016673737,-0.065913094,0.337149483,101.9
81.088,2.016673737,-0.065913094,0.330960976,102
81.1,2.016673737,-0.065913094,0.337149483,101.9
81.113,2.016673737,-0.065913094,0.330960976,102
81.126,2.017520012,-0.065913094,0.337149483,101.9
81.138,2.016673737,-0.065913094,0.330960976,102
81.151,2.017520012,-0.065913094,0.337149483,101.9
81.164,2.017520012,-0.065913094,0.337149483,101.9
81.177,2.017520012,-0.065913094,0.337149483,101.9
81.189,2.016673737,-0.065913094,0.337149483,101.9
81.202,2.017520012,-0.065913094,0.337149483,101.9
81.215,2.016673737,-0.065913094,0.337149483,101.9
81.227,2.017520012,-0.065913094,0.337149483,101.9
81.24,2.017520012,-0.065913094,0.337149483,101.9
81.253,2.017520012,-0.065913094,0.337149483,101.9
81.265,2.016673737,-0.065913094,0.337149483,101.9
81.278,2.016673737,-0.065913094,0.337149483,101.9
81.291,2.017520012,-0.065913094,0.337149483,101.9
81.304,2.016673737,-0.065913094,0.330960976,102
81.316,2.017520012,-0.065913094,0.337149483,101.9
81.329,2.017520012,-0.065913094,0.330960976,102
81.342,2.017520012,-0.065913094,0.337149483,101.9
81.354,2.016673737,-0.065913094,0.330960976,102
81.367,2.017520012,-0.100090254,0.337149483,101.9
81.38,2.017520012,-0.065913094,0.330960976,102
81.392,2.017520012,-0.065913094,0.337149483,101.9
81.405,2.017520012,-0.065913094,0.330960976,102
81.418,2.017520012,-0.065913094,0.337149483,101.9
81.431,2.016673737,-0.100090254,0.337149483,101.9
81.443,2.016673737,-0.100090254,0.330960976,102
81.456,2.016673737,-0.100090254,0.337149483,101.9
81.469,2.016673737,-0.100090254,0.330960976,102
81.481,2.017520012,-0.100090254,0.337149483,101.9
81.494,2.016673737,-0.100090254,0.330960976,102
81.507,2.017520012,-0.100090254,0.30144861,101.9
81.52,2.017520012,-0.100090254,0.330960976,102
81.532,2.017520012,-0.100090254,0.337149483,101.9
81.545,2.017520012,-0.100090254,0.330960976,102
81.558,2.017943149,-0.100090254,0.337149483,101.9
81.57,2.017520012,-0.100090254,0.330960976,102
81.583,2.017943149,-0.100090254,0.337149483,101.9
81.596,2.017520012,-0.100090254,0.330960976,102
81.608,2.017520012,-0.100090254,0.337149483,101.9
81.621,2.017520012,-0.100090254,0.330960976,102
81.634,2.016673737,-0.100090254,0.337149483,101.9
81.647,2.017520012,-0.100090254,0.330960976,102
81.659,2.017520012,-0.100090254,0.337149483,101.9
81.672,2.017520012,-0.100090254,0.337149483,101.9
81.685,2.016673737,-0.100090254,0.337149483,101.9
81.697,2.017520012,-0.065913094,0.337149483,101.9
81.71,2.016673737,-0.065913094,0.330960976,102
81.723,2.017520012,-0.065913094,0.337149483,101.9
81.735,2.016673737,-0.065913094,0.330960976,102
81.748,2.016673737,-0.065913094,0.337149483,101.9
81.761,2.016673737,-0.065913094,0.337149483,101.9
81.774,2.017520012,-0.065913094,0.337149483,101.9
81.786,2.016673737,-0.065913094,0.337149483,101.9
81.799,2.017520012,-0.065913094,0.337149483,101.9
81.812,2.016673737,-0.065913094,0.337149483,101.9
81.824,2.017520012,-0.065913094,0.330960976,102
81.837,2.017520012,-0.065913094,0.330960976,102
81.85,2.017520012,-0.065913094,0.330960976,102
81.863,2.017520012,-0.065913094,0.337149483,101.9
81.875,2.017520012,-0.032956547,0.337149483,101.9
81.888,2.017520012,-0.065913094,0.337149483,101.9
81.901,2.017520012,-0.065913094,0.337149483,101.9
81.913,2.017943149,-0.065913094,0.337149483,101.9
81.926,2.017520012,-0.065913094,0.337149483,101.9
81.939,2.017520012,-0.065913094,0.337149483,101.9
81.951,2.017520012,-0.065913094,0.337149483,101.9
81.964,2.017520012,-0.065913094,0.330960976,102
81.977,2.016673737,-0.065913094,0.337149483,101.9
81.99,2.017520012,-0.065913094,0.330960976,102
82.002,2.016673737,-0.065913094,0.337149483,101.9
82.015,2.017520012,-0.065913094,0.337149483,101.9
82.028,2.017520012,-0.065913094,0.337149483,101.9
82.04,2.016673737,-0.065913094,0.330960976,102
82.053,2.016673737,-0.065913094,0.337149483,101.9
82.066,2.017520012,-0.065913094,0.330960976,102
82.078,2.017520012,-0.065913094,0.337149483,101.9
82.091,2.017520012,-0.065913094,0.337149483,101.9
82.104,2.017943149,-0.065913094,0.337149483,101.9
82.117,2.017520012,-0.065913094,0.330960976,102
82.129,2.017520012,-0.100090254,0.337149483,101.9
82.142,2.017520012,-0.100090254,0.330960976,102
82.155,2.017943149,-0.100090254,0.337149483,101.9
82.167,2.017520012,-0.100090254,0.337149483,101.9
82.18,2.017520012,-0.100090254,0.337149483,101.9
82.193,2.016673737,-0.100090254,0.337149483,101.9
82.206,2.017520012,-0.100090254,0.337149483,101.9
82.218,2.017520012,-0.100090254,0.337149483,101.9
82.231,2.017520012,-0.100090254,0.337149483,101.9
82.244,2.017520012,-0.100090254,0.337149483,101.9
82.256,2.017520012,-0.100090254,0.337149483,101.9
82.269,2.016673737,-0.100090254,0.337149483,101.9
82.282,2.017520012,-0.100090254,0.337149483,101.9
82.294,2.017520012,-0.100090254,0.337149483,101.9
82.307,2.017520012,-0.100090254,0.330960976,102
82.32,2.017520012,-0.100090254,0.337149483,101.9
82.333,2.017520012,-0.100090254,0.330960976,102
82.345,2.017520012,-0.100090254,0.337149483,101.9
82.358,2.017520012,-0.100090254,0.330960976,102
82.371,2.017520012,-0.065913094,0.337149483,101.9
82.383,2.017520012,-0.100090254,0.337149483,101.9
82.396,2.017943149,-0.100090254,0.337149483,101.9
82.409,2.017520012,-0.100090254,0.337149483,101.9
82.421,2.017520012,-0.065913094,0.337149483,101.9
82.434,2.017520012,-0.100090254,0.337149483,101.9
82.447,2.017520012,-0.100090254,0.330960976,102
82.46,2.017520012,-0.065913094,0.337149483,101.9
82.472,2.017520012,-0.065913094,0.330960976,102
82.485,2.016673737,-0.065913094,0.337149483,101.9
82.498,2.016673737,-0.065913094,0.330960976,102
82.51,2.017520012,-0.065913094,0.337149483,101.9
82.523,2.016673737,-0.065913094,0.330960976,102
82.536,2.017520012,-0.065913094,0.337149483,101.9
82.549,2.017520012,-0.065913094,0.330960976,102
82.561,2.017520012,-0.065913094,0.337149483,101.9
82.574,2.017520012,-0.065913094,0.330960976,102
82.587,2.017520012,-0.065913094,0.337149483,101.9
82.599,2.017520012,-0.065913094,0.330960976,102
82.612,2.017520012,-0.065913094,0.337149483,101.9
82.625,2.017520012,-0.065913094,0.337149483,101.9
82.637,2.016673737,-0.065913094,0.337149483,101.9
82.65,2.017520012,-0.065913094,0.337149483,101.9
82.663,2.016673737,-0.065913094,0.330960976,102
82.676,2.016673737,-0.065913094,0.337149483,101.9
82.688,2.016673737,-0.065913094,0.330960976,102
82.701,2.016673737,-0.065913094,0.337149483,101.9
82.714,2.016673737,-0.032956547,0.330960976,102
82.726,2.017520012,-0.065913094,0.337149483,101.9
82.739,2.016673737,-0.065913094,0.330960976,102
82.752,2.017520012,-0.065913094,0.337149483,101.9
82.764,2.016673737,-0.065913094,0.330960976,102
82.777,2.017520012,-0.065913094,0.337149483,101.9
82.79,2.016673737,-0.065913094,0.330960976,102
82.803,2.017520012,-0.065913094,0.337149483,101.9
82.815,2.017520012,-0.065913094,0.330960976,102
82.828,2.017520012,-0.065913094,0.337149483,101.9
82.841,2.016673737,-0.065913094,0.337149483,101.9
82.853,2.016673737,-0.065913094,0.360950065,101.9
82.866,2.017520012,-0.065913094,0.337149483,101.9
82.879,2.016673737,-0.065913094,0.337149483,101.9
82.892,2.017520012,-0.065913094,0.337149483,101.9
82.904,2.016673737,-0.065913094,0.337149483,101.9
82.917,2.017520012,-0.065913094,0.337149483,101.9
82.93,2.016673737,-0.065913094,0.330960976,102
82.942,2.017520012,-0.065913094,0.337149483,101.9
82.955,2.016673737,-0.065913094,0.337149483,101.9
82.968,2.017520012,-0.065913094,0.337149483,101.9
82.98,2.016673737,-0.065913094,0.337149483,101.9
82.993,2.017520012,-0.065913094,0.337149483,101.9
83.006,2.017520012,-0.100090254,0.337149483,101.9
83.019,2.017520012,-0.100090254,0.337149483,101.9
83.031,2.017520012,-0.065913094,0.337149483,101.9
83.044,2.017520012,-0.065913094,0.337149483,101.9
83.057,2.017520012,-0.100090254,0.337149483,101.9
83.069,2.016673737,-0.100090254,0.330960976,102
83.082,2.017520012,-0.100090254,0.337149483,101.9
83.095,2.016673737,-0.100090254,0.30144861,101.9
83.107,2.017520012,-0.100090254,0.337149483,101.9
83.12,2.017520012,-0.100090254,0.337149483,101.9
83.133,2.017520012,-0.065913094,0.337149483,101.9
83.146,2.017520012,-0.065913094,0.337149483,101.9
83.158,2.017520012,-0.065913094,0.337149483,101.9
83.171,2.017520012,-0.065913094,0.337149483,101.9
83.184,2.017520012,-0.065913094,0.337149483,101.9
83.196,2.016673737,-0.065913094,0.337149483,101.9
83.209,2.017520012,-0.065913094,0.337149483,101.9
83.222,2.016673737,-0.065913094,0.337149483,101.9
83.235,2.017520012,-0.065913094,0.337149483,101.9
83.247,2.016673737,-0.065913094,0.337149483,101.9
83.26,2.017520012,-0.065913094,0.337149483,101.9
83.273,2.017520012,-0.065913094,0.337149483,101.9
83.285,2.017520012,-0.065913094,0.337149483,101.9
83.298,2.017520012,-0.065913094,0.337149483,101.9
83.311,2.017520012,-0.065913094,0.337149483,101.9
83.323,2.017520012,-0.065913094,0.337149483,101.9
83.336,2.016673737,-0.065913094,0.337149483,101.9
83.349,2.017520012,-0.065913094,0.337149483,101.9
83.362,2.016673737,-0.065913094,0.337149483,101.9
83.374,2.017520012,-0.065913094,0.337149483,101.9
83.387,2.016673737,-0.032956547,0.337149483,101.9
83.4,2.017520012,-0.065913094,0.337149483,101.9
83.412,2.016673737,-0.032956547,0.337149483,101.9
83.425,2.017520012,-0.065913094,0.337149483,101.9
83.438,2.017520012,-0.065913094,0.337149483,101.9
83.45,2.017520012,-0.065913094,0.330960976,102
83.463,2.017520012,-0.065913094,0.337149483,101.9
83.476,2.017520012,-0.032956547,0.330960976,102
83.489,2.017520012,-0.065913094,0.337149483,101.9
83.501,2.017520012,-0.065913094,0.337149483,101.9
83.514,2.017520012,-0.065913094,0.337149483,101.9
83.527,2.017520012,-0.065913094,0.330960976,102
83.539,2.017520012,-0.065913094,0.337149483,101.9
83.552,2.017520012,-0.065913094,0.330960976,102
83.565,2.017520012,-0.065913094,0.337149483,101.9
83.578,2.017520012,-0.065913094,0.330960976,102
83.59,2.017520012,-0.065913094,0.337149483,101.9
83.603,2.017520012,-0.065913094,0.337149483,101.9
83.616,2.017520012,-0.065913094,0.337149483,101.9
83.628,2.016673737,-0.065913094,0.30144861,101.9
83.641,2.017520012,-0.065913094,0.337149483,101.9
83.654,2.017520012,-0.065913094,0.337149483,101.9
83.666,2.016673737,-0.065913094,0.330960976,102
83.679,2.016673737,-0.065913094,0.337149483,101.9
83.692,2.016673737,-0.065913094,0.330960976,102
83.705,2.016673737,-0.065913094,0.337149483,101.9
83.717,2.016673737,-0.065913094,0.330960976,102
83.73,2.017520012,-0.065913094,0.337149483,101.9
83.743,2.016673737,-0.065913094,0.330960976,102
83.755,2.017520012,-0.065913094,0.337149483,101.9
83.768,2.017520012,-0.065913094,0.330960976,102
83.781,2.017520012,-0.065913094,0.337149483,101.9
83.793,2.017520012,-0.065913094,0.330960976,102
83.806,2.017520012,-0.065913094,0.337149483,101.9
83.819,2.016673737,-0.100090254,0.330960976,102
83.832,2.017520012,-0.100090254,0.337149483,101.9
83.844,2.016673737,-0.065913094,0.337149483,101.9
83.857,2.017520012,-0.065913094,0.337149483,101.9
83.87,2.017520012,-0.065913094,0.337149483,101.9
83.882,2.016673737,-0.065913094,0.337149483,101.9
83.895,2.016673737,-0.065913094,0.337149483,101.9
83.908,2.016673737,-0.065913094,0.337149483,101.9
83.921,2.016673737,-0.065913094,0.337149483,101.9
83.933,2.016673737,-0.065913094,0.330960976,102
83.946,2.016673737,-0.065913094,0.337149483,101.9
83.959,2.016673737,-0.065913094,0.330960976,102
83.971,2.017520012,-0.065913094,0.337149483,101.9
83.984,2.016673737,-0.065913094,0.330960976,102
83.997,2.017520012,-0.065913094,0.337149483,101.9
84.009,2.016673737,-0.065913094,0.337149483,101.9
84.022,2.017520012,-0.065913094,0.337149483,101.9
84.035,2.017520012,-0.065913094,0.337149483,101.9
84.048,2.017520012,-0.065913094,0.337149483,101.9
84.06,2.017520012,-0.065913094,0.337149483,101.9
84.073,2.017520012,-0.065913094,0.330960976,102
84.086,2.017520012,-0.065913094,0.337149483,101.9
84.098,2.016673737,-0.065913094,0.337149483,101.9
84.111,2.017520012,-0.065913094,0.337149483,101.9
84.124,2.016673737,-0.065913094,0.330960976,102
84.136,2.017520012,-0.065913094,0.337149483,101.9
84.149,2.016673737,-0.065913094,0.330960976,102
84.162,2.017520012,-0.065913094,0.337149483,101.9
84.175,2.016673737,-0.065913094,0.330960976,102
84.187,2.017520012,-0.065913094,0.337149483,101.9
84.2,2.016673737,-0.065913094,0.330960976,102
84.213,2.017520012,-0.065913094,0.337149483,101.9
84.225,2.017520012,-0.065913094,0.330960976,102
84.238,2.017520012,-0.065913094,0.337149483,101.9
84.251,2.017520012,-0.065913094,0.330960976,102
84.264,2.016673737,-0.065913094,0.337149483,101.9
84.276,2.016673737,-0.065913094,0.337149483,101.9
84.289,2.016673737,-0.065913094,0.337149483,101.9
84.302,2.017520012,-0.065913094,0.337149483,101.9
84.314,2.016673737,-0.032956547,0.330960976,102
84.327,2.017520012,-0.032956547,0.337149483,101.9
84.34,2.016673737,-0.065913094,0.330960976,102
84.352,2.017520012,-0.065913094,0.337149483,101.9
84.365,2.016673737,-0.065913094,0.330960976,102
84.378,2.017520012,-0.065913094,0.337149483,101.9
84.391,2.016673737,-0.065913094,0.337149483,101.9
84.403,2.017520012,-0.065913094,0.337149483,101.9
84.416,2.017520012,-0.032956547,0.337149483,101.9
84.429,2.017520012,-0.032956547,0.337149483,101.9
84.441,2.017520012,-0.065913094,0.330960976,102
84.454,2.017520012,-0.065913094,0.337149483,101.9
84.467,2.017520012,-0.065913094,0.330960976,102
84.479,2.017520012,-0.065913094,0.337149483,101.9
84.492,2.017520012,-0.065913094,0.337149483,101.9
84.505,2.017520012,-0.065913094,0.337149483,101.9
84.518,2.017943149,-0.065913094,0.337149483,101.9
84.53,2.017520012,-0.065913094,0.337149483,101.9
84.543,2.017943149,-0.065913094,0.337149483,101.9
84.556,2.017520012,-0.065913094,0.337149483,101.9
84.568,2.017520012,-0.065913094,0.337149483,101.9
84.581,2.016673737,-0.065913094,0.337149483,101.9
84.594,2.017520012,-0.065913094,0.337149483,101.9
84.607,2.016673737,-0.065913094,0.337149483,101.9
84.619,2.017520012,-0.065913094,0.337149483,101.9
84.632,2.016673737,-0.065913094,0.337149483,101.9
84.645,2.017520012,-0.065913094,0.337149483,101.9
84.657,2.016673737,-0.065913094,0.337149483,101.9
84.67,2.017520012,-0.065913094,0.330960976,102
84.683,2.016673737,-0.065913094,0.337149483,101.9
84.695,2.017520012,-0.065913094,0.337149483,101.9
84.708,2.017520012,-0.065913094,0.337149483,101.9
84.721,2.017520012,-0.065913094,0.360950065,101.9
84.734,2.017520012,-0.065913094,0.337149483,101.9
84.746,2.017520012,-0.065913094,0.330960976,102
84.759,2.017520012,-0.065913094,0.337149483,101.9
84.772,2.017520012,-0.065913094,0.330960976,102
84.784,2.017520012,-0.065913094,0.337149483,101.9
84.797,2.017520012,-0.065913094,0.337149483,101.9
84.81,2.017520012,-0.065913094,0.337149483,101.9
84.822,2.017520012,-0.065913094,0.337149483,101.9
84.835,2.017943149,-0.065913094,0.337149483,101.9
84.848,2.017520012,-0.032956547,0.337149483,101.9
84.861,2.017520012,-0.032956547,0.354761558,102
84.873,2.017520012,-0.065913094,0.360950065,101.9
84.886,2.017520012,-0.065913094,0.354761558,102
84.899,2.017520012,-0.065913094,0.337149483,101.9
84.911,2.017520012,-0.065913094,0.337149483,101.9
84.924,2.016673737,-0.065913094,0.337149483,101.9
84.937,2.016673737,-0.065913094,0.330960976,102
84.95,2.017520012,-0.065913094,0.337149483,101.9
84.962,2.017520012,-0.065913094,0.330960976,102
84.975,2.017520012,-0.065913094,0.337149483,101.9
84.988,2.017520012,-0.065913094,0.330960976,102
85,2.017520012,-0.065913094,0.337149483,101.9
85.013,2.016673737,-0.065913094,0.337149483,101.9
85.026,2.017520012,-0.065913094,0.337149483,101.9
85.038,2.016673737,-0.065913094,0.337149483,101.9
85.051,2.017520012,-0.065913094,0.337149483,101.9
85.064,2.017520012,-0.065913094,0.337149483,101.9
85.077,2.017520012,-0.065913094,0.337149483,101.9
85.089,2.016673737,-0.032956547,0.337149483,101.9
85.102,2.017520012,-0.032956547,0.337149483,101.9
85.115,2.016673737,-0.032956547,0.337149483,101.9
85.127,2.016673737,-0.032956547,0.330960976,102
85.14,2.017520012,-0.065913094,0.337149483,101.9
85.153,2.016673737,-0.065913094,0.330960976,102
85.165,2.017520012,-0.065913094,0.337149483,101.9
85.178,2.016673737,-0.065913094,0.330960976,102
85.191,2.017520012,-0.065913094,0.337149483,101.9
85.204,2.016673737,-0.065913094,0.330960976,102
85.216,2.017520012,-0.065913094,0.337149483,101.9
85.229,2.016673737,-0.065913094,0.337149483,101.9
85.242,2.017520012,-0.065913094,0.337149483,101.9
85.254,2.017520012,-0.065913094,0.337149483,101.9
85.267,2.016673737,-0.065913094,0.330960976,102
85.28,2.016673737,-0.065913094,0.337149483,101.9
85.293,2.016673737,-0.065913094,0.330960976,102
85.305,2.016673737,-0.065913094,0.337149483,101.9
85.318,2.016673737,-0.065913094,0.330960976,102
85.331,2.016673737,-0.065913094,0.337149483,101.9
85.343,2.015827461,-0.065913094,0.330960976,102
85.356,2.017520012,-0.065913094,0.337149483,101.9
85.369,2.016673737,-0.065913094,0.330960976,102
85.381,2.017520012,-0.065913094,0.337149483,101.9
85.394,2.016673737,-0.065913094,0.330960976,102
85.407,2.017520012,-0.065913094,0.337149483,101.9
85.42,2.016673737,-0.065913094,0.330960976,102
85.432,2.017520012,-0.065913094,0.337149483,101.9
85.445,2.017520012,-0.065913094,0.330960976,102
85.458,2.016673737,-0.065913094,0.337149483,101.9
85.47,2.017520012,-0.065913094,0.337149483,101.9
85.483,2.016673737,-0.065913094,0.360950065,101.9
85.496,2.017520012,-0.065913094,0.360950065,101.9
85.508,2.016673737,-0.100090254,0.360950065,101.9
85.521,2.017520012,-0.100090254,0.360950065,101.9
85.534,2.016673737,-0.065913094,0.360950065,101.9
85.547,2.017520012,-0.065913094,0.337149483,101.9
85.559,2.016673737,-0.065913094,0.337149483,101.9
85.572,2.017520012,-0.065913094,0.337149483,101.9
85.585,2.017520012,-0.065913094,0.360950065,101.9
85.597,2.017520012,-0.065913094,0.360950065,101.9
85.61,2.016673737,-0.065913094,0.360950065,101.9
85.623,2.017520012,-0.065913094,0.360950065,101.9
85.636,2.017520012,-0.065913094,0.360950065,101.9
85.648,2.017520012,-0.065913094,0.360950065,101.9
85.661,2.017520012,-0.065913094,0.354761558,102
85.674,2.017520012,-0.065913094,0.360950065,101.9
85.686,2.017520012,-0.065913094,0.337149483,101.9
85.699,2.017520012,-0.065913094,0.360950065,101.9
85.712,2.017520012,-0.065913094,0.360950065,101.9
85.724,2.017520012,-0.032956547,0.360950065,101.9
85.737,2.017520012,-0.065913094,0.354761558,102
85.75,2.016673737,-0.065913094,0.337149483,101.9
85.763,2.017520012,-0.065913094,0.337149483,101.9
85.775,2.017520012,-0.065913094,0.360950065,101.9
85.788,2.017520012,-0.065913094,0.360950065,101.9
85.801,2.016673737,-0.065913094,0.360950065,101.9
85.813,2.017520012,-0.065913094,0.360950065,101.9
85.826,2.016673737,-0.065913094,0.360950065,101.9
85.839,2.017520012,-0.065913094,0.354761558,102
85.851,2.016673737,-0.065913094,0.360950065,101.9
85.864,2.016673737,-0.032956547,0.330960976,102
85.877,2.016673737,-0.032956547,0.337149483,101.9
85.89,2.016673737,-0.065913094,0.330960976,102
85.902,2.017520012,-0.065913094,0.337149483,101.9
85.915,2.017520012,-0.065913094,0.330960976,102
85.928,2.017520012,-0.065913094,0.337149483,101.9
85.94,2.017520012,-0.065913094,0.330960976,102
85.953,2.017520012,-0.065913094,0.337149483,101.9
85.966,2.017520012,-0.065913094,0.330960976,102
85.979,2.017520012,-0.065913094,0.337149483,101.9
85.991,2.017520012,-0.065913094,0.330960976,102
86.004,2.017943149,-0.065913094,0.360950065,101.9
86.017,2.017520012,-0.065913094,0.354761558,102
86.029,2.017520012,-0.065913094,0.360950065,101.9
86.042,2.017520012,-0.065913094,0.360950065,101.9
86.055,2.017520012,-0.065913094,0.360950065,101.9
86.067,2.017520012,-0.065913094,0.354761558,102
86.08,2.017520012,-0.065913094,0.354761558,102
86.093,2.017520012,-0.065913094,0.360950065,101.9
86.106,2.017520012,-0.065913094,0.354761558,102
86.118,2.017520012,-0.065913094,0.360950065,101.9
86.131,2.017520012,-0.065913094,0.354761558,102
86.144,2.017520012,-0.065913094,0.360950065,101.9
86.156,2.016673737,-0.065913094,0.354761558,102
86.169,2.017520012,-0.065913094,0.360950065,101.9
86.182,2.017520012,-0.065913094,0.354761558,102
86.194,2.017520012,-0.065913094,0.360950065,101.9
86.207,2.016673737,-0.065913094,0.354761558,102
86.22,2.017520012,-0.065913094,0.360950065,101.9
86.233,2.016673737,-0.065913094,0.354761558,102
86.245,2.017520012,-0.065913094,0.337149483,101.9
86.258,2.017520012,-0.065913094,0.330960976,102
86.271,2.017520012,-0.065913094,0.360950065,101.9
86.283,2.016673737,-0.065913094,0.354761558,102
86.296,2.016673737,-0.065913094,0.354761558,102
86.309,2.017520012,-0.065913094,0.360950065,101.9
86.322,2.017520012,-0.065913094,0.360950065,101.9
86.334,2.016673737,-0.065913094,0.360950065,101.9
86.347,2.016673737,-0.065913094,0.330960976,102
86.36,2.017520012,-0.065913094,0.360950065,101.9
86.372,2.016673737,-0.065913094,0.354761558,102
86.385,2.017520012,-0.065913094,0.360950065,101.9
86.398,2.017520012,-0.065913094,0.354761558,102
86.41,2.017520012,-0.065913094,0.360950065,101.9
86.423,2.017520012,-0.065913094,0.330960976,102
86.436,2.017943149,-0.065913094,0.337149483,101.9
86.449,2.016673737,-0.065913094,0.330960976,102
86.461,2.017520012,-0.065913094,0.337149483,101.9
86.474,2.016673737,-0.065913094,0.337149483,101.9
86.487,2.016673737,-0.065913094,0.337149483,101.9
86.499,2.016673737,-0.065913094,0.337149483,101.9
86.512,2.016673737,-0.065913094,0.337149483,101.9
86.525,2.016673737,-0.065913094,0.337149483,101.9
86.537,2.016673737,-0.065913094,0.354761558,102
86.55,2.017520012,-0.065913094,0.360950065,101.9
86.563,2.016673737,-0.032956547,0.354761558,102
86.576,2.016673737,-0.032956547,0.337149483,101.9
86.588,2.016673737,-0.065913094,0.354761558,102
86.601,2.017520012,-0.032956547,0.360950065,101.9
86.614,2.016673737,-0.032956547,0.354761558,102
86.626,2.017520012,-0.065913094,0.337149483,101.9
86.639,2.017520012,-0.065913094,0.354761558,102
86.652,2.017520012,-0.065913094,0.337149483,101.9
86.665,2.017520012,-0.065913094,0.354761558,102
86.677,2.017520012,-0.065913094,0.360950065,101.9
86.69,2.017520012,-0.065913094,0.354761558,102
86.703,2.017520012,-0.032956547,0.360950065,101.9
86.715,2.017520012,-0.032956547,0.360950065,101.9
86.728,2.016673737,-0.065913094,0.360950065,101.9
86.741,2.017520012,-0.065913094,0.360950065,101.9
86.753,2.016673737,-0.065913094,0.354761558,102
86.766,2.017520012,-0.065913094,0.360950065,101.9
86.779,2.016673737,-0.065913094,0.354761558,102
86.792,2.017520012,-0.065913094,0.337149483,101.9
86.804,2.017520012,-0.065913094,0.354761558,102
86.817,2.017520012,-0.065913094,0.360950065,101.9
86.83,2.016673737,-0.065913094,0.354761558,102
86.842,2.017520012,-0.065913094,0.360950065,101.9
86.855,2.016673737,-0.065913094,0.360950065,101.9
86.868,2.016673737,-0.065913094,0.360950065,101.9
86.88,2.017520012,-0.065913094,0.354761558,102
86.893,2.016673737,-0.065913094,0.360950065,101.9
86.906,2.017520012,-0.065913094,0.337149483,101.9
86.919,2.017520012,-0.065913094,0.337149483,101.9
86.931,2.017520012,-0.065913094,0.360950065,101.9
86.944,2.017520012,-0.065913094,0.337149483,101.9
86.957,2.017520012,-0.065913094,0.337149483,101.9
86.969,2.016673737,-0.065913094,0.330960976,102
86.982,2.017520012,-0.065913094,0.330960976,102
86.995,2.017520012,-0.065913094,0.360950065,101.9
87.008,2.017520012,-0.065913094,0.360950065,101.9
87.02,2.017520012,-0.065913094,0.360950065,101.9
87.033,2.017520012,-0.065913094,0.360950065,101.9
87.046,2.016673737,-0.065913094,0.360950065,101.9
87.058,2.017520012,-0.065913094,0.337149483,101.9
87.071,2.016673737,-0.065913094,0.337149483,101.9
87.084,2.017520012,-0.065913094,0.354761558,102
87.096,2.016673737,-0.065913094,0.360950065,101.9
87.109,2.017520012,-0.065913094,0.360950065,101.9
87.122,2.017520012,-0.065913094,0.360950065,101.9
87.135,2.017520012,-0.065913094,0.360950065,101.9
87.147,2.017520012,-0.065913094,0.360950065,101.9
87.16,2.017520012,-0.065913094,0.360950065,101.9
87.173,2.017520012,-0.065913094,0.360950065,101.9
87.185,2.017520012,-0.065913094,0.330960976,102
87.198,2.017520012,-0.065913094,0.337149483,101.9
87.211,2.017520012,-0.065913094,0.354761558,102
87.223,2.017520012,-0.065913094,0.360950065,101.9
87.236,2.017520012,-0.065913094,0.360950065,101.9
87.249,2.017943149,-0.065913094,0.337149483,101.9
87.262,2.017520012,-0.065913094,0.337149483,101.9
87.274,2.017520012,-0.065913094,0.354761558,102
87.287,2.017520012,-0.065913094,0.360950065,101.9
87.3,2.017520012,-0.065913094,0.360950065,101.9
87.312,2.017520012,-0.065913094,0.360950065,101.9
87.325,2.017520012,-0.065913094,0.360950065,101.9
87.338,2.017520012,-0.065913094,0.360950065,101.9
87.351,2.017520012,-0.065913094,0.354761558,102
87.363,2.017520012,-0.065913094,0.360950065,101.9
87.376,2.017520012,-0.065913094,0.354761558,102
87.389,2.017520012,-0.065913094,0.360950065,101.9
87.401,2.017520012,-0.065913094,0.330960976,102
87.414,2.017520012,-0.065913094,0.360950065,101.9
87.427,2.017943149,-0.065913094,0.360950065,101.9
87.439,2.017943149,-0.065913094,0.360950065,101.9
87.452,2.017520012,-0.065913094,0.360950065,101.9
87.465,2.017520012,-0.065913094,0.360950065,101.9
87.478,2.016673737,-0.065913094,0.337149483,101.9
87.49,2.017520012,-0.065913094,0.360950065,101.9
87.503,2.017520012,-0.065913094,0.360950065,101.9
87.516,2.017520012,-0.065913094,0.330960976,102
87.528,2.017520012,-0.065913094,0.360950065,101.9
87.541,2.017520012,-0.065913094,0.330960976,102
87.554,2.017520012,-0.065913094,0.360950065,101.9
87.566,2.016673737,-0.065913094,0.330960976,102
87.579,2.017520012,-0.065913094,0.337149483,101.9
87.592,2.016673737,-0.065913094,0.330960976,102
87.605,2.016673737,-0.065913094,0.360950065,101.9
87.617,2.017520012,-0.065913094,0.354761558,102
87.63,2.017520012,-0.065913094,0.360950065,101.9
87.643,2.017520012,-0.065913094,0.330960976,102
87.655,2.017520012,-0.065913094,0.360950065,101.9
87.668,2.016673737,-0.065913094,0.354761558,102
87.681,2.016673737,-0.065913094,0.337149483,101.9
87.694,2.016673737,-0.065913094,0.337149483,101.9
87.706,2.016673737,-0.065913094,0.360950065,101.9
87.719,2.016673737,-0.065913094,0.360950065,101.9
87.732,2.016673737,-0.065913094,0.354761558,102
87.744,2.016673737,-0.065913094,0.360950065,101.9
87.757,2.016673737,-0.065913094,0.360950065,101.9
87.77,2.017520012,-0.065913094,0.337149483,101.9
87.782,2.016673737,-0.065913094,0.330960976,102
87.795,2.017520012,-0.065913094,0.360950065,101.9
87.808,2.016673737,-0.065913094,0.354761558,102
87.821,2.016673737,-0.065913094,0.360950065,101.9
87.833,2.016673737,-0.065913094,0.330960976,102
87.846,2.017520012,-0.065913094,0.337149483,101.9
87.859,2.017520012,-0.065913094,0.330960976,102
87.871,2.017520012,-0.065913094,0.337149483,101.9
87.884,2.017520012,-0.065913094,0.330960976,102
87.897,2.017520012,-0.065913094,0.337149483,101.9
87.909,2.017520012,-0.065913094,0.337149483,101.9
87.922,2.016673737,-0.065913094,0.337149483,101.9
87.935,2.016673737,-0.065913094,0.337149483,101.9
87.948,2.016673737,-0.065913094,0.337149483,101.9
87.96,2.017520012,-0.065913094,0.360950065,101.9
87.973,2.016673737,-0.065913094,0.354761558,102
87.986,2.017520012,-0.065913094,0.360950065,101.9
87.998,2.016673737,-0.065913094,0.330960976,102
88.011,2.017520012,-0.065913094,0.360950065,101.9
88.024,2.016673737,-0.032956547,0.354761558,102
88.036,2.016673737,-0.065913094,0.360950065,101.9
88.049,2.016673737,-0.065913094,0.337149483,101.9
88.062,2.016673737,-0.065913094,0.360950065,101.9
88.075,2.017520012,-0.065913094,0.360950065,101.9
88.087,2.016673737,-0.065913094,0.360950065,101.9
88.1,2.017520012,-0.065913094,0.360950065,101.9
88.113,2.016673737,-0.032956547,0.337149483,101.9
88.125,2.016673737,-0.065913094,0.337149483,101.9
88.138,2.016673737,-0.032956547,0.360950065,101.9
88.151,2.017520012,-0.032956547,0.360950065,101.9
88.164,2.016673737,-0.065913094,0.354761558,102
88.176,2.017520012,-0.065913094,0.337149483,101.9
88.189,2.016673737,-0.065913094,0.330960976,102
88.202,2.017520012,-0.065913094,0.337149483,101.9
88.214,2.016673737,-0.065913094,0.354761558,102
88.227,2.017520012,-0.065913094,0.360950065,101.9
88.24,2.016673737,-0.065913094,0.360950065,101.9
88.252,2.017520012,-0.032956547,0.360950065,101.9
88.265,2.017520012,-0.032956547,0.337149483,101.9
88.278,2.017520012,-0.032956547,0.360950065,101.9
88.291,2.017520012,-0.032956547,0.360950065,101.9
88.303,2.017520012,-0.032956547,0.337149483,101.9
88.316,2.017520012,-0.065913094,0.337149483,101.9
88.329,2.017520012,-0.065913094,0.337149483,101.9
88.341,2.017520012,-0.065913094,0.337149483,101.9
88.354,2.017520012,-0.065913094,0.337149483,101.9
88.367,2.017943149,-0.065913094,0.337149483,101.9
88.38,2.016673737,-0.065913094,0.337149483,101.9
88.392,2.017520012,-0.065913094,0.360950065,101.9
88.405,2.016673737,-0.065913094,0.360950065,101.9
88.418,2.017520012,-0.065913094,0.360950065,101.9
88.43,2.016673737,-0.065913094,0.337149483,101.9
88.443,2.017520012,-0.065913094,0.337149483,101.9
88.456,2.016673737,-0.065913094,0.360950065,101.9
88.468,2.017520012,-0.065913094,0.354761558,102
88.481,2.016673737,-0.065913094,0.360950065,101.9
88.494,2.016673737,-0.065913094,0.354761558,102
88.507,2.016673737,-0.065913094,0.360950065,101.9
88.519,2.017520012,-0.065913094,0.354761558,102
88.532,2.016673737,-0.065913094,0.337149483,101.9
88.545,2.016673737,-0.065913094,0.330960976,102
88.557,2.016673737,-0.065913094,0.360950065,101.9
88.57,2.017520012,-0.065913094,0.354761558,102
88.583,2.017520012,-0.065913094,0.360950065,101.9
88.595,2.017520012,-0.065913094,0.360950065,101.9
88.608,2.017520012,-0.065913094,0.360950065,101.9
88.621,2.017520012,-0.065913094,0.330960976,102
88.634,2.017520012,-0.065913094,0.360950065,101.9
88.646,2.017520012,-0.065913094,0.354761558,102
88.659,2.017943149,-0.065913094,0.360950065,101.9
88.672,2.017520012,-0.065913094,0.360950065,101.9
88.684,2.017520012,-0.065913094,0.337149483,101.9
88.697,2.016673737,-0.065913094,0.360950065,101.9
88.71,2.017520012,-0.065913094,0.330960976,102
88.723,2.016673737,-0.065913094,0.337149483,101.9
88.735,2.016673737,-0.065913094,0.330960976,102
88.748,2.016673737,-0.065913094,0.360950065,101.9
88.761,2.016673737,-0.065913094,0.354761558,102
88.773,2.016673737,-0.065913094,0.360950065,101.9
88.786,2.016673737,-0.065913094,0.354761558,102
88.799,2.016673737,-0.032956547,0.360950065,101.9
88.811,2.016673737,-0.032956547,0.330960976,102
88.824,2.017520012,-0.065913094,0.337149483,101.9
88.837,2.017520012,-0.065913094,0.330960976,102
88.85,2.017520012,-0.065913094,0.337149483,101.9
88.862,2.016673737,-0.065913094,0.330960976,102
88.875,2.017520012,-0.065913094,0.360950065,101.9
88.888,2.017520012,-0.032956547,0.330960976,102
88.9,2.017520012,-0.032956547,0.337149483,101.9
88.913,2.017520012,-0.065913094,0.360950065,101.9
88.926,2.017520012,-0.065913094,0.360950065,101.9
88.938,2.016673737,-0.065913094,0.360950065,101.9
88.951,2.017520012,-0.032956547,0.360950065,101.9
88.964,2.017520012,-0.032956547,0.360950065,101.9
88.977,2.017520012,-0.032956547,0.337149483,101.9
88.989,2.017520012,-0.032956547,0.337149483,101.9
89.002,2.016673737,-0.032956547,0.330960976,102
89.015,2.017520012,-0.065913094,0.337149483,101.9
89.027,2.017520012,-0.065913094,0.330960976,102
89.04,2.017520012,-0.065913094,0.337149483,101.9
89.053,2.016673737,-0.032956547,0.354761558,102
89.066,2.017520012,-0.065913094,0.360950065,101.9
89.078,2.017520012,-0.065913094,0.360950065,101.9
89.091,2.017520012,-0.032956547,0.360950065,101.9
89.104,2.016673737,-0.032956547,0.337149483,101.9
89.116,2.016673737,-0.032956547,0.337149483,101.9
89.129,2.016673737,-0.065913094,0.337149483,101.9
89.142,2.016673737,-0.065913094,0.330960976,102
89.154,2.016673737,-0.032956547,0.360950065,101.9
89.167,2.016673737,-0.065913094,0.354761558,102
89.18,2.017520012,-0.065913094,0.360950065,101.9
89.193,2.016673737,-0.065913094,0.330960976,102
89.205,2.017520012,-0.065913094,0.360950065,101.9
89.218,2.016673737,-0.065913094,0.354761558,102
89.231,2.017520012,-0.065913094,0.337149483,101.9
89.243,2.017520012,-0.065913094,0.337149483,101.9
89.256,2.017520012,-0.065913094,0.337149483,101.9
89.269,2.017520012,-0.065913094,0.354761558,102
89.281,2.017520012,-0.065913094,0.337149483,101.9
89.294,2.017520012,-0.065913094,0.330960976,102
89.307,2.017520012,-0.065913094,0.337149483,101.9
89.32,2.016673737,-0.065913094,0.337149483,101.9
89.332,2.016673737,-0.065913094,0.337149483,101.9
89.345,2.016673737,-0.065913094,0.337149483,101.9
89.358,2.016673737,-0.032956547,0.360950065,101.9
89.37,2.016673737,-0.032956547,0.337149483,101.9
89.383,2.015827461,-0.032956547,0.360950065,101.9
89.396,2.017520012,-0.065913094,0.337149483,101.9
89.408,2.016673737,-0.065913094,0.354761558,102
89.421,2.017520012,-0.065913094,0.360950065,101.9
89.434,2.016673737,-0.032956547,0.360950065,101.9
89.447,2.017520012,-0.065913094,0.360950065,101.9
89.459,2.016673737,-0.065913094,0.360950065,101.9
89.472,2.017520012,-0.065913094,0.360950065,101.9
89.485,2.017520012,-0.032956547,0.360950065,101.9
89.497,2.017520012,-0.065913094,0.360950065,101.9
89.51,2.017520012,-0.065913094,0.360950065,101.9
89.523,2.017520012,-0.065913094,0.360950065,101.9
89.536,2.017520012,-0.065913094,0.354761558,102
89.548,2.017520012,-0.065913094,0.360950065,101.9
89.561,2.017943149,-0.065913094,0.360950065,101.9
89.574,2.017520012,-0.065913094,0.360950065,101.9
89.586,2.017943149,-0.065913094,0.360950065,101.9
89.599,2.017520012,-0.065913094,0.337149483,101.9
89.612,2.017520012,-0.065913094,0.337149483,101.9
89.624,2.017520012,-0.065913094,0.337149483,101.9
89.637,2.017520012,-0.065913094,0.337149483,101.9
89.65,2.016673737,-0.032956547,0.337149483,101.9
89.663,2.017520012,-0.032956547,0.30144861,101.9
89.675,2.016673737,-0.032956547,0.337149483,101.9
89.688,2.017520012,-0.065913094,0.330960976,102
89.701,2.016673737,-0.065913094,0.337149483,101.9
89.713,2.016673737,-0.065913094,0.330960976,102
89.726,2.016673737,-0.065913094,0.337149483,101.9
89.739,2.017520012,-0.065913094,0.330960976,102
89.751,2.016673737,-0.065913094,0.337149483,101.9
89.764,2.017520012,-0.032956547,0.330960976,102
89.777,2.017520012,-0.032956547,0.337149483,101.9
89.79,2.017520012,-0.065913094,0.330960976,102
89.802,2.017943149,-0.065913094,0.337149483,101.9
89.815,2.017520012,-0.032956547,0.337149483,101.9
89.828,2.017943149,-0.032956547,0.337149483,101.9
89.84,2.017520012,-0.032956547,0.330960976,102
89.853,2.017520012,-0.032956547,0.337149483,101.9
89.866,2.017520012,-0.032956547,0.337149483,101.9
89.879,2.017520012,-0.032956547,0.337149483,101.9
89.891,2.016673737,-0.032956547,0.337149483,101.9
89.904,2.017520012,-0.065913094,0.337149483,101.9
89.917,2.016673737,-0.065913094,0.337149483,101.9
89.929,2.017520012,-0.065913094,0.337149483,101.9
89.942,2.016673737,-0.065913094,0.337149483,101.9
89.955,2.017520012,-0.032956547,0.330960976,102
89.967,2.016673737,-0.065913094,0.337149483,101.9
89.98,2.016673737,-0.032956547,0.330960976,102
89.993,2.017520012,-0.032956547,0.337149483,101.9
90.006,2.017520012,-0.032956547,0.330960976,102
90.018,2.017520012,-0.065913094,0.360950065,101.9
90.031,2.017520012,-0.065913094,0.330960976,102
90.044,2.017520012,-0.065913094,0.337149483,101.9
90.056,2.017520012,-0.032956547,0.330960976,102
90.069,2.017520012,-0.032956547,0.337149483,101.9
90.082,2.016673737,-0.065913094,0.330960976,102
90.094,2.017520012,-0.065913094,0.337149483,101.9
90.107,2.017520012,-0.065913094,0.330960976,102
90.12,2.017520012,-0.065913094,0.337149483,101.9
90.133,2.016673737,-0.065913094,0.337149483,101.9
90.145,2.017520012,-0.065913094,0.337149483,101.9
90.158,2.017520012,-0.032956547,0.337149483,101.9
90.171,2.017520012,-0.032956547,0.337149483,101.9
90.183,2.017520012,-0.032956547,0.337149483,101.9
90.196,2.016673737,-0.065913094,0.330960976,102
90.209,2.017520012,-0.065913094,0.337149483,101.9
90.222,2.016673737,-0.065913094,0.330960976,102
90.234,2.017520012,-0.065913094,0.337149483,101.9
90.247,2.016673737,-0.065913094,0.330960976,102
90.26,2.017520012,-0.065913094,0.337149483,101.9
90.272,2.016673737,-0.065913094,0.337149483,101.9
90.285,2.017520012,-0.065913094,0.337149483,101.9
90.298,2.017520012,-0.065913094,0.337149483,101.9
90.31,2.017520012,-0.065913094,0.337149483,101.9
90.323,2.017520012,-0.065913094,0.337149483,101.9
90.336,2.016673737,-0.065913094,0.330960976,102
90.349,2.016673737,-0.032956547,0.337149483,101.9
90.361,2.016673737,-0.065913094,0.330960976,102
90.374,2.016673737,-0.032956547,0.337149483,101.9
90.387,2.016673737,-0.032956547,0.330960976,102
90.399,2.017520012,-0.032956547,0.337149483,101.9
90.412,2.016673737,-0.032956547,0.330960976,102
90.425,2.017520012,-0.032956547,0.337149483,101.9
90.438,2.017520012,-0.032956547,0.330960976,102
90.45,2.017520012,-0.032956547,0.337149483,101.9
90.463,2.016673737,-0.032956547,0.330960976,102
90.476,2.017520012,-0.032956547,0.337149483,101.9
90.488,2.017520012,-0.065913094,0.330960976,102
90.501,2.017520012,-0.065913094,0.337149483,101.9
90.514,2.017520012,-0.032956547,0.337149483,101.9
90.526,2.016673737,-0.065913094,0.337149483,101.9
90.539,2.017520012,-0.032956547,0.337149483,101.9
90.552,2.016673737,-0.032956547,0.337149483,101.9
90.565,2.017520012,-0.032956547,0.337149483,101.9
90.577,2.016673737,-0.032956547,0.337149483,101.9
90.59,2.017520012,-0.065913094,0.337149483,101.9
90.603,2.016673737,-0.065913094,0.337149483,101.9
90.615,2.017520012,-0.065913094,0.337149483,101.9
90.628,2.016673737,-0.065913094,0.330960976,102
90.641,2.017520012,-0.032956547,0.337149483,101.9
90.653,2.016673737,-0.032956547,0.337149483,101.9
90.666,2.017520012,-0.032956547,0.337149483,101.9
90.679,2.017520012,-0.065913094,0.337149483,101.9
90.692,2.017520012,-0.065913094,0.337149483,101.9
90.704,2.017520012,-0.065913094,0.330960976,102
90.717,2.017520012,-0.065913094,0.337149483,101.9
90.73,2.017520012,-0.065913094,0.337149483,101.9
90.742,2.017520012,-0.065913094,0.337149483,101.9
90.755,2.017520012,-0.065913094,0.337149483,101.9
90.768,2.017520012,-0.032956547,0.337149483,101.9
90.78,2.017520012,-0.065913094,0.337149483,101.9
90.793,2.017520012,-0.065913094,0.337149483,101.9
90.806,2.017520012,-0.065913094,0.337149483,101.9
90.819,2.016673737,-0.065913094,0.337149483,101.9
90.831,2.017520012,-0.065913094,0.337149483,101.9
90.844,2.016673737,-0.065913094,0.337149483,101.9
90.857,2.017520012,-0.065913094,0.337149483,101.9
90.869,2.016673737,-0.065913094,0.337149483,101.9
90.882,2.017520012,-0.032956547,0.337149483,101.9
90.895,2.016673737,-0.065913094,0.337149483,101.9
90.908,2.017520012,-0.065913094,0.337149483,101.9
90.92,2.016673737,-0.032956547,0.337149483,101.9
90.933,2.016673737,-0.032956547,0.330960976,102
90.946,2.016673737,-0.065913094,0.337149483,101.9
90.958,2.017520012,-0.065913094,0.337149483,101.9
90.971,2.017520012,-0.065913094,0.337149483,101.9
90.984,2.017520012,-0.065913094,0.337149483,101.9
90.996,2.017520012,-0.065913094,0.337149483,101.9
91.009,2.017520012,-0.065913094,0.330960976,102
91.022,2.017520012,-0.065913094,0.337149483,101.9
91.035,2.017520012,-0.065913094,0.337149483,101.9
91.047,2.017520012,-0.065913094,0.337149483,101.9
91.06,2.017520012,-0.065913094,0.337149483,101.9
91.073,2.017520012,-0.065913094,0.337149483,101.9
91.085,2.016673737,-0.065913094,0.337149483,101.9
91.098,2.017520012,-0.065913094,0.337149483,101.9
91.111,2.017520012,-0.065913094,0.337149483,101.9
91.123,2.017520012,-0.065913094,0.337149483,101.9
91.136,2.017520012,-0.065913094,0.337149483,101.9
91.149,2.016673737,-0.065913094,0.330960976,102
91.162,2.016673737,-0.065913094,0.337149483,101.9
91.174,2.017520012,-0.065913094,0.337149483,101.9
91.187,2.016673737,-0.065913094,0.337149483,101.9
91.2,2.016673737,-0.065913094,0.337149483,101.9
91.212,2.017520012,-0.065913094,0.337149483,101.9
91.225,2.017520012,-0.032956547,0.330960976,102
91.238,2.017520012,-0.032956547,0.337149483,101.9
91.251,2.016673737,-0.065913094,0.330960976,102
91.263,2.017520012,-0.065913094,0.337149483,101.9
91.276,2.016673737,-0.032956547,0.337149483,101.9
91.289,2.017520012,-0.032956547,0.337149483,101.9
91.301,2.016673737,-0.032956547,0.337149483,101.9
91.314,2.017520012,-0.032956547,0.337149483,101.9
91.327,2.017520012,-0.032956547,0.337149483,101.9
91.339,2.017520012,-0.032956547,0.337149483,101.9
91.352,2.016673737,-0.032956547,0.337149483,101.9
91.365,2.017520012,-0.032956547,0.330960976,102
91.378,2.016673737,-0.065913094,0.337149483,101.9
91.39,2.016673737,-0.065913094,0.337149483,101.9
91.403,2.016673737,-0.065913094,0.337149483,101.9
91.416,2.016673737,-0.032956547,0.330960976,102
91.428,2.017520012,-0.065913094,0.337149483,101.9
91.441,2.016673737,-0.065913094,0.330960976,102
91.454,2.017520012,-0.065913094,0.337149483,101.9
91.466,2.017520012,-0.032956547,0.330960976,102
91.479,2.017520012,-0.065913094,0.337149483,101.9
91.492,2.016673737,-0.065913094,0.337149483,101.9
91.505,2.017520012,-0.032956547,0.337149483,101.9
91.517,2.017520012,-0.065913094,0.337149483,101.9
91.53,2.017520012,-0.065913094,0.337149483,101.9
91.543,2.016673737,-0.065913094,0.337149483,101.9
91.555,2.016673737,-0.032956547,0.337149483,101.9
91.568,2.016673737,-0.032956547,0.337149483,101.9
91.581,2.016673737,-0.032956547,0.337149483,101.9
91.594,2.016673737,-0.032956547,0.337149483,101.9
91.606,2.015827461,-0.032956547,0.330960976,102
91.619,2.017520012,-0.065913094,0.337149483,101.9
91.632,2.016673737,-0.065913094,0.295260102,102
91.644,2.017520012,-0.032956547,0.337149483,101.9
91.657,2.016673737,-0.032956547,0.330960976,102
91.67,2.017520012,-0.032956547,0.337149483,101.9
91.682,2.016673737,-0.032956547,0.330960976,102
91.695,2.017520012,-0.032956547,0.337149483,101.9
91.708,2.017520012,-0.032956547,0.337149483,101.9
91.721,2.017520012,-0.032956547,0.337149483,101.9
91.733,2.017520012,-0.032956547,0.337149483,101.9
91.746,2.016673737,-0.065913094,0.337149483,101.9
91.759,2.016673737,-0.065913094,0.337149483,101.9
91.771,2.016673737,-0.065913094,0.337149483,101.9
91.784,2.016673737,-0.065913094,0.337149483,101.9
91.797,2.016673737,-0.065913094,0.337149483,101.9
91.809,2.017520012,-0.032956547,0.337149483,101.9
91.822,2.016673737,-0.065913094,0.337149483,101.9
91.835,2.016673737,-0.032956547,0.337149483,101.9
91.848,2.016673737,-0.032956547,0.337149483,101.9
91.86,2.017520012,-0.032956547,0.337149483,101.9
91.873,2.016673737,-0.032956547,0.337149483,101.9
91.886,2.017520012,-0.065913094,0.337149483,101.9
91.898,2.017520012,-0.065913094,0.337149483,101.9
91.911,2.017520012,-0.065913094,0.337149483,101.9
91.924,2.017520012,-0.065913094,0.337149483,101.9
91.937,2.017520012,-0.065913094,0.337149483,101.9
91.949,2.017520012,-0.065913094,0.337149483,101.9
91.962,2.017520012,-0.065913094,0.337149483,101.9
91.975,2.017520012,-0.032956547,0.337149483,101.9
91.987,2.017520012,-0.032956547,0.337149483,101.9
92,2.017520012,-0.032956547,0.337149483,101.9
92.013,2.016673737,-0.032956547,0.337149483,101.9
92.025,2.017520012,-0.032956547,0.337149483,101.9
92.038,2.016673737,-0.032956547,0.337149483,101.9
92.051,2.017520012,-0.032956547,0.337149483,101.9
92.064,2.016673737,-0.032956547,0.337149483,101.9
92.076,2.017520012,-0.032956547,0.337149483,101.9
92.089,2.016673737,-0.065913094,0.337149483,101.9
92.102,2.017520012,-0.032956547,0.337149483,101.9
92.114,2.016673737,-0.032956547,0.337149483,101.9
92.127,2.017520012,-0.032956547,0.337149483,101.9
92.14,2.016673737,-0.032956547,0.337149483,101.9
92.152,2.017520012,-0.032956547,0.337149483,101.9
92.165,2.017520012,-0.032956547,0.337149483,101.9
92.178,2.017520012,-0.032956547,0.337149483,101.9
92.191,2.017520012,-0.032956547,0.337149483,101.9
92.203,2.017520012,-0.032956547,0.337149483,101.9
92.216,2.017520012,-0.065913094,0.337149483,101.9
92.229,2.016673737,-0.032956547,0.337149483,101.9
92.241,2.017520012,-0.032956547,0.337149483,101.9
92.254,2.016673737,-0.065913094,0.337149483,101.9
92.267,2.017520012,-0.065913094,0.337149483,101.9
92.28,2.016673737,-0.032956547,0.337149483,101.9
92.292,2.017520012,-0.065913094,0.337149483,101.9
92.305,2.016673737,-0.065913094,0.337149483,101.9
92.318,2.017520012,-0.032956547,0.337149483,101.9
92.33,2.016673737,-0.065913094,0.337149483,101.9
92.343,2.017520012,-0.065913094,0.337149483,101.9
92.356,2.017520012,-0.065913094,0.337149483,101.9
92.368,2.017520012,-0.032956547,0.337149483,101.9
92.381,2.016673737,-0.032956547,0.337149483,101.9
92.394,2.017520012,-0.032956547,0.337149483,101.9
92.407,2.017520012,-0.032956547,0.337149483,101.9
92.419,2.017520012,-0.065913094,0.330960976,102
92.432,2.017520012,-0.065913094,0.337149483,101.9
92.445,2.017520012,-0.065913094,0.330960976,102
92.457,2.017943149,-0.065913094,0.30144861,101.9
92.47,2.017520012,-0.065913094,0.30144861,101.9
92.483,2.017520012,-0.065913094,0.337149483,101.9
92.495,2.016673737,-0.065913094,0.337149483,101.9
92.508,2.017520012,-0.065913094,0.337149483,101.9
92.521,2.017520012,-0.065913094,0.337149483,101.9
92.534,2.017520012,-0.065913094,0.337149483,101.9
92.546,2.016673737,-0.065913094,0.30144861,101.9
92.559,2.016673737,-0.065913094,0.30144861,101.9
92.572,2.016673737,-0.065913094,0.30144861,101.9
92.584,2.016673737,-0.065913094,0.30144861,101.9
92.597,2.016673737,-0.065913094,0.337149483,101.9
92.61,2.016673737,-0.065913094,0.330960976,102
92.623,2.017520012,-0.065913094,0.337149483,101.9
92.635,2.016673737,-0.065913094,0.330960976,102
92.648,2.017520012,-0.065913094,0.337149483,101.9
92.661,2.017520012,-0.032956547,0.295260102,102
92.673,2.017520012,-0.032956547,0.337149483,101.9
92.686,2.017520012,-0.032956547,0.337149483,101.9
92.699,2.017943149,-0.065913094,0.337149483,101.9
92.711,2.017520012,-0.065913094,0.337149483,101.9
92.724,2.017520012,-0.065913094,0.337149483,101.9
92.737,2.017520012,-0.065913094,0.337149483,101.9
92.75,2.017520012,-0.065913094,0.337149483,101.9
92.762,2.016673737,-0.065913094,0.337149483,101.9
92.775,2.016673737,-0.032956547,0.337149483,101.9
92.788,2.016673737,-0.032956547,0.337149483,101.9
92.8,2.016673737,-0.032956547,0.337149483,101.9
92.813,2.016673737,-0.065913094,0.337149483,101.9
92.826,2.015827461,-0.065913094,0.330960976,102
92.838,2.016673737,-0.065913094,0.337149483,101.9
92.851,2.015827461,-0.065913094,0.330960976,102
92.864,2.016673737,-0.032956547,0.337149483,101.9
92.877,2.016673737,-0.032956547,0.330960976,102
92.889,2.017520012,-0.032956547,0.337149483,101.9
92.902,2.016673737,-0.032956547,0.330960976,102
92.915,2.017520012,-0.032956547,0.337149483,101.9
92.927,2.017520012,-0.032956547,0.330960976,102
92.94,2.017520012,-0.032956547,0.337149483,101.9
92.953,2.017520012,-0.032956547,0.337149483,101.9
92.966,2.017520012,-0.032956547,0.337149483,101.9
92.978,2.017520012,-0.065913094,0.337149483,101.9
92.991,2.016673737,-0.065913094,0.337149483,101.9
93.004,2.017520012,-0.065913094,0.337149483,101.9
93.016,2.016673737,-0.065913094,0.337149483,101.9
93.029,2.017520012,-0.065913094,0.337149483,101.9
93.042,2.016673737,-0.032956547,0.330960976,102
93.054,2.017520012,-0.032956547,0.337149483,101.9
93.067,2.016673737,-0.032956547,0.337149483,101.9
93.08,2.017520012,-0.065913094,0.337149483,101.9
93.093,2.016673737,-0.065913094,0.337149483,101.9
93.105,2.017520012,-0.065913094,0.337149483,101.9
93.118,2.017520012,-0.065913094,0.337149483,101.9
93.131,2.016673737,-0.065913094,0.337149483,101.9
93.143,2.016673737,-0.065913094,0.337149483,101.9
93.156,2.016673737,-0.032956547,0.337149483,101.9
93.169,2.016673737,-0.032956547,0.337149483,101.9
93.181,2.016673737,-0.032956547,0.337149483,101.9
93.194,2.016673737,-0.032956547,0.337149483,101.9
93.207,2.016673737,-0.032956547,0.337149483,101.9
93.22,2.017520012,-0.032956547,0.337149483,101.9
93.232,2.016673737,-0.032956547,0.337149483,101.9
93.245,2.017520012,-0.032956547,0.337149483,101.9
93.258,2.016673737,-0.065913094,0.337149483,101.9
93.27,2.017520012,-0.032956547,0.337149483,101.9
93.283,2.016673737,-0.032956547,0.337149483,101.9
93.296,2.017520012,-0.032956547,0.337149483,101.9
93.309,2.016673737,-0.032956547,0.337149483,101.9
93.321,2.017520012,-0.065913094,0.337149483,101.9
93.334,2.017520012,-0.032956547,0.337149483,101.9
93.347,2.017520012,-0.032956547,0.337149483,101.9
93.359,2.017520012,-0.065913094,0.337149483,101.9
93.372,2.017520012,-0.065913094,0.337149483,101.9
93.385,2.017520012,-0.032956547,0.337149483,101.9
93.397,2.017520012,-0.032956547,0.337149483,101.9
93.41,2.017520012,-0.065913094,0.337149483,101.9
93.423,2.016673737,-0.065913094,0.337149483,101.9
93.436,2.017520012,-0.065913094,0.337149483,101.9
93.448,2.016673737,-0.065913094,0.337149483,101.9
93.461,2.017520012,-0.065913094,0.337149483,101.9
93.474,2.016673737,-0.032956547,0.337149483,101.9
93.486,2.017520012,-0.032956547,0.337149483,101.9
93.499,2.016673737,-0.065913094,0.337149483,101.9
93.512,2.017520012,-0.065913094,0.337149483,101.9
93.524,2.016673737,-0.065913094,0.30144861,101.9
93.537,2.017520012,-0.032956547,0.330960976,102
93.55,2.017520012,-0.032956547,0.337149483,101.9
93.563,2.016673737,-0.032956547,0.330960976,102
93.575,2.016673737,-0.032956547,0.337149483,101.9
93.588,2.017520012,-0.032956547,0.330960976,102
93.601,2.016673737,-0.032956547,0.337149483,101.9
93.613,2.017520012,-0.032956547,0.295260102,102
93.626,2.017520012,-0.065913094,0.30144861,101.9
93.639,2.017520012,-0.032956547,0.337149483,101.9
93.652,2.017520012,-0.065913094,0.337149483,101.9
93.664,2.017520012,-0.032956547,0.337149483,101.9
93.677,2.017520012,-0.032956547,0.337149483,101.9
93.69,2.017520012,-0.032956547,0.337149483,101.9
93.702,2.017943149,-0.065913094,0.337149483,101.9
93.715,2.017520012,-0.032956547,0.337149483,101.9
93.728,2.017520012,-0.032956547,0.337149483,101.9
93.74,2.016673737,-0.032956547,0.337149483,101.9
93.753,2.017520012,-0.032956547,0.337149483,101.9
93.766,2.016673737,-0.032956547,0.337149483,101.9
93.779,2.016673737,-0.032956547,0.330960976,102
93.791,2.016673737,-0.032956547,0.30144861,101.9
93.804,2.016673737,-0.032956547,0.295260102,102
93.817,2.016673737,-0.032956547,0.337149483,101.9
93.829,2.016673737,-0.032956547,0.330960976,102
93.842,2.016673737,-0.032956547,0.337149483,101.9
93.855,2.016673737,-0.032956547,0.330960976,102
93.867,2.016673737,-0.065913094,0.337149483,101.9
93.88,2.016673737,-0.032956547,0.330960976,102
93.893,2.017520012,-0.032956547,0.337149483,101.9
93.906,2.016673737,-0.065913094,0.330960976,102
93.918,2.017520012,-0.065913094,0.337149483,101.9
93.931,2.017520012,-0.065913094,0.330960976,102
93.944,2.017520012,-0.065913094,0.337149483,101.9
93.956,2.017520012,-0.065913094,0.330960976,102
93.969,2.017520012,-0.065913094,0.337149483,101.9
93.982,2.017520012,-0.065913094,0.337149483,101.9
93.995,2.017520012,-0.032956547,0.337149483,101.9
94.007,2.016673737,-0.065913094,0.337149483,101.9
94.02,2.016673737,-0.065913094,0.337149483,101.9
94.033,2.017520012,-0.065913094,0.337149483,101.9
94.045,2.016673737,-0.065913094,0.330960976,102
94.058,2.016673737,-0.065913094,0.337149483,101.9
94.071,2.016673737,-0.032956547,0.330960976,102
94.083,2.016673737,-0.032956547,0.337149483,101.9
94.096,2.016673737,-0.032956547,0.330960976,102
94.109,2.017520012,-0.032956547,0.337149483,101.9
94.122,2.017520012,-0.032956547,0.337149483,101.9
94.134,2.017520012,-0.032956547,0.337149483,101.9
94.147,2.017520012,-0.032956547,0.330960976,102
94.16,2.017520012,-0.032956547,0.337149483,101.9
94.172,2.017520012,-0.032956547,0.337149483,101.9
94.185,2.017520012,-0.065913094,0.337149483,101.9
94.198,2.017520012,-0.065913094,0.337149483,101.9
94.21,2.016673737,-0.065913094,0.330960976,102
94.223,2.017520012,-0.065913094,0.337149483,101.9
94.236,2.016673737,-0.065913094,0.330960976,102
94.249,2.017520012,-0.065913094,0.337149483,101.9
94.261,2.016673737,-0.032956547,0.330960976,102
94.274,2.016673737,-0.032956547,0.337149483,101.9
94.287,2.016673737,-0.032956547,0.330960976,102
94.299,2.017520012,-0.032956547,0.337149483,101.9
94.312,2.016673737,-0.065913094,0.330960976,102
94.325,2.017520012,-0.065913094,0.337149483,101.9
94.338,2.017520012,-0.065913094,0.330960976,102
94.35,2.017520012,-0.065913094,0.337149483,101.9
94.363,2.017520012,-0.065913094,0.330960976,102
94.376,2.017520012,-0.032956547,0.337149483,101.9
94.388,2.016673737,-0.065913094,0.337149483,101.9
94.401,2.016673737,-0.065913094,0.337149483,101.9
94.414,2.017520012,-0.032956547,0.337149483,101.9
94.426,2.016673737,-0.065913094,0.337149483,101.9
94.439,2.017520012,-0.032956547,0.337149483,101.9
94.452,2.016673737,-0.065913094,0.330960976,102
94.465,2.017520012,-0.065913094,0.337149483,101.9
94.477,2.016673737,-0.032956547,0.330960976,102
94.49,2.017520012,-0.065913094,0.337149483,101.9
94.503,2.016673737,-0.065913094,0.330960976,102
94.515,2.017520012,-0.065913094,0.337149483,101.9
94.528,2.016673737,-0.065913094,0.337149483,101.9
94.541,2.017520012,-0.065913094,0.337149483,101.9
94.553,2.017520012,-0.065913094,0.330960976,102
94.566,2.017520012,-0.065913094,0.337149483,101.9
94.579,2.017520012,-0.065913094,0.330960976,102
94.592,2.017520012,-0.065913094,0.337149483,101.9
94.604,2.017520012,-0.032956547,0.337149483,101.9
94.617,2.017520012,-0.032956547,0.337149483,101.9
94.63,2.017520012,-0.032956547,0.337149483,101.9
94.642,2.017520012,-0.032956547,0.337149483,101.9
94.655,2.017520012,-0.032956547,0.330960976,102
94.668,2.016673737,-0.032956547,0.337149483,101.9
94.681,2.017520012,-0.065913094,0.330960976,102
94.693,2.017520012,-0.032956547,0.337149483,101.9
94.706,2.017520012,-0.032956547,0.337149483,101.9
94.719,2.016673737,-0.065913094,0.337149483,101.9
94.731,2.017520012,-0.065913094,0.330960976,102
94.744,2.016673737,-0.032956547,0.337149483,101.9
94.757,2.016673737,-0.065913094,0.337149483,101.9
94.769,2.016673737,-0.065913094,0.337149483,101.9
94.782,2.016673737,-0.065913094,0.330960976,102
94.795,2.016673737,-0.065913094,0.337149483,101.9
94.808,2.017520012,-0.065913094,0.330960976,102
94.82,2.016673737,-0.065913094,0.337149483,101.9
94.833,2.017520012,-0.065913094,0.330960976,102
94.846,2.017943149,-0.065913094,0.337149483,101.9
94.858,2.017520012,-0.065913094,0.330960976,102
94.871,2.017520012,-0.065913094,0.337149483,101.9
94.884,2.017520012,-0.065913094,0.330960976,102
94.896,2.017943149,-0.065913094,0.337149483,101.9
94.909,2.017520012,-0.065913094,0.337149483,101.9
94.922,2.017520012,-0.032956547,0.337149483,101.9
94.935,2.017520012,-0.032956547,0.337149483,101.9
94.947,2.017520012,-0.065913094,0.437149483,101.8
94.96,2.017520012,-0.065913094,0.337149483,101.9
94.973,2.017520012,-0.065913094,0.337149483,101.9
94.985,2.017520012,-0.032956547,0.337149483,101.9
94.998,2.017520012,-0.032956547,0.330960976,102
95.011,2.016673737,-0.032956547,0.337149483,101.9
95.024,2.017520012,-0.032956547,0.330960976,102
95.036,2.017520012,-0.032956547,0.337149483,101.9
95.049,2.016673737,-0.032956547,0.330960976,102
95.062,2.016673737,-0.065913094,0.337149483,101.9
95.074,2.016673737,-0.065913094,0.330960976,102
95.087,2.016673737,-0.065913094,0.337149483,101.9
95.1,2.016673737,-0.032956547,0.330960976,102
95.112,2.017520012,-0.065913094,0.337149483,101.9
95.125,2.016673737,-0.065913094,0.330960976,102
95.138,2.017520012,-0.032956547,0.337149483,101.9
95.151,2.016673737,-0.032956547,0.337149483,101.9
95.163,2.017520012,-0.065913094,0.337149483,101.9
95.176,2.016673737,-0.032956547,0.337149483,101.9
95.189,2.016673737,-0.065913094,0.337149483,101.9
95.201,2.016673737,-0.032956547,0.337149483,101.9
95.214,2.017520012,-0.032956547,0.337149483,101.9
95.227,2.017520012,-0.032956547,0.437149483,101.8
95.239,2.016673737,-0.032956547,0.330960976,102
95.252,2.017520012,-0.032956547,0.437149483,101.8
95.265,2.016673737,-0.032956547,0.337149483,101.9
95.278,2.017520012,-0.032956547,0.437149483,101.8
95.29,2.016673737,-0.032956547,0.330960976,102
95.303,2.017520012,-0.032956547,0.337149483,101.9
95.316,2.016673737,-0.032956547,0.337149483,101.9
95.328,2.017520012,-0.065913094,0.437149483,101.8
95.341,2.016673737,-0.065913094,0.337149483,101.9
95.354,2.016673737,-0.032956547,0.337149483,101.9
95.367,2.016673737,-0.032956547,0.337149483,101.9
95.379,2.016673737,-0.032956547,0.330960976,102
95.392,2.016673737,-0.032956547,0.437149483,101.8
95.405,2.016673737,-0.032956547,0.430960976,101.9
95.417,2.016673737,-0.032956547,0.337149483,101.9
95.43,2.016673737,-0.032956547,0.337149483,101.9
95.443,2.016673737,-0.032956547,0.337149483,101.9
95.455,2.016673737,-0.032956547,0.330960976,102
95.468,2.017520012,-0.032956547,0.337149483,101.9
95.481,2.016673737,-0.065913094,0.430960976,101.9
95.494,2.017520012,-0.065913094,0.437149483,101.8
95.506,2.016673737,-0.032956547,0.430960976,101.9
95.519,2.017520012,-0.065913094,0.437149483,101.8
95.532,2.016673737,-0.065913094,0.430960976,101.9
95.544,2.017520012,-0.065913094,0.437149483,101.8
95.557,2.017520012,-0.032956547,0.430960976,101.9
95.57,2.017520012,-0.032956547,0.437149483,101.8
95.582,2.017520012,-0.032956547,0.437149483,101.8
95.595,2.017520012,-0.032956547,0.337149483,101.9
95.608,2.016673737,-0.032956547,0.337149483,101.9
95.621,2.016673737,-0.032956547,0.337149483,101.9
95.633,2.017520012,-0.032956547,0.337149483,101.9
95.646,2.016673737,-0.032956547,0.337149483,101.9
95.659,2.017520012,-0.032956547,0.337149483,101.9
95.671,2.016673737,-0.065913094,0.430960976,101.9
95.684,2.017520012,-0.065913094,0.437149483,101.8
95.697,2.016673737,-0.065913094,0.437149483,101.8
95.71,2.017520012,-0.065913094,0.437149483,101.8
95.722,2.016673737,-0.065913094,0.337149483,101.9
95.735,2.017520012,-0.032956547,0.337149483,101.9
95.748,2.017520012,-0.032956547,0.330960976,102
95.76,2.017520012,-0.032956547,0.437149483,101.8
95.773,2.017520012,-0.065913094,0.430960976,101.9
95.786,2.017520012,-0.032956547,0.437149483,101.8
95.798,2.017520012,-0.065913094,0.437149483,101.8
95.811,2.017520012,-0.065913094,0.437149483,101.8
95.824,2.017520012,-0.065913094,0.337149483,101.9
95.837,2.016673737,-0.032956547,0.337149483,101.9
95.849,2.017520012,-0.032956547,0.337149483,101.9
95.862,2.017520012,-0.032956547,0.437149483,101.8
95.875,2.017520012,-0.032956547,0.437149483,101.8
95.887,2.016673737,-0.032956547,0.437149483,101.8
95.9,2.017520012,-0.032956547,0.437149483,101.8
95.913,2.016673737,-0.032956547,0.437149483,101.8
95.925,2.017520012,-0.032956547,0.437149483,101.8
95.938,2.016673737,-0.032956547,0.460950065,101.8
95.951,2.017520012,-0.032956547,0.437149483,101.8
95.964,2.016673737,-0.032956547,0.437149483,101.8
95.976,2.016673737,-0.032956547,0.437149483,101.8
95.989,2.016673737,-0.032956547,0.437149483,101.8
96.002,2.017520012,-0.032956547,0.437149483,101.8
96.014,2.016673737,-0.065913094,0.437149483,101.8
96.027,2.017520012,-0.032956547,0.437149483,101.8
96.04,2.017520012,-0.032956547,0.437149483,101.8
96.053,2.017520012,-0.032956547,0.437149483,101.8
96.065,2.017520012,-0.032956547,0.437149483,101.8
96.078,2.017520012,-0.032956547,0.430960976,101.9
96.091,2.017520012,-0.032956547,0.437149483,101.8
96.103,2.017520012,-0.032956547,0.437149483,101.8
96.116,2.017943149,-0.032956547,0.437149483,101.8
96.129,2.017520012,-0.032956547,0.437149483,101.8
96.141,2.017943149,-0.032956547,0.437149483,101.8
96.154,2.016673737,-0.065913094,0.437149483,101.8
96.167,2.017520012,-0.065913094,0.437149483,101.8
96.18,2.016673737,-0.032956547,0.437149483,101.8
96.192,2.017520012,-0.032956547,0.437149483,101.8
96.205,2.017520012,-0.032956547,0.437149483,101.8
96.218,2.017520012,-0.032956547,0.437149483,101.8
96.23,2.016673737,-0.032956547,0.437149483,101.8
96.243,2.017520012,-0.032956547,0.437149483,101.8
96.256,2.017520012,-0.032956547,0.437149483,101.8
96.268,2.016673737,-0.032956547,0.430960976,101.9
96.281,2.017520012,-0.065913094,0.437149483,101.8
96.294,2.017520012,-0.065913094,0.437149483,101.8
96.307,2.017520012,-0.065913094,0.437149483,101.8
96.319,2.016673737,-0.032956547,0.437149483,101.8
96.332,2.017520012,-0.032956547,0.437149483,101.8
96.345,2.016673737,-0.032956547,0.337149483,101.9
96.357,2.017520012,-0.032956547,0.437149483,101.8
96.37,2.017520012,-0.032956547,0.337149483,101.9
96.383,2.017520012,-0.032956547,0.437149483,101.8
96.396,2.016673737,-0.032956547,0.437149483,101.8
96.408,2.017520012,-0.032956547,0.437149483,101.8
96.421,2.016673737,-0.065913094,0.437149483,101.8
96.434,2.016673737,-0.065913094,0.437149483,101.8
96.446,2.016673737,-0.032956547,0.437149483,101.8
96.459,2.016673737,-0.032956547,0.430960976,101.9
96.472,2.017520012,-0.032956547,0.437149483,101.8
96.484,2.016673737,-0.032956547,0.437149483,101.8
96.497,2.017520012,-0.032956547,0.437149483,101.8
96.51,2.017520012,-0.032956547,0.430960976,101.9
96.523,2.017520012,-0.032956547,0.437149483,101.8
96.535,2.017520012,-0.032956547,0.430960976,101.9
96.548,2.017520012,-0.032956547,0.437149483,101.8
96.561,2.016673737,-0.032956547,0.437149483,101.8
96.573,2.017520012,-0.032956547,0.437149483,101.8
96.586,2.017520012,-0.032956547,0.437149483,101.8
96.599,2.016673737,-0.032956547,0.437149483,101.8
96.611,2.016673737,-0.032956547,0.437149483,101.8
96.624,2.016673737,-0.032956547,0.437149483,101.8
96.637,2.016673737,-0.032956547,0.437149483,101.8
96.65,2.016673737,-0.032956547,0.437149483,101.8
96.662,2.016673737,-0.032956547,0.437149483,101.8
96.675,2.016673737,-0.032956547,0.430960976,101.9
96.688,2.016673737,-0.032956547,0.437149483,101.8
96.7,2.016673737,-0.032956547,0.430960976,101.9
96.713,2.017520012,-0.032956547,0.437149483,101.8
96.726,2.016673737,-0.032956547,0.430960976,101.9
96.739,2.017520012,-0.032956547,0.437149483,101.8
96.751,2.017520012,-0.032956547,0.430960976,101.9
96.764,2.017520012,-0.032956547,0.437149483,101.8
96.777,2.016673737,-0.032956547,0.437149483,101.8
96.789,2.016673737,-0.032956547,0.437149483,101.8
96.802,2.017520012,-0.032956547,0.437149483,101.8
96.815,2.016673737,-0.032956547,0.437149483,101.8
96.827,2.016673737,-0.032956547,0.437149483,101.8
96.84,2.016673737,-0.032956547,0.437149483,101.8
96.853,2.017520012,-0.032956547,0.437149483,101.8
96.866,2.016673737,-0.032956547,0.437149483,101.8
96.878,2.017520012,-0.032956547,0.437149483,101.8
96.891,2.016673737,-0.032956547,0.437149483,101.8
96.904,2.016673737,-0.065913094,0.437149483,101.8
96.916,2.016673737,-0.032956547,0.437149483,101.8
96.929,2.017520012,-0.032956547,0.437149483,101.8
96.942,2.016673737,-0.032956547,0.437149483,101.8
96.954,2.017520012,-0.032956547,0.437149483,101.8
96.967,2.017520012,-0.032956547,0.437149483,101.8
96.98,2.017520012,-0.032956547,0.437149483,101.8
96.993,2.017520012,-0.032956547,0.437149483,101.8
97.005,2.017520012,-0.032956547,0.437149483,101.8
97.018,2.017520012,-0.032956547,0.437149483,101.8
97.031,2.017520012,-0.032956547,0.437149483,101.8
97.043,2.017520012,-0.032956547,0.437149483,101.8
97.056,2.016673737,-0.032956547,0.437149483,101.8
97.069,2.017520012,-0.032956547,0.437149483,101.8
97.082,2.016673737,-0.032956547,0.437149483,101.8
97.094,2.017520012,-0.032956547,0.437149483,101.8
97.107,2.016673737,-0.032956547,0.437149483,101.8
97.12,2.017520012,-0.032956547,0.437149483,101.8
97.132,2.016673737,-0.032956547,0.437149483,101.8
97.145,2.017520012,-0.032956547,0.437149483,101.8
97.158,2.016673737,-0.032956547,0.437149483,101.8
97.17,2.017520012,-0.032956547,0.437149483,101.8
97.183,2.016673737,-0.032956547,0.437149483,101.8
97.196,2.017520012,-0.032956547,0.437149483,101.8
97.209,2.016673737,-0.032956547,0.437149483,101.8
97.221,2.017520012,-0.032956547,0.437149483,101.8
97.234,2.017520012,-0.032956547,0.437149483,101.8
97.247,2.017520012,-0.032956547,0.437149483,101.8
97.259,2.017520012,-0.032956547,0.437149483,101.8
97.272,2.016673737,-0.032956547,0.437149483,101.8
97.285,2.017520012,-0.032956547,0.437149483,101.8
97.297,2.017520012,-0.032956547,0.437149483,101.8
97.31,2.017520012,-0.032956547,0.437149483,101.8
97.323,2.016673737,-0.032956547,0.437149483,101.8
97.336,2.017520012,-0.065913094,0.460950065,101.8
97.348,2.016673737,-0.065913094,0.437149483,101.8
97.361,2.017520012,-0.032956547,0.437149483,101.8
97.374,2.016673737,-0.065913094,0.437149483,101.8
97.386,2.017520012,-0.032956547,0.454761558,101.9
97.399,2.017520012,-0.032956547,0.437149483,101.8
97.412,2.017520012,-0.032956547,0.430960976,101.9
97.424,2.016673737,-0.032956547,0.437149483,101.8
97.437,2.017520012,-0.032956547,0.437149483,101.8
97.45,2.017520012,-0.032956547,0.437149483,101.8
97.463,2.016673737,-0.032956547,0.437149483,101.8
97.475,2.017520012,-0.032956547,0.437149483,101.8
97.488,2.016673737,-0.032956547,0.430960976,101.9
97.501,2.017520012,-0.032956547,0.437149483,101.8
97.513,2.017520012,-0.032956547,0.437149483,101.8
97.526,2.017520012,-0.032956547,0.437149483,101.8
97.539,2.017520012,-0.032956547,0.437149483,101.8
97.552,2.017943149,-0.032956547,0.437149483,101.8
97.564,2.016673737,-0.032956547,0.437149483,101.8
97.577,2.017520012,-0.032956547,0.437149483,101.8
97.59,2.016673737,-0.032956547,0.437149483,101.8
97.602,2.016673737,-0.032956547,0.437149483,101.8
97.615,2.016673737,-0.032956547,0.437149483,101.8
97.628,2.017520012,-0.032956547,0.437149483,101.8
97.64,2.016673737,-0.032956547,0.437149483,101.8
97.653,2.017520012,-0.032956547,0.430960976,101.9
97.666,2.016673737,-0.032956547,0.437149483,101.8
97.679,2.016673737,-0.032956547,0.430960976,101.9
97.691,2.017520012,-0.032956547,0.437149483,101.8
97.704,2.017520012,-0.032956547,0.430960976,101.9
97.717,2.017520012,-0.032956547,0.437149483,101.8
97.729,2.016673737,-0.032956547,0.430960976,101.9
97.742,2.017520012,-0.032956547,0.437149483,101.8
97.755,2.016673737,-0.032956547,0.430960976,101.9
97.768,2.017520012,-0.032956547,0.437149483,101.8
97.78,2.016673737,-0.032956547,0.430960976,101.9
97.793,2.017520012,-0.032956547,0.437149483,101.8
97.806,2.017520012,-0.032956547,0.437149483,101.8
97.818,2.017520012,-0.032956547,0.437149483,101.8
97.831,2.016673737,-0.032956547,0.437149483,101.8
97.844,2.016673737,-0.032956547,0.437149483,101.8
97.856,2.016673737,-0.032956547,0.437149483,101.8
97.869,2.016673737,-0.032956547,0.430960976,101.9
97.882,2.016673737,-0.032956547,0.437149483,101.8
97.895,2.016673737,-0.032956547,0.430960976,101.9
97.907,2.017520012,-0.032956547,0.437149483,101.8
97.92,2.016673737,-0.032956547,0.430960976,101.9
97.933,2.017520012,-0.032956547,0.437149483,101.8
97.945,2.016673737,-0.032956547,0.430960976,101.9
97.958,2.017943149,-0.032956547,0.437149483,101.8
97.971,2.017520012,-0.032956547,0.430960976,101.9
97.983,2.017520012,-0.032956547,0.437149483,101.8
97.996,2.017520012,-0.032956547,0.437149483,101.8
98.009,2.017520012,-0.032956547,0.437149483,101.8
98.022,2.017520012,-0.032956547,0.437149483,101.8
98.034,2.016673737,-0.032956547,0.437149483,101.8
98.047,2.016673737,-0.032956547,0.437149483,101.8
98.06,2.016673737,-0.032956547,0.437149483,101.8
98.072,2.017520012,-0.032956547,0.437149483,101.8
98.085,2.016673737,-0.032956547,0.430960976,101.9
98.098,2.017520012,-0.032956547,0.437149483,101.8
98.111,2.016673737,-0.032956547,0.437149483,101.8
98.123,2.017520012,-0.032956547,0.437149483,101.8
98.136,2.016673737,-0.032956547,0.437149483,101.8
98.149,2.017520012,-0.032956547,0.437149483,101.8
98.161,2.016673737,-0.032956547,0.437149483,101.8
98.174,2.016673737,-0.032956547,0.437149483,101.8
98.187,2.016673737,-0.032956547,0.437149483,101.8
98.199,2.016673737,-0.032956547,0.437149483,101.8
98.212,2.017520012,-0.032956547,0.437149483,101.8
98.225,2.017520012,-0.032956547,0.437149483,101.8
98.238,2.017520012,-0.032956547,0.437149483,101.8
98.25,2.016673737,-0.032956547,0.437149483,101.8
98.263,2.017520012,-0.032956547,0.437149483,101.8
98.276,2.016673737,-0.032956547,0.437149483,101.8
98.288,2.017520012,-0.032956547,0.437149483,101.8
98.301,2.017520012,-0.032956547,0.430960976,101.9
98.314,2.017520012,-0.032956547,0.437149483,101.8
98.326,2.016673737,-0.032956547,0.437149483,101.8
98.339,2.017520012,-0.032956547,0.437149483,101.8
98.352,2.016673737,-0.032956547,0.437149483,101.8
98.365,2.017520012,-0.032956547,0.437149483,101.8
98.377,2.017520012,-0.032956547,0.437149483,101.8
98.39,2.017520012,-0.032956547,0.437149483,101.8
98.403,2.017520012,-0.032956547,0.437149483,101.8
98.415,2.017520012,-0.032956547,0.437149483,101.8
98.428,2.017520012,-0.032956547,0.437149483,101.8
98.441,2.017520012,-0.032956547,0.437149483,101.8
98.454,2.017520012,-0.032956547,0.437149483,101.8
98.466,2.017520012,-0.032956547,0.437149483,101.8
98.479,2.017520012,-0.032956547,0.437149483,101.8
98.492,2.017520012,-0.032956547,0.437149483,101.8
98.504,2.017520012,-0.032956547,0.437149483,101.8
98.517,2.016673737,-0.032956547,0.437149483,101.8
98.53,2.017520012,-0.032956547,0.437149483,101.8
98.542,2.016673737,-0.032956547,0.437149483,101.8
98.555,2.017520012,-0.032956547,0.437149483,101.8
98.568,2.016673737,-0.032956547,0.437149483,101.8
98.581,2.016673737,-0.032956547,0.437149483,101.8
98.593,2.016673737,-0.032956547,0.437149483,101.8
98.606,2.016673737,-0.032956547,0.430960976,101.9
98.619,2.016673737,-0.032956547,0.437149483,101.8
98.631,2.016673737,-0.032956547,0.437149483,101.8
98.644,2.016673737,-0.032956547,0.437149483,101.8
98.657,2.016673737,-0.065913094,0.437149483,101.8
98.669,2.016673737,-0.032956547,0.437149483,101.8
98.682,2.016673737,-0.065913094,0.430960976,101.9
98.695,2.017520012,-0.032956547,0.437149483,101.8
98.708,2.017520012,-0.032956547,0.437149483,101.8
98.72,2.017520012,-0.032956547,0.437149483,101.8
98.733,2.017520012,-0.032956547,0.437149483,101.8
98.746,2.017520012,-0.032956547,0.437149483,101.8
98.758,2.017520012,-0.032956547,0.437149483,101.8
98.771,2.017520012,-0.032956547,0.437149483,101.8
98.784,2.016673737,-0.032956547,0.437149483,101.8
98.796,2.017520012,-0.032956547,0.437149483,101.8
98.809,2.017520012,-0.032956547,0.437149483,101.8
98.822,2.017520012,-0.032956547,0.437149483,101.8
98.835,2.016673737,-0.032956547,0.437149483,101.8
98.847,2.017520012,-0.032956547,0.437149483,101.8
98.86,2.016673737,-0.032956547,0.437149483,101.8
98.873,2.016673737,-0.032956547,0.430960976,101.9
98.885,2.016673737,-0.032956547,0.437149483,101.8
98.898,2.016673737,-0.032956547,0.430960976,101.9
98.911,2.017520012,-0.032956547,0.437149483,101.8
98.924,2.016673737,-0.032956547,0.430960976,101.9
98.936,2.017520012,-0.032956547,0.437149483,101.8
98.949,2.016673737,-0.032956547,0.430960976,101.9
98.962,2.017943149,-0.032956547,0.437149483,101.8
98.974,2.016673737,-0.032956547,0.430960976,101.9
98.987,2.017520012,-0.032956547,0.437149483,101.8
99,2.016673737,0,0.460950065,101.8
99.012,2.017520012,-0.032956547,0.437149483,101.8
99.025,2.017520012,-0.032956547,0.437149483,101.8
99.038,2.017520012,-0.032956547,0.437149483,101.8
99.051,2.017520012,-0.032956547,0.437149483,101.8
99.063,2.016673737,-0.032956547,0.437149483,101.8
99.076,2.016673737,-0.032956547,0.437149483,101.8
99.089,2.015827461,-0.032956547,0.430960976,101.9
99.101,2.016673737,-0.032956547,0.437149483,101.8
99.114,2.016673737,-0.032956547,0.430960976,101.9
99.127,2.016673737,-0.032956547,0.437149483,101.8
99.139,2.016673737,-0.032956547,0.437149483,101.8
99.152,2.017520012,-0.032956547,0.437149483,101.8
99.165,2.016673737,-0.032956547,0.430960976,101.9
99.178,2.017520012,-0.032956547,0.437149483,101.8
99.19,2.016673737,-0.032956547,0.430960976,101.9
99.203,2.016673737,-0.032956547,0.437149483,101.8
99.216,2.016673737,-0.032956547,0.437149483,101.8
99.228,2.017520012,-0.032956547,0.437149483,101.8
99.241,2.016673737,-0.032956547,0.437149483,101.8
99.254,2.016673737,-0.032956547,0.437149483,101.8
99.267,2.016673737,-0.032956547,0.437149483,101.8
99.279,2.015827461,-0.032956547,0.430960976,101.9
99.292,2.016673737,-0.032956547,0.437149483,101.8
99.305,2.016673737,-0.032956547,0.430960976,101.9
99.317,2.017520012,-0.032956547,0.437149483,101.8
99.33,2.016673737,-0.032956547,0.430960976,101.9
99.343,2.017520012,-0.032956547,0.437149483,101.8
99.355,2.016673737,-0.032956547,0.437149483,101.8
99.368,2.017520012,-0.032956547,0.437149483,101.8
99.381,2.016673737,-0.032956547,0.437149483,101.8
99.394,2.016673737,-0.032956547,0.437149483,101.8
99.406,2.016673737,-0.032956547,0.437149483,101.8
99.419,2.017520012,-0.032956547,0.40144861,101.8
99.432,2.017520012,-0.032956547,0.437149483,101.8
99.444,2.016673737,-0.032956547,0.437149483,101.8
99.457,2.016673737,-0.032956547,0.437149483,101.8
99.47,2.016673737,-0.032956547,0.437149483,101.8
99.482,2.017520012,-0.032956547,0.437149483,101.8
99.495,2.016673737,-0.032956547,0.430960976,101.9
99.508,2.017520012,-0.032956547,0.437149483,101.8
99.521,2.016673737,-0.032956547,0.430960976,101.9
99.533,2.017520012,-0.032956547,0.437149483,101.8
99.546,2.016673737,-0.032956547,0.437149483,101.8
99.559,2.017520012,-0.032956547,0.437149483,101.8
99.571,2.016673737,-0.032956547,0.437149483,101.8
99.584,2.017520012,-0.032956547,0.437149483,101.8
99.597,2.017520012,-0.032956547,0.430960976,101.9
99.61,2.017520012,-0.032956547,0.437149483,101.8
99.622,2.017520012,-0.032956547,0.437149483,101.8
99.635,2.017520012,-0.032956547,0.437149483,101.8
99.648,2.017520012,-0.032956547,0.430960976,101.9
99.66,2.017520012,-0.032956547,0.437149483,101.8
99.673,2.017520012,-0.032956547,0.437149483,101.8
99.686,2.016673737,-0.032956547,0.437149483,101.8
99.698,2.017520012,-0.032956547,0.437149483,101.8
99.711,2.016673737,-0.032956547,0.437149483,101.8
99.724,2.017520012,-0.032956547,0.437149483,101.8
99.737,2.016673737,-0.032956547,0.437149483,101.8
99.749,2.016673737,-0.032956547,0.437149483,101.8
99.762,2.016673737,-0.032956547,0.437149483,101.8
99.775,2.017520012,-0.032956547,0.437149483,101.8
99.787,2.016673737,-0.032956547,0.437149483,101.8
99.8,2.016673737,-0.032956547,0.437149483,101.8
99.813,2.016673737,-0.032956547,0.437149483,101.8
99.826,2.016673737,-0.032956547,0.437149483,101.8
99.838,2.016673737,-0.032956547,0.437149483,101.8
99.851,2.017520012,-0.032956547,0.437149483,101.8
99.864,2.016673737,-0.032956547,0.437149483,101.8
99.876,2.016673737,-0.032956547,0.430960976,101.9
99.889,2.017520012,-0.032956547,0.437149483,101.8
99.902,2.017520012,-0.032956547,0.430960976,101.9
99.914,2.017520012,-0.032956547,0.437149483,101.8
99.927,2.017520012,-0.032956547,0.437149483,101.8
99.94,2.017520012,-0.032956547,0.437149483,101.8
99.953,2.017520012,-0.032956547,0.437149483,101.8
99.965,2.017520012,-0.032956547,0.437149483,101.8
99.978,2.017520012,-0.032956547,0.437149483,101.8
99.991,2.017943149,-0.032956547,0.437149483,101.8
100.003,2.017520012,-0.032956547,0.437149483,101.8
100.016,2.017520012,-0.032956547,0.437149483,101.8
100.029,2.016673737,-0.032956547,0.437149483,101.8
100.041,2.017520012,-0.032956547,0.437149483,101.8
100.054,2.016673737,-0.032956547,0.437149483,101.8
100.067,2.017520012,-0.032956547,0.437149483,101.8
100.08,2.016673737,-0.032956547,0.437149483,101.8
100.092,2.016673737,-0.032956547,0.430960976,101.9
100.105,2.016673737,-0.032956547,0.437149483,101.8
100.118,2.017520012,-0.032956547,0.430960976,101.9
100.13,2.016673737,-0.032956547,0.437149483,101.8
100.143,2.016673737,-0.032956547,0.430960976,101.9
100.156,2.017520012,-0.032956547,0.437149483,101.8
100.168,2.017520012,-0.032956547,0.437149483,101.8
100.181,2.017520012,-0.032956547,0.437149483,101.8
100.194,2.016673737,-0.032956547,0.437149483,101.8
100.207,2.017520012,-0.032956547,0.437149483,101.8
100.219,2.016673737,-0.032956547,0.437149483,101.8
100.232,2.017520012,-0.032956547,0.437149483,101.8
100.245,2.016673737,-0.032956547,0.437149483,101.8
100.257,2.017520012,-0.032956547,0.437149483,101.8
100.27,2.016673737,-0.032956547,0.437149483,101.8
100.283,2.016673737,-0.032956547,0.437149483,101.8
100.296,2.017520012,-0.032956547,0.437149483,101.8
100.308,2.016673737,-0.032956547,0.430960976,101.9
100.321,2.017520012,-0.032956547,0.437149483,101.8
100.334,2.017520012,-0.032956547,0.430960976,101.9
100.346,2.017520012,-0.032956547,0.437149483,101.8
100.359,2.016673737,-0.032956547,0.430960976,101.9
100.372,2.017520012,-0.032956547,0.437149483,101.8
100.384,2.016673737,-0.032956547,0.430960976,101.9
100.397,2.017520012,-0.032956547,0.437149483,101.8
100.41,2.016673737,-0.032956547,0.437149483,101.8
100.423,2.016673737,-0.032956547,0.437149483,101.8
100.435,2.017520012,-0.032956547,0.437149483,101.8
100.448,2.017520012,-0.032956547,0.437149483,101.8
100.461,2.016673737,-0.032956547,0.437149483,101.8
100.473,2.016673737,-0.032956547,0.437149483,101.8
100.486,2.016673737,-0.032956547,0.437149483,101.8
100.499,2.016673737,-0.032956547,0.430960976,101.9
100.511,2.016673737,-0.032956547,0.437149483,101.8
100.524,2.016673737,-0.032956547,0.430960976,101.9
100.537,2.017520012,-0.032956547,0.437149483,101.8
100.55,2.017520012,-0.032956547,0.430960976,101.9
100.562,2.017520012,-0.032956547,0.437149483,101.8
100.575,2.016673737,-0.032956547,0.430960976,101.9
100.588,2.017520012,-0.032956547,0.437149483,101.8
100.6,2.017520012,-0.032956547,0.430960976,101.9
100.613,2.017520012,-0.032956547,0.437149483,101.8
100.626,2.016673737,-0.032956547,0.430960976,101.9
100.639,2.016673737,-0.032956547,0.437149483,101.8
100.651,2.016673737,-0.032956547,0.437149483,101.8
100.664,2.016673737,-0.032956547,0.437149483,101.8
100.677,2.016673737,-0.032956547,0.437149483,101.8
100.689,2.016673737,-0.032956547,0.437149483,101.8
100.702,2.016673737,-0.032956547,0.437149483,101.8
100.715,2.016673737,-0.032956547,0.437149483,101.8
100.727,2.016673737,-0.032956547,0.437149483,101.8
100.74,2.015827461,-0.032956547,0.437149483,101.8
100.753,2.016673737,-0.032956547,0.437149483,101.8
100.766,2.015827461,-0.032956547,0.437149483,101.8
100.778,2.017520012,-0.032956547,0.437149483,101.8
100.791,2.016673737,-0.032956547,0.437149483,101.8
100.804,2.017520012,-0.032956547,0.437149483,101.8
100.816,2.017520012,-0.032956547,0.430960976,101.9
100.829,2.017520012,-0.032956547,0.437149483,101.8
100.842,2.016673737,-0.032956547,0.437149483,101.8
100.854,2.017520012,-0.032956547,0.437149483,101.8
100.867,2.017520012,-0.032956547,0.437149483,101.8
100.88,2.017520012,-0.032956547,0.437149483,101.8
100.893,2.017520012,-0.032956547,0.437149483,101.8
100.905,2.017520012,-0.032956547,0.437149483,101.8
100.918,2.017520012,-0.032956547,0.437149483,101.8
100.931,2.016673737,-0.032956547,0.460950065,101.8
100.943,2.017520012,-0.032956547,0.437149483,101.8
100.956,2.016673737,-0.032956547,0.437149483,101.8
100.969,2.017520012,-0.032956547,0.437149483,101.8
100.982,2.016673737,-0.032956547,0.437149483,101.8
100.994,2.017520012,-0.032956547,0.437149483,101.8
101.007,2.016673737,-0.032956547,0.437149483,101.8
101.02,2.017520012,-0.032956547,0.437149483,101.8
101.032,2.017520012,-0.032956547,0.437149483,101.8
101.045,2.017520012,-0.065913094,0.437149483,101.8
101.058,2.017520012,-0.032956547,0.437149483,101.8
101.07,2.017520012,-0.032956547,0.437149483,101.8
101.083,2.017520012,-0.032956547,0.437149483,101.8
101.096,2.017520012,-0.032956547,0.437149483,101.8
101.109,2.017520012,-0.032956547,0.437149483,101.8
101.121,2.016673737,-0.032956547,0.437149483,101.8
101.134,2.017520012,-0.032956547,0.437149483,101.8
101.147,2.016673737,-0.032956547,0.437149483,101.8
101.159,2.017520012,-0.032956547,0.437149483,101.8
101.172,2.016673737,-0.032956547,0.437149483,101.8
101.185,2.017520012,-0.032956547,0.437149483,101.8
101.197,2.016673737,-0.032956547,0.437149483,101.8
101.21,2.017520012,-0.032956547,0.437149483,101.8
101.223,2.017520012,-0.032956547,0.437149483,101.8
101.236,2.017520012,-0.032956547,0.437149483,101.8
101.248,2.016673737,-0.032956547,0.437149483,101.8
101.261,2.017520012,-0.032956547,0.437149483,101.8
101.274,2.016673737,-0.032956547,0.437149483,101.8
101.286,2.017520012,-0.032956547,0.437149483,101.8
101.299,2.016673737,-0.032956547,0.437149483,101.8
101.312,2.017520012,-0.032956547,0.430960976,101.9
101.325,2.017520012,-0.032956547,0.437149483,101.8
101.337,2.017520012,-0.032956547,0.437149483,101.8
101.35,2.017520012,-0.032956547,0.437149483,101.8
101.363,2.017520012,-0.032956547,0.437149483,101.8
101.375,2.017520012,-0.032956547,0.437149483,101.8
101.388,2.016673737,-0.032956547,0.437149483,101.8
101.401,2.017520012,-0.032956547,0.437149483,101.8
101.413,2.016673737,-0.032956547,0.437149483,101.8
101.426,2.017520012,-0.032956547,0.437149483,101.8
101.439,2.017520012,-0.032956547,0.437149483,101.8
101.452,2.017520012,-0.032956547,0.437149483,101.8
101.464,2.016673737,-0.032956547,0.437149483,101.8
101.477,2.017520012,-0.032956547,0.437149483,101.8
101.49,2.016673737,-0.032956547,0.437149483,101.8
101.502,2.016673737,-0.032956547,0.430960976,101.9
101.515,2.017520012,-0.032956547,0.437149483,101.8
101.528,2.017520012,-0.032956547,0.430960976,101.9
101.54,2.017520012,-0.032956547,0.437149483,101.8
101.553,2.017520012,-0.032956547,0.437149483,101.8
101.566,2.017520012,-0.032956547,0.437149483,101.8
101.579,2.017520012,-0.032956547,0.437149483,101.8
101.591,2.017520012,-0.032956547,0.437149483,101.8
101.604,2.016673737,-0.032956547,0.430960976,101.9
101.617,2.017520012,-0.032956547,0.437149483,101.8
101.629,2.017520012,-0.032956547,0.437149483,101.8
101.642,2.017520012,-0.032956547,0.437149483,101.8
101.655,2.016673737,-0.032956547,0.437149483,101.8
101.668,2.017520012,-0.032956547,0.437149483,101.8
101.68,2.016673737,-0.032956547,0.437149483,101.8
101.693,2.016673737,-0.032956547,0.437149483,101.8
101.706,2.016673737,-0.032956547,0.437149483,101.8
101.718,2.016673737,-0.032956547,0.437149483,101.8
101.731,2.016673737,-0.032956547,0.437149483,101.8
101.744,2.016673737,-0.032956547,0.430960976,101.9
101.756,2.017520012,-0.032956547,0.437149483,101.8
101.769,2.016673737,-0.032956547,0.430960976,101.9
101.782,2.017520012,-0.032956547,0.437149483,101.8
101.795,2.016673737,-0.032956547,0.430960976,101.9
101.807,2.017520012,-0.032956547,0.437149483,101.8
101.82,2.016673737,-0.032956547,0.430960976,101.9
101.833,2.017520012,-0.032956547,0.437149483,101.8
101.845,2.017520012,-0.032956547,0.437149483,101.8
101.858,2.017520012,-0.032956547,0.437149483,101.8
101.871,2.016673737,-0.032956547,0.437149483,101.8
101.883,2.016673737,-0.032956547,0.437149483,101.8
101.896,2.016673737,-0.032956547,0.437149483,101.8
101.909,2.016673737,-0.032956547,0.430960976,101.9
101.922,2.017520012,-0.032956547,0.437149483,101.8
101.934,2.016673737,-0.032956547,0.437149483,101.8
101.947,2.016673737,-0.032956547,0.460950065,101.8
101.96,2.016673737,-0.032956547,0.437149483,101.8
101.972,2.017520012,-0.032956547,0.437149483,101.8
101.985,2.016673737,-0.032956547,0.430960976,101.9
101.998,2.017520012,-0.032956547,0.437149483,101.8
102.011,2.016673737,-0.032956547,0.430960976,101.9
102.023,2.017520012,0,0.437149483,101.8
102.036,2.016673737,-0.032956547,0.437149483,101.8
102.049,2.016673737,-0.032956547,0.437149483,101.8
102.061,2.016673737,-0.032956547,0.437149483,101.8
102.074,2.016673737,-0.032956547,0.437149483,101.8
102.087,2.017520012,-0.032956547,0.437149483,101.8
102.099,2.016673737,-0.032956547,0.437149483,101.8
102.112,2.017520012,-0.032956547,0.437149483,101.8
102.125,2.016673737,-0.032956547,0.437149483,101.8
102.138,2.017520012,-0.032956547,0.437149483,101.8
102.15,2.016673737,-0.032956547,0.437149483,101.8
102.163,2.017520012,-0.032956547,0.437149483,101.8
102.176,2.016673737,-0.032956547,0.437149483,101.8
102.188,2.017520012,-0.032956547,0.437149483,101.8
102.201,2.016673737,-0.032956547,0.437149483,101.8
102.214,2.017520012,-0.032956547,0.437149483,101.8
102.226,2.017520012,0,0.437149483,101.8
102.239,2.017520012,-0.032956547,0.437149483,101.8
102.252,2.017520012,-0.032956547,0.437149483,101.8
102.265,2.017520012,-0.032956547,0.437149483,101.8
102.277,2.017520012,-0.032956547,0.460950065,101.8
102.29,2.017520012,-0.032956547,0.437149483,101.8
102.303,2.017520012,-0.032956547,0.437149483,101.8
102.315,2.016673737,-0.032956547,0.437149483,101.8
102.328,2.017520012,-0.032956547,0.437149483,101.8
102.341,2.016673737,-0.032956547,0.437149483,101.8
102.354,2.017520012,-0.032956547,0.437149483,101.8
102.366,2.016673737,-0.032956547,0.437149483,101.8
102.379,2.017520012,-0.032956547,0.437149483,101.8
102.392,2.016673737,-0.032956547,0.437149483,101.8
102.404,2.017520012,-0.032956547,0.437149483,101.8
102.417,2.016673737,-0.032956547,0.437149483,101.8
102.43,2.017520012,-0.032956547,0.437149483,101.8
102.442,2.016673737,-0.032956547,0.437149483,101.8
102.455,2.017520012,-0.032956547,0.437149483,101.8
102.468,2.016673737,-0.032956547,0.437149483,101.8
102.481,2.017520012,-0.032956547,0.437149483,101.8
102.493,2.017520012,-0.032956547,0.437149483,101.8
102.506,2.017520012,-0.032956547,0.437149483,101.8
102.519,2.017520012,-0.032956547,0.437149483,101.8
102.531,2.017520012,-0.032956547,0.437149483,101.8
102.544,2.017520012,-0.032956547,0.437149483,101.8
102.557,2.017520012,-0.032956547,0.437149483,101.8
102.569,2.017520012,-0.032956547,0.437149483,101.8
102.582,2.017520012,-0.032956547,0.437149483,101.8
102.595,2.017520012,-0.032956547,0.437149483,101.8
102.608,2.016673737,-0.032956547,0.437149483,101.8
102.62,2.017520012,-0.032956547,0.437149483,101.8
102.633,2.016673737,-0.032956547,0.437149483,101.8
102.646,2.017520012,-0.032956547,0.437149483,101.8
102.658,2.016673737,-0.032956547,0.437149483,101.8
102.671,2.017520012,-0.032956547,0.437149483,101.8
102.684,2.016673737,-0.032956547,0.437149483,101.8
102.697,2.016673737,-0.032956547,0.430960976,101.9
102.709,2.016673737,-0.032956547,0.437149483,101.8
102.722,2.016673737,-0.032956547,0.430960976,101.9
102.735,2.017520012,-0.032956547,0.437149483,101.8
102.747,2.016673737,-0.032956547,0.430960976,101.9
102.76,2.017520012,-0.032956547,0.437149483,101.8
102.773,2.017520012,-0.032956547,0.430960976,101.9
102.785,2.017520012,-0.032956547,0.437149483,101.8
102.798,2.016673737,-0.032956547,0.430960976,101.9
102.811,2.017520012,-0.032956547,0.437149483,101.8
102.824,2.017520012,-0.032956547,0.430960976,101.9
102.836,2.017520012,-0.032956547,0.437149483,101.8
102.849,2.017520012,-0.032956547,0.460950065,101.8
102.862,2.017520012,-0.032956547,0.437149483,101.8
102.874,2.016673737,-0.032956547,0.437149483,101.8
102.887,2.016673737,-0.032956547,0.437149483,101.8
102.9,2.016673737,-0.032956547,0.437149483,101.8
102.901,2.016673737,0,0.460950065,101.8
102.913,2.016673737,0,0.460950065,101.8
102.926,2.016673737,-0.032956547,0.437149483,101.8
102.938,2.016673737,-0.032956547,0.437149483,101.8
102.951,2.017520012,-0.032956547,0.437149483,101.8
102.964,2.016673737,-0.032956547,0.437149483,101.8
102.976,2.016673737,-0.032956547,0.437149483,101.8
102.989,2.016673737,-0.032956547,0.437149483,101.8
103.002,2.016673737,-0.032956547,0.437149483,101.8
103.015,2.016673737,-0.032956547,0.454761558,101.9
103.027,2.017520012,-0.032956547,0.460950065,101.8
103.04,2.016673737,-0.032956547,0.430960976,101.9
103.053,2.017520012,-0.032956547,0.460950065,101.8
103.065,2.016673737,-0.032956547,0.430960976,101.9
103.078,2.017520012,-0.032956547,0.437149483,101.8
103.091,2.016673737,-0.032956547,0.437149483,101.8
103.104,2.017520012,-0.032956547,0.460950065,101.8
103.116,2.016673737,-0.032956547,0.460950065,101.8
103.129,2.016673737,-0.032956547,0.437149483,101.8
103.142,2.017520012,-0.032956547,0.437149483,101.8
103.154,2.016673737,-0.032956547,0.430960976,101.9
103.167,2.016673737,-0.032956547,0.460950065,101.8
103.18,2.016673737,-0.032956547,0.454761558,101.9
103.192,2.016673737,-0.032956547,0.437149483,101.8
103.205,2.016673737,-0.032956547,0.430960976,101.9
103.218,2.017520012,-0.032956547,0.437149483,101.8
103.231,2.016673737,-0.032956547,0.454761558,101.9
103.243,2.017520012,-0.032956547,0.437149483,101.8
103.256,2.016673737,-0.032956547,0.430960976,101.9
103.269,2.017520012,-0.032956547,0.437149483,101.8
103.281,2.016673737,-0.032956547,0.437149483,101.8
103.294,2.017520012,-0.032956547,0.437149483,101.8
103.307,2.016673737,-0.032956547,0.437149483,101.8
103.319,2.015827461,-0.032956547,0.437149483,101.8
103.332,2.016673737,-0.032956547,0.437149483,101.8
103.345,2.015827461,-0.032956547,0.437149483,101.8
103.358,2.016673737,-0.032956547,0.437149483,101.8
103.37,2.016673737,-0.032956547,0.460950065,101.8
103.383,2.016673737,-0.032956547,0.437149483,101.8
103.396,2.016673737,-0.032956547,0.437149483,101.8
103.408,2.017520012,-0.032956547,0.437149483,101.8
103.421,2.016673737,-0.032956547,0.437149483,101.8
103.434,2.017520012,-0.032956547,0.437149483,101.8
103.447,2.016673737,-0.032956547,0.430960976,101.9
103.459,2.017520012,-0.032956547,0.437149483,101.8
103.472,2.016673737,-0.032956547,0.437149483,101.8
103.485,2.017520012,-0.032956547,0.437149483,101.8
103.497,2.017520012,-0.032956547,0.437149483,101.8
103.51,2.017520012,-0.032956547,0.437149483,101.8
103.523,2.017520012,-0.032956547,0.437149483,101.8
103.535,2.016673737,-0.032956547,0.437149483,101.8
103.548,2.017520012,-0.032956547,0.437149483,101.8
103.561,2.017520012,-0.032956547,0.437149483,101.8
103.574,2.017520012,-0.032956547,0.460950065,101.8
103.586,2.016673737,-0.032956547,0.460950065,101.8
103.599,2.017520012,-0.032956547,0.460950065,101.8
103.612,2.016673737,-0.032956547,0.460950065,101.8
103.624,2.017520012,-0.032956547,0.460950065,101.8
103.637,2.016673737,-0.032956547,0.460950065,101.8
103.65,2.017520012,-0.032956547,0.460950065,101.8
103.662,2.016673737,-0.032956547,0.460950065,101.8
103.675,2.016673737,-0.032956547,0.437149483,101.8
103.688,2.016673737,-0.032956547,0.460950065,101.8
103.701,2.016673737,-0.032956547,0.460950065,101.8
103.713,2.015827461,-0.032956547,0.437149483,101.8
103.726,2.016673737,-0.032956547,0.460950065,101.8
103.739,2.016673737,-0.032956547,0.437149483,101.8
103.751,2.016673737,-0.032956547,0.454761558,101.9
103.764,2.016673737,-0.032956547,0.460950065,101.8
103.777,2.016673737,-0.032956547,0.460950065,101.8
103.79,2.017520012,-0.032956547,0.460950065,101.8
103.802,2.017520012,-0.032956547,0.460950065,101.8
103.815,2.017520012,-0.032956547,0.460950065,101.8
103.828,2.017520012,-0.032956547,0.437149483,101.8
103.84,2.017943149,-0.032956547,0.437149483,101.8
103.853,2.017520012,-0.032956547,0.460950065,101.8
103.866,2.017520012,-0.032956547,0.437149483,101.8
103.878,2.016673737,-0.032956547,0.437149483,101.8
103.891,2.017520012,-0.032956547,0.437149483,101.8
103.904,2.016673737,-0.032956547,0.437149483,101.8
103.917,2.017520012,-0.032956547,0.437149483,101.8
103.929,2.016673737,-0.032956547,0.460950065,101.8
103.942,2.016673737,-0.032956547,0.454761558,101.9
103.955,2.016673737,-0.032956547,0.437149483,101.8
103.967,2.016673737,-0.032956547,0.437149483,101.8
103.98,2.016673737,-0.032956547,0.437149483,101.8
103.993,2.017520012,-0.032956547,0.437149483,101.8
104.005,2.016673737,-0.032956547,0.437149483,101.8
104.018,2.016673737,-0.032956547,0.454761558,101.9
104.031,2.017520012,-0.032956547,0.437149483,101.8
104.044,2.016673737,-0.032956547,0.430960976,101.9
104.056,2.017520012,-0.032956547,0.437149483,101.8
104.069,2.017520012,-0.032956547,0.437149483,101.8
104.082,2.017520012,-0.032956547,0.460950065,101.8
104.094,2.016673737,-0.032956547,0.437149483,101.8
104.107,2.017520012,-0.032956547,0.460950065,101.8
104.12,2.016673737,-0.032956547,0.460950065,101.8
104.133,2.017520012,-0.032956547,0.460950065,101.8
104.145,2.016673737,-0.032956547,0.460950065,101.8
104.158,2.016673737,-0.032956547,0.460950065,101.8
104.171,2.016673737,0,0.460950065,101.8
104.183,2.016673737,0,0.460950065,101.8
104.196,2.017520012,-0.032956547,0.437149483,101.8
104.209,2.016673737,-0.032956547,0.460950065,101.8
104.221,2.017520012,-0.032956547,0.460950065,101.8
104.234,2.016673737,-0.032956547,0.460950065,101.8
104.247,2.017520012,-0.032956547,0.460950065,101.8
104.26,2.016673737,-0.032956547,0.460950065,101.8
104.272,2.016673737,-0.032956547,0.460950065,101.8
104.285,2.016673737,-0.032956547,0.460950065,101.8
104.298,2.017520012,0,0.460950065,101.8
104.31,2.016673737,0,0.460950065,101.8
104.323,2.016673737,0,0.460950065,101.8
104.336,2.016673737,0,0.437149483,101.8
104.348,2.016673737,-0.032956547,0.430960976,101.9
104.361,2.016673737,-0.032956547,0.437149483,101.8
104.374,2.016673737,-0.032956547,0.430960976,101.9
104.387,2.016673737,-0.032956547,0.460950065,101.8
104.399,2.015827461,-0.032956547,0.454761558,101.9
104.412,2.016673737,-0.032956547,0.460950065,101.8
104.425,2.016673737,-0.032956547,0.430960976,101.9
104.437,2.017520012,-0.032956547,0.437149483,101.8
104.45,2.016673737,-0.032956547,0.430960976,101.9
104.463,2.017520012,-0.032956547,0.437149483,101.8
104.476,2.017520012,-0.032956547,0.430960976,101.9
104.488,2.017520012,-0.032956547,0.437149483,101.8
104.501,2.016673737,-0.032956547,0.437149483,101.8
104.514,2.016673737,-0.032956547,0.437149483,101.8
104.526,2.017520012,-0.032956547,0.460950065,101.8
104.539,2.016673737,-0.032956547,0.460950065,101.8
104.552,2.016673737,-0.032956547,0.437149483,101.8
104.564,2.015827461,-0.032956547,0.437149483,101.8
104.577,2.016673737,-0.032956547,0.437149483,101.8
104.59,2.016673737,-0.032956547,0.460950065,101.8
104.603,2.016673737,-0.032956547,0.460950065,101.8
104.615,2.016673737,-0.032956547,0.460950065,101.8
104.628,2.017520012,-0.032956547,0.460950065,101.8
104.641,2.016673737,-0.032956547,0.460950065,101.8
104.653,2.016673737,-0.032956547,0.437149483,101.8
104.666,2.016673737,-0.032956547,0.437149483,101.8
104.679,2.016673737,-0.032956547,0.437149483,101.8
104.691,2.016673737,-0.032956547,0.460950065,101.8
104.704,2.016673737,-0.032956547,0.460950065,101.8
104.717,2.016673737,-0.032956547,0.460950065,101.8
104.73,2.016673737,-0.032956547,0.460950065,101.8
104.742,2.017520012,-0.032956547,0.460950065,101.8
104.755,2.016673737,-0.032956547,0.437149483,101.8
104.768,2.017520012,-0.032956547,0.460950065,101.8
104.78,2.016673737,-0.032956547,0.460950065,101.8
104.793,2.017520012,-0.032956547,0.460950065,101.8
104.806,2.017520012,-0.032956547,0.460950065,101.8
104.819,2.017520012,-0.032956547,0.460950065,101.8
104.831,2.016673737,-0.032956547,0.460950065,101.8
104.844,2.017520012,-0.032956547,0.460950065,101.8
104.857,2.016673737,0,0.460950065,101.8
104.869,2.017520012,0,0.460950065,101.8
104.882,2.016673737,-0.032956547,0.460950065,101.8
104.895,2.016673737,0,0.460950065,101.8
104.907,2.016673737,-0.032956547,0.460950065,101.8
104.92,2.017520012,-0.032956547,0.437149483,101.8
104.933,2.016673737,-0.032956547,0.460950065,101.8
104.946,2.017520012,-0.032956547,0.460950065,101.8
104.958,2.017520012,-0.032956547,0.437149483,101.8
104.971,2.016673737,-0.032956547,0.460950065,101.8
104.984,2.017520012,0,0.437149483,101.8
104.996,2.017520012,0,0.437149483,101.8
105.009,2.017520012,-0.032956547,0.460950065,101.8
105.022,2.016673737,-0.032956547,0.460950065,101.8
105.034,2.017520012,-0.032956547,0.460950065,101.8
105.047,2.016673737,-0.032956547,0.460950065,101.8
105.06,2.017520012,-0.032956547,0.460950065,101.8
105.073,2.017520012,-0.032956547,0.460950065,101.8
105.085,2.017520012,-0.032956547,0.460950065,101.8
105.098,2.016673737,-0.032956547,0.460950065,101.8
105.111,2.017520012,-0.032956547,0.437149483,101.8
105.123,2.016673737,0,0.437149483,101.8
105.136,2.016673737,0,0.460950065,101.8
105.149,2.016673737,-0.032956547,0.460950065,101.8
105.162,2.016673737,-0.032956547,0.460950065,101.8
105.174,2.016673737,-0.032956547,0.460950065,101.8
105.187,2.017520012,-0.032956547,0.460950065,101.8
105.2,2.016673737,-0.032956547,0.460950065,101.8
105.212,2.017520012,-0.032956547,0.460950065,101.8
105.225,2.017943149,0,0.460950065,101.8
105.238,2.017520012,0,0.437149483,101.8
105.25,2.017520012,0,0.460950065,101.8
105.263,2.016673737,-0.032956547,0.437149483,101.8
105.276,2.017520012,0,0.460950065,101.8
105.289,2.017520012,0,0.460950065,101.8
105.301,2.017520012,-0.032956547,0.460950065,101.8
105.314,2.016673737,0,0.460950065,101.8
105.327,2.016673737,0,0.460950065,101.8
105.339,2.016673737,0,0.460950065,101.8
105.352,2.016673737,-0.032956547,0.460950065,101.8
105.365,2.016673737,-0.032956547,0.437149483,101.8
105.377,2.016673737,-0.032956547,0.454761558,101.9
105.39,2.016673737,-0.032956547,0.437149483,101.8
105.403,2.016673737,-0.032956547,0.454761558,101.9
105.416,2.016673737,-0.032956547,0.460950065,101.8
105.428,2.016673737,-0.032956547,0.454761558,101.9
105.441,2.017520012,-0.032956547,0.437149483,101.8
105.454,2.016673737,-0.032956547,0.454761558,101.9
105.466,2.017520012,-0.032956547,0.460950065,101.8
105.479,2.016673737,-0.032956547,0.460950065,101.8
105.492,2.017520012,-0.032956547,0.460950065,101.8
105.505,2.016673737,-0.032956547,0.460950065,101.8
105.517,2.016673737,-0.032956547,0.460950065,101.8
105.53,2.016673737,-0.032956547,0.437149483,101.8
105.543,2.016673737,-0.032956547,0.437149483,101.8
105.555,2.016673737,-0.032956547,0.437149483,101.8
105.568,2.015827461,-0.032956547,0.437149483,101.8
105.581,2.016673737,-0.032956547,0.437149483,101.8
105.593,2.016673737,-0.032956547,0.437149483,101.8
105.606,2.016673737,-0.032956547,0.437149483,101.8
105.619,2.016673737,-0.032956547,0.454761558,101.9
105.632,2.016673737,-0.032956547,0.460950065,101.8
105.644,2.016673737,-0.032956547,0.454761558,101.9
105.657,2.017520012,-0.032956547,0.460950065,101.8
105.67,2.016673737,-0.032956547,0.454761558,101.9
105.682,2.017520012,-0.032956547,0.460950065,101.8
105.695,2.016673737,-0.032956547,0.430960976,101.9
105.708,2.017520012,-0.032956547,0.460950065,101.8
105.72,2.017520012,-0.032956547,0.460950065,101.8
105.733,2.016673737,-0.032956547,0.460950065,101.8
105.746,2.016673737,-0.032956547,0.460950065,101.8
105.759,2.016673737,-0.032956547,0.460950065,101.8
105.771,2.017520012,-0.032956547,0.437149483,101.8
105.784,2.017520012,-0.032956547,0.437149483,101.8
105.797,2.016673737,-0.032956547,0.460950065,101.8
105.809,2.016673737,-0.032956547,0.460950065,101.8
105.822,2.016673737,-0.032956547,0.460950065,101.8
105.835,2.016673737,-0.032956547,0.437149483,101.8
105.848,2.017520012,-0.032956547,0.437149483,101.8
105.86,2.016673737,-0.032956547,0.437149483,101.8
105.873,2.016673737,-0.032956547,0.460950065,101.8
105.886,2.016673737,-0.032956547,0.460950065,101.8
105.898,2.017520012,-0.032956547,0.460950065,101.8
105.911,2.017520012,-0.032956547,0.460950065,101.8
105.924,2.017520012,-0.032956547,0.460950065,101.8
105.936,2.017520012,-0.032956547,0.460950065,101.8
105.949,2.017520012,-0.032956547,0.460950065,101.8
105.962,2.017520012,-0.032956547,0.460950065,101.8
105.975,2.017520012,-0.032956547,0.460950065,101.8
105.987,2.017520012,-0.032956547,0.460950065,101.8
106,2.017520012,-0.032956547,0.460950065,101.8
106.013,2.017520012,-0.032956547,0.460950065,101.8
106.025,2.016673737,-0.032956547,0.460950065,101.8
106.038,2.017520012,-0.032956547,0.460950065,101.8
106.051,2.016673737,-0.032956547,0.460950065,101.8
106.063,2.016673737,-0.032956547,0.460950065,101.8
106.076,2.016673737,-0.032956547,0.460950065,101.8
106.089,2.017520012,-0.032956547,0.460950065,101.8
106.102,2.017520012,-0.032956547,0.460950065,101.8
106.114,2.017520012,-0.032956547,0.460950065,101.8
106.127,2.016673737,-0.032956547,0.460950065,101.8
106.14,2.017520012,-0.032956547,0.460950065,101.8
106.152,2.017520012,-0.032956547,0.437149483,101.8
106.165,2.016673737,-0.032956547,0.460950065,101.8
106.178,2.017520012,-0.032956547,0.460950065,101.8
106.191,2.017520012,-0.032956547,0.460950065,101.8
106.203,2.017520012,-0.032956547,0.460950065,101.8
106.216,2.016673737,-0.032956547,0.460950065,101.8
106.229,2.017520012,-0.032956547,0.460950065,101.8
106.241,2.016673737,-0.032956547,0.460950065,101.8
106.254,2.017520012,-0.032956547,0.460950065,101.8
106.267,2.016673737,-0.032956547,0.460950065,101.8
106.279,2.017520012,-0.032956547,0.460950065,101.8
106.292,2.016673737,-0.032956547,0.437149483,101.8
106.305,2.017520012,-0.032956547,0.460950065,101.8
106.318,2.017520012,-0.032956547,0.460950065,101.8
106.33,2.017520012,-0.032956547,0.460950065,101.8
106.343,2.016673737,-0.032956547,0.460950065,101.8
106.356,2.016673737,-0.032956547,0.460950065,101.8
106.368,2.016673737,-0.032956547,0.460950065,101.8
106.381,2.016673737,-0.032956547,0.460950065,101.8
106.394,2.016673737,-0.032956547,0.460950065,101.8
106.406,2.017520012,-0.032956547,0.460950065,101.8
106.419,2.017520012,-0.032956547,0.460950065,101.8
106.432,2.017520012,-0.032956547,0.460950065,101.8
106.445,2.017520012,-0.032956547,0.460950065,101.8
106.457,2.016673737,-0.032956547,0.460950065,101.8
106.47,2.017520012,-0.032956547,0.460950065,101.8
106.483,2.016673737,-0.032956547,0.460950065,101.8
106.495,2.017520012,-0.032956547,0.460950065,101.8
106.508,2.016673737,-0.032956547,0.460950065,101.8
106.521,2.017520012,-0.032956547,0.460950065,101.8
106.534,2.016673737,-0.032956547,0.460950065,101.8
106.546,2.016673737,-0.032956547,0.460950065,101.8
106.559,2.016673737,-0.032956547,0.437149483,101.8
106.572,2.017520012,-0.032956547,0.437149483,101.8
106.584,2.017520012,-0.032956547,0.460950065,101.8
106.597,2.016673737,-0.032956547,0.460950065,101.8
106.61,2.016673737,-0.032956547,0.460950065,101.8
106.622,2.016673737,-0.032956547,0.454761558,101.9
106.635,2.016673737,-0.032956547,0.460950065,101.8
106.648,2.016673737,-0.032956547,0.454761558,101.9
106.661,2.017520012,-0.032956547,0.460950065,101.8
106.673,2.016673737,-0.032956547,0.454761558,101.9
106.686,2.017520012,-0.032956547,0.460950065,101.8
106.699,2.017520012,-0.032956547,0.454761558,101.9
106.711,2.017520012,-0.032956547,0.460950065,101.8
106.724,2.016673737,-0.032956547,0.460950065,101.8
106.737,2.017520012,-0.032956547,0.460950065,101.8
106.749,2.016673737,-0.032956547,0.460950065,101.8
106.762,2.017520012,-0.032956547,0.460950065,101.8
106.775,2.016673737,-0.032956547,0.460950065,101.8
106.788,2.016673737,-0.032956547,0.460950065,101.8
106.8,2.016673737,-0.032956547,0.460950065,101.8
106.813,2.016673737,-0.032956547,0.460950065,101.8
106.826,2.016673737,-0.032956547,0.437149483,101.8
106.838,2.015827461,-0.032956547,0.454761558,101.9
106.851,2.017520012,-0.032956547,0.460950065,101.8
106.864,2.016673737,-0.032956547,0.454761558,101.9
106.877,2.017520012,-0.032956547,0.460950065,101.8
106.889,2.016673737,-0.032956547,0.454761558,101.9
106.902,2.017520012,-0.032956547,0.460950065,101.8
106.915,2.016673737,-0.032956547,0.460950065,101.8
106.927,2.017520012,-0.032956547,0.460950065,101.8
106.94,2.016673737,0,0.460950065,101.8
106.953,2.017520012,0,0.460950065,101.8
106.965,2.017520012,-0.032956547,0.437149483,101.8
106.978,2.016673737,-0.032956547,0.437149483,101.8
106.991,2.016673737,-0.032956547,0.460950065,101.8
107.004,2.016673737,-0.032956547,0.460950065,101.8
107.016,2.017520012,-0.032956547,0.460950065,101.8
107.029,2.016673737,-0.032956547,0.437149483,101.8
107.042,2.017520012,-0.032956547,0.437149483,101.8
107.054,2.016673737,-0.032956547,0.437149483,101.8
107.067,2.017520012,-0.032956547,0.460950065,101.8
107.08,2.016673737,-0.032956547,0.437149483,101.8
107.092,2.016673737,-0.032956547,0.437149483,101.8
107.105,2.016673737,-0.032956547,0.460950065,101.8
107.118,2.017520012,-0.032956547,0.460950065,101.8
107.131,2.017520012,-0.032956547,0.460950065,101.8
107.143,2.017520012,-0.032956547,0.460950065,101.8
107.156,2.017520012,-0.032956547,0.460950065,101.8
107.169,2.016673737,-0.032956547,0.460950065,101.8
107.181,2.017520012,-0.032956547,0.460950065,101.8
107.194,2.016673737,-0.032956547,0.460950065,101.8
107.207,2.017520012,-0.032956547,0.460950065,101.8
107.22,2.016673737,-0.032956547,0.460950065,101.8
107.232,2.017520012,-0.032956547,0.460950065,101.8
107.245,2.016673737,-0.032956547,0.460950065,101.8
107.258,2.016673737,-0.032956547,0.460950065,101.8
107.27,2.016673737,-0.032956547,0.460950065,101.8
107.283,2.017520012,-0.032956547,0.460950065,101.8
107.296,2.016673737,-0.032956547,0.460950065,101.8
107.308,2.017520012,-0.032956547,0.460950065,101.8
107.321,2.016673737,-0.032956547,0.437149483,101.8
107.334,2.017520012,-0.032956547,0.460950065,101.8
107.347,2.017520012,-0.032956547,0.460950065,101.8
107.359,2.016673737,-0.032956547,0.460950065,101.8
107.372,2.017520012,-0.032956547,0.460950065,101.8
107.385,2.016673737,-0.032956547,0.460950065,101.8
107.397,2.016673737,-0.032956547,0.460950065,101.8
107.41,2.017520012,-0.032956547,0.460950065,101.8
107.423,2.017520012,0,0.460950065,101.8
107.435,2.016673737,-0.032956547,0.460950065,101.8
107.448,2.017520012,-0.032956547,0.460950065,101.8
107.461,2.016673737,-0.032956547,0.460950065,101.8
107.474,2.017520012,-0.032956547,0.460950065,101.8
107.486,2.016673737,-0.032956547,0.460950065,101.8
107.499,2.016673737,-0.032956547,0.460950065,101.8
107.512,2.016673737,-0.032956547,0.460950065,101.8
107.524,2.017520012,-0.032956547,0.460950065,101.8
107.537,2.016673737,-0.032956547,0.460950065,101.8
107.55,2.016673737,-0.032956547,0.460950065,101.8
107.563,2.016673737,-0.032956547,0.460950065,101.8
107.575,2.016673737,-0.032956547,0.460950065,101.8
107.588,2.017520012,-0.032956547,0.460950065,101.8
107.601,2.017520012,-0.032956547,0.460950065,101.8
107.613,2.016673737,-0.032956547,0.460950065,101.8
107.626,2.017520012,-0.032956547,0.460950065,101.8
107.639,2.017520012,-0.032956547,0.460950065,101.8
107.651,2.016673737,-0.032956547,0.437149483,101.8
107.664,2.017520012,-0.032956547,0.437149483,101.8
107.677,2.017520012,-0.032956547,0.437149483,101.8
107.69,2.017520012,-0.032956547,0.437149483,101.8
107.702,2.017520012,-0.032956547,0.437149483,101.8
107.715,2.017520012,-0.032956547,0.437149483,101.8
107.728,2.016673737,-0.032956547,0.437149483,101.8
107.74,2.017520012,-0.032956547,0.437149483,101.8
107.753,2.016673737,-0.032956547,0.437149483,101.8
107.766,2.017520012,-0.032956547,0.437149483,101.8
107.778,2.016673737,-0.032956547,0.437149483,101.8
107.791,2.016673737,-0.032956547,0.437149483,101.8
107.804,2.016673737,-0.032956547,0.437149483,101.8
107.817,2.016673737,-0.032956547,0.437149483,101.8
107.829,2.016673737,-0.032956547,0.437149483,101.8
107.842,2.016673737,-0.032956547,0.430960976,101.9
107.855,2.017520012,-0.032956547,0.437149483,101.8
107.867,2.016673737,-0.032956547,0.430960976,101.9
107.88,2.016673737,-0.032956547,0.437149483,101.8
107.893,2.016673737,-0.032956547,0.437149483,101.8
107.906,2.017520012,-0.032956547,0.437149483,101.8
107.918,2.016673737,-0.032956547,0.437149483,101.8
107.931,2.017520012,-0.032956547,0.437149483,101.8
107.944,2.016673737,-0.032956547,0.437149483,101.8
107.956,2.017520012,-0.032956547,0.437149483,101.8
107.969,2.017520012,-0.032956547,0.437149483,101.8
107.982,2.017520012,-0.032956547,0.437149483,101.8
107.994,2.017520012,-0.032956547,0.437149483,101.8
108.007,2.016673737,-0.032956547,0.437149483,101.8
108.02,2.016673737,-0.032956547,0.437149483,101.8
108.033,2.016673737,-0.032956547,0.437149483,101.8
108.045,2.016673737,-0.032956547,0.437149483,101.8
108.058,2.016673737,-0.032956547,0.430960976,101.9
108.071,2.017520012,-0.032956547,0.437149483,101.8
108.083,2.017520012,-0.032956547,0.430960976,101.9
108.096,2.017520012,-0.032956547,0.437149483,101.8
108.109,2.017520012,-0.032956547,0.437149483,101.8
108.121,2.017520012,-0.032956547,0.437149483,101.8
108.134,2.016673737,-0.032956547,0.437149483,101.8
108.147,2.017520012,-0.032956547,0.437149483,101.8
108.16,2.016673737,-0.032956547,0.437149483,101.8
108.172,2.016673737,-0.032956547,0.437149483,101.8
108.185,2.016673737,-0.032956547,0.437149483,101.8
108.198,2.016673737,-0.032956547,0.437149483,101.8
108.21,2.016673737,-0.032956547,0.437149483,101.8
108.223,2.016673737,-0.032956547,0.430960976,101.9
108.236,2.016673737,-0.065913094,0.437149483,101.8
108.249,2.016673737,-0.065913094,0.430960976,101.9
108.261,2.017520012,-0.032956547,0.437149483,101.8
108.274,2.016673737,-0.032956547,0.430960976,101.9
108.287,2.016673737,-0.032956547,0.437149483,101.8
108.299,2.016673737,-0.032956547,0.437149483,101.8
108.312,2.017520012,-0.032956547,0.437149483,101.8
108.325,2.016673737,-0.032956547,0.437149483,101.8
108.337,2.017520012,-0.032956547,0.460950065,101.8
108.35,2.016673737,-0.032956547,0.437149483,101.8
108.363,2.016673737,-0.032956547,0.437149483,101.8
108.376,2.016673737,-0.032956547,0.437149483,101.8
108.388,2.016673737,-0.032956547,0.437149483,101.8
108.401,2.016673737,-0.032956547,0.437149483,101.8
108.414,2.016673737,-0.032956547,0.437149483,101.8
108.426,2.016673737,-0.032956547,0.437149483,101.8
108.439,2.016673737,-0.065913094,0.437149483,101.8
108.452,2.017520012,-0.065913094,0.437149483,101.8
108.464,2.016673737,-0.065913094,0.437149483,101.8
108.477,2.017520012,-0.032956547,0.437149483,101.8
108.49,2.017520012,-0.032956547,0.430960976,101.9
108.503,2.017520012,-0.065913094,0.437149483,101.8
108.515,2.017520012,-0.032956547,0.437149483,101.8
108.528,2.017520012,-0.032956547,0.437149483,101.8
108.541,2.017520012,-0.032956547,0.437149483,101.8
108.553,2.017520012,-0.032956547,0.460950065,101.8
108.566,2.017520012,-0.032956547,0.437149483,101.8
108.579,2.017520012,-0.065913094,0.437149483,101.8
108.592,2.017520012,-0.065913094,0.430960976,101.9
108.604,2.016673737,-0.065913094,0.437149483,101.8
108.617,2.017520012,-0.065913094,0.437149483,101.8
108.63,2.017520012,-0.065913094,0.437149483,101.8
108.642,2.017943149,-0.065913094,0.437149483,101.8
108.655,2.016673737,-0.065913094,0.437149483,101.8
108.668,2.017520012,-0.065913094,0.437149483,101.8
108.68,2.016673737,-0.065913094,0.437149483,101.8
108.693,2.016673737,-0.065913094,0.437149483,101.8
108.706,2.016673737,-0.032956547,0.437149483,101.8
108.719,2.016673737,-0.065913094,0.437149483,101.8
108.731,2.016673737,-0.032956547,0.437149483,101.8
108.744,2.016673737,-0.032956547,0.437149483,101.8
108.757,2.016673737,-0.032956547,0.437149483,101.8
108.769,2.016673737,-0.032956547,0.437149483,101.8
108.782,2.016673737,-0.032956547,0.437149483,101.8
108.795,2.016673737,-0.032956547,0.437149483,101.8
108.807,2.016673737,-0.032956547,0.437149483,101.8
108.82,2.017520012,-0.032956547,0.437149483,101.8
108.833,2.017520012,-0.032956547,0.437149483,101.8
108.846,2.017520012,-0.032956547,0.437149483,101.8
108.858,2.017943149,-0.032956547,0.437149483,101.8
108.871,2.017520012,-0.032956547,0.437149483,101.8
108.884,2.017943149,-0.032956547,0.437149483,101.8
108.896,2.017520012,-0.032956547,0.437149483,101.8
108.909,2.017943149,-0.032956547,0.437149483,101.8
108.922,2.017520012,-0.065913094,0.437149483,101.8
108.935,2.017520012,-0.065913094,0.437149483,101.8
108.947,2.016673737,-0.065913094,0.437149483,101.8
108.96,2.017520012,-0.065913094,0.437149483,101.8
108.973,2.016673737,-0.032956547,0.437149483,101.8
108.985,2.017520012,-0.065913094,0.437149483,101.8
108.998,2.017520012,-0.065913094,0.437149483,101.8
109.011,2.017520012,-0.065913094,0.437149483,101.8
109.023,2.016673737,-0.065913094,0.437149483,101.8
109.036,2.017520012,-0.032956547,0.437149483,101.8
109.049,2.016673737,-0.032956547,0.437149483,101.8
109.062,2.017520012,-0.032956547,0.437149483,101.8
109.074,2.017520012,-0.032956547,0.437149483,101.8
109.087,2.017520012,-0.032956547,0.437149483,101.8
109.1,2.017520012,-0.065913094,0.437149483,101.8
109.112,2.016673737,-0.032956547,0.437149483,101.8
109.125,2.017520012,-0.032956547,0.437149483,101.8
109.138,2.016673737,-0.032956547,0.437149483,101.8
109.15,2.017520012,-0.065913094,0.437149483,101.8
109.163,2.016673737,-0.065913094,0.437149483,101.8
109.176,2.017520012,-0.065913094,0.437149483,101.8
109.189,2.017520012,-0.065913094,0.437149483,101.8
109.201,2.016673737,-0.065913094,0.437149483,101.8
109.214,2.017520012,-0.065913094,0.437149483,101.8
109.227,2.016673737,-0.032956547,0.437149483,101.8
109.239,2.016673737,-0.032956547,0.437149483,101.8
109.252,2.016673737,-0.032956547,0.437149483,101.8
109.265,2.017520012,-0.032956547,0.437149483,101.8
109.277,2.017520012,-0.065913094,0.430960976,101.9
109.29,2.017520012,-0.065913094,0.437149483,101.8
109.303,2.017520012,-0.065913094,0.430960976,101.9
109.316,2.017520012,-0.032956547,0.437149483,101.8
109.328,2.016673737,-0.032956547,0.437149483,101.8
109.341,2.017520012,-0.032956547,0.437149483,101.8
109.354,2.016673737,-0.032956547,0.460950065,101.8
109.366,2.017520012,-0.032956547,0.437149483,101.8
109.379,2.016673737,-0.032956547,0.437149483,101.8
109.392,2.016673737,-0.032956547,0.430960976,101.9
109.405,2.016673737,-0.032956547,0.437149483,101.8
109.417,2.016673737,-0.032956547,0.430960976,101.9
109.43,2.016673737,-0.032956547,0.437149483,101.8
109.443,2.016673737,-0.032956547,0.437149483,101.8
109.455,2.017520012,-0.032956547,0.437149483,101.8
109.468,2.016673737,-0.032956547,0.430960976,101.9
109.481,2.017520012,-0.032956547,0.437149483,101.8
109.493,2.016673737,-0.065913094,0.430960976,101.9
109.506,2.017520012,-0.065913094,0.437149483,101.8
109.519,2.016673737,-0.065913094,0.437149483,101.8
109.532,2.017520012,-0.032956547,0.437149483,101.8
109.544,2.016673737,-0.065913094,0.437149483,101.8
109.557,2.017520012,-0.065913094,0.437149483,101.8
109.57,2.017520012,-0.065913094,0.437149483,101.8
109.582,2.016673737,-0.065913094,0.437149483,101.8
109.595,2.017520012,-0.032956547,0.437149483,101.8
109.608,2.016673737,-0.065913094,0.437149483,101.8
109.62,2.017520012,-0.065913094,0.437149483,101.8
109.633,2.016673737,-0.065913094,0.437149483,101.8
109.646,2.017520012,-0.065913094,0.437149483,101.8
109.659,2.016673737,-0.065913094,0.437149483,101.8
109.671,2.017520012,-0.032956547,0.437149483,101.8
109.684,2.016673737,-0.032956547,0.430960976,101.9
109.697,2.016673737,-0.032956547,0.437149483,101.8
109.709,2.016673737,-0.032956547,0.430960976,101.9
109.722,2.017520012,-0.032956547,0.437149483,101.8
109.735,2.016673737,-0.065913094,0.437149483,101.8
109.748,2.017520012,-0.065913094,0.437149483,101.8
109.76,2.017520012,-0.065913094,0.437149483,101.8
109.773,2.016673737,-0.065913094,0.437149483,101.8
109.786,2.017520012,-0.065913094,0.437149483,101.8
109.798,2.016673737,-0.065913094,0.437149483,101.8
109.811,2.017520012,-0.065913094,0.437149483,101.8
109.824,2.017520012,-0.065913094,0.437149483,101.8
109.836,2.017520012,-0.065913094,0.437149483,101.8
109.849,2.016673737,-0.065913094,0.437149483,101.8
109.862,2.017520012,-0.065913094,0.437149483,101.8
109.875,2.016673737,-0.065913094,0.437149483,101.8
109.887,2.017520012,-0.065913094,0.437149483,101.8
109.9,2.016673737,-0.032956547,0.437149483,101.8
109.913,2.016673737,-0.032956547,0.437149483,101.8
109.925,2.016673737,-0.032956547,0.437149483,101.8
109.938,2.017520012,-0.032956547,0.437149483,101.8
109.951,2.016673737,-0.032956547,0.437149483,101.8
109.964,2.017520012,-0.032956547,0.437149483,101.8
109.976,2.017520012,-0.065913094,0.437149483,101.8
109.989,2.017520012,-0.065913094,0.437149483,101.8
110.002,2.017520012,-0.065913094,0.437149483,101.8
110.014,2.017520012,-0.065913094,0.430960976,101.9
110.027,2.017520012,-0.065913094,0.437149483,101.8
110.04,2.017520012,-0.032956547,0.437149483,101.8
110.052,2.017520012,-0.032956547,0.437149483,101.8
110.065,2.017520012,-0.032956547,0.437149483,101.8
110.078,2.017520012,-0.032956547,0.437149483,101.8
110.091,2.017520012,-0.032956547,0.437149483,101.8
110.103,2.017520012,-0.065913094,0.437149483,101.8
110.116,2.016673737,-0.032956547,0.437149483,101.8
110.129,2.017520012,-0.032956547,0.437149483,101.8
110.141,2.016673737,-0.032956547,0.437149483,101.8
110.154,2.017520012,-0.032956547,0.437149483,101.8
110.167,2.016673737,-0.032956547,0.437149483,101.8
110.179,2.017520012,-0.032956547,0.437149483,101.8
110.192,2.016673737,-0.065913094,0.437149483,101.8
110.205,2.017520012,-0.065913094,0.437149483,101.8
110.218,2.017520012,-0.032956547,0.437149483,101.8
110.23,2.017520012,-0.032956547,0.437149483,101.8
110.243,2.017520012,-0.032956547,0.437149483,101.8
110.256,2.017520012,-0.032956547,0.437149483,101.8
110.268,2.017520012,-0.065913094,0.437149483,101.8
110.281,2.016673737,-0.032956547,0.437149483,101.8
110.294,2.017520012,-0.032956547,0.437149483,101.8
110.307,2.016673737,-0.032956547,0.437149483,101.8
110.319,2.017520012,-0.065913094,0.437149483,101.8
110.332,2.016673737,-0.065913094,0.437149483,101.8
110.345,2.017520012,-0.032956547,0.437149483,101.8
110.357,2.016673737,-0.032956547,0.437149483,101.8
110.37,2.017520012,-0.032956547,0.437149483,101.8
110.383,2.016673737,-0.032956547,0.437149483,101.8
110.395,2.017520012,-0.065913094,0.437149483,101.8
110.408,2.017520012,-0.065913094,0.437149483,101.8
110.421,2.017520012,-0.032956547,0.437149483,101.8
110.434,2.016673737,-0.032956547,0.437149483,101.8
110.446,2.017520012,-0.032956547,0.437149483,101.8
110.459,2.016673737,-0.032956547,0.437149483,101.8
110.472,2.016673737,-0.065913094,0.454761558,101.9
110.484,2.017520012,-0.065913094,0.437149483,101.8
110.497,2.016673737,-0.065913094,0.430960976,101.9
110.51,2.017520012,-0.032956547,0.437149483,101.8
110.522,2.016673737,-0.032956547,0.437149483,101.8
110.535,2.017520012,-0.032956547,0.437149483,101.8
110.548,2.016673737,-0.032956547,0.437149483,101.8
110.561,2.017520012,-0.032956547,0.437149483,101.8
110.573,2.016673737,-0.032956547,0.437149483,101.8
110.586,2.017520012,-0.032956547,0.460950065,101.8
110.599,2.017520012,-0.032956547,0.460950065,101.8
110.611,2.016673737,-0.065913094,0.460950065,101.8
110.624,2.016673737,-0.065913094,0.437149483,101.8
110.637,2.016673737,-0.065913094,0.437149483,101.8
110.649,2.016673737,-0.065913094,0.437149483,101.8
110.662,2.016673737,-0.032956547,0.437149483,101.8
110.675,2.017520012,-0.032956547,0.437149483,101.8
110.688,2.016673737,-0.032956547,0.430960976,101.9
110.7,2.017520012,-0.032956547,0.437149483,101.8
110.713,2.017520012,-0.032956547,0.430960976,101.9
110.726,2.017520012,-0.032956547,0.437149483,101.8
110.738,2.017520012,-0.065913094,0.430960976,101.9
110.751,2.017520012,-0.065913094,0.437149483,101.8
110.764,2.017520012,-0.065913094,0.437149483,101.8
110.777,2.017520012,-0.065913094,0.437149483,101.8
110.789,2.016673737,-0.065913094,0.437149483,101.8
110.802,2.016673737,-0.065913094,0.437149483,101.8
110.815,2.016673737,-0.065913094,0.437149483,101.8
110.827,2.016673737,-0.065913094,0.437149483,101.8
110.84,2.016673737,-0.065913094,0.460950065,101.8
110.853,2.016673737,-0.065913094,0.437149483,101.8
110.865,2.017520012,-0.065913094,0.437149483,101.8
110.878,2.016673737,-0.032956547,0.430960976,101.9
110.891,2.017520012,-0.032956547,0.437149483,101.8
110.904,2.016673737,-0.032956547,0.430960976,101.9
110.916,2.017520012,-0.032956547,0.437149483,101.8
110.929,2.016673737,-0.032956547,0.430960976,101.9
110.942,2.017520012,-0.032956547,0.437149483,101.8
110.954,2.017520012,-0.032956547,0.437149483,101.8
110.967,2.017520012,-0.032956547,0.437149483,101.8
110.98,2.017520012,-0.032956547,0.437149483,101.8
110.992,2.017520012,-0.065913094,0.437149483,101.8
111.005,2.017520012,-0.065913094,0.437149483,101.8
111.018,2.016673737,-0.065913094,0.437149483,101.8
111.031,2.016673737,-0.065913094,0.437149483,101.8
111.043,2.016673737,-0.065913094,0.437149483,101.8
111.056,2.017520012,-0.065913094,0.437149483,101.8
111.069,2.016673737,-0.065913094,0.437149483,101.8
111.081,2.017520012,-0.065913094,0.437149483,101.8
111.094,2.016673737,-0.032956547,0.437149483,101.8
111.107,2.017520012,-0.032956547,0.437149483,101.8
111.12,2.016673737,-0.032956547,0.437149483,101.8
111.132,2.017520012,-0.032956547,0.437149483,101.8
111.145,2.016673737,-0.032956547,0.437149483,101.8
111.158,2.017520012,-0.032956547,0.437149483,101.8
111.17,2.017520012,-0.065913094,0.437149483,101.8
111.183,2.017520012,-0.065913094,0.437149483,101.8
111.196,2.017520012,-0.065913094,0.437149483,101.8
111.208,2.017520012,-0.065913094,0.437149483,101.8
111.221,2.017520012,-0.032956547,0.437149483,101.8
111.234,2.016673737,-0.032956547,0.437149483,101.8
111.247,2.017520012,-0.032956547,0.437149483,101.8
111.259,2.016673737,-0.032956547,0.437149483,101.8
111.272,2.017520012,-0.032956547,0.437149483,101.8
111.285,2.016673737,-0.032956547,0.437149483,101.8
111.297,2.017520012,-0.032956547,0.437149483,101.8
111.31,2.017520012,-0.032956547,0.437149483,101.8
111.323,2.017520012,-0.032956547,0.437149483,101.8
111.335,2.016673737,-0.032956547,0.437149483,101.8
111.348,2.017520012,-0.065913094,0.437149483,101.8
111.361,2.016673737,-0.032956547,0.437149483,101.8
111.374,2.017520012,-0.032956547,0.437149483,101.8
111.386,2.016673737,-0.032956547,0.437149483,101.8
111.399,2.017520012,-0.032956547,0.437149483,101.8
111.412,2.017520012,-0.032956547,0.437149483,101.8
111.424,2.017520012,-0.032956547,0.437149483,101.8
111.437,2.017520012,-0.032956547,0.437149483,101.8
111.45,2.016673737,-0.032956547,0.437149483,101.8
111.463,2.016673737,-0.032956547,0.437149483,101.8
111.475,2.016673737,-0.032956547,0.437149483,101.8
111.488,2.017520012,-0.032956547,0.437149483,101.8
111.501,2.017520012,-0.065913094,0.437149483,101.8
111.513,2.017520012,-0.032956547,0.437149483,101.8
111.526,2.017520012,-0.032956547,0.437149483,101.8
111.539,2.017520012,-0.032956547,0.437149483,101.8
111.551,2.016673737,-0.032956547,0.437149483,101.8
111.564,2.017520012,-0.032956547,0.437149483,101.8
111.577,2.016673737,-0.032956547,0.437149483,101.8
111.59,2.017520012,-0.065913094,0.437149483,101.8
111.602,2.016673737,-0.065913094,0.437149483,101.8
111.615,2.017520012,-0.065913094,0.430960976,101.9
111.628,2.017520012,-0.032956547,0.437149483,101.8
111.64,2.017520012,-0.032956547,0.430960976,101.9
111.653,2.016673737,-0.032956547,0.437149483,101.8
111.666,2.017520012,-0.065913094,0.437149483,101.8
111.678,2.017520012,-0.032956547,0.437149483,101.8
111.691,2.017520012,-0.032956547,0.437149483,101.8
111.704,2.017520012,-0.032956547,0.437149483,101.8
111.717,2.017520012,-0.032956547,0.437149483,101.8
111.729,2.017520012,-0.032956547,0.437149483,101.8
111.742,2.017520012,-0.032956547,0.437149483,101.8
111.755,2.017520012,-0.032956547,0.437149483,101.8
111.767,2.017520012,-0.032956547,0.437149483,101.8
111.78,2.017520012,-0.032956547,0.437149483,101.8
111.793,2.016673737,-0.065913094,0.437149483,101.8
111.806,2.016673737,-0.032956547,0.437149483,101.8
111.818,2.016673737,-0.032956547,0.437149483,101.8
111.831,2.016673737,-0.032956547,0.437149483,101.8
111.844,2.016673737,-0.032956547,0.437149483,101.8
111.856,2.016673737,-0.065913094,0.437149483,101.8
111.869,2.016673737,-0.065913094,0.437149483,101.8
111.882,2.016673737,-0.032956547,0.430960976,101.9
111.894,2.017520012,-0.032956547,0.437149483,101.8
111.907,2.016673737,-0.032956547,0.430960976,101.9
111.92,2.017520012,-0.065913094,0.437149483,101.8
111.933,2.016673737,-0.065913094,0.430960976,101.9
111.945,2.017520012,-0.065913094,0.437149483,101.8
111.958,2.016673737,-0.032956547,0.437149483,101.8
111.971,2.017520012,-0.065913094,0.437149483,101.8
111.983,2.017520012,-0.032956547,0.437149483,101.8
111.996,2.017520012,-0.032956547,0.437149483,101.8
112.009,2.017520012,-0.032956547,0.437149483,101.8
112.021,2.017520012,-0.032956547,0.437149483,101.8
112.034,2.017520012,-0.032956547,0.437149483,101.8
112.047,2.017520012,-0.065913094,0.437149483,101.8
112.06,2.017520012,-0.065913094,0.437149483,101.8
112.072,2.016673737,-0.065913094,0.437149483,101.8
112.085,2.017520012,-0.065913094,0.437149483,101.8
112.098,2.016673737,-0.065913094,0.430960976,101.9
112.11,2.017520012,-0.032956547,0.437149483,101.8
112.123,2.017520012,-0.032956547,0.430960976,101.9
112.136,2.017520012,-0.032956547,0.437149483,101.8
112.149,2.017520012,-0.032956547,0.437149483,101.8
112.161,2.017520012,-0.032956547,0.437149483,101.8
112.174,2.016673737,-0.032956547,0.437149483,101.8
112.187,2.016673737,-0.032956547,0.437149483,101.8
112.199,2.017520012,-0.032956547,0.437149483,101.8
112.212,2.016673737,-0.032956547,0.437149483,101.8
112.225,2.016673737,-0.032956547,0.437149483,101.8
112.237,2.016673737,-0.065913094,0.437149483,101.8
112.25,2.016673737,-0.065913094,0.437149483,101.8
112.263,2.016673737,-0.065913094,0.437149483,101.8
112.276,2.017520012,-0.065913094,0.437149483,101.8
112.288,2.016673737,-0.032956547,0.437149483,101.8
112.301,2.017520012,-0.032956547,0.437149483,101.8
112.314,2.016673737,-0.065913094,0.430960976,101.9
112.326,2.017520012,-0.032956547,0.460950065,101.8
112.339,2.017520012,-0.032956547,0.460950065,101.8
112.352,2.017520012,-0.032956547,0.460950065,101.8
112.364,2.017520012,-0.032956547,0.460950065,101.8
112.377,2.017520012,-0.065913094,0.437149483,101.8
112.39,2.017520012,-0.065913094,0.437149483,101.8
112.403,2.017520012,-0.065913094,0.437149483,101.8
112.415,2.017520012,-0.065913094,0.437149483,101.8
112.428,2.016673737,-0.065913094,0.437149483,101.8
112.441,2.017520012,-0.065913094,0.437149483,101.8
112.453,2.016673737,-0.032956547,0.437149483,101.8
112.466,2.017520012,-0.032956547,0.437149483,101.8
112.479,2.016673737,-0.032956547,0.437149483,101.8
112.492,2.017520012,-0.032956547,0.437149483,101.8
112.504,2.016673737,-0.032956547,0.437149483,101.8
112.517,2.017520012,-0.065913094,0.437149483,101.8
112.53,2.017520012,-0.065913094,0.437149483,101.8
112.542,2.017520012,-0.065913094,0.437149483,101.8
112.555,2.016673737,-0.032956547,0.437149483,101.8
112.568,2.017520012,-0.032956547,0.437149483,101.8
112.58,2.016673737,-0.032956547,0.437149483,101.8
112.593,2.017520012,-0.032956547,0.437149483,101.8
112.606,2.016673737,-0.032956547,0.437149483,101.8
112.619,2.017520012,-0.032956547,0.437149483,101.8
112.631,2.017520012,-0.032956547,0.437149483,101.8
112.644,2.017520012,-0.032956547,0.437149483,101.8
112.657,2.017520012,-0.032956547,0.437149483,101.8
112.669,2.017520012,-0.032956547,0.437149483,101.8
112.682,2.017520012,-0.032956547,0.437149483,101.8
112.695,2.017520012,-0.065913094,0.437149483,101.8
112.707,2.017943149,-0.065913094,0.437149483,101.8
112.72,2.017520012,-0.065913094,0.437149483,101.8
112.733,2.017520012,-0.065913094,0.437149483,101.8
112.746,2.016673737,-0.065913094,0.437149483,101.8
112.758,2.017520012,-0.032956547,0.437149483,101.8
112.771,2.016673737,-0.032956547,0.437149483,101.8
112.784,2.017943149,-0.032956547,0.437149483,101.8
112.796,2.017520012,-0.065913094,0.437149483,101.8
112.809,2.017520012,-0.065913094,0.437149483,101.8
112.822,2.016673737,-0.065913094,0.437149483,101.8
112.835,2.017520012,-0.065913094,0.430960976,101.9
112.847,2.016673737,-0.032956547,0.437149483,101.8
112.86,2.016673737,-0.065913094,0.430960976,101.9
112.873,2.016673737,-0.065913094,0.437149483,101.8
112.885,2.016673737,-0.065913094,0.430960976,101.9
112.898,2.016673737,-0.065913094,0.437149483,101.8
112.911,2.016673737,-0.065913094,0.430960976,101.9
112.923,2.017520012,-0.032956547,0.437149483,101.8
112.936,2.017520012,-0.032956547,0.430960976,101.9
112.949,2.017520012,-0.065913094,0.437149483,101.8
112.962,2.017520012,-0.032956547,0.430960976,101.9
112.974,2.017943149,-0.032956547,0.437149483,101.8
112.987,2.017520012,-0.032956547,0.460950065,101.8
113,2.017520012,-0.065913094,0.460950065,101.8
113.012,2.017520012,-0.032956547,0.437149483,101.8
113.025,2.017520012,-0.032956547,0.437149483,101.8
113.038,2.017520012,-0.032956547,0.437149483,101.8
113.05,2.017520012,-0.032956547,0.437149483,101.8
113.063,2.017520012,-0.032956547,0.437149483,101.8
113.076,2.017520012,-0.065913094,0.437149483,101.8
113.089,2.017520012,-0.065913094,0.437149483,101.8
113.101,2.016673737,-0.065913094,0.437149483,101.8
113.114,2.017520012,-0.065913094,0.437149483,101.8
113.127,2.017520012,-0.065913094,0.430960976,101.9
113.139,2.017520012,-0.032956547,0.437149483,101.8
113.152,2.016673737,-0.032956547,0.460950065,101.8
113.165,2.017520012,-0.032956547,0.437149483,101.8
113.178,2.016673737,-0.032956547,0.437149483,101.8
113.19,2.017520012,-0.065913094,0.437149483,101.8
113.203,2.016673737,-0.065913094,0.437149483,101.8
113.216,2.017520012,-0.065913094,0.437149483,101.8
113.228,2.017520012,-0.032956547,0.437149483,101.8
113.241,2.017520012,-0.032956547,0.437149483,101.8
113.254,2.017520012,-0.065913094,0.437149483,101.8
113.266,2.016673737,-0.032956547,0.437149483,101.8
113.279,2.016673737,-0.065913094,0.437149483,101.8
113.292,2.016673737,-0.065913094,0.437149483,101.8
113.305,2.017520012,-0.065913094,0.437149483,101.8
113.317,2.016673737,-0.065913094,0.430960976,101.9
113.33,2.017520012,-0.065913094,0.437149483,101.8
113.343,2.016673737,-0.065913094,0.454761558,101.9
113.355,2.017520012,-0.065913094,0.437149483,101.8
113.368,2.017520012,-0.065913094,0.437149483,101.8
113.381,2.017943149,-0.032956547,0.437149483,101.8
113.393,2.017520012,-0.032956547,0.437149483,101.8
113.406,2.017520012,-0.032956547,0.437149483,101.8
113.419,2.017520012,-0.032956547,0.437149483,101.8
113.432,2.016673737,-0.032956547,0.437149483,101.8
113.444,2.016673737,-0.032956547,0.437149483,101.8
113.457,2.016673737,-0.032956547,0.437149483,101.8
113.47,2.017520012,-0.032956547,0.437149483,101.8
113.482,2.016673737,-0.032956547,0.437149483,101.8
113.495,2.017520012,-0.032956547,0.437149483,101.8
113.508,2.016673737,-0.032956547,0.437149483,101.8
113.521,2.017520012,-0.032956547,0.437149483,101.8
113.533,2.016673737,-0.032956547,0.430960976,101.9
113.546,2.017520012,-0.032956547,0.437149483,101.8
113.559,2.016673737,-0.065913094,0.430960976,101.9
113.571,2.017520012,-0.065913094,0.437149483,101.8
113.584,2.017520012,-0.065913094,0.437149483,101.8
113.597,2.017520012,-0.065913094,0.437149483,101.8
113.609,2.017520012,-0.032956547,0.437149483,101.8
113.622,2.017520012,-0.032956547,0.437149483,101.8
113.635,2.017943149,-0.032956547,0.437149483,101.8
113.648,2.017520012,-0.032956547,0.437149483,101.8
113.66,2.017943149,-0.032956547,0.437149483,101.8
113.673,2.017520012,-0.065913094,0.460950065,101.8
113.686,2.017520012,-0.065913094,0.437149483,101.8
113.698,2.016673737,-0.065913094,0.437149483,101.8
113.711,2.017520012,-0.065913094,0.437149483,101.8
113.724,2.016673737,-0.065913094,0.437149483,101.8
113.736,2.017520012,-0.032956547,0.437149483,101.8
113.749,2.016673737,-0.032956547,0.437149483,101.8
113.762,2.017520012,-0.032956547,0.437149483,101.8
113.775,2.016673737,-0.032956547,0.437149483,101.8
113.787,2.017520012,-0.065913094,0.437149483,101.8
113.8,2.016673737,-0.032956547,0.437149483,101.8
113.813,2.017520012,-0.032956547,0.437149483,101.8
113.825,2.017520012,-0.032956547,0.437149483,101.8
113.838,2.017520012,-0.032956547,0.437149483,101.8
113.851,2.017520012,-0.032956547,0.437149483,101.8
113.864,2.017520012,-0.032956547,0.437149483,101.8
113.876,2.017520012,-0.032956547,0.437149483,101.8
113.889,2.017520012,-0.032956547,0.437149483,101.8
113.902,2.017520012,-0.032956547,0.437149483,101.8
113.914,2.017520012,-0.032956547,0.437149483,101.8
113.927,2.017943149,-0.032956547,0.437149483,101.8
113.94,2.017520012,-0.032956547,0.437149483,101.8
113.952,2.017943149,-0.032956547,0.437149483,101.8
113.965,2.017520012,-0.032956547,0.437149483,101.8
113.978,2.017520012,-0.032956547,0.437149483,101.8
113.991,2.016673737,-0.032956547,0.437149483,101.8
114.003,2.017520012,-0.032956547,0.437149483,101.8
114.016,2.016673737,-0.065913094,0.437149483,101.8
114.029,2.017520012,-0.065913094,0.437149483,101.8
114.041,2.016673737,-0.065913094,0.437149483,101.8
114.054,2.016673737,-0.065913094,0.437149483,101.8
114.067,2.016673737,-0.065913094,0.437149483,101.8
114.079,2.017520012,-0.032956547,0.437149483,101.8
114.092,2.017520012,-0.065913094,0.437149483,101.8
114.105,2.017520012,-0.065913094,0.437149483,101.8
114.118,2.017520012,-0.032956547,0.437149483,101.8
114.13,2.016673737,-0.065913094,0.437149483,101.8
114.143,2.017520012,-0.065913094,0.437149483,101.8
114.156,2.017520012,-0.065913094,0.430960976,101.9
114.168,2.017520012,-0.065913094,0.437149483,101.8
114.181,2.016673737,-0.065913094,0.437149483,101.8
114.194,2.017520012,-0.032956547,0.437149483,101.8
114.207,2.017520012,-0.032956547,0.437149483,101.8
114.219,2.017943149,-0.032956547,0.437149483,101.8
114.232,2.017520012,-0.065913094,0.437149483,101.8
114.245,2.017520012,-0.065913094,0.437149483,101.8
114.257,2.017520012,-0.032956547,0.437149483,101.8
114.27,2.017520012,-0.032956547,0.437149483,101.8
114.283,2.017520012,-0.032956547,0.437149483,101.8
114.295,2.017520012,-0.032956547,0.437149483,101.8
114.308,2.017520012,-0.032956547,0.460950065,101.8
114.321,2.016673737,-0.032956547,0.437149483,101.8
114.334,2.017520012,-0.065913094,0.437149483,101.8
114.346,2.016673737,-0.065913094,0.430960976,101.9
114.359,2.017520012,-0.065913094,0.437149483,101.8
114.372,2.017520012,-0.065913094,0.437149483,101.8
114.384,2.017520012,-0.032956547,0.460950065,101.8
114.397,2.016673737,-0.032956547,0.460950065,101.8
114.41,2.017520012,-0.032956547,0.437149483,101.8
114.422,2.016673737,-0.032956547,0.437149483,101.8
114.435,2.017520012,-0.032956547,0.437149483,101.8
114.448,2.016673737,-0.032956547,0.437149483,101.8
114.461,2.016673737,-0.065913094,0.437149483,101.8
114.473,2.016673737,-0.065913094,0.437149483,101.8
114.486,2.017520012,-0.032956547,0.437149483,101.8
114.499,2.017520012,-0.032956547,0.437149483,101.8
114.511,2.016673737,-0.065913094,0.430960976,101.9
114.524,2.017520012,-0.065913094,0.437149483,101.8
114.537,2.017520012,-0.065913094,0.430960976,101.9
114.55,2.017520012,-0.032956547,0.437149483,101.8
114.562,2.017520012,-0.032956547,0.430960976,101.9
114.575,2.017520012,-0.032956547,0.437149483,101.8
114.588,2.016673737,-0.032956547,0.437149483,101.8
114.6,2.017520012,-0.032956547,0.437149483,101.8
114.613,2.017520012,-0.065913094,0.437149483,101.8
114.626,2.017520012,-0.032956547,0.437149483,101.8
114.638,2.017520012,-0.032956547,0.437149483,101.8
114.651,2.016673737,-0.032956547,0.437149483,101.8
114.664,2.016673737,-0.065913094,0.437149483,101.8
114.677,2.016673737,-0.065913094,0.437149483,101.8
114.689,2.016673737,-0.065913094,0.437149483,101.8
114.702,2.016673737,-0.032956547,0.437149483,101.8
114.715,2.017520012,-0.032956547,0.437149483,101.8
114.727,2.016673737,-0.065913094,0.430960976,101.9
114.74,2.017520012,-0.032956547,0.437149483,101.8
114.753,2.016673737,-0.032956547,0.454761558,101.9
114.765,2.017520012,-0.032956547,0.437149483,101.8
114.778,2.017520012,-0.065913094,0.537149483,101.7
114.791,2.017520012,-0.065913094,0.537149483,101.7
114.804,2.017520012,-0.032956547,0.537149483,101.7
114.816,2.017520012,-0.032956547,0.437149483,101.8
114.829,2.017520012,-0.032956547,0.454761558,101.9
114.842,2.016673737,-0.065913094,0.560950065,101.7
114.854,2.017520012,-0.032956547,0.430960976,101.9
114.867,2.017520012,-0.032956547,0.437149483,101.8
114.88,2.017520012,-0.032956547,0.537149483,101.7
114.893,2.017520012,-0.032956547,0.437149483,101.8
114.905,2.017520012,-0.032956547,0.537149483,101.7
114.918,2.016673737,-0.065913094,0.537149483,101.7
114.931,2.017520012,-0.065913094,0.537149483,101.7
114.943,2.016673737,-0.065913094,0.537149483,101.7
114.956,2.017520012,-0.065913094,0.537149483,101.7
114.969,2.016673737,-0.065913094,0.537149483,101.7
114.981,2.017520012,-0.065913094,0.537149483,101.7
114.994,2.016673737,-0.065913094,0.537149483,101.7
115.007,2.017520012,-0.065913094,0.537149483,101.7
115.02,2.017520012,-0.065913094,0.537149483,101.7
115.032,2.017520012,-0.065913094,0.537149483,101.7
115.045,2.017520012,-0.065913094,0.537149483,101.7
115.058,2.017520012,-0.065913094,0.560950065,101.7
115.07,2.017520012,-0.065913094,0.537149483,101.7
115.083,2.017520012,-0.065913094,0.537149483,101.7
115.096,2.017520012,-0.065913094,0.537149483,101.7
115.108,2.017520012,-0.032956547,0.537149483,101.7
115.121,2.017943149,-0.032956547,0.437149483,101.8
115.134,2.016673737,-0.032956547,0.537149483,101.7
115.147,2.017520012,-0.065913094,0.537149483,101.7
115.159,2.017520012,-0.065913094,0.537149483,101.7
115.172,2.017520012,-0.065913094,0.537149483,101.7
115.185,2.017520012,-0.065913094,0.537149483,101.7
115.197,2.017520012,-0.065913094,0.537149483,101.7
115.21,2.016673737,-0.065913094,0.537149483,101.7
115.223,2.017520012,-0.065913094,0.437149483,101.8
115.236,2.016673737,-0.032956547,0.537149483,101.7
115.248,2.017520012,-0.032956547,0.537149483,101.7
115.261,2.016673737,-0.032956547,0.537149483,101.7
115.274,2.017520012,-0.032956547,0.537149483,101.7
115.286,2.017520012,-0.065913094,0.537149483,101.7
115.299,2.017520012,-0.065913094,0.537149483,101.7
115.312,2.017520012,-0.065913094,0.537149483,101.7
115.324,2.016673737,-0.032956547,0.537149483,101.7
115.337,2.017520012,-0.065913094,0.537149483,101.7
115.35,2.017520012,-0.065913094,0.537149483,101.7
115.363,2.017520012,-0.032956547,0.437149483,101.8
115.375,2.016673737,-0.032956547,0.460950065,101.8
115.388,2.017520012,-0.032956547,0.560950065,101.7
115.401,2.016673737,-0.032956547,0.560950065,101.7
115.413,2.017520012,-0.032956547,0.537149483,101.7
115.426,2.016673737,-0.032956547,0.537149483,101.7
115.439,2.017520012,-0.065913094,0.537149483,101.7
115.451,2.017520012,-0.065913094,0.537149483,101.7
115.464,2.017520012,-0.065913094,0.537149483,101.7
115.477,2.016673737,-0.065913094,0.560950065,101.7
115.49,2.017520012,-0.032956547,0.560950065,101.7
115.502,2.017520012,-0.065913094,0.537149483,101.7
115.515,2.017520012,-0.065913094,0.537149483,101.7
115.528,2.017520012,-0.065913094,0.537149483,101.7
115.54,2.017520012,-0.032956547,0.537149483,101.7
115.553,2.017520012,-0.032956547,0.537149483,101.7
115.566,2.017520012,-0.065913094,0.537149483,101.7
115.579,2.017943149,-0.065913094,0.560950065,101.7
115.591,2.017520012,-0.065913094,0.560950065,101.7
115.604,2.017943149,-0.065913094,0.537149483,101.7
115.617,2.017520012,-0.065913094,0.537149483,101.7
115.629,2.017520012,-0.065913094,0.560950065,101.7
115.642,2.017520012,-0.065913094,0.560950065,101.7
115.655,2.016673737,-0.032956547,0.537149483,101.7
115.667,2.016673737,-0.032956547,0.537149483,101.7
115.68,2.016673737,-0.065913094,0.537149483,101.7
115.693,2.016673737,-0.065913094,0.560950065,101.7
115.706,2.016673737,-0.065913094,0.537149483,101.7
115.718,2.016673737,-0.065913094,0.537149483,101.7
115.731,2.016673737,-0.065913094,0.530960976,101.8
115.744,2.017520012,-0.065913094,0.537149483,101.7
115.756,2.016673737,-0.065913094,0.530960976,101.8
115.769,2.017520012,-0.065913094,0.537149483,101.7
115.782,2.017520012,-0.065913094,0.530960976,101.8
115.794,2.017520012,-0.065913094,0.537149483,101.7
115.807,2.017520012,-0.065913094,0.554761558,101.8
115.82,2.017520012,-0.065913094,0.537149483,101.7
115.833,2.017520012,-0.065913094,0.537149483,101.7
115.845,2.017520012,-0.065913094,0.537149483,101.7
115.858,2.017520012,-0.065913094,0.537149483,101.7
115.871,2.017520012,-0.032956547,0.537149483,101.7
115.883,2.017520012,-0.032956547,0.560950065,101.7
115.896,2.017520012,-0.065913094,0.537149483,101.7
115.909,2.017520012,-0.032956547,0.537149483,101.7
115.922,2.016673737,-0.065913094,0.530960976,101.8
115.934,2.016673737,-0.065913094,0.537149483,101.7
115.947,2.016673737,-0.065913094,0.530960976,101.8
115.96,2.016673737,-0.065913094,0.537149483,101.7
115.972,2.016673737,-0.032956547,0.537149483,101.7
115.985,2.017520012,-0.065913094,0.537149483,101.7
115.998,2.016673737,-0.065913094,0.537149483,101.7
116.01,2.017520012,-0.065913094,0.560950065,101.7
116.023,2.016673737,-0.065913094,0.537149483,101.7
116.036,2.017520012,-0.065913094,0.537149483,101.7
116.049,2.017520012,-0.032956547,0.537149483,101.7
116.061,2.016673737,-0.065913094,0.560950065,101.7
116.074,2.016673737,-0.065913094,0.560950065,101.7
116.087,2.016673737,-0.065913094,0.560950065,101.7
116.099,2.017520012,-0.032956547,0.560950065,101.7
116.112,2.017520012,-0.032956547,0.560950065,101.7
116.125,2.017520012,-0.032956547,0.560950065,101.7
116.137,2.016673737,-0.032956547,0.560950065,101.7
116.15,2.017520012,-0.032956547,0.537149483,101.7
116.163,2.016673737,-0.065913094,0.537149483,101.7
116.176,2.017520012,-0.032956547,0.537149483,101.7
116.188,2.017520012,-0.032956547,0.537149483,101.7
116.201,2.017520012,-0.032956547,0.537149483,101.7
116.214,2.017520012,-0.065913094,0.537149483,101.7
116.226,2.017520012,-0.065913094,0.537149483,101.7
116.239,2.017520012,-0.065913094,0.537149483,101.7
116.252,2.017520012,-0.065913094,0.537149483,101.7
116.265,2.017520012,-0.065913094,0.537149483,101.7
116.277,2.017520012,-0.065913094,0.537149483,101.7
116.29,2.017520012,-0.065913094,0.537149483,101.7
116.303,2.016673737,-0.032956547,0.560950065,101.7
116.315,2.017520012,-0.032956547,0.560950065,101.7
116.328,2.016673737,-0.032956547,0.537149483,101.7
116.341,2.017520012,-0.032956547,0.537149483,101.7
116.353,2.016673737,-0.032956547,0.537149483,101.7
