Project: Evolutionary Intensity Measures for More Accurate and Informative Liquefaction Hazard Evaluation,,,,
Exp9: 33 to 55% Relative Density Cyclic Simple Shear Tests under Transient Loadings,,,,
Operator: Wing Shun Kwan,,,,
Date: 2013-07-06,,,,
,,,,
Time [sec],Shear Strain [%],Shear Stress [kPa],Effective Vertical Stress [kPa],Excess Pore Pressure [kPa]
0.001,0.001287725,-2.421695913,102.9659895,-0.2
0.013,0.000429242,-2.421695913,102.959801,-0.1
0.026,0.000429242,-2.45465246,102.9659895,-0.2
0.038,0.000429242,-2.553522102,102.9360005,-0.1
0.051,0.000429242,-2.653612356,103.0360005,-0.2
0.064,0.000429242,-2.786659158,103.0002996,-0.2
0.076,0.000429242,-2.819615705,103.0002996,-0.2
0.089,0.000429242,-2.819615705,103.0941111,-0.2
0.102,0.000429242,-2.786659158,103.0941111,-0.2
0.115,0.000429242,-2.71952545,102.9941111,-0.1
0.127,0.000429242,-2.653612356,103.0002996,-0.2
0.14,0.000429242,-2.620655809,103.0002996,-0.2
0.153,0.000429242,-2.587699262,102.9002996,-0.1
0.165,0.000429242,-2.587699262,102.9002996,-0.1
0.178,0.000429242,-2.587699262,103.0002996,-0.2
0.191,0.000429242,-2.553522102,103.0360005,-0.2
0.203,0.000429242,-2.520565554,102.9360005,-0.1
0.216,0.000429242,-2.520565554,103.0360005,-0.2
0.229,0.000429242,-2.520565554,102.9360005,-0.1
0.242,0.000429242,-2.520565554,102.9360005,-0.1
0.254,0.000429242,-2.520565554,102.9360005,-0.1
0.267,0.000429242,-2.520565554,102.9360005,-0.1
0.28,0.000429242,-2.520565554,102.9360005,-0.1
0.292,0.000429242,-2.520565554,102.9360005,-0.1
0.305,0.000429242,-2.520565554,102.9360005,-0.1
0.318,0.000429242,-2.520565554,102.9360005,-0.1
0.33,0.000429242,-2.487609007,102.942189,-0.2
0.343,0.000429242,-2.520565554,102.9360005,-0.1
0.356,0.000429242,-2.520565554,103.0360005,-0.2
0.369,0.000429242,-2.520565554,102.9941111,-0.1
0.381,0.000429242,-2.520565554,103.0360005,-0.2
0.394,0.000429242,-2.520565554,103.0298119,-0.1
0.407,0.000429242,-2.520565554,103.0360005,-0.2
0.419,0.000429242,-2.520565554,103.0298119,-0.1
0.432,0.000429242,-2.520565554,103.0360005,-0.2
0.445,0.000429242,-2.520565554,103.0298119,-0.1
0.458,0.000429242,-2.520565554,103.0360005,-0.2
0.47,0.000429242,-2.520565554,103.0002996,-0.2
0.483,0.000429242,-2.553522102,103.0360005,-0.2
0.496,0.000429242,-2.553522102,103.0002996,-0.2
0.508,0.001287725,-2.553522102,102.9002996,-0.1
0.521,0.001287725,-2.553522102,102.9064881,-0.2
0.534,0.000429242,-2.553522102,102.9360005,-0.1
0.546,0.000429242,-2.553522102,102.942189,-0.2
0.559,0.000429242,-2.553522102,102.9298119,0
0.572,0.000429242,-2.587699262,102.942189,-0.2
0.585,0.000429242,-2.553522102,102.9360005,-0.1
0.597,0.000429242,-2.587699262,102.942189,-0.2
0.61,0.000429242,-2.587699262,102.9298119,0
0.623,0.000429242,-2.587699262,103.042189,-0.3
0.635,0.000429242,-2.587699262,103.0298119,-0.1
0.648,0.000429242,-2.587699262,102.942189,-0.2
0.661,0.000429242,-2.587699262,102.9360005,-0.1
0.673,0.000429242,-2.587699262,102.942189,-0.2
0.686,0.000429242,-2.587699262,102.9360005,-0.1
0.699,0.000429242,-2.587699262,102.9360005,-0.1
0.712,0.000429242,-2.587699262,102.942189,-0.2
0.724,0.000429242,-2.587699262,102.9360005,-0.1
0.737,0.000429242,-2.587699262,102.9064881,-0.2
0.75,0.000429242,-2.587699262,102.9360005,-0.1
0.762,0.000429242,-2.587699262,102.942189,-0.2
0.775,0.000429242,-2.587699262,103.0298119,-0.1
0.788,0.000429242,-2.587699262,103.0360005,-0.2
0.801,0.000429242,-2.587699262,103.0298119,-0.1
0.813,0.000429242,-2.587699262,102.942189,-0.2
0.826,0.000429242,-2.620655809,103.0298119,-0.1
0.839,0.000429242,-2.620655809,103.042189,-0.3
0.851,0.000429242,-2.620655809,103.0360005,-0.2
0.864,0.000429242,-2.587699262,103.042189,-0.3
0.877,0.000429242,-2.587699262,103.0360005,-0.2
0.889,0.000429242,-2.587699262,102.942189,-0.2
0.902,0.000429242,-2.587699262,102.9360005,-0.1
0.915,0.000429242,-2.587699262,102.942189,-0.2
0.928,0.000429242,-2.587699262,102.9360005,-0.1
0.94,0.000429242,-2.587699262,102.942189,-0.2
0.953,0.000429242,-2.587699262,102.9360005,-0.1
0.966,0.000429242,-2.587699262,102.942189,-0.2
0.978,0.000429242,-2.587699262,102.942189,-0.2
0.991,0.000429242,-2.587699262,102.942189,-0.2
1.004,0.000429242,-2.587699262,102.9360005,-0.1
1.016,0.000429242,-2.587699262,102.9360005,-0.1
1.029,0.000429242,-2.587699262,102.942189,-0.2
1.042,0.000429242,-2.587699262,102.9360005,-0.1
1.055,0.000429242,-2.587699262,103.0360005,-0.2
1.067,0.000429242,-2.553522102,103.0298119,-0.1
1.08,0.000429242,-2.553522102,103.0298119,-0.1
1.093,0.000429242,-2.553522102,103.0360005,-0.2
1.105,0.000429242,-2.553522102,103.0298119,-0.1
1.118,0.000429242,-2.553522102,103.0298119,-0.1
1.131,0.000429242,-2.553522102,103.0360005,-0.2
1.144,0.000429242,-2.553522102,102.9360005,-0.1
1.156,0.000429242,-2.553522102,102.9360005,-0.1
1.169,0.000429242,-2.553522102,102.9360005,-0.1
1.182,0.000429242,-2.553522102,102.9360005,-0.1
1.194,0.000429242,-2.553522102,102.942189,-0.2
1.207,0.000429242,-2.553522102,102.842189,-0.1
1.22,0.000429242,-2.553522102,102.842189,-0.1
1.232,0.000429242,-2.520565554,102.942189,-0.2
1.245,0.000429242,-2.553522102,102.942189,-0.2
1.258,0.000429242,-2.520565554,102.942189,-0.2
1.271,0.000429242,-2.553522102,102.9002996,-0.1
1.283,0.000429242,-2.553522102,102.942189,-0.2
1.296,0.000429242,-2.520565554,102.9360005,-0.1
1.309,0.000429242,-2.520565554,103.0360005,-0.2
1.321,0.000429242,-2.520565554,103.0236234,0
1.334,0.001287725,-2.520565554,103.1360005,-0.3
1.347,0.001287725,-2.520565554,103.0298119,-0.1
1.359,0.000429242,-2.520565554,102.942189,-0.2
1.372,0.000429242,-2.520565554,103.0298119,-0.1
1.385,0,-2.520565554,103.0360005,-0.2
1.398,0.000429242,-2.520565554,102.9298119,0
1.41,0.000429242,-2.520565554,102.9360005,-0.1
1.423,0.000429242,-2.520565554,102.9360005,-0.1
1.436,0.000429242,-2.520565554,102.9360005,-0.1
1.448,0.000429242,-2.520565554,102.9360005,-0.1
1.461,0.000429242,-2.553522102,102.9360005,-0.1
1.474,0.000429242,-2.520565554,102.942189,-0.2
1.487,0.000429242,-2.520565554,102.9360005,-0.1
1.499,0.000429242,-2.520565554,102.942189,-0.2
1.512,0.000429242,-2.520565554,102.9298119,0
1.525,0.000429242,-2.553522102,103.042189,-0.3
1.537,0.000429242,-2.553522102,102.9298119,0
1.55,0.000429242,-2.553522102,102.942189,-0.2
1.563,0.000429242,-2.553522102,102.9298119,0
1.575,0.000429242,-2.553522102,102.942189,-0.2
1.588,0.000429242,-2.553522102,102.9298119,0
1.601,0.000429242,-2.553522102,103.0360005,-0.2
1.614,0.000429242,-2.553522102,103.0298119,-0.1
1.626,0.000429242,-2.553522102,103.0360005,-0.2
1.639,0.000429242,-2.553522102,103.0360005,-0.2
1.652,0.000429242,-2.553522102,102.9360005,-0.1
1.664,0.000429242,-2.553522102,103.0360005,-0.2
1.677,0.000429242,-2.553522102,103.0360005,-0.2
1.69,0.000429242,-2.553522102,102.9002996,-0.1
1.702,0.000429242,-2.553522102,103.0002996,-0.2
1.715,0.000429242,-2.553522102,103.0360005,-0.2
1.728,0.000429242,-2.587699262,102.9360005,-0.1
1.741,0.000429242,-2.587699262,102.942189,-0.2
1.753,0.000429242,-2.587699262,102.9360005,-0.1
1.766,0.000429242,-2.587699262,102.942189,-0.2
1.779,0.000429242,-2.587699262,102.9360005,-0.1
1.791,0.000429242,-2.587699262,102.942189,-0.2
1.804,0.000429242,-2.587699262,102.9360005,-0.1
1.817,0.000429242,-2.587699262,102.942189,-0.2
1.83,0.000429242,-2.587699262,102.9360005,-0.1
1.842,0.000429242,-2.587699262,102.9064881,-0.2
1.855,0.000429242,-2.587699262,102.9360005,-0.1
1.868,0.000429242,-2.587699262,102.942189,-0.2
1.88,0.000429242,-2.587699262,102.9360005,-0.1
1.893,0.000429242,-2.587699262,103.0360005,-0.2
1.906,0.000429242,-2.587699262,103.0298119,-0.1
1.918,0.000429242,-2.587699262,103.0360005,-0.2
1.931,0.000429242,-2.587699262,103.0360005,-0.2
1.944,0.000429242,-2.587699262,103.0360005,-0.2
1.957,0.000429242,-2.587699262,102.9360005,-0.1
1.969,0.000429242,-2.587699262,102.9360005,-0.1
1.982,0.000429242,-2.587699262,103.0360005,-0.2
1.995,0.000429242,-2.587699262,102.9360005,-0.1
2.007,0.000429242,-2.587699262,102.9360005,-0.1
2.02,0.000429242,-2.587699262,102.9360005,-0.1
2.033,0.000429242,-2.553522102,102.9360005,-0.1
2.045,0,-2.587699262,102.9360005,-0.1
2.058,0.000429242,-2.587699262,102.9360005,-0.1
2.071,0,-2.553522102,102.9360005,-0.1
2.084,0.000429242,-2.553522102,102.9360005,-0.1
2.096,0.000429242,-2.553522102,102.942189,-0.2
2.109,0.000429242,-2.553522102,102.9360005,-0.1
2.122,0.000429242,-2.553522102,102.942189,-0.2
2.134,0.000429242,-2.553522102,102.9360005,-0.1
2.147,0.000429242,-2.553522102,102.942189,-0.2
2.16,0.000429242,-2.553522102,102.9360005,-0.1
2.173,0.000429242,-2.553522102,103.0360005,-0.2
2.185,0.000429242,-2.553522102,103.0298119,-0.1
2.198,0.000429242,-2.553522102,103.0298119,-0.1
2.211,0.000429242,-2.553522102,103.0360005,-0.2
2.223,0.000429242,-2.553522102,103.1298119,-0.2
2.236,0.000429242,-2.553522102,103.1298119,-0.2
2.249,0.000429242,-2.553522102,103.0298119,-0.1
2.261,0.000429242,-2.553522102,103.0360005,-0.2
2.274,0.001287725,-2.553522102,103.0298119,-0.1
2.287,0.000429242,-2.520565554,103.0360005,-0.2
2.3,0.001287725,-2.520565554,102.9298119,0
2.312,0.000429242,-2.520565554,102.942189,-0.2
2.325,0.000429242,-2.520565554,102.9360005,-0.1
2.338,0.000429242,-2.520565554,102.942189,-0.2
2.35,0.000429242,-2.520565554,102.9298119,0
2.363,0.000429242,-2.520565554,102.842189,-0.1
2.376,0.000429242,-2.520565554,102.8360005,0
2.388,0.000429242,-2.520565554,102.942189,-0.2
2.401,0.000429242,-2.520565554,102.9360005,-0.1
2.414,0.000429242,-2.520565554,102.9360005,-0.1
2.427,0.000429242,-2.520565554,102.9360005,-0.1
2.439,0.000429242,-2.520565554,102.9360005,-0.1
2.452,0.000429242,-2.520565554,102.9360005,-0.1
2.465,0.001287725,-2.520565554,102.9360005,-0.1
2.477,0.000429242,-2.520565554,102.942189,-0.2
2.49,0.000429242,-2.520565554,102.9360005,-0.1
2.503,0.000429242,-2.553522102,102.942189,-0.2
2.516,0.001287725,-2.553522102,102.9360005,-0.1
2.528,0.000429242,-2.553522102,102.942189,-0.2
2.541,0.000429242,-2.553522102,102.9360005,-0.1
2.554,0.000429242,-2.553522102,102.942189,-0.2
2.566,0.000429242,-2.553522102,102.9360005,-0.1
2.579,0.000429242,-2.553522102,102.942189,-0.2
2.592,0.000429242,-2.553522102,102.9360005,-0.1
2.604,0.000429242,-2.553522102,103.0360005,-0.2
2.617,0.000429242,-2.553522102,103.0298119,-0.1
2.63,0.000429242,-2.553522102,103.0360005,-0.2
2.643,0.000429242,-2.553522102,102.9360005,-0.1
2.655,0.000429242,-2.587699262,102.9360005,-0.1
2.668,0.000429242,-2.587699262,102.942189,-0.2
2.681,0.000429242,-2.587699262,102.9360005,-0.1
2.693,0.000429242,-2.587699262,102.942189,-0.2
2.706,0.000429242,-2.587699262,102.9360005,-0.1
2.719,0.000429242,-2.587699262,102.942189,-0.2
2.731,0.000429242,-2.587699262,102.9360005,-0.1
2.744,0.000429242,-2.587699262,102.942189,-0.2
2.757,0.000429242,-2.587699262,102.9360005,-0.1
2.77,0.000429242,-2.587699262,102.9360005,-0.1
2.782,0.000429242,-2.587699262,102.9360005,-0.1
2.795,0.000429242,-2.587699262,102.942189,-0.2
2.808,0.000429242,-2.587699262,102.9360005,-0.1
2.82,0.000429242,-2.587699262,102.9360005,-0.1
2.833,0.001287725,-2.587699262,102.9360005,-0.1
2.846,0.000429242,-2.587699262,102.9360005,-0.1
2.859,0.000429242,-2.587699262,102.9360005,-0.1
2.871,0.000429242,-2.587699262,102.9360005,-0.1
2.884,0.000429242,-2.587699262,102.9360005,-0.1
2.897,0.000429242,-2.587699262,102.9360005,-0.1
2.909,0.000429242,-2.587699262,102.942189,-0.2
2.922,0.000429242,-2.587699262,102.9360005,-0.1
2.935,0.000429242,-2.587699262,103.0360005,-0.2
2.947,0.000429242,-2.587699262,103.0298119,-0.1
2.96,0.001287725,-2.587699262,102.9360005,-0.1
2.973,0.000429242,-2.587699262,102.9360005,-0.1
2.986,0.001287725,-2.587699262,102.9360005,-0.1
2.998,0.000429242,-2.587699262,102.9360005,-0.1
3.011,0.001287725,-2.587699262,102.9360005,-0.1
3.024,0.000429242,-2.553522102,102.9360005,-0.1
3.036,0.000429242,-2.587699262,102.9360005,-0.1
3.049,0.000429242,-2.553522102,102.9360005,-0.1
3.062,0.000429242,-2.553522102,102.9360005,-0.1
3.074,0.000429242,-2.553522102,102.942189,-0.2
3.087,0.000429242,-2.553522102,102.9360005,-0.1
3.1,0.000429242,-2.553522102,102.942189,-0.2
3.113,0.000429242,-2.553522102,102.9360005,-0.1
3.125,0.000429242,-2.520565554,102.9360005,-0.1
3.138,0.000429242,-2.520565554,102.9360005,-0.1
3.151,0.000429242,-2.520565554,102.942189,-0.2
3.163,0.000429242,-2.520565554,102.9659895,-0.2
3.176,0.000429242,-2.520565554,102.942189,-0.2
3.189,0.000429242,-2.520565554,102.942189,-0.2
3.201,0.000429242,-2.520565554,102.942189,-0.2
3.214,0.000429242,-2.520565554,102.942189,-0.2
3.227,0.000429242,-2.520565554,102.9360005,-0.1
3.24,0.000429242,-2.520565554,103.0360005,-0.2
3.252,0.001287725,-2.520565554,103.0298119,-0.1
3.265,0.000429242,-2.520565554,103.0360005,-0.2
3.278,0.000429242,-2.520565554,103.0298119,-0.1
3.29,0.000429242,-2.520565554,103.0360005,-0.2
3.303,0.001287725,-2.520565554,103.0536125,-0.1
3.316,0.000429242,-2.553522102,103.0360005,-0.2
3.329,0.000429242,-2.520565554,103.0536125,-0.1
3.341,0.000429242,-2.553522102,103.059801,-0.2
3.354,0.000429242,-2.520565554,103.0360005,-0.2
3.367,0.000429242,-2.520565554,102.9360005,-0.1
3.379,0.000429242,-2.553522102,102.9360005,-0.1
3.392,0.000429242,-2.553522102,102.9360005,-0.1
3.405,0.000429242,-2.553522102,102.942189,-0.2
3.417,0.000429242,-2.553522102,102.9360005,-0.1
3.43,0.000429242,-2.587699262,102.942189,-0.2
3.443,0.000429242,-2.587699262,102.9360005,-0.1
3.456,0.000429242,-2.587699262,102.942189,-0.2
3.468,0.001287725,-2.587699262,102.9360005,-0.1
3.481,0.000429242,-2.587699262,102.942189,-0.2
3.494,0.000429242,-2.587699262,102.9360005,-0.1
3.506,0.000429242,-2.587699262,102.942189,-0.2
3.519,0.000429242,-2.587699262,102.8360005,0
3.532,0.000429242,-2.620655809,102.942189,-0.2
3.545,0.000429242,-2.620655809,102.9360005,-0.1
3.557,0.000429242,-2.620655809,102.9360005,-0.1
3.57,0.000429242,-2.620655809,103.0360005,-0.2
3.583,0.000429242,-2.620655809,103.0298119,-0.1
3.595,0.001287725,-2.620655809,103.0360005,-0.2
3.608,0.000429242,-2.620655809,103.0298119,-0.1
3.621,0.000429242,-2.620655809,103.0360005,-0.2
3.633,0.000429242,-2.620655809,103.0298119,-0.1
3.646,0.000429242,-2.653612356,103.0360005,-0.2
3.659,0.000429242,-2.653612356,103.0298119,-0.1
3.672,0.000429242,-2.653612356,103.042189,-0.3
3.684,0.000429242,-2.653612356,102.9298119,0
3.697,0.000429242,-2.653612356,102.942189,-0.2
3.71,0.000429242,-2.653612356,103.0298119,-0.1
3.722,0.000429242,-2.653612356,102.942189,-0.2
3.735,0.000429242,-2.653612356,102.9360005,-0.1
3.748,0.000429242,-2.653612356,102.942189,-0.2
3.76,0.000429242,-2.653612356,102.9360005,-0.1
3.773,0.000429242,-2.653612356,102.9360005,-0.1
3.786,0.000429242,-2.653612356,102.9360005,-0.1
3.799,0.000429242,-2.653612356,102.9360005,-0.1
3.811,0.001287725,-2.653612356,102.9360005,-0.1
3.824,0.000429242,-2.620655809,102.9360005,-0.1
3.837,0.000429242,-2.620655809,103.0360005,-0.2
3.849,0.000429242,-2.620655809,103.0298119,-0.1
3.862,0.000429242,-2.620655809,103.0360005,-0.2
3.875,0.000429242,-2.587699262,102.9360005,-0.1
3.887,0.000429242,-2.587699262,102.9360005,-0.1
3.9,0.000429242,-2.587699262,103.0360005,-0.2
3.913,0.000429242,-2.587699262,103.0360005,-0.2
3.926,0.000429242,-2.587699262,103.0298119,-0.1
3.938,0.000429242,-2.587699262,102.9360005,-0.1
3.951,0.000429242,-2.587699262,103.0360005,-0.2
3.964,0.000429242,-2.587699262,103.0360005,-0.2
3.976,0.000429242,-2.587699262,103.0298119,-0.1
3.989,0.001287725,-2.587699262,102.9360005,-0.1
4.002,0.000429242,-2.587699262,102.9360005,-0.1
4.015,0.000429242,-2.553522102,103.0360005,-0.2
4.027,0.000429242,-2.553522102,102.9360005,-0.1
4.04,0.000429242,-2.553522102,102.9360005,-0.1
4.053,0.000429242,-2.553522102,102.842189,-0.1
4.065,0.000429242,-2.553522102,102.842189,-0.1
4.078,0.000429242,-2.553522102,102.842189,-0.1
4.091,0.000429242,-2.520565554,102.8360005,0
4.103,0.000429242,-2.520565554,102.8360005,0
4.116,0.000429242,-2.520565554,102.8360005,0
4.129,0.000429242,-2.520565554,102.9360005,-0.1
4.142,0.000429242,-2.487609007,102.942189,-0.2
4.154,0.000429242,-2.487609007,102.942189,-0.2
4.167,0.000429242,-2.487609007,102.842189,-0.1
4.18,0.000429242,-2.45465246,103.0298119,-0.1
4.192,0.000429242,-2.45465246,103.0298119,-0.1
4.205,0.000429242,-2.45465246,103.047424,0
4.218,0.000429242,-2.45465246,102.9659895,-0.2
4.23,0.000429242,-2.45465246,102.959801,-0.1
4.243,0.000429242,-2.45465246,102.9659895,-0.2
4.256,0.000429242,-2.45465246,102.959801,-0.1
4.269,0.000429242,-2.45465246,102.942189,-0.2
4.281,0.000429242,-2.45465246,102.959801,-0.1
4.294,0.000429242,-2.45465246,102.9360005,-0.1
4.307,0.000429242,-2.45465246,102.959801,-0.1
4.319,0.000429242,-2.45465246,102.9360005,-0.1
4.332,0.000429242,-2.487609007,102.9659895,-0.2
4.345,0.000429242,-2.487609007,102.842189,-0.1
4.358,0.000429242,-2.487609007,102.842189,-0.1
4.37,0.000429242,-2.487609007,102.8360005,0
4.383,0.000429242,-2.520565554,102.842189,-0.1
4.396,0.000429242,-2.520565554,102.8360005,0
4.408,0.000429242,-2.520565554,102.842189,-0.1
4.421,0.000429242,-2.520565554,102.8360005,0
4.434,0.000429242,-2.520565554,102.8483775,-0.2
4.446,0.000429242,-2.553522102,102.859801,0
4.459,0.000429242,-2.553522102,103.059801,-0.2
4.472,0.000429242,-2.553522102,103.0236234,0
4.485,0.000429242,-2.553522102,103.0360005,-0.2
4.497,0.000429242,-2.553522102,102.9360005,-0.1
4.51,0.000429242,-2.587699262,102.942189,-0.2
4.523,0.001287725,-2.587699262,102.9360005,-0.1
4.535,0.000429242,-2.620655809,102.9360005,-0.1
4.548,0.000429242,-2.653612356,102.942189,-0.2
4.561,0.000429242,-2.653612356,102.9360005,-0.1
4.573,0.001287725,-2.653612356,102.942189,-0.2
4.586,0.001287725,-2.653612356,102.9298119,0
4.599,0.001287725,-2.653612356,102.942189,-0.2
4.612,0.000429242,-2.653612356,102.9360005,-0.1
4.624,0.000429242,-2.686568903,102.942189,-0.2
4.637,0.000429242,-2.686568903,102.9360005,-0.1
4.65,0.000429242,-2.686568903,102.942189,-0.2
4.662,0.000429242,-2.686568903,102.9298119,0
4.675,0.000429242,-2.686568903,102.942189,-0.2
4.688,0.000429242,-2.686568903,102.9298119,0
4.701,0.000429242,-2.686568903,102.942189,-0.2
4.713,0.000429242,-2.686568903,102.9360005,-0.1
4.726,0.001287725,-2.686568903,102.942189,-0.2
4.739,0.001287725,-2.686568903,102.9360005,-0.1
4.751,0.000429242,-2.686568903,102.9360005,-0.1
4.764,0.000429242,-2.686568903,103.0298119,-0.1
4.777,0.000429242,-2.686568903,103.0298119,-0.1
4.789,0.000429242,-2.686568903,103.0360005,-0.2
4.802,0.000429242,-2.653612356,102.9360005,-0.1
4.815,0.000429242,-2.653612356,103.0360005,-0.2
4.828,0.000429242,-2.653612356,103.0360005,-0.2
4.84,0.000429242,-2.653612356,102.9360005,-0.1
4.853,0.000429242,-2.653612356,102.9360005,-0.1
4.866,0.000429242,-2.620655809,102.9360005,-0.1
4.878,0.000429242,-2.620655809,102.9360005,-0.1
4.891,0.000429242,-2.620655809,102.9360005,-0.1
4.904,0.000429242,-2.620655809,102.9360005,-0.1
4.916,0.000429242,-2.620655809,102.942189,-0.2
4.929,0.000429242,-2.620655809,102.9360005,-0.1
4.942,0.000429242,-2.587699262,102.942189,-0.2
4.955,0.000429242,-2.587699262,102.9360005,-0.1
4.967,0.000429242,-2.587699262,102.942189,-0.2
4.98,0.000429242,-2.553522102,102.9360005,-0.1
4.993,0.000429242,-2.553522102,102.942189,-0.2
5.005,0.000429242,-2.553522102,102.9360005,-0.1
5.018,0.000429242,-2.553522102,102.9360005,-0.1
5.031,0.000429242,-2.520565554,102.9360005,-0.1
5.044,0.000429242,-2.520565554,102.942189,-0.2
5.056,0.000429242,-2.520565554,102.959801,-0.1
5.069,0.000429242,-2.520565554,102.9360005,-0.1
5.082,0.000429242,-2.520565554,102.959801,-0.1
5.094,0.000429242,-2.520565554,102.959801,-0.1
5.107,0.000429242,-2.520565554,102.9536125,0
5.12,0.000429242,-2.520565554,102.9360005,-0.1
5.132,0.000429242,-2.520565554,102.9298119,0
5.145,0.000429242,-2.520565554,103.0360005,-0.2
5.158,0.000429242,-2.520565554,103.0298119,-0.1
5.171,0.000429242,-2.520565554,103.0360005,-0.2
5.183,0.000429242,-2.520565554,102.9298119,0
5.196,0.000429242,-2.520565554,102.942189,-0.2
5.209,0.000429242,-2.520565554,102.959801,-0.1
5.221,0.000429242,-2.520565554,102.9659895,-0.2
5.234,0.000429242,-2.520565554,102.9360005,-0.1
5.247,0.000429242,-2.520565554,102.9360005,-0.1
5.259,0.000429242,-2.520565554,102.9360005,-0.1
5.272,0.000429242,-2.520565554,102.9360005,-0.1
5.285,0.001287725,-2.520565554,102.9360005,-0.1
5.298,0.000429242,-2.553522102,102.9360005,-0.1
5.31,0.000429242,-2.553522102,102.942189,-0.2
5.323,0.000429242,-2.553522102,102.8360005,0
5.336,0.000429242,-2.553522102,102.842189,-0.1
5.348,0.000429242,-2.553522102,102.9360005,-0.1
5.361,0.000429242,-2.553522102,102.942189,-0.2
5.374,0.000429242,-2.553522102,102.9298119,0
5.387,0.000429242,-2.553522102,102.942189,-0.2
5.399,0.000429242,-2.553522102,103.0236234,0
5.412,0.000429242,-2.587699262,103.0360005,-0.2
5.425,0.000429242,-2.587699262,103.0236234,0
5.437,0.000429242,-2.587699262,102.9360005,-0.1
5.45,0.000429242,-2.587699262,102.9298119,0
5.463,0.000429242,-2.587699262,102.9360005,-0.1
5.475,0.000429242,-2.587699262,102.9360005,-0.1
5.488,0.000429242,-2.620655809,102.9360005,-0.1
5.501,0.000429242,-2.620655809,102.9360005,-0.1
5.514,0.000429242,-2.620655809,102.9360005,-0.1
5.526,0.000429242,-2.620655809,102.9360005,-0.1
5.539,0.000429242,-2.620655809,102.9360005,-0.1
5.552,0.000429242,-2.620655809,102.942189,-0.2
5.564,0.000429242,-2.653612356,102.9298119,0
5.577,0.000429242,-2.653612356,102.942189,-0.2
5.59,0.000429242,-2.653612356,102.9298119,0
5.602,0.000429242,-2.653612356,102.942189,-0.2
5.615,0.000429242,-2.653612356,102.9360005,-0.1
5.628,0.000429242,-2.620655809,102.942189,-0.2
5.641,0.000429242,-2.620655809,103.0298119,-0.1
5.653,0.000429242,-2.653612356,103.0360005,-0.2
5.666,0.000429242,-2.653612356,102.9360005,-0.1
5.679,0.000429242,-2.620655809,102.942189,-0.2
5.691,0.000429242,-2.620655809,102.9360005,-0.1
5.704,0.000429242,-2.653612356,102.942189,-0.2
5.717,0.000429242,-2.653612356,102.9360005,-0.1
5.73,0.000429242,-2.653612356,102.9360005,-0.1
5.742,0.000429242,-2.653612356,102.959801,-0.1
5.755,0.000429242,-2.653612356,102.9360005,-0.1
5.768,0.000429242,-2.653612356,102.9360005,-0.1
5.78,0.000429242,-2.620655809,102.9360005,-0.1
5.793,0.000429242,-2.620655809,102.942189,-0.2
5.806,0.000429242,-2.620655809,102.9360005,-0.1
5.818,0.000429242,-2.620655809,102.9360005,-0.1
5.831,0.000429242,-2.587699262,102.9360005,-0.1
5.844,0.000429242,-2.553522102,102.959801,-0.1
5.857,0.000429242,-2.553522102,102.959801,-0.1
5.869,0.000429242,-2.553522102,102.9360005,-0.1
5.882,0.000429242,-2.520565554,102.9360005,-0.1
5.895,0.000429242,-2.520565554,103.0360005,-0.2
5.907,0.000429242,-2.520565554,102.959801,-0.1
5.92,0.000429242,-2.520565554,102.959801,-0.1
5.933,0.000429242,-2.520565554,102.959801,-0.1
5.945,0.000429242,-2.520565554,103.0536125,-0.1
5.958,0.000429242,-2.520565554,102.959801,-0.1
5.971,0.000429242,-2.487609007,102.959801,-0.1
5.984,0.000429242,-2.487609007,102.959801,-0.1
5.996,0.000429242,-2.520565554,102.959801,-0.1
6.009,0.000429242,-2.520565554,102.959801,-0.1
6.022,0.000429242,-2.520565554,102.9360005,-0.1
6.034,0.001287725,-2.520565554,102.9360005,-0.1
6.047,0.000429242,-2.520565554,102.9360005,-0.1
6.06,0.000429242,-2.520565554,102.9360005,-0.1
6.073,0.000429242,-2.520565554,102.9659895,-0.2
6.085,0.000429242,-2.520565554,102.959801,-0.1
6.098,0.000429242,-2.520565554,102.9659895,-0.2
6.111,0.000429242,-2.520565554,102.859801,0
6.123,0.000429242,-2.520565554,102.8659895,-0.1
6.136,0.000429242,-2.487609007,102.859801,0
6.149,0.000429242,-2.487609007,102.9659895,-0.2
6.161,0.000429242,-2.487609007,102.9536125,0
6.174,0.000429242,-2.520565554,103.059801,-0.2
6.187,0.000429242,-2.520565554,103.0298119,-0.1
6.2,0.000429242,-2.520565554,102.9360005,-0.1
6.212,0.000429242,-2.520565554,102.9298119,0
6.225,0.000429242,-2.520565554,103.059801,-0.2
6.238,0,-2.553522102,102.9536125,0
6.25,0.000429242,-2.553522102,102.959801,-0.1
6.263,0.000429242,-2.587699262,102.9360005,-0.1
6.276,0.000429242,-2.587699262,102.9360005,-0.1
6.288,0.000429242,-2.620655809,102.9360005,-0.1
6.301,0.000429242,-2.620655809,102.959801,-0.1
6.314,0.000429242,-2.620655809,102.9659895,-0.2
6.327,0.000429242,-2.653612356,102.959801,-0.1
6.339,0.000429242,-2.653612356,102.942189,-0.2
6.352,0.000429242,-2.686568903,102.9360005,-0.1
6.365,0.000429242,-2.686568903,102.942189,-0.2
6.377,0.000429242,-2.686568903,102.9360005,-0.1
6.39,0.000429242,-2.686568903,102.942189,-0.2
6.403,0.001287725,-2.686568903,102.9360005,-0.1
6.416,0.000429242,-2.686568903,102.9360005,-0.1
6.428,0.000429242,-2.686568903,102.9360005,-0.1
6.441,0.000429242,-2.686568903,102.942189,-0.2
6.454,0.000429242,-2.686568903,102.9360005,-0.1
6.466,0.000429242,-2.653612356,102.942189,-0.2
6.479,0.000429242,-2.653612356,102.942189,-0.2
6.492,0.000429242,-2.653612356,102.9360005,-0.1
6.504,0.000429242,-2.653612356,102.9360005,-0.1
6.517,0.000429242,-2.653612356,103.0298119,-0.1
6.53,0.000429242,-2.653612356,103.0360005,-0.2
6.543,0.001287725,-2.653612356,103.0236234,0
6.555,0.000429242,-2.620655809,103.0360005,-0.2
6.568,0.000429242,-2.587699262,103.0298119,-0.1
6.581,0.000429242,-2.587699262,103.0360005,-0.2
6.593,0.000429242,-2.553522102,103.0298119,-0.1
6.606,0.000429242,-2.553522102,102.9360005,-0.1
6.619,0.000429242,-2.553522102,102.9536125,0
6.631,0.000429242,-2.520565554,102.959801,-0.1
6.644,0.000429242,-2.520565554,102.959801,-0.1
6.657,0.000429242,-2.487609007,102.959801,-0.1
6.67,0.000429242,-2.45465246,102.959801,-0.1
6.682,0.000429242,-2.45465246,102.959801,-0.1
6.695,0.000429242,-2.421695913,102.959801,-0.1
6.708,0.000429242,-2.354562206,102.959801,-0.1
6.72,0.000429242,-2.321605658,102.9955019,-0.1
6.733,0.000429242,-2.288649111,102.8955019,0
6.746,0.000429242,-2.255692564,102.9016904,-0.1
6.759,0.000429242,-2.222736017,102.9955019,-0.1
6.771,0.000429242,-2.18977947,103.0016904,-0.2
6.784,0.000429242,-2.122645762,102.9955019,-0.1
6.797,0.000429242,-2.089689215,103.0312028,-0.1
6.809,0.000429242,-2.056732668,103.0312028,-0.1
6.822,0.000429242,-1.989598961,103.0312028,-0.1
6.835,0.000429242,-1.956642413,103.0312028,-0.1
6.847,0.000429242,-1.890729319,103.0312028,-0.1
6.86,0.000429242,-1.857772772,103.0669037,-0.1
6.873,0.000429242,-1.824816225,102.9669037,0
6.886,0.000429242,-1.790639065,102.9669037,0
6.898,0,-1.790639065,102.9907042,0
6.911,0.000429242,-1.757682517,102.9968927,-0.1
6.924,0.000429242,-1.790639065,102.9907042,0
6.936,0.000429242,-1.790639065,102.9669037,0
6.949,0.000429242,-1.824816225,102.9907042,0
6.962,0.000429242,-1.857772772,102.9730922,-0.1
6.974,0,-1.890729319,102.9669037,0
6.987,0.000429242,-1.923685866,102.9730922,-0.1
7,0.000429242,-1.956642413,102.9669037,0
7.013,0.000429242,-1.989598961,102.9669037,0
7.025,0.000429242,-1.989598961,102.9312028,0
7.038,0.000429242,-2.023776121,102.9312028,0
7.051,0.000429242,-2.089689215,103.0312028,-0.1
7.063,0.001287725,-2.155602309,103.0250143,0
7.076,0.000429242,-2.222736017,103.0312028,-0.1
7.089,0.000429242,-2.288649111,103.0893134,-0.1
7.102,0.000429242,-2.354562206,103.0893134,-0.1
7.114,0.000429242,-2.45465246,103.0893134,-0.1
7.127,0.000429242,-2.553522102,102.959801,-0.1
7.14,0.001287725,-2.620655809,103.0536125,-0.1
7.152,0.000429242,-2.71952545,102.9360005,-0.1
7.165,0.000429242,-2.819615705,102.9360005,-0.1
7.178,0.000429242,-2.918485347,102.9064881,-0.2
7.19,0.000429242,-2.985619054,102.9002996,-0.1
7.203,0.000429242,-3.051532148,102.8645987,-0.1
7.216,0.000429242,-3.151622403,102.8645987,-0.1
7.229,0.000429242,-3.217535497,102.8645987,-0.1
7.241,0.000429242,-3.283448591,102.8645987,-0.1
7.254,0.000429242,-3.316405139,102.8407981,-0.1
7.267,0.000429242,-3.383538846,102.8469866,-0.2
7.279,0.001287725,-3.416495393,102.8050973,-0.1
7.292,0.000429242,-3.44945194,102.8112858,-0.2
7.305,0.000429242,-3.482408487,102.8050973,-0.1
7.317,0.000429242,-3.515365035,102.7112858,-0.1
7.33,0.001287725,-3.515365035,102.7050973,0
7.343,0.000429242,-3.482408487,102.8112858,-0.2
7.356,0.000429242,-3.44945194,102.8050973,-0.1
7.368,0.000429242,-3.416495393,102.7112858,-0.1
7.381,0.000429242,-3.383538846,102.7050973,0
7.394,0.000429242,-3.316405139,102.7469866,-0.1
7.406,0.001287725,-3.283448591,102.6469866,0
7.419,0.000429242,-3.217535497,102.7407981,0
7.432,0.001287725,-3.18457895,102.7469866,-0.1
7.445,0.000429242,-3.117445243,102.7407981,0
7.457,0.000429242,-3.051532148,102.8645987,-0.1
7.47,0.000429242,-3.018575601,102.8584102,0
7.483,0.000429242,-2.952662507,102.9002996,-0.1
7.495,0.000429242,-2.885528799,102.8941111,0
7.508,0.000429242,-2.819615705,102.8064881,-0.1
7.521,0.000429242,-2.752481998,102.8298119,0.1
7.533,0.000429242,-2.686568903,102.842189,-0.1
7.546,0.000429242,-2.587699262,102.8360005,0
7.559,0.000429242,-2.520565554,102.8659895,-0.1
7.572,0.000429242,-2.45465246,102.859801,0
7.584,0.000429242,-2.388739366,102.8955019,0
7.597,0.000429242,-2.321605658,102.8955019,0
7.61,0.000429242,-2.255692564,102.8955019,0
7.622,0.000429242,-2.222736017,102.9312028,0
7.635,0.000429242,-2.155602309,102.9312028,0
7.648,0.001287725,-2.122645762,102.8373913,0
7.66,0.000429242,-2.089689215,102.8312028,0.1
7.673,0.000429242,-2.023776121,102.8373913,0
7.686,0.000429242,-1.989598961,102.8669037,0.1
7.699,0.000429242,-1.989598961,102.8730922,0
7.711,0.000429242,-1.989598961,102.8669037,0.1
7.724,0.000429242,-1.989598961,102.8730922,0
7.737,0.000429242,-1.989598961,102.8907042,0.1
7.749,0.000429242,-1.989598961,102.8730922,0
7.762,0.000429242,-1.989598961,102.8669037,0.1
7.775,0.000429242,-2.023776121,102.9669037,0
7.788,0.000429242,-2.023776121,103.0607152,0
7.8,0.000429242,-2.056732668,103.0669037,-0.1
7.813,0.000429242,-2.056732668,102.9607152,0.1
7.826,0.000429242,-2.056732668,102.9669037,0
7.838,0.000429242,-2.056732668,102.9669037,0
7.851,0.000429242,-2.089689215,102.9669037,0
7.864,0.000429242,-2.089689215,102.9669037,0
7.876,0.000429242,-2.122645762,102.9669037,0
7.889,0.000429242,-2.155602309,102.9312028,0
7.902,0.000429242,-2.18977947,102.9312028,0
7.915,0.000429242,-2.222736017,102.9312028,0
7.927,0.000429242,-2.288649111,102.9312028,0
7.94,0.001287725,-2.321605658,102.9312028,0
7.953,0.000429242,-2.354562206,102.8955019,0
7.965,0.001287725,-2.421695913,102.8955019,0
7.978,0.000429242,-2.487609007,102.8955019,0
7.991,0.000429242,-2.553522102,102.859801,0
8.003,0.000429242,-2.587699262,102.859801,0
8.016,0.001287725,-2.653612356,102.859801,0
8.029,0.000429242,-2.71952545,102.8360005,0
8.042,0.000429242,-2.786659158,102.8360005,0
8.054,0.000429242,-2.852572252,102.8360005,0
8.067,0.000429242,-2.918485347,102.8360005,0
8.08,0.000429242,-2.985619054,102.9002996,-0.1
8.092,0.000429242,-3.018575601,102.9002996,-0.1
8.105,0.000429242,-3.051532148,102.9002996,-0.1
8.118,0.000429242,-3.084488695,102.8002996,0
8.131,0.000429242,-3.151622403,102.8645987,-0.1
8.143,0.000429242,-3.151622403,102.8584102,0
8.156,0.000429242,-3.151622403,102.8584102,0
8.169,0.000429242,-3.151622403,102.8645987,-0.1
8.181,0.000429242,-3.151622403,102.8584102,0
8.194,0.000429242,-3.151622403,102.8645987,-0.1
8.207,0.000429242,-3.117445243,102.8645987,-0.1
8.219,0.000429242,-3.117445243,102.9002996,-0.1
8.232,0.001287725,-3.084488695,102.9002996,-0.1
8.245,0.000429242,-3.051532148,102.8064881,-0.1
8.258,0.001287725,-3.051532148,102.8002996,0
8.27,0.001287725,-3.051532148,102.8064881,-0.1
8.283,0.001287725,-3.018575601,102.8002996,0
8.296,0.001287725,-3.018575601,102.7064881,0
8.308,0.001287725,-3.018575601,102.8002996,0
8.321,0.000429242,-3.018575601,102.8064881,-0.1
8.334,0.000429242,-3.018575601,102.8002996,0
8.346,0.000429242,-2.985619054,102.7064881,0
8.359,0.001287725,-2.985619054,102.7064881,0
8.372,0.001287725,-2.952662507,102.7064881,0
8.385,0.000429242,-2.918485347,102.8064881,-0.1
8.397,0.000429242,-2.918485347,102.8002996,0
8.41,0.000429242,-2.852572252,102.842189,-0.1
8.423,0.000429242,-2.819615705,102.8298119,0.1
8.435,0.000429242,-2.786659158,102.9360005,-0.1
8.448,0.001287725,-2.752481998,102.9236234,0.1
8.461,0.001287725,-2.71952545,102.942189,-0.2
8.474,0.000429242,-2.686568903,102.8298119,0.1
8.486,0.000429242,-2.653612356,102.8659895,-0.1
8.499,0.001287725,-2.620655809,102.8536125,0.1
8.512,0.000429242,-2.587699262,102.8659895,-0.1
8.524,0.001287725,-2.553522102,102.8536125,0.1
8.537,0.000429242,-2.520565554,102.8659895,-0.1
8.55,0.000429242,-2.487609007,102.8955019,0
8.562,0.000429242,-2.421695913,102.8955019,0
8.575,0.000429242,-2.388739366,102.8955019,0
8.588,0.000429242,-2.321605658,102.8955019,0
8.601,0.000429242,-2.288649111,102.9373913,-0.1
8.613,0.000429242,-2.222736017,102.9312028,0
8.626,0.000429242,-2.18977947,102.8373913,0
8.639,0.000429242,-2.155602309,102.8669037,0.1
8.651,0.000429242,-2.089689215,102.8730922,0
8.664,0.000429242,-2.056732668,102.8669037,0.1
8.677,0.000429242,-1.989598961,102.8730922,0
8.689,0.000429242,-1.923685866,102.8907042,0.1
8.702,0.000429242,-1.890729319,102.9030813,-0.1
8.715,0.000429242,-1.857772772,102.9264051,0.1
8.728,0.000429242,-1.824816225,103.0264051,0
8.74,0.000429242,-1.824816225,103.1140281,0.1
8.753,0,-1.790639065,103.0264051,0
8.766,0.000429242,-1.824816225,102.9264051,0.1
8.778,0.000429242,-1.857772772,102.9325936,0
8.791,0.000429242,-1.890729319,102.9264051,0.1
8.804,0.000429242,-1.956642413,102.8968927,0
8.817,0.000429242,-1.989598961,102.9907042,0
8.829,0.000429242,-2.056732668,102.9907042,0
8.842,0.000429242,-2.122645762,102.9669037,0
8.855,0.000429242,-2.18977947,102.9669037,0
8.867,0.000429242,-2.255692564,102.9669037,0
8.88,0.000429242,-2.321605658,102.9312028,0
8.893,0.000429242,-2.388739366,102.9312028,0
8.905,0.000429242,-2.487609007,102.8955019,0
8.918,0.001287725,-2.553522102,102.8955019,0
8.931,0.000429242,-2.653612356,102.8955019,0
8.944,0.000429242,-2.71952545,102.859801,0
8.956,0.000429242,-2.786659158,102.859801,0
8.969,0.000429242,-2.885528799,102.842189,-0.1
8.982,0.000429242,-2.952662507,102.8064881,-0.1
8.994,0.001287725,-3.018575601,102.8002996,0
9.007,0.000429242,-3.051532148,102.8064881,-0.1
9.02,0.000429242,-3.084488695,102.8941111,0
9.032,0.000429242,-3.117445243,102.8941111,0
9.045,0.001287725,-3.151622403,102.9002996,-0.1
9.058,0.001287725,-3.18457895,102.8002996,0
9.071,0.000429242,-3.217535497,102.9002996,-0.1
9.083,0.000429242,-3.250492044,102.8002996,0
9.096,0.000429242,-3.283448591,102.8645987,-0.1
9.109,0.001287725,-3.283448591,102.7645987,0
9.121,0.001287725,-3.316405139,102.7645987,0
9.134,0.001287725,-3.350582299,102.7645987,0
9.147,0.000429242,-3.383538846,102.7707872,-0.1
9.16,0.000429242,-3.383538846,102.7645987,0
9.172,0.000429242,-3.416495393,102.7707872,-0.1
9.185,0.000429242,-3.416495393,102.7645987,0
9.198,0.000429242,-3.416495393,102.6707872,0
9.21,0.001287725,-3.416495393,102.6645987,0.1
9.223,0.000429242,-3.416495393,102.7707872,-0.1
9.236,0.000429242,-3.383538846,102.6645987,0.1
9.248,0.000429242,-3.316405139,102.6707872,0
9.261,0.000429242,-3.283448591,102.6645987,0.1
9.274,0.000429242,-3.217535497,102.6707872,0
9.287,0.001287725,-3.151622403,102.7941111,0.1
9.299,0.000429242,-3.084488695,102.9002996,-0.1
9.312,0.001287725,-3.018575601,102.7941111,0.1
9.325,0.001287725,-2.918485347,102.8360005,0
9.337,0.000429242,-2.852572252,102.8298119,0.1
9.35,0.001287725,-2.786659158,102.9298119,0
9.363,0.001287725,-2.71952545,102.859801,0
9.375,0.000429242,-2.653612356,102.859801,0
9.388,0.000429242,-2.587699262,102.9016904,-0.1
9.401,0.001287725,-2.520565554,102.7955019,0.1
9.414,0.001287725,-2.421695913,102.8373913,0
9.426,0.001287725,-2.354562206,102.8312028,0.1
9.439,0.001287725,-2.321605658,102.8730922,0
9.452,0.001287725,-2.255692564,102.8907042,0.1
9.464,0.000429242,-2.18977947,102.8968927,0
9.477,0.000429242,-2.122645762,102.8907042,0.1
9.49,0.000429242,-2.089689215,102.8968927,0
9.503,0.000429242,-2.023776121,102.8907042,0.1
9.515,0.000429242,-1.989598961,102.9325936,0
9.528,0.000429242,-1.956642413,102.8264051,0.2
9.541,0.001287725,-1.890729319,102.8325936,0.1
9.553,0.001287725,-1.857772772,102.8325936,0.1
9.566,0.000429242,-1.790639065,102.8682945,0.1
9.579,0.000429242,-1.757682517,102.8682945,0.1
9.591,0.000429242,-1.72472597,102.962106,0.1
9.604,0.000429242,-1.691769423,102.9859066,0.1
9.617,0.000429242,-1.625856329,103.0735296,0.2
9.63,0.000429242,-1.625856329,103.0859066,0
9.642,0.000429242,-1.591679168,102.9797181,0.2
9.655,0.000429242,-1.558722621,102.9859066,0.1
9.668,0.000429242,-1.558722621,102.9797181,0.2
9.68,0.000429242,-1.591679168,102.9859066,0.1
9.693,0.001287725,-1.625856329,102.9797181,0.2
9.706,0.000429242,-1.658812876,102.9859066,0.1
9.718,0.000429242,-1.691769423,102.9859066,0.1
9.731,0.000429242,-1.72472597,102.9920951,0
9.744,0.000429242,-1.757682517,102.9859066,0.1
9.757,0.000429242,-1.790639065,102.962106,0.1
9.769,0.000429242,-1.857772772,102.962106,0.1
9.782,0.000429242,-1.890729319,102.962106,0.1
9.795,0.001287725,-1.956642413,102.9264051,0.1
9.807,0.000429242,-1.989598961,102.9264051,0.1
9.82,0.000429242,-1.989598961,102.9264051,0.1
9.833,0.000429242,-2.023776121,102.8907042,0.1
9.846,0.000429242,-2.056732668,102.8907042,0.1
9.858,0.000429242,-2.089689215,102.8907042,0.1
9.871,0.001287725,-2.155602309,102.8907042,0.1
9.884,0.000429242,-2.18977947,102.8907042,0.1
9.896,0.001287725,-2.222736017,102.8669037,0.1
9.909,0.000429242,-2.255692564,102.8669037,0.1
9.922,0.000429242,-2.321605658,102.8669037,0.1
9.934,0.000429242,-2.354562206,102.8669037,0.1
9.947,0.001287725,-2.421695913,102.8312028,0.1
9.96,0.000429242,-2.487609007,102.9312028,0
9.973,0.001287725,-2.520565554,102.9312028,0
9.985,0.000429242,-2.553522102,102.8893134,0.1
9.998,0.000429242,-2.587699262,102.8893134,0.1
10.011,0.000429242,-2.620655809,102.8955019,0
10.023,0.000429242,-2.653612356,102.7955019,0.1
10.036,0.000429242,-2.653612356,102.8955019,0
10.049,0.001287725,-2.653612356,102.8955019,0
10.061,0.000429242,-2.653612356,102.7955019,0.1
10.074,0.000429242,-2.653612356,102.7955019,0.1
10.087,0.001287725,-2.620655809,102.8955019,0
10.1,0.000429242,-2.620655809,102.8955019,0
10.112,0.001287725,-2.620655809,102.7955019,0.1
10.125,0.000429242,-2.587699262,102.8016904,0
10.138,0.000429242,-2.587699262,102.7955019,0.1
10.15,0.000429242,-2.553522102,102.8016904,0
10.163,0.001287725,-2.553522102,102.7955019,0.1
10.176,0.000429242,-2.553522102,102.8016904,0
10.189,0.001287725,-2.553522102,102.7312028,0.2
10.201,0.000429242,-2.520565554,102.8373913,0
10.214,0.000429242,-2.487609007,102.7955019,0.1
10.227,0.000429242,-2.487609007,102.8373913,0
10.239,0.001287725,-2.487609007,102.8312028,0.1
10.252,0.000429242,-2.487609007,102.8373913,0
10.265,0.000429242,-2.45465246,102.8250143,0.2
10.277,0.000429242,-2.45465246,102.9312028,0
10.29,0.001287725,-2.421695913,102.8893134,0.1
10.303,0.001287725,-2.421695913,102.8955019,0
10.316,0.000429242,-2.421695913,102.8955019,0
10.328,0.000429242,-2.388739366,102.9312028,0
10.341,0.001287725,-2.388739366,102.9312028,0
10.354,0.001287725,-2.388739366,102.9312028,0
10.366,0.001287725,-2.388739366,102.8312028,0.1
10.379,0.001287725,-2.388739366,102.8250143,0.2
10.392,0.000429242,-2.354562206,102.8373913,0
10.404,0.001287725,-2.354562206,102.8250143,0.2
10.417,0.001287725,-2.354562206,102.8373913,0
10.43,0.001287725,-2.354562206,102.8312028,0.1
10.443,0.000429242,-2.321605658,102.8373913,0
10.455,0.001287725,-2.321605658,102.8312028,0.1
10.468,0.000429242,-2.321605658,102.8312028,0.1
10.481,0.000429242,-2.321605658,102.8669037,0.1
10.493,0.000429242,-2.288649111,102.8312028,0.1
10.506,0.001287725,-2.255692564,102.8312028,0.1
10.519,0.001287725,-2.255692564,102.8312028,0.1
10.532,0.001287725,-2.222736017,102.7373913,0.1
10.544,0.001287725,-2.18977947,102.7730922,0.1
10.557,0.001287725,-2.155602309,102.7730922,0.1
10.57,0.000429242,-2.122645762,102.7669037,0.2
10.582,0.000429242,-2.122645762,102.7730922,0.1
10.595,0.001287725,-2.122645762,102.8669037,0.1
10.608,0.000429242,-2.122645762,102.8669037,0.1
10.62,0.000429242,-2.089689215,102.9607152,0.1
10.633,0.000429242,-2.089689215,102.9907042,0
10.646,0.000429242,-2.089689215,102.8845157,0.2
10.659,0.000429242,-2.122645762,102.8669037,0.1
10.671,0.001287725,-2.122645762,102.9607152,0.1
10.684,0.000429242,-2.122645762,102.8669037,0.1
10.697,0.000429242,-2.155602309,102.8907042,0.1
10.709,0.000429242,-2.155602309,102.9669037,0
10.722,0.000429242,-2.155602309,102.8669037,0.1
10.735,0.000429242,-2.155602309,102.8669037,0.1
10.747,0.000429242,-2.155602309,102.8730922,0
10.76,0.000429242,-2.155602309,102.8669037,0.1
10.773,0.000429242,-2.18977947,102.8730922,0
10.786,0.000429242,-2.18977947,102.8669037,0.1
10.798,0.000429242,-2.18977947,102.8730922,0
10.811,0.000429242,-2.18977947,102.8669037,0.1
10.824,0.001287725,-2.222736017,102.8730922,0
10.836,0.000429242,-2.222736017,102.8669037,0.1
10.849,0.000429242,-2.222736017,102.8730922,0
10.862,0.000429242,-2.222736017,102.8669037,0.1
10.875,0.001287725,-2.222736017,102.8669037,0.1
10.887,0.001287725,-2.255692564,102.8669037,0.1
10.9,0.001287725,-2.255692564,102.8730922,0
10.913,0.001287725,-2.288649111,102.8669037,0.1
10.925,0.000429242,-2.288649111,102.8730922,0
10.938,0.000429242,-2.288649111,102.8373913,0
10.951,0.000429242,-2.321605658,102.8669037,0.1
10.963,0.000429242,-2.354562206,102.9250143,0.1
10.976,0.001287725,-2.388739366,102.9250143,0.1
10.989,0.001287725,-2.388739366,102.9250143,0.1
11.002,0.000429242,-2.421695913,102.9250143,0.1
11.014,0.000429242,-2.421695913,102.9250143,0.1
11.027,0.000429242,-2.421695913,102.9250143,0.1
11.04,0.000429242,-2.45465246,102.8373913,0
11.052,0.000429242,-2.487609007,102.7373913,0.1
11.065,0.000429242,-2.487609007,102.7373913,0.1
11.078,0.000429242,-2.487609007,102.8312028,0.1
11.09,0.001287725,-2.520565554,102.8312028,0.1
11.103,0.001287725,-2.520565554,102.7955019,0.1
11.116,0.001287725,-2.520565554,102.7955019,0.1
11.129,0.000429242,-2.520565554,102.7955019,0.1
11.141,0.001287725,-2.487609007,102.7955019,0.1
11.154,0.000429242,-2.487609007,102.7955019,0.1
11.167,0.000429242,-2.45465246,102.7955019,0.1
11.179,0.000429242,-2.421695913,102.8312028,0.1
11.192,0.000429242,-2.421695913,102.8312028,0.1
11.205,0.000429242,-2.388739366,102.8312028,0.1
11.218,0.000429242,-2.388739366,102.8312028,0.1
11.23,0.000429242,-2.354562206,102.8312028,0.1
11.243,0.001287725,-2.321605658,102.8312028,0.1
11.256,0.000429242,-2.321605658,102.8312028,0.1
11.268,0.000429242,-2.288649111,102.8312028,0.1
11.281,0.000429242,-2.255692564,102.8312028,0.1
11.294,0.000429242,-2.222736017,102.7730922,0.1
11.306,0.000429242,-2.18977947,102.8669037,0.1
11.319,0.000429242,-2.155602309,102.9669037,0
11.332,0.001287725,-2.155602309,102.9607152,0.1
11.345,0.000429242,-2.122645762,102.8730922,0
11.357,0.000429242,-2.089689215,102.7907042,0.2
11.37,0.000429242,-2.056732668,102.8968927,0
11.383,0.000429242,-2.023776121,102.8907042,0.1
11.395,0.000429242,-2.023776121,102.8968927,0
11.408,0.000429242,-1.989598961,102.8907042,0.1
11.421,0.000429242,-1.956642413,102.8968927,0
11.433,0.001287725,-1.923685866,102.9264051,0.1
11.446,0.000429242,-1.890729319,102.8264051,0.2
11.459,0.000429242,-1.890729319,102.8264051,0.2
11.472,0.000429242,-1.857772772,102.8264051,0.2
11.484,0.000429242,-1.857772772,102.8325936,0.1
11.497,0.001287725,-1.857772772,102.8264051,0.2
11.51,0.001287725,-1.857772772,102.8325936,0.1
11.522,0.001287725,-1.857772772,102.8264051,0.2
11.535,0.000429242,-1.857772772,102.8387821,0
11.548,0.000429242,-1.857772772,102.8264051,0.2
11.561,0.000429242,-1.857772772,102.8325936,0.1
11.573,0.001287725,-1.890729319,102.8264051,0.2
11.586,0.001287725,-1.890729319,102.8387821,0
11.599,0.001287725,-1.923685866,102.8264051,0.2
11.611,0.000429242,-1.923685866,102.8387821,0
11.624,0.000429242,-1.923685866,102.8264051,0.2
11.637,0.000429242,-1.956642413,102.9325936,0
11.649,0.000429242,-1.956642413,102.9202166,0.2
11.662,0.000429242,-1.989598961,102.9264051,0.1
11.675,0.000429242,-1.989598961,102.8907042,0.1
11.688,0.000429242,-2.023776121,102.8907042,0.1
11.7,0.000429242,-2.056732668,102.8907042,0.1
11.713,0.000429242,-2.089689215,102.8907042,0.1
11.726,0.001287725,-2.122645762,102.8907042,0.1
11.738,0.000429242,-2.18977947,102.8907042,0.1
11.751,0.001287725,-2.222736017,102.8669037,0.1
11.764,0.000429242,-2.288649111,102.8669037,0.1
11.776,0.001287725,-2.321605658,102.8730922,0
11.789,0.001287725,-2.354562206,102.8669037,0.1
11.802,0.001287725,-2.421695913,102.8373913,0
11.815,0.000429242,-2.487609007,102.8312028,0.1
11.827,0.000429242,-2.553522102,102.8373913,0
11.84,0.000429242,-2.587699262,102.7955019,0.1
11.853,0.000429242,-2.653612356,102.8016904,0
11.865,0.000429242,-2.71952545,102.7955019,0.1
11.878,0.000429242,-2.786659158,102.7659895,0
11.891,0.000429242,-2.819615705,102.759801,0.1
11.904,0.000429242,-2.852572252,102.7659895,0
11.916,0.000429242,-2.918485347,102.759801,0.1
11.929,0.000429242,-2.952662507,102.759801,0.1
11.942,0.000429242,-2.985619054,102.7360005,0.1
11.954,0.000429242,-2.985619054,102.8360005,0
11.967,0.001287725,-2.985619054,102.8298119,0.1
11.98,0.001287725,-2.985619054,102.8298119,0.1
11.992,0.001287725,-2.985619054,102.9298119,0
12.005,0.000429242,-2.918485347,102.9298119,0
12.018,0.001287725,-2.885528799,102.9536125,0
12.031,0.000429242,-2.885528799,102.759801,0.1
12.043,0.000429242,-2.852572252,102.759801,0.1
12.056,0.000429242,-2.819615705,102.7659895,0
12.069,0.001287725,-2.786659158,102.759801,0.1
12.081,0.001287725,-2.71952545,102.859801,0
12.094,0.001287725,-2.686568903,102.759801,0.1
12.107,0.000429242,-2.620655809,102.759801,0.1
12.119,0.001287725,-2.587699262,102.7955019,0.1
12.132,0.001287725,-2.520565554,102.7955019,0.1
12.145,0.000429242,-2.487609007,102.7955019,0.1
12.158,0.000429242,-2.421695913,102.7955019,0.1
12.17,0.001287725,-2.354562206,102.8312028,0.1
12.183,0.000429242,-2.288649111,102.8312028,0.1
12.196,0.000429242,-2.222736017,102.8669037,0.1
12.208,0.000429242,-2.155602309,102.8669037,0.1
12.221,0.000429242,-2.089689215,102.8907042,0.1
12.234,0.001287725,-2.023776121,102.8907042,0.1
12.247,0.001287725,-1.989598961,102.9264051,0.1
12.259,0.000429242,-1.923685866,102.9202166,0.2
12.272,0.001287725,-1.857772772,102.9264051,0.1
12.285,0.001287725,-1.790639065,102.9559175,0.2
12.297,0.000429242,-1.72472597,102.8682945,0.1
12.31,0.000429242,-1.658812876,102.8859066,0.2
12.323,0.000429242,-1.625856329,102.8920951,0.1
12.335,0.000429242,-1.591679168,102.8797181,0.3
12.348,0.000429242,-1.558722621,102.9859066,0.1
12.361,0.000429242,-1.525766074,103.0735296,0.2
12.374,0.000429242,-1.558722621,102.9920951,0
12.386,0.000429242,-1.558722621,102.8859066,0.2
12.399,0.000429242,-1.591679168,102.8859066,0.2
12.412,0.000429242,-1.625856329,102.9859066,0.1
12.424,0.000429242,-1.658812876,102.9859066,0.1
12.437,0.000429242,-1.691769423,102.9859066,0.1
12.45,0.000429242,-1.691769423,102.8859066,0.2
12.462,0.001287725,-1.72472597,102.8682945,0.1
12.475,0.001287725,-1.757682517,102.862106,0.2
12.488,0.001287725,-1.790639065,102.9682945,0
12.501,0.001287725,-1.790639065,102.9559175,0.2
12.513,0.000429242,-1.824816225,102.8682945,0.1
12.526,0.001287725,-1.857772772,102.8559175,0.3
12.539,0.000429242,-1.923685866,102.9325936,0
12.551,0.001287725,-1.956642413,102.9202166,0.2
12.564,0.000429242,-2.023776121,102.9325936,0
12.577,0.000429242,-2.089689215,102.9264051,0.1
12.59,0.000429242,-2.18977947,102.7968927,0.1
12.602,0.000429242,-2.255692564,102.8907042,0.1
12.615,0.000429242,-2.354562206,102.8730922,0
12.628,0.001287725,-2.487609007,102.8312028,0.1
12.64,0.000429242,-2.620655809,102.7955019,0.1
12.653,0.000429242,-2.71952545,102.8955019,0
12.666,0.000429242,-2.852572252,102.859801,0
12.678,0.000429242,-3.018575601,102.8360005,0
12.691,0.000429242,-3.151622403,102.8360005,0
12.704,0.000429242,-3.283448591,102.8002996,0
12.717,0.001287725,-3.44945194,102.7002996,0.1
12.729,0.000429242,-3.582498742,102.6707872,0
12.742,0.000429242,-3.748502091,102.7346096,0.1
12.755,0.000429242,-3.88032828,102.7050973,0
12.767,0.001287725,-4.013375081,102.6693964,0
12.78,0.001287725,-4.146421883,102.5693964,0.1
12.793,0.001287725,-4.245291525,102.5336955,0.1
12.805,0.001287725,-4.312425232,102.5693964,0.1
12.818,0.001287725,-4.345381779,102.5693964,0.1
12.831,0.001287725,-4.345381779,102.4755849,0.1
12.844,0.001287725,-4.312425232,102.4693964,0.2
12.856,0.001287725,-4.245291525,102.5112858,0.1
12.869,0.001287725,-4.146421883,102.5050973,0.2
12.882,0.001287725,-4.046331628,102.5469866,0.1
12.894,0.001287725,-3.947461987,102.4407981,0.3
12.907,0.001287725,-3.88032828,102.4707872,0.2
12.92,0.001716967,-3.748502091,102.4645987,0.3
12.932,0.001287725,-3.648411836,102.5002996,0.3
12.945,0.001287725,-3.549542195,102.5002996,0.3
12.958,0.001287725,-3.44945194,102.5360005,0.3
12.971,0.001287725,-3.350582299,102.659801,0.2
12.983,0.000429242,-3.250492044,102.559801,0.3
12.996,0.001287725,-3.151622403,102.5893134,0.4
13.009,0.001287725,-3.018575601,102.5955019,0.3
13.021,0.001287725,-2.918485347,102.5893134,0.4
13.034,0.001287725,-2.819615705,102.7312028,0.2
13.047,0.001287725,-2.752481998,102.6607152,0.4
13.06,0.001287725,-2.653612356,102.6669037,0.3
13.072,0.001716967,-2.553522102,102.6907042,0.3
13.085,0.001287725,-2.45465246,102.5968927,0.3
13.098,0.001287725,-2.354562206,102.6264051,0.4
13.11,0.001287725,-2.255692564,102.6682945,0.3
13.123,0.001287725,-2.155602309,102.5682945,0.4
13.136,0.001287725,-2.056732668,102.5920951,0.4
13.148,0.001287725,-1.956642413,102.5920951,0.4
13.161,0.001287725,-1.857772772,102.6277959,0.4
13.174,0.001287725,-1.757682517,102.7573083,0.4
13.187,0.001287725,-1.658812876,102.7573083,0.4
13.199,0.000429242,-1.558722621,102.7930092,0.4
13.212,0.001287725,-1.492809527,102.7930092,0.4
13.225,0.001287725,-1.392719272,102.7930092,0.4
13.237,0.001287725,-1.326806178,102.9106213,0.4
13.25,0.001287725,-1.293849631,102.9168098,0.3
13.263,0.001287725,-1.293849631,102.8106213,0.5
13.275,0.001287725,-1.359762725,102.8168098,0.4
13.288,0.001287725,-1.426896432,102.7868207,0.5
13.301,0.001287725,-1.492809527,102.8930092,0.3
13.314,0.001287725,-1.558722621,102.8806322,0.5
13.326,0.001287725,-1.658812876,102.8573083,0.3
13.339,0.001287725,-1.757682517,102.8511198,0.4
13.352,0.001287725,-1.824816225,102.7216074,0.4
13.364,0.001287725,-1.923685866,102.7216074,0.4
13.377,0.001287725,-1.989598961,102.7859066,0.3
13.39,0.001287725,-2.089689215,102.7859066,0.3
13.403,0.001287725,-2.18977947,102.762106,0.3
13.415,0.000429242,-2.288649111,102.7264051,0.3
13.428,0.001287725,-2.388739366,102.7264051,0.3
13.441,0.001287725,-2.487609007,102.6968927,0.2
13.453,0.001287725,-2.587699262,102.6907042,0.3
13.466,0.001287725,-2.686568903,102.6730922,0.2
13.479,0.001287725,-2.786659158,102.6607152,0.4
13.491,0.001287725,-2.885528799,102.6373913,0.2
13.504,0.001287725,-2.985619054,102.5893134,0.4
13.517,0.001287725,-3.084488695,102.5659895,0.2
13.53,0.001287725,-3.18457895,102.6536125,0.3
13.542,0.001287725,-3.283448591,102.6360005,0.2
13.555,0.001287725,-3.350582299,102.6298119,0.3
13.568,0.001287725,-3.482408487,102.5360005,0.3
13.58,0.001287725,-3.582498742,102.5002996,0.3
13.593,0.001287725,-3.681368384,102.5002996,0.3
13.606,0.001287725,-3.748502091,102.4645987,0.3
13.618,0.001287725,-3.847371732,102.4645987,0.3
13.631,0.001287725,-3.947461987,102.4645987,0.3
13.644,0.001287725,-4.013375081,102.4645987,0.3
13.657,0.001716967,-4.113465336,102.4469866,0.2
13.669,0.001287725,-4.17937843,102.4407981,0.3
13.682,0.001287725,-4.279468685,102.4469866,0.2
13.695,0.001716967,-4.345381779,102.4050973,0.3
13.707,0.001716967,-4.444251421,102.4050973,0.3
13.72,0.001716967,-4.511385128,102.4050973,0.3
13.733,0.001716967,-4.577298222,102.3112858,0.3
13.746,0.001716967,-4.643211317,102.3050973,0.4
13.758,0.001716967,-4.710345024,102.3112858,0.3
13.771,0.001716967,-4.776258118,102.3050973,0.4
13.784,0.001716967,-4.809214666,102.3989087,0.4
13.796,0.001716967,-4.842171213,102.4346096,0.4
13.809,0.001716967,-4.876348373,102.3346096,0.5
13.822,0.001716967,-4.876348373,102.2407981,0.5
13.834,0.001716967,-4.876348373,102.2407981,0.5
13.847,0.00257545,-4.842171213,102.2645987,0.5
13.86,0.001716967,-4.743301571,102.2645987,0.5
13.873,0.00257545,-4.677388477,102.2645987,0.5
13.885,0.001716967,-4.610254769,102.1645987,0.6
13.898,0.001716967,-4.511385128,102.2002996,0.6
13.911,0.001716967,-4.378338326,102.2002996,0.6
13.923,0.00257545,-4.245291525,102.2360005,0.6
13.936,0.001716967,-4.113465336,102.2360005,0.6
13.949,0.00257545,-3.980418534,102.259801,0.6
13.962,0.00257545,-3.814415185,102.159801,0.7
13.974,0.00257545,-3.648411836,102.1955019,0.7
13.987,0.001716967,-3.515365035,102.2312028,0.7
14,0.00257545,-3.350582299,102.2669037,0.7
14.012,0.001716967,-3.217535497,102.1730922,0.7
14.025,0.001716967,-3.084488695,102.1907042,0.8
14.038,0.001716967,-2.952662507,102.2325936,0.7
14.05,0.001716967,-2.819615705,102.262106,0.8
14.063,0.001716967,-2.686568903,102.4859066,0.6
14.076,0.001716967,-2.587699262,102.4735296,0.8
14.089,0.001287725,-2.45465246,102.4216074,0.7
14.101,0.001716967,-2.321605658,102.3573083,0.8
14.114,0.001716967,-2.155602309,102.4930092,0.7
14.127,0.001716967,-1.989598961,102.5168098,0.7
14.139,0.001716967,-1.824816225,102.5525106,0.7
14.152,0.001716967,-1.625856329,102.5120121,0.8
14.165,0.00257545,-1.45985298,102.5120121,0.8
14.177,0.001716967,-1.293849631,102.547713,0.8
14.19,0.001716967,-1.094889735,102.5834138,0.8
14.203,0.001716967,-0.895929839,102.5253032,0.8
14.216,0.001716967,-0.696969943,102.5429153,0.9
14.228,0.001287725,-0.530966594,102.5848047,0.8
14.241,0.001287725,-0.332006698,102.6319291,1
14.254,0.001287725,-0.166003349,102.5443061,0.9
14.266,0.001287725,0,102.56763,1.1
14.279,0.000429242,0.133046802,102.5157079,1
14.292,0.000429242,0.26487299,102.5452203,1.1
14.304,0.000429242,0.364963245,102.5690208,1.1
14.317,0.000429242,0.463832887,102.6047217,1.1
14.33,0,0.530966594,102.5109102,1.1
14.343,0.000429242,0.563923141,102.5047217,1.2
14.355,0.000429242,0.563923141,102.5985332,1.2
14.368,0.000429242,0.530966594,102.5985332,1.2
14.381,0,0.463832887,102.5985332,1.2
14.393,0,0.397919792,102.4690208,1.2
14.406,0,0.299050151,102.5390317,1.2
14.419,0,0.198959896,102.5452203,1.1
14.432,0,0.065913094,102.5033309,1.2
14.444,0,-0.065913094,102.480007,1
14.457,0,-0.198959896,102.4319291,1.2
14.47,0,-0.364963245,102.3848047,1
14.482,0.000429242,-0.530966594,102.4429153,1
14.495,0.000429242,-0.696969943,102.4253032,0.9
14.508,0.000429242,-0.828796131,102.3834138,1
14.52,0,-0.99479948,102.347713,1
14.533,0,-1.127846282,102.3120121,1
14.546,0,-1.260893084,102.2882115,1
14.559,0.000429242,-1.392719272,102.3525106,0.9
14.571,0.000429242,-1.492809527,102.3525106,0.9
14.584,0.000429242,-1.625856329,102.2229983,0.9
14.597,0.000429242,-1.72472597,102.1930092,1
14.609,0.000429242,-1.857772772,102.2634968,0.8
14.622,0.000429242,-1.956642413,102.2154189,1
14.635,0.000429242,-2.056732668,102.3216074,0.8
14.647,0.000429242,-2.155602309,102.2797181,0.9
14.66,0.000429242,-2.255692564,102.2859066,0.8
14.673,0.000429242,-2.388739366,102.249729,1
14.686,0.000429242,-2.45465246,102.162106,0.9
14.698,0.000429242,-2.553522102,102.1264051,0.9
14.711,0.000429242,-2.653612356,102.0907042,0.9
14.724,0.000429242,-2.71952545,102.0907042,0.9
14.736,0.000429242,-2.752481998,102.1669037,0.8
14.749,0.000429242,-2.786659158,102.1607152,0.9
14.762,0.000429242,-2.819615705,102.1669037,0.8
14.775,0.000429242,-2.819615705,102.0669037,0.9
14.787,0.000429242,-2.819615705,102.0669037,0.9
14.8,0.000429242,-2.786659158,102.0669037,0.9
14.813,0.000429242,-2.71952545,102.0907042,0.9
14.825,0.000429242,-2.653612356,102.0907042,0.9
14.838,0.000429242,-2.587699262,102.0907042,0.9
14.851,0.001287725,-2.553522102,102.0907042,0.9
14.863,0.000429242,-2.520565554,102.0907042,0.9
14.876,0.001287725,-2.487609007,102.1264051,0.9
14.889,0.000429242,-2.45465246,102.1264051,0.9
14.902,0.001287725,-2.45465246,102.0907042,0.9
14.914,0.000429242,-2.45465246,102.0907042,0.9
14.927,0.001287725,-2.45465246,102.0907042,0.9
14.94,0.000429242,-2.487609007,101.9907042,1
14.952,0.001287725,-2.487609007,101.9968927,0.9
14.965,0.000429242,-2.520565554,101.9968927,0.9
14.978,0.001287725,-2.520565554,101.9968927,0.9
14.99,0.000429242,-2.520565554,101.9968927,0.9
15.003,0.001287725,-2.553522102,101.9968927,0.9
15.016,0.000429242,-2.553522102,102.0907042,0.9
15.029,0.001287725,-2.520565554,102.1845157,0.9
15.041,0.000429242,-2.487609007,102.1845157,0.9
15.054,0.001287725,-2.421695913,102.0845157,1
15.067,0.000429242,-2.388739366,102.0907042,0.9
15.079,0.000429242,-2.321605658,102.1264051,0.9
15.092,0.000429242,-2.222736017,102.1264051,0.9
15.105,0.000429242,-2.155602309,102.162106,0.9
15.118,0.000429242,-2.089689215,102.062106,1
15.13,0.000429242,-1.989598961,102.0859066,1
15.143,0.000429242,-1.923685866,102.0859066,1
15.156,0.000429242,-1.824816225,102.1216074,1
15.168,0.000429242,-1.757682517,102.1216074,1
15.181,0.000429242,-1.72472597,102.1634968,0.9
15.194,0.001287725,-1.658812876,102.1573083,1
15.206,0.000429242,-1.625856329,102.1991977,0.9
15.219,0.000429242,-1.591679168,102.1930092,1
15.232,0.000429242,-1.558722621,102.0991977,1
15.245,0.000429242,-1.525766074,102.0930092,1.1
15.257,0.000429242,-1.492809527,102.0991977,1
15.27,0.000429242,-1.492809527,102.0991977,1
15.283,0.000429242,-1.45985298,102.0991977,1
15.295,0.000429242,-1.426896432,102.1229983,1
15.308,0.000429242,-1.392719272,102.1168098,1.1
15.321,0.000429242,-1.326806178,102.2168098,1
15.333,0.000429242,-1.260893084,102.2463221,1.1
15.346,0.000429242,-1.226715924,102.2525106,1
15.359,0.000429242,-1.160802829,102.282023,1.1
15.372,0.000429242,-1.094889735,102.1944,1
15.384,0.000429242,-1.027756028,102.2882115,1
15.397,0.000429242,-0.99479948,102.2182006,1
15.41,0.000429242,-0.928886386,102.2120121,1.1
15.422,0.000429242,-0.862973292,102.2182006,1
15.435,0.000429242,-0.795839584,102.2415245,1.2
15.448,0.000429242,-0.762883037,102.2539015,1
15.461,0,-0.762883037,102.247713,1.1
15.473,0,-0.762883037,102.2539015,1
15.486,0,-0.762883037,102.247713,1.1
15.499,0,-0.795839584,102.2539015,1
15.511,0.000429242,-0.862973292,102.247713,1.1
15.524,0,-0.928886386,102.247713,1.1
15.537,0.000429242,-0.99479948,102.2182006,1
15.549,0.000429242,-1.061933188,102.1882115,1.1
15.562,0.000429242,-1.160802829,102.1944,1
15.575,0.000429242,-1.226715924,102.1882115,1.1
15.588,0.000429242,-1.326806178,102.1586992,1
15.6,0.000429242,-1.426896432,102.2168098,1
15.613,0.000429242,-1.525766074,102.2229983,0.9
15.626,0.000429242,-1.625856329,102.2868207,1
15.638,0.000429242,-1.72472597,102.2573083,0.9
15.651,0.000429242,-1.790639065,102.3449313,1
15.664,0.000429242,-1.890729319,102.3216074,0.8
15.676,0.000429242,-1.956642413,102.2735296,1
15.689,0.000429242,-2.023776121,102.2859066,0.8
15.702,0.000429242,-2.056732668,102.1797181,1
15.715,0.000429242,-2.122645762,102.0682945,0.9
15.727,0.000429242,-2.155602309,102.062106,1
15.74,0.000429242,-2.222736017,102.0682945,0.9
15.753,0.000429242,-2.255692564,102.0264051,1
15.765,0.000429242,-2.321605658,102.1264051,0.9
15.778,0.000429242,-2.388739366,102.1264051,0.9
15.791,0.000429242,-2.421695913,102.0264051,1
15.804,0.000429242,-2.487609007,102.0907042,0.9
15.816,0.000429242,-2.553522102,102.0907042,0.9
15.829,0.001287725,-2.620655809,102.0669037,0.9
15.842,0.001287725,-2.686568903,102.0669037,0.9
15.854,0.000429242,-2.71952545,102.0312028,0.9
15.867,0.000429242,-2.786659158,102.0312028,0.9
15.88,0.001287725,-2.852572252,102.0312028,0.9
15.892,0.000429242,-2.918485347,102.0312028,0.9
15.905,0.000429242,-2.985619054,101.9955019,0.9
15.918,0.000429242,-3.051532148,101.9955019,0.9
15.931,0.001287725,-3.084488695,101.9955019,0.9
15.943,0.001287725,-3.151622403,101.9659895,0.8
15.956,0.001287725,-3.18457895,101.8659895,0.9
15.969,0.001287725,-3.217535497,101.959801,0.9
15.981,0.001287725,-3.250492044,101.959801,0.9
15.994,0.001287725,-3.283448591,101.959801,0.9
16.007,0.001287725,-3.316405139,101.959801,0.9
16.019,0.001287725,-3.350582299,101.9536125,1
16.032,0.001287725,-3.383538846,101.9360005,0.9
16.045,0.001287725,-3.416495393,101.9298119,1
16.058,0.001287725,-3.44945194,102.0360005,0.8
16.07,0.001287725,-3.482408487,102.0298119,0.9
16.083,0.001287725,-3.515365035,102.0298119,0.9
16.096,0.001287725,-3.515365035,102.0236234,1
16.108,0.001287725,-3.549542195,101.9941111,0.9
16.121,0.001287725,-3.549542195,101.8941111,1
16.134,0.001287725,-3.549542195,101.9360005,0.9
16.147,0.001716967,-3.549542195,101.9360005,0.9
16.159,0.001287725,-3.515365035,101.842189,0.9
16.172,0.001287725,-3.44945194,101.8360005,1
16.185,0.001287725,-3.383538846,101.842189,0.9
16.197,0.001287725,-3.283448591,101.8360005,1
16.21,0.001287725,-3.217535497,101.7659895,1
16.223,0.001287725,-3.117445243,101.759801,1.1
16.235,0.001287725,-2.985619054,101.9016904,0.9
16.248,0.001287725,-2.885528799,101.9312028,1
16.261,0.001287725,-2.786659158,101.9312028,1
16.274,0.001287725,-2.686568903,101.9669037,1
16.286,0.001287725,-2.553522102,101.9907042,1
16.299,0.001287725,-2.487609007,101.9968927,0.9
16.312,0.001287725,-2.388739366,101.9264051,1.1
16.324,0.001287725,-2.288649111,101.9325936,1
16.337,0.001287725,-2.222736017,101.962106,1.1
16.35,0.001287725,-2.155602309,101.9920951,1
16.362,0.001287725,-2.089689215,101.9797181,1.2
16.375,0.001287725,-2.023776121,101.9982836,0.9
16.388,0.001287725,-1.989598961,101.9859066,1.1
16.401,0.001287725,-1.923685866,102.0859066,1
16.413,0.001287725,-1.890729319,102.2092304,1.1
16.426,0.001287725,-1.857772772,102.2216074,0.9
16.439,0.001287725,-1.790639065,102.0573083,1.1
16.451,0.000429242,-1.72472597,102.0634968,1
16.464,0.001287725,-1.691769423,102.0573083,1.1
16.477,0.000429242,-1.658812876,102.0930092,1.1
16.49,0.001287725,-1.591679168,102.0930092,1.1
16.502,0.001287725,-1.525766074,102.0930092,1.1
16.515,0.001287725,-1.45985298,102.1168098,1.1
16.528,0.000429242,-1.426896432,102.1168098,1.1
16.54,0.001287725,-1.359762725,102.1229983,1
16.553,0.000429242,-1.293849631,102.1525106,1.1
16.566,0.001287725,-1.260893084,102.1586992,1
16.578,0.001287725,-1.193759376,102.1525106,1.1
16.591,0.001287725,-1.127846282,102.1586992,1
16.604,0.001287725,-1.094889735,102.182023,1.2
16.617,0.000429242,-1.027756028,102.1944,1
16.629,0.000429242,-0.961842933,102.1120121,1.2
16.642,0.000429242,-0.895929839,102.1182006,1.1
16.655,0.001287725,-0.828796131,102.2120121,1.1
16.667,0.000429242,-0.762883037,102.347713,1
16.68,0.000429242,-0.696969943,102.3415245,1.1
16.693,0.000429242,-0.629836235,102.247713,1.1
16.705,0.000429242,-0.563923141,102.1834138,1.2
16.718,0.000429242,-0.498010047,102.1834138,1.2
16.731,0.000429242,-0.430876339,102.2191147,1.2
16.744,0.000429242,-0.332006698,102.2429153,1.2
16.756,0.000429242,-0.26487299,102.2429153,1.2
16.769,0.000429242,-0.166003349,102.2786162,1.2
16.782,0.000429242,-0.100090254,102.2786162,1.2
16.794,0,0,102.2786162,1.2
16.807,0.000429242,0.065913094,102.314317,1.2
16.82,0,0.133046802,102.2443061,1.2
16.833,0.000429242,0.198959896,102.2381176,1.3
16.845,0.000429242,0.26487299,102.2738185,1.3
16.858,0.000429242,0.332006698,102.2738185,1.3
16.871,0,0.397919792,102.2738185,1.3
16.883,0,0.463832887,102.3095194,1.3
16.896,0,0.498010047,102.3095194,1.3
16.909,0,0.530966594,102.3452203,1.3
16.921,0,0.530966594,102.3095194,1.3
16.934,0,0.498010047,102.2095194,1.4
16.947,0,0.463832887,102.3095194,1.3
16.96,0,0.364963245,102.3033309,1.4
16.972,0,0.299050151,102.2738185,1.3
16.985,0,0.198959896,102.2738185,1.3
16.998,0,0.065913094,102.2381176,1.3
17.01,0,-0.032956547,102.314317,1.2
17.023,0,-0.166003349,102.214317,1.3
17.036,0,-0.26487299,102.2429153,1.2
17.048,0,-0.397919792,102.2129262,1.3
17.061,0,-0.530966594,102.1834138,1.2
17.074,0.000429242,-0.662792783,102.147713,1.2
17.087,0,-0.795839584,102.1539015,1.1
17.099,0,-0.961842933,102.1120121,1.2
17.112,0,-1.061933188,102.0944,1.1
17.125,0.000429242,-1.193759376,102.0525106,1.2
17.137,0,-1.359762725,102.0229983,1.1
17.15,0.000429242,-1.492809527,101.9868207,1.3
17.163,0,-1.658812876,101.9277959,1.1
17.176,0.000429242,-1.790639065,102.0154189,1.2
17.188,0,-1.923685866,101.9859066,1.1
17.201,0.000429242,-2.056732668,101.9559175,1.2
17.214,0,-2.18977947,102.062106,1
17.226,0.000429242,-2.321605658,102.0264051,1
17.239,0.000429242,-2.421695913,101.9907042,1
17.252,0.000429242,-2.487609007,101.9907042,1
17.264,0.000429242,-2.553522102,101.9607152,1.1
17.277,0.000429242,-2.553522102,101.9669037,1
17.29,0.000429242,-2.587699262,101.9607152,1.1
17.303,0.000429242,-2.553522102,101.8730922,1
17.315,0.000429242,-2.487609007,101.9607152,1.1
17.328,0.000429242,-2.421695913,101.8730922,1
17.341,0.000429242,-2.354562206,101.8907042,1.1
17.353,0,-2.321605658,101.8968927,1
17.366,0.000429242,-2.288649111,101.8907042,1.1
17.379,0,-2.288649111,101.7968927,1.1
17.391,0.000429242,-2.288649111,101.7907042,1.2
17.404,0.000429242,-2.321605658,101.7968927,1.1
17.417,0.000429242,-2.354562206,101.8907042,1.1
17.43,0,-2.388739366,101.8907042,1.1
17.442,0.000429242,-2.421695913,101.8907042,1.1
17.455,0.000429242,-2.487609007,101.8669037,1.1
17.468,0.000429242,-2.520565554,101.8669037,1.1
17.48,0.000429242,-2.587699262,101.8669037,1.1
17.493,0.000429242,-2.653612356,101.8373913,1
17.506,0.000429242,-2.686568903,101.8312028,1.1
17.519,0.000429242,-2.752481998,101.8373913,1
17.531,0.000429242,-2.786659158,101.9250143,1.1
17.544,0.000429242,-2.819615705,101.8955019,1
17.557,0.000429242,-2.885528799,101.8893134,1.1
17.569,0.000429242,-2.952662507,101.8955019,1
17.582,0.001287725,-2.985619054,101.9893134,1
17.595,0.001287725,-3.084488695,101.9536125,1
17.607,0.000429242,-3.151622403,101.9536125,1
17.62,0.000429242,-3.250492044,101.8360005,1
17.633,0.000429242,-3.350582299,101.8360005,1
17.646,0.000429242,-3.44945194,101.6064881,1.1
17.658,0.000429242,-3.549542195,101.6064881,1.1
17.671,0.000429242,-3.681368384,101.6645987,1.1
17.684,0.001287725,-3.847371732,101.6645987,1.1
17.696,0.001287725,-3.980418534,101.6407981,1.1
17.709,0.001287725,-4.146421883,101.6050973,1.1
17.722,0.001287725,-4.345381779,101.6050973,1.1
17.734,0.001716967,-4.544341675,101.4693964,1.2
17.747,0.001716967,-4.776258118,101.4693964,1.2
17.76,0.001716967,-5.008174562,101.4693964,1.2
17.773,0.001716967,-5.274268165,101.3693964,1.3
17.785,0.00257545,-5.506184608,101.3693964,1.3
17.798,0.00257545,-5.771057599,101.2336955,1.4
17.811,0.003863175,-6.004194655,101.1693964,1.5
17.823,0.003863175,-6.269067645,101.1693964,1.5
17.836,0.004292417,-6.568117796,100.9693964,1.7
17.849,0.0051509,-6.832990786,100.9693964,1.7
17.862,0.006438625,-7.097863777,100.7693964,1.9
17.874,0.006438625,-7.396913927,100.7050973,2
17.887,0.00772635,-7.661786918,100.6050973,2.1
17.9,0.008584833,-7.927880521,100.5050973,2.2
17.912,0.009014075,-8.159796964,100.4989087,2.3
17.925,0.009872558,-8.35875686,100.3989087,2.4
17.938,0.0103018,-8.524760209,100.1989087,2.6
17.95,0.011589525,-8.723720105,100.1050973,2.6
17.963,0.012448008,-8.922680001,100.0346096,2.8
17.976,0.01287725,-9.055726803,100.0645987,2.7
17.989,0.013735733,-9.154596445,99.96459871,2.8
18.001,0.014164975,-9.187552992,99.86459871,2.9
18.014,0.014164975,-9.221730152,99.80029958,3
18.027,0.014164975,-9.187552992,99.80029958,3
18.039,0.014164975,-9.154596445,99.83600046,3
18.052,0.015023458,-9.055726803,99.73600046,3.1
18.065,0.015023458,-8.955636548,99.73600046,3.1
18.077,0.0154527,-8.856766907,99.75980104,3.1
18.09,0.0154527,-8.723720105,99.76598955,3
18.103,0.0154527,-8.623629851,99.65980104,3.2
18.116,0.0154527,-8.524760209,99.70169042,3.1
18.128,0.0154527,-8.35875686,99.6893134,3.3
18.141,0.0154527,-8.159796964,99.73120278,3.2
18.154,0.0154527,-7.927880521,99.73120278,3.2
18.166,0.0154527,-7.694743465,99.77309217,3.1
18.179,0.0154527,-7.429870474,99.79070424,3.2
18.192,0.0154527,-7.164997484,99.92640511,3.1
18.205,0.0154527,-6.865947333,99.95591748,3.2
18.217,0.0154527,-6.601074343,100.0559175,3.1
18.23,0.0154527,-6.33498074,99.98590657,3.1
18.243,0.0154527,-6.070107749,100.0216074,3.1
18.255,0.0154527,-5.771057599,99.95730832,3.2
18.268,0.0154527,-5.506184608,99.98682068,3.3
18.281,0.015023458,-5.207134458,100.0229983,3.1
18.293,0.015023458,-4.942261467,99.95251064,3.3
18.306,0.015023458,-4.643211317,99.99440003,3.2
18.319,0.015023458,-4.345381779,100.0058236,3.4
18.332,0.014164975,-4.046331628,99.95390148,3.3
18.344,0.013735733,-3.715545544,99.94771297,3.4
18.357,0.01287725,-3.383538846,100.0191147,3.4
18.37,0.01287725,-3.051532148,99.9429153,3.5
18.382,0.012448008,-2.686568903,100.0443061,3.4
18.395,0.011589525,-2.321605658,100.1095194,3.5
18.408,0.011160283,-1.956642413,100.0452203,3.6
18.42,0.011160283,-1.625856329,100.1047217,3.6
18.433,0.0103018,-1.260893084,100.0761235,3.7
18.446,0.009014075,-0.862973292,100.1775143,3.6
18.459,0.008584833,-0.463832887,100.1308272,3.8
18.471,0.00772635,-0.065913094,100.1084175,3.8
18.484,0.007297108,0.332006698,100.0617304,4
18.497,0.005580142,0.72992649,100.0631213,4
18.509,0.0051509,1.160802829,100.122146,4.2
18.522,0.003863175,1.591679168,100.1235368,4.2
18.535,0.001716967,2.023776121,100.1125507,4.4
18.548,0.000429242,2.421695913,99.87824063,4.6
18.56,-0.001287725,2.786659158,99.67344296,4.9
18.573,-0.003433933,3.151622403,99.68673409,4.9
18.586,-0.005580142,3.482408487,99.54004703,5.2
18.598,-0.007297108,3.748502091,99.39954849,5.4
18.611,-0.009443316,4.013375081,99.33524936,5.5
18.624,-0.011160283,4.17937843,99.17095024,5.7
18.636,-0.01287725,4.312425232,99.10665111,5.8
18.649,-0.014164975,4.411294873,99.00665111,5.9
18.662,-0.0154527,4.444251421,98.97095024,5.9
18.675,-0.015881941,4.411294873,98.87095024,6
18.687,-0.016740425,4.312425232,98.74143787,6
18.7,-0.017169666,4.17937843,98.69954849,6.1
18.713,-0.017169666,4.046331628,98.74004703,6
18.725,-0.017169666,3.88032828,98.70434616,6
18.738,-0.017169666,3.715545544,98.65103321,5.9
18.751,-0.017169666,3.515365035,98.60914383,6
18.763,-0.017169666,3.316405139,98.55583088,5.9
18.776,-0.01802815,3.117445243,98.5139415,6
18.789,-0.017169666,2.918485347,98.46062855,5.9
18.802,-0.017169666,2.71952545,98.51873917,5.9
18.814,-0.017169666,2.520565554,98.44733743,5.9
18.827,-0.017169666,2.321605658,98.51734834,5.9
18.84,-0.017169666,2.089689215,98.54594659,5.8
18.852,-0.016740425,1.824816225,98.49263364,5.7
18.865,-0.016740425,1.558722621,98.4212319,5.7
18.878,-0.016740425,1.293849631,98.46173044,5.6
18.891,-0.017169666,0.961842933,98.36652811,5.6
18.903,-0.016740425,0.596879688,98.27132578,5.6
18.916,-0.016740425,0.231916443,98.27612345,5.5
18.929,-0.016740425,-0.100090254,98.16902083,5.5
18.941,-0.015881941,-0.463832887,98.0738185,5.5
18.954,-0.0154527,-0.828796131,97.97861618,5.5
18.967,-0.014594216,-1.160802829,97.85390148,5.4
18.979,-0.014164975,-1.525766074,97.75869915,5.4
18.992,-0.013306491,-1.890729319,97.66349682,5.4
19.005,-0.01287725,-2.222736017,97.56210599,5.5
19.018,-0.01287725,-2.587699262,97.36690366,5.6
19.03,-0.012018766,-2.918485347,97.25980104,5.6
19.043,-0.011160283,-3.217535497,97.07078722,5.6
19.056,-0.010731041,-3.549542195,97.04079813,5.7
19.068,-0.009872558,-3.88032828,96.91128576,5.7
19.081,-0.008584833,-4.212334977,96.90509725,5.8
19.094,-0.008584833,-4.577298222,96.90509725,5.8
19.106,-0.008155592,-4.942261467,96.89890875,5.9
19.119,-0.006867867,-5.241311618,96.84079813,5.9
19.132,-0.006009383,-5.539141155,96.74079813,6
19.145,-0.005580142,-5.805234759,96.64079813,6.1
19.157,-0.004721658,-6.004194655,96.64079813,6.1
19.17,-0.004292417,-6.136020844,96.6584102,6.2
19.183,-0.004292417,-6.236111098,96.60029958,6.2
19.195,-0.004292417,-6.236111098,96.60029958,6.2
19.208,-0.004292417,-6.203154551,96.64218896,6.1
19.221,-0.003433933,-6.103064296,96.65361253,6.3
19.234,-0.003433933,-6.004194655,96.66598955,6.1
19.246,-0.003433933,-5.937060947,96.59550191,6.3
19.259,-0.003433933,-5.838191306,96.60169042,6.2
19.272,-0.003433933,-5.738101051,96.59550191,6.3
19.284,-0.003433933,-5.63923141,96.63739129,6.2
19.297,-0.003433933,-5.539141155,96.63120278,6.3
19.31,-0.003433933,-5.406094354,96.67309217,6.2
19.322,-0.003433933,-5.241311618,96.66690366,6.3
19.335,-0.003433933,-5.042351722,96.69070424,6.3
19.348,-0.003433933,-4.809214666,96.73259362,6.2
19.361,-0.003433933,-4.577298222,96.69209508,6.3
19.373,-0.003433933,-4.312425232,96.72779595,6.3
19.386,-0.003433933,-4.013375081,96.75730832,6.4
19.399,-0.003433933,-3.748502091,96.7991977,6.3
19.411,-0.003433933,-3.44945194,96.84632214,6.5
19.424,-0.004292417,-3.151622403,96.98821152,6.3
19.437,-0.004292417,-2.852572252,97.03533596,6.5
19.449,-0.004292417,-2.553522102,97.08341385,6.3
19.462,-0.004292417,-2.255692564,97.0367268,6.5
19.475,-0.004721658,-1.923685866,97.12050556,6.3
19.488,-0.004721658,-1.625856329,97.16763,6.5
19.5,-0.005580142,-1.293849631,97.25140876,6.3
19.513,-0.005580142,-0.961842933,97.1985332,6.6
19.526,-0.006009383,-0.629836235,97.30611254,6.4
19.538,-0.006867867,-0.299050151,97.37132578,6.5
19.551,-0.006867867,0.032956547,97.33701575,6.5
19.564,-0.007297108,0.397919792,97.32602957,6.7
19.577,-0.008155592,0.72992649,97.40361982,6.6
19.589,-0.008584833,1.061933188,97.35693277,6.8
19.602,-0.009443316,1.392719272,97.4521351,6.8
19.615,-0.009872558,1.691769423,97.52353684,6.8
19.627,-0.010731041,1.956642413,97.51873917,6.9
19.64,-0.011160283,2.222736017,97.46062855,6.9
19.653,-0.01287725,2.421695913,97.54964238,7
19.665,-0.013306491,2.620655809,97.57344296,7
19.678,-0.013306491,2.786659158,97.5386562,7.2
19.691,-0.014164975,2.918485347,97.58054558,7.1
19.704,-0.014594216,3.018575601,97.60434616,7.1
19.716,-0.0154527,3.084488695,97.60434616,7.1
19.729,-0.015881941,3.084488695,97.59815765,7.2
19.742,-0.015881941,3.084488695,97.60434616,7.1
19.754,-0.015881941,3.018575601,97.59815765,7.2
19.767,-0.015881941,2.918485347,97.58054558,7.1
19.78,-0.016740425,2.819615705,97.5386562,7.2
19.792,-0.016740425,2.686568903,97.50914383,7.1
19.805,-0.015881941,2.520565554,97.47344296,7.1
19.818,-0.015881941,2.321605658,97.42013001,7
19.831,-0.016740425,2.056732668,97.36062855,7
19.843,-0.015881941,1.757682517,97.3830383,7
19.856,-0.015881941,1.426896432,97.28783597,7
19.869,-0.015881941,1.094889735,97.32833452,6.9
19.881,-0.015881941,0.72992649,97.3212319,6.8
19.894,-0.015881941,0.364963245,97.23221807,6.7
19.907,-0.0154527,-0.032956547,97.13082724,6.8
19.92,-0.015881941,-0.430876339,97.14181342,6.6
19.932,-0.015881941,-0.828796131,97.04042258,6.7
19.945,-0.0154527,-1.226715924,97.16902083,6.5
19.958,-0.014594216,-1.625856329,97.06144149,6.7
19.97,-0.014164975,-2.023776121,97.07242767,6.5
19.983,-0.013306491,-2.45465246,96.74152447,6.7
19.996,-0.01287725,-2.852572252,96.68821152,6.6
20.008,-0.012018766,-3.283448591,96.59300919,6.6
20.021,-0.011160283,-3.748502091,96.46210599,6.6
20.034,-0.009872558,-4.212334977,96.36690366,6.6
20.047,-0.009872558,-4.743301571,96.26598955,6.5
20.059,-0.008584833,-5.274268165,96.20029958,6.6
20.072,-0.007297108,-5.805234759,96.06459871,6.7
20.085,-0.006009383,-6.302024192,96.04079813,6.7
20.097,-0.005580142,-6.800034239,95.90509725,6.8
20.11,-0.004292417,-7.263867126,95.80509725,6.9
20.123,-0.003004692,-7.694743465,95.74079813,7
20.135,-0.002146208,-8.09388387,95.64698663,7
20.148,-0.000858483,-8.457626502,95.56459871,7.2
20.161,0,-8.756676652,95.47078722,7.2
20.174,0.001287725,-8.955636548,95.36459871,7.4
20.186,0.001287725,-9.08868335,95.40648809,7.3
20.199,0.001716967,-9.08868335,95.42981195,7.5
20.212,0.001716967,-8.988593096,95.53600046,7.3
20.224,0.00257545,-8.7896332,95.54742402,7.5
20.237,0.001716967,-8.557716756,95.46598955,7.3
20.25,0.00257545,-8.292843766,95.4893134,7.5
20.263,0.00257545,-7.960837068,95.53739129,7.3
20.275,0.00257545,-7.62883037,95.58451573,7.5
20.288,0.001716967,-7.263867126,95.62640511,7.4
20.301,0.001716967,-6.898903881,95.66210599,7.4
20.313,0.001716967,-6.533940636,95.72160744,7.4
20.326,0.001716967,-6.136020844,95.75730832,7.4
20.339,0.001716967,-5.738101051,95.79300919,7.4
20.351,0.001716967,-5.307224712,95.85251064,7.4
20.364,0.001716967,-4.876348373,95.78821152,7.5
20.377,0.001287725,-4.411294873,95.75390148,7.5
20.39,0.001287725,-3.91450544,95.81911472,7.6
20.402,0.000429242,-3.383538846,95.78480468,7.6
20.415,0,-2.852572252,95.83811763,7.7
20.428,-0.000858483,-2.255692564,95.85140876,7.7
20.44,-0.001287725,-1.691769423,95.96993495,7.9
20.453,-0.003004692,-1.061933188,96.07751429,7.7
20.466,-0.003433933,-0.430876339,96.09604048,8
20.478,-0.005580142,0.26487299,96.16312128,7.9
20.491,-0.006867867,1.027756028,96.22353684,8.1
20.504,-0.008584833,1.824816225,96.22013001,8.2
20.517,-0.010731041,2.686568903,96.37574791,8.4
20.529,-0.014594216,3.582498742,96.43755431,8.6
20.542,-0.019315875,4.478428581,96.48127192,8.9
20.555,-0.0257545,5.440271514,96.38976537,9.1
20.567,-0.034339333,6.33498074,96.08017003,9.6
20.58,-0.045499616,7.132040937,95.67537236,10.1
20.593,-0.057518382,7.827790266,95.07057469,10.8
20.606,-0.073400324,8.590673304,94.30627556,11.6
20.618,-0.090999232,9.353556341,93.07057469,12.8
20.631,-0.111602831,9.851566387,91.40627556,14.5
20.644,-0.130060223,10.21652963,89.64197644,16.3
20.656,-0.146800647,10.51435917,88.36577702,17.6
20.669,-0.165258039,10.94645612,87.67057469,18.2
20.682,-0.185003155,11.27724221,86.83967149,18.9
20.694,-0.203460546,11.54333581,85.61495679,19.9
20.707,-0.220630213,11.675162,84.68976537,20.8
20.72,-0.236082912,11.77525225,84.06505068,21.2
20.733,-0.24853092,11.8082088,83.46984835,21.7
20.745,-0.25883272,11.8082088,83.13275664,22
20.758,-0.266988312,11.74229571,82.90185344,22.1
20.771,-0.272139212,11.6092489,82.67095024,22.2
20.783,-0.276002387,11.37733246,82.64004703,22.1
20.796,-0.278148595,11.01236922,82.67344296,21.9
20.809,-0.278148595,10.58149288,82.71873917,21.7
20.821,-0.278577837,10.01756974,82.62833452,21.6
20.834,-0.277290112,9.453646595,82.46652811,21.5
20.847,-0.27686087,8.856766907,82.40472171,21.3
20.86,-0.276002387,8.225710059,82.21292621,21.3
20.872,-0.27428542,7.595873823,82.02160744,21.1
20.885,-0.272139212,6.898903881,81.75980104,21.1
20.898,-0.269563762,6.168977391,81.51128576,21.1
20.91,-0.266988312,5.373137807,81.20989492,21.4
20.923,-0.264412862,4.577298222,80.88038256,21.6
20.936,-0.260120445,3.781458638,80.57419405,22
20.949,-0.25625727,2.918485347,80.28038256,22.2
20.961,-0.251535612,1.989598961,79.97419405,22.6
20.974,-0.247243195,0.99479948,79.51608343,23
20.987,-0.241663054,-0.166003349,79.10989492,23.5
20.999,-0.235224429,-1.426896432,78.41608343,24.1
21.012,-0.227498079,-2.786659158,77.70989492,24.9
21.025,-0.219342488,-4.113465336,77.03988401,25.5
21.037,-0.210328413,-5.473228061,76.36939638,26.3
21.05,-0.200455855,-6.931860428,75.81128576,26.8
21.063,-0.189295572,-8.391713407,75.30509725,27.4
21.076,-0.178135288,-9.78443268,74.84698663,27.8
21.088,-0.164828797,-11.04532576,74.34698663,28.3
21.101,-0.152380789,-12.1402155,73.86459871,28.9
21.114,-0.139932781,-13.10205843,73.46459871,29.3
21.126,-0.126626289,-13.93085456,73.0584102,29.8
21.139,-0.114178281,-14.62782451,72.66459871,30.1
21.152,-0.101730273,-15.22470419,72.2584102,30.6
21.164,-0.088853023,-15.78862733,71.96459871,30.8
21.177,-0.075975774,-16.28663738,71.6584102,31.2
21.19,-0.063957007,-16.71751372,71.46459871,31.3
21.203,-0.051508999,-17.14839006,71.15222169,31.8
21.215,-0.040348716,-17.5133533,70.96459871,31.8
21.228,-0.028329949,-17.81240346,70.79411108,32.1
21.241,-0.017169666,-18.07727645,70.60029958,32.2
21.253,-0.007297108,-18.27623634,70.39411108,32.5
21.266,0.001287725,-18.44223969,70.30029958,32.5
21.279,0.009014075,-18.54232995,70.30029958,32.5
21.292,0.015023458,-18.57528649,70.23600046,32.6
21.304,0.019745116,-18.50815279,70.33600046,32.5
21.317,0.022749808,-18.3763266,70.43600046,32.4
21.33,0.024896016,-18.14318954,70.46598955,32.3
21.342,0.026183741,-17.84536,70.55980104,32.3
21.355,0.026183741,-17.44744021,70.80169042,32
21.368,0.026183741,-17.01534326,70.89550191,32
21.38,0.026183741,-16.51855382,71.03739129,31.8
21.393,0.026183741,-15.98758723,71.26690366,31.7
21.406,0.025325258,-15.48957718,71.27309217,31.6
21.419,0.025325258,-14.9598312,71.36690366,31.6
21.431,0.024896016,-14.42886461,71.59689275,31.3
21.444,0.024037533,-13.89789802,71.59070424,31.4
21.457,0.022749808,-13.33397487,71.69070424,31.3
21.469,0.022320566,-12.80300828,71.72640511,31.3
21.482,0.021032841,-12.20612859,71.73259362,31.2
21.495,0.019745116,-11.6092489,71.72640511,31.3
21.507,0.017598908,-11.04532576,71.69070424,31.3
21.52,0.016311183,-10.44844608,71.69689275,31.2
21.533,0.014164975,-9.884522934,71.59070424,31.4
21.546,0.012448008,-9.287643246,71.57309217,31.3
21.558,0.0103018,-8.723720105,71.46690366,31.5
21.571,0.009014075,-8.159796964,71.33739129,31.5
21.584,0.007297108,-7.595873823,71.23739129,31.6
21.596,0.0051509,-7.064907229,71.10169042,31.7
21.609,0.003004692,-6.568117796,70.99550191,31.9
21.622,0.001287725,-6.037151202,70.90169042,31.9
21.635,-0.001287725,-5.506184608,70.93120278,32
21.647,-0.004292417,-4.942261467,70.73739129,32.1
21.66,-0.006867867,-4.411294873,70.73739129,32.1
21.673,-0.009872558,-3.847371732,70.76690366,32.2
21.685,-0.01287725,-3.350582299,70.86690366,32.1
21.698,-0.0154527,-2.852572252,70.69070424,32.3
21.711,-0.018457391,-2.354562206,70.49070424,32.5
21.723,-0.021891325,-1.857772772,70.42640511,32.6
21.736,-0.025325258,-1.359762725,70.42640511,32.6
21.749,-0.028329949,-0.928886386,70.32640511,32.7
21.762,-0.032622366,-0.498010047,70.46210599,32.6
21.774,-0.035627058,-0.166003349,70.76210599,32.3
21.787,-0.039060991,0.100090254,70.92640511,32.1
21.8,-0.041636441,0.26487299,71.09070424,31.9
21.812,-0.042924166,0.364963245,71.26690366,31.7
21.825,-0.044211891,0.364963245,71.33120278,31.6
21.838,-0.045070374,0.332006698,71.39550191,31.5
21.85,-0.046358099,0.231916443,71.50169042,31.3
21.863,-0.046358099,0.100090254,71.55980104,31.3
21.876,-0.046358099,-0.032956547,71.56598955,31.2
21.889,-0.046358099,-0.198959896,71.65980104,31.2
21.901,-0.046787341,-0.430876339,71.64218896,31.1
21.914,-0.046358099,-0.696969943,71.63600046,31.2
21.927,-0.046358099,-1.027756028,71.60648809,31.1
21.939,-0.046358099,-1.359762725,71.70029958,31.1
21.952,-0.046358099,-1.72472597,71.70648809,31
21.965,-0.046358099,-2.122645762,71.60029958,31.2
21.978,-0.045499616,-2.487609007,71.60648809,31.1
21.99,-0.045070374,-2.885528799,71.60029958,31.2
22.003,-0.044211891,-3.316405139,71.60029958,31.2
22.016,-0.043782649,-3.748502091,71.59411108,31.3
22.028,-0.042494924,-4.212334977,71.50029958,31.3
22.041,-0.041636441,-4.677388477,71.50029958,31.3
22.054,-0.040348716,-5.141221363,71.49411108,31.4
22.066,-0.039060991,-5.63923141,71.40029958,31.4
22.079,-0.038202508,-6.168977391,71.39411108,31.5
22.092,-0.036914783,-6.666987437,71.30029958,31.5
22.105,-0.035627058,-7.230910578,71.20029958,31.6
22.117,-0.033910091,-7.761877172,71.23600046,31.6
22.13,-0.032622366,-8.325800313,71.12981195,31.8
22.143,-0.030905399,-8.856766907,71.14218896,31.6
22.155,-0.029617674,-9.420690048,71.03600046,31.8
22.168,-0.029188433,-9.917479482,71.04218896,31.7
22.181,-0.027900708,-10.41548953,70.93600046,31.9
22.193,-0.026612983,-10.87932241,70.84218896,31.9
22.206,-0.025325258,-11.27724221,70.95980104,31.9
22.219,-0.024466775,-11.64220545,70.95980104,31.9
22.232,-0.02317905,-11.90829906,70.96598955,31.8
22.244,-0.022749808,-12.0743024,70.99550191,31.9
22.257,-0.021891325,-12.0743024,71.03739129,31.8
22.27,-0.021032841,-12.0071687,71.13120278,31.8
22.282,-0.021032841,-11.8082088,71.17309217,31.7
22.295,-0.021032841,-11.54333581,71.26690366,31.7
22.308,-0.021891325,-11.17837257,71.39070424,31.6
22.32,-0.021891325,-10.78045277,71.5140281,31.7
22.333,-0.021891325,-10.31539927,71.66210599,31.4
22.346,-0.021891325,-9.851566387,71.68590657,31.4
22.359,-0.022749808,-9.353556341,71.76349682,31.3
22.371,-0.022749808,-8.7896332,71.89300919,31.3
22.384,-0.02317905,-8.225710059,72.05251064,31.2
22.397,-0.024037533,-7.62883037,72.28821152,31
22.409,-0.024466775,-6.998994135,72.4120121,30.9
22.422,-0.0257545,-6.367937287,72.58341385,30.8
22.435,-0.027042225,-5.672187957,72.71911472,30.7
22.448,-0.027900708,-4.942261467,72.77861618,30.7
22.46,-0.030476158,-4.17937843,72.81431705,30.7
22.473,-0.032622366,-3.383538846,72.81570789,30.7
22.486,-0.035627058,-2.520565554,72.90472171,30.8
22.498,-0.039060991,-1.625856329,72.90611254,30.8
22.511,-0.042494924,-0.662792783,72.83082724,31.1
22.524,-0.046787341,0.231916443,72.76791895,31.2
22.536,-0.053655207,1.193759376,72.62833452,31.6
22.549,-0.062240041,2.122645762,72.62492768,31.7
22.562,-0.07254184,3.051532148,72.50914383,32.1
22.575,-0.083702123,3.88032828,72.53524936,32.3
22.587,-0.097008615,4.677388477,72.5313658,32.6
22.6,-0.110744348,5.406094354,72.5922581,32.6
22.613,-0.125767806,6.103064296,72.4231613,32.9
22.625,-0.142937472,6.832990786,72.18266275,33.2
22.638,-0.162682589,7.562917276,72.0540645,33.4
22.651,-0.184573913,8.292843766,71.61836363,33.8
22.663,-0.210757654,9.055726803,71.05886217,34.3
22.676,-0.238658362,9.652606491,70.48746042,34.8
22.689,-0.264412862,10.01756974,69.88266275,35.5
22.702,-0.28716267,10.31539927,69.18976537,36.3
22.714,-0.308195511,10.68036252,69.14926683,36.4
22.727,-0.332662286,11.11123886,69.3540645,36.1
22.74,-0.357558302,11.41028901,69.1231613,36.2
22.752,-0.382025076,11.64220545,68.65655722,36.5
22.765,-0.403057918,11.77525225,68.53755431,36.5
22.778,-0.421515309,11.84116535,68.33045169,36.6
22.791,-0.436109525,11.87412189,67.93524936,36.9
22.803,-0.447269808,11.84116535,67.74623554,36.9
22.816,-0.454566917,11.74229571,67.70914383,36.9
22.829,-0.459717817,11.54333581,67.62013001,36.8
22.841,-0.461864025,11.27724221,67.48922681,36.8
22.854,-0.463580991,10.91227896,67.55832361,36.6
22.867,-0.46315175,10.41548953,67.49743131,36.6
22.879,-0.46315175,9.851566387,67.47132578,36.4
22.892,-0.461864025,9.287643246,67.44522025,36.2
22.905,-0.4605763,8.657807011,67.28341385,36.1
22.918,-0.45800085,8.026750163,67.07971806,36.1
22.93,-0.455854642,7.396913927,66.83600046,36
22.943,-0.451991467,6.732900532,66.66320787,36.1
22.956,-0.449416017,6.037151202,66.50989492,36.1
22.968,-0.4451236,5.307224712,66.30370642,36.4
22.981,-0.442118909,4.577298222,66.10370642,36.6
22.994,-0.438255734,3.88032828,65.83369551,36.8
23.007,-0.433963317,3.151622403,65.53369551,37.1
23.019,-0.430100142,2.421695913,65.26939638,37.4
23.032,-0.424949242,1.72472597,64.96939638,37.7
23.045,-0.420227584,0.961842933,64.67558489,37.9
23.057,-0.414218201,0.133046802,64.36939638,38.3
23.07,-0.407779576,-0.762883037,63.87558489,38.7
23.083,-0.399194743,-1.625856329,63.36939638,39.3
23.095,-0.391897634,-2.45465246,62.97558489,39.6
23.108,-0.384171285,-3.18457895,62.60509725,40.1
23.121,-0.376015693,-3.91450544,62.21128576,40.4
23.134,-0.368289343,-4.577298222,61.80509725,40.9
23.146,-0.360992235,-5.241311618,61.64698663,41
23.159,-0.352407402,-5.937060947,61.36459871,41.4
23.172,-0.343822569,-6.63403089,61.16459871,41.6
23.184,-0.336096219,-7.230910578,61.10029958,41.7
23.197,-0.329228352,-7.728920625,61.00029958,41.8
23.21,-0.323648211,-8.09388387,60.90029958,41.9
23.222,-0.318926552,-8.325800313,60.92981195,42
23.235,-0.316351103,-8.491803662,60.95980104,41.9
23.248,-0.314204894,-8.491803662,60.9831249,42.1
23.261,-0.312917169,-8.391713407,61.19550191,41.7
23.273,-0.312487928,-8.225710059,61.21882577,41.9
23.286,-0.311629444,-8.026750163,61.27309217,41.6
23.299,-0.311629444,-7.728920625,61.36071515,41.7
23.311,-0.312487928,-7.396913927,61.53259362,41.4
23.324,-0.312487928,-7.031950682,61.56210599,41.5
23.337,-0.312487928,-6.63403089,61.59209508,41.4
23.35,-0.312487928,-6.269067645,61.72160744,41.4
23.362,-0.312917169,-5.838191306,61.72779595,41.3
23.375,-0.312917169,-5.406094354,61.75730832,41.4
23.388,-0.313775653,-5.008174562,61.7991977,41.3
23.4,-0.314204894,-4.544341675,61.81680977,41.4
23.413,-0.315492619,-4.113465336,61.89440003,41.3
23.426,-0.316351103,-3.615455289,61.91820061,41.3
23.438,-0.318068069,-3.084488695,61.98960235,41.3
23.451,-0.319355794,-2.553522102,62.08480468,41.3
23.464,-0.321502002,-2.089689215,62.13811763,41.4
23.477,-0.322789727,-1.625856329,62.35140876,41.2
23.489,-0.324935936,-1.193759376,62.40472171,41.3
23.502,-0.326223661,-0.762883037,62.48231196,41.2
23.515,-0.327940627,-0.332006698,62.57132578,41.3
23.527,-0.329228352,0.100090254,62.76652811,41.2
23.54,-0.331374561,0.530966594,62.81365255,41.4
23.553,-0.333520769,0.961842933,62.91504339,41.3
23.565,-0.334808494,1.359762725,62.82214601,41.5
23.578,-0.337383944,1.757682517,62.92353684,41.4
23.591,-0.339959394,2.122645762,63.01873917,41.4
23.604,-0.342105602,2.421695913,63.1139415,41.4
23.616,-0.344681052,2.686568903,63.07344296,41.5
23.629,-0.346398019,2.918485347,63.2448447,41.4
23.642,-0.347685744,3.084488695,63.20434616,41.5
23.654,-0.348973469,3.151622403,63.20434616,41.5
23.667,-0.349831952,3.117445243,63.24004703,41.5
23.68,-0.350690435,3.018575601,63.30434616,41.4
23.692,-0.350690435,2.885528799,63.38054558,41.3
23.705,-0.350690435,2.653612356,63.30914383,41.3
23.718,-0.350690435,2.388739366,63.22013001,41.2
23.731,-0.350690435,2.023776121,63.12492768,41.2
23.743,-0.349831952,1.625856329,63.12353684,41.2
23.756,-0.349831952,1.226715924,63.03452302,41.1
23.769,-0.348973469,0.828796131,63.0212319,41.1
23.781,-0.348544227,0.397919792,63.02602957,41
23.794,-0.347685744,0,63.02463873,41
23.807,-0.347256502,-0.430876339,62.79992404,41
23.82,-0.345110294,-0.895929839,62.66902083,41
23.832,-0.344681052,-1.359762725,62.53811763,41
23.845,-0.342534844,-1.790639065,62.41292621,41.1
23.858,-0.340388635,-2.255692564,62.3120121,41
23.87,-0.33910091,-2.686568903,62.19300919,41
23.883,-0.337813185,-3.117445243,61.96210599,41.1
23.896,-0.33652546,-3.549542195,61.83120278,41.1
23.908,-0.334808494,-3.947461987,61.75980104,41.1
23.921,-0.332662286,-4.378338326,61.60029958,41.2
23.934,-0.330516077,-4.809214666,61.60029958,41.2
23.947,-0.328799111,-5.241311618,61.50029958,41.3
23.959,-0.327511386,-5.672187957,61.50029958,41.3
23.972,-0.325365177,-6.103064296,61.40029958,41.4
23.985,-0.323648211,-6.468027541,61.40029958,41.4
23.997,-0.321502002,-6.767077692,61.34218896,41.4
24.01,-0.320214277,-7.031950682,61.23600046,41.6
24.023,-0.318926552,-7.230910578,61.24218896,41.5
24.035,-0.317638827,-7.36395738,61.25361253,41.7
24.048,-0.317638827,-7.396913927,61.30169042,41.5
24.061,-0.316780344,-7.36395738,61.2893134,41.7
24.074,-0.316780344,-7.263867126,61.33739129,41.5
24.086,-0.316780344,-7.132040937,61.36071515,41.7
24.099,-0.316780344,-6.966037588,61.59070424,41.4
24.112,-0.316780344,-6.767077692,61.57832723,41.6
24.124,-0.316780344,-6.500984088,61.62640511,41.4
24.137,-0.316780344,-6.203154551,61.66210599,41.4
24.15,-0.316780344,-5.9041044,61.72160744,41.4
24.163,-0.316780344,-5.539141155,61.75730832,41.4
24.175,-0.316780344,-5.17417791,61.91062126,41.4
24.188,-0.317638827,-4.743301571,61.95251064,41.3
24.201,-0.318068069,-4.312425232,61.88821152,41.4
24.213,-0.318926552,-3.88032828,61.95390148,41.3
24.226,-0.319355794,-3.383538846,62.0367268,41.5
24.239,-0.321502002,-2.885528799,62.12050556,41.3
24.251,-0.322789727,-2.421695913,62.16763,41.5
24.264,-0.324077452,-1.923685866,62.27520934,41.3
24.277,-0.325365177,-1.45985298,62.37612345,41.4
24.29,-0.327511386,-0.99479948,62.57751429,41.2
24.302,-0.328799111,-0.530966594,62.63082724,41.3
24.315,-0.330086836,-0.032956547,62.73221807,41.2
24.328,-0.331374561,0.463832887,62.75693277,41.4
24.34,-0.333520769,0.961842933,62.85832361,41.3
24.353,-0.335237735,1.45985298,62.9830383,41.4
24.366,-0.337813185,1.956642413,63.05583088,41.4
24.378,-0.340388635,2.421695913,63.18673409,41.4
24.391,-0.343822569,2.918485347,63.34143787,41.4
24.404,-0.346398019,3.383538846,63.50804195,41.4
24.417,-0.350690435,3.847371732,63.65655722,41.5
24.429,-0.35455361,4.312425232,63.8231613,41.5
24.442,-0.358846027,4.776258118,64.08357687,41.5
24.455,-0.363567685,5.207134458,64.20876828,41.4
24.467,-0.368289343,5.60505425,64.3096824,41.5
24.48,-0.372152518,5.970017495,64.51107323,41.3
24.493,-0.376015693,6.302024192,64.52868531,41.4
24.506,-0.38030811,6.601074343,64.50627556,41.4
24.518,-0.383312801,6.832990786,64.40627556,41.5
24.531,-0.385888251,7.031950682,64.40627556,41.5
24.544,-0.388463701,7.132040937,64.37057469,41.5
24.556,-0.390180668,7.197954031,64.37057469,41.5
24.569,-0.391468393,7.164997484,64.23487382,41.6
24.582,-0.391897634,7.132040937,64.21726174,41.5
24.594,-0.392756118,7.064907229,64.17537236,41.6
24.607,-0.393185359,6.966037588,64.17537236,41.6
24.62,-0.393185359,6.832990786,64.13967149,41.6
24.633,-0.393185359,6.699943985,64.1158709,41.6
24.645,-0.393185359,6.533940636,64.02205941,41.6
24.658,-0.393185359,6.367937287,64.08635854,41.5
24.671,-0.393185359,6.168977391,64.05065767,41.5
24.683,-0.393185359,5.9041044,63.99115621,41.5
24.696,-0.393185359,5.63923141,63.91356596,41.6
24.709,-0.393185359,5.340181259,63.86025301,41.5
24.721,-0.391897634,5.042351722,63.85267366,41.6
24.734,-0.391897634,4.710345024,63.86365984,41.4
24.747,-0.391468393,4.345381779,63.85036872,41.4
24.76,-0.390609909,4.013375081,63.73755431,41.3
24.772,-0.388463701,3.648411836,63.62426318,41.4
24.785,-0.38803446,3.217535497,63.59954849,41.2
24.798,-0.386746735,2.819615705,63.47435707,41.3
24.81,-0.38545901,2.388739366,63.34964238,41.2
24.823,-0.384171285,1.989598961,63.21255067,41.3
24.836,-0.38288356,1.591679168,63.05832361,41.1
24.849,-0.380737351,1.160802829,62.89743131,41.2
24.861,-0.379449626,0.762883037,62.76652811,41.2
24.874,-0.378161901,0.332006698,62.49992404,41.3
24.887,-0.376015693,-0.100090254,62.36902083,41.3
24.899,-0.374298726,-0.530966594,62.21431705,41.3
24.912,-0.372152518,-0.961842933,61.98341385,41.4
24.925,-0.370435552,-1.359762725,61.82299828,41.3
24.937,-0.368289343,-1.757682517,61.62160744,41.5
24.95,-0.366143135,-2.122645762,61.43259362,41.5
24.963,-0.364426168,-2.520565554,61.23120278,41.7
24.976,-0.363138443,-2.885528799,61.16598955,41.6
24.988,-0.360562993,-3.316405139,61.02362344,42
25.001,-0.358416785,-3.781458638,60.86459871,41.9
25.014,-0.355841335,-4.212334977,60.63460962,42.2
25.026,-0.353695127,-4.710345024,60.54698663,42.1
25.039,-0.349831952,-5.207134458,60.33460962,42.5
25.052,-0.347256502,-5.771057599,60.27078722,42.4
25.064,-0.343822569,-6.33498074,60.16459871,42.6
25.077,-0.339959394,-6.832990786,60.17078722,42.5
25.09,-0.33652546,-7.296823673,60.06459871,42.7
25.103,-0.333520769,-7.694743465,60.00029958,42.8
25.115,-0.330086836,-8.05970671,59.90029958,42.9
25.128,-0.327511386,-8.35875686,59.80029958,43
25.141,-0.324935936,-8.590673304,59.84218896,42.9
25.153,-0.322789727,-8.756676652,59.73600046,43.1
25.166,-0.320643519,-8.889723454,59.76598955,43
25.179,-0.319355794,-8.988593096,59.75980104,43.1
25.192,-0.318926552,-9.055726803,59.76598955,43
25.204,-0.317638827,-9.08868335,59.75361253,43.2
25.217,-0.316780344,-9.121639897,59.80169042,43
25.23,-0.316351103,-9.154596445,59.79550191,43.1
25.242,-0.315492619,-9.187552992,59.80169042,43
25.255,-0.315063378,-9.187552992,59.79550191,43.1
25.268,-0.315063378,-9.187552992,59.80169042,43
25.28,-0.313775653,-9.221730152,59.83120278,43.1
25.293,-0.313775653,-9.221730152,59.83120278,43.1
25.306,-0.312917169,-9.187552992,59.83120278,43.1
25.319,-0.312917169,-9.154596445,59.83120278,43.1
25.331,-0.312487928,-9.08868335,59.83739129,43
25.344,-0.312487928,-9.021549643,59.93120278,43
25.357,-0.311629444,-8.988593096,60.06690366,42.9
25.369,-0.312487928,-8.889723454,60.06071515,43
25.382,-0.311629444,-8.822589747,59.96690366,43
25.395,-0.312487928,-8.723720105,59.96690366,43
25.407,-0.312487928,-8.590673304,60.09070424,42.9
25.42,-0.312487928,-8.457626502,60.09070424,42.9
25.433,-0.312487928,-8.258666606,60.13259362,42.8
25.446,-0.312487928,-8.05970671,60.16210599,42.9
25.458,-0.312487928,-7.827790266,60.16210599,42.9
25.471,-0.312487928,-7.62883037,60.28590657,42.8
25.484,-0.312487928,-7.429870474,60.22160744,42.9
25.496,-0.312487928,-7.230910578,60.22160744,42.9
25.509,-0.312487928,-6.998994135,60.35730832,42.8
25.522,-0.312487928,-6.800034239,60.39300919,42.8
25.535,-0.312487928,-6.601074343,60.39300919,42.8
25.547,-0.312917169,-6.402114447,60.41680977,42.8
25.56,-0.312917169,-6.203154551,60.41680977,42.8
25.573,-0.312917169,-6.004194655,60.51680977,42.7
25.585,-0.313775653,-5.838191306,60.55251064,42.7
25.598,-0.313775653,-5.672187957,60.55251064,42.7
25.611,-0.314204894,-5.506184608,60.45251064,42.8
25.623,-0.313775653,-5.340181259,60.45251064,42.8
25.636,-0.314204894,-5.17417791,60.58821152,42.7
25.649,-0.314204894,-4.975218014,60.58821152,42.7
25.662,-0.315492619,-4.809214666,60.6120121,42.7
25.674,-0.315063378,-4.610254769,60.5120121,42.8
25.687,-0.315492619,-4.411294873,60.5120121,42.8
25.7,-0.316351103,-4.212334977,60.54771297,42.8
25.712,-0.316780344,-4.013375081,60.54771297,42.8
25.725,-0.317638827,-3.781458638,60.58341385,42.8
25.738,-0.318068069,-3.582498742,60.62530323,42.7
25.75,-0.318926552,-3.350582299,60.6429153,42.8
25.763,-0.319355794,-3.151622403,60.68480468,42.7
25.776,-0.320214277,-2.985619054,60.67861618,42.8
25.789,-0.320643519,-2.786659158,60.71431705,42.8
25.801,-0.321502002,-2.587699262,60.83192912,42.8
25.814,-0.322360486,-2.388739366,60.8738185,42.7
25.827,-0.322789727,-2.18977947,60.90333087,42.8
25.839,-0.323648211,-1.956642413,60.94522025,42.7
25.852,-0.324077452,-1.72472597,60.96283233,42.8
25.865,-0.324935936,-1.492809527,60.94042258,42.8
25.878,-0.325365177,-1.226715924,60.97612345,42.8
25.89,-0.326223661,-0.99479948,61.03562491,42.8
25.903,-0.327511386,-0.72992649,61.07132578,42.8
25.916,-0.327940627,-0.430876339,61.13082724,42.8
25.928,-0.329228352,-0.133046802,61.20841749,42.7
25.941,-0.330086836,0.166003349,61.26173044,42.8
25.954,-0.332233044,0.530966594,61.3274204,42.7
25.966,-0.333520769,0.895929839,61.42214601,42.9
25.979,-0.335237735,1.260893084,61.42972535,42.8
25.992,-0.337383944,1.691769423,61.55444005,42.9
26.005,-0.33910091,2.122645762,61.67963147,42.8
26.017,-0.342105602,2.620655809,61.80434616,42.9
26.03,-0.345968777,3.117445243,61.87713874,42.9
26.043,-0.348973469,3.648411836,62.06135489,43
26.055,-0.353695127,4.17937843,62.28746042,43
26.068,-0.358416785,4.743301571,62.49595388,42.9
26.081,-0.364426168,5.307224712,62.78017003,42.9
26.093,-0.369577068,5.9041044,62.94106232,42.8
26.106,-0.375586451,6.468027541,63.14197644,42.8
26.119,-0.382025076,7.031950682,63.17196553,42.7
26.132,-0.388463701,7.595873823,63.19528938,42.9
26.144,-0.396619293,8.09388387,63.20147789,42.8
26.157,-0.403916401,8.524760209,63.08910088,43.1
26.17,-0.410355026,8.822589747,62.99528938,43.1
26.182,-0.416364409,8.988593096,62.8534,43.3
26.195,-0.421086067,9.021549643,62.74197644,43.2
26.208,-0.422803034,8.856766907,62.53578793,43.5
26.221,-0.424949242,8.524760209,62.30627556,43.6
26.233,-0.424949242,8.09388387,62.07057469,43.8
26.246,-0.425378484,7.694743465,61.81726174,43.9
26.259,-0.424949242,7.36395738,61.92205941,43.7
26.271,-0.424949242,7.031950682,61.91495679,43.6
26.284,-0.424090759,6.666987437,61.91975446,43.5
26.297,-0.423661517,6.269067645,61.98266275,43.4
26.309,-0.422373792,5.838191306,61.96984835,43.2
26.322,-0.421515309,5.373137807,61.93275664,43.2
26.335,-0.419798342,4.90930492,61.77234107,43.1
26.348,-0.417652134,4.444251421,61.69954849,43.1
26.36,-0.416364409,3.91450544,61.55103321,43
26.373,-0.414218201,3.350582299,61.37824063,43.1
26.386,-0.412501234,2.71952545,61.15832361,43
26.398,-0.409925784,2.089689215,60.96173044,43.1
26.411,-0.406921093,1.426896432,60.70611254,43
26.424,-0.404345643,0.696969943,60.3738185,43.2
26.436,-0.401340951,-0.100090254,59.99440003,43.2
26.449,-0.396619293,-0.961842933,59.53259362,43.4
26.462,-0.391897634,-1.923685866,59.16598955,43.6
26.475,-0.385888251,-2.985619054,58.64698663,44
26.487,-0.378591143,-4.146421883,58.17558489,44.4
26.5,-0.370435552,-5.473228061,57.77558489,44.8
26.513,-0.360562993,-6.931860428,57.47558489,45.1
26.525,-0.348544227,-8.424669955,57.30509725,45.4
26.538,-0.334808494,-9.81860984,57.04079813,45.7
26.551,-0.318068069,-11.07828231,56.83460962,46
26.564,-0.299181436,-12.20612859,56.44079813,46.3
26.576,-0.277290112,-13.16797153,56.04079813,46.7
26.589,-0.254969545,-14.03094482,55.74079813,47
26.602,-0.231361254,-14.79382785,55.34079813,47.4
26.614,-0.20689448,-15.45662064,55.04079813,47.7
26.627,-0.18113998,-16.05350033,54.74079813,48
26.64,-0.15538548,-16.58446692,54.56459871,48.2
26.652,-0.128772498,-17.08247697,54.26459871,48.5
26.665,-0.102159515,-17.48039676,54.06459871,48.7
26.678,-0.077263499,-17.84536,54.00029958,48.8
26.691,-0.054084449,-18.14318954,53.80648809,48.9
26.703,-0.033051608,-18.40928314,53.70029958,49.1
26.716,-0.014594216,-18.57528649,53.60648809,49.1
26.729,0.000429242,-18.67415613,53.53600046,49.3
26.741,0.011589525,-18.67415613,53.53600046,49.3
26.754,0.018886633,-18.57528649,53.43600046,49.4
26.767,0.023608291,-18.3763266,53.43600046,49.4
26.779,0.026183741,-18.11023299,53.45980104,49.4
26.792,0.027042225,-17.7123132,53.50169042,49.3
26.805,0.027471466,-17.21552377,53.50169042,49.3
26.818,0.027471466,-16.68455717,53.53739129,49.3
26.83,0.027471466,-16.12063403,53.57309217,49.3
26.843,0.027471466,-15.55671089,53.56690366,49.4
26.856,0.027042225,-14.9598312,53.69689275,49.2
26.868,0.025325258,-14.39590806,53.69070424,49.3
26.881,0.024896016,-13.76485121,53.82640511,49.2
26.894,0.022749808,-13.13501498,53.82021661,49.3
26.907,0.020174358,-12.4722222,53.76210599,49.3
26.919,0.018457391,-11.74229571,53.65591748,49.5
26.932,0.0154527,-10.91227896,53.56210599,49.5
26.945,0.01287725,-10.05052628,53.45591748,49.7
26.957,0.009014075,-9.154596445,53.26210599,49.8
26.97,0.0051509,-8.258666606,52.99070424,50
26.983,0,-7.331000833,52.66690366,50.3
26.995,-0.004721658,-6.402114447,52.33120278,50.6
27.008,-0.010731041,-5.406094354,51.99550191,50.9
27.021,-0.01802815,-4.378338326,51.69550191,51.2
27.034,-0.027042225,-3.316405139,51.29550191,51.6
27.046,-0.037773266,-2.255692564,50.80169042,52
27.059,-0.050650516,-1.193759376,50.33120278,52.6
27.072,-0.06481549,-0.231916443,49.99689275,52.9
27.084,-0.078551224,0.629836235,49.76210599,53.3
27.097,-0.092286957,1.326806178,49.56349682,53.5
27.11,-0.105593448,2.023776121,49.45251064,53.8
27.122,-0.120187664,2.620655809,49.25390148,54
27.135,-0.133923398,3.151622403,49.2429153,54.2
27.148,-0.148946856,3.648411836,49.22050556,54.2
27.161,-0.163541072,4.113465336,49.20333087,54.5
27.173,-0.17856453,4.544341675,49.16902083,54.5
27.186,-0.193158746,4.90930492,49.13423407,54.7
27.199,-0.207752963,5.274268165,49.17612345,54.6
27.211,-0.220200971,5.60505425,49.06993495,54.8
27.224,-0.231790496,5.838191306,49.09373553,54.8
27.237,-0.241233812,5.970017495,48.96993495,54.9
27.25,-0.247672437,6.037151202,48.93423407,54.9
27.262,-0.251535612,5.937060947,48.86902083,54.8
27.275,-0.252823337,5.672187957,48.7738185,54.8
27.288,-0.25368182,5.241311618,48.78480468,54.6
27.3,-0.25368182,4.710345024,48.64771297,54.7
27.313,-0.252823337,4.079288176,48.4991977,54.6
27.326,-0.251535612,3.416495393,48.29070424,54.7
27.338,-0.249818645,2.752481998,48.14218896,54.6
27.351,-0.247672437,2.089689215,47.90509725,54.8
27.364,-0.245096987,1.426896432,47.83988401,54.7
27.377,-0.242521537,0.72992649,47.73369551,54.9
27.389,-0.239087604,0.065913094,47.57558489,55
27.402,-0.235224429,-0.662792783,47.36939638,55.3
27.415,-0.230502771,-1.392719272,47.07558489,55.5
27.427,-0.226210354,-2.122645762,46.86939638,55.8
27.44,-0.220630213,-2.852572252,46.57558489,56
27.453,-0.214620829,-3.549542195,46.40509725,56.3
27.465,-0.208182204,-4.312425232,46.20509725,56.5
27.478,-0.200885096,-5.17417791,46.03460962,56.8
27.491,-0.191871021,-6.103064296,45.93460962,56.9
27.504,-0.181998463,-7.031950682,45.66459871,57.1
27.516,-0.17341363,-7.860746814,45.60029958,57.2
27.529,-0.165258039,-8.557716756,45.50029958,57.3
27.542,-0.158390172,-9.121639897,45.53600046,57.3
27.554,-0.152380789,-9.619649944,45.55980104,57.3
27.567,-0.146371406,-9.984613189,45.55980104,57.3
27.58,-0.141649747,-10.31539927,45.55980104,57.3
27.593,-0.137786572,-10.58149288,45.55980104,57.3
27.605,-0.134352639,-10.78045277,45.69550191,57.2
27.618,-0.131777189,-10.91227896,45.69550191,57.2
27.631,-0.129201739,-10.97941267,45.73120278,57.2
27.643,-0.127914014,-10.94645612,45.73739129,57.1
27.656,-0.127055531,-10.84636587,45.86690366,57.1
27.669,-0.126626289,-10.68036252,45.87309217,57
27.681,-0.126626289,-10.41548953,45.86690366,57.1
27.694,-0.126626289,-10.05052628,45.99070424,57
27.707,-0.126626289,-9.585472784,46.22021661,56.9
27.72,-0.127055531,-9.121639897,46.27971806,56.9
27.732,-0.127055531,-8.623629851,46.31541894,56.9
27.745,-0.127914014,-8.159796964,46.35730832,56.8
27.758,-0.128772498,-7.661786918,46.39300919,56.8
27.77,-0.130060223,-7.132040937,46.51680977,56.7
27.783,-0.130489464,-6.63403089,46.55251064,56.7
27.796,-0.131777189,-6.103064296,46.58821152,56.7
27.808,-0.133923398,-5.60505425,46.48821152,56.8
27.821,-0.135211123,-5.075308269,46.5120121,56.8
27.834,-0.137786572,-4.577298222,46.55390148,56.7
27.847,-0.139932781,-4.079288176,46.58341385,56.8
27.859,-0.142508231,-3.582498742,46.64910381,56.7
27.872,-0.144225197,-3.051532148,46.57242767,57
27.885,-0.146800647,-2.553522102,46.64430614,56.8
27.897,-0.149805339,-2.023776121,46.70333087,57
27.91,-0.152810031,-1.525766074,46.77520934,56.8
27.923,-0.154956239,-1.027756028,46.74042258,57
27.936,-0.158390172,-0.596879688,46.89992404,56.9
27.948,-0.160965622,-0.133046802,46.98893786,57
27.961,-0.163970314,0.332006698,47.0603396,57
27.974,-0.167404247,0.762883037,47.06173044,57
27.986,-0.171267422,1.193759376,47.15693277,57
27.999,-0.175130597,1.591679168,47.1521351,57.1
28.012,-0.17856453,1.923685866,47.24114892,57.2
28.024,-0.181998463,2.122645762,47.32492768,57
28.037,-0.184573913,2.255692564,47.35444005,57.1
28.05,-0.185861638,2.288649111,47.46062855,56.9
28.063,-0.186720122,2.222736017,47.44825154,57.1
28.075,-0.187149363,2.089689215,47.42492768,56.9
28.088,-0.186720122,1.890729319,47.37684979,57.1
28.101,-0.186720122,1.658812876,47.42972535,56.8
28.113,-0.186720122,1.392719272,47.32214601,57
28.126,-0.186720122,1.094889735,47.2274204,56.8
28.139,-0.186720122,0.762883037,47.16173044,56.9
28.151,-0.186720122,0.397919792,47.17271662,56.7
28.164,-0.185861638,0.065913094,47.19512636,56.7
28.177,-0.185861638,-0.299050151,47.09992404,56.7
28.19,-0.184573913,-0.662792783,46.9985332,56.8
28.202,-0.18371543,-1.061933188,47.00951938,56.6
28.215,-0.182427705,-1.492809527,46.91431705,56.6
28.228,-0.18113998,-1.923685866,46.81911472,56.6
28.24,-0.179423013,-2.388739366,46.68821152,56.6
28.253,-0.178135288,-2.852572252,46.58682068,56.7
28.266,-0.175130597,-3.350582299,46.36210599,56.7
28.279,-0.172555147,-3.847371732,46.26071515,56.8
28.291,-0.169979697,-4.444251421,46.15980104,56.7
28.304,-0.167404247,-5.108264816,46.13600046,56.7
28.317,-0.163970314,-5.771057599,46.00648809,56.7
28.329,-0.161394864,-6.402114447,45.96459871,56.8
28.342,-0.158390172,-7.031950682,45.87078722,56.8
28.355,-0.154956239,-7.694743465,45.90029958,56.9
28.367,-0.151093064,-8.391713407,45.80648809,56.9
28.38,-0.146371406,-9.08868335,45.80029958,57
28.393,-0.141649747,-9.78443268,45.83600046,57
28.406,-0.136928089,-10.41548953,45.83600046,57
28.418,-0.132635673,-10.94645612,45.86598955,56.9
28.431,-0.127914014,-11.34437591,45.85980104,57
28.444,-0.124050839,-11.6092489,45.89550191,57
28.456,-0.121475389,-11.77525225,45.89550191,57
28.469,-0.119329181,-11.77525225,45.93120278,57
28.482,-0.117182973,-11.675162,46.03120278,56.9
28.494,-0.117182973,-11.51037926,46.03120278,56.9
28.507,-0.116753731,-11.24428566,46.16071515,56.9
28.52,-0.117182973,-10.94645612,46.19070424,56.8
28.533,-0.117182973,-10.58149288,46.28451573,56.8
28.545,-0.118041456,-10.14939592,46.32640511,56.7
28.558,-0.117182973,-9.718519585,46.35591748,56.8
28.571,-0.118899939,-9.287643246,46.42160744,56.7
28.583,-0.118899939,-8.822589747,46.45111981,56.8
28.596,-0.120187664,-8.325800313,46.3991977,56.7
28.609,-0.120616906,-7.827790266,46.41680977,56.8
28.622,-0.121904631,-7.230910578,46.58821152,56.7
28.634,-0.123192356,-6.666987437,46.58821152,56.7
28.647,-0.125338564,-6.037151202,46.51820061,56.7
28.66,-0.126626289,-5.406094354,46.54771297,56.8
28.672,-0.129201739,-4.743301571,46.48341385,56.9
28.685,-0.131347948,-4.079288176,46.5429153,56.9
28.698,-0.134352639,-3.383538846,46.51431705,57
28.71,-0.137786572,-2.653612356,46.60951938,57
28.723,-0.141649747,-1.890729319,46.60472171,57.1
28.736,-0.145083681,-1.160802829,46.70611254,57
28.749,-0.148946856,-0.430876339,46.73082724,57.2
28.761,-0.154097755,0.332006698,46.76791895,57.2
28.774,-0.160107139,1.127846282,46.9521351,57.3
28.787,-0.16826273,1.923685866,47.16062855,57.2
28.799,-0.17598908,2.653612356,47.37435707,57.4
28.812,-0.185861638,3.350582299,47.60665111,57.3
28.825,-0.19659268,3.980418534,47.85036872,57.4
28.837,-0.208182204,4.544341675,47.96505068,57.3
28.85,-0.220630213,5.108264816,48.14307832,57.5
28.863,-0.235224429,5.63923141,48.28017003,57.4
28.876,-0.25110637,6.203154551,48.36918385,57.5
28.888,-0.269563762,6.767077692,48.33487382,57.5
28.901,-0.289308878,7.263867126,48.22868531,57.7
28.914,-0.310770961,7.761877172,48.13487382,57.7
28.926,-0.333950011,8.192753511,47.91107323,57.9
28.939,-0.35712906,8.524760209,47.71107323,58.1
28.952,-0.378591143,8.822589747,47.57537236,58.2
28.965,-0.398336259,9.08868335,47.43967149,58.3
28.977,-0.417652134,9.254686699,47.2158709,58.5
28.99,-0.433963317,9.353556341,47.08017003,58.6
29.003,-0.446411325,9.420690048,46.95065767,58.6
29.015,-0.456283883,9.420690048,46.84446916,58.8
29.028,-0.46315175,9.353556341,46.81495679,58.7
29.041,-0.467014925,9.187552992,46.6787792,59
29.053,-0.469161133,8.889723454,46.55545534,58.9
29.066,-0.469590375,8.524760209,46.50737745,59.1
29.079,-0.470448858,8.126840417,46.36025301,59
29.092,-0.469590375,7.694743465,46.25886217,59.1
29.104,-0.469590375,7.230910578,46.36984835,58.8
29.117,-0.46830265,6.767077692,46.35655722,58.8
29.13,-0.467014925,6.302024192,46.34374282,58.6
29.142,-0.464439475,5.805234759,46.17095024,58.7
29.155,-0.462293266,5.307224712,46.01053467,58.6
29.168,-0.459717817,4.776258118,45.85583088,58.6
29.18,-0.45800085,4.245291525,45.62972535,58.6
29.193,-0.454996158,3.681368384,45.4274204,58.6
29.206,-0.453279192,3.117445243,45.17132578,58.7
29.219,-0.449845258,2.553522102,44.93903174,58.8
29.231,-0.446411325,1.956642413,44.57722534,58.9
29.244,-0.44254815,1.326806178,44.15730832,59
29.257,-0.438684975,0.72992649,43.76690366,59.2
29.269,-0.433963317,0.100090254,43.43600046,59.4
29.282,-0.428812417,-0.498010047,43.04079813,59.7
29.295,-0.422373792,-1.127846282,42.66939638,60
29.308,-0.416364409,-1.790639065,42.33369551,60.3
29.32,-0.407779576,-2.487609007,41.96939638,60.7
29.333,-0.398336259,-3.151622403,41.56939638,61.1
29.346,-0.389322184,-3.814415185,41.26939638,61.4
29.358,-0.379449626,-4.444251421,40.90509725,61.8
29.371,-0.370435552,-5.042351722,40.64079813,62.1
29.384,-0.360562993,-5.60505425,40.44079813,62.3
29.396,-0.349831952,-6.203154551,40.26459871,62.5
29.409,-0.339959394,-6.767077692,40.20029958,62.6
29.422,-0.330516077,-7.263867126,40.10029958,62.7
29.435,-0.322360486,-7.661786918,40.03600046,62.8
29.447,-0.315063378,-7.960837068,40.03600046,62.8
29.46,-0.309483236,-8.192753511,40.03600046,62.8
29.473,-0.305620061,-8.325800313,40.06598955,62.7
29.485,-0.303044611,-8.325800313,40.09550191,62.8
29.498,-0.301756886,-8.258666606,40.10169042,62.7
29.511,-0.300469161,-8.09388387,40.23739129,62.6
29.523,-0.300469161,-7.894923974,40.27309217,62.6
29.536,-0.299610678,-7.62883037,40.48451573,62.6
29.549,-0.300469161,-7.296823673,40.62640511,62.4
29.562,-0.300469161,-6.931860428,40.65591748,62.5
29.574,-0.300898403,-6.533940636,40.69209508,62.3
29.587,-0.300469161,-6.136020844,40.72160744,62.4
29.6,-0.301756886,-5.705144504,40.72779595,62.3
29.612,-0.302615369,-5.307224712,40.75111981,62.5
29.625,-0.304332336,-4.842171213,40.79300919,62.4
29.638,-0.305620061,-4.345381779,40.94632214,62.4
29.651,-0.307766269,-3.781458638,40.98821152,62.3
29.663,-0.309483236,-3.217535497,41.04771297,62.3
29.676,-0.312487928,-2.686568903,41.1429153,62.3
29.689,-0.315063378,-2.155602309,41.21431705,62.3
29.701,-0.317638827,-1.591679168,41.30951938,62.3
29.714,-0.320214277,-0.99479948,41.50472171,62.2
29.727,-0.323648211,-0.397919792,41.59992404,62.2
29.739,-0.326652902,0.198959896,41.73082724,62.2
29.752,-0.330516077,0.762883037,41.82602957,62.2
29.765,-0.336096219,1.392719272,41.89882215,62.2
29.778,-0.342105602,2.023776121,42.14733743,62.2
29.79,-0.348973469,2.653612356,42.35583088,62.1
29.803,-0.356270577,3.316405139,42.67574791,62.1
29.816,-0.366143135,3.947461987,43.00804195,61.9
29.828,-0.376015693,4.577298222,43.31558195,62.1
29.841,-0.386746735,5.207134458,43.6540645,61.8
29.854,-0.397048534,5.805234759,43.80257978,61.9
29.866,-0.409067301,6.402114447,44.03967149,61.7
29.879,-0.421515309,6.998994135,44.13487382,61.7
29.892,-0.435251042,7.562917276,44.20627556,61.7
29.905,-0.449845258,8.09388387,44.20627556,61.7
29.917,-0.464439475,8.524760209,44.20627556,61.7
29.93,-0.480321416,8.889723454,44.20627556,61.7
29.943,-0.495344874,9.154596445,44.10627556,61.8
29.955,-0.511226816,9.420690048,44.0767632,61.7
29.968,-0.525821032,9.619649944,44.10627556,61.8
29.981,-0.54084449,9.78443268,43.9767632,61.8
29.994,-0.554150981,9.917479482,43.87057469,62
30.006,-0.567028231,10.01756974,43.8767632,61.9
30.019,-0.579046998,10.08348283,43.77057469,62.1
30.032,-0.589348797,10.11643938,43.61246407,62.2
30.044,-0.597933631,10.11643938,43.44197644,62.5
30.057,-0.603943014,10.08348283,43.24816494,62.6
30.07,-0.609093914,10.08348283,43.24197644,62.7
30.082,-0.61338633,10.08348283,43.40627556,62.5
30.095,-0.616391022,10.05052628,43.36438618,62.6
30.108,-0.618966472,9.950436029,43.42868531,62.5
30.121,-0.619824955,9.81860984,43.46918385,62.4
30.133,-0.62111268,9.585472784,43.5096824,62.3
30.146,-0.62111268,9.287643246,43.43828065,62.3
30.159,-0.62111268,8.955636548,43.44307832,62.2
30.171,-0.620254197,8.557716756,43.4540645,62
30.184,-0.619824955,8.192753511,43.35886217,62
30.197,-0.617678747,7.794833719,43.36365984,61.9
30.209,-0.616391022,7.396913927,43.35655722,61.8
30.222,-0.614674055,6.998994135,43.24374282,61.7
30.235,-0.61338633,6.63403089,43.23045169,61.7
30.248,-0.611240122,6.236111098,43.205737,61.5
30.26,-0.609093914,5.838191306,43.08054558,61.6
30.273,-0.607376947,5.406094354,42.94964238,61.6
30.286,-0.605230739,4.942261467,42.8830383,61.5
30.298,-0.602655289,4.511385128,42.7521351,61.5
30.311,-0.600509081,4.079288176,42.49743131,61.6
30.324,-0.597933631,3.615455289,42.33082724,61.6
30.337,-0.595358181,3.151622403,42.14042258,61.6
30.349,-0.592782731,2.71952545,41.83811763,61.7
30.362,-0.590207281,2.222736017,41.45390148,61.8
30.375,-0.586773348,1.72472597,41.16349682,61.9
30.387,-0.582910173,1.226715924,40.89689275,62
30.4,-0.579046998,0.72992649,40.60169042,62.2
30.413,-0.574325339,0.166003349,40.30648809,62.4
30.425,-0.56917444,-0.463832887,39.96459871,62.8
30.438,-0.561877331,-1.094889735,39.70509725,63
30.451,-0.553292498,-1.824816225,39.36939638,63.3
30.464,-0.542561457,-2.620655809,38.86320787,63.9
30.476,-0.531401174,-3.383538846,38.46939638,64.2
30.489,-0.51766544,-4.113465336,37.96320787,64.8
30.502,-0.505217432,-4.842171213,37.56939638,65.1
30.514,-0.490193974,-5.572097703,37.29890875,65.5
30.527,-0.47345355,-6.367937287,36.94079813,65.8
30.54,-0.453708433,-7.230910578,36.7584102,66.1
30.552,-0.43224635,-8.126840417,36.46459871,66.3
30.565,-0.406921093,-8.955636548,36.2584102,66.6
30.578,-0.381595835,-9.751476133,36.06459871,66.7
30.591,-0.353265885,-10.51435917,35.99411108,66.9
30.603,-0.323648211,-11.21132911,35.90029958,66.9
30.616,-0.292742811,-11.87412189,35.92981195,67
30.629,-0.25883272,-12.50517874,35.93600046,66.9
30.641,-0.224493388,-13.10205843,35.93600046,66.9
30.654,-0.189295572,-13.66598157,35.95980104,66.9
30.667,-0.152810031,-14.16277101,36.05980104,66.8
30.68,-0.115466006,-14.66078105,36.15980104,66.7
30.692,-0.078551224,-15.09165739,36.25980104,66.6
30.705,-0.040777958,-15.52375434,36.35980104,66.5
30.718,-0.004721658,-15.92167414,36.50169042,66.3
30.73,0.030905399,-16.28663738,36.59550191,66.3
30.743,0.065244732,-16.61742347,36.80169042,66
30.756,0.097867098,-16.88351707,36.92501428,66.1
30.768,0.128343256,-17.14839006,37.03739129,65.8
30.781,0.155814722,-17.34734996,37.22501428,65.8
30.794,0.180281497,-17.5133533,37.33120278,65.6
30.807,0.201314338,-17.61344356,37.32501428,65.7
30.819,0.217196279,-17.67935665,37.43120278,65.5
30.832,0.229644287,-17.64640011,37.43120278,65.5
30.845,0.237370637,-17.54630985,37.43739129,65.4
30.857,0.242092296,-17.28143686,37.43739129,65.4
30.87,0.244667745,-16.94943016,37.43120278,65.5
30.883,0.24595547,-16.48559728,37.46690366,65.5
30.895,0.245526229,-15.92167414,37.46071515,65.6
30.908,0.245526229,-15.32479445,37.49070424,65.5
30.921,0.244667745,-14.6937376,37.39070424,65.6
30.934,0.244238504,-14.09685791,37.29689275,65.6
30.946,0.243380021,-13.49997822,37.32021661,65.8
30.959,0.242092296,-12.87014199,37.36829449,65.6
30.972,0.240375329,-12.20612859,37.26210599,65.8
30.984,0.236941396,-11.4762021,37.16829449,65.8
30.997,0.234365946,-10.68036252,37.06210599,66
31.01,0.230502771,-9.851566387,36.83259362,66.1
31.023,0.225781113,-9.021549643,36.59070424,66.4
31.035,0.220630213,-8.159796964,36.13739129,66.7
31.048,0.214620829,-7.296823673,35.74218896,67
31.061,0.206035996,-6.402114447,35.30029958,67.5
31.073,0.19659268,-5.506184608,34.77078722,67.9
31.086,0.184144672,-4.577298222,34.16459871,68.6
31.099,0.169121214,-3.582498742,33.47078722,69.2
31.111,0.149805339,-2.620655809,32.76459871,70
31.124,0.127484773,-1.658812876,32.07078722,70.6
31.137,0.101730273,-0.795839584,31.50029958,71.3
31.15,0.075546532,-0.065913094,31.00648809,71.7
31.162,0.048504307,0.563923141,30.80029958,72
31.175,0.019745116,1.160802829,30.53600046,72.3
31.188,-0.010731041,1.72472597,30.32981195,72.6
31.2,-0.042924166,2.222736017,30.13600046,72.7
31.213,-0.07769274,2.71952545,30.05980104,72.8
31.226,-0.113319798,3.151622403,29.95980104,72.9
31.238,-0.151093064,3.582498742,29.85980104,73
31.251,-0.188007847,3.980418534,29.99550191,72.9
31.264,-0.225351871,4.345381779,29.8893134,73.1
31.277,-0.262266654,4.743301571,29.89550191,73
31.289,-0.297893711,5.075308269,29.99550191,72.9
31.302,-0.330086836,5.340181259,29.99550191,72.9
31.315,-0.358416785,5.572097703,30.09550191,72.8
31.327,-0.380737351,5.705144504,30.05980104,72.8
31.34,-0.397048534,5.805234759,30.15980104,72.7
31.353,-0.408638059,5.738101051,30.23600046,72.6
31.366,-0.412930476,5.539141155,30.23600046,72.6
31.378,-0.415076684,5.17417791,30.30029958,72.5
31.391,-0.414218201,4.610254769,30.26459871,72.5
31.404,-0.413788959,3.980418534,30.24698663,72.4
31.416,-0.412501234,3.316405139,30.11128576,72.5
31.429,-0.410355026,2.653612356,29.91128576,72.7
31.442,-0.406491851,1.956642413,29.71128576,72.9
31.454,-0.403057918,1.293849631,29.51128576,73.1
31.467,-0.397907018,0.563923141,29.16939638,73.5
31.48,-0.390609909,-0.198959896,28.87558489,73.7
31.493,-0.381595835,-0.961842933,28.56939638,74.1
31.505,-0.369577068,-1.757682517,28.06939638,74.6
31.518,-0.354982852,-2.553522102,27.66320787,75.1
31.531,-0.33652546,-3.416495393,27.26939638,75.4
31.543,-0.312487928,-4.345381779,26.66320787,76.1
31.556,-0.281153286,-5.307224712,26.06939638,76.6
31.569,-0.242521537,-6.367937287,25.69890875,77.1
31.581,-0.197880405,-7.429870474,25.60509725,77.1
31.594,-0.148946856,-8.491803662,25.64079813,77.1
31.607,-0.097437857,-9.552516237,25.89411108,77
31.62,-0.042494924,-10.61444942,26.23600046,76.6
31.632,0.016311183,-11.64220545,26.59550191,76.3
31.645,0.078980465,-12.63700493,27.13120278,75.8
31.658,0.144654439,-13.63302503,27.62640511,75.4
31.67,0.214620829,-14.59486796,28.22779595,74.8
31.683,0.288879636,-15.52375434,28.81680977,74.4
31.696,0.366143135,-16.41846357,29.41820061,73.8
31.708,0.445552842,-17.21552377,29.9429153,73.5
31.721,0.526679515,-17.9784068,30.52050556,72.9
31.734,0.606947705,-18.64119959,31.14522025,72.5
31.747,0.685928171,-19.27103582,31.64661109,72
31.759,0.763191669,-19.83495896,32.23562491,71.6
31.772,0.835304268,-20.3988821,32.63701575,71.2
31.785,0.905270658,-20.89689215,33.12602957,70.9
31.797,0.969656907,-21.36072504,33.59743131,70.5
31.81,1.028463014,-21.75864483,33.99882215,70.1
31.823,1.080401255,-22.12360807,34.3521351,69.9
31.836,1.124613146,-22.38970168,34.52972535,69.7
31.848,1.161527929,-22.55570503,34.84114892,69.6
31.861,1.18771167,-22.55570503,35.01873917,69.4
31.874,1.204022853,-22.35674513,34.90636216,69.7
31.886,1.212607686,-21.92464818,34.81873917,69.6
31.899,1.216041619,-21.2618554,34.71255067,69.8
31.912,1.216900103,-20.36592556,34.52492768,69.8
31.924,1.216900103,-19.37112608,34.31255067,70.2
31.937,1.216041619,-18.3763266,34.22492768,70.1
31.95,1.213895411,-17.34734996,34.14825154,70.4
31.963,1.212178444,-16.28663738,33.86062855,70.5
31.975,1.208315269,-15.22470419,33.65444005,70.8
31.988,1.204022853,-14.09685791,33.32492768,71
32.001,1.198442711,-12.90309854,33.1830383,71.2
32.013,1.191574845,-11.675162,32.72972535,71.5
32.026,1.182990012,-10.41548953,32.09263364,72.1
32.039,1.172688212,-9.187552992,31.30222898,72.7
32.051,1.15938172,-7.960837068,30.37612345,73.4
32.064,1.142212054,-6.732900532,29.27861618,74.2
32.077,1.120749971,-5.572097703,28.06349682,75
32.09,1.094136988,-4.511385128,26.89550191,76
32.102,1.063231589,-3.549542195,25.74079813,77
32.115,1.023312114,-2.653612356,24.36320787,78.4
32.128,0.973949324,-1.790639065,23.06939638,79.6
32.14,0.912567767,-0.961842933,21.76320787,81
32.153,0.84088441,-0.26487299,20.73369551,81.9
32.166,0.758899253,0.397919792,19.96939638,82.7
32.179,0.664895329,0.99479948,19.36939638,83.3
32.191,0.55629719,1.558722621,18.76939638,83.9
32.204,0.434392559,2.089689215,18.46939638,84.2
32.217,0.299610678,2.587699262,18.40509725,84.3
32.229,0.147229889,3.117445243,18.50509725,84.2
32.242,-0.024037533,3.648411836,18.74079813,84
32.255,-0.209469929,4.212334977,19.06459871,83.7
32.267,-0.402628676,4.842171213,19.46459871,83.3
32.28,-0.600079839,5.506184608,20.00029958,82.8
32.293,-0.800106452,6.136020844,20.55980104,82.3
32.306,-1.000562307,6.732900532,21.09550191,81.8
32.318,-1.195867261,7.296823673,21.69070424,81.3
32.331,-1.385162833,7.827790266,22.26210599,80.8
32.344,-1.560722671,8.325800313,22.85730832,80.3
32.356,-1.721259052,8.7896332,23.35869915,79.8
32.369,-1.861191832,9.220509539,23.84771297,79.5
32.382,-1.97966253,9.585472784,24.3429153,79.1
32.395,-2.073237212,9.81860984,24.61431705,78.9
32.407,-2.142345119,9.950436029,24.73811763,78.8
32.42,-2.183552318,9.917479482,24.90812854,78.7
32.433,-2.204155918,9.619649944,24.9429153,78.5
32.445,-2.210165301,9.055726803,24.90582359,78.5
32.458,-2.210594543,8.126840417,24.85730832,78.3
32.471,-2.206731368,6.966037588,24.62501428,78.4
32.483,-2.200721984,5.705144504,24.26459871,78.5
32.496,-2.190849426,4.544341675,23.727507,79
32.509,-2.179689143,3.44945194,23.00989492,79.6
32.522,-2.16337796,2.45465246,22.20370642,80.5
32.534,-2.144062086,1.492809527,21.26800554,81.4
32.547,-2.120453794,0.629836235,20.27419405,82.3
32.56,-2.088689912,-0.26487299,19.16800554,83.5
32.572,-2.047911954,-1.061933188,17.93849318,84.6
32.585,-1.998549163,-1.790639065,16.53849318,86
32.598,-1.943176989,-2.421695913,15.48038256,87
32.61,-1.88136619,-2.918485347,14.57419405,88
32.623,-1.813116767,-3.350582299,13.68038256,88.8
32.636,-1.734565543,-3.715545544,12.66800554,90
32.649,-1.64828797,-4.046331628,11.98038256,90.5
32.661,-1.552137838,-4.312425232,11.26800554,91.4
32.674,-1.446115148,-4.577298222,10.71608343,91.8
32.687,-1.327215209,-4.842171213,10.20989492,92.4
32.699,-1.201447403,-5.141221363,10.01608343,92.5
32.712,-1.067094764,-5.473228061,9.827507,92.9
32.725,-0.925874258,-5.838191306,9.96939638,92.7
32.738,-0.777785886,-6.236111098,10.30509725,92.4
32.75,-0.624975855,-6.666987437,10.74079813,92
32.763,-0.470448858,-7.097863777,11.14079813,91.6
32.776,-0.317638827,-7.595873823,11.66459871,91.1
32.788,-0.167404247,-8.126840417,12.30648809,90.4
32.801,-0.02317905,-8.690763558,12.93600046,89.9
32.814,0.114607523,-9.287643246,13.66598955,89.1
32.826,0.242092296,-9.884522934,14.33120278,88.6
32.839,0.358846027,-10.48140262,14.97309217,87.9
32.852,0.462293266,-11.01236922,15.49070424,87.5
32.865,0.550287807,-11.4762021,16.16829449,86.8
32.877,0.622829647,-11.87412189,16.67971806,86.5
32.89,0.679918787,-12.17317205,17.02160744,86.1
32.903,0.722413712,-12.30621885,17.15730832,86
32.915,0.749026695,-12.33917539,17.36349682,85.7
32.928,0.764479394,-12.20612859,17.45111981,85.8
32.941,0.770488777,-11.90829906,17.62779595,85.4
32.953,0.771776502,-11.4762021,17.68590657,85.4
32.966,0.771776502,-10.91227896,17.79209508,85.2
32.979,0.771776502,-10.24948618,17.76210599,85.3
32.992,0.770918019,-9.619649944,17.83259362,85.1
33.004,0.768342569,-9.021549643,17.79070424,85.2
33.017,0.764479394,-8.491803662,17.73120278,85.2
33.03,0.759757736,-8.026750163,17.69550191,85.2
33.042,0.755894561,-7.595873823,17.55980104,85.3
33.055,0.751172903,-7.230910578,17.53600046,85.3
33.068,0.746451245,-6.898903881,17.43600046,85.4
33.08,0.741300345,-6.601074343,17.34218896,85.4
33.093,0.735290961,-6.302024192,17.23600046,85.6
33.106,0.728852337,-6.004194655,17.10029958,85.7
33.119,0.722413712,-5.672187957,17.00029958,85.8
33.131,0.713828879,-5.307224712,16.76459871,86
33.144,0.70395632,-4.975218014,16.56459871,86.2
33.157,0.691937554,-4.610254769,16.36459871,86.4
33.169,0.677343338,-4.212334977,16.16459871,86.6
33.182,0.660173671,-3.814415185,15.74079813,87
33.195,0.638711588,-3.383538846,15.24079813,87.5
33.208,0.611669364,-2.952662507,14.70509725,88
33.22,0.579476239,-2.553522102,14.09890875,88.7
33.233,0.541273732,-2.155602309,13.46939638,89.2
33.246,0.498349566,-1.790639065,12.96320787,89.8
33.258,0.45284995,-1.492809527,12.46939638,90.2
33.271,0.402628676,-1.226715924,11.96939638,90.7
33.284,0.34682726,-0.961842933,11.56939638,91.1
33.296,0.285016461,-0.72992649,11.26939638,91.4
33.309,0.217196279,-0.530966594,11.00509725,91.7
33.322,0.144654439,-0.332006698,10.80509725,91.9
33.335,0.067820182,-0.133046802,10.60509725,92.1
33.347,-0.01287725,0.065913094,10.60509725,92.1
33.36,-0.097008615,0.26487299,10.61128576,92
33.373,-0.181998463,0.463832887,10.70509725,92
33.385,-0.269563762,0.662792783,10.84698663,91.8
33.398,-0.35712906,0.895929839,10.94079813,91.8
33.411,-0.4451236,1.127846282,11.17078722,91.5
33.423,-0.532688899,1.392719272,11.46459871,91.3
33.436,-0.619824955,1.691769423,11.70648809,91
33.449,-0.704814804,1.956642413,11.90029958,90.9
33.462,-0.789804652,2.222736017,12.24218896,90.5
33.474,-0.873936017,2.487609007,12.63600046,90.2
33.487,-0.956350416,2.752481998,12.95980104,89.9
33.5,-1.036618606,3.018575601,13.2893134,89.7
33.512,-1.113882104,3.283448591,13.72501428,89.3
33.525,-1.188570153,3.515365035,14.16071515,88.9
33.538,-1.260682752,3.781458638,14.38451573,88.7
33.551,-1.330219901,4.013375081,14.76210599,88.3
33.563,-1.396323116,4.279468685,15.07352955,88.2
33.576,-1.45942164,4.511385128,15.35730832,87.8
33.589,-1.51651078,4.743301571,15.60443276,87.8
33.601,-1.571453713,4.942261467,15.79440003,87.4
33.614,-1.620816503,5.141221363,16.04152447,87.4
33.627,-1.666316119,5.340181259,16.19579086,87
33.639,-1.706235594,5.506184608,16.51292621,87
33.652,-1.743150376,5.672187957,16.74910381,86.6
33.665,-1.772768051,5.771057599,16.8367268,86.7
33.678,-1.796376342,5.838191306,16.94910381,86.4
33.69,-1.813116767,5.871147853,17.0429153,86.4
33.703,-1.82427705,5.838191306,17.11911472,86.3
33.716,-1.830715675,5.771057599,17.18341385,86.2
33.728,-1.834149608,5.63923141,17.24771297,86.1
33.741,-1.835437333,5.473228061,17.31820061,85.9
33.754,-1.835866575,5.207134458,17.35251064,85.9
33.766,-1.835437333,4.90930492,17.26349682,85.8
33.779,-1.83457885,4.544341675,17.28590657,85.8
33.792,-1.832861883,4.17937843,17.29689275,85.6
33.805,-1.830715675,3.781458638,17.19550191,85.7
33.817,-1.828140225,3.350582299,17.16598955,85.6
33.83,-1.824706291,2.952662507,17.10029958,85.7
33.843,-1.8217016,2.553522102,17.07078722,85.6
33.855,-1.817409183,2.18977947,16.94079813,85.8
33.868,-1.814404492,1.857772772,16.84079813,85.9
33.881,-1.80882435,1.558722621,16.73460962,86.1
33.894,-1.804531933,1.226715924,16.74079813,86
33.906,-1.797234825,0.895929839,16.63460962,86.2
33.919,-1.789937717,0.563923141,16.44079813,86.3
33.932,-1.780065159,0.231916443,16.29890875,86.5
33.944,-1.769334117,-0.100090254,16.09890875,86.7
33.957,-1.756886109,-0.430876339,15.89890875,86.9
33.97,-1.743150376,-0.72992649,15.59890875,87.2
33.982,-1.72598071,-1.061933188,15.26320787,87.5
33.995,-1.707094077,-1.392719272,15.06939638,87.6
34.008,-1.684773511,-1.72472597,14.66939638,88
34.021,-1.658160528,-2.056732668,14.26939638,88.4
34.033,-1.627255128,-2.354562206,13.93988401,88.6
34.046,-1.592486554,-2.686568903,13.63369551,89
34.059,-1.552996321,-2.952662507,13.33369551,89.3
34.071,-1.510930639,-3.250492044,13.03369551,89.6
34.084,-1.465431023,-3.482408487,12.93369551,89.7
34.097,-1.417355957,-3.748502091,12.73369551,89.9
34.109,-1.365846958,-3.980418534,12.73369551,89.9
34.122,-1.311762509,-4.212334977,12.63369551,90
34.135,-1.254673369,-4.444251421,12.63369551,90
34.148,-1.193291811,-4.677388477,12.53988401,90
34.16,-1.128905563,-4.942261467,12.66939638,90
34.173,-1.062802347,-5.241311618,12.86939638,89.8
34.186,-0.995840648,-5.539141155,13.06939638,89.6
34.198,-0.925445016,-5.871147853,13.30509725,89.4
34.211,-0.851615451,-6.236111098,13.64079813,89.1
34.224,-0.775210436,-6.601074343,14.07078722,88.6
34.237,-0.699663904,-6.966037588,14.46459871,88.3
34.249,-0.62368813,-7.331000833,14.9584102,87.9
34.262,-0.550717048,-7.661786918,15.3584102,87.5
34.275,-0.479462933,-8.026750163,15.60029958,87.2
34.287,-0.412501234,-8.325800313,16.03600046,86.8
34.3,-0.347685744,-8.657807011,16.35980104,86.5
34.313,-0.286733428,-8.988593096,16.66598955,86.1
34.325,-0.229215046,-9.254686699,16.99550191,85.9
34.338,-0.177276805,-9.519559689,17.23739129,85.6
34.351,-0.129201739,-9.78443268,17.43120278,85.5
34.364,-0.086277573,-9.984613189,17.67309217,85.2
34.376,-0.048933549,-10.18357308,17.78451573,85.3
34.389,-0.016740425,-10.34835582,17.93259362,85
34.402,0.0103018,-10.48140262,18.02640511,85
34.414,0.032193124,-10.58149288,18.16829449,84.8
34.427,0.048504307,-10.61444942,18.16210599,84.9
34.44,0.059235349,-10.61444942,18.26829449,84.7
34.452,0.066532457,-10.54731572,18.26210599,84.8
34.465,0.069537149,-10.41548953,18.36829449,84.6
34.478,0.070824874,-10.24948618,18.36829449,84.6
34.491,0.071683357,-10.01756974,18.42640511,84.6
34.503,0.072112599,-9.751476133,18.62640511,84.4
34.516,0.072112599,-9.453646595,18.72021661,84.4
34.529,0.071683357,-9.08868335,18.72640511,84.3
34.541,0.071683357,-8.756676652,18.72640511,84.3
34.554,0.070395632,-8.424669955,18.69689275,84.2
34.567,0.069107907,-8.09388387,18.68451573,84.4
34.58,0.066961699,-7.794833719,18.77309217,84.1
34.592,0.065244732,-7.495783569,18.72501428,84.3
34.605,0.062240041,-7.197954031,18.70169042,84.1
34.618,0.059664591,-6.898903881,18.6893134,84.3
34.63,0.057089141,-6.601074343,18.66598955,84.1
34.643,0.053655207,-6.33498074,18.65980104,84.2
34.656,0.049792032,-6.037151202,18.63600046,84.2
34.668,0.045070374,-5.738101051,18.63600046,84.2
34.681,0.040777958,-5.440271514,18.53600046,84.3
34.694,0.036056299,-5.17417791,18.53600046,84.3
34.707,0.030046916,-4.90930492,18.53600046,84.3
34.719,0.024896016,-4.710345024,18.54218896,84.2
34.732,0.018886633,-4.478428581,18.53600046,84.3
34.745,0.01287725,-4.279468685,18.44218896,84.3
34.757,0.007297108,-4.079288176,18.43600046,84.4
34.77,0.001287725,-3.91450544,18.40648809,84.3
34.783,-0.004721658,-3.748502091,18.40029958,84.4
34.795,-0.010731041,-3.615455289,18.40648809,84.3
34.808,-0.016740425,-3.482408487,18.40029958,84.4
34.821,-0.022749808,-3.350582299,18.50029958,84.3
34.834,-0.028329949,-3.217535497,18.62981195,84.3
34.846,-0.034339333,-3.084488695,18.53600046,84.3
34.859,-0.040348716,-2.952662507,18.52981195,84.4
34.872,-0.046358099,-2.852572252,18.53600046,84.3
34.884,-0.052367482,-2.752481998,18.53600046,84.3
34.897,-0.057947624,-2.653612356,18.53600046,84.3
34.91,-0.063957007,-2.553522102,18.53600046,84.3
34.923,-0.06996639,-2.45465246,18.53600046,84.3
34.935,-0.075975774,-2.354562206,18.53600046,84.3
34.948,-0.081985157,-2.255692564,18.53600046,84.3
34.961,-0.088423782,-2.155602309,18.53600046,84.3
34.973,-0.094862407,-2.056732668,18.53600046,84.3
34.986,-0.10087179,-1.956642413,18.54218896,84.2
34.999,-0.108168898,-1.890729319,18.53600046,84.3
35.011,-0.114178281,-1.790639065,18.54218896,84.2
35.024,-0.120616906,-1.72472597,18.53600046,84.3
35.037,-0.127914014,-1.625856329,18.53600046,84.3
35.05,-0.135211123,-1.525766074,18.53600046,84.3
35.062,-0.142508231,-1.426896432,18.63600046,84.2
35.075,-0.150234581,-1.326806178,18.63600046,84.2
35.088,-0.158390172,-1.260893084,18.63600046,84.2
35.1,-0.166545764,-1.160802829,18.63600046,84.2
35.113,-0.175130597,-1.061933188,18.73600046,84.1
35.126,-0.185003155,-0.961842933,18.73600046,84.1
35.138,-0.194875713,-0.828796131,18.82981195,84.1
35.151,-0.205606755,-0.72992649,18.89411108,84
35.164,-0.217625521,-0.596879688,18.89411108,84
35.177,-0.229215046,-0.498010047,18.90029958,83.9
35.189,-0.242950779,-0.364963245,18.99411108,83.9
35.202,-0.257544995,-0.231916443,19.00029958,83.8
35.215,-0.27428542,-0.065913094,19.09411108,83.8
35.227,-0.291025845,0.065913094,19.10029958,83.7
35.24,-0.309483236,0.231916443,19.20029958,83.6
35.253,-0.329228352,0.364963245,19.20029958,83.6
35.266,-0.350690435,0.530966594,19.30029958,83.5
35.278,-0.373011001,0.696969943,19.30029958,83.5
35.291,-0.395760809,0.862973292,19.40648809,83.3
35.304,-0.418939859,1.027756028,19.40029958,83.4
35.316,-0.444694358,1.193759376,19.50648809,83.2
35.329,-0.469590375,1.359762725,19.50029958,83.3
35.342,-0.495344874,1.525766074,19.50029958,83.3
35.354,-0.521099374,1.691769423,19.59411108,83.3
35.367,-0.547283115,1.890729319,19.60648809,83.1
35.38,-0.574325339,2.056732668,19.63600046,83.2
35.393,-0.601367564,2.222736017,19.64218896,83.1
35.405,-0.628409788,2.354562206,19.73600046,83.1
35.418,-0.655452013,2.520565554,19.83600046,83
35.431,-0.683781962,2.686568903,19.92981195,83
35.443,-0.712111912,2.852572252,20.05361253,82.9
35.456,-0.740441861,3.018575601,20.15361253,82.8
35.469,-0.768771811,3.18457895,20.15361253,82.8
35.481,-0.796243277,3.316405139,20.15980104,82.7
35.494,-0.823285502,3.482408487,20.2893134,82.7
35.507,-0.849040001,3.615455289,20.29550191,82.6
35.52,-0.873936017,3.748502091,20.2893134,82.7
35.532,-0.898402792,3.847371732,20.43120278,82.5
35.545,-0.919864875,3.947461987,20.42501428,82.6
35.558,-0.941326958,4.046331628,20.46690366,82.5
35.57,-0.960213591,4.146421883,20.46690366,82.5
35.583,-0.977812499,4.212334977,20.47309217,82.4
35.596,-0.992406715,4.279468685,20.59070424,82.4
35.609,-1.005713206,4.345381779,20.59070424,82.4
35.621,-1.016015006,4.378338326,20.59070424,82.4
35.634,-1.025458323,4.378338326,20.56690366,82.4
35.647,-1.031467706,4.378338326,20.57309217,82.3
35.659,-1.036618606,4.345381779,20.66690366,82.3
35.672,-1.039194056,4.312425232,20.67309217,82.2
35.685,-1.041340264,4.245291525,20.63120278,82.3
35.697,-1.042627989,4.17937843,20.63739129,82.2
35.71,-1.043057231,4.046331628,20.6893134,82.3
35.723,-1.043057231,3.88032828,20.70169042,82.1
35.736,-1.043057231,3.681368384,20.65361253,82.3
35.748,-1.043057231,3.44945194,20.75980104,82.1
35.761,-1.042627989,3.217535497,20.85361253,82.1
35.774,-1.042627989,2.985619054,20.83600046,82
35.786,-1.041769506,2.819615705,20.73600046,82.1
35.799,-1.041340264,2.620655809,20.63600046,82.2
35.812,-1.040052539,2.487609007,20.72981195,82.2
35.824,-1.040052539,2.388739366,20.73600046,82.1
35.837,-1.039194056,2.288649111,20.73600046,82.1
35.85,-1.039194056,2.255692564,20.73600046,82.1
35.863,-1.038764814,2.222736017,20.85980104,82
35.875,-1.038764814,2.18977947,20.85980104,82
35.888,-1.037906331,2.18977947,20.85980104,82
35.901,-1.038764814,2.155602309,20.89550191,82
35.913,-1.037906331,2.155602309,20.89550191,82
35.926,-1.037906331,2.122645762,20.99550191,81.9
35.939,-1.037477089,2.089689215,20.99550191,81.9
35.952,-1.037477089,2.056732668,20.99550191,81.9
35.964,-1.036618606,2.023776121,21.00169042,81.8
35.977,-1.036618606,1.956642413,20.99550191,81.9
35.99,-1.035760123,1.956642413,21.00169042,81.8
36.002,-1.035760123,1.923685866,21.05980104,81.8
36.015,-1.035330881,1.923685866,21.10169042,81.7
36.028,-1.035330881,1.857772772,21.09550191,81.8
36.04,-1.035330881,1.824816225,21.09550191,81.8
36.053,-1.035330881,1.790639065,21.09550191,81.8
36.066,-1.035330881,1.757682517,21.19550191,81.7
36.079,-1.034472398,1.72472597,21.1893134,81.8
36.091,-1.034472398,1.658812876,21.1893134,81.8
36.104,-1.034043156,1.591679168,21.15980104,81.7
36.117,-1.034043156,1.492809527,21.15980104,81.7
36.129,-1.032755431,1.359762725,21.15361253,81.8
36.142,-1.031896948,1.260893084,21.13600046,81.7
36.155,-1.030609223,1.127846282,21.13600046,81.7
36.167,-1.030179981,1.027756028,21.10029958,81.7
36.18,-1.028033773,0.895929839,21.10029958,81.7
36.193,-1.027604531,0.795839584,21.10029958,81.7
36.206,-1.025887564,0.696969943,21.00029958,81.8
36.218,-1.025458323,0.596879688,21.00029958,81.8
36.231,-1.024170598,0.498010047,21.00029958,81.8
36.244,-1.022882873,0.397919792,21.00648809,81.7
36.256,-1.020736665,0.26487299,21.00029958,81.8
36.269,-1.01944894,0.133046802,20.90648809,81.8
36.282,-1.01687349,0,20.90029958,81.9
36.295,-1.014727281,-0.166003349,20.90029958,81.9
36.307,-1.01172259,-0.364963245,20.80029958,82
36.32,-1.008288656,-0.563923141,20.66459871,82.1
36.333,-1.003566998,-0.795839584,20.66459871,82.1
36.345,-0.999274582,-1.027756028,20.57078722,82.1
36.358,-0.992406715,-1.293849631,20.56459871,82.2
36.371,-0.98596809,-1.558722621,20.4584102,82.4
36.383,-0.977812499,-1.824816225,20.43460962,82.4
36.396,-0.968798424,-2.122645762,20.33460962,82.5
36.409,-0.958067382,-2.388739366,20.23460962,82.6
36.422,-0.946477858,-2.71952545,20.12842111,82.8
36.434,-0.933171366,-3.018575601,20.00509725,82.7
36.447,-0.918147908,-3.350582299,19.89272024,83
36.46,-0.902265967,-3.648411836,19.84079813,82.9
36.472,-0.884667059,-3.947461987,19.72842111,83.2
36.485,-0.866638909,-4.279468685,19.64079813,83.1
36.498,-0.847752276,-4.544341675,19.53460962,83.3
36.51,-0.829294885,-4.809214666,19.54698663,83.1
36.523,-0.811266735,-5.042351722,19.56459871,83.2
36.536,-0.794097069,-5.274268165,19.57078722,83.1
36.549,-0.776498161,-5.506184608,19.56459871,83.2
36.561,-0.760616219,-5.705144504,19.66459871,83.1
36.574,-0.745592761,-5.9041044,19.70029958,83.1
36.587,-0.730998545,-6.070107749,19.70029958,83.1
36.599,-0.716404328,-6.203154551,19.80029958,83
36.612,-0.702668595,-6.367937287,19.83600046,83
36.625,-0.689791346,-6.533940636,19.84218896,82.9
36.638,-0.677772579,-6.666987437,19.95361253,83
36.65,-0.667900021,-6.767077692,19.96598955,82.8
36.663,-0.659315188,-6.832990786,19.95361253,83
36.676,-0.653305805,-6.865947333,20.10169042,82.7
36.688,-0.648154905,-6.865947333,20.0893134,82.9
36.701,-0.646008696,-6.832990786,20.10169042,82.7
36.714,-0.64429173,-6.767077692,20.12501428,82.9
36.726,-0.64429173,-6.666987437,20.23739129,82.6
36.739,-0.643433246,-6.500984088,20.26071515,82.8
36.752,-0.64429173,-6.33498074,20.27309217,82.6
36.765,-0.643433246,-6.136020844,20.38451573,82.7
36.777,-0.64429173,-5.9041044,20.39070424,82.6
36.79,-0.64429173,-5.63923141,20.38451573,82.7
36.803,-0.644720971,-5.406094354,20.39070424,82.6
36.815,-0.645579455,-5.141221363,20.42640511,82.6
36.828,-0.64686718,-4.90930492,20.52640511,82.5
36.841,-0.64686718,-4.677388477,20.52640511,82.5
36.853,-0.648584146,-4.411294873,20.55591748,82.6
36.866,-0.64944263,-4.17937843,20.56210599,82.5
36.879,-0.651588838,-3.947461987,20.55591748,82.6
36.892,-0.653305805,-3.681368384,20.56210599,82.5
36.904,-0.655881255,-3.416495393,20.56210599,82.5
36.917,-0.658027463,-3.151622403,20.56210599,82.5
36.93,-0.661461396,-2.885528799,20.56210599,82.5
36.942,-0.664036846,-2.587699262,20.56210599,82.5
36.955,-0.667900021,-2.321605658,20.46210599,82.6
36.968,-0.671763196,-2.023776121,20.46210599,82.6
36.981,-0.675626371,-1.757682517,20.42640511,82.6
36.993,-0.680348029,-1.492809527,20.42640511,82.6
37.006,-0.685069687,-1.226715924,20.52640511,82.5
37.019,-0.690220587,-0.961842933,20.52640511,82.5
37.031,-0.695371487,-0.696969943,20.42640511,82.6
37.044,-0.70138087,-0.463832887,20.52640511,82.5
37.057,-0.70653177,-0.26487299,20.52640511,82.5
37.069,-0.712541154,-0.065913094,20.49070424,82.5
37.082,-0.717262812,0.100090254,20.39070424,82.6
37.095,-0.72198447,0.231916443,20.39070424,82.6
37.108,-0.725847645,0.332006698,20.49070424,82.5
37.12,-0.729281578,0.397919792,20.49070424,82.5
37.133,-0.730998545,0.430876339,20.59070424,82.4
37.146,-0.733144753,0.463832887,20.56690366,82.4
37.158,-0.734432478,0.430876339,20.56071515,82.5
37.171,-0.73486172,0.397919792,20.53120278,82.4
37.184,-0.73486172,0.332006698,20.52501428,82.5
37.196,-0.735720203,0.26487299,20.53120278,82.4
37.209,-0.73486172,0.166003349,20.62501428,82.4
37.222,-0.735720203,0.065913094,20.63120278,82.3
37.235,-0.73486172,-0.065913094,20.5893134,82.4
37.247,-0.73486172,-0.231916443,20.59550191,82.3
37.26,-0.73486172,-0.364963245,20.55361253,82.4
37.273,-0.73486172,-0.530966594,20.55980104,82.3
37.285,-0.734432478,-0.696969943,20.55980104,82.3
37.298,-0.734432478,-0.862973292,20.55980104,82.3
37.311,-0.733573995,-1.027756028,20.55980104,82.3
37.324,-0.733144753,-1.226715924,20.45980104,82.4
37.336,-0.731857028,-1.392719272,20.53600046,82.3
37.349,-0.730998545,-1.591679168,20.55980104,82.3
37.362,-0.730569303,-1.790639065,20.55980104,82.3
37.374,-0.729281578,-1.989598961,20.42981195,82.5
37.387,-0.728423095,-2.155602309,20.44218896,82.3
37.4,-0.72713537,-2.354562206,20.43600046,82.4
37.412,-0.725847645,-2.553522102,20.54218896,82.2
37.425,-0.72455992,-2.71952545,20.52981195,82.4
37.438,-0.723272195,-2.918485347,20.54218896,82.2
37.451,-0.72198447,-3.084488695,20.42981195,82.5
37.463,-0.720696745,-3.250492044,20.44218896,82.3
37.476,-0.718550537,-3.44945194,20.42981195,82.5
37.489,-0.716404328,-3.582498742,20.46598955,82.3
37.501,-0.714687362,-3.748502091,20.55361253,82.4
37.514,-0.713399637,-3.88032828,20.65980104,82.2
37.527,-0.711253429,-4.013375081,20.55980104,82.3
37.539,-0.709536462,-4.146421883,20.55980104,82.3
37.552,-0.707390254,-4.245291525,20.55980104,82.3
37.565,-0.706102529,-4.345381779,20.55980104,82.3
37.578,-0.705244045,-4.411294873,20.59550191,82.3
37.59,-0.70395632,-4.444251421,20.59550191,82.3
37.603,-0.703527079,-4.478428581,20.60169042,82.2
37.616,-0.702668595,-4.478428581,20.59550191,82.3
37.628,-0.702668595,-4.478428581,20.63739129,82.2
37.641,-0.702239354,-4.444251421,20.63120278,82.3
37.654,-0.702239354,-4.411294873,20.63739129,82.2
37.667,-0.702239354,-4.345381779,20.76071515,82.3
37.679,-0.702668595,-4.312425232,20.77309217,82.1
37.692,-0.702239354,-4.245291525,20.76690366,82.2
37.705,-0.702239354,-4.212334977,20.79689275,82.1
37.717,-0.70138087,-4.146421883,20.79070424,82.2
37.73,-0.702239354,-4.079288176,20.83259362,82.1
37.743,-0.702239354,-4.013375081,20.82640511,82.2
37.755,-0.702668595,-3.91450544,20.73259362,82.2
37.768,-0.702239354,-3.781458638,20.72640511,82.3
37.781,-0.702668595,-3.648411836,20.86210599,82.2
37.794,-0.702668595,-3.515365035,20.97971806,82.2
37.806,-0.703527079,-3.350582299,20.98590657,82.1
37.819,-0.702668595,-3.151622403,21.02160744,82.1
37.832,-0.70395632,-2.985619054,20.95730832,82.2
37.844,-0.70395632,-2.786659158,21.05730832,82.1
37.857,-0.704814804,-2.587699262,21.09300919,82.1
37.87,-0.705244045,-2.388739366,21.11680977,82.1
37.882,-0.70653177,-2.18977947,21.15251064,82.1
37.895,-0.707390254,-1.989598961,21.18821152,82.1
37.908,-0.709536462,-1.757682517,21.2120121,82.1
37.921,-0.709965704,-1.525766074,21.24771297,82.1
37.933,-0.712111912,-1.326806178,21.28341385,82.1
37.946,-0.713399637,-1.094889735,21.31911472,82.1
37.959,-0.715116603,-0.862973292,21.3429153,82.1
37.971,-0.717262812,-0.596879688,21.37861618,82.1
37.984,-0.71940902,-0.364963245,21.38480468,82
37.997,-0.721125987,-0.133046802,21.32050556,82.1
38.01,-0.72455992,0.100090254,21.34430614,82.1
38.022,-0.727993853,0.332006698,21.3738185,82.2
38.035,-0.731857028,0.563923141,21.40951938,82.2
38.048,-0.736149445,0.795839584,21.44522025,82.2
38.06,-0.740871103,1.027756028,21.46902083,82.2
38.073,-0.74773897,1.260893084,21.60472171,82.1
38.086,-0.755465319,1.492809527,21.64042258,82.1
38.098,-0.764050153,1.72472597,21.67612345,82.1
38.111,-0.772634986,1.923685866,21.79373553,82.1
38.124,-0.781219819,2.089689215,21.8294364,82.1
38.137,-0.789804652,2.288649111,21.85894877,82.2
38.149,-0.798818727,2.45465246,21.88893786,82.1
38.162,-0.80740356,2.620655809,21.91845022,82.2
38.175,-0.815988393,2.752481998,21.93082724,82
38.187,-0.822427018,2.885528799,21.8603396,82.2
38.2,-0.83058261,3.018575601,21.87271662,82
38.213,-0.83573351,3.051532148,21.89604048,82.2
38.225,-0.840455168,3.084488695,21.87271662,82
38.238,-0.843030618,3.084488695,21.86652811,82.1
38.251,-0.845176826,3.051532148,21.83082724,82.1
38.264,-0.845606068,2.985619054,21.83082724,82.1
38.276,-0.846464551,2.918485347,21.79512636,82.1
38.289,-0.846464551,2.786659158,21.87132578,82
38.302,-0.846464551,2.653612356,21.83562491,82
38.314,-0.845606068,2.487609007,21.69992404,82.1
38.327,-0.845606068,2.288649111,21.67612345,82.1
38.34,-0.845606068,2.089689215,21.61091021,82
38.353,-0.845176826,1.923685866,21.54522025,82.1
38.365,-0.845176826,1.72472597,21.48619552,81.9
38.378,-0.843889101,1.525766074,21.43811763,82.1
38.391,-0.843889101,1.326806178,21.38480468,82
38.403,-0.842172134,1.127846282,21.4367268,82.1
38.416,-0.842172134,0.928886386,21.51911472,81.9
38.429,-0.840455168,0.762883037,21.43533596,82.1
38.441,-0.839596685,0.563923141,21.3120121,82
38.454,-0.83830896,0.364963245,21.24632214,82.1
38.467,-0.837879718,0.198959896,21.21680977,82
38.48,-0.836591993,0.032956547,21.15730832,82
38.492,-0.83573351,-0.166003349,21.12160744,82
38.505,-0.834445785,-0.332006698,21.06210599,82
38.518,-0.832299576,-0.463832887,20.99070424,82
38.53,-0.831011851,-0.629836235,20.96690366,82
38.543,-0.829724126,-0.795839584,20.83120278,82.1
38.556,-0.828436401,-0.961842933,20.80169042,82
38.568,-0.82800716,-1.094889735,20.75980104,82.1
38.581,-0.826719435,-1.260893084,20.74218896,82
38.594,-0.82543171,-1.392719272,20.73600046,82.1
38.607,-0.824143985,-1.525766074,20.74218896,82
38.619,-0.822427018,-1.625856329,20.73600046,82.1
38.632,-0.821139293,-1.72472597,20.74218896,82
38.645,-0.819851568,-1.824816225,20.73600046,82.1
38.657,-0.819422327,-1.890729319,20.74218896,82
38.67,-0.818563843,-1.956642413,20.75980104,82.1
38.683,-0.818563843,-1.989598961,20.76598955,82
38.696,-0.817276118,-2.023776121,20.75980104,82.1
38.708,-0.817276118,-2.023776121,20.89550191,82
38.721,-0.816846877,-2.023776121,20.79550191,82.1
38.734,-0.816846877,-1.989598961,20.79550191,82.1
38.746,-0.815988393,-1.989598961,20.89550191,82
38.759,-0.816846877,-1.956642413,21.02501428,82
38.772,-0.815988393,-1.923685866,21.02501428,82
38.784,-0.816846877,-1.923685866,20.93120278,82
38.797,-0.815988393,-1.956642413,20.93120278,82
38.81,-0.815988393,-1.956642413,20.93120278,82
38.823,-0.815988393,-1.989598961,20.93120278,82
38.835,-0.815988393,-1.989598961,20.93120278,82
38.848,-0.815559152,-2.023776121,20.96690366,82
38.861,-0.815988393,-2.023776121,20.96690366,82
38.873,-0.815559152,-2.056732668,20.93120278,82
38.886,-0.815559152,-2.089689215,20.93120278,82
38.899,-0.815559152,-2.122645762,20.93120278,82
38.911,-0.815559152,-2.122645762,20.93120278,82
38.924,-0.814700668,-2.155602309,20.93120278,82
38.937,-0.814700668,-2.18977947,20.93120278,82
38.95,-0.813842185,-2.255692564,20.93120278,82
38.962,-0.813412943,-2.288649111,20.93739129,81.9
38.975,-0.813412943,-2.321605658,20.93120278,82
38.988,-0.81255446,-2.354562206,20.90169042,81.9
39,-0.812125218,-2.421695913,20.89550191,82
39.013,-0.811266735,-2.520565554,20.89550191,82
39.026,-0.80997901,-2.587699262,20.89550191,82
39.039,-0.808691285,-2.686568903,20.95361253,82
39.051,-0.80740356,-2.786659158,20.85980104,82
39.064,-0.805686593,-2.885528799,20.85980104,82
39.077,-0.803969627,-2.985619054,20.83600046,82
39.089,-0.80225266,-3.084488695,20.82981195,82.1
39.102,-0.800964935,-3.217535497,20.83600046,82
39.115,-0.798389485,-3.350582299,20.82981195,82.1
39.127,-0.796243277,-3.482408487,20.83600046,82
39.14,-0.792809344,-3.615455289,20.82981195,82.1
39.153,-0.791092377,-3.748502091,20.84218896,81.9
39.166,-0.787658444,-3.91450544,20.72981195,82.2
39.178,-0.784224511,-4.046331628,20.73600046,82.1
39.191,-0.781219819,-4.212334977,20.73600046,82.1
39.204,-0.777356644,-4.378338326,20.73600046,82.1
39.216,-0.773922711,-4.544341675,20.73600046,82.1
39.229,-0.770059536,-4.710345024,20.73600046,82.1
39.242,-0.765337878,-4.842171213,20.63600046,82.2
39.254,-0.761474703,-4.975218014,20.63600046,82.2
39.267,-0.757611528,-5.108264816,20.64218896,82.1
39.28,-0.753319111,-5.241311618,20.63600046,82.2
39.293,-0.75031442,-5.373137807,20.63600046,82.2
39.305,-0.746022003,-5.506184608,20.63600046,82.2
39.318,-0.743446553,-5.572097703,20.76598955,82
39.331,-0.740441861,-5.672187957,20.75361253,82.2
39.343,-0.738295653,-5.738101051,20.75980104,82.1
39.356,-0.735720203,-5.738101051,20.7893134,82.2
39.369,-0.734432478,-5.738101051,20.79550191,82.1
39.382,-0.733144753,-5.738101051,20.8893134,82.1
39.394,-0.733144753,-5.672187957,20.92501428,82.1
39.407,-0.733144753,-5.60505425,20.83120278,82.1
39.42,-0.733144753,-5.473228061,20.86690366,82.1
39.432,-0.73228627,-5.307224712,20.96690366,82
39.445,-0.73228627,-5.108264816,20.89070424,82.1
39.458,-0.733144753,-4.876348373,21.02640511,82
39.47,-0.733144753,-4.610254769,20.95591748,82.2
39.483,-0.733144753,-4.345381779,20.98590657,82.1
39.496,-0.733573995,-4.079288176,21.01541894,82.2
39.509,-0.73486172,-3.847371732,21.02779595,82
39.521,-0.735720203,-3.582498742,21.05730832,82.1
39.534,-0.736149445,-3.350582299,21.0991977,82
39.547,-0.737866411,-3.084488695,21.11680977,82.1
39.559,-0.739154136,-2.852572252,21.15869915,82
39.572,-0.740441861,-2.587699262,21.18202301,82.2
39.585,-0.742158828,-2.354562206,21.3120121,82
39.597,-0.744305036,-2.089689215,21.34771297,82
39.61,-0.746022003,-1.857772772,21.38341385,82
39.623,-0.748168211,-1.591679168,21.31911472,82.1
39.636,-0.75031442,-1.359762725,21.34910381,82
39.648,-0.752031386,-1.094889735,21.47861618,82
39.661,-0.754606836,-0.828796131,21.43811763,82.1
39.674,-0.757611528,-0.563923141,21.4738185,82.1
39.686,-0.760186978,-0.299050151,21.50951938,82.1
39.699,-0.762762428,-0.032956547,21.54522025,82.1
39.712,-0.766625603,0.231916443,21.70472171,82
39.725,-0.770059536,0.463832887,21.83423407,82
39.737,-0.773922711,0.72992649,21.86993495,82
39.75,-0.777356644,0.99479948,21.83562491,82
39.763,-0.782507544,1.260893084,21.87132578,82
39.775,-0.786370719,1.492809527,21.93082724,82
39.788,-0.792380102,1.757682517,22.00222898,82
39.801,-0.79710176,1.989598961,22.06173044,82
39.813,-0.803540385,2.255692564,22.09743131,82
39.826,-0.80997901,2.520565554,22.15693277,82
39.839,-0.818134602,2.786659158,22.2521351,82
39.852,-0.82543171,3.051532148,22.32353684,82
39.864,-0.834445785,3.316405139,22.3830383,82
39.877,-0.843030618,3.549542195,22.45444005,82
39.89,-0.852903176,3.748502091,22.57824063,81.9
39.902,-0.861488009,3.91450544,22.64964238,81.9
39.915,-0.870502084,4.046331628,22.61533234,81.9
39.928,-0.879086917,4.17937843,22.6448447,82
39.94,-0.886384025,4.279468685,22.7448447,81.9
39.953,-0.893251892,4.345381779,22.78054558,81.9
39.966,-0.897544308,4.345381779,22.68673409,81.9
39.979,-0.900978242,4.345381779,22.68054558,82
39.991,-0.90312445,4.312425232,22.68054558,82
40.004,-0.904412175,4.245291525,22.65103321,81.9
40.017,-0.904841417,4.146421883,22.70914383,81.9
40.029,-0.9056999,4.013375081,22.77344296,81.8
40.042,-0.904841417,3.847371732,22.64345387,82
40.055,-0.9056999,3.648411836,22.6139415,81.9
40.068,-0.904841417,3.383538846,22.57205212,82
40.08,-0.904841417,3.117445243,22.51873917,81.9
40.093,-0.904412175,2.852572252,22.44114892,82
40.106,-0.903553692,2.620655809,22.38783597,81.9
40.118,-0.902265967,2.354562206,22.28644514,82
40.131,-0.901836725,2.122645762,22.2212319,81.9
40.144,-0.899690517,1.824816225,22.15554193,82
40.156,-0.898402792,1.558722621,22.10222898,81.9
40.169,-0.897115067,1.293849631,22.03082724,81.9
40.182,-0.894968859,1.027756028,21.83562491,82
40.195,-0.893681134,0.762883037,21.77612345,82
40.207,-0.891964167,0.463832887,21.70472171,82
40.22,-0.889817959,0.133046802,21.61570789,81.9
40.233,-0.887242509,-0.198959896,21.41431705,82.1
40.245,-0.884667059,-0.498010047,21.32530323,82
40.258,-0.881233125,-0.828796131,21.2120121,82.1
40.271,-0.877799192,-1.193759376,21.0991977,82
40.283,-0.873936017,-1.525766074,20.96210599,82.1
40.296,-0.870072842,-1.857772772,20.77928067,82
40.309,-0.865351184,-2.155602309,20.65980104,82.2
40.322,-0.860629526,-2.487609007,20.70648809,82
40.334,-0.855049384,-2.819615705,20.6584102,82.2
40.347,-0.849040001,-3.151622403,20.63460962,82.2
40.36,-0.843030618,-3.44945194,20.5584102,82.3
40.372,-0.836591993,-3.781458638,20.5584102,82.3
40.385,-0.829724126,-4.079288176,20.5584102,82.3
40.398,-0.823285502,-4.345381779,20.5584102,82.3
40.411,-0.816846877,-4.610254769,20.60029958,82.2
40.423,-0.810837493,-4.809214666,20.59411108,82.3
40.436,-0.805686593,-5.008174562,20.63600046,82.2
40.449,-0.800964935,-5.141221363,20.62981195,82.3
40.461,-0.797531002,-5.207134458,20.65980104,82.2
40.474,-0.795814035,-5.241311618,20.65361253,82.3
40.487,-0.794097069,-5.17417791,20.70169042,82.1
40.499,-0.793667827,-5.075308269,20.72501428,82.3
40.512,-0.793667827,-4.942261467,20.73739129,82.1
40.525,-0.793667827,-4.809214666,20.76690366,82.2
40.538,-0.793667827,-4.610254769,20.79689275,82.1
40.55,-0.794097069,-4.411294873,20.82640511,82.2
40.563,-0.794097069,-4.17937843,20.86829449,82.1
40.576,-0.794097069,-3.947461987,20.85591748,82.3
40.588,-0.794955552,-3.748502091,20.88590657,82.2
40.601,-0.794955552,-3.515365035,20.92160744,82.2
40.614,-0.796243277,-3.316405139,21.02160744,82.1
40.626,-0.796243277,-3.084488695,21.05730832,82.1
40.639,-0.797531002,-2.852572252,21.01680977,82.2
40.652,-0.798389485,-2.653612356,21.05251064,82.2
40.665,-0.79967721,-2.421695913,21.08821152,82.2
40.677,-0.800106452,-2.18977947,21.1120121,82.2
40.69,-0.80225266,-1.956642413,21.24771297,82.1
40.703,-0.803540385,-1.72472597,21.24771297,82.1
40.715,-0.805686593,-1.525766074,21.27722534,82.2
40.728,-0.806115835,-1.293849631,21.41292621,82.1
40.741,-0.808262043,-1.127846282,21.4367268,82.1
40.754,-0.808691285,-0.928886386,21.47242767,82.1
40.766,-0.80997901,-0.795839584,21.50812854,82.1
40.779,-0.811266735,-0.696969943,21.53192912,82.1
40.792,-0.81255446,-0.596879688,21.53192912,82.1
40.804,-0.81255446,-0.530966594,21.43811763,82.1
40.817,-0.813842185,-0.498010047,21.43811763,82.1
40.83,-0.813842185,-0.498010047,21.4738185,82.1
40.842,-0.814700668,-0.498010047,21.34430614,82.1
40.855,-0.814700668,-0.563923141,21.34430614,82.1
40.868,-0.814700668,-0.596879688,21.34430614,82.1
40.881,-0.814700668,-0.696969943,21.41431705,82.1
40.893,-0.814700668,-0.762883037,21.41431705,82.1
40.906,-0.814700668,-0.895929839,21.37861618,82.1
40.919,-0.814700668,-0.99479948,21.3429153,82.1
40.931,-0.814700668,-1.127846282,21.31911472,82.1
40.944,-0.813842185,-1.293849631,21.28341385,82.1
40.957,-0.813842185,-1.45985298,21.25390148,82
40.969,-0.813412943,-1.625856329,21.2120121,82.1
40.982,-0.813412943,-1.790639065,21.19440003,82
40.995,-0.81255446,-1.989598961,21.15251064,82.1
41.008,-0.81255446,-2.18977947,21.15869915,82
41.02,-0.812125218,-2.354562206,21.09300919,82.1
41.033,-0.811266735,-2.553522102,21.06349682,82
41.046,-0.80997901,-2.752481998,21.02160744,82.1
41.058,-0.80997901,-2.952662507,20.99209508,82
41.071,-0.808262043,-3.151622403,20.96210599,82.1
41.084,-0.808262043,-3.350582299,20.93259362,82
41.096,-0.806115835,-3.582498742,20.99070424,82
41.109,-0.805686593,-3.781458638,20.98451573,82.1
41.122,-0.803969627,-4.013375081,20.96071515,82.1
41.135,-0.80225266,-4.212334977,20.83120278,82.1
41.147,-0.800106452,-4.444251421,20.80169042,82
41.16,-0.798389485,-4.677388477,20.79550191,82.1
41.173,-0.795814035,-4.90930492,20.80169042,82
41.185,-0.792809344,-5.141221363,20.75361253,82.2
41.198,-0.790233894,-5.340181259,20.76598955,82
41.211,-0.785941477,-5.572097703,20.72981195,82.2
41.224,-0.780361336,-5.805234759,20.74218896,82
41.236,-0.772634986,-6.070107749,20.72981195,82.2
41.249,-0.764479394,-6.302024192,20.60648809,82.1
41.262,-0.755465319,-6.500984088,20.60029958,82.2
41.274,-0.746880486,-6.767077692,20.64218896,82.1
41.287,-0.736149445,-6.998994135,20.63600046,82.2
41.3,-0.725847645,-7.263867126,20.66598955,82.1
41.312,-0.713828879,-7.462827022,20.65980104,82.2
41.325,-0.702239354,-7.694743465,20.65980104,82.2
41.338,-0.689791346,-7.894923974,20.69550191,82.2
41.351,-0.677772579,-8.09388387,20.69550191,82.2
41.363,-0.664466088,-8.292843766,20.70169042,82.1
41.376,-0.65201808,-8.457626502,20.73120278,82.2
41.389,-0.639570072,-8.623629851,20.83739129,82
41.401,-0.627551305,-8.7896332,20.83120278,82.1
41.414,-0.615103297,-8.922680001,20.87309217,82
41.427,-0.603513772,-9.055726803,20.96071515,82.1
41.439,-0.591495006,-9.187552992,20.96690366,82
41.452,-0.580763964,-9.320599793,20.96071515,82.1
41.465,-0.570462164,-9.420690048,20.89689275,82
41.478,-0.561018848,-9.486603142,20.99070424,82
41.49,-0.552434015,-9.552516237,20.99689275,81.9
41.503,-0.545566148,-9.585472784,21.02021661,82.1
41.516,-0.539986007,-9.585472784,21.06210599,82
41.528,-0.536122832,-9.585472784,21.02021661,82.1
41.541,-0.532688899,-9.552516237,20.93259362,82
41.554,-0.530971932,-9.453646595,21.02640511,82
41.567,-0.530113449,-9.353556341,21.03259362,81.9
41.579,-0.529684207,-9.187552992,21.02640511,82
41.592,-0.529684207,-9.021549643,20.92640511,82.1
41.605,-0.529684207,-8.7896332,20.96210599,82.1
41.617,-0.529684207,-8.524760209,20.96210599,82.1
41.63,-0.529684207,-8.258666606,20.96210599,82.1
41.643,-0.530113449,-7.993793615,20.96829449,82
41.655,-0.530971932,-7.728920625,20.99209508,82
41.668,-0.530971932,-7.495783569,20.99209508,82
41.681,-0.530971932,-7.263867126,20.98590657,82.1
41.694,-0.532259657,-7.031950682,20.96210599,82.1
41.706,-0.533547382,-6.767077692,20.86210599,82.2
41.719,-0.534835107,-6.533940636,20.96210599,82.1
41.732,-0.536122832,-6.302024192,20.92021661,82.2
41.744,-0.53826904,-6.037151202,21.02021661,82.1
41.757,-0.539556765,-5.771057599,21.02021661,82.1
41.77,-0.542132215,-5.473228061,20.88451573,82.2
41.783,-0.54341994,-5.207134458,20.88451573,82.2
41.795,-0.54599539,-4.90930492,20.88451573,82.2
41.808,-0.54857084,-4.610254769,20.88451573,82.2
41.821,-0.55114629,-4.345381779,20.79070424,82.2
41.833,-0.554580223,-4.046331628,20.82640511,82.2
41.846,-0.557155673,-3.781458638,20.82640511,82.2
41.859,-0.559731123,-3.515365035,20.82640511,82.2
41.871,-0.563165056,-3.250492044,20.76210599,82.3
41.884,-0.56659899,-2.985619054,20.76210599,82.3
41.897,-0.570462164,-2.71952545,20.72640511,82.3
41.91,-0.573896098,-2.487609007,20.86829449,82.1
41.922,-0.576900789,-2.255692564,20.76210599,82.3
41.935,-0.580763964,-2.023776121,20.73259362,82.2
41.948,-0.585056381,-1.790639065,20.72640511,82.3
41.96,-0.589348797,-1.591679168,20.73259362,82.2
41.973,-0.592782731,-1.426896432,20.62640511,82.4
41.986,-0.596645906,-1.260893084,20.63259362,82.3
41.998,-0.600079839,-1.160802829,20.59070424,82.4
42.011,-0.602655289,-1.061933188,20.69689275,82.2
42.024,-0.603513772,-1.061933188,20.66071515,82.4
42.037,-0.604801497,-1.127846282,20.67309217,82.2
42.049,-0.604801497,-1.193759376,20.76071515,82.3
42.062,-0.605230739,-1.293849631,20.86071515,82.2
42.075,-0.605230739,-1.426896432,20.82501428,82.2
42.087,-0.605230739,-1.558722621,20.72501428,82.3
42.1,-0.605230739,-1.72472597,20.73120278,82.2
42.113,-0.605230739,-1.923685866,20.6893134,82.3
42.126,-0.604801497,-2.122645762,20.69550191,82.2
42.138,-0.604801497,-2.288649111,20.65361253,82.3
42.151,-0.603943014,-2.487609007,20.66598955,82.1
42.164,-0.603513772,-2.686568903,20.65361253,82.3
42.176,-0.602655289,-2.885528799,20.66598955,82.1
42.189,-0.602226047,-3.051532148,20.65361253,82.3
42.202,-0.601367564,-3.250492044,20.66598955,82.1
42.214,-0.600509081,-3.482408487,20.65361253,82.3
42.227,-0.600079839,-3.681368384,20.66598955,82.1
42.24,-0.598792114,-3.88032828,20.65361253,82.3
42.253,-0.597933631,-4.113465336,20.56598955,82.2
42.265,-0.596216664,-4.312425232,20.53600046,82.3
42.278,-0.594070456,-4.544341675,20.55980104,82.3
42.291,-0.592353489,-4.776258118,20.55980104,82.3
42.303,-0.590636522,-5.008174562,20.65980104,82.2
42.316,-0.588061073,-5.274268165,20.55980104,82.3
42.329,-0.586344106,-5.539141155,20.65980104,82.2
42.341,-0.582910173,-5.838191306,20.75361253,82.2
42.354,-0.579476239,-6.103064296,20.75361253,82.2
42.367,-0.576900789,-6.367937287,20.69550191,82.2
42.38,-0.573896098,-6.63403089,20.7893134,82.2
42.392,-0.570891406,-6.865947333,20.79550191,82.1
42.405,-0.568315956,-7.097863777,20.82501428,82.2
42.418,-0.565311265,-7.296823673,20.83120278,82.1
42.43,-0.562306573,-7.462827022,20.82501428,82.2
42.443,-0.559731123,-7.62883037,20.86690366,82.1
42.456,-0.558443398,-7.728920625,20.76690366,82.2
42.468,-0.558014156,-7.761877172,20.76690366,82.2
42.481,-0.556726431,-7.728920625,20.79070424,82.2
42.494,-0.556726431,-7.62883037,20.79070424,82.2
42.507,-0.556726431,-7.462827022,20.79070424,82.2
42.519,-0.556726431,-7.263867126,20.82640511,82.2
42.532,-0.556726431,-6.998994135,20.86210599,82.2
42.545,-0.557155673,-6.699943985,20.86210599,82.2
42.557,-0.557155673,-6.435070994,20.86210599,82.2
42.57,-0.558014156,-6.168977391,20.86210599,82.2
42.583,-0.558443398,-5.9041044,20.88590657,82.2
42.596,-0.559731123,-5.672187957,20.88590657,82.2
42.608,-0.560589606,-5.440271514,20.92160744,82.2
42.621,-0.562306573,-5.17417791,20.92779595,82.1
42.634,-0.563165056,-4.942261467,20.95730832,82.2
42.646,-0.564452781,-4.710345024,20.96349682,82.1
42.659,-0.565740506,-4.444251421,20.98682068,82.3
42.672,-0.567028231,-4.212334977,21.11680977,82.1
42.684,-0.56917444,-3.980418534,21.14632214,82.2
42.697,-0.570462164,-3.715545544,21.15251064,82.1
42.71,-0.571749889,-3.482408487,21.08821152,82.2
42.723,-0.573896098,-3.217535497,21.2120121,82.1
42.735,-0.575613064,-2.985619054,21.24152447,82.2
42.748,-0.577759273,-2.752481998,21.14771297,82.2
42.761,-0.580334723,-2.487609007,21.17722534,82.3
42.773,-0.582051689,-2.288649111,21.21911472,82.2
42.786,-0.584197898,-2.056732668,21.1429153,82.3
42.799,-0.586773348,-1.824816225,21.24910381,82.1
42.811,-0.588919556,-1.625856329,21.2429153,82.2
42.824,-0.591495006,-1.45985298,21.27861618,82.2
42.837,-0.593641214,-1.293849631,21.31431705,82.2
42.85,-0.595358181,-1.127846282,21.31431705,82.2
42.862,-0.597933631,-1.027756028,21.31431705,82.2
42.875,-0.599221356,-0.928886386,21.33811763,82.2
42.888,-0.600509081,-0.928886386,21.32050556,82.1
42.9,-0.601367564,-0.961842933,21.31431705,82.2
42.913,-0.601367564,-1.061933188,21.28480468,82.1
42.926,-0.601367564,-1.160802829,21.3367268,82.2
42.939,-0.602226047,-1.260893084,21.3429153,82.1
42.951,-0.601367564,-1.426896432,21.31292621,82.2
42.964,-0.602226047,-1.591679168,21.28341385,82.1
42.977,-0.601367564,-1.757682517,21.23533596,82.3
42.989,-0.602226047,-1.956642413,21.18821152,82.1
43.002,-0.601367564,-2.155602309,21.14632214,82.2
43.015,-0.601367564,-2.354562206,21.02299828,82.1
43.027,-0.600509081,-2.553522102,21.09300919,82.1
43.04,-0.600079839,-2.752481998,21.05730832,82.1
43.053,-0.599221356,-2.952662507,20.92160744,82.2
43.066,-0.598792114,-3.151622403,20.88590657,82.2
43.078,-0.597504389,-3.383538846,20.86210599,82.2
43.091,-0.596645906,-3.582498742,20.82640511,82.2
43.104,-0.595358181,-3.781458638,20.79689275,82.1
43.116,-0.594070456,-3.980418534,20.76690366,82.2
43.129,-0.592782731,-4.146421883,20.73739129,82.1
43.142,-0.591495006,-4.345381779,20.73120278,82.2
43.154,-0.590636522,-4.544341675,20.60169042,82.2
43.167,-0.589348797,-4.710345024,20.6893134,82.3
43.18,-0.588061073,-4.876348373,20.66598955,82.1
43.193,-0.586773348,-5.008174562,20.65980104,82.2
43.205,-0.585485623,-5.17417791,20.66598955,82.1
43.218,-0.584197898,-5.307224712,20.7893134,82.2
43.231,-0.583768656,-5.406094354,20.8893134,82.1
43.243,-0.582051689,-5.473228061,20.8893134,82.1
43.256,-0.582051689,-5.473228061,20.79550191,82.1
43.269,-0.581622448,-5.440271514,20.83120278,82.1
43.282,-0.582051689,-5.307224712,20.83120278,82.1
43.294,-0.582051689,-5.141221363,20.86690366,82.1
43.307,-0.582051689,-4.90930492,20.89070424,82.1
43.32,-0.581622448,-4.643211317,20.92640511,82.1
43.332,-0.582051689,-4.378338326,20.96210599,82.1
43.345,-0.582910173,-4.113465336,20.98590657,82.1
43.358,-0.583768656,-3.847371732,21.02160744,82.1
43.37,-0.584197898,-3.582498742,21.05730832,82.1
43.383,-0.585485623,-3.316405139,21.09300919,82.1
43.396,-0.586773348,-3.051532148,21.11680977,82.1
43.409,-0.588061073,-2.786659158,21.18821152,82.1
43.421,-0.589348797,-2.487609007,21.11820061,82.1
43.434,-0.591495006,-2.222736017,21.14771297,82.2
43.447,-0.593641214,-1.923685866,21.22530323,82.1
43.459,-0.595358181,-1.591679168,21.4367268,82.1
43.472,-0.597504389,-1.260893084,21.50812854,82.1
43.485,-0.600509081,-0.928886386,21.53192912,82.1
43.497,-0.605230739,-0.596879688,21.4738185,82.1
43.51,-0.611240122,-0.198959896,21.44522025,82.2
43.523,-0.620254197,0.198959896,21.46902083,82.2
43.536,-0.631843722,0.596879688,21.50472171,82.2
43.548,-0.646008696,1.027756028,21.57612345,82.2
43.561,-0.661461396,1.45985298,21.59992404,82.2
43.574,-0.678201821,1.857772772,21.67132578,82.2
43.586,-0.696229971,2.222736017,21.73082724,82.2
43.599,-0.715975087,2.587699262,21.82602957,82.2
43.612,-0.735720203,2.985619054,21.89743131,82.2
43.625,-0.758899253,3.383538846,21.99882215,82.1
43.637,-0.781219819,3.748502091,22.08783597,82.2
43.65,-0.805686593,4.146421883,22.28922681,82
43.663,-0.828436401,4.478428581,22.37824063,82.1
43.675,-0.852903176,4.809214666,22.47344296,82.1
43.688,-0.875223742,5.075308269,22.58054558,82.1
43.701,-0.897115067,5.340181259,22.78193641,81.9
43.713,-0.916860183,5.572097703,22.82906086,82.1
43.726,-0.935317574,5.738101051,22.90665111,82
43.739,-0.950341032,5.871147853,22.92426318,82.1
43.752,-0.962359799,5.937060947,22.8366402,82
43.764,-0.970086149,5.9041044,22.92426318,82.1
43.777,-0.974807807,5.805234759,22.93045169,82
43.79,-0.976095532,5.572097703,22.9004626,82.1
43.802,-0.976524774,5.274268165,22.79954849,82
43.815,-0.976095532,4.876348373,22.73385853,82.1
43.828,-0.975237049,4.444251421,22.6386562,82.1
43.84,-0.973949324,3.980418534,22.54345387,82.1
43.853,-0.972232357,3.515365035,22.44825154,82.1
43.866,-0.970086149,3.051532148,22.24733743,82.1
43.879,-0.967510699,2.587699262,22.08644514,82.2
43.891,-0.965364491,2.155602309,21.83221807,82.1
43.904,-0.962359799,1.658812876,21.69512636,82.2
43.917,-0.958925866,1.160802829,21.44661109,82.2
43.929,-0.954204207,0.662792783,21.23192912,82.4
43.942,-0.949911791,0.133046802,20.98960235,82.3
43.955,-0.943902408,-0.364963245,20.75730832,82.4
43.968,-0.936605299,-0.862973292,20.47309217,82.4
43.98,-0.928020466,-1.392719272,20.20029958,82.6
43.993,-0.918147908,-1.923685866,20.01128576,82.6
44.006,-0.906987625,-2.45465246,19.86939638,82.8
44.018,-0.893251892,-2.985619054,19.76939638,82.9
44.031,-0.877369951,-3.549542195,19.61128576,83
44.044,-0.859341801,-4.113465336,19.60509725,83.1
44.056,-0.840455168,-4.610254769,19.64698663,83
44.069,-0.821139293,-5.108264816,19.56459871,83.2
44.082,-0.80225266,-5.572097703,19.67078722,83
44.095,-0.782936786,-6.004194655,19.79411108,83.1
44.107,-0.764479394,-6.402114447,19.80029958,83
44.12,-0.744734278,-6.832990786,19.92981195,83
44.133,-0.72455992,-7.230910578,19.96598955,82.8
44.145,-0.70395632,-7.62883037,19.99550191,82.9
44.158,-0.685069687,-7.960837068,20.13739129,82.7
44.171,-0.667041538,-8.258666606,20.13120278,82.8
44.183,-0.65201808,-8.491803662,20.26690366,82.7
44.196,-0.638711588,-8.657807011,20.29070424,82.7
44.209,-0.630126755,-8.723720105,20.29070424,82.7
44.222,-0.62368813,-8.723720105,20.32640511,82.7
44.234,-0.62111268,-8.623629851,20.32640511,82.7
44.247,-0.619824955,-8.391713407,20.32640511,82.7
44.26,-0.619824955,-8.026750163,20.36210599,82.7
44.272,-0.619824955,-7.562917276,20.26829449,82.7
44.285,-0.620254197,-7.031950682,20.26210599,82.8
44.298,-0.62111268,-6.500984088,20.26829449,82.7
44.311,-0.62368813,-5.970017495,20.26210599,82.8
44.323,-0.62626358,-5.406094354,20.26210599,82.8
44.336,-0.630126755,-4.842171213,20.28590657,82.8
44.349,-0.634419172,-4.245291525,20.22779595,82.8
44.361,-0.639570072,-3.681368384,20.25730832,82.9
44.374,-0.644720971,-3.084488695,20.2991977,82.8
44.387,-0.651588838,-2.487609007,20.29300919,82.9
44.399,-0.660173671,-1.857772772,20.31680977,82.9
44.412,-0.670046229,-1.193759376,20.25251064,83
44.425,-0.682923479,-0.530966594,20.3120121,83
44.438,-0.700093145,0.198959896,20.28960235,83
44.45,-0.72198447,0.961842933,20.47861618,83
44.463,-0.748168211,1.691769423,20.80951938,82.8
44.476,-0.778644369,2.421695913,21.03423407,82.8
44.488,-0.810837493,3.151622403,21.22463873,82.8
44.501,-0.846893793,3.91450544,21.45693277,82.7
44.514,-0.885954784,4.610254769,21.7830383,82.6
44.526,-0.928020466,5.340181259,22.27435707,82.5
44.539,-0.973949324,6.070107749,22.53045169,82.4
44.552,-1.025458323,6.732900532,22.75655722,82.4
44.565,-1.081259738,7.36395738,23.05886217,82.3
44.577,-1.141353571,7.960837068,23.3849677,82.2
44.59,-1.201447403,8.491803662,23.67537236,82.1
44.603,-1.264545927,8.988593096,23.90627556,82
44.615,-1.327215209,9.486603142,24.23717876,81.8
44.628,-1.390313733,9.950436029,24.40286873,81.6
44.641,-1.452983015,10.38253298,24.63238109,81.5
44.654,-1.516081539,10.78045277,24.86808197,81.3
44.666,-1.576604613,11.14541602,25.06808197,81.1
44.679,-1.637127687,11.51037926,25.19188255,81
44.692,-1.694646069,11.8082088,25.29188255,80.9
44.704,-1.749159759,12.10725895,25.29807106,80.8
44.717,-1.798951792,12.33917539,25.39188255,80.8
44.73,-1.845739133,12.57109184,25.39807106,80.7
44.742,-1.886946332,12.73709519,25.37427047,80.7
44.755,-1.922144148,12.87014199,25.36808197,80.8
44.768,-1.950474097,12.90309854,25.42619259,80.8
44.781,-1.972365422,12.87014199,25.29049171,80.9
44.793,-1.986959638,12.73709519,25.03717876,81
44.806,-1.993398263,12.4722222,24.86577702,81.1
44.819,-1.996832197,12.0743024,24.81246407,81
44.831,-1.996832197,11.51037926,24.63487382,81.2
44.844,-1.996832197,10.84636587,24.5158709,81.2
44.857,-1.994256747,10.18357308,24.3787792,81.3
44.869,-1.992110538,9.453646595,24.21836363,81.2
44.882,-1.988247363,8.690763558,23.92177046,81.4
44.895,-1.984384188,7.894923974,23.64374282,81.3
44.908,-1.978804047,7.031950682,23.39954849,81.4
44.92,-1.973653147,6.168977391,23.14964238,81.4
44.933,-1.966356039,5.274268165,22.78783597,81.5
44.946,-1.959058931,4.345381779,22.40841749,81.5
44.958,-1.948757131,3.416495393,21.87520934,81.7
44.971,-1.936738364,2.45465246,21.34771297,82
44.984,-1.921714906,1.492809527,20.76829449,82.2
44.997,-1.90196979,0.563923141,20.15980104,82.7
45.009,-1.87879074,-0.299050151,19.50648809,83.2
45.022,-1.851748516,-1.027756028,19.06459871,83.7
45.035,-1.8217016,-1.72472597,18.67078722,84
45.047,-1.786503784,-2.354562206,18.43460962,84.4
45.06,-1.748301276,-2.952662507,18.21128576,84.4
45.073,-1.704947869,-3.482408487,17.86320787,84.9
45.085,-1.656872803,-3.980418534,17.63369551,85
45.098,-1.604076079,-4.478428581,17.56320787,85.2
45.111,-1.54741618,-4.942261467,17.46939638,85.2
45.124,-1.485176139,-5.406094354,17.36320787,85.4
45.136,-1.418643682,-5.9041044,17.30509725,85.4
45.149,-1.346101842,-6.402114447,17.39890875,85.4
45.162,-1.267121377,-6.966037588,17.54079813,85.2
45.174,-1.17998532,-7.562917276,17.80029958,85
45.187,-1.090703055,-8.192753511,18.03600046,84.8
45.2,-1.000562307,-8.822589747,18.36598955,84.4
45.212,-0.9108508,-9.453646595,18.59550191,84.3
45.225,-0.823285502,-10.05052628,18.99689275,83.9
45.238,-0.739583378,-10.64740597,19.28590657,83.8
45.251,-0.660173671,-11.24428566,19.4991977,83.6
45.263,-0.585485623,-11.77525225,19.8120121,83.5
45.276,-0.515089991,-12.2732623,20.08480468,83.3
45.289,-0.451991467,-12.70413864,20.34522025,83.3
45.301,-0.394473084,-13.10205843,20.48231196,83.2
45.314,-0.345110294,-13.43406513,20.59512636,83.3
45.327,-0.301756886,-13.73189467,20.83221807,83.1
45.34,-0.267417553,-13.93085456,20.9212319,83.2
45.352,-0.240375329,-14.03094482,20.89882215,83.2
45.365,-0.223205663,-14.03094482,20.92833452,83.3
45.378,-0.214191588,-13.83198492,20.9521351,83.3
45.39,-0.210328413,-13.46702168,20.8521351,83.4
45.403,-0.209040688,-12.87014199,20.8521351,83.4
45.416,-0.209040688,-12.1402155,20.8521351,83.4
45.428,-0.209469929,-11.31019875,20.8521351,83.4
45.441,-0.210328413,-10.48140262,20.74594659,83.6
45.454,-0.212903863,-9.652606491,20.72214601,83.6
45.467,-0.215479313,-8.856766907,20.58644514,83.7
45.479,-0.220200971,-8.09388387,20.36173044,83.7
45.492,-0.225351871,-7.331000833,20.13082724,83.8
45.505,-0.232648979,-6.568117796,19.87612345,83.9
45.517,-0.241663054,-5.738101051,19.50951938,84.1
45.53,-0.254540304,-4.90930492,19.2429153,84.2
45.543,-0.269993003,-4.079288176,18.81680977,84.4
45.555,-0.291025845,-3.283448591,18.42640511,84.6
45.568,-0.316351103,-2.553522102,17.85980104,85
45.581,-0.345968777,-1.923685866,17.47078722,85.2
45.594,-0.378591143,-1.392719272,17.14079813,85.6
45.606,-0.415076684,-0.928886386,17.04698663,85.6
45.619,-0.454566917,-0.498010047,16.96459871,85.8
45.632,-0.499208049,-0.100090254,16.86459871,85.9
45.644,-0.546853873,0.299050151,16.86459871,85.9
45.657,-0.597933631,0.662792783,17.00648809,85.7
45.67,-0.652876563,1.061933188,17.00029958,85.8
45.683,-0.709965704,1.426896432,17.20029958,85.6
45.695,-0.768771811,1.790639065,17.33600046,85.5
45.708,-0.829294885,2.18977947,17.45980104,85.4
45.721,-0.8902472,2.587699262,17.59550191,85.3
45.733,-0.952487241,2.952662507,17.83120278,85.1
45.746,-1.014727281,3.350582299,17.99689275,84.9
45.759,-1.075679597,3.748502091,18.18590657,84.9
45.771,-1.134914946,4.113465336,18.2991977,84.8
45.784,-1.189857878,4.478428581,18.5120121,84.8
45.797,-1.240079152,4.776258118,18.74910381,84.6
45.81,-1.284720285,5.075308269,18.83811763,84.7
45.822,-1.324210517,5.307224712,18.97520934,84.6
45.835,-1.356832883,5.506184608,19.13423407,84.7
45.848,-1.382158141,5.60505425,19.19992404,84.6
45.86,-1.397610841,5.60505425,19.19373553,84.7
45.873,-1.405337191,5.473228061,19.07612345,84.7
45.886,-1.407912641,5.241311618,19.04042258,84.7
45.898,-1.408771124,4.809214666,19.04522025,84.6
45.911,-1.407483399,4.279468685,18.93811763,84.6
45.924,-1.405337191,3.648411836,18.81911472,84.6
45.937,-1.401903258,2.985619054,18.65251064,84.6
45.949,-1.398040083,2.388739366,18.37971806,84.8
45.962,-1.393318424,1.790639065,18.13739129,84.7
45.975,-1.388167524,1.160802829,17.92981195,85
45.987,-1.380870416,0.530966594,17.67078722,85
46,-1.371856341,-0.065913094,17.43460962,85.4
46.013,-1.359837575,-0.662792783,17.14698663,85.5
46.026,-1.343955634,-1.260893084,16.84079813,85.9
46.038,-1.323781276,-1.890729319,16.61128576,86
46.051,-1.296739051,-2.487609007,16.39890875,86.4
46.064,-1.262399718,-3.084488695,16.11128576,86.5
46.076,-1.221621761,-3.648411836,15.80509725,86.9
46.089,-1.17740987,-4.17937843,15.81128576,86.8
46.102,-1.130193288,-4.677388477,15.84079813,86.9
46.114,-1.080830497,-5.207134458,15.94698663,86.7
46.127,-1.027604531,-5.705144504,16.06459871,86.7
46.14,-0.971373874,-6.269067645,16.17078722,86.5
46.153,-0.90827535,-6.832990786,16.40029958,86.4
46.165,-0.840455168,-7.462827022,16.74218896,86
46.178,-0.769201053,-8.126840417,17.10169042,85.7
46.191,-0.69880542,-8.7896332,17.36690366,85.6
46.203,-0.630985238,-9.420690048,17.76210599,85.3
46.216,-0.565740506,-10.08348283,18.08682068,85.2
46.229,-0.502641982,-10.71331907,18.34771297,85
46.241,-0.443406634,-11.31019875,18.63192912,85
46.254,-0.387175976,-11.90829906,18.90472171,84.8
46.267,-0.336096219,-12.43804504,19.09512636,84.8
46.28,-0.288450395,-12.96901163,19.36791895,84.6
46.292,-0.246384712,-13.39988797,19.5521351,84.7
46.305,-0.209469929,-13.79902837,19.81873917,84.6
46.318,-0.178135288,-14.06390136,19.94964238,84.6
46.33,-0.152380789,-14.26286126,20.08054558,84.6
46.343,-0.133064914,-14.32877435,20.07574791,84.7
46.356,-0.121904631,-14.22990471,20.03524936,84.8
46.369,-0.115466006,-14.03094482,20.07095024,84.8
46.381,-0.113319798,-13.63302503,19.97095024,84.9
46.394,-0.112890556,-13.06910188,19.87713874,84.9
46.407,-0.112890556,-12.30621885,19.83524936,85
46.419,-0.112890556,-11.51037926,19.83524936,85
46.432,-0.114178281,-10.68036252,19.83524936,85
46.445,-0.116753731,-9.851566387,19.73524936,85.1
46.457,-0.120187664,-9.021549643,19.68193641,85
46.47,-0.124480081,-8.159796964,19.48054558,85.2
46.483,-0.131347948,-7.263867126,19.12013001,85.3
46.496,-0.139932781,-6.33498074,18.74733743,85.6
46.508,-0.152810031,-5.340181259,18.46312128,85.6
46.521,-0.169979697,-4.312425232,18.12463873,85.9
46.534,-0.194875713,-3.283448591,17.56902083,86.1
46.546,-0.225351871,-2.388739366,17.07722534,86.4
46.559,-0.262266654,-1.658812876,16.66829449,86.3
46.572,-0.303903094,-1.061933188,16.23600046,86.6
46.584,-0.353265885,-0.530966594,15.87078722,86.8
46.597,-0.408638059,-0.032956547,15.7584102,87.1
46.61,-0.4708781,0.430876339,15.86459871,86.9
46.623,-0.539556765,0.895929839,15.99411108,86.9
46.635,-0.614674055,1.392719272,16.12981195,86.8
46.648,-0.696229971,1.923685866,16.35361253,86.6
46.661,-0.783795269,2.487609007,16.59550191,86.3
46.673,-0.877369951,3.117445243,16.92640511,86.1
46.686,-0.976095532,3.814415185,17.29300919,85.9
46.699,-1.076108839,4.511385128,17.74910381,85.6
46.712,-1.176122145,5.241311618,18.26993495,85.6
46.724,-1.27570621,6.037151202,18.66791895,85.3
46.737,-1.373144066,6.800034239,19.07684979,85.4
46.75,-1.465860265,7.529960729,19.54623554,85.1
46.762,-1.551708596,8.192753511,19.99705577,85.1
46.775,-1.628542853,8.756676652,20.46025301,84.9
46.788,-1.696363035,9.254686699,20.83348298,85
46.8,-1.755169143,9.619649944,21.01246407,84.8
46.813,-1.801098,9.917479482,21.19528938,84.9
46.826,-1.837154299,10.05052628,21.1076664,84.8
46.839,-1.861621074,10.05052628,21.00147789,85
46.851,-1.875356807,9.884522934,20.84197644,85.1
46.864,-1.880078465,9.552516237,20.77057469,85.1
46.877,-1.882224674,9.021549643,20.61107323,85.2
46.889,-1.88136619,8.35875686,20.44446916,85.2
46.902,-1.879649224,7.595873823,20.28976537,85.2
46.915,-1.87621529,6.767077692,20.09364893,85.1
46.927,-1.872352116,5.9041044,19.79705577,85.3
46.94,-1.866771974,5.075308269,19.61283962,85.2
46.953,-1.861191832,4.212334977,19.3448447,85.3
46.966,-1.853036241,3.316405139,19.0830383,85.3
46.978,-1.843163683,2.388739366,18.6850543,85.6
46.991,-1.830286433,1.392719272,18.04661109,85.6
47.004,-1.812258283,0.463832887,17.30582359,86.1
47.016,-1.789937717,-0.430876339,16.53739129,86.3
47.029,-1.760320043,-1.226715924,15.74079813,87
47.042,-1.722976018,-1.956642413,15.13369551,87.5
47.055,-1.677905644,-2.587699262,14.73369551,87.9
47.067,-1.627255128,-3.151622403,14.43988401,88.1
47.08,-1.568878263,-3.648411836,14.26939638,88.4
47.093,-1.504062772,-4.146421883,14.16939638,88.5
47.105,-1.43109169,-4.610254769,14.16939638,88.5
47.118,-1.35339895,-5.108264816,14.21128576,88.4
47.131,-1.266262893,-5.60505425,14.34698663,88.3
47.143,-1.173117453,-6.203154551,14.47078722,88.2
47.156,-1.070099455,-6.832990786,14.84218896,87.9
47.169,-0.959784349,-7.562917276,15.36598955,87.4
47.182,-0.843030618,-8.391713407,15.93120278,87
47.194,-0.728423095,-9.221730152,16.32640511,86.7
47.207,-0.615103297,-10.08348283,16.82299828,86.3
47.22,-0.507792882,-11.01236922,17.34910381,86
47.232,-0.403057918,-11.97421215,17.94042258,85.8
47.245,-0.303903094,-12.96901163,18.46173044,85.6
47.258,-0.208182204,-13.99798827,19.14825154,85.4
47.27,-0.118041456,-14.9598312,19.63524936,85.2
47.283,-0.030905399,-15.85454043,20.28746042,85
47.296,0.049362791,-16.61742347,20.88017003,84.8
47.309,0.123192356,-17.24848031,21.34197644,84.6
47.321,0.188007847,-17.74526975,21.66097935,84.4
47.334,0.24595547,-18.14318954,21.83238109,84.3
47.347,0.295318261,-18.40928314,21.83238109,84.3
47.359,0.335666977,-18.54232995,21.83238109,84.3
47.372,0.366143135,-18.57528649,21.63238109,84.5
47.385,0.386317493,-18.47519624,21.49668022,84.6
47.398,0.398765501,-18.24327979,21.26097935,84.8
47.41,0.405633368,-17.87831655,21.00147789,85
47.423,0.408208817,-17.34734996,20.86577702,85.1
47.436,0.408638059,-16.68455717,20.84816494,85
47.448,0.408638059,-15.88871759,20.80627556,85.1
47.461,0.408208817,-15.05870084,20.6767632,85.1
47.474,0.406062609,-14.12981446,20.63487382,85.2
47.486,0.404345643,-13.20092807,20.51726174,85.2
47.499,0.400911709,-12.2732623,20.47537236,85.3
47.512,0.397477776,-11.34437591,20.34585999,85.3
47.525,0.392756118,-10.41548953,20.18017003,85.5
47.537,0.387605218,-9.486603142,19.95545534,85.5
47.55,0.381166593,-8.590673304,19.71836363,85.7
47.563,0.37258176,-7.661786918,19.33414748,85.8
47.575,0.361421477,-6.666987437,18.95996406,86.1
47.588,0.34682726,-5.705144504,18.48054558,86.2
47.601,0.329228352,-4.842171213,17.91734834,86.5
47.613,0.308195511,-4.079288176,17.32463873,86.7
47.626,0.283728736,-3.416495393,16.81431705,86.7
47.639,0.252823337,-2.752481998,16.05730832,87.1
47.652,0.216337796,-2.18977947,15.33120278,87.6
47.664,0.174272113,-1.658812876,14.85361253,88.1
47.677,0.127055531,-1.193759376,14.53600046,88.3
47.69,0.072971082,-0.795839584,14.30029958,88.5
47.702,0.01287725,-0.397919792,14.07697572,88.5
47.715,-0.052796724,-0.032956547,13.94079813,88.8
47.728,-0.125338564,0.299050151,13.97697572,88.6
47.741,-0.20431903,0.596879688,14.06459871,88.7
47.753,-0.289308878,0.928886386,14.10648809,88.6
47.766,-0.376874176,1.260893084,14.30029958,88.5
47.779,-0.46830265,1.625856329,14.54218896,88.2
47.791,-0.561877331,1.989598961,14.73600046,88.1
47.804,-0.659315188,2.388739366,14.96598955,87.8
47.817,-0.757611528,2.819615705,15.23739129,87.6
47.829,-0.855478626,3.250492044,15.53259362,87.4
47.842,-0.949053308,3.681368384,15.86349682,87.2
47.855,-1.038764814,4.113465336,16.11820061,87.1
47.868,-1.120749971,4.544341675,16.42050556,87
47.88,-1.197154986,4.942261467,16.70472171,87
47.893,-1.267121377,5.340181259,16.87751429,86.9
47.906,-1.328502934,5.705144504,17.19604048,86.9
47.918,-1.380441175,5.970017495,17.3212319,86.8
47.931,-1.421219132,6.168977391,17.42214601,86.9
47.944,-1.449549082,6.236111098,17.39402448,86.8
47.956,-1.465860265,6.203154551,17.28783597,87
47.969,-1.474015856,6.004194655,17.29402448,86.9
47.982,-1.476591306,5.672187957,17.22833452,87
47.995,-1.476591306,5.207134458,17.2274204,86.8
48.007,-1.475303581,4.577298222,17.10222898,86.9
48.02,-1.472728131,3.88032828,16.93562491,86.9
48.033,-1.468435715,3.18457895,16.70472171,87
48.045,-1.46457254,2.520565554,16.53811763,87
48.058,-1.458563156,1.923685866,16.24771297,87.1
48.071,-1.453412257,1.359762725,15.95730832,87.2
48.084,-1.446115148,0.828796131,15.76690366,87.2
48.096,-1.43881804,0.332006698,15.53600046,87.3
48.109,-1.42851624,-0.133046802,15.26459871,87.5
48.122,-1.417355957,-0.629836235,14.97078722,87.7
48.134,-1.400615533,-1.094889735,14.74079813,88
48.147,-1.380870416,-1.558722621,14.53460962,88.3
48.16,-1.354686675,-2.023776121,14.23460962,88.6
48.172,-1.325069001,-2.487609007,13.94079813,88.8
48.185,-1.289441943,-2.885528799,13.64079813,89.1
48.198,-1.24995171,-3.250492044,13.51128576,89.1
48.211,-1.207027544,-3.615455289,13.44079813,89.3
48.223,-1.163244895,-3.947461987,13.44698663,89.2
48.236,-1.116886796,-4.245291525,13.44079813,89.3
48.249,-1.070957939,-4.544341675,13.54698663,89.1
48.261,-1.022882873,-4.842171213,13.56459871,89.2
48.274,-0.974807807,-5.17417791,13.67078722,89
48.287,-0.925874258,-5.440271514,13.80029958,89
48.299,-0.877369951,-5.738101051,13.90648809,88.8
48.312,-0.829724126,-6.037151202,14.00029958,88.8
48.325,-0.782936786,-6.33498074,14.14218896,88.6
48.338,-0.737007928,-6.63403089,14.25980104,88.6
48.35,-0.693654521,-6.898903881,14.49550191,88.4
48.363,-0.655452013,-7.132040937,14.63120278,88.3
48.376,-0.62368813,-7.296823673,14.63739129,88.2
48.388,-0.598792114,-7.429870474,14.77309217,88.1
48.401,-0.581622448,-7.462827022,14.86690366,88.1
48.414,-0.572179131,-7.429870474,14.89070424,88.1
48.427,-0.568315956,-7.230910578,14.88451573,88.2
48.439,-0.567886715,-6.931860428,14.92640511,88.1
48.452,-0.568315956,-6.435070994,14.92021661,88.2
48.465,-0.570462164,-5.871147853,14.92640511,88.1
48.477,-0.573896098,-5.241311618,14.92021661,88.2
48.49,-0.579046998,-4.643211317,14.92640511,88.1
48.503,-0.585485623,-4.046331628,14.78451573,88.3
48.515,-0.594928939,-3.482408487,14.76690366,88.2
48.528,-0.607376947,-2.885528799,14.62501428,88.4
48.541,-0.623258889,-2.288649111,14.35980104,88.5
48.554,-0.644720971,-1.691769423,14.23600046,88.6
48.566,-0.674338646,-1.094889735,14.03600046,88.8
48.579,-0.713399637,-0.530966594,13.93600046,88.9
48.592,-0.761474703,0.032956547,13.93600046,88.9
48.604,-0.813842185,0.563923141,14.03600046,88.8
48.617,-0.869214359,1.061933188,14.29550191,88.6
48.63,-0.928020466,1.591679168,14.57309217,88.3
48.642,-0.989402023,2.122645762,14.86210599,88.2
48.655,-1.054217514,2.71952545,15.0991977,88
48.668,-1.122896179,3.350582299,15.51911472,87.9
48.681,-1.194150295,4.013375081,15.91091021,87.7
48.693,-1.265833652,4.677388477,16.42602957,87.6
48.706,-1.340092459,5.406094354,16.85352593,87.4
48.719,-1.413922024,6.168977391,17.29815765,87.5
48.731,-1.488180831,6.931860428,17.83755431,87.2
48.744,-1.559434946,7.62883037,18.27647425,87.2
48.757,-1.628113612,8.225710059,18.8096824,87
48.77,-1.690353652,8.7896332,19.13578793,86.9
48.782,-1.749159759,9.254686699,19.45479084,86.7
48.795,-1.801098,9.619649944,19.62619259,86.6
48.808,-1.849173066,9.950436029,19.66189346,86.6
48.82,-1.890809507,10.21652963,19.66808197,86.5
48.833,-1.926436565,10.38253298,19.62619259,86.6
48.846,-1.956054239,10.51435917,19.4385696,86.6
48.858,-1.978804047,10.58149288,19.39668022,86.7
48.871,-1.994256747,10.51435917,19.36097935,86.7
48.884,-2.004558546,10.41548953,19.20147789,86.8
48.897,-2.009280205,10.21652963,19.07196553,86.8
48.909,-2.011855655,9.984613189,19.00627556,86.9
48.922,-2.01314338,9.652606491,18.97057469,86.9
48.935,-2.012714138,9.220509539,18.87537236,86.9
48.947,-2.011855655,8.723720105,18.78017003,86.9
48.96,-2.009709446,8.159796964,18.6849677,86.9
48.973,-2.00799248,7.562917276,18.5540645,86.9
48.985,-2.005846271,6.998994135,18.4231613,86.9
48.998,-2.003270821,6.435070994,18.2922581,86.9
49.011,-1.999836888,5.9041044,18.03755431,87
49.024,-1.996832197,5.340181259,17.90665111,87
49.036,-1.992110538,4.776258118,17.74004703,87
49.049,-1.988247363,4.212334977,17.47344296,87.1
49.062,-1.98223798,3.582498742,17.2830383,87.1
49.074,-1.976228597,2.985619054,16.99263364,87.2
49.087,-1.968502247,2.354562206,16.70222898,87.3
49.1,-1.960346656,1.757682517,16.47612345,87.3
49.113,-1.948757131,1.094889735,16.11431705,87.4
49.125,-1.936738364,0.498010047,15.65251064,87.6
49.138,-1.922144148,-0.032956547,15.22640511,87.8
49.151,-1.907979173,-0.530966594,14.90169042,87.9
49.163,-1.889951024,-0.961842933,14.63600046,88.2
49.176,-1.871493632,-1.392719272,14.50029958,88.3
49.189,-1.850031549,-1.757682517,14.29411108,88.6
49.201,-1.8268525,-2.122645762,14.2584102,88.6
49.214,-1.801098,-2.45465246,14.12842111,88.8
49.227,-1.774914259,-2.752481998,14.03460962,88.8
49.24,-1.747013551,-3.051532148,13.79890875,89
49.252,-1.71825436,-3.316405139,13.64698663,89
49.265,-1.687348961,-3.549542195,13.63460962,89.2
49.278,-1.656443561,-3.781458638,13.64079813,89.1
49.29,-1.624679678,-3.980418534,13.53460962,89.3
49.303,-1.591628071,-4.212334977,13.54079813,89.2
49.316,-1.56029343,-4.411294873,13.56459871,89.2
49.328,-1.529817272,-4.577298222,13.66459871,89.1
49.341,-1.500199597,-4.776258118,13.66459871,89.1
49.354,-1.471869648,-4.90930492,13.66459871,89.1
49.367,-1.445685907,-5.075308269,13.80648809,88.9
49.379,-1.421219132,-5.207134458,13.80029958,89
49.392,-1.400615533,-5.307224712,13.90648809,88.8
49.405,-1.383016625,-5.373137807,13.93600046,88.9
49.417,-1.370568616,-5.440271514,14.06598955,88.7
49.43,-1.3611253,-5.440271514,14.05361253,88.9
49.443,-1.356832883,-5.406094354,14.20169042,88.6
49.456,-1.353828192,-5.307224712,14.19550191,88.7
49.468,-1.353828192,-5.141221363,14.33739129,88.5
49.481,-1.353828192,-4.90930492,14.36690366,88.6
49.494,-1.354686675,-4.577298222,14.49070424,88.5
49.506,-1.354686675,-4.212334977,14.49070424,88.5
49.519,-1.356832883,-3.847371732,14.52640511,88.5
49.532,-1.359408333,-3.44945194,14.52640511,88.5
49.544,-1.362413025,-3.051532148,14.56210599,88.5
49.557,-1.367134683,-2.620655809,14.56829449,88.4
49.57,-1.373144066,-2.222736017,14.42640511,88.6
49.583,-1.380441175,-1.790639065,14.43259362,88.5
49.595,-1.389026008,-1.392719272,14.42640511,88.6
49.608,-1.399327808,-0.99479948,14.49689275,88.4
49.621,-1.411775816,-0.563923141,14.49070424,88.5
49.633,-1.427657757,-0.166003349,14.49689275,88.4
49.646,-1.445685907,0.26487299,14.58451573,88.5
49.659,-1.46714799,0.662792783,14.72640511,88.3
49.671,-1.490327039,1.094889735,14.76210599,88.3
49.684,-1.517798505,1.558722621,14.86349682,88.2
49.697,-1.546986938,1.989598961,15.05251064,88.2
49.71,-1.578750821,2.45465246,15.31911472,88.1
49.722,-1.608797737,2.918485347,15.4738185,88.1
49.735,-1.639273895,3.350582299,15.74042258,88
49.748,-1.668033086,3.781458638,16.03701575,87.8
49.76,-1.69765076,4.212334977,16.2212319,87.9
49.773,-1.724692985,4.610254769,16.52972535,87.7
49.786,-1.752593693,5.042351722,16.7139415,87.8
49.799,-1.778777434,5.440271514,16.91053467,87.7
49.811,-1.80367345,5.838191306,17.07095024,87.8
49.824,-1.825564775,6.168977391,17.24374282,87.7
49.837,-1.844451408,6.435070994,17.33275664,87.8
49.849,-1.859904107,6.63403089,17.43414748,87.7
49.862,-1.871064391,6.732900532,17.5231613,87.8
49.875,-1.87879074,6.767077692,17.56505068,87.7
49.887,-1.88394164,6.732900532,17.45886217,87.9
49.9,-1.886946332,6.666987437,17.46505068,87.8
49.913,-1.888234057,6.568117796,17.5231613,87.8
49.926,-1.888663299,6.435070994,17.49364893,87.7
49.938,-1.889521782,6.236111098,17.46365984,87.8
49.951,-1.889521782,6.037151202,17.52795897,87.7
49.964,-1.888663299,5.805234759,17.45655722,87.7
49.976,-1.888663299,5.506184608,17.39705577,87.7
49.989,-1.887375574,5.17417791,17.33755431,87.7
50.002,-1.886946332,4.842171213,17.26615256,87.7
50.014,-1.884800124,4.478428581,17.20665111,87.7
50.027,-1.883512399,4.079288176,17.09954849,87.7
50.04,-1.880936949,3.648411836,17.04004703,87.7
50.053,-1.878361499,3.217535497,16.9448447,87.7
50.065,-1.874927565,2.71952545,16.74964238,87.8
50.078,-1.871493632,2.255692564,16.65444005,87.8
50.091,-1.866771974,1.757682517,16.48783597,87.8
50.103,-1.862479557,1.293849631,16.25693277,87.9
50.116,-1.856470174,0.828796131,15.96652811,88
50.129,-1.851319274,0.364963245,15.78231196,87.9
50.142,-1.842734441,-0.133046802,15.48000701,88
50.154,-1.834149608,-0.629836235,15.11820061,88.1
50.167,-1.820843116,-1.127846282,14.76829449,88.2
50.18,-1.804961175,-1.625856329,14.44218896,88.3
50.192,-1.786074542,-2.089689215,14.14079813,88.6
50.205,-1.764183218,-2.553522102,13.90509725,88.8
50.218,-1.738428718,-2.985619054,13.80509725,88.9
50.23,-1.709669527,-3.383538846,13.74079813,89
50.243,-1.677905644,-3.781458638,13.74079813,89
50.256,-1.645283278,-4.146421883,13.74079813,89
50.269,-1.611373187,-4.478428581,13.74079813,89
50.281,-1.575746129,-4.809214666,13.7584102,89.1
50.294,-1.53968983,-5.141221363,13.86459871,88.9
50.307,-1.501058081,-5.473228061,13.8584102,89
50.319,-1.459850881,-5.771057599,13.90029958,88.9
50.332,-1.419072924,-6.070107749,13.89411108,89
50.345,-1.377865725,-6.402114447,13.93600046,88.9
50.357,-1.3353708,-6.699943985,14.02981195,88.9
50.37,-1.291588151,-6.966037588,14.06598955,88.7
50.383,-1.243513085,-7.263867126,14.19550191,88.7
50.396,-1.196725745,-7.529960729,14.33739129,88.5
50.408,-1.148650679,-7.827790266,14.46690366,88.5
50.421,-1.103151063,-8.09388387,14.49689275,88.4
50.434,-1.058509931,-8.325800313,14.56829449,88.4
50.446,-1.018161215,-8.590673304,14.69209508,88.3
50.459,-0.978670982,-8.822589747,14.86349682,88.2
50.472,-0.942614683,-9.055726803,14.89300919,88.3
50.484,-0.908704592,-9.287643246,15.09440003,88.1
50.497,-0.877799192,-9.486603142,15.14771297,88.2
50.51,-0.850756968,-9.652606491,15.18960235,88.1
50.523,-0.825860951,-9.81860984,15.3429153,88.1
50.535,-0.80482811,-9.950436029,15.42050556,88
50.548,-0.786370719,-10.01756974,15.43811763,88.1
50.561,-0.771347261,-10.11643938,15.5738185,88
50.573,-0.758040769,-10.14939592,15.69714236,88.1
50.586,-0.749026695,-10.18357308,15.70951938,87.9
50.599,-0.742158828,-10.14939592,15.54522025,88.1
50.612,-0.738295653,-10.11643938,15.55140876,88
50.624,-0.735720203,-10.05052628,15.54522025,88.1
50.637,-0.734432478,-9.950436029,15.55140876,88
50.65,-0.73228627,-9.851566387,15.54522025,88.1
50.662,-0.731857028,-9.78443268,15.55140876,88
50.675,-0.730998545,-9.685563038,15.54522025,88.1
50.688,-0.730998545,-9.585472784,15.64522025,88
50.7,-0.730998545,-9.519559689,15.64522025,88
50.713,-0.730998545,-9.420690048,15.64522025,88
50.726,-0.730569303,-9.353556341,15.65140876,87.9
50.739,-0.730569303,-9.287643246,15.64522025,88
50.751,-0.730569303,-9.254686699,15.65140876,87.9
50.764,-0.730569303,-9.221730152,15.60951938,88
50.777,-0.730569303,-9.221730152,15.61570789,87.9
50.789,-0.730569303,-9.254686699,15.70333087,88
50.802,-0.730569303,-9.320599793,15.70951938,87.9
50.815,-0.730569303,-9.386512888,15.80333087,87.9
50.827,-0.72971082,-9.453646595,15.70951938,87.9
50.84,-0.72971082,-9.519559689,15.70951938,87.9
50.853,-0.72971082,-9.619649944,15.70951938,87.9
50.866,-0.728423095,-9.751476133,15.70951938,87.9
50.878,-0.727993853,-9.884522934,15.6738185,87.9
50.891,-0.725847645,-9.984613189,15.7738185,87.8
50.904,-0.723701437,-10.08348283,15.7738185,87.8
50.916,-0.721125987,-10.18357308,15.80951938,87.8
50.929,-0.717262812,-10.28244273,15.80951938,87.8
50.942,-0.712541154,-10.34835582,15.84522025,87.8
50.955,-0.708248737,-10.38253298,15.84522025,87.8
50.967,-0.703527079,-10.44844608,15.96902083,87.7
50.98,-0.69880542,-10.48140262,15.96902083,87.7
50.993,-0.694083762,-10.51435917,16.00472171,87.7
51.005,-0.690220587,-10.54731572,16.01091021,87.6
51.018,-0.685069687,-10.58149288,16.04042258,87.7
51.031,-0.681635754,-10.58149288,16.04042258,87.7
51.043,-0.677772579,-10.61444942,16.04042258,87.7
51.056,-0.675197129,-10.61444942,16.07612345,87.7
51.069,-0.671763196,-10.64740597,16.07612345,87.7
51.082,-0.670046229,-10.61444942,16.07612345,87.7
51.094,-0.667041538,-10.61444942,16.07612345,87.7
51.107,-0.665753813,-10.58149288,16.07612345,87.7
51.12,-0.664036846,-10.54731572,16.16993495,87.7
51.132,-0.663178363,-10.51435917,16.17612345,87.6
51.145,-0.662749121,-10.44844608,16.06993495,87.8
51.158,-0.661890638,-10.38253298,16.09992404,87.7
51.171,-0.661890638,-10.28244273,16.19373553,87.7
51.183,-0.661890638,-10.18357308,16.17612345,87.6
51.196,-0.661890638,-10.05052628,16.07612345,87.7
51.209,-0.661890638,-9.917479482,16.09992404,87.7
51.221,-0.661890638,-9.751476133,16.17612345,87.6
51.234,-0.661890638,-9.552516237,16.07612345,87.7
51.247,-0.661890638,-9.353556341,16.08231196,87.6
51.259,-0.661890638,-9.121639897,16.09373553,87.8
51.272,-0.661890638,-8.922680001,16.10611254,87.6
51.285,-0.661890638,-8.723720105,16.09992404,87.7
51.298,-0.662749121,-8.491803662,16.08231196,87.6
51.31,-0.662749121,-8.258666606,16.07612345,87.7
51.323,-0.664036846,-7.993793615,16.08231196,87.6
51.336,-0.664466088,-7.728920625,15.96993495,87.9
51.348,-0.666612296,-7.429870474,15.94661109,87.7
51.361,-0.668329263,-7.132040937,15.90472171,87.8
51.374,-0.670475471,-6.832990786,15.85140876,87.7
51.386,-0.673050921,-6.500984088,15.7738185,87.8
51.399,-0.676484854,-6.136020844,15.73811763,87.8
51.412,-0.679060304,-5.805234759,15.77242767,87.8
51.425,-0.683781962,-5.440271514,15.61292621,87.9
51.437,-0.688074379,-5.042351722,15.57722534,87.9
51.45,-0.693654521,-4.643211317,15.50582359,87.9
51.463,-0.700093145,-4.212334977,15.35251064,87.9
51.475,-0.707390254,-3.814415185,15.21062126,88.1
51.488,-0.715975087,-3.44945194,15.06349682,88
51.501,-0.724989162,-3.084488695,14.95591748,88.2
51.514,-0.73486172,-2.71952545,14.89689275,88
51.526,-0.746880486,-2.354562206,14.72501428,88.3
51.539,-0.761903944,-1.989598961,14.60169042,88.2
51.552,-0.779073611,-1.625856329,14.43600046,88.4
51.564,-0.798818727,-1.293849631,14.20648809,88.5
51.577,-0.821139293,-0.99479948,14.10029958,88.7
51.59,-0.846893793,-0.696969943,14.00648809,88.7
51.602,-0.873506776,-0.397919792,14.00029958,88.8
51.615,-0.902265967,-0.133046802,14.00648809,88.7
51.628,-0.932742124,0.133046802,14.03600046,88.8
51.641,-0.964935249,0.364963245,14.05980104,88.8
51.653,-0.997986857,0.629836235,14.05980104,88.8
51.666,-1.033184673,0.862973292,14.10169042,88.7
51.679,-1.06881173,1.127846282,14.20169042,88.6
51.691,-1.105726513,1.359762725,14.33120278,88.6
51.704,-1.143499779,1.625856329,14.43120278,88.5
51.717,-1.182990012,1.890729319,14.58451573,88.5
51.729,-1.221621761,2.155602309,14.82021661,88.3
51.742,-1.261111993,2.45465246,14.87971806,88.3
51.755,-1.300602226,2.752481998,14.99300919,88.2
51.768,-1.338804734,3.051532148,15.18202301,88.2
51.78,-1.374431791,3.316405139,15.31911472,88.1
51.793,-1.409200366,3.582498742,15.41431705,88.1
51.806,-1.440105765,3.847371732,15.64522025,88
51.818,-1.469294198,4.046331628,15.74042258,88
51.831,-1.494190214,4.245291525,15.83562491,88
51.844,-1.516081539,4.411294873,15.93082724,88
51.856,-1.533251205,4.511385128,16.02602957,88
51.869,-1.545699213,4.544341675,16.06173044,88
51.882,-1.554284046,4.544341675,15.96173044,88.1
51.895,-1.558147221,4.444251421,15.96173044,88.1
51.907,-1.56029343,4.279468685,15.92602957,88.1
51.92,-1.56029343,4.079288176,15.86652811,88.1
51.933,-1.56029343,3.781458638,15.83082724,88.1
51.945,-1.559434946,3.44945194,15.73562491,88.1
51.958,-1.559005705,3.051532148,15.67612345,88.1
51.971,-1.556859496,2.686568903,15.56902083,88.1
51.984,-1.555571771,2.321605658,15.48000701,88
51.996,-1.552996321,2.023776121,15.3429153,88.1
52.009,-1.551708596,1.658812876,15.28960235,88
52.022,-1.548274663,1.326806178,15.05251064,88.2
52.034,-1.545699213,0.99479948,15.02160744,88.1
52.047,-1.541836038,0.629836235,14.87832723,88.3
52.06,-1.537543622,0.26487299,14.79550191,88.1
52.072,-1.532392722,-0.065913094,14.52981195,88.4
52.085,-1.527241822,-0.430876339,14.40648809,88.3
52.098,-1.520803197,-0.762883037,14.39411108,88.5
52.111,-1.512647605,-1.127846282,14.26459871,88.5
52.123,-1.503633531,-1.45985298,14.16459871,88.6
52.136,-1.492902489,-1.790639065,14.06459871,88.7
52.149,-1.479595998,-2.155602309,13.96459871,88.8
52.161,-1.464143298,-2.487609007,13.76459871,89
52.174,-1.445685907,-2.819615705,13.67078722,89
52.187,-1.425082307,-3.18457895,13.56459871,89.2
52.199,-1.401474016,-3.515365035,13.57078722,89.1
52.212,-1.375290275,-3.847371732,13.46459871,89.3
52.225,-1.34824805,-4.146421883,13.47078722,89.2
52.238,-1.319059617,-4.444251421,13.50029958,89.3
52.25,-1.290300426,-4.710345024,13.50648809,89.2
52.263,-1.259824268,-5.008174562,13.50029958,89.3
52.276,-1.230206594,-5.274268165,13.6126766,89
52.288,-1.198442711,-5.572097703,13.63600046,89.2
52.301,-1.168395795,-5.871147853,13.74218896,89
52.314,-1.136202671,-6.136020844,13.85361253,89.1
52.327,-1.105297271,-6.468027541,13.99550191,88.9
52.339,-1.07138718,-6.767077692,14.02501428,89
52.352,-1.037906331,-7.097863777,14.16690366,88.8
52.365,-1.003566998,-7.429870474,14.29070424,88.7
52.377,-0.972232357,-7.728920625,14.42640511,88.6
52.39,-0.942614683,-8.026750163,14.48590657,88.6
52.403,-0.914284733,-8.325800313,14.62160744,88.5
52.415,-0.888530234,-8.557716756,14.69300919,88.5
52.428,-0.866209667,-8.7896332,14.74632214,88.6
52.441,-0.846893793,-8.955636548,14.78821152,88.5
52.454,-0.831011851,-9.08868335,14.80582359,88.6
52.466,-0.818134602,-9.187552992,14.85390148,88.4
52.479,-0.808691285,-9.187552992,14.88341385,88.5
52.492,-0.803540385,-9.154596445,14.92530323,88.4
52.504,-0.800106452,-9.021549643,14.91911472,88.5
52.517,-0.79967721,-8.856766907,14.92530323,88.4
52.53,-0.798818727,-8.590673304,14.91911472,88.5
52.542,-0.79967721,-8.225710059,14.92530323,88.4
52.555,-0.79967721,-7.794833719,14.9429153,88.5
52.568,-0.800964935,-7.36395738,14.84910381,88.5
52.581,-0.801394177,-6.966037588,14.8429153,88.6
52.593,-0.803540385,-6.533940636,14.81911472,88.6
52.606,-0.806115835,-6.168977391,14.68341385,88.7
52.619,-0.808691285,-5.805234759,14.65390148,88.6
52.631,-0.811266735,-5.440271514,14.7120121,88.6
52.644,-0.815559152,-5.108264816,14.7120121,88.6
52.657,-0.818563843,-4.776258118,14.68821152,88.6
52.67,-0.823285502,-4.444251421,14.64632214,88.7
52.682,-0.826719435,-4.146421883,14.71062126,88.6
52.695,-0.831870335,-3.814415185,14.68682068,88.6
52.708,-0.837021235,-3.482408487,14.55111981,88.7
52.72,-0.843889101,-3.151622403,14.51541894,88.7
52.733,-0.850756968,-2.819615705,14.38590657,88.7
52.746,-0.859341801,-2.487609007,14.36210599,88.7
52.758,-0.868785117,-2.155602309,14.29070424,88.7
52.771,-0.880374642,-1.824816225,14.16690366,88.8
52.784,-0.893251892,-1.492809527,14.12501428,88.9
52.797,-0.907416867,-1.193759376,14.0893134,88.9
52.809,-0.924157291,-0.895929839,13.9893134,89
52.822,-0.940468474,-0.629836235,13.95980104,88.9
52.835,-0.958925866,-0.397919792,13.99550191,88.9
52.847,-0.977383257,-0.166003349,13.95980104,88.9
52.86,-0.995840648,0.032956547,13.95980104,88.9
52.873,-1.013439556,0.231916443,13.99550191,88.9
52.885,-1.031467706,0.397919792,13.99550191,88.9
52.898,-1.047778889,0.563923141,13.99550191,88.9
52.911,-1.062802347,0.72992649,14.03120278,88.9
52.924,-1.077396563,0.828796131,14.13120278,88.8
52.936,-1.091132297,0.961842933,14.16690366,88.8
52.949,-1.10229258,1.027756028,14.26071515,88.8
52.962,-1.112165138,1.094889735,14.26690366,88.7
52.974,-1.119033004,1.127846282,14.28451573,88.8
52.987,-1.124183904,1.160802829,14.29070424,88.7
53,-1.126759354,1.127846282,14.16690366,88.8
53.013,-1.128905563,1.061933188,14.17309217,88.7
53.025,-1.128905563,0.961842933,14.16690366,88.8
53.038,-1.129334804,0.795839584,14.13739129,88.7
53.051,-1.128905563,0.629836235,14.13120278,88.8
53.063,-1.128905563,0.397919792,14.10169042,88.7
53.076,-1.128047079,0.166003349,14.09550191,88.8
53.089,-1.127617838,-0.100090254,14.05980104,88.8
53.101,-1.125471629,-0.364963245,14.15361253,88.8
53.114,-1.123754663,-0.629836235,14.15361253,88.8
53.127,-1.120749971,-0.895929839,14.12981195,88.8
53.14,-1.118174521,-1.160802829,14.03600046,88.8
53.152,-1.115599071,-1.426896432,14.03600046,88.8
53.165,-1.112165138,-1.691769423,14.02981195,88.9
53.178,-1.109160446,-1.989598961,13.93600046,88.9
53.19,-1.103580305,-2.255692564,13.92981195,89
53.203,-1.099287888,-2.553522102,13.94218896,88.8
53.216,-1.092420022,-2.819615705,13.92981195,89
53.228,-1.08683988,-3.084488695,13.94218896,88.8
53.241,-1.079542772,-3.350582299,13.93600046,88.9
53.254,-1.072245664,-3.615455289,13.84218896,88.9
53.267,-1.062802347,-3.847371732,13.83600046,89
53.279,-1.055075997,-4.113465336,13.93600046,88.9
53.292,-1.045632681,-4.345381779,13.95980104,88.9
53.305,-1.036618606,-4.577298222,13.95980104,88.9
53.317,-1.026746048,-4.776258118,13.95980104,88.9
53.33,-1.018161215,-4.975218014,13.96598955,88.8
53.343,-1.009576381,-5.17417791,14.00169042,88.8
53.356,-1.001850032,-5.340181259,13.99550191,88.9
53.368,-0.994982165,-5.473228061,14.00169042,88.8
53.381,-0.989402023,-5.572097703,14.03120278,88.9
53.394,-0.985109607,-5.60505425,14.03739129,88.8
53.406,-0.98339264,-5.60505425,14.16690366,88.8
53.419,-0.982534157,-5.506184608,14.26690366,88.7
53.432,-0.982104915,-5.373137807,14.28451573,88.8
53.444,-0.982104915,-5.207134458,14.32640511,88.7
53.457,-0.982104915,-4.942261467,14.22640511,88.8
53.47,-0.982534157,-4.643211317,14.26210599,88.8
53.483,-0.983821882,-4.345381779,14.38590657,88.7
53.495,-0.985109607,-4.013375081,14.38590657,88.7
53.508,-0.987255815,-3.681368384,14.32160744,88.8
53.521,-0.989402023,-3.350582299,14.45730832,88.7
53.533,-0.991977473,-3.018575601,14.49300919,88.7
53.546,-0.995840648,-2.653612356,14.49300919,88.7
53.559,-0.999703823,-2.288649111,14.41680977,88.8
53.571,-1.004854723,-1.923685866,14.45251064,88.8
53.584,-1.010864106,-1.525766074,14.48821152,88.8
53.597,-1.018161215,-1.127846282,14.5120121,88.8
53.61,-1.026746048,-0.72992649,14.55390148,88.7
53.622,-1.037906331,-0.299050151,14.62530323,88.7
53.635,-1.049925097,0.100090254,14.64910381,88.7
53.648,-1.065807039,0.530966594,14.72050556,88.7
53.66,-1.083405947,0.961842933,14.8738185,88.7
53.673,-1.105297271,1.426896432,14.96902083,88.7
53.686,-1.130622529,1.824816225,15.08231196,88.6
53.699,-1.161527929,2.222736017,15.27751429,88.5
53.711,-1.19543802,2.587699262,15.50222898,88.5
53.724,-1.232352802,2.985619054,15.7212319,88.4
53.737,-1.269267585,3.383538846,15.98164746,88.4
53.749,-1.308757818,3.781458638,16.27824063,88.2
53.762,-1.34824805,4.212334977,16.47435707,88.3
53.775,-1.388167524,4.610254769,16.80665111,88.1
53.787,-1.428945482,5.042351722,17.09086726,88.1
53.8,-1.46972344,5.506184608,17.28746042,88
53.813,-1.510072156,5.970017495,17.48976537,88
53.826,-1.549133146,6.402114447,17.74446916,87.9
53.838,-1.585618687,6.832990786,17.91107323,87.9
53.851,-1.619528779,7.164997484,18.10627556,87.8
53.864,-1.650434178,7.462827022,18.16577702,87.8
53.876,-1.676617919,7.694743465,18.20147789,87.8
53.889,-1.698938485,7.860746814,18.2076664,87.7
53.902,-1.716108152,7.960837068,18.20147789,87.8
53.914,-1.72855616,7.960837068,18.16577702,87.8
53.927,-1.735424026,7.860746814,18.04197644,87.9
53.94,-1.739716443,7.661786918,17.90627556,88
53.953,-1.740574926,7.429870474,17.83487382,88
53.965,-1.741004168,7.064907229,17.77537236,88
53.978,-1.740574926,6.666987437,17.77398152,88
53.991,-1.739716443,6.236111098,17.6849677,87.9
54.003,-1.738428718,5.771057599,17.58357687,88
54.016,-1.736711751,5.307224712,17.48266275,87.9
54.029,-1.734565543,4.809214666,17.38127192,88
54.042,-1.732848576,4.312425232,17.28606959,88
54.054,-1.729414643,3.814415185,17.19086726,88
54.067,-1.72598071,3.283448591,17.05996406,88
54.08,-1.722117535,2.752481998,16.82906086,88.1
54.092,-1.717395877,2.222736017,16.59815765,88.2
54.105,-1.711386493,1.691769423,16.34964238,88.2
54.118,-1.705806352,1.160802829,16.1830383,88.2
54.13,-1.698938485,0.629836235,15.89882215,88.2
54.143,-1.690353652,0.133046802,15.5603396,88.5
54.156,-1.681768819,-0.364963245,15.24661109,88.4
54.169,-1.670179294,-0.862973292,14.87861618,88.6
54.181,-1.655585078,-1.359762725,14.3991977,88.7
54.194,-1.63798617,-1.824816225,14.09070424,88.9
54.207,-1.61738257,-2.288649111,13.84218896,88.9
54.219,-1.592915796,-2.71952545,13.56459871,89.2
54.232,-1.567161296,-3.117445243,13.44698663,89.2
54.245,-1.538402105,-3.515365035,13.30509725,89.4
54.257,-1.509213672,-3.847371732,13.30509725,89.4
54.27,-1.479166756,-4.17937843,13.21128576,89.4
54.283,-1.448690598,-4.511385128,13.24079813,89.5
54.296,-1.416497474,-4.809214666,13.27078722,89.4
54.308,-1.383445866,-5.108264816,13.26459871,89.5
54.321,-1.349965017,-5.406094354,13.37078722,89.3
54.334,-1.317342651,-5.705144504,13.40029958,89.4
54.346,-1.28343256,-5.970017495,13.54218896,89.2
54.359,-1.24995171,-6.269067645,13.62981195,89.3
54.372,-1.216900103,-6.568117796,13.75980104,89.1
54.385,-1.184706978,-6.865947333,13.85361253,89.1
54.397,-1.152513854,-7.197954031,13.93739129,88.9
54.41,-1.120320729,-7.495783569,13.96690366,89
54.423,-1.090703055,-7.761877172,14.09689275,88.8
54.435,-1.06366083,-8.026750163,14.26210599,88.8
54.448,-1.040481781,-8.225710059,14.32160744,88.8
54.461,-1.020736665,-8.391713407,14.35730832,88.8
54.473,-1.005713206,-8.491803662,14.41680977,88.8
54.486,-0.994552923,-8.557716756,14.41680977,88.8
54.499,-0.987685057,-8.524760209,14.45251064,88.8
54.512,-0.983821882,-8.391713407,14.45251064,88.8
54.524,-0.98339264,-8.192753511,14.45251064,88.8
54.537,-0.982534157,-7.894923974,14.45251064,88.8
54.55,-0.98339264,-7.529960729,14.48821152,88.8
54.562,-0.98339264,-7.097863777,14.48821152,88.8
54.575,-0.984680365,-6.63403089,14.35251064,88.9
54.588,-0.98596809,-6.203154551,14.35869915,88.8
54.6,-0.98854354,-5.771057599,14.31680977,88.9
54.613,-0.99111899,-5.340181259,14.29300919,88.9
54.626,-0.994982165,-4.942261467,14.25730832,88.9
54.639,-0.998416098,-4.577298222,14.25730832,88.9
54.651,-1.002279273,-4.212334977,14.21541894,89
54.664,-1.007000931,-3.847371732,14.31541894,88.9
54.677,-1.012151831,-3.515365035,14.27971806,88.9
54.689,-1.017731973,-3.151622403,14.16210599,88.9
54.702,-1.024170598,-2.819615705,14.16210599,88.9
54.715,-1.031467706,-2.45465246,14.12021661,89
54.728,-1.040052539,-2.122645762,13.99070424,89
54.74,-1.049066614,-1.824816225,13.99070424,89
54.753,-1.058939172,-1.525766074,13.96690366,89
54.766,-1.070099455,-1.226715924,13.83120278,89.1
54.778,-1.082547463,-0.961842933,13.83120278,89.1
54.791,-1.095424713,-0.696969943,13.79550191,89.1
54.804,-1.107872721,-0.463832887,13.79550191,89.1
54.816,-1.120749971,-0.26487299,13.79550191,89.1
54.829,-1.133627221,-0.065913094,13.79550191,89.1
54.842,-1.144787504,0.065913094,13.83120278,89.1
54.855,-1.153372337,0.166003349,13.83120278,89.1
54.867,-1.161098687,0.231916443,13.93120278,89
54.88,-1.166249587,0.299050151,13.93120278,89
54.893,-1.170112762,0.299050151,13.97309217,88.9
54.905,-1.171829728,0.26487299,13.93120278,89
54.918,-1.173117453,0.198959896,13.93739129,88.9
54.931,-1.173117453,0.100090254,13.93120278,89
54.943,-1.173546695,0,13.93739129,88.9
54.956,-1.173546695,-0.166003349,13.93120278,89
54.969,-1.173546695,-0.299050151,13.90169042,88.9
54.982,-1.17225897,-0.498010047,13.89550191,89
54.994,-1.17225897,-0.696969943,13.85980104,89
55.007,-1.170971245,-0.895929839,13.85980104,89
55.02,-1.170112762,-1.127846282,13.95361253,89
55.032,-1.168825037,-1.326806178,13.95980104,88.9
55.045,-1.16710807,-1.558722621,13.85361253,89.1
55.058,-1.164961862,-1.757682517,13.85980104,89
55.071,-1.163674137,-1.956642413,13.95361253,89
55.083,-1.161527929,-2.18977947,13.86598955,88.9
55.096,-1.158952479,-2.388739366,13.85361253,89.1
55.109,-1.157664754,-2.587699262,13.86598955,88.9
55.121,-1.154660062,-2.819615705,13.85361253,89.1
55.134,-1.15165537,-3.018575601,13.86598955,88.9
55.147,-1.148650679,-3.18457895,13.85980104,89
55.159,-1.146075229,-3.383538846,13.76598955,89
55.172,-1.141782812,-3.582498742,13.75980104,89.1
55.185,-1.138778121,-3.748502091,13.76598955,89
55.198,-1.134914946,-3.91450544,13.76598955,89
55.21,-1.131481012,-4.079288176,13.85980104,89
55.223,-1.126759354,-4.212334977,13.90169042,88.9
55.236,-1.123754663,-4.345381779,13.79550191,89.1
55.248,-1.120320729,-4.478428581,13.90169042,88.9
55.261,-1.116886796,-4.610254769,13.89550191,89
55.274,-1.113882104,-4.710345024,13.93739129,88.9
55.286,-1.111735896,-4.776258118,13.93120278,89
55.299,-1.109589688,-4.842171213,13.93739129,88.9
55.312,-1.108301963,-4.876348373,13.93120278,89
55.325,-1.107014238,-4.876348373,14.03739129,88.8
55.337,-1.106584996,-4.842171213,14.06071515,89
55.35,-1.105726513,-4.809214666,14.06690366,88.9
55.363,-1.106584996,-4.743301571,14.18451573,88.9
55.375,-1.106584996,-4.677388477,14.09070424,88.9
55.388,-1.106584996,-4.577298222,14.22021661,88.9
55.401,-1.106584996,-4.511385128,14.22640511,88.8
55.414,-1.106584996,-4.378338326,14.22021661,88.9
55.426,-1.106584996,-4.279468685,14.22640511,88.8
55.439,-1.106584996,-4.146421883,14.26210599,88.8
55.452,-1.107014238,-4.013375081,14.26210599,88.8
55.464,-1.107014238,-3.88032828,14.28590657,88.8
55.477,-1.107872721,-3.748502091,14.28590657,88.8
55.49,-1.107872721,-3.615455289,14.28590657,88.8
55.502,-1.109160446,-3.482408487,14.32160744,88.8
55.515,-1.109160446,-3.350582299,14.32160744,88.8
55.528,-1.110448171,-3.250492044,14.22160744,88.9
55.541,-1.110877413,-3.151622403,14.35730832,88.8
55.553,-1.111735896,-3.018575601,14.35730832,88.8
55.566,-1.111735896,-2.918485347,14.35730832,88.8
55.579,-1.113023621,-2.819615705,14.35730832,88.8
55.591,-1.113023621,-2.71952545,14.39300919,88.8
55.604,-1.114311346,-2.653612356,14.39300919,88.8
55.617,-1.114311346,-2.587699262,14.39300919,88.8
55.629,-1.115599071,-2.553522102,14.39300919,88.8
55.642,-1.115599071,-2.520565554,14.39300919,88.8
55.655,-1.116457554,-2.487609007,14.39300919,88.8
55.668,-1.116457554,-2.45465246,14.39300919,88.8
55.68,-1.116886796,-2.421695913,14.48682068,88.8
55.693,-1.116886796,-2.421695913,14.58063217,88.8
55.706,-1.116886796,-2.421695913,14.48682068,88.8
55.718,-1.116886796,-2.45465246,14.48682068,88.8
55.731,-1.116886796,-2.45465246,14.48682068,88.8
55.744,-1.116886796,-2.487609007,14.49300919,88.7
55.757,-1.116886796,-2.520565554,14.48682068,88.8
55.769,-1.116886796,-2.553522102,14.45730832,88.7
55.782,-1.116886796,-2.620655809,14.45730832,88.7
55.795,-1.116886796,-2.686568903,14.36349682,88.7
55.807,-1.116457554,-2.752481998,14.45730832,88.7
55.82,-1.116886796,-2.852572252,14.33398446,88.6
55.833,-1.116886796,-2.952662507,14.28590657,88.8
55.845,-1.116886796,-3.051532148,14.29828358,88.6
55.858,-1.116457554,-3.18457895,14.28590657,88.8
55.871,-1.116457554,-3.316405139,14.36829449,88.6
55.884,-1.115599071,-3.482408487,14.36210599,88.7
55.896,-1.115169829,-3.615455289,14.33259362,88.6
55.909,-1.114311346,-3.748502091,14.32640511,88.7
55.922,-1.114311346,-3.88032828,14.29689275,88.6
55.934,-1.113023621,-4.013375081,14.29070424,88.7
55.947,-1.112165138,-4.146421883,14.29689275,88.6
55.96,-1.110877413,-4.279468685,14.27309217,88.6
55.972,-1.110448171,-4.411294873,14.36071515,88.7
55.985,-1.109160446,-4.544341675,14.46071515,88.6
55.998,-1.107872721,-4.677388477,14.36071515,88.7
56.011,-1.106584996,-4.809214666,14.27309217,88.6
56.023,-1.105297271,-4.90930492,14.23120278,88.7
56.036,-1.103580305,-5.008174562,14.33739129,88.5
56.049,-1.101004855,-5.141221363,14.32501428,88.7
56.061,-1.099287888,-5.241311618,14.33739129,88.5
56.074,-1.095853955,-5.340181259,14.32501428,88.7
56.087,-1.093707747,-5.406094354,14.33739129,88.5
56.1,-1.091132297,-5.506184608,14.33120278,88.6
56.112,-1.088556847,-5.572097703,14.33739129,88.5
56.125,-1.085981397,-5.63923141,14.33120278,88.6
56.138,-1.083835188,-5.705144504,14.33739129,88.5
56.15,-1.082118222,-5.771057599,14.33120278,88.6
56.163,-1.080830497,-5.805234759,14.33739129,88.5
56.176,-1.078684288,-5.805234759,14.33739129,88.5
56.188,-1.078255047,-5.838191306,14.37309217,88.5
56.201,-1.077396563,-5.805234759,14.37309217,88.5
56.214,-1.076967322,-5.771057599,14.36690366,88.6
56.227,-1.076108839,-5.705144504,14.49070424,88.5
56.239,-1.076108839,-5.60505425,14.48451573,88.6
56.252,-1.076108839,-5.506184608,14.49070424,88.5
56.265,-1.076967322,-5.406094354,14.42640511,88.6
56.277,-1.076967322,-5.274268165,14.42640511,88.6
56.29,-1.076967322,-5.075308269,14.55591748,88.6
56.303,-1.076967322,-4.90930492,14.56210599,88.5
56.315,-1.078255047,-4.710345024,14.46210599,88.6
56.328,-1.078255047,-4.511385128,14.49209508,88.5
56.341,-1.079542772,-4.312425232,14.48590657,88.6
56.354,-1.079972013,-4.113465336,14.52779595,88.5
56.366,-1.080830497,-3.947461987,14.52160744,88.6
56.379,-1.082118222,-3.748502091,14.56349682,88.5
56.392,-1.083405947,-3.549542195,14.55730832,88.6
56.404,-1.084693672,-3.383538846,14.56349682,88.5
56.417,-1.085981397,-3.18457895,14.59300919,88.6
56.43,-1.088127605,-2.985619054,14.62299828,88.5
56.443,-1.08941533,-2.786659158,14.61680977,88.6
56.455,-1.09199078,-2.587699262,14.65251064,88.6
56.468,-1.093278505,-2.421695913,14.68821152,88.6
56.481,-1.095853955,-2.222736017,14.68821152,88.6
56.493,-1.098000163,-2.023776121,14.7120121,88.6
56.506,-1.100575613,-1.857772772,14.8120121,88.5
56.519,-1.103151063,-1.658812876,14.84152447,88.6
56.531,-1.106584996,-1.492809527,14.98341385,88.4
56.544,-1.109160446,-1.326806178,14.87722534,88.6
56.557,-1.113023621,-1.127846282,14.91911472,88.5
56.57,-1.115169829,-0.961842933,14.9367268,88.6
56.582,-1.119033004,-0.795839584,14.9429153,88.5
56.595,-1.122037696,-0.629836235,14.9367268,88.6
56.608,-1.126759354,-0.463832887,14.97861618,88.5
56.62,-1.129334804,-0.332006698,14.97242767,88.6
56.633,-1.134056462,-0.166003349,15.01431705,88.5
56.646,-1.137490396,-0.065913094,15.00812854,88.6
56.658,-1.141353571,0.065913094,15.01431705,88.5
56.671,-1.144787504,0.166003349,15.01431705,88.5
56.684,-1.147792196,0.231916443,15.03811763,88.5
56.697,-1.150367645,0.299050151,15.03811763,88.5
56.709,-1.153372337,0.332006698,15.01431705,88.5
56.722,-1.154660062,0.299050151,15.02050556,88.4
56.735,-1.154660062,0.26487299,15.01431705,88.5
56.747,-1.155089304,0.133046802,14.98480468,88.4
56.76,-1.155089304,0.032956547,14.9367268,88.6
56.773,-1.155089304,-0.133046802,14.92530323,88.4
56.786,-1.154660062,-0.26487299,14.87722534,88.6
56.798,-1.155089304,-0.430876339,14.85390148,88.4
56.811,-1.154660062,-0.563923141,14.68821152,88.6
56.824,-1.154660062,-0.696969943,14.75869915,88.4
56.836,-1.153372337,-0.828796131,14.74632214,88.6
56.849,-1.153372337,-0.961842933,14.6991977,88.4
56.862,-1.152513854,-1.094889735,14.65730832,88.5
56.874,-1.152513854,-1.226715924,14.62160744,88.5
56.887,-1.151226129,-1.359762725,14.58590657,88.5
56.9,-1.149938404,-1.525766074,14.66210599,88.4
56.913,-1.148650679,-1.72472597,14.62640511,88.4
56.925,-1.147792196,-1.890729319,14.58451573,88.5
56.938,-1.146075229,-2.089689215,14.46690366,88.5
56.951,-1.144787504,-2.255692564,14.43120278,88.5
56.963,-1.143499779,-2.45465246,14.40169042,88.4
56.976,-1.141353571,-2.653612356,14.35980104,88.5
56.989,-1.139207362,-2.852572252,14.36598955,88.4
57.001,-1.136631912,-3.051532148,14.35361253,88.6
57.014,-1.134914946,-3.283448591,14.36598955,88.4
57.027,-1.131481012,-3.482408487,14.42981195,88.5
57.04,-1.129334804,-3.715545544,14.33600046,88.5
57.052,-1.125471629,-3.980418534,14.32981195,88.6
57.065,-1.122037696,-4.212334977,14.34218896,88.4
57.078,-1.117745279,-4.478428581,14.33600046,88.5
57.09,-1.113882104,-4.743301571,14.33600046,88.5
57.103,-1.107872721,-5.008174562,14.35980104,88.5
57.116,-1.10229258,-5.307224712,14.35980104,88.5
57.129,-1.095853955,-5.572097703,14.35980104,88.5
57.141,-1.089844572,-5.838191306,14.45980104,88.4
57.154,-1.082547463,-6.136020844,14.49550191,88.4
57.167,-1.07396263,-6.435070994,14.49550191,88.4
57.179,-1.06366083,-6.732900532,14.53739129,88.3
57.192,-1.052929789,-7.031950682,14.56690366,88.4
57.205,-1.041340264,-7.331000833,14.59689275,88.3
57.217,-1.030179981,-7.62883037,14.76210599,88.3
57.23,-1.018161215,-7.894923974,14.79209508,88.2
57.243,-1.007000931,-8.126840417,14.82160744,88.3
57.256,-0.99626989,-8.325800313,14.86349682,88.2
57.268,-0.986397332,-8.491803662,15.01680977,88.2
57.281,-0.977383257,-8.623629851,15.15251064,88.1
57.294,-0.970944632,-8.690763558,15.18202301,88.2
57.306,-0.966222974,-8.723720105,15.1120121,88.2
57.319,-0.963647524,-8.657807011,15.0120121,88.3
57.332,-0.961501316,-8.557716756,15.0120121,88.3
57.344,-0.961072074,-8.35875686,15.0120121,88.3
57.357,-0.961072074,-8.126840417,15.04771297,88.3
57.37,-0.961072074,-7.860746814,15.04771297,88.3
57.383,-0.961501316,-7.529960729,15.04771297,88.3
57.395,-0.962359799,-7.197954031,15.04771297,88.3
57.408,-0.962789041,-6.898903881,15.04771297,88.3
57.421,-0.964076766,-6.601074343,15.04771297,88.3
57.433,-0.965364491,-6.302024192,14.94771297,88.4
57.446,-0.966652216,-6.004194655,14.94771297,88.4
57.459,-0.968798424,-5.705144504,14.91820061,88.3
57.472,-0.970944632,-5.373137807,14.9120121,88.4
57.484,-0.973520082,-5.042351722,14.91820061,88.3
57.497,-0.976095532,-4.710345024,14.8120121,88.5
57.51,-0.979529465,-4.345381779,14.81820061,88.4
57.522,-0.982104915,-4.013375081,14.9120121,88.4
57.535,-0.986397332,-3.681368384,14.81820061,88.4
57.548,-0.989831265,-3.316405139,14.8120121,88.5
57.56,-0.994982165,-2.952662507,14.81820061,88.4
57.573,-1.000562307,-2.620655809,14.94152447,88.5
57.586,-1.007000931,-2.255692564,14.94771297,88.4
57.599,-1.01429804,-1.857772772,14.84771297,88.5
57.611,-1.02202439,-1.492809527,14.84771297,88.5
57.624,-1.031467706,-1.127846282,14.84771297,88.5
57.637,-1.041340264,-0.762883037,14.84771297,88.5
57.649,-1.052500547,-0.397919792,14.88341385,88.5
57.662,-1.065807039,-0.065913094,14.88341385,88.5
57.675,-1.079972013,0.299050151,14.88341385,88.5
57.687,-1.095853955,0.596879688,14.91911472,88.5
57.7,-1.112165138,0.862973292,14.9429153,88.5
57.713,-1.128905563,1.127846282,14.97242767,88.6
57.726,-1.145216746,1.359762725,15.04430614,88.4
57.738,-1.161527929,1.591679168,15.0738185,88.5
57.751,-1.178697595,1.757682517,15.11570789,88.4
57.764,-1.19543802,1.956642413,15.16902083,88.5
57.776,-1.211749203,2.155602309,15.31091021,88.3
57.789,-1.227631144,2.321605658,15.27612345,88.5
57.802,-1.242654602,2.45465246,15.40611254,88.3
57.815,-1.255961094,2.620655809,15.47132578,88.4
57.827,-1.268409102,2.71952545,15.50131487,88.3
57.84,-1.277423176,2.752481998,15.63082724,88.3
57.853,-1.284291043,2.786659158,15.63082724,88.3
57.865,-1.287295735,2.71952545,15.59512636,88.3
57.878,-1.289012701,2.620655809,15.58893786,88.4
57.891,-1.289441943,2.45465246,15.57132578,88.3
57.903,-1.289441943,2.222736017,15.62324789,88.4
57.916,-1.289441943,1.989598961,15.56993495,88.3
57.929,-1.289012701,1.691769423,15.3985332,88.4
57.942,-1.288154218,1.426896432,15.20951938,88.4
57.954,-1.286866493,1.160802829,15.20812854,88.4
57.967,-1.285578768,0.862973292,15.04910381,88.3
57.98,-1.28343256,0.563923141,14.94771297,88.4
57.992,-1.281715593,0.26487299,14.79440003,88.4
58.005,-1.279140143,0,14.69300919,88.5
58.018,-1.276993935,-0.299050151,14.62779595,88.4
58.03,-1.273560002,-0.563923141,14.52640511,88.5
58.043,-1.270984552,-0.862973292,14.43739129,88.4
58.056,-1.266262893,-1.160802829,14.35980104,88.5
58.069,-1.263258202,-1.45985298,14.30029958,88.5
58.081,-1.25767806,-1.757682517,14.20029958,88.6
58.094,-1.253385644,-2.056732668,14.16459871,88.6
58.107,-1.24737626,-2.354562206,14.16459871,88.6
58.119,-1.240937635,-2.620655809,14.06459871,88.7
58.132,-1.233640527,-2.918485347,14.10029958,88.7
58.145,-1.225484936,-3.18457895,14.10029958,88.7
58.158,-1.216470861,-3.482408487,14.00029958,88.8
58.17,-1.207886028,-3.781458638,14.00029958,88.8
58.183,-1.197154986,-4.046331628,14.00029958,88.8
58.196,-1.186853186,-4.345381779,14.03600046,88.8
58.208,-1.17483442,-4.643211317,14.03600046,88.8
58.221,-1.162386412,-4.90930492,14.03600046,88.8
58.234,-1.149079921,-5.207134458,14.12981195,88.8
58.246,-1.137490396,-5.506184608,14.25361253,88.7
58.259,-1.125042388,-5.771057599,14.25361253,88.7
58.272,-1.113882104,-6.037151202,14.19550191,88.7
58.285,-1.101863338,-6.236111098,14.19550191,88.7
58.297,-1.091132297,-6.468027541,14.33120278,88.6
58.31,-1.081259738,-6.666987437,14.33120278,88.6
58.323,-1.072245664,-6.865947333,14.36690366,88.6
58.335,-1.06366083,-7.031950682,14.39070424,88.6
58.348,-1.057222206,-7.132040937,14.42640511,88.6
58.361,-1.052500547,-7.164997484,14.42640511,88.6
58.373,-1.049066614,-7.164997484,14.42640511,88.6
58.386,-1.047778889,-7.064907229,14.46210599,88.6
58.399,-1.047349647,-6.931860428,14.46210599,88.6
58.412,-1.047349647,-6.767077692,14.46829449,88.5
58.424,-1.047349647,-6.568117796,14.46210599,88.6
58.437,-1.047778889,-6.33498074,14.36829449,88.6
58.45,-1.047778889,-6.070107749,14.38590657,88.7
58.462,-1.048637372,-5.805234759,14.49209508,88.5
58.475,-1.049066614,-5.572097703,14.48590657,88.6
58.488,-1.050354339,-5.340181259,14.39209508,88.6
58.501,-1.051212822,-5.108264816,14.51541894,88.7
58.513,-1.052929789,-4.876348373,14.62160744,88.5
58.526,-1.054217514,-4.643211317,14.65111981,88.6
58.539,-1.056363722,-4.411294873,14.55730832,88.6
58.551,-1.058509931,-4.146421883,14.59300919,88.6
58.564,-1.060226897,-3.88032828,14.59300919,88.6
58.577,-1.062373105,-3.615455289,14.61680977,88.6
58.589,-1.064948555,-3.350582299,14.61680977,88.6
58.602,-1.067524005,-3.051532148,14.65251064,88.6
58.615,-1.070957939,-2.786659158,14.65251064,88.6
58.628,-1.07396263,-2.553522102,14.69440003,88.5
58.64,-1.078255047,-2.288649111,14.68821152,88.6
58.653,-1.082118222,-2.023776121,14.69440003,88.5
58.666,-1.085981397,-1.72472597,14.7120121,88.6
58.678,-1.091132297,-1.45985298,14.61820061,88.6
58.691,-1.095853955,-1.193759376,14.74771297,88.6
58.704,-1.101863338,-0.928886386,14.68960235,88.6
58.716,-1.107872721,-0.696969943,14.78341385,88.6
58.729,-1.114311346,-0.463832887,14.72530323,88.6
58.742,-1.120320729,-0.231916443,14.71911472,88.7
58.755,-1.127617838,0,14.74910381,88.6
58.767,-1.134914946,0.26487299,14.81431705,88.7
58.78,-1.142641296,0.463832887,14.83811763,88.7
58.793,-1.151226129,0.696969943,14.9738185,88.6
58.805,-1.159810962,0.961842933,15.00951938,88.6
58.818,-1.168825037,1.160802829,15.16902083,88.5
58.831,-1.178697595,1.392719272,15.23423407,88.6
58.844,-1.188140911,1.591679168,15.29992404,88.5
58.856,-1.197154986,1.757682517,15.46513728,88.5
58.869,-1.207027544,1.923685866,15.49512636,88.4
58.882,-1.216470861,2.122645762,15.4603396,88.6
58.894,-1.226343419,2.288649111,15.53221807,88.4
58.907,-1.234928252,2.421695913,15.69124281,88.5
58.92,-1.24480081,2.553522102,15.7274204,88.3
58.932,-1.253385644,2.686568903,15.79263364,88.4
58.945,-1.261970477,2.819615705,15.83452302,88.3
58.958,-1.269267585,2.952662507,15.88164746,88.5
58.971,-1.276993935,3.051532148,15.94733743,88.4
58.983,-1.28343256,3.151622403,15.9830383,88.4
58.996,-1.290300426,3.217535497,16.01873917,88.4
59.009,-1.295451326,3.283448591,16.05444005,88.4
59.021,-1.300602226,3.316405139,16.07824063,88.4
59.034,-1.304465401,3.350582299,16.08442914,88.3
59.047,-1.308757818,3.383538846,16.07824063,88.4
59.059,-1.311333268,3.416495393,16.1139415,88.4
59.072,-1.314337959,3.44945194,16.1139415,88.4
59.085,-1.316484167,3.44945194,16.1139415,88.4
59.098,-1.317771892,3.416495393,16.1139415,88.4
59.11,-1.318630376,3.383538846,16.12013001,88.3
59.123,-1.319918101,3.350582299,16.1139415,88.4
59.136,-1.319918101,3.283448591,16.2139415,88.3
59.148,-1.320347342,3.217535497,16.17205212,88.4
59.161,-1.320347342,3.151622403,16.17824063,88.3
59.174,-1.320347342,3.051532148,16.14825154,88.4
59.187,-1.320347342,2.985619054,16.14825154,88.4
59.199,-1.321205826,2.885528799,16.11255067,88.4
59.212,-1.320347342,2.752481998,16.01873917,88.4
59.225,-1.321205826,2.620655809,15.88922681,88.4
59.237,-1.320347342,2.487609007,15.94733743,88.4
59.25,-1.319918101,2.321605658,15.92353684,88.4
59.263,-1.319918101,2.18977947,15.8521351,88.4
59.275,-1.319059617,2.023776121,15.82833452,88.4
59.288,-1.318630376,1.890729319,15.75693277,88.4
59.301,-1.317771892,1.72472597,15.7212319,88.4
59.314,-1.317342651,1.591679168,15.66173044,88.4
59.326,-1.316484167,1.426896432,15.62602957,88.4
59.339,-1.315196442,1.226715924,15.60222898,88.4
59.352,-1.313908717,1.061933188,15.53082724,88.4
59.364,-1.313050234,0.895929839,15.40131487,88.4
59.377,-1.311333268,0.72992649,15.33562491,88.5
59.39,-1.310045543,0.530966594,15.30611254,88.4
59.402,-1.307899334,0.332006698,15.24042258,88.5
59.415,-1.306611609,0.166003349,15.26902083,88.4
59.428,-1.304465401,-0.032956547,15.23903174,88.5
59.441,-1.304036159,-0.231916443,15.1738185,88.4
59.453,-1.301460709,-0.430876339,15.10812854,88.5
59.466,-1.300172984,-0.629836235,15.0429153,88.4
59.479,-1.297597534,-0.828796131,14.97722534,88.5
59.491,-1.295451326,-1.027756028,14.9120121,88.4
59.504,-1.292017393,-1.226715924,14.85251064,88.4
59.517,-1.289441943,-1.426896432,14.69300919,88.5
59.53,-1.28600801,-1.625856329,14.58590657,88.5
59.542,-1.28343256,-1.824816225,14.52021661,88.6
59.555,-1.280427868,-2.023776121,14.46690366,88.5
59.568,-1.276135451,-2.18977947,14.39550191,88.5
59.58,-1.272272277,-2.354562206,14.36598955,88.4
59.593,-1.268409102,-2.520565554,14.33600046,88.5
59.606,-1.264545927,-2.686568903,14.24218896,88.5
59.618,-1.259824268,-2.852572252,14.23600046,88.6
59.631,-1.256390335,-3.018575601,14.24218896,88.5
59.644,-1.252097919,-3.151622403,14.22981195,88.7
59.657,-1.248663985,-3.283448591,14.24218896,88.5
59.669,-1.243942327,-3.416495393,14.15980104,88.7
59.682,-1.240937635,-3.549542195,14.16598955,88.6
59.695,-1.236645219,-3.648411836,14.16598955,88.6
59.707,-1.234069769,-3.748502091,14.16598955,88.6
59.72,-1.231065077,-3.814415185,14.16598955,88.6
59.733,-1.228060386,-3.88032828,14.29550191,88.6
59.745,-1.226343419,-3.91450544,14.30169042,88.5
59.758,-1.225055694,-3.91450544,14.29550191,88.6
59.771,-1.223767969,-3.847371732,14.33739129,88.5
59.784,-1.223767969,-3.781458638,14.46071515,88.6
59.796,-1.223767969,-3.715545544,14.56690366,88.4
59.809,-1.224197211,-3.582498742,14.57832723,88.6
59.822,-1.223767969,-3.44945194,14.49689275,88.4
59.834,-1.223767969,-3.316405139,14.42640511,88.6
59.847,-1.224197211,-3.151622403,14.53259362,88.4
59.86,-1.224197211,-2.985619054,14.55591748,88.6
59.872,-1.225055694,-2.786659158,14.59209508,88.4
59.885,-1.225484936,-2.620655809,14.62160744,88.5
59.898,-1.226772661,-2.421695913,14.62779595,88.4
59.911,-1.227631144,-2.255692564,14.65730832,88.5
59.923,-1.228918869,-2.089689215,14.69300919,88.5
59.936,-1.229777352,-1.923685866,14.71680977,88.5
59.949,-1.231065077,-1.757682517,14.75869915,88.4
59.961,-1.231494319,-1.625856329,14.75251064,88.5
59.974,-1.233640527,-1.45985298,14.79440003,88.4
59.987,-1.234069769,-1.293849631,14.81820061,88.4
60,-1.236215977,-1.127846282,14.85390148,88.4
60.012,-1.236645219,-0.961842933,14.88960235,88.4
60.025,-1.238791427,-0.795839584,15.01292621,88.5
60.038,-1.239649911,-0.629836235,15.1367268,88.4
60.05,-1.241366877,-0.498010047,15.07861618,88.4
60.063,-1.242654602,-0.364963245,14.98480468,88.4
60.076,-1.24480081,-0.198959896,15.01431705,88.5
60.088,-1.246088535,-0.065913094,15.13811763,88.4
60.101,-1.24737626,0.065913094,15.1738185,88.4
60.114,-1.248663985,0.198959896,15.1738185,88.4
60.127,-1.250810194,0.299050151,15.20951938,88.4
60.139,-1.252097919,0.430876339,15.24522025,88.4
60.152,-1.253814885,0.530966594,15.24522025,88.4
60.165,-1.25510261,0.662792783,15.26902083,88.4
60.177,-1.25767806,0.762883037,15.31091021,88.3
60.19,-1.258536543,0.862973292,15.34042258,88.4
60.203,-1.260682752,0.961842933,15.34042258,88.4
60.215,-1.261970477,1.061933188,15.37612345,88.4
60.228,-1.263687443,1.127846282,15.39992404,88.4
60.241,-1.264975168,1.193759376,15.39992404,88.4
60.254,-1.265833652,1.226715924,15.39992404,88.4
60.266,-1.267121377,1.293849631,15.39992404,88.4
60.279,-1.267550618,1.293849631,15.49373553,88.4
60.292,-1.268409102,1.293849631,15.63562491,88.2
60.304,-1.268409102,1.260893084,15.5294364,88.4
60.317,-1.269267585,1.260893084,15.43562491,88.4
60.33,-1.268409102,1.226715924,15.39373553,88.5
60.343,-1.269267585,1.193759376,15.49992404,88.3
60.355,-1.269267585,1.160802829,15.46993495,88.4
60.368,-1.269696827,1.094889735,15.48231196,88.2
60.381,-1.269267585,1.061933188,15.46993495,88.4
60.393,-1.269267585,0.99479948,15.48231196,88.2
60.406,-1.268409102,0.928886386,15.43423407,88.4
60.419,-1.269267585,0.895929839,15.44661109,88.2
60.431,-1.269267585,0.828796131,15.30472171,88.4
60.444,-1.269267585,0.762883037,15.31091021,88.3
60.457,-1.269267585,0.72992649,15.31091021,88.3
60.47,-1.269267585,0.662792783,15.26902083,88.4
60.482,-1.269267585,0.596879688,15.27520934,88.3
60.495,-1.268409102,0.530966594,15.26902083,88.4
60.508,-1.268409102,0.463832887,15.25140876,88.3
60.52,-1.267550618,0.397919792,15.20951938,88.4
60.533,-1.268409102,0.332006698,15.21570789,88.3
60.546,-1.267550618,0.26487299,15.1738185,88.4
60.559,-1.267550618,0.198959896,15.18619552,88.2
60.571,-1.267121377,0.133046802,15.26763,88.4
60.584,-1.267550618,0.065913094,15.24430614,88.2
60.597,-1.267121377,0,15.23192912,88.4
60.609,-1.267550618,-0.032956547,15.21431705,88.3
60.622,-1.267121377,-0.100090254,15.30812854,88.3
60.635,-1.267121377,-0.133046802,15.27861618,88.2
60.647,-1.266262893,-0.198959896,15.17242767,88.4
60.66,-1.266262893,-0.231916443,15.17861618,88.3
60.673,-1.264975168,-0.299050151,15.1429153,88.3
60.686,-1.265833652,-0.332006698,15.14910381,88.2
60.698,-1.264975168,-0.364963245,15.14910381,88.2
60.711,-1.264975168,-0.397919792,15.0429153,88.4
60.724,-1.264545927,-0.430876339,15.02530323,88.3
60.736,-1.263687443,-0.463832887,15.01911472,88.4
60.749,-1.263687443,-0.498010047,15.02530323,88.3
60.762,-1.263687443,-0.530966594,14.98341385,88.4
60.774,-1.263687443,-0.563923141,15.08960235,88.2
60.787,-1.263687443,-0.563923141,15.08341385,88.3
60.8,-1.263687443,-0.596879688,14.98960235,88.3
60.813,-1.263258202,-0.629836235,15.08341385,88.3
60.825,-1.263258202,-0.629836235,14.98960235,88.3
60.838,-1.263258202,-0.629836235,14.94771297,88.4
60.851,-1.263258202,-0.629836235,14.98960235,88.3
60.863,-1.263258202,-0.629836235,15.08341385,88.3
60.876,-1.263258202,-0.629836235,15.08960235,88.2
60.889,-1.263258202,-0.629836235,15.04771297,88.3
60.902,-1.263258202,-0.629836235,15.14771297,88.2
60.914,-1.263258202,-0.629836235,15.17722534,88.3
60.927,-1.263258202,-0.629836235,15.14771297,88.2
60.94,-1.263258202,-0.662792783,15.14152447,88.3
60.952,-1.263258202,-0.662792783,15.14771297,88.2
60.965,-1.263258202,-0.662792783,15.14771297,88.2
60.978,-1.263258202,-0.696969943,15.14771297,88.2
60.99,-1.262399718,-0.696969943,15.14771297,88.2
61.003,-1.263258202,-0.72992649,15.14771297,88.2
61.016,-1.262399718,-0.72992649,15.14771297,88.2
61.029,-1.262399718,-0.762883037,15.04771297,88.3
61.041,-1.261970477,-0.795839584,15.04771297,88.3
61.054,-1.262399718,-0.795839584,15.01820061,88.2
61.067,-1.261970477,-0.828796131,15.0120121,88.3
61.079,-1.261970477,-0.862973292,15.0120121,88.3
61.092,-1.261970477,-0.862973292,15.0120121,88.3
61.105,-1.261970477,-0.895929839,15.01820061,88.2
61.117,-1.261970477,-0.895929839,14.98821152,88.3
61.13,-1.261970477,-0.928886386,14.99440003,88.2
61.143,-1.261111993,-0.928886386,15.08821152,88.2
61.156,-1.261111993,-0.961842933,15.08821152,88.2
61.168,-1.261111993,-0.961842933,15.08202301,88.3
61.181,-1.261111993,-0.961842933,15.18202301,88.2
61.194,-1.261111993,-0.961842933,15.18202301,88.2
61.206,-1.260682752,-0.961842933,15.08821152,88.2
61.219,-1.260682752,-0.961842933,15.08821152,88.2
61.232,-1.260682752,-0.928886386,15.08821152,88.2
61.244,-1.260682752,-0.928886386,15.08821152,88.2
61.257,-1.260682752,-0.895929839,15.08202301,88.3
61.27,-1.260682752,-0.862973292,15.1120121,88.2
61.283,-1.259824268,-0.828796131,15.10582359,88.3
61.295,-1.260682752,-0.795839584,15.11820061,88.1
61.308,-1.261111993,-0.762883037,15.10582359,88.3
61.321,-1.261111993,-0.72992649,15.11820061,88.1
61.333,-1.261111993,-0.696969943,15.1120121,88.2
61.346,-1.261970477,-0.662792783,15.11820061,88.1
61.359,-1.261111993,-0.662792783,15.10582359,88.3
61.372,-1.261970477,-0.629836235,15.15390148,88.1
61.384,-1.261111993,-0.629836235,15.1120121,88.2
61.397,-1.261111993,-0.596879688,15.15390148,88.1
61.41,-1.261111993,-0.596879688,15.14771297,88.2
61.422,-1.261111993,-0.563923141,15.14771297,88.2
61.435,-1.261111993,-0.563923141,15.15390148,88.1
61.448,-1.261111993,-0.563923141,15.05390148,88.2
61.46,-1.261111993,-0.563923141,15.15390148,88.1
61.473,-1.260682752,-0.596879688,15.14771297,88.2
61.486,-1.261111993,-0.629836235,15.15390148,88.1
61.499,-1.261111993,-0.629836235,15.14771297,88.2
61.511,-1.261111993,-0.662792783,15.11820061,88.1
61.524,-1.260682752,-0.696969943,15.1120121,88.2
61.537,-1.261111993,-0.762883037,15.11820061,88.1
61.549,-1.260682752,-0.795839584,15.10582359,88.3
61.562,-1.261111993,-0.862973292,15.19440003,88
61.575,-1.261111993,-0.928886386,15.18202301,88.2
61.587,-1.261111993,-0.99479948,15.15251064,88.1
61.6,-1.260682752,-1.061933188,15.14632214,88.2
61.613,-1.260682752,-1.193759376,15.11680977,88.1
61.626,-1.259395027,-1.293849631,15.09300919,88.1
61.638,-1.258536543,-1.426896432,15.09300919,88.1
61.651,-1.257248819,-1.558722621,15.05730832,88.1
61.664,-1.256390335,-1.691769423,14.92160744,88.2
61.676,-1.25510261,-1.857772772,14.88590657,88.2
61.689,-1.253814885,-1.989598961,14.88590657,88.2
61.702,-1.25252716,-2.155602309,14.86210599,88.2
61.715,-1.251239435,-2.354562206,14.82640511,88.2
61.727,-1.249522469,-2.520565554,14.79689275,88.1
61.74,-1.247805502,-2.71952545,14.76690366,88.2
61.753,-1.245230052,-2.885528799,14.73120278,88.2
61.765,-1.243513085,-3.084488695,14.69550191,88.2
61.778,-1.240937635,-3.250492044,14.69550191,88.2
61.791,-1.237932944,-3.44945194,14.65980104,88.2
61.803,-1.234928252,-3.648411836,14.66598955,88.1
61.816,-1.231494319,-3.814415185,14.65980104,88.2
61.829,-1.227631144,-3.980418534,14.64218896,88.1
61.842,-1.223767969,-4.17937843,14.53600046,88.3
61.854,-1.219475553,-4.345381779,14.53600046,88.3
61.867,-1.213895411,-4.511385128,14.53600046,88.3
61.88,-1.208315269,-4.710345024,14.53600046,88.3
61.892,-1.201876645,-4.876348373,14.53600046,88.3
61.905,-1.195867261,-5.008174562,14.54218896,88.2
61.918,-1.190716361,-5.141221363,14.46598955,88.3
61.93,-1.186853186,-5.241311618,14.56598955,88.2
61.943,-1.182990012,-5.307224712,14.65980104,88.2
61.956,-1.180843803,-5.307224712,14.69550191,88.2
61.969,-1.178697595,-5.307224712,14.6893134,88.3
61.981,-1.178268353,-5.241311618,14.73120278,88.2
61.994,-1.17740987,-5.141221363,14.72501428,88.3
62.007,-1.17740987,-5.008174562,14.67309217,88.2
62.019,-1.17740987,-4.809214666,14.66690366,88.3
62.032,-1.178697595,-4.610254769,14.79070424,88.2
62.045,-1.178697595,-4.345381779,14.82021661,88.3
62.058,-1.179556078,-4.079288176,14.86210599,88.2
62.07,-1.17998532,-3.814415185,14.87971806,88.3
62.083,-1.181702287,-3.582498742,14.82779595,88.2
62.096,-1.182990012,-3.350582299,14.85730832,88.3
62.108,-1.184277737,-3.117445243,14.8991977,88.2
62.121,-1.185565461,-2.885528799,14.99300919,88.2
62.134,-1.186853186,-2.653612356,15.02299828,88.1
62.146,-1.188140911,-2.45465246,15.05251064,88.2
62.159,-1.189857878,-2.222736017,14.98821152,88.3
62.172,-1.192004086,-2.023776121,15.0120121,88.3
62.185,-1.194150295,-1.790639065,15.14771297,88.2
62.197,-1.19543802,-1.591679168,15.18341385,88.2
62.21,-1.197154986,-1.426896432,15.21911472,88.2
62.223,-1.199730436,-1.226715924,15.24910381,88.1
62.235,-1.201876645,-1.027756028,15.27861618,88.2
62.248,-1.205310578,-0.828796131,15.32050556,88.1
62.261,-1.207027544,-0.629836235,15.33192912,88.3
62.273,-1.209602994,-0.463832887,15.38000701,88.1
62.286,-1.211749203,-0.26487299,15.40333087,88.3
62.299,-1.215183136,-0.100090254,15.45140876,88.1
62.312,-1.217758586,0.032956547,15.44522025,88.2
62.324,-1.220334036,0.166003349,15.47520934,88.1
62.337,-1.222480244,0.26487299,15.50472171,88.2
62.35,-1.224197211,0.332006698,15.51091021,88.1
62.362,-1.225055694,0.364963245,15.54042258,88.2
62.375,-1.225484936,0.332006698,15.60472171,88.1
62.388,-1.225484936,0.26487299,15.60472171,88.1
62.401,-1.226343419,0.166003349,15.46902083,88.2
62.413,-1.225484936,0.065913094,15.47520934,88.1
62.426,-1.225484936,-0.065913094,15.44522025,88.2
62.439,-1.225484936,-0.198959896,15.41570789,88.1
62.451,-1.225484936,-0.364963245,15.36763,88.3
62.464,-1.225484936,-0.530966594,15.34430614,88.1
62.477,-1.225055694,-0.72992649,15.27242767,88.3
62.489,-1.224197211,-0.928886386,15.24910381,88.1
62.502,-1.223767969,-1.160802829,15.21911472,88.2
62.515,-1.222909486,-1.359762725,15.24771297,88.1
62.528,-1.221192519,-1.591679168,15.1120121,88.2
62.54,-1.220334036,-1.824816225,15.08821152,88.2
62.553,-1.218187828,-2.056732668,15.01680977,88.2
62.566,-1.216900103,-2.288649111,14.99300919,88.2
62.578,-1.215183136,-2.520565554,14.95730832,88.2
62.591,-1.213895411,-2.786659158,14.88590657,88.2
62.604,-1.211319961,-3.051532148,14.86210599,88.2
62.616,-1.209173753,-3.283448591,14.82640511,88.2
62.629,-1.206598303,-3.582498742,14.76690366,88.2
62.642,-1.204022853,-3.847371732,14.76690366,88.2
62.655,-1.199730436,-4.113465336,14.73739129,88.1
62.667,-1.196725745,-4.411294873,14.60169042,88.2
62.68,-1.191574845,-4.677388477,14.66598955,88.1
62.693,-1.187282428,-4.975218014,14.65980104,88.2
62.705,-1.182131528,-5.241311618,14.66598955,88.1
62.718,-1.176122145,-5.506184608,14.69550191,88.2
62.731,-1.168825037,-5.771057599,14.70169042,88.1
62.744,-1.159810962,-6.037151202,14.75980104,88.1
62.756,-1.149079921,-6.302024192,14.7893134,88.2
62.769,-1.139207362,-6.533940636,14.8893134,88.1
62.782,-1.128905563,-6.767077692,14.83120278,88.1
62.794,-1.118174521,-7.031950682,14.83120278,88.1
62.807,-1.107014238,-7.263867126,14.89070424,88.1
62.82,-1.095424713,-7.495783569,14.92640511,88.1
62.832,-1.085552155,-7.694743465,15.02640511,88
62.845,-1.075679597,-7.860746814,15.06210599,88
62.858,-1.067094764,-8.026750163,15.08590657,88
62.871,-1.059797655,-8.126840417,15.02779595,88
62.883,-1.054217514,-8.159796964,15.05730832,88.1
62.896,-1.050354339,-8.159796964,15.09300919,88.1
62.909,-1.048637372,-8.126840417,15.09300919,88.1
62.921,-1.046491164,-7.993793615,15.09300919,88.1
62.934,-1.047349647,-7.794833719,15.0991977,88
62.947,-1.046491164,-7.562917276,14.99300919,88.2
62.959,-1.047349647,-7.263867126,15.02299828,88.1
62.972,-1.047778889,-6.931860428,15.02299828,88.1
62.985,-1.049066614,-6.601074343,15.02299828,88.1
62.998,-1.049925097,-6.302024192,15.01680977,88.2
63.01,-1.051642064,-5.970017495,14.9991977,88.1
63.023,-1.052929789,-5.63923141,14.99300919,88.2
63.036,-1.055934481,-5.340181259,15.09300919,88.1
63.048,-1.057222206,-5.042351722,15.18063217,88.2
63.061,-1.059797655,-4.710345024,15.09300919,88.1
63.074,-1.061514622,-4.411294873,15.01680977,88.2
63.087,-1.064090072,-4.079288176,15.02299828,88.1
63.099,-1.067094764,-3.781458638,15.05251064,88.2
63.112,-1.070099455,-3.44945194,15.05251064,88.2
63.125,-1.073533389,-3.117445243,15.08821152,88.2
63.137,-1.076967322,-2.786659158,15.08821152,88.2
63.15,-1.080830497,-2.45465246,15.1120121,88.2
63.163,-1.085552155,-2.122645762,15.14771297,88.2
63.175,-1.090703055,-1.790639065,15.15390148,88.1
63.188,-1.095853955,-1.45985298,15.14771297,88.2
63.201,-1.10229258,-1.127846282,15.08960235,88.2
63.214,-1.108301963,-0.828796131,15.11911472,88.3
63.226,-1.116457554,-0.498010047,15.14910381,88.2
63.239,-1.124183904,-0.198959896,15.17861618,88.3
63.252,-1.132768737,0.133046802,15.32050556,88.1
63.264,-1.141353571,0.430876339,15.3738185,88.2
63.277,-1.152513854,0.762883037,15.35140876,88.2
63.29,-1.163244895,1.061933188,15.50472171,88.2
63.302,-1.174405178,1.326806178,15.67612345,88.1
63.315,-1.184706978,1.591679168,15.7294364,88.2
63.328,-1.195867261,1.824816225,15.88893786,88.1
63.341,-1.205739819,2.056732668,15.90222898,88.1
63.353,-1.216900103,2.255692564,15.96173044,88.1
63.366,-1.226772661,2.45465246,16.06312128,88
63.379,-1.235357494,2.620655809,16.12833452,88.1
63.391,-1.243942327,2.752481998,16.25832361,87.9
63.404,-1.250810194,2.852572252,16.31734834,88.1
63.417,-1.256390335,2.918485347,16.25352593,88
63.43,-1.259824268,2.918485347,16.24114892,88.2
63.442,-1.261970477,2.852572252,16.25352593,88
63.455,-1.262399718,2.786659158,16.22353684,88.1
63.468,-1.263258202,2.620655809,16.19402448,88
63.48,-1.262399718,2.45465246,16.15832361,88
63.493,-1.263258202,2.222736017,16.03452302,88.1
63.506,-1.262399718,1.989598961,16.05693277,88.1
63.518,-1.262399718,1.757682517,15.90361982,88.1
63.531,-1.261111993,1.492809527,15.83221807,88.1
63.544,-1.260682752,1.260893084,15.73701575,88.1
63.557,-1.258536543,0.961842933,15.67751429,88.1
63.569,-1.257248819,0.696969943,15.59992404,88.2
63.582,-1.254673369,0.397919792,15.54661109,88.1
63.595,-1.253385644,0.133046802,15.44522025,88.2
63.607,-1.251239435,-0.166003349,15.4738185,88.1
63.62,-1.249522469,-0.430876339,15.40812854,88.2
63.633,-1.246517777,-0.72992649,15.31911472,88.1
63.645,-1.243942327,-0.99479948,15.24771297,88.1
63.658,-1.240937635,-1.293849631,15.05251064,88.2
63.671,-1.237932944,-1.558722621,14.99300919,88.2
63.684,-1.234928252,-1.824816225,14.88590657,88.2
63.696,-1.231494319,-2.089689215,14.82640511,88.2
63.709,-1.227631144,-2.388739366,14.73120278,88.2
63.722,-1.222909486,-2.620655809,14.55980104,88.3
63.734,-1.218187828,-2.885528799,14.53600046,88.3
63.747,-1.213895411,-3.117445243,14.50648809,88.2
63.76,-1.208315269,-3.383538846,14.50029958,88.3
63.773,-1.20316437,-3.615455289,14.40648809,88.3
63.785,-1.19801347,-3.847371732,14.43600046,88.4
63.798,-1.192004086,-4.113465336,14.44218896,88.3
63.811,-1.185994703,-4.345381779,14.43600046,88.4
63.823,-1.17998532,-4.577298222,14.43600046,88.4
63.836,-1.174405178,-4.776258118,14.44218896,88.3
63.849,-1.167537312,-4.975218014,14.46598955,88.3
63.861,-1.163244895,-5.141221363,14.46598955,88.3
63.874,-1.157664754,-5.307224712,14.50169042,88.3
63.887,-1.153801579,-5.440271514,14.59550191,88.3
63.9,-1.149079921,-5.539141155,14.5893134,88.4
63.912,-1.147362954,-5.60505425,14.69550191,88.2
63.925,-1.144787504,-5.60505425,14.73120278,88.2
63.938,-1.144787504,-5.572097703,14.63120278,88.3
63.95,-1.143499779,-5.506184608,14.76071515,88.3
63.963,-1.143929021,-5.406094354,14.79070424,88.2
63.976,-1.143499779,-5.307224712,14.78451573,88.3
63.988,-1.143929021,-5.141221363,14.82640511,88.2
64.001,-1.143499779,-4.975218014,14.82021661,88.3
64.014,-1.143929021,-4.776258118,14.86210599,88.2
64.027,-1.144787504,-4.577298222,14.86210599,88.2
64.039,-1.145216746,-4.378338326,14.78590657,88.3
64.052,-1.146075229,-4.17937843,14.78590657,88.3
64.065,-1.146504471,-3.980418534,14.82160744,88.3
64.077,-1.147792196,-3.781458638,14.82160744,88.3
64.09,-1.148650679,-3.615455289,14.85730832,88.3
64.103,-1.149938404,-3.44945194,14.86349682,88.2
64.116,-1.149938404,-3.283448591,14.89300919,88.3
64.128,-1.151226129,-3.117445243,14.92299828,88.2
64.141,-1.15165537,-2.952662507,14.95251064,88.3
64.154,-1.153801579,-2.786659158,14.99440003,88.2
64.166,-1.154660062,-2.620655809,14.98821152,88.3
64.179,-1.156377029,-2.45465246,14.99440003,88.2
64.192,-1.157664754,-2.288649111,15.0120121,88.3
64.204,-1.158952479,-2.122645762,15.14771297,88.2
64.217,-1.161098687,-1.989598961,15.14771297,88.2
64.23,-1.162386412,-1.857772772,15.18341385,88.2
64.243,-1.163244895,-1.691769423,15.21911472,88.2
64.255,-1.16453262,-1.591679168,15.21911472,88.2
64.268,-1.164961862,-1.45985298,15.2429153,88.2
64.281,-1.166249587,-1.359762725,15.1429153,88.3
64.293,-1.167537312,-1.293849631,15.18480468,88.2
64.306,-1.168395795,-1.226715924,15.27242767,88.3
64.319,-1.168825037,-1.160802829,15.37861618,88.1
64.331,-1.170112762,-1.127846282,15.27242767,88.3
64.344,-1.170971245,-1.061933188,15.32050556,88.1
64.357,-1.171829728,-1.061933188,15.30812854,88.3
64.37,-1.17225897,-1.027756028,15.32050556,88.1
64.382,-1.17225897,-1.027756028,15.31431705,88.2
64.395,-1.173117453,-0.99479948,15.32050556,88.1
64.408,-1.173117453,-0.961842933,15.30812854,88.3
64.42,-1.173546695,-0.961842933,15.32050556,88.1
64.433,-1.173546695,-0.961842933,15.31431705,88.2
64.446,-1.174405178,-0.928886386,15.32050556,88.1
64.459,-1.173546695,-0.928886386,15.31431705,88.2
64.471,-1.174405178,-0.961842933,15.31431705,88.2
64.484,-1.173546695,-0.961842933,15.31431705,88.2
64.497,-1.174405178,-0.961842933,15.31431705,88.2
64.509,-1.174405178,-0.99479948,15.28480468,88.1
64.522,-1.174405178,-0.99479948,15.18480468,88.2
64.535,-1.174405178,-1.027756028,15.28480468,88.1
64.547,-1.174405178,-1.027756028,15.27861618,88.2
64.56,-1.174405178,-1.061933188,15.18480468,88.2
64.573,-1.174405178,-1.094889735,15.27861618,88.2
64.586,-1.173546695,-1.127846282,15.27861618,88.2
64.598,-1.174405178,-1.160802829,15.37242767,88.2
64.611,-1.173546695,-1.193759376,15.3429153,88.1
64.624,-1.174405178,-1.226715924,15.2429153,88.2
64.636,-1.173546695,-1.293849631,15.2429153,88.2
64.649,-1.173546695,-1.359762725,15.31911472,88.1
64.662,-1.173546695,-1.426896432,15.31911472,88.1
64.674,-1.173546695,-1.492809527,15.31911472,88.1
64.687,-1.173546695,-1.558722621,15.28341385,88.1
64.7,-1.173546695,-1.658812876,15.18341385,88.2
64.713,-1.173546695,-1.757682517,15.14771297,88.2
64.725,-1.173546695,-1.857772772,15.14771297,88.2
64.738,-1.173117453,-1.956642413,15.1120121,88.2
64.751,-1.173117453,-2.056732668,15.1120121,88.2
64.763,-1.173117453,-2.18977947,15.08821152,88.2
64.776,-1.17225897,-2.288649111,15.05251064,88.2
64.789,-1.171829728,-2.421695913,15.11680977,88.1
64.802,-1.170971245,-2.520565554,14.99300919,88.2
64.814,-1.170112762,-2.686568903,14.9991977,88.1
64.827,-1.168825037,-2.786659158,14.95730832,88.2
64.84,-1.168825037,-2.952662507,14.92779595,88.1
64.852,-1.167537312,-3.084488695,14.92160744,88.2
64.865,-1.167537312,-3.217535497,14.89209508,88.1
64.878,-1.166249587,-3.350582299,14.86210599,88.2
64.89,-1.165820345,-3.515365035,14.86829449,88.1
64.903,-1.16453262,-3.648411836,14.92640511,88.1
64.916,-1.163674137,-3.814415185,14.92640511,88.1
64.929,-1.161527929,-3.980418534,14.88451573,88.2
64.941,-1.161098687,-4.146421883,14.99070424,88
64.954,-1.158952479,-4.312425232,14.96071515,88.1
64.967,-1.157664754,-4.478428581,14.96071515,88.1
64.979,-1.156377029,-4.643211317,14.92501428,88.1
64.992,-1.154660062,-4.809214666,14.82501428,88.2
65.005,-1.152513854,-4.975218014,14.83120278,88.1
65.017,-1.150367645,-5.141221363,14.83120278,88.1
65.03,-1.148650679,-5.307224712,14.83739129,88
65.043,-1.146075229,-5.473228061,14.73120278,88.2
65.056,-1.143499779,-5.60505425,14.7435798,88
65.068,-1.140495087,-5.771057599,14.83120278,88.1
65.081,-1.137919637,-5.9041044,14.7435798,88
65.094,-1.134914946,-6.037151202,14.83120278,88.1
65.106,-1.130622529,-6.203154551,14.8435798,87.9
65.119,-1.126330113,-6.33498074,14.83120278,88.1
65.132,-1.122037696,-6.468027541,14.8435798,87.9
65.145,-1.118174521,-6.568117796,14.83120278,88.1
65.157,-1.115169829,-6.666987437,14.83739129,88
65.17,-1.110877413,-6.767077692,14.86690366,88.1
65.183,-1.109160446,-6.832990786,14.89689275,88
65.195,-1.106584996,-6.832990786,14.89689275,88
65.208,-1.105297271,-6.832990786,14.89689275,88
65.221,-1.103580305,-6.767077692,14.79689275,88.1
65.233,-1.103580305,-6.666987437,14.83259362,88.1
65.246,-1.103151063,-6.500984088,14.83259362,88.1
65.259,-1.103151063,-6.33498074,14.82640511,88.2
65.272,-1.103580305,-6.136020844,14.96210599,88.1
65.284,-1.104438788,-5.9041044,15.05591748,88.1
65.297,-1.105297271,-5.672187957,14.99209508,88
65.31,-1.105726513,-5.406094354,14.98590657,88.1
65.322,-1.106584996,-5.17417791,14.99209508,88
65.335,-1.107872721,-4.975218014,14.97971806,88.2
65.348,-1.109160446,-4.743301571,15.02779595,88
65.36,-1.110448171,-4.511385128,15.05111981,88.2
65.373,-1.111735896,-4.279468685,15.0991977,88
65.386,-1.113882104,-4.046331628,15.09300919,88.1
65.399,-1.115169829,-3.781458638,15.12299828,88
65.411,-1.116457554,-3.549542195,15.11680977,88.1
65.424,-1.119033004,-3.316405139,15.15869915,88
65.437,-1.120320729,-3.051532148,15.18821152,88.1
65.449,-1.122037696,-2.786659158,15.21820061,88
65.462,-1.124183904,-2.553522102,15.14771297,88.2
65.475,-1.126759354,-2.288649111,15.15390148,88.1
65.488,-1.128905563,-2.056732668,15.18341385,88.2
65.5,-1.131910254,-1.790639065,15.22530323,88.1
65.513,-1.134056462,-1.525766074,15.2429153,88.2
65.526,-1.137919637,-1.293849631,15.27861618,88.2
65.538,-1.140495087,-1.027756028,15.31431705,88.2
65.551,-1.143929021,-0.795839584,15.34430614,88.1
65.564,-1.147362954,-0.596879688,15.3738185,88.2
65.576,-1.151226129,-0.364963245,15.41570789,88.1
65.589,-1.154660062,-0.166003349,15.45140876,88.1
65.602,-1.158952479,0.032956547,15.47520934,88.1
65.615,-1.162386412,0.231916443,15.54661109,88.1
65.627,-1.166249587,0.364963245,15.64042258,88.1
65.64,-1.168825037,0.530966594,15.67612345,88.1
65.653,-1.17225897,0.596879688,15.69992404,88.1
65.665,-1.174405178,0.662792783,15.73562491,88.1
65.678,-1.175692903,0.629836235,15.73562491,88.1
65.691,-1.176122145,0.563923141,15.69992404,88.1
65.703,-1.176122145,0.463832887,15.77612345,88
65.716,-1.176122145,0.332006698,15.73423407,88.1
65.729,-1.176122145,0.166003349,15.74042258,88
65.742,-1.176122145,0,15.66902083,88
65.754,-1.175692903,-0.198959896,15.54522025,88.1
65.767,-1.17483442,-0.364963245,15.4738185,88.1
65.78,-1.174405178,-0.563923141,15.43811763,88.1
65.792,-1.174405178,-0.762883037,15.38480468,88
65.805,-1.173117453,-0.961842933,15.3429153,88.1
65.818,-1.17225897,-1.193759376,15.32530323,88
65.831,-1.170971245,-1.392719272,15.28341385,88.1
65.843,-1.170112762,-1.591679168,15.21820061,88
65.856,-1.168825037,-1.824816225,15.18202301,88.2
65.869,-1.168395795,-2.023776121,15.15869915,88
65.881,-1.166249587,-2.255692564,15.09300919,88.1
65.894,-1.164961862,-2.45465246,15.06349682,88
65.907,-1.163244895,-2.686568903,15.02160744,88.1
65.919,-1.161527929,-2.918485347,14.99209508,88
65.932,-1.159810962,-3.151622403,14.96210599,88.1
65.945,-1.157664754,-3.383538846,14.89070424,88.1
65.958,-1.155089304,-3.615455289,14.86690366,88.1
65.97,-1.152513854,-3.847371732,14.83120278,88.1
65.983,-1.149079921,-4.079288176,14.70169042,88.1
65.996,-1.146075229,-4.312425232,14.69550191,88.2
66.008,-1.143499779,-4.577298222,14.70169042,88.1
66.021,-1.140065846,-4.809214666,14.65980104,88.2
66.034,-1.137490396,-5.042351722,14.76598955,88
66.046,-1.134914946,-5.274268165,14.65980104,88.2
66.059,-1.131481012,-5.506184608,14.67217805,88
66.072,-1.128047079,-5.705144504,14.75980104,88.1
66.085,-1.125042388,-5.937060947,14.90169042,87.9
66.097,-1.120749971,-6.136020844,14.8893134,88.1
66.11,-1.118174521,-6.302024192,15.03120278,87.9
66.123,-1.114311346,-6.468027541,15.01882577,88.1
66.135,-1.111735896,-6.63403089,15.02501428,88
66.148,-1.108301963,-6.732900532,15.06071515,88
66.161,-1.106584996,-6.832990786,15.06071515,88
66.174,-1.103580305,-6.832990786,15.08451573,88
66.186,-1.103151063,-6.800034239,14.98451573,88.1
66.199,-1.101863338,-6.699943985,15.02640511,88
66.212,-1.101863338,-6.533940636,15.02640511,88
66.224,-1.101863338,-6.33498074,14.93259362,88
66.237,-1.10229258,-6.103064296,14.92640511,88.1
66.25,-1.103151063,-5.871147853,14.96829449,88
66.262,-1.103580305,-5.60505425,15.06210599,88
66.275,-1.104438788,-5.340181259,14.99209508,88
66.288,-1.105726513,-5.108264816,14.98590657,88.1
66.301,-1.107014238,-4.842171213,15.02779595,88
66.313,-1.109160446,-4.610254769,15.05730832,88.1
66.326,-1.110448171,-4.345381779,15.0991977,88
66.339,-1.111735896,-4.079288176,15.09300919,88.1
66.351,-1.113023621,-3.847371732,15.12299828,88
66.364,-1.114311346,-3.582498742,15.15251064,88.1
66.377,-1.116457554,-3.316405139,15.18821152,88.1
66.389,-1.117745279,-3.051532148,15.3120121,88
66.402,-1.120320729,-2.786659158,15.24771297,88.1
66.415,-1.122037696,-2.487609007,15.38341385,88
66.428,-1.125042388,-2.222736017,15.28960235,88
66.44,-1.126759354,-1.956642413,15.24910381,88.1
66.453,-1.129334804,-1.691769423,15.28480468,88.1
66.466,-1.131910254,-1.426896432,15.32050556,88.1
66.478,-1.136202671,-1.127846282,15.44430614,88
66.491,-1.138778121,-0.862973292,15.3738185,88.2
66.504,-1.142641296,-0.596879688,15.41570789,88.1
66.517,-1.146075229,-0.332006698,15.56902083,88.1
66.529,-1.149938404,-0.100090254,15.61091021,88
66.542,-1.153801579,0.166003349,15.67612345,88.1
66.555,-1.158952479,0.397919792,15.74181342,88
66.567,-1.163244895,0.629836235,15.77132578,88.1
66.58,-1.168395795,0.862973292,15.83701575,88
66.593,-1.173546695,1.094889735,16.0603396,88
66.605,-1.178697595,1.293849631,16.11984106,88
66.618,-1.184277737,1.45985298,16.19124281,88
66.631,-1.189428636,1.625856329,16.15693277,88
66.644,-1.194150295,1.72472597,16.19263364,88
66.656,-1.19801347,1.824816225,16.2521351,88
66.669,-1.201447403,1.890729319,16.28783597,88
66.682,-1.20316437,1.923685866,16.28783597,88
66.694,-1.204452094,1.890729319,16.28783597,88
66.707,-1.204452094,1.824816225,16.28783597,88
66.72,-1.205310578,1.72472597,16.25832361,87.9
66.732,-1.205310578,1.625856329,16.22833452,88
66.745,-1.205310578,1.525766074,16.23452302,87.9
66.758,-1.204452094,1.392719272,16.19263364,88
66.771,-1.205310578,1.260893084,16.16312128,87.9
66.783,-1.204452094,1.127846282,15.99743131,88.1
66.796,-1.204452094,0.961842933,15.96791895,88
66.809,-1.204452094,0.795839584,15.92602957,88.1
66.821,-1.204452094,0.629836235,15.90841749,88
66.834,-1.20316437,0.463832887,15.96652811,88
66.847,-1.20316437,0.299050151,15.80750338,87.9
66.86,-1.201876645,0.133046802,15.77132578,88.1
66.872,-1.201876645,-0.032956547,15.74181342,88
66.885,-1.20058892,-0.166003349,15.79992404,88
66.898,-1.199730436,-0.332006698,15.74042258,88
66.91,-1.198442711,-0.530966594,15.70472171,88
66.923,-1.19801347,-0.662792783,15.66902083,88
66.936,-1.196725745,-0.828796131,15.55140876,88
66.948,-1.195867261,-0.99479948,15.60951938,88
66.961,-1.19543802,-1.193759376,15.58000701,87.9
66.974,-1.194150295,-1.326806178,15.50812854,88.1
66.987,-1.193291811,-1.492809527,15.38480468,88
66.999,-1.191574845,-1.658812876,15.4367268,88.1
67.012,-1.190716361,-1.824816225,15.42530323,87.9
67.025,-1.188570153,-1.989598961,15.38341385,88
67.037,-1.188140911,-2.155602309,15.35390148,87.9
67.05,-1.185994703,-2.288649111,15.2120121,88.1
67.063,-1.184706978,-2.421695913,15.19440003,88
67.075,-1.183419253,-2.553522102,15.21680977,88
67.088,-1.182131528,-2.686568903,15.0991977,88
67.101,-1.180843803,-2.786659158,15.0991977,88
67.114,-1.179556078,-2.885528799,15.06349682,88
67.126,-1.17740987,-2.985619054,15.02779595,88
67.139,-1.17740987,-3.051532148,14.98590657,88.1
67.152,-1.176122145,-3.084488695,14.99209508,88
67.164,-1.175692903,-3.117445243,14.98590657,88.1
67.177,-1.17483442,-3.151622403,14.96829449,88
67.19,-1.17483442,-3.117445243,15.06210599,88
67.203,-1.174405178,-3.117445243,15.06210599,88
67.215,-1.174405178,-3.051532148,15.06210599,88
67.228,-1.174405178,-2.985619054,15.08590657,88
67.241,-1.17483442,-2.918485347,15.17971806,88
67.253,-1.174405178,-2.852572252,15.18590657,87.9
67.266,-1.17483442,-2.752481998,15.17971806,88
67.279,-1.17483442,-2.653612356,15.18590657,87.9
67.291,-1.17483442,-2.553522102,15.22160744,87.9
67.304,-1.17483442,-2.45465246,15.22160744,87.9
67.317,-1.175692903,-2.321605658,15.15730832,88
67.33,-1.175692903,-2.18977947,15.28682068,88
67.342,-1.175692903,-2.089689215,15.29300919,87.9
67.355,-1.176122145,-1.956642413,15.31680977,87.9
67.368,-1.176122145,-1.824816225,15.25251064,88
67.38,-1.176980628,-1.691769423,15.25251064,88
67.393,-1.17740987,-1.591679168,15.28821152,88
67.406,-1.178268353,-1.492809527,15.3120121,88
67.418,-1.178268353,-1.426896432,15.31820061,87.9
67.431,-1.178268353,-1.326806178,15.34771297,88
67.444,-1.178268353,-1.260893084,15.34771297,88
67.457,-1.178697595,-1.193759376,15.34771297,88
67.469,-1.178697595,-1.160802829,15.38341385,88
67.482,-1.179556078,-1.127846282,15.34771297,88
67.495,-1.179556078,-1.094889735,15.34771297,88
67.507,-1.17998532,-1.061933188,15.35390148,87.9
67.52,-1.17998532,-1.061933188,15.38341385,88
67.533,-1.180843803,-1.061933188,15.38960235,87.9
67.546,-1.17998532,-1.061933188,15.38341385,88
67.558,-1.17998532,-1.094889735,15.28960235,88
67.571,-1.17998532,-1.127846282,15.38341385,88
67.584,-1.180843803,-1.160802829,15.38960235,87.9
67.596,-1.17998532,-1.193759376,15.34771297,88
67.609,-1.180843803,-1.226715924,15.35390148,87.9
67.622,-1.17998532,-1.260893084,15.34771297,88
67.634,-1.17998532,-1.326806178,15.34771297,88
67.647,-1.17998532,-1.359762725,15.44152447,88
67.66,-1.17998532,-1.426896432,15.40582359,88
67.673,-1.17998532,-1.492809527,15.40582359,88
67.685,-1.17998532,-1.558722621,15.48202301,87.9
67.698,-1.17998532,-1.658812876,15.48202301,87.9
67.711,-1.179556078,-1.757682517,15.34632214,88
67.723,-1.17998532,-1.857772772,15.25869915,87.9
67.736,-1.179556078,-1.989598961,15.12299828,88
67.749,-1.179556078,-2.089689215,15.22299828,87.9
67.761,-1.178697595,-2.18977947,15.28682068,88
67.774,-1.178268353,-2.321605658,15.26349682,87.8
67.787,-1.17740987,-2.421695913,15.22160744,87.9
67.8,-1.17740987,-2.553522102,15.09209508,87.9
67.812,-1.176980628,-2.686568903,15.08590657,88
67.825,-1.176980628,-2.786659158,15.18590657,87.9
67.838,-1.175692903,-2.918485347,15.16210599,87.9
67.85,-1.175692903,-3.018575601,15.02640511,88
67.863,-1.17483442,-3.151622403,15.02640511,88
67.876,-1.174405178,-3.250492044,14.99070424,88
67.889,-1.173117453,-3.350582299,14.99689275,87.9
67.901,-1.17225897,-3.482408487,14.96690366,88
67.914,-1.170112762,-3.549542195,14.97309217,87.9
67.927,-1.168825037,-3.648411836,14.96690366,88
67.939,-1.168395795,-3.715545544,14.93739129,87.9
67.952,-1.16710807,-3.781458638,14.93120278,88
67.965,-1.166249587,-3.847371732,15.03739129,87.8
67.977,-1.164961862,-3.91450544,14.93120278,88
67.99,-1.16453262,-3.980418534,14.90169042,87.9
68.003,-1.162386412,-4.046331628,14.93739129,87.9
68.016,-1.162386412,-4.079288176,14.93739129,87.9
68.028,-1.161098687,-4.113465336,14.93120278,88
68.041,-1.161098687,-4.146421883,15.03120278,87.9
68.054,-1.160240204,-4.146421883,15.12501428,87.9
68.066,-1.160240204,-4.146421883,15.03120278,87.9
68.079,-1.159810962,-4.146421883,14.97309217,87.9
68.092,-1.159810962,-4.113465336,15.06690366,87.9
68.104,-1.158952479,-4.079288176,15.07309217,87.8
68.117,-1.158952479,-4.046331628,15.09070424,87.9
68.13,-1.158952479,-3.980418534,14.99689275,87.9
68.143,-1.158952479,-3.91450544,15.09070424,87.9
68.155,-1.158952479,-3.847371732,15.12640511,87.9
68.168,-1.159810962,-3.748502091,15.12640511,87.9
68.181,-1.158952479,-3.648411836,15.13259362,87.8
68.193,-1.158952479,-3.515365035,15.16210599,87.9
68.206,-1.158952479,-3.383538846,15.16829449,87.8
68.219,-1.159810962,-3.250492044,15.18590657,87.9
68.232,-1.159810962,-3.084488695,15.18590657,87.9
68.244,-1.161098687,-2.952662507,15.22160744,87.9
68.257,-1.161098687,-2.786659158,15.16349682,87.9
68.27,-1.161527929,-2.620655809,15.19300919,88
68.282,-1.162386412,-2.45465246,15.29300919,87.9
68.295,-1.163674137,-2.321605658,15.22299828,87.9
68.308,-1.16453262,-2.155602309,15.35251064,87.9
68.32,-1.164961862,-1.989598961,15.48821152,87.8
68.333,-1.166249587,-1.824816225,15.50582359,87.9
68.346,-1.166249587,-1.658812876,15.4120121,87.9
68.359,-1.167537312,-1.492809527,15.44771297,87.9
68.371,-1.168395795,-1.359762725,15.48341385,87.9
68.384,-1.16968352,-1.193759376,15.51911472,87.9
68.397,-1.16968352,-1.027756028,15.5429153,87.9
68.409,-1.170971245,-0.862973292,15.57861618,87.9
68.422,-1.171829728,-0.72992649,15.57861618,87.9
68.435,-1.173546695,-0.596879688,15.61431705,87.9
68.447,-1.174405178,-0.430876339,15.63811763,87.9
68.46,-1.175692903,-0.299050151,15.68000701,87.8
68.473,-1.176980628,-0.198959896,15.70951938,87.9
68.486,-1.178268353,-0.065913094,15.75140876,87.8
68.498,-1.178697595,0.065913094,15.74522025,87.9
68.511,-1.17998532,0.166003349,15.77520934,87.8
68.524,-1.180843803,0.231916443,15.80472171,87.9
68.536,-1.182131528,0.299050151,15.71091021,87.9
68.549,-1.182131528,0.332006698,15.80472171,87.9
68.562,-1.182990012,0.332006698,15.81091021,87.8
68.575,-1.182990012,0.299050151,15.71091021,87.9
68.587,-1.183419253,0.231916443,15.71091021,87.9
68.6,-1.183419253,0.166003349,15.80472171,87.9
68.613,-1.182990012,0.100090254,15.86283233,87.9
68.625,-1.183419253,0,15.84522025,87.8
68.638,-1.182990012,-0.065913094,15.83903174,87.9
68.651,-1.183419253,-0.166003349,15.84522025,87.8
68.663,-1.182990012,-0.299050151,15.80333087,87.9
68.676,-1.183419253,-0.397919792,15.7738185,87.8
68.689,-1.182131528,-0.530966594,15.73192912,87.9
68.702,-1.182990012,-0.696969943,15.71431705,87.8
68.714,-1.182131528,-0.828796131,15.57242767,88
68.727,-1.182131528,-0.99479948,15.54910381,87.8
68.74,-1.180843803,-1.193759376,15.51911472,87.9
68.752,-1.17998532,-1.359762725,15.48960235,87.8
68.765,-1.178697595,-1.558722621,15.45390148,87.8
68.778,-1.178268353,-1.790639065,15.39440003,87.8
68.79,-1.176980628,-1.989598961,15.35869915,87.8
68.803,-1.176122145,-2.222736017,15.31680977,87.9
68.816,-1.17483442,-2.45465246,15.2991977,87.8
68.829,-1.173117453,-2.686568903,15.25730832,87.9
68.841,-1.171829728,-2.952662507,15.19209508,87.8
68.854,-1.16968352,-3.217535497,15.16210599,87.9
68.867,-1.167537312,-3.515365035,15.13259362,87.8
68.879,-1.165820345,-3.814415185,14.99070424,88
68.892,-1.163244895,-4.113465336,14.97928067,87.8
68.905,-1.158952479,-4.411294873,15.03120278,87.9
68.918,-1.155089304,-4.710345024,15.09550191,87.8
68.93,-1.149938404,-5.042351722,15.05361253,87.9
68.943,-1.144787504,-5.373137807,15.03600046,87.8
68.956,-1.139207362,-5.705144504,15.02981195,87.9
68.968,-1.133627221,-6.037151202,15.05980104,87.8
68.981,-1.126330113,-6.367937287,15.05361253,87.9
68.994,-1.119033004,-6.767077692,15.19550191,87.7
69.006,-1.109160446,-7.132040937,15.1893134,87.8
69.019,-1.098429405,-7.529960729,15.36690366,87.6
69.032,-1.08683988,-7.860746814,15.42640511,87.6
69.045,-1.075679597,-8.159796964,15.38590657,87.7
69.057,-1.06366083,-8.424669955,15.52779595,87.5
69.07,-1.053788272,-8.657807011,15.59300919,87.6
69.083,-1.042627989,-8.856766907,15.65869915,87.5
69.095,-1.033184673,-9.021549643,15.7120121,87.6
69.108,-1.024599839,-9.154596445,15.74771297,87.6
69.121,-1.019019698,-9.254686699,15.78341385,87.6
69.133,-1.013010315,-9.320599793,15.82530323,87.5
69.146,-1.00914714,-9.320599793,15.74910381,87.6
69.159,-1.005713206,-9.287643246,15.74910381,87.6
69.172,-1.004854723,-9.187552992,15.7429153,87.7
69.184,-1.003566998,-9.055726803,15.77861618,87.7
69.197,-1.003566998,-8.889723454,15.77861618,87.7
69.21,-1.003566998,-8.690763558,15.77861618,87.7
69.222,-1.003566998,-8.457626502,15.77861618,87.7
69.235,-1.004425482,-8.192753511,15.78480468,87.6
69.248,-1.004854723,-7.927880521,15.77861618,87.7
69.26,-1.004854723,-7.62883037,15.81431705,87.7
69.273,-1.006142448,-7.36395738,15.81431705,87.7
69.286,-1.007000931,-7.132040937,15.67861618,87.8
69.299,-1.008288656,-6.865947333,15.6429153,87.8
69.311,-1.00914714,-6.601074343,15.61911472,87.8
69.324,-1.010434865,-6.33498074,15.61911472,87.8
69.337,-1.01172259,-6.070107749,15.48960235,87.8
69.349,-1.013010315,-5.805234759,15.58341385,87.8
69.362,-1.014727281,-5.539141155,15.64771297,87.7
69.375,-1.016015006,-5.274268165,15.64152447,87.8
69.388,-1.019019698,-4.975218014,15.55390148,87.7
69.4,-1.020736665,-4.677388477,15.5120121,87.8
69.413,-1.023312114,-4.444251421,15.51820061,87.7
69.426,-1.025458323,-4.17937843,15.5120121,87.8
69.438,-1.028033773,-3.91450544,15.51820061,87.7
69.451,-1.030179981,-3.681368384,15.54771297,87.8
69.464,-1.032755431,-3.44945194,15.55390148,87.7
69.476,-1.034472398,-3.217535497,15.44771297,87.9
69.489,-1.037477089,-3.018575601,15.45390148,87.8
69.502,-1.040052539,-2.786659158,15.44771297,87.9
69.515,-1.042627989,-2.553522102,15.44771297,87.9
69.527,-1.045203439,-2.388739366,15.48960235,87.8
69.54,-1.048637372,-2.18977947,15.48341385,87.9
69.553,-1.050354339,-2.056732668,15.48960235,87.8
69.565,-1.052500547,-1.923685866,15.48341385,87.9
69.578,-1.055075997,-1.824816225,15.48960235,87.8
69.591,-1.056363722,-1.72472597,15.48341385,87.9
69.604,-1.057651447,-1.658812876,15.48960235,87.8
69.616,-1.058939172,-1.625856329,15.48341385,87.9
69.629,-1.059797655,-1.625856329,15.46008999,87.7
69.642,-1.060226897,-1.625856329,15.47722534,88
69.654,-1.06108538,-1.658812876,15.55390148,87.7
69.667,-1.060226897,-1.691769423,15.54152447,87.9
69.68,-1.06108538,-1.72472597,15.64771297,87.7
69.692,-1.06108538,-1.790639065,15.60582359,87.8
69.705,-1.06108538,-1.857772772,15.5120121,87.8
69.718,-1.06108538,-1.956642413,15.50582359,87.9
69.731,-1.06108538,-2.023776121,15.48821152,87.8
69.743,-1.06108538,-2.122645762,15.45251064,87.8
69.756,-1.06108538,-2.222736017,15.35251064,87.9
69.769,-1.060226897,-2.354562206,15.35869915,87.8
69.781,-1.060226897,-2.487609007,15.31680977,87.9
69.794,-1.060226897,-2.620655809,15.2991977,87.8
69.807,-1.060226897,-2.752481998,15.25730832,87.9
69.819,-1.059797655,-2.885528799,15.26349682,87.8
69.832,-1.059797655,-3.051532148,15.22160744,87.9
69.845,-1.058939172,-3.18457895,15.19828358,87.7
69.858,-1.058509931,-3.316405139,15.18590657,87.9
69.87,-1.057651447,-3.44945194,15.16829449,87.8
69.883,-1.057222206,-3.582498742,15.12640511,87.9
69.896,-1.057222206,-3.715545544,15.13259362,87.8
69.908,-1.055934481,-3.847371732,15.12640511,87.9
69.921,-1.055075997,-3.980418534,15.09689275,87.8
69.934,-1.054217514,-4.079288176,15.09070424,87.9
69.947,-1.053788272,-4.212334977,15.07309217,87.8
69.959,-1.052500547,-4.345381779,15.16690366,87.8
69.972,-1.052500547,-4.444251421,15.16690366,87.8
69.985,-1.051212822,-4.544341675,15.13120278,87.8
69.997,-1.051212822,-4.643211317,15.13120278,87.8
70.01,-1.049925097,-4.743301571,15.16071515,87.9
70.023,-1.049066614,-4.842171213,15.26690366,87.7
70.035,-1.047778889,-4.942261467,15.26071515,87.8
70.048,-1.047778889,-5.008174562,15.26071515,87.8
70.061,-1.046491164,-5.075308269,15.26071515,87.8
70.074,-1.046491164,-5.108264816,15.16690366,87.8
70.086,-1.045632681,-5.17417791,15.16690366,87.8
70.099,-1.045632681,-5.17417791,15.16690366,87.8
70.112,-1.045203439,-5.17417791,15.19070424,87.8
70.124,-1.045203439,-5.141221363,15.19070424,87.8
70.137,-1.044344956,-5.108264816,15.19070424,87.8
70.15,-1.045203439,-5.042351722,15.19070424,87.8
70.162,-1.044344956,-4.975218014,15.22640511,87.8
70.175,-1.044344956,-4.876348373,15.22640511,87.8
70.188,-1.045203439,-4.776258118,15.22640511,87.8
70.201,-1.045632681,-4.677388477,15.22640511,87.8
70.213,-1.045203439,-4.544341675,15.26210599,87.8
70.226,-1.045632681,-4.345381779,15.26210599,87.8
70.239,-1.045632681,-4.17937843,15.28590657,87.8
70.251,-1.046491164,-4.013375081,15.28590657,87.8
70.264,-1.047349647,-3.814415185,15.32160744,87.8
70.277,-1.047349647,-3.615455289,15.35730832,87.8
70.29,-1.047778889,-3.44945194,15.36349682,87.7
70.302,-1.048637372,-3.250492044,15.39300919,87.8
70.315,-1.049925097,-3.051532148,15.42299828,87.7
70.328,-1.050354339,-2.852572252,15.45251064,87.8
70.34,-1.051642064,-2.653612356,15.39440003,87.8
70.353,-1.052929789,-2.45465246,15.4120121,87.9
70.366,-1.055075997,-2.255692564,15.55390148,87.7
70.378,-1.055934481,-2.056732668,15.67103683,87.9
70.391,-1.058509931,-1.824816225,15.71911472,87.7
70.404,-1.059797655,-1.625856329,15.6367268,87.9
70.417,-1.062373105,-1.392719272,15.58480468,87.8
70.429,-1.064948555,-1.160802829,15.71431705,87.8
70.442,-1.069670214,-0.928886386,15.74430614,87.7
70.455,-1.07396263,-0.662792783,15.6738185,87.9
70.467,-1.079972013,-0.397919792,15.70951938,87.9
70.48,-1.085981397,-0.133046802,15.70951938,87.9
70.493,-1.092420022,0.166003349,15.74522025,87.9
70.505,-1.09971713,0.430876339,15.90472171,87.8
70.518,-1.107872721,0.696969943,15.94042258,87.8
70.531,-1.116457554,0.928886386,15.90611254,87.8
70.544,-1.124183904,1.160802829,16.07132578,87.8
70.556,-1.131910254,1.426896432,16.13701575,87.7
70.569,-1.140495087,1.625856329,16.19604048,87.9
70.582,-1.149938404,1.824816225,16.26791895,87.7
70.594,-1.158523237,2.023776121,16.35693277,87.8
70.607,-1.167537312,2.222736017,16.44071153,87.6
70.62,-1.175692903,2.388739366,16.48783597,87.8
70.632,-1.184706978,2.587699262,16.55352593,87.7
70.645,-1.19286257,2.752481998,16.5830383,87.8
70.658,-1.20058892,2.885528799,16.75444005,87.7
70.671,-1.207027544,2.985619054,16.77205212,87.8
70.683,-1.213036928,3.084488695,16.94964238,87.6
70.696,-1.216900103,3.117445243,16.87344296,87.7
70.709,-1.220334036,3.117445243,16.87344296,87.7
70.721,-1.221621761,3.084488695,16.87344296,87.7
70.734,-1.223767969,3.018575601,16.84964238,87.7
70.747,-1.223767969,2.918485347,16.84964238,87.7
70.76,-1.224197211,2.819615705,16.8139415,87.7
70.772,-1.224197211,2.653612356,16.78442914,87.6
70.785,-1.223767969,2.487609007,16.75444005,87.7
70.798,-1.223767969,2.321605658,16.62492768,87.7
70.81,-1.223767969,2.122645762,16.54733743,87.8
70.823,-1.222909486,1.923685866,16.49402448,87.7
70.836,-1.222909486,1.72472597,16.4521351,87.8
70.848,-1.222480244,1.525766074,16.39882215,87.7
70.861,-1.221192519,1.326806178,16.35693277,87.8
70.874,-1.220334036,1.127846282,16.30361982,87.7
70.887,-1.219046311,0.928886386,16.22602957,87.8
70.899,-1.218187828,0.72992649,16.17271662,87.7
70.912,-1.216900103,0.530966594,16.13082724,87.8
70.925,-1.215612378,0.299050151,15.97751429,87.8
70.937,-1.213895411,0.100090254,15.94181342,87.8
70.95,-1.213036928,-0.133046802,15.97612345,87.8
70.963,-1.211319961,-0.364963245,15.90472171,87.8
70.975,-1.209173753,-0.596879688,15.84522025,87.8
70.988,-1.207027544,-0.828796131,15.7738185,87.8
71.001,-1.205310578,-1.094889735,15.71431705,87.8
71.014,-1.202735128,-1.326806178,15.6367268,87.9
71.026,-1.20058892,-1.591679168,15.54771297,87.8
71.039,-1.197154986,-1.857772772,15.48202301,87.9
71.052,-1.194150295,-2.089689215,15.39300919,87.8
71.064,-1.189857878,-2.354562206,15.27971806,87.9
71.077,-1.186853186,-2.620655809,15.12640511,87.9
71.09,-1.182131528,-2.885528799,15.03120278,87.9
71.103,-1.17740987,-3.18457895,14.96598955,87.8
71.115,-1.171829728,-3.482408487,14.80029958,88
71.128,-1.166249587,-3.748502091,14.80648809,87.9
71.141,-1.159810962,-4.046331628,14.80029958,88
71.153,-1.153801579,-4.312425232,14.80648809,87.9
71.166,-1.147362954,-4.610254769,14.80029958,88
71.179,-1.140495087,-4.90930492,14.80648809,87.9
71.191,-1.132768737,-5.207134458,14.83600046,88
71.204,-1.126330113,-5.506184608,14.84218896,87.9
71.217,-1.119033004,-5.805234759,14.83600046,88
71.23,-1.110877413,-6.070107749,14.85980104,88
71.242,-1.103580305,-6.33498074,14.95980104,87.9
71.255,-1.096712438,-6.568117796,15.0893134,87.9
71.268,-1.090703055,-6.767077692,15.22501428,87.8
71.28,-1.083835188,-6.966037588,15.16071515,87.9
71.293,-1.078684288,-7.164997484,15.19689275,87.7
71.306,-1.07396263,-7.296823673,15.18451573,87.9
71.318,-1.070957939,-7.331000833,15.23259362,87.7
71.331,-1.06881173,-7.296823673,15.22021661,87.9
71.344,-1.068382489,-7.197954031,15.22640511,87.8
71.357,-1.067524005,-6.998994135,15.15591748,88
71.369,-1.068382489,-6.767077692,15.16829449,87.8
71.382,-1.067524005,-6.435070994,15.15591748,88
71.395,-1.06881173,-6.103064296,15.18590657,87.9
71.407,-1.070099455,-5.771057599,15.18590657,87.9
71.42,-1.07138718,-5.440271514,15.18590657,87.9
71.433,-1.073533389,-5.108264816,15.22160744,87.9
71.446,-1.074821114,-4.743301571,15.22160744,87.9
71.458,-1.076967322,-4.411294873,15.25730832,87.9
71.471,-1.078684288,-4.046331628,15.29300919,87.9
71.484,-1.080830497,-3.715545544,15.22299828,87.9
71.496,-1.083405947,-3.350582299,15.25251064,88
71.509,-1.08683988,-3.018575601,15.29440003,87.9
71.522,-1.088556847,-2.653612356,15.30582359,88.1
71.534,-1.092420022,-2.321605658,15.44771297,87.9
71.547,-1.095853955,-1.956642413,15.47722534,88
71.56,-1.100575613,-1.591679168,15.61911472,87.8
71.573,-1.105726513,-1.226715924,15.67242767,87.9
71.585,-1.110877413,-0.862973292,15.61431705,87.9
71.598,-1.116457554,-0.463832887,15.66763,88
71.611,-1.122896179,-0.100090254,15.74522025,87.9
71.623,-1.129334804,0.299050151,15.80472171,87.9
71.636,-1.137919637,0.696969943,15.89992404,87.9
71.649,-1.147362954,1.127846282,15.99512636,87.9
71.661,-1.158523237,1.525766074,16.12602957,87.9
71.674,-1.16968352,1.923685866,16.26312128,87.8
71.687,-1.182990012,2.321605658,16.42972535,87.8
71.7,-1.195867261,2.71952545,16.66062855,87.7
71.712,-1.210461478,3.117445243,16.80914383,87.8
71.725,-1.225484936,3.44945194,16.94623554,87.7
71.738,-1.241366877,3.781458638,17.07095024,87.8
71.75,-1.257248819,4.046331628,17.30804195,87.6
71.763,-1.274418485,4.312425232,17.43275664,87.7
71.776,-1.289441943,4.577298222,17.56984835,87.6
71.789,-1.305323884,4.776258118,17.76505068,87.5
71.801,-1.319059617,4.975218014,17.89595388,87.5
71.814,-1.332366109,5.108264816,17.94926683,87.6
71.827,-1.343526392,5.241311618,18.10876828,87.5
71.839,-1.352111225,5.307224712,18.10257978,87.6
71.852,-1.35854985,5.307224712,18.13828065,87.6
71.865,-1.362413025,5.241311618,18.00876828,87.6
71.877,-1.36370075,5.108264816,17.8849677,87.7
71.89,-1.364559233,4.90930492,17.94926683,87.6
71.903,-1.364559233,4.643211317,17.88976537,87.6
71.916,-1.364559233,4.345381779,17.8540645,87.6
71.928,-1.36370075,4.013375081,17.78266275,87.6
71.941,-1.362413025,3.681368384,17.58746042,87.7
71.954,-1.361983783,3.316405139,17.52795897,87.7
71.966,-1.359837575,2.952662507,17.43275664,87.7
71.979,-1.35854985,2.620655809,17.33755431,87.7
71.992,-1.3559744,2.288649111,17.23045169,87.7
72.004,-1.354686675,1.956642413,17.04143787,87.7
72.017,-1.352111225,1.591679168,16.94004703,87.8
72.03,-1.349965017,1.226715924,16.85103321,87.7
72.043,-1.347389567,0.862973292,16.74964238,87.8
72.055,-1.344814117,0.498010047,16.62492768,87.7
72.068,-1.340092459,0.133046802,16.61734834,87.8
72.081,-1.337087767,-0.26487299,16.49263364,87.7
72.093,-1.332366109,-0.629836235,16.15554193,88
72.106,-1.327644451,-0.99479948,16.00131487,87.8
72.119,-1.321635067,-1.359762725,15.86993495,88
72.132,-1.315625684,-1.72472597,15.70951938,87.9
72.144,-1.307899334,-2.122645762,15.4429153,88
72.157,-1.299314501,-2.520565554,15.29440003,87.9
72.17,-1.290300426,-2.885528799,15.15730832,88
72.182,-1.279569385,-3.283448591,14.89070424,88.1
72.195,-1.267550618,-3.715545544,14.75980104,88.1
72.208,-1.254673369,-4.079288176,14.70029958,88.1
72.22,-1.24222536,-4.444251421,14.56459871,88.2
72.233,-1.228060386,-4.809214666,14.60029958,88.2
72.246,-1.215183136,-5.17417791,14.70648809,88
72.259,-1.201876645,-5.506184608,14.70029958,88.1
72.271,-1.189857878,-5.805234759,14.74218896,88
72.284,-1.17740987,-6.103064296,14.75361253,88.2
72.297,-1.16710807,-6.367937287,14.76598955,88
72.309,-1.156377029,-6.63403089,14.89550191,88
72.322,-1.146504471,-6.865947333,15.03120278,87.9
72.335,-1.136631912,-7.097863777,15.06071515,88
72.347,-1.127617838,-7.331000833,15.09070424,87.9
72.36,-1.119033004,-7.495783569,15.12640511,87.9
72.373,-1.113023621,-7.562917276,15.12640511,87.9
72.386,-1.108301963,-7.595873823,15.16210599,87.9
72.398,-1.105726513,-7.562917276,15.16210599,87.9
72.411,-1.104438788,-7.429870474,15.06210599,88
72.424,-1.103580305,-7.263867126,15.08590657,88
72.436,-1.103580305,-6.998994135,15.08590657,88
72.449,-1.104438788,-6.699943985,15.08590657,88
72.462,-1.105297271,-6.367937287,15.09209508,87.9
72.475,-1.106584996,-6.037151202,14.98590657,88.1
72.487,-1.107872721,-5.705144504,15.09209508,87.9
72.5,-1.109160446,-5.406094354,14.98590657,88.1
72.513,-1.110877413,-5.108264816,14.99209508,88
72.525,-1.112165138,-4.776258118,14.98590657,88.1
72.538,-1.114311346,-4.478428581,15.02779595,88
72.551,-1.116457554,-4.146421883,15.02779595,88
72.563,-1.119462246,-3.814415185,15.06349682,88
72.576,-1.121608454,-3.44945194,15.09300919,88.1
72.589,-1.125042388,-3.084488695,15.12299828,88
72.602,-1.127617838,-2.71952545,15.11680977,88.1
72.614,-1.131481012,-2.354562206,15.25251064,88
72.627,-1.135344187,-1.989598961,15.28821152,88
72.64,-1.140495087,-1.625856329,15.30582359,88.1
72.652,-1.145216746,-1.293849631,15.34771297,88
72.665,-1.151226129,-0.928886386,15.37722534,88.1
72.678,-1.156377029,-0.596879688,15.41292621,88.1
72.69,-1.163674137,-0.231916443,15.47242767,88.1
72.703,-1.170112762,0.100090254,15.41431705,88.1
72.716,-1.178268353,0.430876339,15.4738185,88.1
72.729,-1.185994703,0.762883037,15.57520934,88
72.741,-1.195867261,1.094889735,15.64661109,88
72.754,-1.204452094,1.392719272,15.74181342,88
72.767,-1.214324653,1.691769423,15.83082724,88.1
72.779,-1.222909486,1.956642413,16.00222898,88
72.792,-1.232352802,2.18977947,16.09743131,88
72.805,-1.240079152,2.421695913,16.15693277,88
72.818,-1.247805502,2.620655809,16.25832361,87.9
72.83,-1.254673369,2.786659158,16.32353684,88
72.843,-1.261111993,2.918485347,16.38922681,87.9
72.856,-1.265833652,3.018575601,16.42492768,87.9
72.868,-1.269696827,3.084488695,16.46062855,87.9
72.881,-1.27313076,3.084488695,16.45444005,88
72.894,-1.274847727,3.084488695,16.46062855,87.9
72.906,-1.27570621,3.051532148,16.45444005,88
72.919,-1.276135451,2.985619054,16.46062855,87.9
72.932,-1.276993935,2.852572252,16.46062855,87.9
72.945,-1.276135451,2.686568903,16.51873917,87.9
72.957,-1.276135451,2.520565554,16.47684979,88
72.97,-1.27570621,2.321605658,16.51734834,87.9
72.983,-1.27570621,2.089689215,16.38164746,88
72.995,-1.274847727,1.824816225,16.29263364,87.9
73.008,-1.274418485,1.591679168,16.1212319,88
73.021,-1.27313076,1.326806178,16.15554193,88
73.033,-1.272272277,1.094889735,16.10222898,87.9
73.046,-1.27055531,0.828796131,15.93082724,88
73.059,-1.269696827,0.596879688,15.87132578,88
73.072,-1.267550618,0.332006698,15.79373553,88.1
73.084,-1.266262893,0.100090254,15.74042258,88
73.097,-1.264545927,-0.166003349,15.66902083,88
73.11,-1.263258202,-0.397919792,15.61570789,87.9
73.122,-1.260682752,-0.662792783,15.53811763,88
73.135,-1.258536543,-0.961842933,15.37861618,88.1
73.148,-1.255961094,-1.226715924,15.31911472,88.1
73.161,-1.253385644,-1.492809527,15.24771297,88.1
73.173,-1.250810194,-1.790639065,15.15869915,88
73.186,-1.246517777,-2.056732668,15.09300919,88.1
73.199,-1.243513085,-2.321605658,14.89828358,88
73.211,-1.238791427,-2.587699262,14.92640511,88.1
73.224,-1.234928252,-2.852572252,14.93739129,87.9
73.237,-1.229777352,-3.117445243,14.85361253,88.1
73.249,-1.225055694,-3.416495393,14.83600046,88
73.262,-1.219046311,-3.715545544,14.72981195,88.2
73.275,-1.213895411,-3.980418534,14.73600046,88.1
73.288,-1.207027544,-4.245291525,14.70029958,88.1
73.3,-1.201447403,-4.511385128,14.73600046,88.1
73.313,-1.19543802,-4.776258118,14.73600046,88.1
73.326,-1.189428636,-5.042351722,14.73600046,88.1
73.338,-1.182990012,-5.307224712,14.73600046,88.1
73.351,-1.176980628,-5.539141155,14.75980104,88.1
73.364,-1.170971245,-5.738101051,14.76598955,88
73.376,-1.165820345,-5.937060947,14.75980104,88.1
73.389,-1.160240204,-6.103064296,14.80169042,88
73.402,-1.156377029,-6.236111098,14.83120278,88.1
73.415,-1.153372337,-6.33498074,14.83739129,88
73.427,-1.149938404,-6.367937287,14.83120278,88.1
73.44,-1.148650679,-6.402114447,14.87309217,88
73.453,-1.147362954,-6.367937287,14.86690366,88.1
73.465,-1.147362954,-6.302024192,14.89689275,88
73.478,-1.146504471,-6.236111098,14.89070424,88.1
73.491,-1.146504471,-6.103064296,14.93259362,88
73.504,-1.146504471,-5.937060947,14.92640511,88.1
73.516,-1.147362954,-5.738101051,14.93259362,88
73.529,-1.147362954,-5.539141155,14.96210599,88.1
73.542,-1.147792196,-5.307224712,14.96829449,88
73.554,-1.148650679,-5.075308269,14.89209508,88.1
73.567,-1.149938404,-4.842171213,14.89209508,88.1
73.58,-1.150367645,-4.577298222,14.92779595,88.1
73.592,-1.15165537,-4.345381779,15.06349682,88
73.605,-1.153372337,-4.113465336,15.06349682,88
73.618,-1.154660062,-3.88032828,15.18682068,88.1
73.631,-1.155947787,-3.648411836,15.21680977,88
73.643,-1.157235512,-3.383538846,15.24632214,88.1
73.656,-1.158523237,-3.151622403,15.28821152,88
73.669,-1.160240204,-2.918485347,15.28202301,88.1
73.681,-1.161527929,-2.686568903,15.3120121,88
73.694,-1.163674137,-2.45465246,15.34771297,88
73.707,-1.164961862,-2.255692564,15.38341385,88
73.719,-1.167537312,-2.023776121,15.28341385,88.1
73.732,-1.168825037,-1.790639065,15.31911472,88.1
73.745,-1.171829728,-1.591679168,15.3429153,88.1
73.758,-1.173546695,-1.359762725,15.37861618,88.1
73.77,-1.176122145,-1.160802829,15.41431705,88.1
73.783,-1.178268353,-0.99479948,15.43811763,88.1
73.796,-1.181702287,-0.795839584,15.4738185,88.1
73.808,-1.183419253,-0.629836235,15.4738185,88.1
73.821,-1.185565461,-0.463832887,15.50951938,88.1
73.834,-1.188140911,-0.332006698,15.54522025,88.1
73.847,-1.189428636,-0.231916443,15.54522025,88.1
73.859,-1.190716361,-0.166003349,15.56902083,88.1
73.872,-1.192004086,-0.100090254,15.56902083,88.1
73.885,-1.193291811,-0.100090254,15.56902083,88.1
73.897,-1.193291811,-0.100090254,15.56902083,88.1
73.91,-1.194150295,-0.133046802,15.57520934,88
73.923,-1.193291811,-0.198959896,15.54522025,88.1
73.935,-1.194150295,-0.26487299,15.64522025,88
73.948,-1.19286257,-0.364963245,15.60333087,88.1
73.961,-1.193291811,-0.430876339,15.60951938,88
73.974,-1.193291811,-0.530966594,15.60333087,88.1
73.986,-1.194150295,-0.629836235,15.6738185,87.9
73.999,-1.193291811,-0.72992649,15.53192912,88.1
74.012,-1.193291811,-0.862973292,15.51431705,88
74.024,-1.193291811,-0.99479948,15.47242767,88.1
74.037,-1.193291811,-1.127846282,15.4429153,88
74.05,-1.19286257,-1.260893084,15.41911472,88
74.062,-1.19286257,-1.426896432,15.28341385,88.1
74.075,-1.191574845,-1.558722621,15.28960235,88
74.088,-1.191574845,-1.691769423,15.24771297,88.1
74.101,-1.190716361,-1.857772772,15.11820061,88.1
74.113,-1.189428636,-2.023776121,15.09440003,88.1
74.126,-1.189428636,-2.155602309,15.06488766,88
74.139,-1.188140911,-2.321605658,15.11680977,88.1
74.151,-1.187282428,-2.487609007,15.0991977,88
74.164,-1.186853186,-2.620655809,15.09300919,88.1
74.177,-1.185994703,-2.786659158,15.06968533,87.9
74.19,-1.184706978,-2.952662507,15.02160744,88.1
74.202,-1.184277737,-3.084488695,14.99209508,88
74.215,-1.182990012,-3.250492044,14.96210599,88.1
74.228,-1.182990012,-3.416495393,14.96829449,88
74.24,-1.180843803,-3.549542195,14.92640511,88.1
74.253,-1.179556078,-3.715545544,15.12021661,88
74.266,-1.17740987,-3.847371732,15.18451573,87.9
74.278,-1.176980628,-4.013375081,14.96690366,88
74.291,-1.17483442,-4.146421883,14.87309217,88
74.304,-1.173546695,-4.279468685,14.93120278,88
74.317,-1.171829728,-4.444251421,14.93739129,87.9
74.329,-1.170112762,-4.577298222,14.93120278,88
74.342,-1.168825037,-4.677388477,14.93739129,87.9
74.355,-1.167537312,-4.809214666,14.93120278,88
74.367,-1.166249587,-4.90930492,14.93739129,87.9
74.38,-1.164961862,-5.042351722,14.93120278,88
74.393,-1.163674137,-5.141221363,14.93739129,87.9
74.405,-1.162386412,-5.207134458,14.93120278,88
74.418,-1.161527929,-5.307224712,14.93739129,87.9
74.431,-1.160240204,-5.373137807,14.83120278,88.1
74.444,-1.159810962,-5.406094354,14.87928067,87.9
74.456,-1.159810962,-5.473228061,14.86690366,88.1
74.469,-1.158952479,-5.473228061,14.90308125,87.9
74.482,-1.158523237,-5.506184608,14.99070424,88
74.494,-1.158523237,-5.506184608,15.09070424,87.9
74.507,-1.157664754,-5.473228061,15.08451573,88
74.52,-1.157664754,-5.440271514,14.99070424,88
74.533,-1.157664754,-5.406094354,15.03259362,87.9
74.545,-1.157664754,-5.340181259,15.03259362,87.9
74.558,-1.157664754,-5.274268165,15.03259362,87.9
74.571,-1.157664754,-5.207134458,15.02640511,88
74.583,-1.157235512,-5.17417791,15.02640511,88
74.596,-1.157664754,-5.108264816,15.06210599,88
74.609,-1.157664754,-5.042351722,15.06210599,88
74.621,-1.157664754,-4.975218014,15.06210599,88
74.634,-1.157664754,-4.90930492,15.06829449,87.9
74.647,-1.158523237,-4.842171213,15.06829449,87.9
74.66,-1.157664754,-4.776258118,15.06829449,87.9
74.672,-1.158523237,-4.710345024,15.09209508,87.9
74.685,-1.157664754,-4.643211317,15.09209508,87.9
74.698,-1.158523237,-4.544341675,15.09209508,87.9
74.71,-1.158523237,-4.478428581,15.12160744,88
74.723,-1.158952479,-4.378338326,15.12160744,88
74.736,-1.158952479,-4.312425232,15.21541894,88
74.748,-1.159810962,-4.212334977,15.21541894,88
74.761,-1.159810962,-4.113465336,15.25111981,88
74.774,-1.160240204,-4.013375081,15.25730832,87.9
74.787,-1.160240204,-3.91450544,15.15730832,88
74.799,-1.161098687,-3.814415185,15.29300919,87.9
74.812,-1.161527929,-3.715545544,15.29300919,87.9
74.825,-1.161527929,-3.615455289,15.29300919,87.9
74.837,-1.162386412,-3.515365035,15.29300919,87.9
74.85,-1.162386412,-3.44945194,15.31680977,87.9
74.863,-1.163244895,-3.350582299,15.21680977,88
74.876,-1.163244895,-3.283448591,15.25251064,88
74.888,-1.16453262,-3.217535497,15.25869915,87.9
74.901,-1.163674137,-3.151622403,15.25251064,88
74.914,-1.164961862,-3.084488695,15.29440003,87.9
74.926,-1.164961862,-3.051532148,15.28821152,88
74.939,-1.165820345,-3.018575601,15.29440003,87.9
74.952,-1.164961862,-2.985619054,15.28821152,88
74.964,-1.165820345,-2.952662507,15.29440003,87.9
74.977,-1.165820345,-2.918485347,15.28821152,88
74.99,-1.165820345,-2.918485347,15.38821152,87.9
75.003,-1.166249587,-2.885528799,15.38202301,88
75.015,-1.166249587,-2.852572252,15.38202301,88
75.028,-1.166249587,-2.819615705,15.38821152,87.9
75.041,-1.166249587,-2.819615705,15.50582359,87.9
75.053,-1.166249587,-2.786659158,15.5120121,87.8
75.066,-1.166249587,-2.752481998,15.40582359,88
75.079,-1.16710807,-2.752481998,15.41820061,87.8
75.091,-1.166249587,-2.71952545,15.40582359,88
75.104,-1.16710807,-2.686568903,15.31820061,87.9
75.117,-1.16710807,-2.653612356,15.30582359,88.1
75.13,-1.16710807,-2.653612356,15.32438911,87.8
75.142,-1.16710807,-2.620655809,15.3120121,88
75.155,-1.168395795,-2.620655809,15.32438911,87.8
75.168,-1.167537312,-2.587699262,15.34771297,88
75.18,-1.168395795,-2.553522102,15.35390148,87.9
75.193,-1.168395795,-2.553522102,15.34771297,88
75.206,-1.168825037,-2.553522102,15.35390148,87.9
75.219,-1.168825037,-2.553522102,15.34771297,88
75.231,-1.168825037,-2.520565554,15.31820061,87.9
75.244,-1.168825037,-2.520565554,15.31820061,87.9
75.257,-1.168825037,-2.487609007,15.35390148,87.9
75.269,-1.168395795,-2.487609007,15.35390148,87.9
75.282,-1.168825037,-2.487609007,15.34771297,88
75.295,-1.168395795,-2.487609007,15.35390148,87.9
75.307,-1.168395795,-2.487609007,15.34771297,88
75.32,-1.168395795,-2.45465246,15.35390148,87.9
75.333,-1.168825037,-2.45465246,15.44771297,87.9
75.346,-1.168825037,-2.45465246,15.44771297,87.9
75.358,-1.168825037,-2.421695913,15.54152447,87.9
75.371,-1.168825037,-2.421695913,15.54771297,87.8
75.384,-1.168825037,-2.388739366,15.54152447,87.9
75.396,-1.16968352,-2.388739366,15.54771297,87.8
75.409,-1.16968352,-2.388739366,15.54152447,87.9
75.422,-1.16968352,-2.388739366,15.54771297,87.8
75.434,-1.168825037,-2.354562206,15.54152447,87.9
75.447,-1.168825037,-2.354562206,15.58341385,87.8
75.46,-1.168825037,-2.354562206,15.57722534,87.9
75.473,-1.16968352,-2.354562206,15.48341385,87.9
75.485,-1.16968352,-2.321605658,15.54152447,87.9
75.498,-1.170112762,-2.321605658,15.48341385,87.9
75.511,-1.170112762,-2.321605658,15.48341385,87.9
75.523,-1.170112762,-2.321605658,15.44771297,87.9
75.536,-1.16968352,-2.321605658,15.44771297,87.9
75.549,-1.170112762,-2.321605658,15.44771297,87.9
75.562,-1.16968352,-2.321605658,15.44771297,87.9
75.574,-1.170112762,-2.321605658,15.44771297,87.9
75.587,-1.16968352,-2.321605658,15.48341385,87.9
75.6,-1.170112762,-2.321605658,15.48960235,87.8
75.612,-1.16968352,-2.354562206,15.44771297,87.9
75.625,-1.170112762,-2.354562206,15.45390148,87.8
75.638,-1.16968352,-2.354562206,15.44771297,87.9
75.65,-1.170112762,-2.354562206,15.45390148,87.8
75.663,-1.16968352,-2.354562206,15.44771297,87.9
75.676,-1.170112762,-2.388739366,15.44771297,87.9
75.689,-1.16968352,-2.354562206,15.44771297,87.9
75.701,-1.170112762,-2.388739366,15.44771297,87.9
75.714,-1.16968352,-2.388739366,15.44771297,87.9
75.727,-1.170112762,-2.388739366,15.45390148,87.8
75.739,-1.16968352,-2.388739366,15.44771297,87.9
75.752,-1.16968352,-2.388739366,15.44771297,87.9
75.765,-1.16968352,-2.388739366,15.44771297,87.9
75.777,-1.168825037,-2.421695913,15.44771297,87.9
75.79,-1.16968352,-2.388739366,15.45390148,87.8
75.803,-1.16968352,-2.388739366,15.44771297,87.9
75.816,-1.16968352,-2.388739366,15.45390148,87.8
75.828,-1.16968352,-2.388739366,15.34771297,88
75.841,-1.170112762,-2.354562206,15.46008999,87.7
75.854,-1.16968352,-2.354562206,15.44771297,87.9
75.866,-1.170112762,-2.354562206,15.45390148,87.8
75.879,-1.170112762,-2.321605658,15.44771297,87.9
75.892,-1.170112762,-2.321605658,15.45390148,87.8
75.905,-1.16968352,-2.321605658,15.44771297,87.9
75.917,-1.170112762,-2.321605658,15.45390148,87.8
75.93,-1.16968352,-2.288649111,15.44771297,87.9
75.943,-1.170112762,-2.288649111,15.45390148,87.8
75.955,-1.170112762,-2.255692564,15.48341385,87.9
75.968,-1.170112762,-2.222736017,15.58341385,87.8
75.981,-1.170112762,-2.222736017,15.58341385,87.8
75.993,-1.170112762,-2.18977947,15.58341385,87.8
76.006,-1.170112762,-2.122645762,15.48960235,87.8
76.019,-1.170971245,-2.089689215,15.58341385,87.8
76.032,-1.171829728,-2.056732668,15.62530323,87.7
76.044,-1.170971245,-2.023776121,15.51292621,88
76.057,-1.171829728,-1.989598961,15.52530323,87.8
76.07,-1.171829728,-1.956642413,15.51911472,87.9
76.082,-1.171829728,-1.956642413,15.62530323,87.7
76.095,-1.171829728,-1.923685866,15.51911472,87.9
76.108,-1.17225897,-1.890729319,15.52530323,87.8
76.12,-1.17225897,-1.890729319,15.51911472,87.9
76.133,-1.173117453,-1.857772772,15.52530323,87.8
76.146,-1.173117453,-1.824816225,15.5429153,87.9
76.159,-1.173546695,-1.824816225,15.52530323,87.8
76.171,-1.173546695,-1.790639065,15.52530323,87.8
76.184,-1.173546695,-1.790639065,15.54910381,87.8
76.197,-1.173117453,-1.790639065,15.54910381,87.8
76.209,-1.173546695,-1.790639065,15.5429153,87.9
76.222,-1.173546695,-1.790639065,15.54910381,87.8
76.235,-1.174405178,-1.790639065,15.5429153,87.9
76.248,-1.173546695,-1.757682517,15.54910381,87.8
76.26,-1.173546695,-1.757682517,15.5429153,87.9
76.273,-1.173546695,-1.757682517,15.54910381,87.8
76.286,-1.174405178,-1.757682517,15.54910381,87.8
76.298,-1.173546695,-1.790639065,15.54910381,87.8
76.311,-1.174405178,-1.790639065,15.61911472,87.8
76.324,-1.174405178,-1.824816225,15.6429153,87.8
76.336,-1.174405178,-1.857772772,15.61911472,87.8
76.349,-1.174405178,-1.890729319,15.61911472,87.8
76.362,-1.174405178,-1.923685866,15.61292621,87.9
76.375,-1.173546695,-1.956642413,15.61911472,87.8
76.387,-1.174405178,-1.989598961,15.61911472,87.8
76.4,-1.174405178,-2.056732668,15.52530323,87.8
76.413,-1.174405178,-2.089689215,15.52530323,87.8
76.425,-1.174405178,-2.122645762,15.58341385,87.8
76.438,-1.173546695,-2.18977947,15.58341385,87.8
76.451,-1.174405178,-2.222736017,15.48341385,87.9
76.463,-1.173546695,-2.288649111,15.54771297,87.8
76.476,-1.173546695,-2.321605658,15.54771297,87.8
76.489,-1.173117453,-2.388739366,15.54771297,87.8
76.502,-1.173546695,-2.421695913,15.45390148,87.8
76.514,-1.173117453,-2.487609007,15.4120121,87.9
76.527,-1.173546695,-2.520565554,15.41820061,87.8
76.54,-1.173117453,-2.553522102,15.4120121,87.9
76.552,-1.173117453,-2.587699262,15.41820061,87.8
76.565,-1.173117453,-2.620655809,15.4120121,87.9
76.578,-1.173546695,-2.653612356,15.39440003,87.8
76.591,-1.173117453,-2.686568903,15.38821152,87.9
76.603,-1.173117453,-2.71952545,15.39440003,87.8
76.616,-1.17225897,-2.752481998,15.38821152,87.9
76.629,-1.173117453,-2.752481998,15.48821152,87.8
76.641,-1.173117453,-2.786659158,15.48202301,87.9
76.654,-1.173117453,-2.786659158,15.48821152,87.8
76.667,-1.17225897,-2.786659158,15.48202301,87.9
76.679,-1.173117453,-2.786659158,15.49440003,87.7
76.692,-1.17225897,-2.752481998,15.48821152,87.8
76.705,-1.173117453,-2.752481998,15.45251064,87.8
76.718,-1.17225897,-2.752481998,15.48821152,87.8
76.73,-1.17225897,-2.752481998,15.48821152,87.8
76.743,-1.17225897,-2.71952545,15.48821152,87.8
76.756,-1.17225897,-2.686568903,15.48821152,87.8
76.768,-1.17225897,-2.620655809,15.49440003,87.7
76.781,-1.17225897,-2.587699262,15.48821152,87.8
76.794,-1.17225897,-2.553522102,15.49440003,87.7
76.806,-1.17225897,-2.520565554,15.5120121,87.8
76.819,-1.173117453,-2.45465246,15.51820061,87.7
76.832,-1.17225897,-2.388739366,15.5120121,87.8
76.845,-1.173117453,-2.321605658,15.51820061,87.7
76.857,-1.173117453,-2.222736017,15.54771297,87.8
76.87,-1.173117453,-2.155602309,15.55390148,87.7
76.883,-1.173117453,-2.056732668,15.58341385,87.8
76.895,-1.173546695,-1.956642413,15.58960235,87.7
76.908,-1.173546695,-1.890729319,15.58341385,87.8
76.921,-1.173546695,-1.824816225,15.61911472,87.8
76.934,-1.174405178,-1.757682517,15.61911472,87.8
76.946,-1.174405178,-1.72472597,15.6429153,87.8
76.959,-1.174405178,-1.658812876,15.64910381,87.7
76.972,-1.174405178,-1.625856329,15.7367268,87.8
76.984,-1.17483442,-1.591679168,15.7429153,87.7
76.997,-1.17483442,-1.558722621,15.77242767,87.8
77.01,-1.175692903,-1.558722621,15.64910381,87.7
77.022,-1.17483442,-1.558722621,15.6429153,87.8
77.035,-1.175692903,-1.558722621,15.64910381,87.7
77.048,-1.175692903,-1.558722621,15.67861618,87.8
77.061,-1.175692903,-1.558722621,15.68480468,87.7
77.073,-1.175692903,-1.558722621,15.67861618,87.8
77.086,-1.175692903,-1.591679168,15.64910381,87.7
77.099,-1.175692903,-1.591679168,15.6429153,87.8
77.111,-1.175692903,-1.625856329,15.6429153,87.8
77.124,-1.175692903,-1.658812876,15.6429153,87.8
77.137,-1.175692903,-1.691769423,15.6429153,87.8
77.149,-1.17483442,-1.72472597,15.64910381,87.7
77.162,-1.175692903,-1.757682517,15.61911472,87.8
77.175,-1.175692903,-1.790639065,15.62530323,87.7
77.188,-1.175692903,-1.824816225,15.61911472,87.8
77.2,-1.17483442,-1.890729319,15.52530323,87.8
77.213,-1.175692903,-1.923685866,15.61911472,87.8
77.226,-1.17483442,-1.989598961,15.58341385,87.8
77.238,-1.175692903,-2.056732668,15.58341385,87.8
77.251,-1.17483442,-2.089689215,15.58341385,87.8
77.264,-1.175692903,-2.155602309,15.58341385,87.8
77.277,-1.17483442,-2.255692564,15.64771297,87.7
77.289,-1.17483442,-2.354562206,15.64771297,87.7
77.302,-1.17483442,-2.421695913,15.60582359,87.8
77.315,-1.17483442,-2.520565554,15.5120121,87.8
77.327,-1.174405178,-2.620655809,15.48821152,87.8
77.34,-1.174405178,-2.686568903,15.39440003,87.8
77.353,-1.173546695,-2.819615705,15.45251064,87.8
77.365,-1.173546695,-2.918485347,15.45869915,87.7
77.378,-1.173546695,-3.018575601,15.51680977,87.7
77.391,-1.173117453,-3.117445243,15.49300919,87.7
77.404,-1.17225897,-3.250492044,15.49300919,87.7
77.416,-1.171829728,-3.350582299,15.49300919,87.7
77.429,-1.170971245,-3.44945194,15.45730832,87.7
77.442,-1.170112762,-3.549542195,15.42160744,87.7
77.454,-1.170112762,-3.681368384,15.32779595,87.7
77.467,-1.168825037,-3.781458638,15.28590657,87.8
77.48,-1.168825037,-3.88032828,15.38590657,87.7
77.492,-1.167537312,-3.980418534,15.38590657,87.7
77.505,-1.167537312,-4.079288176,15.26210599,87.8
77.518,-1.16710807,-4.17937843,15.26210599,87.8
77.531,-1.16710807,-4.279468685,15.26829449,87.7
77.543,-1.166249587,-4.345381779,15.22640511,87.8
77.556,-1.166249587,-4.444251421,15.33259362,87.6
77.569,-1.164961862,-4.511385128,15.32640511,87.7
77.581,-1.165820345,-4.577298222,15.33259362,87.6
77.594,-1.16453262,-4.610254769,15.22640511,87.8
77.607,-1.16453262,-4.643211317,15.33259362,87.6
77.62,-1.16453262,-4.710345024,15.32640511,87.7
77.632,-1.16453262,-4.710345024,15.32640511,87.7
77.645,-1.163674137,-4.710345024,15.32640511,87.7
77.658,-1.163674137,-4.710345024,15.32640511,87.7
77.67,-1.163674137,-4.677388477,15.32640511,87.7
77.683,-1.163674137,-4.643211317,15.36210599,87.7
77.696,-1.163674137,-4.577298222,15.26829449,87.7
77.708,-1.163674137,-4.544341675,15.36210599,87.7
77.721,-1.163674137,-4.511385128,15.36829449,87.6
77.734,-1.163674137,-4.444251421,15.26210599,87.8
77.747,-1.163674137,-4.411294873,15.36829449,87.6
77.759,-1.163674137,-4.345381779,15.38590657,87.7
77.772,-1.163674137,-4.279468685,15.39209508,87.6
77.785,-1.163674137,-4.17937843,15.28590657,87.8
77.797,-1.16453262,-4.113465336,15.29209508,87.7
77.81,-1.16453262,-4.013375081,15.28590657,87.8
77.823,-1.16453262,-3.91450544,15.38590657,87.7
77.835,-1.16453262,-3.814415185,15.42160744,87.7
77.848,-1.16453262,-3.715545544,15.32779595,87.7
77.861,-1.16453262,-3.615455289,15.32779595,87.7
77.874,-1.164961862,-3.515365035,15.35730832,87.8
77.886,-1.164961862,-3.416495393,15.3991977,87.7
77.899,-1.165820345,-3.316405139,15.39300919,87.8
77.912,-1.165820345,-3.217535497,15.3991977,87.7
77.924,-1.166249587,-3.151622403,15.41680977,87.8
77.937,-1.166249587,-3.051532148,15.42299828,87.7
77.95,-1.167537312,-2.952662507,15.55251064,87.7
77.963,-1.167537312,-2.819615705,15.46488766,87.6
77.975,-1.168395795,-2.71952545,15.48821152,87.8
77.988,-1.168825037,-2.620655809,15.49440003,87.7
78.001,-1.168825037,-2.553522102,15.5120121,87.8
78.013,-1.170112762,-2.45465246,15.61820061,87.6
78.026,-1.170112762,-2.354562206,15.64771297,87.7
78.039,-1.170971245,-2.255692564,15.64771297,87.7
78.051,-1.170971245,-2.18977947,15.64771297,87.7
78.064,-1.17225897,-2.089689215,15.68341385,87.7
78.077,-1.17225897,-2.023776121,15.68341385,87.7
78.09,-1.173117453,-1.956642413,15.68341385,87.7
78.102,-1.173117453,-1.857772772,15.71911472,87.7
78.115,-1.173546695,-1.790639065,15.7429153,87.7
78.128,-1.173546695,-1.72472597,15.7429153,87.7
78.14,-1.17483442,-1.658812876,15.7429153,87.7
78.153,-1.174405178,-1.558722621,15.78480468,87.6
78.166,-1.17483442,-1.492809527,15.77861618,87.7
78.178,-1.175692903,-1.426896432,15.72050556,87.7
78.191,-1.176122145,-1.326806178,15.71431705,87.8
78.204,-1.176980628,-1.260893084,15.72050556,87.7
78.217,-1.17740987,-1.193759376,15.74430614,87.7
78.229,-1.17740987,-1.127846282,15.74430614,87.7
78.242,-1.178697595,-1.061933188,15.78000701,87.7
78.255,-1.178697595,-0.961842933,15.78000701,87.7
78.267,-1.17998532,-0.895929839,15.8738185,87.7
78.28,-1.180843803,-0.795839584,15.90951938,87.7
78.293,-1.182131528,-0.72992649,15.81570789,87.7
78.306,-1.182990012,-0.662792783,15.90951938,87.7
78.318,-1.183419253,-0.563923141,15.95140876,87.6
78.331,-1.184706978,-0.463832887,15.84522025,87.8
78.344,-1.185565461,-0.364963245,15.87520934,87.7
78.356,-1.186853186,-0.299050151,16.00472171,87.7
78.369,-1.187282428,-0.198959896,16.00472171,87.7
78.382,-1.188570153,-0.100090254,16.04042258,87.7
78.394,-1.189428636,-0.032956547,16.04042258,87.7
78.407,-1.190716361,0.065913094,16.07612345,87.7
78.42,-1.192004086,0.166003349,16.07612345,87.7
78.433,-1.193291811,0.26487299,16.19992404,87.6
78.445,-1.194579536,0.364963245,16.23562491,87.6
78.458,-1.196725745,0.463832887,16.23562491,87.6
78.471,-1.19801347,0.563923141,16.27132578,87.6
78.483,-1.199730436,0.696969943,16.17132578,87.7
78.496,-1.201447403,0.795839584,16.19512636,87.7
78.509,-1.204022853,0.928886386,16.23701575,87.6
78.521,-1.205739819,1.061933188,16.26652811,87.7
78.534,-1.209173753,1.160802829,16.30841749,87.6
78.547,-1.211319961,1.260893084,16.36173044,87.7
78.56,-1.213895411,1.392719272,16.36791895,87.6
78.572,-1.216470861,1.492809527,16.39743131,87.7
78.585,-1.219046311,1.625856329,16.4212319,87.7
78.598,-1.221621761,1.72472597,16.46312128,87.6
78.61,-1.224197211,1.857772772,16.52833452,87.7
78.623,-1.226772661,1.956642413,16.55832361,87.6
78.636,-1.229777352,2.089689215,16.68783597,87.6
78.648,-1.232352802,2.18977947,16.62972535,87.6
78.661,-1.234069769,2.255692564,16.64733743,87.7
78.674,-1.236215977,2.288649111,16.65352593,87.6
78.687,-1.236645219,2.288649111,16.64733743,87.7
78.699,-1.237932944,2.222736017,16.65352593,87.6
78.712,-1.237932944,2.155602309,16.64733743,87.7
78.725,-1.238791427,2.056732668,16.65971444,87.5
78.737,-1.237932944,1.989598961,16.71734834,87.7
78.75,-1.238791427,1.857772772,16.82353684,87.5
78.763,-1.238791427,1.757682517,16.68164746,87.7
78.776,-1.238791427,1.625856329,16.6521351,87.6
78.788,-1.237932944,1.525766074,16.52833452,87.7
78.801,-1.237932944,1.392719272,16.59263364,87.6
78.814,-1.237932944,1.260893084,16.46312128,87.6
78.826,-1.237932944,1.094889735,16.4212319,87.7
78.839,-1.236645219,0.961842933,16.50361982,87.5
78.852,-1.236215977,0.795839584,16.42602957,87.6
78.864,-1.236215977,0.629836235,16.30841749,87.6
78.877,-1.235357494,0.463832887,16.26652811,87.7
78.89,-1.234928252,0.26487299,16.23701575,87.6
78.903,-1.233640527,0.065913094,16.27132578,87.6
78.915,-1.232352802,-0.133046802,16.14181342,87.6
78.928,-1.231065077,-0.332006698,16.09992404,87.7
78.941,-1.229777352,-0.563923141,16.04661109,87.6
78.953,-1.228918869,-0.795839584,16.00472171,87.7
78.966,-1.227631144,-1.027756028,15.95140876,87.6
78.979,-1.225484936,-1.293849631,15.90951938,87.7
78.992,-1.224197211,-1.525766074,15.84430614,87.6
79.004,-1.222480244,-1.824816225,15.68480468,87.7
79.017,-1.220334036,-2.089689215,15.62530323,87.7
79.03,-1.217758586,-2.388739366,15.77722534,87.7
79.042,-1.215612378,-2.653612356,15.70582359,87.7
79.055,-1.212607686,-2.952662507,15.65251064,87.6
79.068,-1.209173753,-3.217535497,15.49300919,87.7
79.08,-1.205739819,-3.482408487,15.42160744,87.7
79.093,-1.202735128,-3.781458638,15.36210599,87.7
79.106,-1.19801347,-4.046331628,15.29070424,87.7
79.119,-1.194150295,-4.312425232,15.26690366,87.7
79.131,-1.189428636,-4.610254769,15.19550191,87.7
79.144,-1.185565461,-4.842171213,15.15980104,87.7
79.157,-1.180843803,-5.108264816,15.15980104,87.7
79.169,-1.17740987,-5.307224712,15.15980104,87.7
79.182,-1.173546695,-5.506184608,15.15980104,87.7
79.195,-1.170112762,-5.672187957,15.16598955,87.6
79.207,-1.16710807,-5.805234759,15.16598955,87.6
79.22,-1.16453262,-5.937060947,15.20169042,87.6
79.233,-1.161527929,-6.037151202,15.10169042,87.7
79.246,-1.160240204,-6.070107749,15.10169042,87.7
79.258,-1.158952479,-6.070107749,15.23120278,87.7
79.271,-1.158523237,-6.004194655,15.23120278,87.7
79.284,-1.158523237,-5.9041044,15.23120278,87.7
79.296,-1.158952479,-5.771057599,15.27309217,87.6
79.309,-1.158952479,-5.63923141,15.26690366,87.7
79.322,-1.158952479,-5.473228061,15.39070424,87.6
79.335,-1.159810962,-5.274268165,15.42640511,87.6
79.347,-1.159810962,-5.042351722,15.42021661,87.7
79.36,-1.160240204,-4.842171213,15.46210599,87.6
79.373,-1.161098687,-4.643211317,15.45591748,87.7
79.385,-1.161527929,-4.411294873,15.48590657,87.6
79.398,-1.162386412,-4.212334977,15.41541894,87.8
79.411,-1.163674137,-4.013375081,15.46349682,87.6
79.423,-1.16453262,-3.781458638,15.45730832,87.7
79.436,-1.166249587,-3.582498742,15.4991977,87.6
79.449,-1.16710807,-3.350582299,15.51680977,87.7
79.462,-1.168395795,-3.117445243,15.55869915,87.6
79.474,-1.16968352,-2.885528799,15.58821152,87.7
79.487,-1.171829728,-2.653612356,15.51820061,87.7
79.5,-1.173117453,-2.421695913,15.54771297,87.8
79.512,-1.17483442,-2.18977947,15.68960235,87.6
79.525,-1.176122145,-1.989598961,15.71911472,87.7
79.538,-1.178268353,-1.757682517,15.6429153,87.8
79.55,-1.179556078,-1.558722621,15.77861618,87.7
79.563,-1.180843803,-1.326806178,15.81431705,87.7
79.576,-1.182990012,-1.127846282,15.84430614,87.6
79.589,-1.184706978,-0.928886386,15.8738185,87.7
79.601,-1.186853186,-0.72992649,15.91570789,87.6
79.614,-1.188140911,-0.530966594,15.93903174,87.8
79.627,-1.190716361,-0.332006698,15.97520934,87.6
79.639,-1.19286257,-0.166003349,16.09234469,87.8
79.652,-1.19543802,0,16.14042258,87.6
79.665,-1.196725745,0.133046802,16.16993495,87.7
79.678,-1.199301195,0.26487299,16.20611254,87.5
79.69,-1.20058892,0.364963245,16.2294364,87.7
79.703,-1.201876645,0.463832887,16.23562491,87.6
79.716,-1.202735128,0.498010047,16.26513728,87.7
79.728,-1.204022853,0.498010047,16.27132578,87.6
79.741,-1.204022853,0.463832887,16.17132578,87.7
79.754,-1.204022853,0.430876339,16.13562491,87.7
79.766,-1.204022853,0.364963245,16.14181342,87.6
79.779,-1.204452094,0.332006698,16.13562491,87.7
79.792,-1.204022853,0.26487299,16.14181342,87.6
79.805,-1.204452094,0.198959896,16.09992404,87.7
79.817,-1.204022853,0.133046802,16.10611254,87.6
79.83,-1.204022853,0.032956547,16.07612345,87.7
79.843,-1.204022853,-0.032956547,16.04661109,87.6
79.855,-1.204022853,-0.133046802,16.04042258,87.7
79.868,-1.204022853,-0.26487299,16.01091021,87.6
79.881,-1.204022853,-0.364963245,15.96902083,87.7
79.893,-1.20316437,-0.498010047,15.95140876,87.6
79.906,-1.20316437,-0.629836235,15.90951938,87.7
79.919,-1.20316437,-0.762883037,15.88000701,87.6
79.932,-1.202735128,-0.895929839,15.8738185,87.7
79.944,-1.201876645,-1.027756028,15.84430614,87.6
79.957,-1.201876645,-1.193759376,15.81431705,87.7
79.97,-1.201447403,-1.326806178,15.78480468,87.6
79.982,-1.199730436,-1.492809527,15.7429153,87.7
79.995,-1.199730436,-1.658812876,15.72530323,87.6
80.008,-1.198442711,-1.824816225,15.68341385,87.7
80.02,-1.198442711,-1.989598961,15.64771297,87.7
80.033,-1.197154986,-2.155602309,15.6120121,87.7
80.046,-1.196725745,-2.321605658,15.61820061,87.6
80.059,-1.19543802,-2.487609007,15.59440003,87.6
80.071,-1.194579536,-2.653612356,15.55869915,87.6
80.084,-1.19286257,-2.819615705,15.51680977,87.7
80.097,-1.19286257,-2.985619054,15.4991977,87.6
80.109,-1.190716361,-3.18457895,15.45730832,87.7
80.122,-1.189857878,-3.316405139,15.52160744,87.6
80.135,-1.188140911,-3.482408487,15.51541894,87.7
80.148,-1.186853186,-3.648411836,15.48590657,87.6
80.16,-1.185565461,-3.814415185,15.36210599,87.7
80.173,-1.184706978,-3.980418534,15.33259362,87.6
80.186,-1.182990012,-4.146421883,15.29070424,87.7
80.198,-1.181702287,-4.279468685,15.29070424,87.7
80.211,-1.179556078,-4.411294873,15.36071515,87.7
80.224,-1.178268353,-4.544341675,15.36690366,87.6
80.236,-1.176980628,-4.643211317,15.23120278,87.7
80.249,-1.175692903,-4.743301571,15.23120278,87.7
80.262,-1.174405178,-4.842171213,15.23120278,87.7
80.275,-1.173546695,-4.876348373,15.33120278,87.6
80.287,-1.173117453,-4.90930492,15.23739129,87.6
80.3,-1.17225897,-4.942261467,15.23120278,87.7
80.313,-1.171829728,-4.942261467,15.27309217,87.6
80.325,-1.171829728,-4.876348373,15.26690366,87.7
80.338,-1.171829728,-4.842171213,15.27309217,87.6
80.351,-1.170971245,-4.776258118,15.29070424,87.7
80.363,-1.171829728,-4.677388477,15.30308125,87.5
80.376,-1.171829728,-4.577298222,15.29070424,87.7
80.389,-1.17225897,-4.444251421,15.30308125,87.5
80.402,-1.171829728,-4.312425232,15.32640511,87.7
80.414,-1.17225897,-4.17937843,15.374483,87.5
80.427,-1.17225897,-3.980418534,15.38590657,87.7
80.44,-1.173546695,-3.781458638,15.52779595,87.5
80.452,-1.173546695,-3.615455289,15.52160744,87.6
80.465,-1.174405178,-3.416495393,15.55730832,87.6
80.478,-1.17483442,-3.217535497,15.58682068,87.7
80.491,-1.176122145,-3.018575601,15.59300919,87.6
80.503,-1.176122145,-2.819615705,15.65251064,87.6
80.516,-1.17740987,-2.620655809,15.65251064,87.6
80.529,-1.178697595,-2.388739366,15.69440003,87.5
80.541,-1.179556078,-2.18977947,15.7120121,87.6
80.554,-1.17998532,-1.989598961,15.78960235,87.5
80.567,-1.181702287,-1.824816225,15.77722534,87.7
80.579,-1.183419253,-1.625856329,15.74910381,87.6
80.592,-1.184706978,-1.426896432,15.7429153,87.7
80.605,-1.185994703,-1.226715924,15.82050556,87.6
80.618,-1.187282428,-1.027756028,15.83811763,87.7
80.63,-1.188570153,-0.862973292,15.88619552,87.5
80.643,-1.189857878,-0.662792783,15.90951938,87.7
80.656,-1.192004086,-0.498010047,15.95140876,87.6
80.668,-1.193291811,-0.332006698,15.96902083,87.7
80.681,-1.19543802,-0.166003349,16.01091021,87.6
80.694,-1.195867261,0,16.04042258,87.7
80.706,-1.198442711,0.166003349,16.08231196,87.6
80.719,-1.199301195,0.332006698,16.09992404,87.7
80.732,-1.201447403,0.430876339,16.14181342,87.6
80.745,-1.201876645,0.530966594,16.17751429,87.6
80.757,-1.204022853,0.596879688,16.27132578,87.6
80.77,-1.204022853,0.629836235,16.29512636,87.6
80.783,-1.205310578,0.662792783,16.38893786,87.6
80.795,-1.205310578,0.629836235,16.38893786,87.6
80.808,-1.205739819,0.596879688,16.29512636,87.6
80.821,-1.205310578,0.530966594,16.27132578,87.6
80.834,-1.205739819,0.430876339,16.23562491,87.6
80.846,-1.205739819,0.332006698,16.23562491,87.6
80.859,-1.205739819,0.231916443,16.23562491,87.6
80.872,-1.205739819,0.133046802,16.19992404,87.6
80.884,-1.205739819,0,16.17612345,87.6
80.897,-1.205739819,-0.133046802,16.14042258,87.6
80.91,-1.205310578,-0.26487299,16.10472171,87.6
80.922,-1.204452094,-0.397919792,16.06902083,87.6
80.935,-1.204452094,-0.563923141,15.95140876,87.6
80.948,-1.204452094,-0.72992649,15.91570789,87.6
80.961,-1.204022853,-0.862973292,15.9738185,87.6
80.973,-1.20316437,-1.061933188,15.83811763,87.7
80.986,-1.201876645,-1.226715924,15.81431705,87.7
80.999,-1.201876645,-1.392719272,15.77861618,87.7
81.011,-1.20058892,-1.591679168,15.8429153,87.6
81.024,-1.199301195,-1.757682517,15.78341385,87.6
81.037,-1.198442711,-1.956642413,15.74152447,87.7
81.049,-1.19801347,-2.155602309,15.74771297,87.6
81.062,-1.195867261,-2.388739366,15.70582359,87.7
81.075,-1.19543802,-2.587699262,15.65251064,87.6
81.088,-1.194150295,-2.786659158,15.61062126,87.7
81.1,-1.19286257,-3.018575601,15.59300919,87.6
81.113,-1.191574845,-3.217535497,15.65111981,87.6
81.126,-1.189857878,-3.44945194,15.52160744,87.6
81.138,-1.188140911,-3.648411836,15.48590657,87.6
81.151,-1.186853186,-3.88032828,15.36829449,87.6
81.164,-1.184277737,-4.113465336,15.42640511,87.6
81.177,-1.182990012,-4.312425232,15.39689275,87.5
81.189,-1.17998532,-4.478428581,15.26690366,87.7
81.202,-1.178268353,-4.677388477,15.27309217,87.6
81.215,-1.175692903,-4.876348373,15.23120278,87.7
81.227,-1.174405178,-5.075308269,15.33739129,87.5
81.24,-1.171829728,-5.241311618,15.33120278,87.6
81.253,-1.16968352,-5.406094354,15.29550191,87.6
81.265,-1.167537312,-5.539141155,15.20169042,87.6
81.278,-1.165820345,-5.672187957,15.20169042,87.6
81.291,-1.16453262,-5.771057599,15.20787893,87.5
81.304,-1.162386412,-5.871147853,15.19550191,87.7
81.316,-1.161098687,-5.970017495,15.3435798,87.4
81.329,-1.160240204,-6.004194655,15.33120278,87.6
81.342,-1.159810962,-6.037151202,15.43120278,87.5
81.354,-1.158523237,-6.004194655,15.45452664,87.7
81.367,-1.158523237,-5.970017495,15.46690366,87.5
81.38,-1.158523237,-5.9041044,15.36071515,87.7
81.392,-1.158523237,-5.805234759,15.36690366,87.6
81.405,-1.158523237,-5.705144504,15.39070424,87.6
81.418,-1.158523237,-5.572097703,15.39070424,87.6
81.431,-1.158523237,-5.440271514,15.42640511,87.6
81.443,-1.158952479,-5.241311618,15.42640511,87.6
81.456,-1.158952479,-5.075308269,15.46829449,87.5
81.469,-1.159810962,-4.842171213,15.46210599,87.6
81.481,-1.160240204,-4.643211317,15.48590657,87.6
81.494,-1.161098687,-4.411294873,15.52160744,87.6
81.507,-1.161527929,-4.212334977,15.56349682,87.5
81.52,-1.163244895,-3.980418534,15.55730832,87.6
81.532,-1.16453262,-3.748502091,15.5991977,87.5
81.545,-1.164961862,-3.515365035,15.61680977,87.6
81.558,-1.16710807,-3.316405139,15.65869915,87.5
81.57,-1.167537312,-3.084488695,15.68821152,87.6
81.583,-1.16968352,-2.852572252,15.61820061,87.6
81.596,-1.170112762,-2.620655809,15.65390148,87.6
81.608,-1.17225897,-2.388739366,15.78960235,87.5
81.621,-1.173117453,-2.18977947,15.91292621,87.6
81.634,-1.175692903,-1.956642413,15.9429153,87.5
81.647,-1.176122145,-1.72472597,15.87861618,87.6
81.659,-1.178268353,-1.525766074,15.91431705,87.6
81.672,-1.179556078,-1.326806178,15.93811763,87.6
81.685,-1.181702287,-1.094889735,15.9738185,87.6
81.697,-1.182990012,-0.895929839,16.00951938,87.6
81.71,-1.185565461,-0.696969943,16.04522025,87.6
81.723,-1.186853186,-0.498010047,16.06902083,87.6
81.735,-1.188570153,-0.299050151,16.10472171,87.6
81.748,-1.190716361,-0.100090254,16.17612345,87.6
81.761,-1.193291811,0.065913094,16.19992404,87.6
81.774,-1.194579536,0.26487299,16.23562491,87.6
81.786,-1.197154986,0.430876339,16.27751429,87.5
81.799,-1.198442711,0.596879688,16.30131487,87.5
81.812,-1.201876645,0.72992649,16.33082724,87.6
81.824,-1.20316437,0.862973292,16.36652811,87.6
81.837,-1.205310578,0.928886386,16.40222898,87.6
81.85,-1.206598303,0.961842933,16.40222898,87.6
81.863,-1.207027544,0.928886386,16.40841749,87.5
81.875,-1.207027544,0.895929839,16.40222898,87.6
81.888,-1.207027544,0.795839584,16.40841749,87.5
81.901,-1.207027544,0.696969943,16.36652811,87.6
81.913,-1.207027544,0.563923141,16.33701575,87.5
81.926,-1.207027544,0.397919792,16.38893786,87.6
81.939,-1.207027544,0.26487299,16.37132578,87.5
81.951,-1.207027544,0.100090254,16.23562491,87.6
81.964,-1.206598303,-0.065913094,16.19992404,87.6
81.977,-1.206598303,-0.26487299,16.17612345,87.6
81.99,-1.205739819,-0.430876339,16.10472171,87.6
82.002,-1.205310578,-0.629836235,16.07520934,87.5
82.015,-1.204022853,-0.795839584,16.04522025,87.6
82.028,-1.204022853,-1.027756028,15.98000701,87.5
82.04,-1.202735128,-1.226715924,15.93811763,87.6
82.053,-1.201876645,-1.426896432,15.92050556,87.5
82.066,-1.20058892,-1.625856329,15.87861618,87.6
82.078,-1.199730436,-1.824816225,15.84910381,87.5
82.091,-1.198442711,-2.056732668,15.71911472,87.7
82.104,-1.19801347,-2.255692564,15.65390148,87.6
82.117,-1.195867261,-2.487609007,15.74771297,87.6
82.129,-1.19543802,-2.71952545,15.69440003,87.5
82.142,-1.193291811,-2.952662507,15.55251064,87.7
82.155,-1.192004086,-3.18457895,15.52299828,87.6
82.167,-1.189428636,-3.416495393,15.55730832,87.6
82.18,-1.188140911,-3.615455289,15.52779595,87.5
82.193,-1.185565461,-3.847371732,15.48590657,87.6
82.206,-1.183419253,-4.079288176,15.56210599,87.5
82.218,-1.181702287,-4.279468685,15.52640511,87.5
82.231,-1.178697595,-4.511385128,15.48451573,87.6
82.244,-1.176980628,-4.710345024,15.46690366,87.5
82.256,-1.174405178,-4.90930492,15.46071515,87.6
82.269,-1.17225897,-5.108264816,15.43120278,87.5
82.282,-1.170112762,-5.274268165,15.42501428,87.6
82.294,-1.168395795,-5.440271514,15.43120278,87.5
82.307,-1.166249587,-5.572097703,15.43120278,87.5
82.32,-1.164961862,-5.705144504,15.33739129,87.5
82.333,-1.163244895,-5.838191306,15.33120278,87.6
82.345,-1.161527929,-5.9041044,15.33739129,87.5
82.358,-1.160240204,-5.937060947,15.33120278,87.6
82.371,-1.160240204,-5.970017495,15.33739129,87.5
82.383,-1.158952479,-5.970017495,15.33739129,87.5
82.396,-1.158952479,-5.937060947,15.36690366,87.6
82.409,-1.158523237,-5.9041044,15.37309217,87.5
82.421,-1.158952479,-5.838191306,15.36690366,87.6
82.434,-1.158952479,-5.738101051,15.39689275,87.5
82.447,-1.158952479,-5.63923141,15.39070424,87.6
82.46,-1.158523237,-5.539141155,15.39689275,87.5
82.472,-1.158952479,-5.440271514,15.42640511,87.6
82.485,-1.158952479,-5.307224712,15.33878213,87.5
82.498,-1.159810962,-5.207134458,15.33259362,87.6
82.51,-1.159810962,-5.075308269,15.374483,87.5
82.523,-1.160240204,-4.942261467,15.46210599,87.6
82.536,-1.160240204,-4.809214666,15.46829449,87.5
82.549,-1.160240204,-4.710345024,15.46210599,87.6
82.561,-1.161098687,-4.577298222,15.48590657,87.6
82.574,-1.161527929,-4.444251421,15.57971806,87.6
82.587,-1.162386412,-4.312425232,15.62160744,87.5
82.599,-1.162386412,-4.17937843,15.62160744,87.5
82.612,-1.163244895,-4.046331628,15.55730832,87.6
82.625,-1.163674137,-3.91450544,15.65730832,87.5
82.637,-1.16453262,-3.781458638,15.69300919,87.5
82.65,-1.164961862,-3.648411836,15.59300919,87.6
82.663,-1.165820345,-3.549542195,15.61680977,87.6
82.676,-1.165820345,-3.416495393,15.62299828,87.5
82.688,-1.16710807,-3.316405139,15.65251064,87.6
82.701,-1.16710807,-3.217535497,15.65251064,87.6
82.714,-1.167537312,-3.117445243,15.65251064,87.6
82.726,-1.167537312,-3.018575601,15.68821152,87.6
82.739,-1.168825037,-2.952662507,15.68821152,87.6
82.752,-1.168825037,-2.852572252,15.71820061,87.5
82.764,-1.16968352,-2.786659158,15.71820061,87.5
82.777,-1.170112762,-2.71952545,15.71820061,87.5
82.79,-1.170971245,-2.620655809,15.75390148,87.5
82.803,-1.170971245,-2.553522102,15.75390148,87.5
82.815,-1.171829728,-2.487609007,15.75390148,87.5
82.828,-1.17225897,-2.388739366,15.74771297,87.6
82.841,-1.173117453,-2.321605658,15.88341385,87.5
82.853,-1.173117453,-2.255692564,15.87722534,87.6
82.866,-1.174405178,-2.18977947,15.91911472,87.5
82.879,-1.174405178,-2.122645762,15.81911472,87.6
82.892,-1.17483442,-2.056732668,15.81911472,87.6
82.904,-1.17483442,-1.989598961,15.8429153,87.6
82.917,-1.175692903,-1.923685866,15.8429153,87.6
82.93,-1.176122145,-1.890729319,15.8429153,87.6
82.942,-1.176122145,-1.824816225,15.8429153,87.6
82.955,-1.176980628,-1.757682517,15.88480468,87.5
82.968,-1.176980628,-1.72472597,15.87861618,87.6
82.98,-1.17740987,-1.691769423,15.88480468,87.5
82.993,-1.17740987,-1.625856329,15.87861618,87.6
83.006,-1.178268353,-1.591679168,15.88480468,87.5
83.019,-1.178268353,-1.558722621,15.91431705,87.6
83.031,-1.178268353,-1.558722621,15.92050556,87.5
83.044,-1.178268353,-1.525766074,15.91431705,87.6
83.057,-1.178697595,-1.525766074,15.92050556,87.5
83.069,-1.178268353,-1.525766074,15.91431705,87.6
83.082,-1.178697595,-1.525766074,15.92050556,87.5
83.095,-1.178697595,-1.525766074,15.91431705,87.6
83.107,-1.178697595,-1.525766074,16.01431705,87.5
83.12,-1.178697595,-1.525766074,16.01431705,87.5
83.133,-1.179556078,-1.525766074,15.91431705,87.6
83.146,-1.179556078,-1.525766074,15.92050556,87.5
83.158,-1.179556078,-1.525766074,15.91431705,87.6
83.171,-1.178697595,-1.558722621,15.92050556,87.5
83.184,-1.178697595,-1.558722621,15.91431705,87.6
83.196,-1.179556078,-1.558722621,16.02050556,87.4
83.209,-1.179556078,-1.558722621,16.00812854,87.6
83.222,-1.179556078,-1.558722621,16.02050556,87.4
83.235,-1.179556078,-1.558722621,16.00812854,87.6
83.247,-1.179556078,-1.558722621,16.02050556,87.4
83.26,-1.179556078,-1.558722621,15.87861618,87.6
83.273,-1.17998532,-1.558722621,15.88480468,87.5
83.285,-1.179556078,-1.525766074,15.91431705,87.6
83.298,-1.179556078,-1.525766074,15.92050556,87.5
83.311,-1.179556078,-1.492809527,15.91431705,87.6
83.323,-1.179556078,-1.45985298,15.91431705,87.6
83.336,-1.179556078,-1.426896432,15.92050556,87.5
83.349,-1.17998532,-1.392719272,15.92050556,87.5
83.362,-1.17998532,-1.392719272,15.94430614,87.5
83.374,-1.180843803,-1.326806178,15.93811763,87.6
83.387,-1.17998532,-1.293849631,15.94430614,87.5
83.4,-1.17998532,-1.260893084,16.03192912,87.6
83.412,-1.17998532,-1.226715924,16.03811763,87.5
83.425,-1.180843803,-1.226715924,16.03192912,87.6
83.438,-1.181702287,-1.193759376,16.04430614,87.4
83.45,-1.181702287,-1.160802829,16.06763,87.6
83.463,-1.181702287,-1.127846282,16.0738185,87.5
83.476,-1.182131528,-1.094889735,16.06763,87.6
83.489,-1.182990012,-1.061933188,16.0738185,87.5
83.501,-1.182990012,-1.027756028,16.0738185,87.5
83.514,-1.182990012,-0.99479948,16.01570789,87.5
83.527,-1.182990012,-0.99479948,16.00951938,87.6
83.539,-1.183419253,-0.961842933,16.01570789,87.5
83.552,-1.183419253,-0.928886386,16.00951938,87.6
83.565,-1.183419253,-0.895929839,16.01570789,87.5
83.578,-1.184277737,-0.862973292,16.01570789,87.5
83.59,-1.184706978,-0.828796131,16.01570789,87.5
83.603,-1.184706978,-0.795839584,16.05140876,87.5
83.616,-1.184706978,-0.762883037,16.05140876,87.5
83.628,-1.184706978,-0.72992649,16.14522025,87.5
83.641,-1.185565461,-0.696969943,16.04522025,87.6
83.654,-1.184706978,-0.696969943,16.05140876,87.5
83.666,-1.185565461,-0.662792783,16.14522025,87.5
83.679,-1.185565461,-0.629836235,16.14522025,87.5
83.692,-1.185994703,-0.629836235,16.23903174,87.5
83.705,-1.185994703,-0.596879688,16.23903174,87.5
83.717,-1.186853186,-0.596879688,16.14522025,87.5
83.73,-1.185994703,-0.596879688,16.16902083,87.5
83.743,-1.186853186,-0.596879688,16.26902083,87.4
83.755,-1.186853186,-0.596879688,16.24522025,87.4
83.768,-1.186853186,-0.629836235,16.14522025,87.5
83.781,-1.186853186,-0.662792783,16.13903174,87.6
83.793,-1.186853186,-0.662792783,16.14522025,87.5
83.806,-1.186853186,-0.696969943,16.14522025,87.5
83.819,-1.187282428,-0.72992649,16.14522025,87.5
83.832,-1.186853186,-0.762883037,16.14522025,87.5
83.844,-1.186853186,-0.795839584,16.10951938,87.5
83.857,-1.186853186,-0.862973292,16.10951938,87.5
83.87,-1.186853186,-0.928886386,16.10951938,87.5
83.882,-1.186853186,-0.99479948,16.10951938,87.5
83.895,-1.186853186,-1.061933188,16.0738185,87.5
83.908,-1.186853186,-1.127846282,16.0738185,87.5
83.921,-1.185994703,-1.193759376,16.03811763,87.5
83.933,-1.186853186,-1.293849631,16.02050556,87.4
83.946,-1.185994703,-1.392719272,16.01431705,87.5
83.959,-1.186853186,-1.492809527,15.98480468,87.4
83.971,-1.185994703,-1.591679168,15.97242767,87.6
83.984,-1.185994703,-1.691769423,15.94910381,87.4
83.997,-1.185565461,-1.790639065,15.9367268,87.6
84.009,-1.185565461,-1.890729319,16.01911472,87.4
84.022,-1.184706978,-1.989598961,15.97722534,87.5
84.035,-1.184706978,-2.122645762,15.98341385,87.4
84.048,-1.183419253,-2.222736017,15.94152447,87.5
84.06,-1.183419253,-2.388739366,15.9120121,87.4
84.073,-1.182990012,-2.487609007,15.88821152,87.4
84.086,-1.182131528,-2.620655809,15.88202301,87.5
84.098,-1.181702287,-2.752481998,15.75869915,87.4
84.111,-1.180843803,-2.852572252,15.75251064,87.5
84.124,-1.17998532,-2.985619054,15.75869915,87.4
84.136,-1.179556078,-3.117445243,15.71680977,87.5
84.149,-1.179556078,-3.217535497,15.5991977,87.5
84.162,-1.178268353,-3.350582299,15.55730832,87.6
84.175,-1.178268353,-3.482408487,15.66349682,87.4
84.187,-1.17740987,-3.615455289,15.52160744,87.6
84.2,-1.17740987,-3.748502091,15.53398446,87.4
84.213,-1.176980628,-3.847371732,15.58590657,87.5
84.225,-1.176122145,-3.980418534,15.59209508,87.4
84.238,-1.17483442,-4.079288176,15.58590657,87.5
84.251,-1.17483442,-4.17937843,15.56829449,87.4
84.264,-1.173546695,-4.279468685,15.56210599,87.5
84.276,-1.173117453,-4.411294873,15.62640511,87.4
84.289,-1.171829728,-4.511385128,15.62021661,87.5
84.302,-1.171829728,-4.577298222,15.72021661,87.4
84.314,-1.170112762,-4.643211317,15.53259362,87.4
84.327,-1.170112762,-4.710345024,15.52640511,87.5
84.34,-1.168825037,-4.776258118,15.49689275,87.4
84.352,-1.168395795,-4.809214666,15.48451573,87.6
84.365,-1.168395795,-4.809214666,15.49689275,87.4
84.378,-1.167537312,-4.809214666,15.48451573,87.6
84.391,-1.167537312,-4.776258118,15.49689275,87.4
84.403,-1.168395795,-4.743301571,15.49070424,87.5
84.416,-1.167537312,-4.677388477,15.53259362,87.4
84.429,-1.167537312,-4.610254769,15.52021661,87.6
84.441,-1.168395795,-4.511385128,15.56829449,87.4
84.454,-1.167537312,-4.411294873,15.56210599,87.5
84.467,-1.168395795,-4.312425232,15.56829449,87.4
84.479,-1.168395795,-4.17937843,15.58590657,87.5
84.492,-1.168395795,-4.046331628,15.59209508,87.4
84.505,-1.168825037,-3.88032828,15.58590657,87.5
84.518,-1.168825037,-3.748502091,15.62779595,87.4
84.53,-1.168825037,-3.582498742,15.62779595,87.4
84.543,-1.170112762,-3.416495393,15.65730832,87.5
84.556,-1.170112762,-3.250492044,15.78682068,87.5
84.568,-1.170971245,-3.084488695,15.88682068,87.4
84.581,-1.171829728,-2.952662507,15.75251064,87.5
84.594,-1.17225897,-2.786659158,15.75869915,87.4
84.607,-1.17225897,-2.620655809,15.78821152,87.5
84.619,-1.173546695,-2.45465246,15.8120121,87.5
84.632,-1.174405178,-2.288649111,15.84771297,87.5
84.645,-1.175692903,-2.122645762,15.94771297,87.4
84.657,-1.175692903,-1.956642413,15.88341385,87.5
84.67,-1.176980628,-1.790639065,15.91911472,87.5
84.683,-1.178268353,-1.625856329,15.9429153,87.5
84.695,-1.179556078,-1.492809527,16.07861618,87.4
84.708,-1.179556078,-1.326806178,16.01431705,87.5
84.721,-1.181702287,-1.160802829,16.04430614,87.4
84.734,-1.182131528,-1.027756028,16.0738185,87.5
84.746,-1.183419253,-0.862973292,16.20951938,87.4
84.759,-1.184277737,-0.72992649,16.10951938,87.5
84.772,-1.185565461,-0.596879688,16.14522025,87.5
84.784,-1.185994703,-0.463832887,16.16902083,87.5
84.797,-1.187282428,-0.332006698,16.20472171,87.5
84.81,-1.188140911,-0.231916443,16.30472171,87.4
84.822,-1.189428636,-0.166003349,16.24042258,87.5
84.835,-1.189857878,-0.100090254,16.34042258,87.4
84.848,-1.189857878,-0.100090254,16.36993495,87.5
84.861,-1.190716361,-0.065913094,16.37612345,87.4
84.873,-1.190716361,-0.100090254,16.36993495,87.5
84.886,-1.191574845,-0.166003349,16.34661109,87.3
84.899,-1.190716361,-0.198959896,16.34042258,87.4
84.911,-1.192004086,-0.26487299,16.31091021,87.3
84.924,-1.191574845,-0.332006698,16.2985332,87.5
84.937,-1.192004086,-0.397919792,16.31091021,87.3
84.95,-1.191574845,-0.463832887,16.26283233,87.5
84.962,-1.191574845,-0.563923141,16.17520934,87.4
84.975,-1.191574845,-0.662792783,16.14522025,87.5
84.988,-1.191574845,-0.762883037,16.15140876,87.4
85,-1.190716361,-0.862973292,16.10951938,87.5
85.013,-1.191574845,-0.99479948,16.08000701,87.4
85.026,-1.190716361,-1.160802829,16.0738185,87.5
85.038,-1.190716361,-1.260893084,16.02050556,87.4
85.051,-1.189857878,-1.392719272,15.98480468,87.4
85.064,-1.189857878,-1.558722621,15.9429153,87.5
85.077,-1.189428636,-1.691769423,15.94910381,87.4
85.089,-1.188570153,-1.824816225,15.91911472,87.5
85.102,-1.188140911,-1.989598961,15.89579086,87.3
85.115,-1.187282428,-2.155602309,15.84152447,87.6
85.127,-1.186853186,-2.288649111,15.91820061,87.3
85.14,-1.185565461,-2.45465246,15.88202301,87.5
85.153,-1.185565461,-2.620655809,15.88821152,87.4
85.165,-1.184706978,-2.752481998,15.94013363,87.5
85.178,-1.184277737,-2.918485347,15.91680977,87.3
85.191,-1.183419253,-3.051532148,15.91062126,87.4
85.204,-1.182990012,-3.217535497,15.79300919,87.4
85.216,-1.181702287,-3.350582299,15.78682068,87.5
85.229,-1.180843803,-3.482408487,15.75730832,87.4
85.242,-1.17998532,-3.615455289,15.62160744,87.5
85.254,-1.179556078,-3.748502091,15.62160744,87.5
85.267,-1.178268353,-3.847371732,15.58590657,87.5
85.28,-1.17740987,-3.947461987,15.58590657,87.5
85.293,-1.176122145,-4.013375081,15.56829449,87.4
85.305,-1.176122145,-4.079288176,15.56210599,87.5
85.318,-1.175692903,-4.113465336,15.66210599,87.4
85.331,-1.175692903,-4.146421883,15.56210599,87.5
85.343,-1.17483442,-4.113465336,15.56210599,87.5
85.356,-1.175692903,-4.046331628,15.56210599,87.5
85.369,-1.17483442,-3.980418534,15.56829449,87.4
85.381,-1.175692903,-3.88032828,15.59209508,87.4
85.394,-1.175692903,-3.748502091,15.59209508,87.4
85.407,-1.175692903,-3.648411836,15.62779595,87.4
85.42,-1.175692903,-3.482408487,15.62779595,87.4
85.432,-1.175692903,-3.316405139,15.65730832,87.5
85.445,-1.175692903,-3.151622403,15.65730832,87.5
85.458,-1.176122145,-3.018575601,15.69300919,87.5
85.47,-1.176122145,-2.885528799,15.72299828,87.4
85.483,-1.176122145,-2.752481998,15.85251064,87.4
85.496,-1.17740987,-2.620655809,15.95251064,87.3
85.508,-1.17740987,-2.487609007,15.98202301,87.4
85.521,-1.178268353,-2.354562206,15.9120121,87.4
85.534,-1.178268353,-2.222736017,15.9120121,87.4
85.547,-1.179556078,-2.122645762,15.94771297,87.4
85.559,-1.179556078,-2.023776121,15.94771297,87.4
85.572,-1.17998532,-1.890729319,15.98960235,87.3
85.585,-1.17998532,-1.790639065,15.98341385,87.4
85.597,-1.181702287,-1.691769423,16.02530323,87.3
85.61,-1.181702287,-1.558722621,16.01911472,87.4
85.623,-1.182131528,-1.45985298,16.0429153,87.4
85.636,-1.182131528,-1.392719272,16.07861618,87.4
85.648,-1.182990012,-1.293849631,15.98480468,87.4
85.661,-1.182990012,-1.226715924,16.01431705,87.5
85.674,-1.184277737,-1.160802829,16.02050556,87.4
85.686,-1.184277737,-1.094889735,16.03811763,87.5
85.699,-1.184706978,-1.061933188,16.04430614,87.4
85.712,-1.184706978,-1.027756028,16.03811763,87.5
85.724,-1.184706978,-0.99479948,16.04430614,87.4
85.737,-1.185565461,-0.99479948,16.03811763,87.5
85.75,-1.185565461,-1.027756028,16.04430614,87.4
85.763,-1.185565461,-1.027756028,16.04430614,87.4
85.775,-1.185565461,-1.061933188,16.13811763,87.4
85.788,-1.185565461,-1.094889735,16.23811763,87.3
85.801,-1.184706978,-1.127846282,16.13811763,87.4
85.813,-1.184706978,-1.160802829,16.12050556,87.3
85.826,-1.184706978,-1.193759376,16.11431705,87.4
85.839,-1.184706978,-1.260893084,16.08480468,87.3
85.851,-1.184706978,-1.326806178,16.07861618,87.4
85.864,-1.184706978,-1.392719272,16.08480468,87.3
85.877,-1.184706978,-1.426896432,16.07242767,87.5
85.89,-1.185565461,-1.525766074,16.04910381,87.3
85.902,-1.184706978,-1.591679168,16.0367268,87.5
85.915,-1.185565461,-1.691769423,16.02530323,87.3
85.928,-1.184706978,-1.790639065,16.01292621,87.5
85.94,-1.184706978,-1.923685866,15.98341385,87.4
85.953,-1.184277737,-2.023776121,15.94771297,87.4
85.966,-1.184706978,-2.122645762,15.85390148,87.4
85.979,-1.184277737,-2.255692564,15.81820061,87.4
85.991,-1.183419253,-2.388739366,15.91820061,87.3
86.004,-1.182990012,-2.520565554,15.79440003,87.4
86.017,-1.182131528,-2.620655809,15.85251064,87.4
86.029,-1.182131528,-2.786659158,15.91680977,87.3
86.042,-1.181702287,-2.918485347,15.78682068,87.5
86.055,-1.181702287,-3.051532148,15.7991977,87.3
86.067,-1.180843803,-3.18457895,15.78682068,87.5
86.08,-1.17998532,-3.316405139,15.85730832,87.3
86.093,-1.178697595,-3.44945194,15.71541894,87.5
86.106,-1.178697595,-3.549542195,15.72160744,87.4
86.118,-1.178268353,-3.681368384,15.67971806,87.5
86.131,-1.178268353,-3.814415185,15.69209508,87.3
86.144,-1.176980628,-3.947461987,15.66210599,87.4
86.156,-1.176122145,-4.046331628,15.63259362,87.3
86.169,-1.175692903,-4.17937843,15.62640511,87.4
86.182,-1.175692903,-4.279468685,15.53259362,87.4
86.194,-1.174405178,-4.378338326,15.59070424,87.4
86.207,-1.173546695,-4.444251421,15.59070424,87.4
86.22,-1.173117453,-4.478428581,15.59070424,87.4
86.233,-1.173117453,-4.544341675,15.59070424,87.4
86.245,-1.17225897,-4.544341675,15.59689275,87.3
86.258,-1.17225897,-4.544341675,15.59070424,87.4
86.271,-1.171829728,-4.544341675,15.59689275,87.3
86.283,-1.171829728,-4.478428581,15.59070424,87.4
86.296,-1.171829728,-4.411294873,15.59070424,87.4
86.309,-1.171829728,-4.345381779,15.59070424,87.4
86.322,-1.171829728,-4.212334977,15.62640511,87.4
86.334,-1.17225897,-4.113465336,15.66210599,87.4
86.347,-1.171829728,-3.980418534,15.66210599,87.4
86.36,-1.17225897,-3.847371732,15.78590657,87.3
86.372,-1.17225897,-3.681368384,15.77971806,87.4
86.385,-1.173117453,-3.549542195,15.81541894,87.4
86.398,-1.173117453,-3.383538846,15.81541894,87.4
86.41,-1.173117453,-3.217535497,15.85730832,87.3
86.423,-1.173546695,-3.084488695,15.79300919,87.4
86.436,-1.174405178,-2.952662507,15.79300919,87.4
86.449,-1.17483442,-2.819615705,15.81680977,87.4
86.461,-1.17483442,-2.653612356,15.85251064,87.4
86.474,-1.175692903,-2.487609007,15.88821152,87.4
86.487,-1.176122145,-2.354562206,15.9120121,87.4
86.499,-1.176980628,-2.18977947,15.81820061,87.4
86.512,-1.17740987,-2.023776121,15.94771297,87.4
86.525,-1.178268353,-1.890729319,15.98960235,87.3
86.537,-1.178697595,-1.72472597,15.98341385,87.4
86.55,-1.179556078,-1.591679168,16.02530323,87.3
86.563,-1.17998532,-1.45985298,16.0429153,87.4
86.576,-1.181702287,-1.293849631,16.07861618,87.4
86.588,-1.182131528,-1.160802829,16.10812854,87.5
86.601,-1.183419253,-1.061933188,16.13811763,87.4
86.614,-1.183419253,-0.928886386,16.03811763,87.5
86.626,-1.184706978,-0.828796131,16.08000701,87.4
86.639,-1.185565461,-0.72992649,16.08000701,87.4
86.652,-1.186853186,-0.629836235,16.21570789,87.3
86.665,-1.186853186,-0.530966594,16.24522025,87.4
86.677,-1.188140911,-0.498010047,16.34522025,87.3
86.69,-1.188140911,-0.430876339,16.33903174,87.4
86.703,-1.188570153,-0.430876339,16.33903174,87.4
86.715,-1.188570153,-0.430876339,16.33903174,87.4
86.728,-1.188570153,-0.463832887,16.34522025,87.3
86.741,-1.188570153,-0.498010047,16.34522025,87.3
86.753,-1.188570153,-0.498010047,16.34522025,87.3
86.766,-1.188570153,-0.563923141,16.24522025,87.4
86.779,-1.188140911,-0.629836235,16.20333087,87.5
86.792,-1.188570153,-0.696969943,16.30951938,87.3
86.804,-1.188140911,-0.762883037,16.20333087,87.5
86.817,-1.188570153,-0.828796131,16.21570789,87.3
86.83,-1.188140911,-0.928886386,16.1738185,87.4
86.842,-1.188570153,-0.99479948,16.14430614,87.3
86.855,-1.188140911,-1.094889735,16.13811763,87.4
86.868,-1.188570153,-1.226715924,16.12050556,87.3
86.88,-1.188140911,-1.359762725,16.07861618,87.4
86.893,-1.188140911,-1.492809527,16.04910381,87.3
86.906,-1.187282428,-1.625856329,16.04910381,87.3
86.919,-1.187282428,-1.757682517,16.02530323,87.3
86.931,-1.185994703,-1.923685866,15.98960235,87.3
86.944,-1.185994703,-2.056732668,15.94771297,87.4
86.957,-1.185565461,-2.222736017,15.81820061,87.4
86.969,-1.184706978,-2.388739366,15.9120121,87.4
86.982,-1.184277737,-2.553522102,15.89440003,87.3
86.995,-1.183419253,-2.752481998,15.85251064,87.4
87.008,-1.182131528,-2.918485347,15.82299828,87.3
87.02,-1.181702287,-3.117445243,15.88682068,87.4
87.033,-1.180843803,-3.316405139,15.85730832,87.3
87.046,-1.179556078,-3.515365035,15.72160744,87.4
87.058,-1.178697595,-3.715545544,15.72779595,87.3
87.071,-1.17740987,-3.91450544,15.66210599,87.4
87.084,-1.176980628,-4.113465336,15.76210599,87.3
87.096,-1.17483442,-4.312425232,15.72640511,87.3
87.109,-1.173546695,-4.511385128,15.59689275,87.3
87.122,-1.171829728,-4.710345024,15.57309217,87.3
87.135,-1.170971245,-4.942261467,15.56690366,87.4
87.147,-1.168395795,-5.108264816,15.66690366,87.3
87.16,-1.16710807,-5.307224712,15.63120278,87.3
87.173,-1.164961862,-5.473228061,15.53739129,87.3
87.185,-1.163674137,-5.63923141,15.53120278,87.4
87.198,-1.161527929,-5.771057599,15.63739129,87.2
87.211,-1.161098687,-5.9041044,15.63120278,87.3
87.223,-1.158523237,-6.037151202,15.53739129,87.3
87.236,-1.157664754,-6.136020844,15.53739129,87.3
87.249,-1.155947787,-6.236111098,15.53739129,87.3
87.262,-1.155089304,-6.269067645,15.57309217,87.3
87.274,-1.153801579,-6.302024192,15.57309217,87.3
87.287,-1.153372337,-6.269067645,15.57309217,87.3
87.3,-1.152513854,-6.203154551,15.66690366,87.3
87.312,-1.153372337,-6.136020844,15.66690366,87.3
87.325,-1.152513854,-6.004194655,15.69070424,87.3
87.338,-1.153372337,-5.871147853,15.69070424,87.3
87.351,-1.153372337,-5.705144504,15.69070424,87.3
87.363,-1.153372337,-5.506184608,15.72640511,87.3
87.376,-1.153801579,-5.274268165,15.72640511,87.3
87.389,-1.154660062,-5.042351722,15.66210599,87.4
87.401,-1.155089304,-4.809214666,15.68590657,87.4
87.414,-1.155947787,-4.610254769,15.82160744,87.3
87.427,-1.157235512,-4.378338326,15.82160744,87.3
87.439,-1.157664754,-4.17937843,15.75730832,87.4
87.452,-1.158952479,-3.947461987,15.79300919,87.4
87.465,-1.158952479,-3.748502091,15.81680977,87.4
87.478,-1.161098687,-3.515365035,15.85869915,87.3
87.49,-1.161527929,-3.283448591,15.88821152,87.4
87.503,-1.163674137,-3.051532148,15.89440003,87.3
87.516,-1.16453262,-2.819615705,15.9120121,87.4
87.528,-1.166249587,-2.587699262,15.95390148,87.3
87.541,-1.16710807,-2.388739366,15.98341385,87.4
87.554,-1.168825037,-2.155602309,16.1429153,87.3
87.566,-1.170112762,-1.956642413,16.17242767,87.4
87.579,-1.17225897,-1.72472597,16.21431705,87.3
87.592,-1.173546695,-1.492809527,16.23192912,87.4
87.605,-1.175692903,-1.293849631,16.2738185,87.3
87.617,-1.176122145,-1.061933188,16.20951938,87.4
87.63,-1.178268353,-0.862973292,16.25140876,87.3
87.643,-1.17998532,-0.662792783,16.26902083,87.4
87.655,-1.182131528,-0.463832887,16.30472171,87.4
87.668,-1.184277737,-0.26487299,16.44042258,87.3
87.681,-1.185994703,-0.065913094,16.47612345,87.3
87.694,-1.188140911,0.100090254,16.53562491,87.3
87.706,-1.189857878,0.299050151,16.57132578,87.3
87.719,-1.19286257,0.463832887,16.60131487,87.2
87.732,-1.194579536,0.629836235,16.53082724,87.4
87.744,-1.197154986,0.795839584,16.67271662,87.2
87.757,-1.199301195,0.928886386,16.71984106,87.4
87.77,-1.201447403,1.061933188,16.76791895,87.2
87.782,-1.20316437,1.160802829,16.69743131,87.4
87.795,-1.205310578,1.226715924,16.70361982,87.3
87.808,-1.205739819,1.260893084,16.8212319,87.3
87.821,-1.207027544,1.226715924,16.8274204,87.2
87.833,-1.207027544,1.193759376,16.8212319,87.3
87.846,-1.207027544,1.094889735,16.69743131,87.4
87.859,-1.207027544,0.99479948,16.70361982,87.3
87.871,-1.207027544,0.895929839,16.66173044,87.4
87.884,-1.207027544,0.762883037,16.73221807,87.2
87.897,-1.207886028,0.629836235,16.60222898,87.4
87.909,-1.207027544,0.498010047,16.57271662,87.3
87.922,-1.206598303,0.364963245,16.62463873,87.4
87.935,-1.206598303,0.198959896,16.59512636,87.3
87.948,-1.206598303,0.065913094,16.66513728,87.3
87.96,-1.206598303,-0.100090254,16.54181342,87.2
87.973,-1.205739819,-0.231916443,16.39992404,87.4
87.986,-1.205739819,-0.397919792,16.34661109,87.3
87.998,-1.205310578,-0.563923141,16.34042258,87.4
88.011,-1.204452094,-0.72992649,16.41091021,87.2
88.024,-1.204022853,-0.895929839,16.34522025,87.3
88.036,-1.20316437,-1.061933188,16.35140876,87.2
88.049,-1.202735128,-1.226715924,16.1738185,87.4
88.062,-1.201876645,-1.392719272,16.14430614,87.3
88.075,-1.20058892,-1.558722621,16.21431705,87.3
88.087,-1.199730436,-1.72472597,16.17861618,87.3
88.1,-1.19801347,-1.923685866,16.0429153,87.4
88.113,-1.19801347,-2.122645762,16.01911472,87.4
88.125,-1.196725745,-2.321605658,15.98341385,87.4
88.138,-1.19543802,-2.487609007,15.94771297,87.4
88.151,-1.194150295,-2.686568903,15.91820061,87.3
88.164,-1.193291811,-2.852572252,15.89440003,87.3
88.176,-1.191574845,-3.018575601,15.85869915,87.3
88.189,-1.189857878,-3.217535497,15.82299828,87.3
88.202,-1.188140911,-3.383538846,15.7991977,87.3
88.214,-1.186853186,-3.549542195,15.85730832,87.3
88.227,-1.185565461,-3.715545544,15.82160744,87.3
88.24,-1.184277737,-3.847371732,15.78590657,87.3
88.252,-1.182131528,-3.947461987,15.69209508,87.3
88.265,-1.181702287,-4.079288176,15.68590657,87.4
88.278,-1.17998532,-4.17937843,15.76210599,87.3
88.291,-1.179556078,-4.245291525,15.76210599,87.3
88.303,-1.178268353,-4.279468685,15.62640511,87.4
88.316,-1.178268353,-4.279468685,15.72640511,87.3
88.329,-1.17740987,-4.245291525,15.76210599,87.3
88.341,-1.178268353,-4.146421883,15.76210599,87.3
88.354,-1.178268353,-4.046331628,15.66210599,87.4
88.367,-1.178268353,-3.88032828,15.66210599,87.4
88.38,-1.178268353,-3.715545544,15.68590657,87.4
88.392,-1.178268353,-3.482408487,15.72160744,87.4
88.405,-1.178697595,-3.250492044,15.76349682,87.3
88.418,-1.178697595,-3.018575601,15.79300919,87.4
88.43,-1.179556078,-2.786659158,15.72299828,87.4
88.443,-1.17998532,-2.587699262,15.85251064,87.4
88.456,-1.181702287,-2.354562206,15.89440003,87.3
88.468,-1.181702287,-2.155602309,15.9120121,87.4
88.481,-1.183419253,-1.956642413,15.95390148,87.3
88.494,-1.183419253,-1.757682517,15.98341385,87.4
88.507,-1.185565461,-1.558722621,16.11911472,87.3
88.519,-1.185994703,-1.359762725,16.2367268,87.3
88.532,-1.186853186,-1.160802829,16.27861618,87.2
88.545,-1.187282428,-0.961842933,16.20812854,87.4
88.557,-1.189428636,-0.795839584,16.3738185,87.2
88.57,-1.189857878,-0.596879688,16.40333087,87.3
88.583,-1.192004086,-0.430876339,16.34522025,87.3
88.595,-1.19286257,-0.26487299,16.36902083,87.3
88.608,-1.194150295,-0.100090254,16.40472171,87.3
88.621,-1.19543802,0.065913094,16.44661109,87.2
88.634,-1.196725745,0.231916443,16.37612345,87.4
88.646,-1.19801347,0.364963245,16.41230105,87.2
88.659,-1.199301195,0.530966594,16.43562491,87.4
88.672,-1.20058892,0.662792783,16.4837028,87.2
88.684,-1.201447403,0.762883037,16.49512636,87.4
88.697,-1.20316437,0.828796131,16.54320425,87.2
88.71,-1.20316437,0.862973292,16.53082724,87.4
88.723,-1.204022853,0.862973292,16.63701575,87.2
88.735,-1.204452094,0.828796131,16.53082724,87.4
88.748,-1.204452094,0.795839584,16.53701575,87.3
88.761,-1.204452094,0.72992649,16.53082724,87.4
88.773,-1.205310578,0.629836235,16.60131487,87.2
88.786,-1.204452094,0.530966594,16.59512636,87.3
88.799,-1.204452094,0.430876339,16.57132578,87.3
88.811,-1.204022853,0.299050151,16.53562491,87.3
88.824,-1.204022853,0.166003349,16.49992404,87.3
88.837,-1.204022853,0,16.47612345,87.3
88.85,-1.204022853,-0.133046802,16.3985332,87.4
88.862,-1.20316437,-0.299050151,16.36902083,87.3
88.875,-1.20316437,-0.498010047,16.33903174,87.4
88.888,-1.202735128,-0.662792783,16.30951938,87.3
88.9,-1.201876645,-0.862973292,16.26763,87.4
88.913,-1.20058892,-1.061933188,16.24430614,87.2
88.926,-1.199730436,-1.260893084,16.17242767,87.4
88.938,-1.198442711,-1.45985298,16.14910381,87.2
88.951,-1.19801347,-1.658812876,16.11911472,87.3
88.964,-1.197154986,-1.890729319,16.05390148,87.2
88.977,-1.195867261,-2.122645762,15.9120121,87.4
88.989,-1.19543802,-2.354562206,15.89440003,87.3
89.002,-1.193291811,-2.620655809,15.85251064,87.4
89.015,-1.192004086,-2.885528799,15.82299828,87.3
89.027,-1.189857878,-3.151622403,15.75730832,87.4
89.04,-1.188570153,-3.416495393,15.72779595,87.3
89.053,-1.185994703,-3.681368384,15.68590657,87.4
89.066,-1.184277737,-3.947461987,15.76829449,87.2
89.078,-1.181702287,-4.212334977,15.69070424,87.3
89.091,-1.179556078,-4.444251421,15.66690366,87.3
89.104,-1.176122145,-4.710345024,15.63120278,87.3
89.116,-1.173546695,-4.975218014,15.60169042,87.2
89.129,-1.170971245,-5.241311618,15.60169042,87.2
89.142,-1.168395795,-5.473228061,15.56598955,87.2
89.154,-1.164961862,-5.705144504,15.56598955,87.2
89.167,-1.162386412,-5.937060947,15.56598955,87.2
89.18,-1.158952479,-6.136020844,15.60169042,87.2
89.193,-1.156377029,-6.33498074,15.60169042,87.2
89.205,-1.153372337,-6.500984088,15.60169042,87.2
89.218,-1.150367645,-6.63403089,15.60169042,87.2
89.231,-1.147792196,-6.732900532,15.63739129,87.2
89.243,-1.146504471,-6.832990786,15.63739129,87.2
89.256,-1.143929021,-6.898903881,15.63739129,87.2
89.269,-1.142641296,-6.865947333,15.67309217,87.2
89.281,-1.141782812,-6.800034239,15.66690366,87.3
89.294,-1.141353571,-6.666987437,15.69070424,87.3
89.307,-1.141353571,-6.468027541,15.69070424,87.3
89.32,-1.141782812,-6.236111098,15.69070424,87.3
89.332,-1.141782812,-5.970017495,15.79070424,87.2
89.345,-1.142641296,-5.705144504,15.82021661,87.3
89.358,-1.143929021,-5.440271514,15.82640511,87.2
89.37,-1.144787504,-5.17417791,15.85591748,87.3
89.383,-1.146075229,-4.876348373,15.78590657,87.3
89.396,-1.146504471,-4.610254769,15.72160744,87.4
89.408,-1.148650679,-4.312425232,15.86349682,87.2
89.421,-1.149938404,-4.046331628,15.75730832,87.4
89.434,-1.151226129,-3.748502091,15.8991977,87.2
89.447,-1.152513854,-3.482408487,15.91062126,87.4
89.459,-1.155089304,-3.18457895,15.99440003,87.2
89.472,-1.156377029,-2.885528799,16.00582359,87.4
89.485,-1.158952479,-2.587699262,16.04771297,87.3
89.497,-1.160240204,-2.288649111,16.08341385,87.3
89.51,-1.162386412,-1.956642413,16.02530323,87.3
89.523,-1.164961862,-1.658812876,16.08480468,87.3
89.536,-1.167537312,-1.326806178,16.14430614,87.3
89.548,-1.170112762,-0.99479948,16.1738185,87.4
89.561,-1.173117453,-0.696969943,16.34522025,87.3
89.574,-1.176122145,-0.364963245,16.41091021,87.2
89.586,-1.179556078,-0.032956547,16.34042258,87.4
89.599,-1.184277737,0.299050151,16.50611254,87.2
89.612,-1.188140911,0.596879688,16.59512636,87.3
89.624,-1.19286257,0.928886386,16.57890513,87.2
89.637,-1.19801347,1.226715924,16.72602957,87.3
89.65,-1.204022853,1.525766074,16.8274204,87.2
89.663,-1.209173753,1.857772772,16.92214601,87.4
89.675,-1.216900103,2.155602309,17.03591386,87.1
89.688,-1.223767969,2.45465246,17.15444005,87.3
89.701,-1.232352802,2.71952545,17.35583088,87.1
89.713,-1.239649911,2.985619054,17.4448447,87.2
89.726,-1.24737626,3.217535497,17.64623554,87
89.739,-1.253814885,3.416495393,17.69954849,87.1
89.751,-1.260682752,3.549542195,17.71283962,87.1
89.764,-1.264975168,3.681368384,17.73045169,87.2
89.777,-1.269696827,3.715545544,17.76615256,87.2
89.79,-1.271843035,3.715545544,17.76615256,87.2
89.802,-1.273560002,3.648411836,17.76615256,87.2
89.815,-1.273560002,3.549542195,17.77234107,87.1
89.828,-1.274418485,3.416495393,17.76615256,87.2
89.84,-1.274418485,3.217535497,17.7366402,87.1
89.853,-1.274418485,3.051532148,17.70665111,87.2
89.866,-1.273560002,2.852572252,17.63524936,87.2
89.879,-1.273560002,2.620655809,17.59954849,87.2
89.891,-1.27313076,2.388739366,17.50434616,87.2
89.904,-1.27313076,2.155602309,17.48054558,87.2
89.917,-1.272272277,1.923685866,17.27963147,87.2
89.929,-1.270984552,1.658812876,17.2139415,87.3
89.942,-1.269696827,1.392719272,17.16062855,87.2
89.955,-1.268409102,1.127846282,17.0830383,87.3
89.967,-1.267121377,0.828796131,17.02972535,87.2
89.98,-1.265833652,0.530966594,16.9521351,87.3
89.993,-1.263687443,0.231916443,16.85693277,87.3
90.006,-1.261970477,-0.065913094,16.89743131,87.2
90.018,-1.259824268,-0.364963245,16.82602957,87.2
90.031,-1.257248819,-0.696969943,16.66652811,87.3
90.044,-1.25510261,-0.99479948,16.57132578,87.3
90.056,-1.252097919,-1.326806178,16.49992404,87.3
90.069,-1.24995171,-1.625856329,16.40472171,87.3
90.082,-1.245230052,-1.956642413,16.30951938,87.3
90.094,-1.24222536,-2.288649111,16.22050556,87.2
90.107,-1.237503702,-2.620655809,16.0429153,87.4
90.12,-1.233640527,-2.918485347,15.95390148,87.3
90.133,-1.227631144,-3.283448591,15.85251064,87.4
90.145,-1.222909486,-3.615455289,15.75730832,87.4
90.158,-1.216470861,-3.980418534,15.72021661,87.4
90.171,-1.210461478,-4.312425232,15.56690366,87.4
90.183,-1.204022853,-4.677388477,15.49550191,87.4
90.196,-1.197154986,-5.042351722,15.53600046,87.3
90.209,-1.189857878,-5.406094354,15.40029958,87.4
90.222,-1.183419253,-5.771057599,15.40648809,87.3
90.234,-1.176122145,-6.103064296,15.53600046,87.3
90.247,-1.16968352,-6.402114447,15.53600046,87.3
90.26,-1.163244895,-6.666987437,15.55980104,87.3
90.272,-1.156377029,-6.931860428,15.59550191,87.3
90.285,-1.149938404,-7.197954031,15.63120278,87.3
90.298,-1.143499779,-7.429870474,15.76071515,87.3
90.31,-1.137490396,-7.595873823,15.79070424,87.2
90.323,-1.131481012,-7.728920625,15.82021661,87.3
90.336,-1.127617838,-7.794833719,15.86210599,87.2
90.349,-1.124183904,-7.827790266,15.87971806,87.3
90.361,-1.122896179,-7.794833719,15.89209508,87.1
90.374,-1.121608454,-7.694743465,15.87971806,87.3
90.387,-1.121608454,-7.529960729,15.79209508,87.2
90.399,-1.120749971,-7.36395738,15.77971806,87.4
90.412,-1.121608454,-7.164997484,15.79209508,87.2
90.425,-1.121608454,-6.931860428,15.77971806,87.4
90.438,-1.122037696,-6.699943985,15.69209508,87.3
90.45,-1.122896179,-6.468027541,15.78590657,87.3
90.463,-1.124183904,-6.236111098,15.69209508,87.3
90.476,-1.124183904,-6.004194655,15.69209508,87.3
90.488,-1.125471629,-5.771057599,15.69209508,87.3
90.501,-1.126330113,-5.539141155,15.66829449,87.3
90.514,-1.127617838,-5.307224712,15.78590657,87.3
90.526,-1.128905563,-5.075308269,15.69209508,87.3
90.539,-1.129334804,-4.809214666,15.68590657,87.4
90.552,-1.131481012,-4.544341675,15.72779595,87.3
90.565,-1.132768737,-4.279468685,15.72160744,87.4
90.577,-1.134914946,-3.980418534,15.76349682,87.3
90.59,-1.136202671,-3.715545544,15.88682068,87.4
90.603,-1.138778121,-3.44945194,15.89300919,87.3
90.615,-1.140065846,-3.18457895,15.81680977,87.4
90.628,-1.142641296,-2.885528799,15.85869915,87.3
90.641,-1.144787504,-2.620655809,15.88202301,87.5
90.653,-1.146504471,-2.388739366,15.89440003,87.3
90.666,-1.149079921,-2.122645762,15.9120121,87.4
90.679,-1.15165537,-1.857772772,15.95390148,87.3
90.692,-1.153801579,-1.625856329,15.98341385,87.4
90.704,-1.156377029,-1.392719272,16.02530323,87.3
90.717,-1.158952479,-1.160802829,16.0429153,87.4
90.73,-1.161527929,-0.961842933,16.07861618,87.4
90.742,-1.163674137,-0.762883037,16.11431705,87.4
90.755,-1.16710807,-0.563923141,16.13811763,87.4
90.768,-1.168825037,-0.397919792,16.14430614,87.3
90.78,-1.17225897,-0.231916443,16.1738185,87.4
90.793,-1.174405178,-0.065913094,16.21570789,87.3
90.806,-1.176980628,0.065913094,16.24522025,87.4
90.819,-1.178268353,0.166003349,16.24522025,87.4
90.831,-1.17998532,0.231916443,16.26902083,87.4
90.844,-1.181702287,0.299050151,16.26902083,87.4
90.857,-1.182990012,0.332006698,16.26902083,87.4
90.869,-1.182990012,0.332006698,16.26902083,87.4
90.882,-1.184277737,0.299050151,16.36902083,87.3
90.895,-1.184277737,0.231916443,16.36902083,87.3
90.908,-1.184277737,0.198959896,16.33903174,87.4
90.92,-1.184277737,0.133046802,16.33903174,87.4
90.933,-1.184277737,0.032956547,16.30951938,87.3
90.946,-1.184277737,-0.065913094,16.30951938,87.3
90.958,-1.184277737,-0.166003349,16.30951938,87.3
90.971,-1.184277737,-0.26487299,16.2738185,87.3
90.984,-1.184277737,-0.397919792,16.23811763,87.3
90.996,-1.183419253,-0.530966594,16.21431705,87.3
91.009,-1.182990012,-0.696969943,16.17861618,87.3
91.022,-1.183419253,-0.828796131,16.1429153,87.3
91.035,-1.182131528,-0.99479948,16.11911472,87.3
91.047,-1.182131528,-1.160802829,16.04771297,87.3
91.06,-1.181702287,-1.326806178,16.0120121,87.3
91.073,-1.180843803,-1.525766074,15.89440003,87.3
91.085,-1.179556078,-1.691769423,15.85251064,87.4
91.098,-1.179556078,-1.857772772,15.82299828,87.3
91.111,-1.178268353,-2.056732668,15.79300919,87.4
91.123,-1.178268353,-2.222736017,15.76349682,87.3
91.136,-1.176980628,-2.421695913,15.71541894,87.5
91.149,-1.176122145,-2.587699262,15.69209508,87.3
91.162,-1.17483442,-2.786659158,15.66210599,87.4
91.174,-1.174405178,-2.985619054,15.63259362,87.3
91.187,-1.17225897,-3.151622403,15.62640511,87.4
91.2,-1.171829728,-3.350582299,15.59689275,87.3
91.212,-1.170112762,-3.549542195,15.56690366,87.4
91.225,-1.168395795,-3.715545544,15.53739129,87.3
91.238,-1.16710807,-3.88032828,15.53120278,87.4
91.251,-1.164961862,-4.079288176,15.49550191,87.4
91.263,-1.163244895,-4.245291525,15.45980104,87.4
91.276,-1.161527929,-4.411294873,15.45980104,87.4
91.289,-1.160240204,-4.577298222,15.50169042,87.3
91.301,-1.158523237,-4.743301571,15.49550191,87.4
91.314,-1.157235512,-4.876348373,15.50169042,87.3
91.327,-1.155089304,-5.042351722,15.49550191,87.4
91.339,-1.153801579,-5.17417791,15.50169042,87.3
91.352,-1.152513854,-5.274268165,15.49550191,87.4
91.365,-1.15165537,-5.406094354,15.53739129,87.3
91.378,-1.150367645,-5.506184608,15.53120278,87.4
91.39,-1.149938404,-5.572097703,15.53739129,87.3
91.403,-1.147792196,-5.63923141,15.53120278,87.4
91.416,-1.147792196,-5.705144504,15.57309217,87.3
91.428,-1.147362954,-5.705144504,15.57309217,87.3
91.441,-1.147362954,-5.738101051,15.57309217,87.3
91.454,-1.146504471,-5.705144504,15.57309217,87.3
91.466,-1.146504471,-5.63923141,15.57309217,87.3
91.479,-1.146504471,-5.539141155,15.69070424,87.3
91.492,-1.146504471,-5.440271514,15.68451573,87.4
91.505,-1.146504471,-5.340181259,15.63259362,87.3
91.517,-1.146504471,-5.207134458,15.62640511,87.4
91.53,-1.146504471,-5.075308269,15.63259362,87.3
91.543,-1.147362954,-4.90930492,15.76210599,87.3
91.555,-1.147362954,-4.776258118,15.66829449,87.3
91.568,-1.147362954,-4.610254769,15.76210599,87.3
91.581,-1.147792196,-4.444251421,15.79209508,87.2
91.594,-1.148650679,-4.279468685,15.72160744,87.4
91.606,-1.149079921,-4.113465336,15.82160744,87.3
91.619,-1.149938404,-3.91450544,15.75730832,87.4
91.632,-1.151226129,-3.748502091,15.89300919,87.3
91.644,-1.15165537,-3.549542195,15.82299828,87.3
91.657,-1.153372337,-3.350582299,15.85869915,87.3
91.67,-1.153372337,-3.151622403,15.89440003,87.3
91.682,-1.154660062,-2.985619054,15.88821152,87.4
91.695,-1.155089304,-2.786659158,15.91820061,87.3
91.708,-1.157235512,-2.587699262,15.9120121,87.4
91.721,-1.157664754,-2.421695913,15.95390148,87.3
91.733,-1.158952479,-2.255692564,15.98341385,87.4
91.746,-1.159810962,-2.056732668,16.02530323,87.3
91.759,-1.161098687,-1.890729319,16.04910381,87.3
91.771,-1.161527929,-1.72472597,16.08480468,87.3
91.784,-1.163244895,-1.591679168,16.11431705,87.4
91.797,-1.16453262,-1.426896432,16.23811763,87.3
91.809,-1.165820345,-1.260893084,16.23811763,87.3
91.822,-1.166249587,-1.127846282,16.2738185,87.3
91.835,-1.168395795,-0.961842933,16.40333087,87.3
91.848,-1.168825037,-0.828796131,16.33903174,87.4
91.86,-1.170112762,-0.72992649,16.34522025,87.3
91.873,-1.170971245,-0.629836235,16.36902083,87.3
91.886,-1.17225897,-0.530966594,16.36902083,87.3
91.898,-1.173546695,-0.463832887,16.40472171,87.3
91.911,-1.174405178,-0.397919792,16.30472171,87.4
91.924,-1.174405178,-0.397919792,16.30472171,87.4
91.937,-1.17483442,-0.397919792,16.31091021,87.3
91.949,-1.17483442,-0.430876339,16.26902083,87.4
91.962,-1.17483442,-0.463832887,16.27520934,87.3
91.975,-1.17483442,-0.530966594,16.27520934,87.3
91.987,-1.17483442,-0.563923141,16.27520934,87.3
92,-1.17483442,-0.629836235,16.24522025,87.4
92.013,-1.17483442,-0.72992649,16.24522025,87.4
92.025,-1.17483442,-0.795839584,16.21570789,87.3
92.038,-1.17483442,-0.895929839,16.20951938,87.4
92.051,-1.17483442,-0.99479948,16.21570789,87.3
92.064,-1.174405178,-1.094889735,16.08000701,87.4
92.076,-1.17483442,-1.226715924,16.04430614,87.4
92.089,-1.174405178,-1.359762725,16.11431705,87.4
92.102,-1.174405178,-1.492809527,16.12050556,87.3
92.114,-1.173546695,-1.591679168,16.07861618,87.4
92.127,-1.173546695,-1.72472597,16.04910381,87.3
92.14,-1.173117453,-1.890729319,16.11292621,87.4
92.152,-1.173117453,-2.023776121,16.18341385,87.2
92.165,-1.17225897,-2.155602309,16.04152447,87.4
92.178,-1.171829728,-2.321605658,16.0120121,87.3
92.191,-1.170971245,-2.45465246,16.0120121,87.3
92.203,-1.170112762,-2.620655809,15.98821152,87.3
92.216,-1.16968352,-2.752481998,15.95251064,87.3
92.229,-1.168395795,-2.918485347,15.91680977,87.3
92.241,-1.167537312,-3.051532148,15.92299828,87.2
92.254,-1.16710807,-3.217535497,15.89300919,87.3
92.267,-1.16710807,-3.350582299,15.76349682,87.3
92.28,-1.165820345,-3.515365035,15.85730832,87.3
92.292,-1.164961862,-3.648411836,15.82779595,87.2
92.305,-1.163674137,-3.781458638,15.81541894,87.4
92.318,-1.163244895,-3.88032828,15.79209508,87.2
92.33,-1.161527929,-4.013375081,15.78590657,87.3
92.343,-1.161527929,-4.113465336,15.66829449,87.3
92.356,-1.160240204,-4.212334977,15.66210599,87.4
92.368,-1.160240204,-4.279468685,15.66210599,87.4
92.381,-1.158952479,-4.345381779,15.63259362,87.3
92.394,-1.158523237,-4.411294873,15.62640511,87.4
92.407,-1.157664754,-4.444251421,15.72640511,87.3
92.419,-1.157664754,-4.444251421,15.82021661,87.3
92.432,-1.157664754,-4.411294873,15.86210599,87.2
92.445,-1.157664754,-4.378338326,15.76210599,87.3
92.457,-1.157664754,-4.312425232,15.76829449,87.2
92.47,-1.157664754,-4.245291525,15.75591748,87.4
92.483,-1.157664754,-4.146421883,15.76829449,87.2
92.495,-1.157664754,-4.046331628,15.76210599,87.3
92.508,-1.157664754,-3.947461987,15.79209508,87.2
92.521,-1.157664754,-3.781458638,15.78590657,87.3
92.534,-1.158523237,-3.615455289,15.82779595,87.2
92.546,-1.158523237,-3.44945194,15.82160744,87.3
92.559,-1.158952479,-3.283448591,15.86349682,87.2
92.572,-1.158952479,-3.151622403,15.89300919,87.3
92.584,-1.160240204,-2.985619054,15.89300919,87.3
92.597,-1.160240204,-2.819615705,15.91680977,87.3
92.61,-1.161098687,-2.653612356,15.85869915,87.3
92.623,-1.161098687,-2.487609007,15.99440003,87.2
92.635,-1.162386412,-2.354562206,16.0120121,87.3
92.648,-1.162386412,-2.18977947,15.91820061,87.3
92.661,-1.163674137,-2.023776121,15.95390148,87.3
92.673,-1.163674137,-1.857772772,15.98960235,87.3
92.686,-1.164961862,-1.72472597,16.01911472,87.4
92.699,-1.164961862,-1.558722621,16.12530323,87.2
92.711,-1.166249587,-1.426896432,16.1429153,87.3
92.724,-1.16710807,-1.260893084,16.17861618,87.3
92.737,-1.168395795,-1.127846282,16.31431705,87.2
92.75,-1.168825037,-0.99479948,16.23811763,87.3
92.762,-1.170112762,-0.828796131,16.2738185,87.3
92.775,-1.170971245,-0.696969943,16.30951938,87.3
92.788,-1.17225897,-0.596879688,16.30951938,87.3
92.8,-1.173117453,-0.463832887,16.34522025,87.3
92.813,-1.174405178,-0.364963245,16.36902083,87.3
92.826,-1.17483442,-0.26487299,16.36902083,87.3
92.838,-1.176122145,-0.166003349,16.40472171,87.3
92.851,-1.176980628,-0.100090254,16.40472171,87.3
92.864,-1.17740987,-0.032956547,16.44042258,87.3
92.877,-1.178268353,0.032956547,16.44042258,87.3
92.889,-1.178697595,0.032956547,16.47612345,87.3
92.902,-1.178697595,0.032956547,16.44042258,87.3
92.915,-1.178697595,-0.032956547,16.34661109,87.3
92.927,-1.178697595,-0.100090254,16.34661109,87.3
92.94,-1.178697595,-0.133046802,16.31091021,87.3
92.953,-1.178697595,-0.231916443,16.31091021,87.3
92.966,-1.178697595,-0.299050151,16.26902083,87.4
92.978,-1.178697595,-0.397919792,16.36902083,87.3
92.991,-1.178697595,-0.463832887,16.33903174,87.4
93.004,-1.179556078,-0.596879688,16.44522025,87.2
93.016,-1.178697595,-0.696969943,16.40333087,87.3
93.029,-1.178697595,-0.828796131,16.2738185,87.3
93.042,-1.178268353,-0.961842933,16.36763,87.3
93.054,-1.178697595,-1.094889735,16.33811763,87.2
93.067,-1.178268353,-1.226715924,16.20812854,87.4
93.08,-1.17740987,-1.392719272,16.17861618,87.3
93.093,-1.176980628,-1.525766074,16.1429153,87.3
93.105,-1.176980628,-1.691769423,16.11911472,87.3
93.118,-1.176122145,-1.857772772,16.08341385,87.3
93.131,-1.175692903,-2.023776121,16.04771297,87.3
93.143,-1.174405178,-2.18977947,16.0120121,87.3
93.156,-1.173546695,-2.388739366,15.98821152,87.3
93.169,-1.173117453,-2.553522102,15.95869915,87.2
93.181,-1.17225897,-2.752481998,15.95251064,87.3
93.194,-1.170971245,-2.918485347,15.92299828,87.2
93.207,-1.16968352,-3.117445243,15.89300919,87.3
93.22,-1.168825037,-3.316405139,15.86349682,87.2
93.232,-1.167537312,-3.482408487,15.82160744,87.3
93.245,-1.16710807,-3.681368384,15.69209508,87.3
93.258,-1.164961862,-3.88032828,15.76210599,87.3
93.27,-1.16453262,-4.079288176,15.76829449,87.2
93.283,-1.162386412,-4.279468685,15.82021661,87.3
93.296,-1.161098687,-4.478428581,15.79070424,87.2
93.309,-1.158952479,-4.643211317,15.76071515,87.3
93.321,-1.157664754,-4.842171213,15.76690366,87.2
93.334,-1.156377029,-5.008174562,15.72501428,87.3
93.347,-1.154660062,-5.17417791,15.82501428,87.2
93.359,-1.153372337,-5.340181259,15.63739129,87.2
93.372,-1.15165537,-5.473228061,15.53739129,87.3
93.385,-1.150367645,-5.60505425,15.5435798,87.2
93.397,-1.149079921,-5.705144504,15.63120278,87.3
93.41,-1.147792196,-5.771057599,15.63739129,87.2
93.423,-1.147362954,-5.871147853,15.66690366,87.3
93.436,-1.146504471,-5.9041044,15.67309217,87.2
93.448,-1.146075229,-5.9041044,15.66690366,87.3
93.461,-1.145216746,-5.871147853,15.67309217,87.2
93.474,-1.146075229,-5.805234759,15.66690366,87.3
93.486,-1.146075229,-5.738101051,15.69689275,87.2
93.499,-1.146075229,-5.63923141,15.69070424,87.3
93.512,-1.146075229,-5.506184608,15.73259362,87.2
93.524,-1.146075229,-5.373137807,15.72640511,87.3
93.537,-1.146075229,-5.207134458,15.73259362,87.2
93.55,-1.146504471,-5.042351722,15.72640511,87.3
93.563,-1.146504471,-4.876348373,15.76210599,87.3
93.575,-1.147362954,-4.677388477,15.78590657,87.3
93.588,-1.147792196,-4.511385128,15.79209508,87.2
93.601,-1.147792196,-4.345381779,15.82160744,87.3
93.613,-1.149079921,-4.17937843,15.82160744,87.3
93.626,-1.149079921,-4.013375081,15.85730832,87.3
93.639,-1.150367645,-3.847371732,15.89300919,87.3
93.652,-1.150367645,-3.681368384,15.89300919,87.3
93.664,-1.15165537,-3.515365035,15.92299828,87.2
93.677,-1.152513854,-3.350582299,15.91680977,87.3
93.69,-1.153372337,-3.18457895,15.95251064,87.3
93.702,-1.153801579,-3.018575601,15.98821152,87.3
93.715,-1.155089304,-2.852572252,16.1120121,87.2
93.728,-1.155947787,-2.686568903,16.10582359,87.3
93.74,-1.156377029,-2.553522102,16.04771297,87.3
93.753,-1.157235512,-2.388739366,16.08341385,87.3
93.766,-1.158523237,-2.255692564,16.12530323,87.2
93.779,-1.158952479,-2.122645762,16.11911472,87.3
93.791,-1.160240204,-2.023776121,16.11911472,87.3
93.804,-1.160240204,-1.923685866,16.1429153,87.3
93.817,-1.161098687,-1.824816225,16.17861618,87.3
93.829,-1.161527929,-1.757682517,16.17861618,87.3
93.842,-1.162386412,-1.691769423,16.17861618,87.3
93.855,-1.163244895,-1.658812876,16.21431705,87.3
93.867,-1.163244895,-1.625856329,16.21431705,87.3
93.88,-1.163244895,-1.591679168,16.22050556,87.2
93.893,-1.163244895,-1.591679168,16.21431705,87.3
93.906,-1.163674137,-1.591679168,16.22050556,87.2
93.918,-1.163674137,-1.591679168,16.21431705,87.3
93.931,-1.163674137,-1.625856329,16.22050556,87.2
93.944,-1.163674137,-1.658812876,16.21431705,87.3
93.956,-1.163674137,-1.691769423,16.18480468,87.2
93.969,-1.163674137,-1.72472597,16.17861618,87.3
93.982,-1.16453262,-1.790639065,16.18480468,87.2
93.995,-1.163674137,-1.824816225,16.17861618,87.3
94.007,-1.16453262,-1.857772772,16.14910381,87.2
94.02,-1.163674137,-1.923685866,16.2367268,87.3
94.033,-1.163674137,-1.989598961,16.2429153,87.2
94.045,-1.163674137,-2.089689215,16.21911472,87.2
94.058,-1.16453262,-2.155602309,16.11911472,87.3
94.071,-1.163674137,-2.255692564,16.18341385,87.2
94.083,-1.16453262,-2.354562206,16.18341385,87.2
94.096,-1.163674137,-2.45465246,16.14771297,87.2
94.109,-1.163244895,-2.553522102,16.04771297,87.3
94.122,-1.163244895,-2.653612356,16.01820061,87.2
94.134,-1.162386412,-2.752481998,16.0120121,87.3
94.147,-1.162386412,-2.852572252,15.99440003,87.2
94.16,-1.161527929,-2.952662507,15.98202301,87.4
94.172,-1.161527929,-3.084488695,15.95869915,87.2
94.185,-1.161098687,-3.18457895,15.95251064,87.3
94.198,-1.161098687,-3.316405139,15.92918679,87.1
94.21,-1.160240204,-3.416495393,15.89300919,87.3
94.223,-1.160240204,-3.515365035,15.9053862,87.1
94.236,-1.159810962,-3.615455289,15.89300919,87.3
94.249,-1.159810962,-3.715545544,15.86349682,87.2
94.261,-1.158523237,-3.814415185,15.85730832,87.3
94.274,-1.158523237,-3.88032828,15.86349682,87.2
94.287,-1.157664754,-3.980418534,15.82779595,87.2
94.299,-1.157664754,-4.079288176,15.82779595,87.2
94.312,-1.157235512,-4.146421883,15.78590657,87.3
94.325,-1.157235512,-4.17937843,15.88590657,87.2
94.338,-1.156377029,-4.245291525,15.88590657,87.2
94.35,-1.156377029,-4.279468685,15.88590657,87.2
94.363,-1.155947787,-4.312425232,15.88590657,87.2
94.376,-1.155947787,-4.345381779,15.87971806,87.3
94.388,-1.155947787,-4.345381779,15.88590657,87.2
94.401,-1.155947787,-4.345381779,15.87971806,87.3
94.414,-1.155947787,-4.345381779,15.79209508,87.2
94.426,-1.155947787,-4.312425232,15.68590657,87.4
94.439,-1.155947787,-4.245291525,15.69828358,87.2
94.452,-1.155947787,-4.212334977,15.78590657,87.3
94.465,-1.155947787,-4.17937843,15.89209508,87.1
94.477,-1.155089304,-4.113465336,15.88590657,87.2
94.49,-1.155947787,-4.079288176,15.92779595,87.1
94.503,-1.155947787,-4.046331628,15.82160744,87.3
94.515,-1.155947787,-3.980418534,15.92160744,87.2
94.528,-1.155947787,-3.91450544,15.82160744,87.3
94.541,-1.155947787,-3.847371732,15.82779595,87.2
94.553,-1.155947787,-3.781458638,15.86349682,87.2
94.566,-1.156377029,-3.681368384,15.86349682,87.2
94.579,-1.155947787,-3.582498742,15.85730832,87.3
94.592,-1.156377029,-3.482408487,15.8991977,87.2
94.604,-1.156377029,-3.383538846,15.89300919,87.3
94.617,-1.156377029,-3.283448591,15.99300919,87.2
94.63,-1.156377029,-3.18457895,16.11062126,87.2
94.642,-1.157235512,-3.084488695,16.05251064,87.2
94.655,-1.156377029,-3.018575601,15.95251064,87.3
94.668,-1.157664754,-2.918485347,15.95869915,87.2
94.681,-1.157235512,-2.819615705,16.05251064,87.2
94.693,-1.157664754,-2.752481998,16.05251064,87.2
94.706,-1.157664754,-2.686568903,16.08821152,87.2
94.719,-1.158952479,-2.587699262,16.08821152,87.2
94.731,-1.158523237,-2.520565554,16.0120121,87.3
94.744,-1.158952479,-2.45465246,16.01820061,87.2
94.757,-1.158952479,-2.388739366,16.04771297,87.3
94.769,-1.159810962,-2.321605658,16.14771297,87.2
94.782,-1.159810962,-2.288649111,16.14771297,87.2
94.795,-1.160240204,-2.222736017,16.18341385,87.2
94.808,-1.160240204,-2.155602309,16.08341385,87.3
94.82,-1.160240204,-2.122645762,16.08341385,87.3
94.833,-1.160240204,-2.056732668,16.18960235,87.1
94.846,-1.160240204,-2.023776121,16.18341385,87.2
94.858,-1.161098687,-1.989598961,16.22530323,87.1
94.871,-1.161098687,-1.989598961,16.11911472,87.3
94.884,-1.161527929,-1.956642413,16.12530323,87.2
94.896,-1.161098687,-1.956642413,16.21292621,87.3
94.909,-1.161527929,-1.956642413,16.31911472,87.1
94.922,-1.161527929,-1.923685866,16.30673771,87.3
94.935,-1.161527929,-1.923685866,16.22530323,87.1
94.947,-1.161527929,-1.890729319,16.21292621,87.3
94.96,-1.162386412,-1.890729319,16.22530323,87.1
94.973,-1.161527929,-1.890729319,16.21292621,87.3
94.985,-1.162386412,-1.857772772,16.22530323,87.1
94.998,-1.161527929,-1.857772772,16.21292621,87.3
95.011,-1.162386412,-1.824816225,16.24910381,87.1
95.024,-1.162386412,-1.824816225,16.2429153,87.2
95.036,-1.163244895,-1.790639065,16.24910381,87.1
95.049,-1.162386412,-1.790639065,16.2429153,87.2
95.062,-1.162386412,-1.790639065,16.14910381,87.2
95.074,-1.162386412,-1.790639065,16.24910381,87.1
95.087,-1.162386412,-1.757682517,16.21911472,87.2
95.1,-1.163244895,-1.757682517,16.24910381,87.1
95.112,-1.163244895,-1.757682517,16.1429153,87.3
95.125,-1.163244895,-1.72472597,16.15529232,87.1
95.138,-1.162386412,-1.72472597,16.1429153,87.3
95.151,-1.163244895,-1.691769423,16.15529232,87.1
95.163,-1.163244895,-1.691769423,16.1429153,87.3
95.176,-1.163674137,-1.658812876,16.18480468,87.2
95.189,-1.163674137,-1.625856329,16.17861618,87.3
95.201,-1.163674137,-1.591679168,16.28480468,87.1
95.214,-1.163674137,-1.558722621,16.27861618,87.2
95.227,-1.16453262,-1.525766074,16.27861618,87.2
95.239,-1.163674137,-1.492809527,16.27861618,87.2
95.252,-1.16453262,-1.45985298,16.27861618,87.2
95.265,-1.16453262,-1.45985298,16.31431705,87.2
95.278,-1.164961862,-1.426896432,16.31431705,87.2
95.29,-1.164961862,-1.392719272,16.31431705,87.2
95.303,-1.164961862,-1.359762725,16.31431705,87.2
95.316,-1.164961862,-1.326806178,16.33811763,87.2
95.328,-1.164961862,-1.293849631,16.31431705,87.2
95.341,-1.164961862,-1.260893084,16.31431705,87.2
95.354,-1.165820345,-1.260893084,16.31431705,87.2
95.367,-1.165820345,-1.226715924,16.24430614,87.2
95.379,-1.166249587,-1.226715924,16.33811763,87.2
95.392,-1.165820345,-1.226715924,16.24430614,87.2
95.405,-1.166249587,-1.193759376,16.24430614,87.2
95.417,-1.166249587,-1.193759376,16.24430614,87.2
95.43,-1.166249587,-1.193759376,16.33811763,87.2
95.443,-1.166249587,-1.193759376,16.23811763,87.3
95.455,-1.166249587,-1.226715924,16.23811763,87.3
95.468,-1.166249587,-1.226715924,16.23811763,87.3
95.481,-1.166249587,-1.260893084,16.23811763,87.3
95.494,-1.16710807,-1.293849631,16.31431705,87.2
95.506,-1.166249587,-1.326806178,16.31431705,87.2
95.519,-1.166249587,-1.359762725,16.41431705,87.1
95.532,-1.166249587,-1.359762725,16.40812854,87.2
95.544,-1.16710807,-1.426896432,16.40812854,87.2
95.557,-1.166249587,-1.45985298,16.40812854,87.2
95.57,-1.166249587,-1.492809527,16.27861618,87.2
95.582,-1.166249587,-1.525766074,16.27861618,87.2
95.595,-1.166249587,-1.591679168,16.27861618,87.2
95.608,-1.165820345,-1.625856329,16.27861618,87.2
95.621,-1.166249587,-1.658812876,16.2429153,87.2
95.633,-1.165820345,-1.72472597,16.2429153,87.2
95.646,-1.166249587,-1.790639065,16.22530323,87.1
95.659,-1.165820345,-1.857772772,16.21292621,87.3
95.671,-1.166249587,-1.923685866,16.22530323,87.1
95.684,-1.166249587,-1.989598961,16.21292621,87.3
95.697,-1.166249587,-2.056732668,16.18960235,87.1
95.71,-1.165820345,-2.122645762,16.18341385,87.2
95.722,-1.165820345,-2.18977947,16.15390148,87.1
95.735,-1.164961862,-2.255692564,16.14771297,87.2
95.748,-1.165820345,-2.321605658,16.15390148,87.1
95.76,-1.165820345,-2.388739366,16.1120121,87.2
95.773,-1.164961862,-2.45465246,16.1120121,87.2
95.786,-1.16453262,-2.520565554,16.1120121,87.2
95.798,-1.16453262,-2.553522102,16.08821152,87.2
95.811,-1.16453262,-2.620655809,16.09440003,87.1
95.824,-1.163674137,-2.686568903,16.08821152,87.2
95.837,-1.163674137,-2.71952545,16.15251064,87.1
95.849,-1.163244895,-2.786659158,16.14632214,87.2
95.862,-1.163244895,-2.819615705,16.05251064,87.2
95.875,-1.163244895,-2.852572252,16.04632214,87.3
95.887,-1.163674137,-2.885528799,16.02299828,87.1
95.9,-1.163244895,-2.885528799,16.04632214,87.3
95.913,-1.163244895,-2.885528799,16.02299828,87.1
95.925,-1.162386412,-2.885528799,16.01062126,87.3
95.938,-1.163244895,-2.885528799,16.02299828,87.1
95.951,-1.163244895,-2.885528799,16.05251064,87.2
95.964,-1.163244895,-2.852572252,16.02299828,87.1
95.976,-1.163244895,-2.852572252,16.05251064,87.2
95.989,-1.163244895,-2.819615705,16.05869915,87.1
96.002,-1.163244895,-2.752481998,16.05869915,87.1
96.014,-1.163244895,-2.71952545,16.08821152,87.2
96.027,-1.163244895,-2.686568903,16.08821152,87.2
96.04,-1.163244895,-2.653612356,16.08821152,87.2
96.053,-1.163244895,-2.587699262,16.09440003,87.1
96.065,-1.163244895,-2.553522102,16.08821152,87.2
96.078,-1.163674137,-2.487609007,16.09440003,87.1
96.091,-1.163674137,-2.421695913,16.1120121,87.2
96.103,-1.163674137,-2.354562206,16.11820061,87.1
96.116,-1.163244895,-2.288649111,16.20582359,87.2
96.129,-1.163674137,-2.222736017,16.24771297,87.1
96.141,-1.163674137,-2.155602309,16.14771297,87.2
96.154,-1.16453262,-2.056732668,16.14771297,87.2
96.167,-1.16453262,-1.956642413,16.18341385,87.2
96.18,-1.16453262,-1.857772772,16.18341385,87.2
96.192,-1.163674137,-1.757682517,16.21911472,87.2
96.205,-1.164961862,-1.691769423,16.21911472,87.2
96.218,-1.16453262,-1.591679168,16.2429153,87.2
96.23,-1.165820345,-1.492809527,16.27861618,87.2
96.243,-1.164961862,-1.392719272,16.27861618,87.2
96.256,-1.165820345,-1.293849631,16.31431705,87.2
96.268,-1.165820345,-1.226715924,16.32050556,87.1
96.281,-1.166249587,-1.127846282,16.33811763,87.2
96.294,-1.166249587,-1.027756028,16.34430614,87.1
96.307,-1.16710807,-0.961842933,16.28000701,87.2
96.319,-1.167537312,-0.862973292,16.38000701,87.1
96.332,-1.168395795,-0.795839584,16.41570789,87.1
96.345,-1.168825037,-0.72992649,16.41570789,87.1
96.357,-1.16968352,-0.629836235,16.31570789,87.2
96.37,-1.170112762,-0.563923141,16.35140876,87.2
96.383,-1.171829728,-0.498010047,16.45140876,87.1
96.396,-1.171829728,-0.430876339,16.44522025,87.2
96.408,-1.173117453,-0.332006698,16.56902083,87.1
96.421,-1.173546695,-0.26487299,16.5985332,87.2
96.434,-1.174405178,-0.198959896,16.60472171,87.1
96.446,-1.17483442,-0.133046802,16.5985332,87.2
96.459,-1.175692903,-0.065913094,16.64042258,87.1
96.472,-1.176122145,0,16.64042258,87.1
96.484,-1.176980628,0.065913094,16.67612345,87.1
96.497,-1.17740987,0.133046802,16.67612345,87.1
96.51,-1.178268353,0.231916443,16.69992404,87.1
96.523,-1.179556078,0.299050151,16.63562491,87.2
96.535,-1.179556078,0.332006698,16.63562491,87.2
96.548,-1.180843803,0.397919792,16.63562491,87.2
96.561,-1.181702287,0.463832887,16.67132578,87.2
96.573,-1.182131528,0.530966594,16.67751429,87.1
96.586,-1.182990012,0.563923141,16.67132578,87.2
96.599,-1.184277737,0.629836235,16.70131487,87.1
96.611,-1.184277737,0.662792783,16.69512636,87.2
96.624,-1.185565461,0.696969943,16.70131487,87.1
96.637,-1.185565461,0.696969943,16.69512636,87.2
96.65,-1.185994703,0.696969943,16.70131487,87.1
96.662,-1.186853186,0.662792783,16.69512636,87.2
96.675,-1.187282428,0.662792783,16.79512636,87.1
96.688,-1.186853186,0.629836235,16.78893786,87.2
96.7,-1.187282428,0.629836235,16.79512636,87.1
96.713,-1.187282428,0.596879688,16.78893786,87.2
96.726,-1.187282428,0.563923141,16.78893786,87.2
96.739,-1.187282428,0.530966594,16.78893786,87.2
96.751,-1.187282428,0.498010047,16.77132578,87.1
96.764,-1.187282428,0.430876339,16.77132578,87.1
96.777,-1.187282428,0.364963245,16.77132578,87.1
96.789,-1.187282428,0.299050151,16.64181342,87.1
96.802,-1.186853186,0.26487299,16.63562491,87.2
96.815,-1.187282428,0.166003349,16.60611254,87.1
96.827,-1.186853186,0.100090254,16.57612345,87.2
96.84,-1.187282428,0,16.58231196,87.1
96.853,-1.186853186,-0.100090254,16.57612345,87.2
96.866,-1.187282428,-0.198959896,16.54661109,87.1
96.878,-1.186853186,-0.299050151,16.50472171,87.2
96.891,-1.186853186,-0.397919792,16.51091021,87.1
96.904,-1.185994703,-0.498010047,16.37520934,87.2
96.916,-1.185994703,-0.596879688,16.35140876,87.2
96.929,-1.185994703,-0.72992649,16.31570789,87.2
96.942,-1.185565461,-0.828796131,16.28000701,87.2
96.954,-1.184706978,-0.928886386,16.38000701,87.1
96.967,-1.184706978,-1.061933188,16.33811763,87.2
96.98,-1.184277737,-1.193759376,16.32050556,87.1
96.993,-1.183419253,-1.326806178,16.27861618,87.2
97.005,-1.182990012,-1.45985298,16.3429153,87.1
97.018,-1.181702287,-1.591679168,16.40673771,87.2
97.031,-1.181702287,-1.72472597,16.28341385,87.1
97.043,-1.180843803,-1.857772772,16.18341385,87.2
97.056,-1.180843803,-1.989598961,16.15390148,87.1
97.069,-1.179556078,-2.155602309,16.2120121,87.1
97.082,-1.179556078,-2.288649111,16.11820061,87.1
97.094,-1.178697595,-2.421695913,16.1120121,87.2
97.107,-1.178268353,-2.553522102,16.09440003,87.1
97.12,-1.17740987,-2.686568903,16.05251064,87.2
97.132,-1.176980628,-2.786659158,16.01680977,87.2
97.145,-1.175692903,-2.918485347,16.01680977,87.2
97.158,-1.175692903,-3.018575601,15.99300919,87.2
97.17,-1.174405178,-3.151622403,15.9991977,87.1
97.183,-1.174405178,-3.250492044,15.96349682,87.1
97.196,-1.173117453,-3.350582299,15.96349682,87.1
97.209,-1.17225897,-3.416495393,15.92160744,87.2
97.221,-1.171829728,-3.482408487,15.92779595,87.1
97.234,-1.171829728,-3.515365035,15.92160744,87.2
97.247,-1.170971245,-3.549542195,16.02160744,87.1
97.259,-1.170971245,-3.549542195,16.01541894,87.2
97.272,-1.170112762,-3.515365035,16.02160744,87.1
97.285,-1.170112762,-3.482408487,15.92160744,87.2
97.297,-1.170112762,-3.44945194,15.92160744,87.2
97.31,-1.170971245,-3.383538846,15.92160744,87.2
97.323,-1.170971245,-3.316405139,15.92160744,87.2
97.336,-1.170971245,-3.217535497,15.95730832,87.2
97.348,-1.170971245,-3.151622403,16.05730832,87.1
97.361,-1.170971245,-3.051532148,16.05730832,87.1
97.374,-1.170971245,-2.952662507,15.99300919,87.2
97.386,-1.170971245,-2.819615705,15.99300919,87.2
97.399,-1.171829728,-2.71952545,16.01680977,87.2
97.412,-1.171829728,-2.587699262,16.01680977,87.2
97.424,-1.171829728,-2.487609007,16.15251064,87.1
97.437,-1.171829728,-2.354562206,16.08821152,87.2
97.45,-1.17225897,-2.255692564,16.1120121,87.2
97.463,-1.17225897,-2.122645762,16.1120121,87.2
97.475,-1.173117453,-1.989598961,16.24771297,87.1
97.488,-1.173117453,-1.857772772,16.14771297,87.2
97.501,-1.173546695,-1.72472597,16.18341385,87.2
97.513,-1.174405178,-1.625856329,16.21911472,87.2
97.526,-1.17483442,-1.492809527,16.21911472,87.2
97.539,-1.17483442,-1.392719272,16.3429153,87.1
97.552,-1.175692903,-1.260893084,16.38480468,87
97.564,-1.175692903,-1.160802829,16.37861618,87.1
97.577,-1.176980628,-1.061933188,16.51431705,87
97.59,-1.176122145,-0.961842933,16.53192912,87.1
97.602,-1.17740987,-0.862973292,16.43811763,87.1
97.615,-1.17740987,-0.762883037,16.4738185,87.1
97.628,-1.178697595,-0.662792783,16.4738185,87.1
97.64,-1.178697595,-0.596879688,16.50951938,87.1
97.653,-1.179556078,-0.530966594,16.50951938,87.1
97.666,-1.179556078,-0.463832887,16.50951938,87.1
97.679,-1.17998532,-0.430876339,16.54522025,87.1
97.691,-1.17998532,-0.397919792,16.54522025,87.1
97.704,-1.17998532,-0.397919792,16.44522025,87.2
97.717,-1.180843803,-0.397919792,16.45140876,87.1
97.729,-1.180843803,-0.397919792,16.44522025,87.2
97.742,-1.180843803,-0.430876339,16.45140876,87.1
97.755,-1.17998532,-0.430876339,16.44522025,87.2
97.768,-1.180843803,-0.463832887,16.45140876,87.1
97.78,-1.17998532,-0.498010047,16.40951938,87.2
97.793,-1.180843803,-0.563923141,16.41570789,87.1
97.806,-1.180843803,-0.629836235,16.40951938,87.2
97.818,-1.180843803,-0.696969943,16.41570789,87.1
97.831,-1.180843803,-0.72992649,16.40951938,87.2
97.844,-1.180843803,-0.795839584,16.38000701,87.1
97.856,-1.17998532,-0.862973292,16.4738185,87.1
97.869,-1.180843803,-0.961842933,16.43811763,87.1
97.882,-1.17998532,-1.061933188,16.43811763,87.1
97.895,-1.17998532,-1.160802829,16.40812854,87.2
97.907,-1.17998532,-1.260893084,16.37861618,87.1
97.92,-1.179556078,-1.359762725,16.37242767,87.2
97.933,-1.179556078,-1.45985298,16.34910381,87
97.945,-1.179556078,-1.591679168,16.31292621,87.2
97.958,-1.178697595,-1.691769423,16.18960235,87.1
97.971,-1.178697595,-1.824816225,16.14152447,87.3
97.983,-1.178268353,-1.956642413,16.15390148,87.1
97.996,-1.178268353,-2.089689215,16.14771297,87.2
98.009,-1.17740987,-2.222736017,16.12438911,87
98.022,-1.176980628,-2.354562206,16.08821152,87.2
98.034,-1.176980628,-2.487609007,16.06488766,87
98.047,-1.175692903,-2.620655809,16.01680977,87.2
98.06,-1.175692903,-2.786659158,15.9991977,87.1
98.072,-1.17483442,-2.918485347,15.99300919,87.2
98.085,-1.174405178,-3.084488695,16.06349682,87
98.098,-1.173546695,-3.217535497,15.92160744,87.2
98.111,-1.173117453,-3.350582299,15.92779595,87.1
98.123,-1.171829728,-3.515365035,15.89209508,87.1
98.136,-1.170971245,-3.648411836,15.89209508,87.1
98.149,-1.16968352,-3.748502091,15.89209508,87.1
98.161,-1.16968352,-3.88032828,15.96210599,87.1
98.174,-1.168395795,-4.013375081,15.92640511,87.1
98.187,-1.167537312,-4.113465336,16.02021661,87.1
98.199,-1.166249587,-4.212334977,16.02640511,87
98.212,-1.165820345,-4.312425232,16.02021661,87.1
98.225,-1.16453262,-4.378338326,15.99070424,87
98.238,-1.16453262,-4.411294873,15.98451573,87.1
98.25,-1.163244895,-4.444251421,15.89070424,87.1
98.263,-1.163244895,-4.444251421,15.79070424,87.2
98.276,-1.162386412,-4.444251421,15.79689275,87.1
98.288,-1.163244895,-4.411294873,15.89070424,87.1
98.301,-1.162386412,-4.345381779,15.89070424,87.1
98.314,-1.163244895,-4.245291525,15.92640511,87.1
98.326,-1.162386412,-4.146421883,15.92640511,87.1
98.339,-1.163244895,-4.046331628,15.92640511,87.1
98.352,-1.162386412,-3.91450544,15.96210599,87.1
98.365,-1.163244895,-3.781458638,15.96210599,87.1
98.377,-1.163244895,-3.615455289,15.98590657,87.1
98.39,-1.163244895,-3.482408487,15.98590657,87.1
98.403,-1.163244895,-3.316405139,16.02160744,87.1
98.415,-1.163674137,-3.18457895,16.05730832,87.1
98.428,-1.16453262,-3.018575601,16.05730832,87.1
98.441,-1.16453262,-2.885528799,16.09300919,87.1
98.454,-1.165820345,-2.752481998,16.09300919,87.1
98.466,-1.165820345,-2.620655809,16.11680977,87.1
98.479,-1.166249587,-2.487609007,16.15869915,87
98.492,-1.166249587,-2.321605658,16.18821152,87.1
98.504,-1.16710807,-2.18977947,16.19440003,87
98.517,-1.167537312,-2.056732668,16.1120121,87.2
98.53,-1.168825037,-1.923685866,16.15390148,87.1
98.542,-1.168825037,-1.790639065,16.24152447,87.2
98.555,-1.170112762,-1.658812876,16.28341385,87.1
98.568,-1.170112762,-1.558722621,16.31911472,87.1
98.581,-1.170971245,-1.426896432,16.24910381,87.1
98.593,-1.171829728,-1.326806178,16.3429153,87.1
98.606,-1.173117453,-1.193759376,16.3429153,87.1
98.619,-1.173117453,-1.094889735,16.37861618,87.1
98.631,-1.173546695,-0.99479948,16.41431705,87.1
98.644,-1.174405178,-0.895929839,16.41431705,87.1
98.657,-1.17483442,-0.795839584,16.43192912,87.2
98.669,-1.17483442,-0.72992649,16.43811763,87.1
98.682,-1.175692903,-0.696969943,16.46763,87.2
98.695,-1.176122145,-0.662792783,16.48000701,87
98.708,-1.176122145,-0.629836235,16.4738185,87.1
98.72,-1.176980628,-0.629836235,16.38619552,87
98.733,-1.176122145,-0.662792783,16.3738185,87.2
98.746,-1.176980628,-0.662792783,16.48000701,87
98.758,-1.176980628,-0.72992649,16.46763,87.2
98.771,-1.176980628,-0.762883037,16.48000701,87
98.784,-1.176980628,-0.828796131,16.46763,87.2
98.796,-1.17740987,-0.862973292,16.44430614,87
98.809,-1.176980628,-0.928886386,16.33811763,87.2
98.822,-1.17740987,-0.99479948,16.32050556,87.1
98.835,-1.176980628,-1.061933188,16.32050556,87.1
98.847,-1.176980628,-1.127846282,16.28480468,87.1
98.86,-1.176980628,-1.226715924,16.28480468,87.1
98.873,-1.176980628,-1.326806178,16.27861618,87.2
98.885,-1.176122145,-1.426896432,16.24910381,87.1
98.898,-1.176122145,-1.525766074,16.31911472,87.1
98.911,-1.175692903,-1.625856329,16.41911472,87
98.924,-1.175692903,-1.72472597,16.37103683,87.2
98.936,-1.175692903,-1.857772772,16.25390148,87
98.949,-1.17483442,-1.989598961,16.1120121,87.2
98.962,-1.17483442,-2.089689215,16.21820061,87
98.974,-1.174405178,-2.222736017,16.18821152,87.1
98.987,-1.173546695,-2.354562206,16.19440003,87
99,-1.173117453,-2.520565554,16.15251064,87.1
99.012,-1.173117453,-2.653612356,16.12299828,87
99.025,-1.17225897,-2.786659158,16.09300919,87.1
99.038,-1.171829728,-2.918485347,16.0991977,87
99.051,-1.170971245,-3.084488695,16.05730832,87.1
99.063,-1.170112762,-3.217535497,16.02779595,87
99.076,-1.16968352,-3.350582299,15.98590657,87.1
99.089,-1.16968352,-3.515365035,15.99209508,87
99.101,-1.168395795,-3.648411836,15.96829449,87
99.114,-1.168395795,-3.781458638,15.86829449,87.1
99.127,-1.166249587,-3.947461987,15.83259362,87.1
99.139,-1.166249587,-4.046331628,15.92640511,87.1
99.152,-1.164961862,-4.17937843,15.89689275,87
99.165,-1.16453262,-4.312425232,15.79689275,87.1
99.178,-1.163674137,-4.411294873,15.86690366,87.1
99.19,-1.163244895,-4.511385128,15.96690366,87
99.203,-1.161527929,-4.610254769,15.96071515,87.1
99.216,-1.161527929,-4.677388477,15.86690366,87.1
99.228,-1.160240204,-4.743301571,15.83120278,87.1
99.241,-1.160240204,-4.776258118,15.83120278,87.1
99.254,-1.159810962,-4.776258118,15.86690366,87.1
99.267,-1.159810962,-4.776258118,15.86690366,87.1
99.279,-1.159810962,-4.743301571,15.86690366,87.1
99.292,-1.159810962,-4.677388477,15.86690366,87.1
99.305,-1.159810962,-4.610254769,15.86690366,87.1
99.317,-1.159810962,-4.511385128,15.89070424,87.1
99.33,-1.159810962,-4.378338326,15.89070424,87.1
99.343,-1.159810962,-4.279468685,15.92640511,87.1
99.355,-1.159810962,-4.113465336,15.92640511,87.1
99.368,-1.159810962,-3.980418534,15.96210599,87.1
99.381,-1.159810962,-3.814415185,15.96829449,87
99.394,-1.159810962,-3.648411836,15.98590657,87.1
99.406,-1.160240204,-3.482408487,16.02779595,87
99.419,-1.160240204,-3.316405139,15.92160744,87.2
99.432,-1.161527929,-3.151622403,15.96349682,87.1
99.444,-1.161527929,-2.985619054,16.05111981,87.2
99.457,-1.163244895,-2.819615705,16.19300919,87
99.47,-1.163244895,-2.653612356,16.21062126,87.1
99.482,-1.16453262,-2.487609007,16.15869915,87
99.495,-1.16453262,-2.321605658,16.18202301,87.2
99.508,-1.165820345,-2.155602309,16.21820061,87
99.521,-1.166249587,-1.989598961,16.20582359,87.2
99.533,-1.167537312,-1.824816225,16.24771297,87.1
99.546,-1.168395795,-1.658812876,16.28341385,87.1
99.559,-1.16968352,-1.492809527,16.32530323,87
99.571,-1.170112762,-1.326806178,16.37861618,87.1
99.584,-1.171829728,-1.160802829,16.42050556,87
99.597,-1.17225897,-1.027756028,16.44430614,87
99.61,-1.173117453,-0.862973292,16.43811763,87.1
99.622,-1.174405178,-0.696969943,16.4738185,87.1
99.635,-1.175692903,-0.530966594,16.50951938,87.1
99.648,-1.176122145,-0.364963245,16.55140876,87
99.66,-1.17740987,-0.231916443,16.56902083,87.1
99.673,-1.178697595,-0.100090254,16.61709872,86.9
99.686,-1.179556078,0.065913094,16.64042258,87.1
99.698,-1.181702287,0.198959896,16.68231196,87
99.711,-1.182990012,0.332006698,16.69373553,87.2
99.724,-1.184706978,0.463832887,16.74181342,87
99.737,-1.185565461,0.596879688,16.76513728,87.2
99.749,-1.186853186,0.696969943,16.87132578,87
99.762,-1.187282428,0.795839584,16.88893786,87.1
99.775,-1.188570153,0.862973292,16.93082724,87
99.787,-1.189428636,0.928886386,16.92463873,87.1
99.8,-1.190716361,0.961842933,16.96652811,87
99.813,-1.191574845,0.961842933,16.96652811,87
99.826,-1.192004086,0.928886386,16.93082724,87
99.838,-1.192004086,0.895929839,16.83701575,87
99.851,-1.19286257,0.828796131,16.83082724,87.1
99.864,-1.192004086,0.762883037,16.74320425,87
99.876,-1.192004086,0.662792783,16.70131487,87.1
99.889,-1.192004086,0.596879688,16.70131487,87.1
99.902,-1.192004086,0.498010047,16.77132578,87.1
99.914,-1.192004086,0.397919792,16.74181342,87
99.927,-1.192004086,0.299050151,16.73562491,87.1
99.94,-1.192004086,0.166003349,16.70611254,87
99.953,-1.192004086,0.065913094,16.67612345,87.1
99.965,-1.191574845,-0.065913094,16.64661109,87
99.978,-1.191574845,-0.198959896,16.60472171,87.1
99.991,-1.191574845,-0.332006698,16.57520934,87
100.003,-1.190716361,-0.463832887,16.63903174,87.1
100.016,-1.190716361,-0.596879688,16.60951938,87
100.029,-1.190716361,-0.762883037,16.4738185,87.1
100.041,-1.189857878,-0.895929839,16.43811763,87.1
100.054,-1.188570153,-1.061933188,16.41431705,87.1
100.067,-1.188570153,-1.226715924,16.47861618,87
100.08,-1.186853186,-1.426896432,16.37861618,87.1
100.092,-1.185994703,-1.591679168,16.31911472,87.1
100.105,-1.184706978,-1.757682517,16.28341385,87.1
100.118,-1.184706978,-1.956642413,16.24771297,87.1
100.13,-1.183419253,-2.122645762,16.2120121,87.1
100.143,-1.182990012,-2.321605658,16.21820061,87
100.156,-1.181702287,-2.520565554,16.18821152,87.1
100.168,-1.180843803,-2.686568903,16.15869915,87
100.181,-1.179556078,-2.885528799,16.09300919,87.1
100.194,-1.178268353,-3.084488695,16.0991977,87
100.207,-1.176980628,-3.316405139,15.96349682,87.1
100.219,-1.175692903,-3.482408487,15.92779595,87.1
100.232,-1.174405178,-3.681368384,15.98590657,87.1
100.245,-1.173117453,-3.88032828,15.86829449,87.1
100.257,-1.170112762,-4.046331628,16.02640511,87
100.27,-1.168825037,-4.245291525,15.99070424,87
100.283,-1.167537312,-4.411294873,15.98451573,87.1
100.296,-1.166249587,-4.544341675,15.96690366,87
100.308,-1.16453262,-4.710345024,15.96071515,87.1
100.321,-1.162386412,-4.842171213,15.93120278,87
100.334,-1.161098687,-4.975218014,15.93120278,87
100.346,-1.159810962,-5.108264816,15.93120278,87
100.359,-1.158523237,-5.207134458,15.93120278,87
100.372,-1.157235512,-5.274268165,15.89550191,87
100.384,-1.156377029,-5.340181259,15.89550191,87
100.397,-1.155089304,-5.406094354,15.8893134,87.1
100.41,-1.155089304,-5.406094354,15.83739129,87
100.423,-1.154660062,-5.406094354,15.82501428,87.2
100.435,-1.155089304,-5.340181259,15.87309217,87
100.448,-1.154660062,-5.274268165,15.86690366,87.1
100.461,-1.155947787,-5.207134458,15.87309217,87
100.473,-1.155089304,-5.108264816,15.86071515,87.2
100.486,-1.155947787,-5.008174562,15.89689275,87
100.499,-1.155089304,-4.876348373,15.88451573,87.2
100.511,-1.155089304,-4.743301571,16.02640511,87
100.524,-1.155089304,-4.577298222,16.02640511,87
100.537,-1.156377029,-4.444251421,16.06210599,87
100.55,-1.156377029,-4.279468685,16.06210599,87
100.562,-1.156377029,-4.146421883,16.07971806,87.1
100.575,-1.156377029,-4.013375081,16.08590657,87
100.588,-1.157235512,-3.88032828,16.11541894,87.1
100.6,-1.157664754,-3.748502091,16.12160744,87
100.613,-1.158523237,-3.615455289,16.11541894,87.1
100.626,-1.158523237,-3.44945194,16.06349682,87
100.639,-1.158952479,-3.316405139,16.05111981,87.2
100.651,-1.159810962,-3.18457895,16.0991977,87
100.664,-1.160240204,-3.051532148,15.99300919,87.2
100.677,-1.161098687,-2.918485347,16.12299828,87
100.689,-1.161527929,-2.786659158,16.11680977,87.1
100.702,-1.162386412,-2.653612356,16.15869915,87
100.715,-1.163244895,-2.553522102,16.18821152,87.1
100.727,-1.163674137,-2.421695913,16.21820061,87
100.74,-1.163674137,-2.321605658,16.21820061,87
100.753,-1.164961862,-2.222736017,16.25390148,87
100.766,-1.164961862,-2.122645762,16.25390148,87
100.778,-1.165820345,-2.056732668,16.24771297,87.1
100.791,-1.166249587,-1.989598961,16.28960235,87
100.804,-1.16710807,-1.956642413,16.28341385,87.1
100.816,-1.16710807,-1.923685866,16.38341385,87
100.829,-1.16710807,-1.923685866,16.47722534,87
100.842,-1.16710807,-1.923685866,16.51911472,86.9
100.854,-1.16710807,-1.956642413,16.31911472,87.1
100.867,-1.167537312,-1.956642413,16.28960235,87
100.88,-1.167537312,-1.989598961,16.38341385,87
100.893,-1.167537312,-2.023776121,16.28341385,87.1
100.905,-1.168395795,-2.056732668,16.28341385,87.1
100.918,-1.167537312,-2.122645762,16.28960235,87
100.931,-1.167537312,-2.18977947,16.28341385,87.1
100.943,-1.167537312,-2.255692564,16.25390148,87
100.956,-1.167537312,-2.321605658,16.24771297,87.1
100.969,-1.167537312,-2.388739366,16.2120121,87.1
100.982,-1.16710807,-2.487609007,16.2120121,87.1
100.994,-1.167537312,-2.587699262,16.2120121,87.1
101.007,-1.16710807,-2.686568903,16.19440003,87
101.02,-1.16710807,-2.786659158,16.19440003,87
101.032,-1.166249587,-2.918485347,16.15869915,87
101.045,-1.166249587,-3.051532148,16.12299828,87
101.058,-1.165820345,-3.18457895,16.19300919,87
101.07,-1.165820345,-3.316405139,16.28682068,87
101.083,-1.16453262,-3.44945194,16.15730832,87
101.096,-1.16453262,-3.582498742,16.02779595,87
101.109,-1.163674137,-3.748502091,16.02160744,87.1
101.121,-1.163244895,-3.91450544,16.09209508,86.9
101.134,-1.161527929,-4.046331628,16.08590657,87
101.147,-1.161527929,-4.245291525,16.06829449,86.9
101.159,-1.160240204,-4.378338326,16.06210599,87
101.172,-1.160240204,-4.544341675,16.03259362,86.9
101.185,-1.158952479,-4.710345024,15.99070424,87
101.197,-1.158523237,-4.876348373,15.99689275,86.9
101.21,-1.157235512,-5.042351722,15.96690366,87
101.223,-1.157235512,-5.207134458,15.97309217,86.9
101.236,-1.155947787,-5.373137807,15.93120278,87
101.248,-1.154660062,-5.506184608,15.93739129,86.9
101.261,-1.153372337,-5.672187957,15.93120278,87
101.274,-1.15165537,-5.805234759,15.93120278,87
101.286,-1.149938404,-5.937060947,15.93120278,87
101.299,-1.148650679,-6.037151202,15.93120278,87
101.312,-1.147362954,-6.136020844,16.03120278,86.9
101.325,-1.145216746,-6.203154551,15.93120278,87
101.337,-1.144787504,-6.269067645,15.93739129,86.9
101.35,-1.143499779,-6.302024192,15.93120278,87
101.363,-1.143499779,-6.302024192,15.93739129,86.9
101.375,-1.142641296,-6.269067645,15.96690366,87
101.388,-1.142641296,-6.203154551,15.97309217,86.9
101.401,-1.142641296,-6.070107749,15.96690366,87
101.413,-1.142641296,-5.937060947,15.97309217,86.9
101.426,-1.142641296,-5.771057599,15.99070424,87
101.439,-1.143499779,-5.539141155,15.99689275,86.9
101.452,-1.143499779,-5.307224712,16.02640511,87
101.464,-1.143929021,-5.075308269,16.06210599,87
101.477,-1.144787504,-4.842171213,16.08590657,87
101.49,-1.146075229,-4.610254769,15.98590657,87.1
101.502,-1.146504471,-4.378338326,16.02779595,87
101.515,-1.147792196,-4.146421883,16.05730832,87.1
101.528,-1.148650679,-3.91450544,16.0991977,87
101.54,-1.149938404,-3.681368384,16.09300919,87.1
101.553,-1.151226129,-3.44945194,16.25869915,86.9
101.566,-1.15165537,-3.217535497,16.18821152,87.1
101.579,-1.153372337,-3.018575601,16.19440003,87
101.591,-1.154660062,-2.786659158,16.30582359,87.1
101.604,-1.155947787,-2.553522102,16.34771297,87
101.617,-1.157235512,-2.321605658,16.41292621,87.1
101.629,-1.158952479,-2.122645762,16.4429153,87
101.642,-1.159810962,-1.890729319,16.47242767,87.1
101.655,-1.161527929,-1.658812876,16.61431705,86.9
101.668,-1.163244895,-1.45985298,16.63192912,87
101.68,-1.164961862,-1.226715924,16.5738185,87
101.693,-1.166249587,-1.027756028,16.60951938,87
101.706,-1.168395795,-0.795839584,16.64522025,87
101.718,-1.16968352,-0.563923141,16.67520934,86.9
101.731,-1.17225897,-0.364963245,16.60472171,87.1
101.744,-1.173546695,-0.133046802,16.68231196,87
101.756,-1.176122145,0.065913094,16.69992404,87.1
101.769,-1.178268353,0.26487299,16.77751429,87
101.782,-1.180843803,0.463832887,16.79512636,87.1
101.795,-1.183419253,0.662792783,16.84320425,86.9
101.807,-1.185994703,0.862973292,16.90841749,87
101.82,-1.188140911,1.027756028,16.93221807,87
101.833,-1.191574845,1.160802829,16.96173044,87.1
101.845,-1.193291811,1.293849631,17.00361982,87
101.858,-1.19543802,1.392719272,17.0212319,87.1
101.871,-1.197154986,1.426896432,17.15693277,87
101.883,-1.198442711,1.426896432,17.25074426,87
101.896,-1.199301195,1.426896432,17.25074426,87
101.909,-1.199730436,1.359762725,17.25693277,86.9
101.922,-1.199730436,1.260893084,17.21504339,87
101.934,-1.199730436,1.160802829,17.21504339,87
101.947,-1.199730436,1.061933188,17.19124281,87
101.96,-1.199730436,0.961842933,17.19124281,87
101.972,-1.199730436,0.828796131,17.15554193,87
101.985,-1.199730436,0.662792783,17.03221807,86.9
101.998,-1.199730436,0.530966594,17.00222898,87
102.011,-1.199301195,0.364963245,16.83701575,87
102.023,-1.199301195,0.231916443,16.79512636,87.1
102.036,-1.198442711,0.065913094,16.87132578,87
102.049,-1.199301195,-0.065913094,16.74181342,87
102.061,-1.19801347,-0.198959896,16.70611254,87
102.074,-1.19801347,-0.332006698,16.68231196,87
102.087,-1.196725745,-0.498010047,16.64042258,87.1
102.099,-1.196725745,-0.662792783,16.71091021,86.9
102.112,-1.19543802,-0.828796131,16.66902083,87
102.125,-1.194579536,-0.99479948,16.55140876,87
102.138,-1.194150295,-1.160802829,16.50951938,87.1
102.15,-1.193291811,-1.326806178,16.5738185,87
102.163,-1.192004086,-1.45985298,16.43811763,87.1
102.176,-1.192004086,-1.625856329,16.42050556,87
102.188,-1.190716361,-1.824816225,16.28480468,87.1
102.201,-1.189857878,-1.989598961,16.24910381,87.1
102.214,-1.188570153,-2.155602309,16.34910381,87
102.226,-1.188140911,-2.321605658,16.28960235,87
102.239,-1.186853186,-2.487609007,16.25390148,87
102.252,-1.185565461,-2.653612356,16.2120121,87.1
102.265,-1.184277737,-2.786659158,16.2120121,87.1
102.277,-1.182990012,-2.952662507,16.28202301,87.1
102.29,-1.182131528,-3.117445243,16.25251064,87
102.303,-1.17998532,-3.250492044,16.21680977,87
102.315,-1.179556078,-3.383538846,16.1991977,86.9
102.328,-1.178268353,-3.515365035,16.15111981,87.1
102.341,-1.17740987,-3.648411836,16.06349682,87
102.354,-1.175692903,-3.748502091,16.02160744,87.1
102.366,-1.17483442,-3.847371732,15.99209508,87
102.379,-1.173546695,-3.91450544,15.98590657,87.1
102.392,-1.173546695,-4.013375081,16.08590657,87
102.404,-1.17225897,-4.079288176,15.96210599,87.1
102.417,-1.171829728,-4.079288176,15.96210599,87.1
102.43,-1.170971245,-4.113465336,15.96829449,87
102.442,-1.170971245,-4.113465336,15.96210599,87.1
102.455,-1.170112762,-4.113465336,15.96829449,87
102.468,-1.170971245,-4.079288176,15.96210599,87.1
102.481,-1.170112762,-4.013375081,15.974483,86.9
102.493,-1.170112762,-3.947461987,15.96210599,87.1
102.506,-1.170112762,-3.88032828,15.974483,86.9
102.519,-1.170112762,-3.814415185,15.98590657,87.1
102.531,-1.170971245,-3.715545544,15.89828358,87
102.544,-1.170971245,-3.648411836,15.88590657,87.2
102.557,-1.170971245,-3.549542195,16.02779595,87
102.569,-1.170971245,-3.44945194,16.11541894,87.1
102.582,-1.170971245,-3.350582299,16.12160744,87
102.595,-1.170971245,-3.217535497,16.15111981,87.1
102.608,-1.171829728,-3.117445243,16.16349682,86.9
102.62,-1.171829728,-3.018575601,16.09300919,87.1
102.633,-1.17225897,-2.918485347,16.09300919,87.1
102.646,-1.17225897,-2.819615705,16.19300919,87
102.658,-1.173117453,-2.71952545,16.21680977,87
102.671,-1.17225897,-2.620655809,16.25869915,86.9
102.684,-1.173117453,-2.553522102,16.25251064,87
102.697,-1.173546695,-2.45465246,16.29440003,86.9
102.709,-1.174405178,-2.354562206,16.28821152,87
102.722,-1.173546695,-2.255692564,16.29440003,86.9
102.735,-1.173546695,-2.18977947,16.3120121,87
102.747,-1.174405178,-2.122645762,16.21820061,87
102.76,-1.17483442,-2.056732668,16.24771297,87.1
102.773,-1.17483442,-1.989598961,16.25390148,87
102.785,-1.175692903,-1.923685866,16.24771297,87.1
102.798,-1.175692903,-1.890729319,16.25390148,87
102.811,-1.175692903,-1.824816225,16.24771297,87.1
102.824,-1.176122145,-1.790639065,16.28960235,87
102.836,-1.176122145,-1.757682517,16.28341385,87.1
102.849,-1.176980628,-1.72472597,16.28960235,87
102.862,-1.176980628,-1.72472597,16.28341385,87.1
102.874,-1.176980628,-1.691769423,16.28960235,87
102.887,-1.176980628,-1.691769423,16.28341385,87.1
102.9,-1.17740987,-1.691769423,16.28960235,87
102.912,-1.176980628,-1.691769423,16.28960235,87
102.925,-1.176980628,-1.691769423,16.28960235,87
102.938,-1.176980628,-1.691769423,16.31911472,87.1
102.951,-1.17740987,-1.72472597,16.28960235,87
102.963,-1.176980628,-1.72472597,16.28960235,87
102.976,-1.17740987,-1.757682517,16.28960235,87
102.989,-1.176980628,-1.790639065,16.28341385,87.1
103.001,-1.17740987,-1.790639065,16.38341385,87
103.014,-1.176980628,-1.824816225,16.44152447,87
103.027,-1.176980628,-1.890729319,16.44771297,86.9
103.04,-1.176980628,-1.923685866,16.34771297,87
103.052,-1.17740987,-1.989598961,16.35390148,86.9
103.065,-1.176980628,-2.023776121,16.34771297,87
103.078,-1.176980628,-2.089689215,16.31820061,86.9
103.09,-1.176980628,-2.122645762,16.3120121,87
103.103,-1.176980628,-2.155602309,16.3120121,87
103.116,-1.176980628,-2.222736017,16.3120121,87
103.128,-1.176980628,-2.255692564,16.28821152,87
103.141,-1.176980628,-2.321605658,16.28821152,87
103.154,-1.176980628,-2.388739366,16.28821152,87
103.167,-1.176122145,-2.45465246,16.25251064,87
103.179,-1.176122145,-2.520565554,16.25251064,87
103.192,-1.176122145,-2.553522102,16.25251064,87
103.205,-1.176122145,-2.620655809,16.25251064,87
103.217,-1.176122145,-2.686568903,16.12299828,87
103.23,-1.175692903,-2.752481998,16.11680977,87.1
103.243,-1.175692903,-2.786659158,16.12299828,87
103.255,-1.17483442,-2.852572252,16.09300919,87.1
103.268,-1.175692903,-2.885528799,16.0991977,87
103.281,-1.17483442,-2.952662507,16.18682068,87.1
103.294,-1.175692903,-3.018575601,16.1991977,86.9
103.306,-1.17483442,-3.084488695,16.15111981,87.1
103.319,-1.17483442,-3.117445243,16.15730832,87
103.332,-1.17483442,-3.151622403,16.15111981,87.1
103.344,-1.17483442,-3.217535497,16.15730832,87
103.357,-1.174405178,-3.250492044,16.12160744,87
103.37,-1.174405178,-3.283448591,16.12160744,87
103.383,-1.173546695,-3.350582299,16.12160744,87
103.395,-1.173546695,-3.383538846,16.12160744,87
103.408,-1.173117453,-3.416495393,16.09209508,86.9
103.421,-1.173546695,-3.44945194,16.08590657,87
103.433,-1.173117453,-3.482408487,16.09209508,86.9
103.446,-1.173117453,-3.482408487,16.08590657,87
103.459,-1.173117453,-3.515365035,16.09209508,86.9
103.471,-1.17225897,-3.549542195,16.07971806,87.1
103.484,-1.173117453,-3.549542195,16.09209508,86.9
103.497,-1.17225897,-3.582498742,16.08590657,87
103.51,-1.173117453,-3.582498742,15.99209508,87
103.522,-1.173117453,-3.582498742,15.98590657,87.1
103.535,-1.173117453,-3.582498742,16.09209508,86.9
103.548,-1.173117453,-3.582498742,15.98590657,87.1
103.56,-1.173117453,-3.549542195,15.99209508,87
103.573,-1.17225897,-3.549542195,15.98590657,87.1
103.586,-1.173117453,-3.515365035,16.08590657,87
103.598,-1.173117453,-3.515365035,16.08590657,87
103.611,-1.173117453,-3.515365035,16.18590657,86.9
103.624,-1.173117453,-3.515365035,16.17971806,87
103.637,-1.173117453,-3.482408487,16.17971806,87
103.649,-1.17225897,-3.482408487,16.17971806,87
103.662,-1.173117453,-3.44945194,16.18590657,86.9
103.675,-1.17225897,-3.44945194,16.08590657,87
103.687,-1.17225897,-3.44945194,16.17971806,87
103.7,-1.17225897,-3.44945194,16.22160744,86.9
103.713,-1.17225897,-3.416495393,16.21541894,87
103.726,-1.17225897,-3.416495393,16.08590657,87
103.738,-1.173117453,-3.383538846,16.08590657,87
103.751,-1.17225897,-3.383538846,16.08590657,87
103.764,-1.173117453,-3.383538846,16.08590657,87
103.776,-1.173117453,-3.383538846,16.08590657,87
103.789,-1.173117453,-3.350582299,16.08590657,87
103.802,-1.173117453,-3.350582299,16.08590657,87
103.814,-1.173117453,-3.350582299,16.08590657,87
103.827,-1.173117453,-3.350582299,16.08590657,87
103.84,-1.173117453,-3.316405139,16.08590657,87
103.853,-1.173117453,-3.316405139,16.08590657,87
103.865,-1.17225897,-3.350582299,16.08590657,87
103.878,-1.173117453,-3.350582299,16.08590657,87
103.891,-1.17225897,-3.316405139,16.17971806,87
103.903,-1.173117453,-3.316405139,16.08590657,87
103.916,-1.173117453,-3.316405139,15.99209508,87
103.929,-1.173117453,-3.316405139,15.99209508,87
103.941,-1.17225897,-3.350582299,15.99209508,87
103.954,-1.173117453,-3.350582299,15.99209508,87
103.967,-1.17225897,-3.350582299,16.08590657,87
103.98,-1.173117453,-3.350582299,16.09209508,86.9
103.992,-1.17225897,-3.383538846,16.08590657,87
104.005,-1.173117453,-3.383538846,16.09209508,86.9
104.018,-1.17225897,-3.416495393,16.08590657,87
104.03,-1.173117453,-3.416495393,16.08590657,87
104.043,-1.173117453,-3.416495393,16.17352955,87.1
104.056,-1.173117453,-3.416495393,16.18590657,86.9
104.069,-1.17225897,-3.44945194,16.07971806,87.1
104.081,-1.17225897,-3.44945194,16.08590657,87
104.094,-1.17225897,-3.44945194,16.08590657,87
104.107,-1.173117453,-3.44945194,16.08590657,87
104.119,-1.17225897,-3.482408487,16.08590657,87
104.132,-1.17225897,-3.482408487,16.08590657,87
104.145,-1.17225897,-3.482408487,16.08590657,87
104.157,-1.17225897,-3.482408487,16.08590657,87
104.17,-1.17225897,-3.482408487,16.09209508,86.9
104.183,-1.17225897,-3.44945194,16.08590657,87
104.196,-1.17225897,-3.44945194,16.09209508,86.9
104.208,-1.171829728,-3.416495393,16.08590657,87
104.221,-1.173117453,-3.383538846,16.09209508,86.9
104.234,-1.17225897,-3.383538846,16.08590657,87
104.246,-1.173117453,-3.350582299,16.09209508,86.9
104.259,-1.173117453,-3.283448591,16.08590657,87
104.272,-1.173546695,-3.217535497,16.12779595,86.9
104.284,-1.173117453,-3.18457895,16.12160744,87
104.297,-1.173117453,-3.117445243,16.12779595,86.9
104.31,-1.17225897,-3.051532148,16.12160744,87
104.323,-1.173117453,-3.018575601,16.16349682,86.9
104.335,-1.173117453,-2.952662507,16.15730832,87
104.348,-1.173117453,-2.885528799,16.15730832,87
104.361,-1.173117453,-2.786659158,16.19300919,87
104.373,-1.173117453,-2.71952545,16.19300919,87
104.386,-1.173117453,-2.620655809,16.19300919,87
104.399,-1.173546695,-2.553522102,16.31062126,87
104.412,-1.173546695,-2.45465246,16.31680977,86.9
104.424,-1.173546695,-2.388739366,16.34632214,87
104.437,-1.174405178,-2.288649111,16.35251064,86.9
104.45,-1.173546695,-2.222736017,16.34632214,87
104.462,-1.174405178,-2.155602309,16.38821152,86.9
104.475,-1.17483442,-2.089689215,16.28202301,87.1
104.488,-1.17483442,-2.023776121,16.31820061,86.9
104.5,-1.175692903,-1.956642413,16.3120121,87
104.513,-1.176122145,-1.857772772,16.31820061,86.9
104.526,-1.176122145,-1.824816225,16.34771297,87
104.539,-1.176122145,-1.757682517,16.34771297,87
104.551,-1.176122145,-1.658812876,16.38341385,87
104.564,-1.176980628,-1.591679168,16.38960235,86.9
104.577,-1.176980628,-1.558722621,16.38341385,87
104.589,-1.17740987,-1.492809527,16.38341385,87
104.602,-1.17740987,-1.426896432,16.41911472,87
104.615,-1.178268353,-1.392719272,16.41911472,87
104.627,-1.178268353,-1.326806178,16.41911472,87
104.64,-1.178268353,-1.260893084,16.4429153,87
104.653,-1.178268353,-1.226715924,16.4429153,87
104.666,-1.178697595,-1.193759376,16.44910381,86.9
104.678,-1.178697595,-1.160802829,16.48480468,86.9
104.691,-1.179556078,-1.127846282,16.48480468,86.9
104.704,-1.179556078,-1.094889735,16.48480468,86.9
104.716,-1.17998532,-1.094889735,16.48480468,86.9
104.729,-1.179556078,-1.094889735,16.47861618,87
104.742,-1.17998532,-1.094889735,16.48480468,86.9
104.755,-1.17998532,-1.094889735,16.47861618,87
104.767,-1.17998532,-1.094889735,16.48480468,86.9
104.78,-1.17998532,-1.094889735,16.57861618,86.9
104.793,-1.17998532,-1.127846282,16.57861618,86.9
104.805,-1.17998532,-1.160802829,16.57861618,86.9
104.818,-1.17998532,-1.160802829,16.47861618,87
104.831,-1.179556078,-1.193759376,16.4429153,87
104.843,-1.179556078,-1.226715924,16.5429153,86.9
104.856,-1.17998532,-1.260893084,16.4429153,87
104.869,-1.17998532,-1.293849631,16.5429153,86.9
104.882,-1.17998532,-1.326806178,16.54910381,86.8
104.894,-1.179556078,-1.359762725,16.4429153,87
104.907,-1.179556078,-1.426896432,16.44910381,86.9
104.92,-1.179556078,-1.45985298,16.41911472,87
104.932,-1.17998532,-1.492809527,16.48960235,86.8
104.945,-1.179556078,-1.558722621,16.37722534,87.1
104.958,-1.179556078,-1.591679168,16.38960235,86.9
104.97,-1.178697595,-1.658812876,16.38341385,87
104.983,-1.17998532,-1.72472597,16.35390148,86.9
104.996,-1.179556078,-1.790639065,16.34771297,87
105.009,-1.17998532,-1.890729319,16.35390148,86.9
105.021,-1.179556078,-1.956642413,16.34771297,87
105.034,-1.179556078,-2.056732668,16.31820061,86.9
105.047,-1.178697595,-2.122645762,16.3120121,87
105.059,-1.178697595,-2.222736017,16.29440003,86.9
105.072,-1.178268353,-2.321605658,16.28821152,87
105.085,-1.178268353,-2.388739366,16.25869915,86.9
105.098,-1.17740987,-2.487609007,16.25251064,87
105.11,-1.17740987,-2.620655809,16.31680977,86.9
105.123,-1.17740987,-2.686568903,16.31680977,86.9
105.136,-1.176122145,-2.786659158,16.28682068,87
105.148,-1.176122145,-2.918485347,16.25730832,86.9
105.161,-1.17483442,-3.018575601,16.25111981,87
105.174,-1.175692903,-3.117445243,16.22779595,86.8
105.186,-1.17483442,-3.250492044,16.11541894,87.1
105.199,-1.17483442,-3.350582299,16.09209508,86.9
105.212,-1.173546695,-3.44945194,16.07971806,87.1
105.225,-1.173546695,-3.549542195,16.09209508,86.9
105.237,-1.173117453,-3.681368384,16.06210599,87
105.25,-1.173117453,-3.781458638,16.16210599,86.9
105.263,-1.17225897,-3.88032828,16.12640511,86.9
105.275,-1.17225897,-3.980418534,16.02640511,87
105.288,-1.170971245,-4.079288176,16.03259362,86.9
105.301,-1.170971245,-4.17937843,15.99070424,87
105.313,-1.170112762,-4.279468685,15.99689275,86.9
105.326,-1.16968352,-4.345381779,15.96690366,87
105.339,-1.168395795,-4.411294873,15.97309217,86.9
105.352,-1.168395795,-4.478428581,15.96690366,87
105.364,-1.167537312,-4.511385128,15.93739129,86.9
105.377,-1.16710807,-4.577298222,15.93120278,87
105.39,-1.166249587,-4.610254769,15.93739129,86.9
105.402,-1.165820345,-4.643211317,15.93120278,87
105.415,-1.165820345,-4.643211317,15.96690366,87
105.428,-1.165820345,-4.677388477,16.02501428,87
105.441,-1.165820345,-4.677388477,16.06690366,86.9
105.453,-1.164961862,-4.643211317,16.06071515,87
105.466,-1.164961862,-4.610254769,16.16071515,86.9
105.479,-1.164961862,-4.577298222,16.06690366,86.9
105.491,-1.165820345,-4.511385128,15.96690366,87
105.504,-1.164961862,-4.444251421,15.96690366,87
105.517,-1.165820345,-4.378338326,16.06690366,86.9
105.529,-1.16453262,-4.312425232,16.09070424,86.9
105.542,-1.164961862,-4.212334977,16.09070424,86.9
105.555,-1.16453262,-4.079288176,16.12640511,86.9
105.568,-1.164961862,-3.980418534,16.12640511,86.9
105.58,-1.164961862,-3.847371732,16.12640511,86.9
105.593,-1.165820345,-3.715545544,16.16210599,86.9
105.606,-1.164961862,-3.582498742,16.18590657,86.9
105.618,-1.165820345,-3.44945194,16.08590657,87
105.631,-1.165820345,-3.350582299,16.12160744,87
105.644,-1.16710807,-3.18457895,16.12779595,86.9
105.656,-1.16710807,-3.051532148,16.15730832,87
105.669,-1.168395795,-2.918485347,16.19300919,87
105.682,-1.168395795,-2.752481998,16.29300919,86.9
105.695,-1.168825037,-2.587699262,16.21680977,87
105.707,-1.16968352,-2.45465246,16.25251064,87
105.72,-1.170112762,-2.321605658,16.35251064,86.9
105.733,-1.170971245,-2.18977947,16.38202301,87
105.745,-1.171829728,-2.023776121,16.4120121,86.9
105.758,-1.17225897,-1.890729319,16.44152447,87
105.771,-1.173117453,-1.757682517,16.34771297,87
105.784,-1.173546695,-1.625856329,16.38341385,87
105.796,-1.174405178,-1.492809527,16.41911472,87
105.809,-1.17483442,-1.359762725,16.44910381,86.9
105.822,-1.175692903,-1.226715924,16.44910381,86.9
105.834,-1.176122145,-1.127846282,16.48480468,86.9
105.847,-1.176980628,-0.99479948,16.51431705,87
105.86,-1.17740987,-0.895929839,16.63811763,86.9
105.872,-1.178268353,-0.795839584,16.63192912,87
105.885,-1.179556078,-0.662792783,16.6738185,86.9
105.898,-1.179556078,-0.563923141,16.70333087,87
105.911,-1.180843803,-0.498010047,16.70951938,86.9
105.923,-1.180843803,-0.397919792,16.60951938,87
105.936,-1.182131528,-0.332006698,16.61570789,86.9
105.949,-1.182131528,-0.26487299,16.64522025,87
105.961,-1.182990012,-0.231916443,16.75140876,86.8
105.974,-1.182990012,-0.198959896,16.76902083,86.9
105.987,-1.183419253,-0.198959896,16.76902083,86.9
105.999,-1.183419253,-0.198959896,16.76902083,86.9
106.012,-1.184277737,-0.198959896,16.66902083,87
106.025,-1.184277737,-0.231916443,16.66902083,87
106.038,-1.184277737,-0.26487299,16.76902083,86.9
106.05,-1.184277737,-0.299050151,16.77520934,86.8
106.063,-1.184277737,-0.364963245,16.74522025,86.9
106.076,-1.184277737,-0.397919792,16.75140876,86.8
106.088,-1.183419253,-0.463832887,16.74522025,86.9
106.101,-1.184277737,-0.530966594,16.61570789,86.9
106.114,-1.184277737,-0.596879688,16.60951938,87
106.127,-1.184277737,-0.662792783,16.58000701,86.9
106.139,-1.184277737,-0.762883037,16.5738185,87
106.152,-1.184277737,-0.862973292,16.54430614,86.9
106.165,-1.183419253,-0.928886386,16.53811763,87
106.177,-1.184277737,-1.061933188,16.52050556,86.9
106.19,-1.183419253,-1.193759376,16.48480468,86.9
106.203,-1.183419253,-1.326806178,16.4429153,87
106.215,-1.182990012,-1.426896432,16.44910381,86.9
106.228,-1.182131528,-1.591679168,16.41911472,87
106.241,-1.181702287,-1.72472597,16.38960235,86.9
106.254,-1.180843803,-1.857772772,16.34771297,87
106.266,-1.17998532,-2.023776121,16.41820061,86.8
106.279,-1.17998532,-2.18977947,16.38202301,87
106.292,-1.179556078,-2.354562206,16.35251064,86.9
106.304,-1.178697595,-2.520565554,16.21680977,87
106.317,-1.178268353,-2.71952545,16.1991977,86.9
106.33,-1.17740987,-2.885528799,16.29300919,86.9
106.342,-1.176122145,-3.051532148,16.26349682,86.8
106.355,-1.175692903,-3.250492044,16.22160744,86.9
106.368,-1.17483442,-3.416495393,16.19209508,86.8
106.381,-1.173546695,-3.582498742,16.18590657,86.9
106.393,-1.173117453,-3.781458638,16.16210599,86.9
106.406,-1.171829728,-3.947461987,16.12640511,86.9
106.419,-1.170112762,-4.146421883,16.13259362,86.8
106.431,-1.168825037,-4.312425232,15.99689275,86.9
106.444,-1.168395795,-4.478428581,16.06690366,86.9
106.457,-1.166249587,-4.677388477,16.07309217,86.8
106.47,-1.165820345,-4.809214666,16.03120278,86.9
106.482,-1.163674137,-4.975218014,15.93739129,86.9
106.495,-1.162386412,-5.141221363,15.89550191,87
106.508,-1.160240204,-5.274268165,16.00169042,86.8
106.52,-1.158952479,-5.373137807,15.90169042,86.9
106.533,-1.157664754,-5.506184608,15.90169042,86.9
106.546,-1.156377029,-5.60505425,15.90169042,86.9
106.558,-1.154660062,-5.705144504,15.90169042,86.9
106.571,-1.153801579,-5.771057599,15.90169042,86.9
106.584,-1.152513854,-5.838191306,15.89550191,87
106.597,-1.152513854,-5.9041044,15.99550191,86.9
106.609,-1.151226129,-5.9041044,16.03120278,86.9
106.622,-1.151226129,-5.9041044,16.03120278,86.9
106.635,-1.150367645,-5.871147853,16.03120278,86.9
106.647,-1.151226129,-5.838191306,16.03120278,86.9
106.66,-1.150367645,-5.805234759,16.06690366,86.9
106.673,-1.150367645,-5.738101051,16.06690366,86.9
106.685,-1.150367645,-5.63923141,16.06690366,86.9
106.698,-1.150367645,-5.539141155,16.06690366,86.9
106.711,-1.150367645,-5.473228061,16.06690366,86.9
106.724,-1.151226129,-5.373137807,16.09070424,86.9
106.736,-1.151226129,-5.274268165,16.09070424,86.9
106.749,-1.151226129,-5.17417791,15.99070424,87
106.762,-1.151226129,-5.042351722,16.12640511,86.9
106.774,-1.151226129,-4.942261467,16.16210599,86.9
106.787,-1.15165537,-4.842171213,16.16829449,86.8
106.8,-1.15165537,-4.743301571,16.16210599,86.9
106.813,-1.15165537,-4.643211317,16.16829449,86.8
106.825,-1.15165537,-4.544341675,16.06210599,87
106.838,-1.153372337,-4.444251421,16.19209508,86.8
106.851,-1.152513854,-4.345381779,16.17971806,87
106.863,-1.153372337,-4.245291525,16.18590657,86.9
106.876,-1.153801579,-4.146421883,16.21541894,87
106.889,-1.154660062,-4.046331628,16.22160744,86.9
106.901,-1.154660062,-3.947461987,16.21541894,87
106.914,-1.155089304,-3.847371732,16.35730832,86.8
106.927,-1.155089304,-3.781458638,16.35111981,86.9
106.94,-1.155947787,-3.681368384,16.25730832,86.9
106.952,-1.155947787,-3.582498742,16.29300919,86.9
106.965,-1.156377029,-3.515365035,16.28682068,87
106.978,-1.156377029,-3.416495393,16.22299828,86.9
106.99,-1.157235512,-3.316405139,16.21680977,87
107.003,-1.157664754,-3.250492044,16.22918679,86.8
107.016,-1.158523237,-3.18457895,16.25251064,87
107.028,-1.158523237,-3.084488695,16.35869915,86.8
107.041,-1.158523237,-3.018575601,16.25251064,87
107.054,-1.159810962,-2.952662507,16.29440003,86.9
107.067,-1.159810962,-2.852572252,16.38202301,87
107.079,-1.160240204,-2.786659158,16.41820061,86.8
107.092,-1.160240204,-2.71952545,16.3120121,87
107.105,-1.161527929,-2.653612356,16.41820061,86.8
107.117,-1.161527929,-2.587699262,16.4120121,86.9
107.13,-1.162386412,-2.553522102,16.35390148,86.9
107.143,-1.161527929,-2.487609007,16.35390148,86.9
107.156,-1.162386412,-2.45465246,16.35390148,86.9
107.168,-1.162386412,-2.388739366,16.35390148,86.9
107.181,-1.163244895,-2.354562206,16.34771297,87
107.194,-1.163244895,-2.321605658,16.38960235,86.9
107.206,-1.163244895,-2.288649111,16.38341385,87
107.219,-1.163244895,-2.255692564,16.38960235,86.9
107.232,-1.163674137,-2.222736017,16.38341385,87
107.244,-1.163674137,-2.18977947,16.48960235,86.8
107.257,-1.16453262,-2.18977947,16.47722534,87
107.27,-1.16453262,-2.155602309,16.48341385,86.9
107.283,-1.16453262,-2.122645762,16.47722534,87
107.295,-1.16453262,-2.089689215,16.51911472,86.9
107.308,-1.16453262,-2.089689215,16.47722534,87
107.321,-1.16453262,-2.056732668,16.51911472,86.9
107.333,-1.164961862,-2.023776121,16.51292621,87
107.346,-1.165820345,-2.023776121,16.51911472,86.9
107.359,-1.165820345,-1.989598961,16.51911472,86.9
107.371,-1.166249587,-1.956642413,16.42530323,86.9
107.384,-1.165820345,-1.956642413,16.51911472,86.9
107.397,-1.165820345,-1.923685866,16.42530323,86.9
107.41,-1.165820345,-1.890729319,16.44910381,86.9
107.422,-1.166249587,-1.857772772,16.44910381,86.9
107.435,-1.166249587,-1.824816225,16.44910381,86.9
107.448,-1.16710807,-1.790639065,16.44910381,86.9
107.46,-1.166249587,-1.790639065,16.5429153,86.9
107.473,-1.16710807,-1.757682517,16.5429153,86.9
107.486,-1.16710807,-1.757682517,16.5429153,86.9
107.499,-1.16710807,-1.72472597,16.58480468,86.8
107.511,-1.16710807,-1.691769423,16.57861618,86.9
107.524,-1.167537312,-1.658812876,16.67242767,86.9
107.537,-1.167537312,-1.625856329,16.67242767,86.9
107.549,-1.167537312,-1.591679168,16.70812854,86.9
107.562,-1.167537312,-1.591679168,16.61431705,86.9
107.575,-1.168395795,-1.558722621,16.57861618,86.9
107.587,-1.167537312,-1.525766074,16.61431705,86.9
107.6,-1.168395795,-1.492809527,16.61431705,86.9
107.613,-1.168395795,-1.492809527,16.61431705,86.9
107.626,-1.168825037,-1.45985298,16.61431705,86.9
107.638,-1.168825037,-1.426896432,16.61431705,86.9
107.651,-1.168825037,-1.392719272,16.61431705,86.9
107.664,-1.16968352,-1.392719272,16.61431705,86.9
107.676,-1.16968352,-1.359762725,16.63811763,86.9
107.689,-1.16968352,-1.326806178,16.64430614,86.8
107.702,-1.16968352,-1.293849631,16.63811763,86.9
107.714,-1.170112762,-1.293849631,16.62050556,86.8
107.727,-1.16968352,-1.293849631,16.63811763,86.9
107.74,-1.170112762,-1.260893084,16.64430614,86.8
107.753,-1.170112762,-1.226715924,16.63811763,86.9
107.765,-1.170112762,-1.226715924,16.63811763,86.9
107.778,-1.170112762,-1.193759376,16.73192912,86.9
107.791,-1.170971245,-1.193759376,16.73811763,86.8
107.803,-1.170112762,-1.193759376,16.63192912,87
107.816,-1.171829728,-1.193759376,16.64430614,86.8
107.829,-1.170971245,-1.193759376,16.63192912,87
107.842,-1.171829728,-1.193759376,16.63811763,86.9
107.854,-1.170971245,-1.226715924,16.63811763,86.9
107.867,-1.171829728,-1.226715924,16.63811763,86.9
107.88,-1.170971245,-1.260893084,16.63811763,86.9
107.892,-1.171829728,-1.260893084,16.63811763,86.9
107.905,-1.170971245,-1.293849631,16.63811763,86.9
107.918,-1.170971245,-1.293849631,16.63811763,86.9
107.93,-1.170971245,-1.326806178,16.64430614,86.8
107.943,-1.170971245,-1.392719272,16.60812854,87
107.956,-1.170971245,-1.426896432,16.62050556,86.8
107.969,-1.170971245,-1.45985298,16.61431705,86.9
107.981,-1.170971245,-1.492809527,16.62050556,86.8
107.994,-1.170971245,-1.492809527,16.61431705,86.9
108.007,-1.171829728,-1.525766074,16.58480468,86.8
108.019,-1.170971245,-1.558722621,16.57242767,87
108.032,-1.171829728,-1.591679168,16.58480468,86.8
108.045,-1.171829728,-1.658812876,16.57861618,86.9
108.057,-1.171829728,-1.691769423,16.58480468,86.8
108.07,-1.170971245,-1.72472597,16.6367268,86.9
108.083,-1.171829728,-1.757682517,16.6429153,86.8
108.096,-1.170971245,-1.790639065,16.6429153,86.8
108.108,-1.171829728,-1.857772772,16.5429153,86.9
108.121,-1.170971245,-1.890729319,16.5429153,86.9
108.134,-1.170971245,-1.923685866,16.61911472,86.8
108.146,-1.170971245,-1.956642413,16.51911472,86.9
108.159,-1.170971245,-1.989598961,16.51911472,86.9
108.172,-1.170971245,-2.023776121,16.52530323,86.8
108.184,-1.170971245,-2.056732668,16.48341385,86.9
108.197,-1.170112762,-2.056732668,16.48960235,86.8
108.21,-1.170971245,-2.089689215,16.48341385,86.9
108.223,-1.170112762,-2.122645762,16.48341385,86.9
108.235,-1.170112762,-2.122645762,16.48341385,86.9
108.248,-1.170112762,-2.155602309,16.48960235,86.8
108.261,-1.170112762,-2.155602309,16.48341385,86.9
108.273,-1.170112762,-2.18977947,16.48960235,86.8
108.286,-1.170112762,-2.18977947,16.48341385,86.9
108.299,-1.170971245,-2.18977947,16.38960235,86.9
108.312,-1.170112762,-2.18977947,16.38341385,87
108.324,-1.170112762,-2.155602309,16.48341385,86.9
108.337,-1.170112762,-2.122645762,16.44771297,86.9
108.35,-1.170112762,-2.122645762,16.44771297,86.9
108.362,-1.170112762,-2.056732668,16.57722534,86.9
108.375,-1.170112762,-2.023776121,16.58341385,86.8
108.388,-1.170112762,-1.989598961,16.57722534,86.9
108.4,-1.170112762,-1.989598961,16.57722534,86.9
108.413,-1.16968352,-1.923685866,16.61292621,86.9
108.426,-1.170112762,-1.890729319,16.71292621,86.8
108.439,-1.170112762,-1.824816225,16.61292621,86.9
108.451,-1.170971245,-1.757682517,16.61911472,86.8
108.464,-1.170112762,-1.72472597,16.5429153,86.9
108.477,-1.170971245,-1.658812876,16.54910381,86.8
108.489,-1.170112762,-1.591679168,16.5429153,86.9
108.502,-1.170112762,-1.525766074,16.49099319,86.8
108.515,-1.170112762,-1.426896432,16.48480468,86.9
108.527,-1.170971245,-1.359762725,16.58480468,86.8
108.54,-1.170971245,-1.293849631,16.61431705,86.9
108.553,-1.171829728,-1.226715924,16.64430614,86.8
108.566,-1.170971245,-1.160802829,16.63811763,86.9
108.578,-1.171829728,-1.094889735,16.64430614,86.8
108.591,-1.171829728,-1.027756028,16.6738185,86.9
108.604,-1.17225897,-0.961842933,16.6738185,86.9
108.616,-1.17225897,-0.928886386,16.6738185,86.9
108.629,-1.17225897,-0.862973292,16.71570789,86.8
108.642,-1.173117453,-0.828796131,16.71570789,86.8
108.655,-1.173117453,-0.795839584,16.70951938,86.9
108.667,-1.173117453,-0.72992649,16.71570789,86.8
108.68,-1.173117453,-0.696969943,16.70951938,86.9
108.693,-1.173546695,-0.662792783,16.65140876,86.9
108.705,-1.173546695,-0.629836235,16.64522025,87
108.718,-1.174405178,-0.596879688,16.75140876,86.8
108.731,-1.174405178,-0.596879688,16.86283233,86.9
108.743,-1.17483442,-0.563923141,16.86902083,86.8
108.756,-1.17483442,-0.530966594,16.86283233,86.9
108.769,-1.175692903,-0.530966594,16.77520934,86.8
108.782,-1.175692903,-0.530966594,16.76902083,86.9
108.794,-1.176122145,-0.530966594,16.77520934,86.8
108.807,-1.176122145,-0.530966594,16.76902083,86.9
108.82,-1.176980628,-0.530966594,16.74522025,86.9
108.832,-1.176122145,-0.530966594,16.74522025,86.9
108.845,-1.176980628,-0.530966594,16.74522025,86.9
108.858,-1.176122145,-0.563923141,16.74522025,86.9
108.87,-1.176122145,-0.596879688,16.74522025,86.9
108.883,-1.176122145,-0.629836235,16.85140876,86.7
108.896,-1.175692903,-0.662792783,16.74522025,86.9
108.909,-1.176122145,-0.696969943,16.75140876,86.8
108.921,-1.176122145,-0.72992649,16.74522025,86.9
108.934,-1.176122145,-0.762883037,16.71570789,86.8
108.947,-1.175692903,-0.795839584,16.70333087,87
108.959,-1.176122145,-0.862973292,16.71570789,86.8
108.972,-1.175692903,-0.895929839,16.70951938,86.9
108.985,-1.176122145,-0.961842933,16.71570789,86.8
108.998,-1.175692903,-0.99479948,16.6738185,86.9
109.01,-1.176122145,-1.061933188,16.68000701,86.8
109.023,-1.176122145,-1.094889735,16.7738185,86.8
109.036,-1.176122145,-1.193759376,16.7738185,86.8
109.048,-1.175692903,-1.260893084,16.83192912,86.8
109.061,-1.176122145,-1.326806178,16.71431705,86.8
109.074,-1.175692903,-1.392719272,16.71431705,86.8
109.086,-1.175692903,-1.45985298,16.70812854,86.9
109.099,-1.175692903,-1.525766074,16.67861618,86.8
109.112,-1.175692903,-1.591679168,16.6429153,86.8
109.125,-1.17483442,-1.691769423,16.6429153,86.8
109.137,-1.175692903,-1.757682517,16.61911472,86.8
109.15,-1.17483442,-1.824816225,16.61911472,86.8
109.163,-1.17483442,-1.923685866,16.48341385,86.9
109.175,-1.174405178,-1.989598961,16.48341385,86.9
109.188,-1.174405178,-2.089689215,16.48341385,86.9
109.201,-1.173546695,-2.155602309,16.44771297,86.9
109.214,-1.173546695,-2.222736017,16.41820061,86.8
109.226,-1.173117453,-2.321605658,16.41820061,86.8
109.239,-1.173117453,-2.421695913,16.4120121,86.9
109.252,-1.17225897,-2.487609007,16.4120121,86.9
109.264,-1.171829728,-2.553522102,16.38821152,86.9
109.277,-1.171829728,-2.620655809,16.39440003,86.8
109.29,-1.171829728,-2.686568903,16.39440003,86.8
109.302,-1.170971245,-2.752481998,16.35251064,86.9
109.315,-1.170971245,-2.819615705,16.32299828,86.8
109.328,-1.170112762,-2.885528799,16.32299828,86.8
109.341,-1.170112762,-2.952662507,16.32299828,86.8
109.353,-1.170112762,-3.018575601,16.31680977,86.9
109.366,-1.168825037,-3.084488695,16.41680977,86.8
109.379,-1.16968352,-3.117445243,16.39300919,86.8
109.391,-1.168825037,-3.151622403,16.39300919,86.8
109.404,-1.168825037,-3.151622403,16.39300919,86.8
109.417,-1.168395795,-3.18457895,16.39300919,86.8
109.429,-1.168825037,-3.217535497,16.3991977,86.7
109.442,-1.168395795,-3.217535497,16.39300919,86.8
109.455,-1.168825037,-3.217535497,16.3991977,86.7
109.468,-1.168395795,-3.217535497,16.38682068,86.9
109.48,-1.168395795,-3.217535497,16.39300919,86.8
109.493,-1.168395795,-3.18457895,16.29300919,86.9
109.506,-1.168395795,-3.151622403,16.2991977,86.8
109.518,-1.168395795,-3.151622403,16.29300919,86.9
109.531,-1.168825037,-3.084488695,16.2991977,86.8
109.544,-1.168395795,-3.051532148,16.31680977,86.9
109.556,-1.168825037,-2.952662507,16.32299828,86.8
109.569,-1.168825037,-2.885528799,16.31680977,86.9
109.582,-1.168825037,-2.819615705,16.35869915,86.8
109.595,-1.168825037,-2.752481998,16.35869915,86.8
109.607,-1.168825037,-2.653612356,16.35251064,86.9
109.62,-1.168395795,-2.587699262,16.39440003,86.8
109.633,-1.168825037,-2.487609007,16.38821152,86.9
109.645,-1.168825037,-2.388739366,16.41820061,86.8
109.658,-1.168825037,-2.288649111,16.4120121,86.9
109.671,-1.16968352,-2.18977947,16.54771297,86.8
109.684,-1.168825037,-2.089689215,16.54152447,86.9
109.696,-1.16968352,-1.989598961,16.58341385,86.8
109.709,-1.16968352,-1.890729319,16.57722534,86.9
109.722,-1.170971245,-1.790639065,16.58960235,86.7
109.734,-1.170112762,-1.691769423,16.61292621,86.9
109.747,-1.171829728,-1.591679168,16.6429153,86.8
109.76,-1.171829728,-1.492809527,16.67242767,86.9
109.772,-1.171829728,-1.392719272,16.67861618,86.8
109.785,-1.17225897,-1.293849631,16.71431705,86.8
109.798,-1.17225897,-1.193759376,16.71431705,86.8
109.811,-1.173117453,-1.094889735,16.64430614,86.8
109.823,-1.173546695,-0.99479948,16.63811763,86.9
109.836,-1.174405178,-0.928886386,16.68000701,86.8
109.849,-1.174405178,-0.828796131,16.70951938,86.9
109.861,-1.17483442,-0.72992649,16.71570789,86.8
109.874,-1.17483442,-0.662792783,16.74522025,86.9
109.887,-1.175692903,-0.563923141,16.75140876,86.8
109.899,-1.176122145,-0.498010047,16.74522025,86.9
109.912,-1.176122145,-0.430876339,16.77520934,86.8
109.925,-1.176122145,-0.332006698,16.86902083,86.8
109.938,-1.17740987,-0.26487299,16.91091021,86.7
109.95,-1.17740987,-0.198959896,16.80472171,86.9
109.963,-1.178268353,-0.166003349,16.84042258,86.9
109.976,-1.178697595,-0.133046802,16.93423407,86.9
109.988,-1.179556078,-0.100090254,17.03423407,86.8
110.001,-1.179556078,-0.065913094,16.97612345,86.8
110.014,-1.17998532,-0.032956547,16.97612345,86.8
110.027,-1.17998532,0,16.97612345,86.8
110.039,-1.180843803,0,16.97612345,86.8
110.052,-1.180843803,-0.032956547,16.97612345,86.8
110.065,-1.180843803,-0.032956547,16.94042258,86.8
110.077,-1.180843803,-0.065913094,16.94042258,86.8
110.09,-1.180843803,-0.100090254,16.87612345,86.9
110.103,-1.17998532,-0.133046802,16.88231196,86.8
110.115,-1.180843803,-0.166003349,16.94042258,86.8
110.128,-1.17998532,-0.198959896,16.84042258,86.9
110.141,-1.180843803,-0.231916443,16.84042258,86.9
110.154,-1.180843803,-0.26487299,16.80472171,86.9
110.166,-1.181702287,-0.332006698,16.81091021,86.8
110.179,-1.180843803,-0.397919792,16.80472171,86.9
110.192,-1.181702287,-0.463832887,16.76902083,86.9
110.204,-1.180843803,-0.530966594,16.86902083,86.8
110.217,-1.181702287,-0.596879688,16.84522025,86.8
110.23,-1.180843803,-0.696969943,16.83903174,86.9
110.242,-1.180843803,-0.762883037,16.80951938,86.8
110.255,-1.180843803,-0.862973292,16.80951938,86.8
110.268,-1.17998532,-0.961842933,16.7738185,86.8
110.281,-1.17998532,-1.061933188,16.73811763,86.8
110.293,-1.17998532,-1.160802829,16.73811763,86.8
110.306,-1.179556078,-1.293849631,16.71431705,86.8
110.319,-1.178697595,-1.392719272,16.67861618,86.8
110.331,-1.178697595,-1.525766074,16.67861618,86.8
110.344,-1.178268353,-1.658812876,16.5429153,86.9
110.357,-1.178268353,-1.790639065,16.52530323,86.8
110.37,-1.17740987,-1.890729319,16.48341385,86.9
110.382,-1.176980628,-2.023776121,16.48960235,86.8
110.395,-1.176122145,-2.18977947,16.44771297,86.9
110.408,-1.176122145,-2.321605658,16.41820061,86.8
110.42,-1.17483442,-2.45465246,16.38821152,86.9
110.433,-1.17483442,-2.587699262,16.39440003,86.8
110.446,-1.173546695,-2.71952545,16.35251064,86.9
110.458,-1.173546695,-2.852572252,16.32299828,86.8
110.471,-1.173117453,-2.985619054,16.29300919,86.9
110.484,-1.17225897,-3.117445243,16.2991977,86.8
110.497,-1.171829728,-3.250492044,16.29300919,86.9
110.509,-1.170971245,-3.383538846,16.26349682,86.8
110.522,-1.170112762,-3.515365035,16.41541894,86.8
110.535,-1.168825037,-3.615455289,16.41541894,86.8
110.547,-1.168825037,-3.748502091,16.28590657,86.8
110.56,-1.168395795,-3.814415185,16.28590657,86.8
110.573,-1.167537312,-3.91450544,16.29209508,86.7
110.585,-1.16710807,-3.980418534,16.28590657,86.8
110.598,-1.16710807,-4.046331628,16.29209508,86.7
110.611,-1.166249587,-4.079288176,16.26210599,86.8
110.624,-1.166249587,-4.113465336,16.29209508,86.7
110.636,-1.165820345,-4.113465336,16.25591748,86.9
110.649,-1.165820345,-4.079288176,16.26829449,86.7
110.662,-1.165820345,-4.046331628,16.26210599,86.8
110.674,-1.165820345,-3.980418534,16.29209508,86.7
110.687,-1.165820345,-3.91450544,16.28590657,86.8
110.7,-1.166249587,-3.847371732,16.19209508,86.8
110.713,-1.165820345,-3.748502091,16.22779595,86.8
110.725,-1.165820345,-3.648411836,16.22160744,86.9
110.738,-1.165820345,-3.515365035,16.22779595,86.8
110.751,-1.165820345,-3.416495393,16.25730832,86.9
110.763,-1.166249587,-3.316405139,16.26349682,86.8
110.776,-1.166249587,-3.18457895,16.29300919,86.9
110.789,-1.166249587,-3.051532148,16.32299828,86.8
110.801,-1.166249587,-2.952662507,16.41680977,86.8
110.814,-1.16710807,-2.819615705,16.42299828,86.7
110.827,-1.16710807,-2.71952545,16.35251064,86.9
110.84,-1.167537312,-2.587699262,16.48821152,86.8
110.852,-1.168395795,-2.45465246,16.58202301,86.8
110.865,-1.168825037,-2.354562206,16.49440003,86.7
110.878,-1.168825037,-2.255692564,16.4120121,86.9
110.89,-1.16968352,-2.122645762,16.55390148,86.7
110.903,-1.16968352,-2.023776121,16.54771297,86.8
110.916,-1.170971245,-1.890729319,16.58960235,86.7
110.928,-1.170971245,-1.790639065,16.58341385,86.8
110.941,-1.171829728,-1.691769423,16.61911472,86.8
110.954,-1.171829728,-1.591679168,16.61911472,86.8
110.967,-1.17225897,-1.492809527,16.64910381,86.7
110.979,-1.17225897,-1.426896432,16.64910381,86.7
110.992,-1.173117453,-1.326806178,16.67861618,86.8
111.005,-1.173117453,-1.260893084,16.67861618,86.8
111.017,-1.174405178,-1.193759376,16.71431705,86.8
111.03,-1.173546695,-1.160802829,16.62050556,86.8
111.043,-1.174405178,-1.094889735,16.73811763,86.8
111.056,-1.173546695,-1.061933188,16.74430614,86.7
111.068,-1.174405178,-1.027756028,16.73811763,86.8
111.081,-1.174405178,-1.027756028,16.74430614,86.7
111.094,-1.17483442,-0.99479948,16.64430614,86.8
111.106,-1.174405178,-0.99479948,16.73811763,86.8
111.119,-1.17483442,-0.99479948,16.73811763,86.8
111.132,-1.17483442,-0.99479948,16.83192912,86.8
111.144,-1.17483442,-1.027756028,16.73811763,86.8
111.157,-1.17483442,-1.027756028,16.7738185,86.8
111.17,-1.175692903,-1.061933188,16.83811763,86.7
111.183,-1.17483442,-1.061933188,16.73811763,86.8
111.195,-1.17483442,-1.094889735,16.73811763,86.8
111.208,-1.175692903,-1.127846282,16.71431705,86.8
111.221,-1.175692903,-1.160802829,16.71431705,86.8
111.233,-1.175692903,-1.226715924,16.71431705,86.8
111.246,-1.175692903,-1.260893084,16.71431705,86.8
111.259,-1.175692903,-1.293849631,16.67861618,86.8
111.271,-1.17483442,-1.326806178,16.67861618,86.8
111.284,-1.175692903,-1.359762725,16.68480468,86.7
111.297,-1.17483442,-1.426896432,16.57861618,86.9
111.31,-1.17483442,-1.45985298,16.68480468,86.7
111.322,-1.17483442,-1.492809527,16.67861618,86.8
111.335,-1.17483442,-1.558722621,16.64910381,86.7
111.348,-1.174405178,-1.625856329,16.6429153,86.8
111.36,-1.17483442,-1.691769423,16.54910381,86.8
111.373,-1.174405178,-1.757682517,16.61911472,86.8
111.386,-1.17483442,-1.790639065,16.62530323,86.7
111.399,-1.174405178,-1.857772772,16.48341385,86.9
111.411,-1.17483442,-1.923685866,16.48960235,86.8
111.424,-1.174405178,-1.956642413,16.58341385,86.8
111.437,-1.174405178,-2.023776121,16.45390148,86.8
111.449,-1.174405178,-2.056732668,16.45390148,86.8
111.462,-1.173546695,-2.089689215,16.54771297,86.8
111.475,-1.173546695,-2.155602309,16.5120121,86.8
111.487,-1.173546695,-2.222736017,16.50582359,86.9
111.5,-1.173546695,-2.255692564,16.5120121,86.8
111.513,-1.173117453,-2.255692564,16.60582359,86.8
111.526,-1.173546695,-2.288649111,16.6120121,86.7
111.538,-1.173546695,-2.288649111,16.60582359,86.8
111.551,-1.173546695,-2.321605658,16.61820061,86.6
111.564,-1.173117453,-2.321605658,16.4120121,86.9
111.576,-1.173546695,-2.321605658,16.42438911,86.7
111.589,-1.173546695,-2.321605658,16.5120121,86.8
111.602,-1.173546695,-2.288649111,16.51820061,86.7
111.614,-1.173546695,-2.288649111,16.5120121,86.8
111.627,-1.173546695,-2.255692564,16.51820061,86.7
111.64,-1.173117453,-2.222736017,16.5120121,86.8
111.653,-1.173546695,-2.222736017,16.51820061,86.7
111.665,-1.173117453,-2.155602309,16.51820061,86.7
111.678,-1.173546695,-2.122645762,16.54771297,86.8
111.691,-1.173117453,-2.089689215,16.45390148,86.8
111.703,-1.173117453,-2.023776121,16.44771297,86.9
111.716,-1.173117453,-1.956642413,16.45390148,86.8
111.729,-1.173117453,-1.923685866,16.44771297,86.9
111.742,-1.173117453,-1.857772772,16.48960235,86.8
111.754,-1.173546695,-1.790639065,16.58341385,86.8
111.767,-1.173546695,-1.757682517,16.48960235,86.8
111.78,-1.173546695,-1.691769423,16.61292621,86.9
111.792,-1.173546695,-1.625856329,16.61911472,86.8
111.805,-1.173546695,-1.558722621,16.71292621,86.8
111.818,-1.174405178,-1.492809527,16.7429153,86.7
111.83,-1.174405178,-1.426896432,16.6429153,86.8
111.843,-1.174405178,-1.392719272,16.68480468,86.7
111.856,-1.174405178,-1.326806178,16.67861618,86.8
111.869,-1.17483442,-1.260893084,16.67861618,86.8
111.881,-1.174405178,-1.193759376,16.67861618,86.8
111.894,-1.17483442,-1.160802829,16.67861618,86.8
111.907,-1.174405178,-1.094889735,16.71431705,86.8
111.919,-1.17483442,-1.061933188,16.71431705,86.8
111.932,-1.17483442,-0.99479948,16.73811763,86.8
111.945,-1.175692903,-0.961842933,16.73811763,86.8
111.957,-1.17483442,-0.928886386,16.73811763,86.8
111.97,-1.175692903,-0.895929839,16.73811763,86.8
111.983,-1.17483442,-0.895929839,16.7738185,86.8
111.996,-1.175692903,-0.862973292,16.7738185,86.8
112.008,-1.175692903,-0.828796131,16.7738185,86.8
112.021,-1.176122145,-0.828796131,16.7738185,86.8
112.034,-1.175692903,-0.828796131,16.7738185,86.8
112.046,-1.176122145,-0.828796131,16.7738185,86.8
112.059,-1.176122145,-0.828796131,16.7738185,86.8
112.072,-1.176122145,-0.828796131,16.7738185,86.8
112.085,-1.176122145,-0.828796131,16.7738185,86.8
112.097,-1.176122145,-0.828796131,16.7738185,86.8
112.11,-1.176122145,-0.862973292,16.7738185,86.8
112.123,-1.176122145,-0.862973292,16.78000701,86.7
112.135,-1.175692903,-0.895929839,16.7738185,86.8
112.148,-1.176122145,-0.928886386,16.7738185,86.8
112.161,-1.176122145,-0.961842933,16.73811763,86.8
112.173,-1.176122145,-0.99479948,16.73192912,86.9
112.186,-1.176122145,-1.027756028,16.83192912,86.8
112.199,-1.176122145,-1.061933188,16.83192912,86.8
112.212,-1.176122145,-1.094889735,16.72050556,86.7
112.224,-1.175692903,-1.160802829,16.71431705,86.8
112.237,-1.176122145,-1.193759376,16.72050556,86.7
112.25,-1.175692903,-1.226715924,16.71431705,86.8
112.262,-1.176122145,-1.293849631,16.72050556,86.7
112.275,-1.175692903,-1.326806178,16.67242767,86.9
112.288,-1.176122145,-1.392719272,16.68480468,86.7
112.3,-1.175692903,-1.45985298,16.67861618,86.8
112.313,-1.176122145,-1.525766074,16.64910381,86.7
112.326,-1.175692903,-1.625856329,16.6367268,86.9
112.339,-1.175692903,-1.691769423,16.62530323,86.7
112.351,-1.17483442,-1.757682517,16.61911472,86.8
112.364,-1.17483442,-1.824816225,16.58960235,86.7
112.377,-1.17483442,-1.923685866,16.58341385,86.8
112.389,-1.17483442,-1.989598961,16.58960235,86.7
112.402,-1.174405178,-2.056732668,16.45390148,86.8
112.415,-1.174405178,-2.155602309,16.45390148,86.8
112.428,-1.173546695,-2.255692564,16.41820061,86.8
112.44,-1.173546695,-2.321605658,16.5120121,86.8
112.453,-1.173546695,-2.421695913,16.49440003,86.7
112.466,-1.173117453,-2.487609007,16.58202301,86.8
112.478,-1.173117453,-2.587699262,16.55869915,86.6
112.491,-1.17225897,-2.686568903,16.54632214,86.8
112.504,-1.17225897,-2.752481998,16.42299828,86.7
112.516,-1.171829728,-2.852572252,16.41062126,86.9
112.529,-1.17225897,-2.918485347,16.4991977,86.6
112.542,-1.170971245,-3.018575601,16.38682068,86.9
112.555,-1.171829728,-3.084488695,16.3991977,86.7
112.567,-1.170971245,-3.151622403,16.35730832,86.8
112.58,-1.170971245,-3.217535497,16.36349682,86.7
112.593,-1.170112762,-3.283448591,16.35730832,86.8
112.605,-1.170112762,-3.350582299,16.35730832,86.8
112.618,-1.16968352,-3.416495393,16.32160744,86.8
112.631,-1.16968352,-3.482408487,16.32160744,86.8
112.643,-1.168825037,-3.515365035,16.32779595,86.7
112.656,-1.168825037,-3.549542195,16.32160744,86.8
112.669,-1.168825037,-3.582498742,16.29209508,86.7
112.682,-1.168395795,-3.648411836,16.28590657,86.8
112.694,-1.168395795,-3.648411836,16.29209508,86.7
112.707,-1.168395795,-3.681368384,16.28590657,86.8
112.72,-1.167537312,-3.715545544,16.29209508,86.7
112.732,-1.167537312,-3.748502091,16.28590657,86.8
112.745,-1.167537312,-3.748502091,16.29209508,86.7
112.758,-1.167537312,-3.748502091,16.18590657,86.9
112.771,-1.167537312,-3.748502091,16.19209508,86.8
112.783,-1.167537312,-3.781458638,16.28590657,86.8
112.796,-1.167537312,-3.748502091,16.29209508,86.7
112.809,-1.167537312,-3.748502091,16.28590657,86.8
112.821,-1.167537312,-3.715545544,16.28590657,86.8
112.834,-1.16710807,-3.715545544,16.38590657,86.7
112.847,-1.167537312,-3.715545544,16.38590657,86.7
112.859,-1.16710807,-3.715545544,16.37971806,86.8
112.872,-1.16710807,-3.715545544,16.38590657,86.7
112.885,-1.16710807,-3.681368384,16.38590657,86.7
112.898,-1.167537312,-3.681368384,16.38590657,86.7
112.91,-1.16710807,-3.648411836,16.28590657,86.8
112.923,-1.167537312,-3.648411836,16.29209508,86.7
112.936,-1.16710807,-3.648411836,16.28590657,86.8
112.948,-1.167537312,-3.615455289,16.19209508,86.8
112.961,-1.16710807,-3.615455289,16.19209508,86.8
112.974,-1.167537312,-3.615455289,16.32779595,86.7
112.986,-1.16710807,-3.582498742,16.28590657,86.8
112.999,-1.16710807,-3.582498742,16.29209508,86.7
113.012,-1.16710807,-3.582498742,16.29209508,86.7
113.025,-1.167537312,-3.549542195,16.32779595,86.7
113.037,-1.16710807,-3.549542195,16.32160744,86.8
113.05,-1.167537312,-3.549542195,16.32779595,86.7
113.063,-1.16710807,-3.549542195,16.32160744,86.8
113.075,-1.167537312,-3.549542195,16.32779595,86.7
113.088,-1.16710807,-3.549542195,16.22160744,86.9
113.101,-1.167537312,-3.549542195,16.32779595,86.7
113.114,-1.16710807,-3.582498742,16.41541894,86.8
113.126,-1.16710807,-3.582498742,16.51541894,86.7
113.139,-1.167537312,-3.582498742,16.38590657,86.7
113.152,-1.16710807,-3.582498742,16.28590657,86.8
113.164,-1.16710807,-3.582498742,16.29209508,86.7
113.177,-1.16710807,-3.615455289,16.28590657,86.8
113.19,-1.16710807,-3.615455289,16.29209508,86.7
113.202,-1.166249587,-3.615455289,16.28590657,86.8
113.215,-1.16710807,-3.648411836,16.29209508,86.7
113.228,-1.166249587,-3.648411836,16.28590657,86.8
113.241,-1.16710807,-3.681368384,16.29209508,86.7
113.253,-1.16710807,-3.681368384,16.25591748,86.9
113.266,-1.167537312,-3.715545544,16.29209508,86.7
113.279,-1.16710807,-3.715545544,16.28590657,86.8
113.291,-1.16710807,-3.748502091,16.29209508,86.7
113.304,-1.16710807,-3.748502091,16.26210599,86.8
113.317,-1.16710807,-3.781458638,16.26829449,86.7
113.329,-1.16710807,-3.814415185,16.26829449,86.7
113.342,-1.166249587,-3.814415185,16.26210599,86.8
113.355,-1.166249587,-3.847371732,16.35591748,86.8
113.368,-1.166249587,-3.847371732,16.35591748,86.8
113.38,-1.166249587,-3.88032828,16.26829449,86.7
113.393,-1.166249587,-3.88032828,16.26210599,86.8
113.406,-1.166249587,-3.91450544,16.29209508,86.7
113.418,-1.166249587,-3.91450544,16.26210599,86.8
113.431,-1.166249587,-3.91450544,16.26829449,86.7
113.444,-1.166249587,-3.947461987,16.26210599,86.8
113.457,-1.166249587,-3.947461987,16.26829449,86.7
113.469,-1.166249587,-3.980418534,16.26210599,86.8
113.482,-1.166249587,-3.980418534,16.26829449,86.7
113.495,-1.165820345,-3.980418534,16.26210599,86.8
113.507,-1.166249587,-4.013375081,16.26829449,86.7
113.52,-1.165820345,-4.013375081,16.26210599,86.8
113.533,-1.166249587,-4.046331628,16.26829449,86.7
113.545,-1.165820345,-4.046331628,16.26210599,86.8
113.558,-1.166249587,-4.046331628,16.26829449,86.7
113.571,-1.165820345,-4.046331628,16.36210599,86.7
113.584,-1.165820345,-4.079288176,16.36210599,86.7
113.596,-1.164961862,-4.079288176,16.36210599,86.7
113.609,-1.165820345,-4.079288176,16.36210599,86.7
113.622,-1.164961862,-4.079288176,16.26210599,86.8
113.634,-1.165820345,-4.079288176,16.26210599,86.8
113.647,-1.165820345,-4.046331628,16.26210599,86.8
113.66,-1.165820345,-4.046331628,16.26210599,86.8
113.672,-1.165820345,-4.046331628,16.26829449,86.7
113.685,-1.165820345,-4.079288176,16.26210599,86.8
113.698,-1.164961862,-4.079288176,16.26210599,86.8
113.711,-1.165820345,-4.046331628,16.26210599,86.8
113.723,-1.164961862,-4.046331628,16.26210599,86.8
113.736,-1.164961862,-4.046331628,16.26210599,86.8
113.749,-1.164961862,-4.013375081,16.26829449,86.7
113.761,-1.164961862,-4.013375081,16.26829449,86.7
113.774,-1.164961862,-4.013375081,16.26829449,86.7
113.787,-1.164961862,-4.013375081,16.26829449,86.7
113.8,-1.165820345,-4.013375081,16.26829449,86.7
113.812,-1.164961862,-4.013375081,16.26210599,86.8
113.825,-1.164961862,-3.980418534,16.36210599,86.7
113.838,-1.164961862,-3.980418534,16.36210599,86.7
113.85,-1.164961862,-3.980418534,16.36210599,86.7
113.863,-1.164961862,-3.947461987,16.45591748,86.7
113.876,-1.164961862,-3.947461987,16.47971806,86.7
113.888,-1.164961862,-3.947461987,16.47971806,86.7
113.901,-1.164961862,-3.947461987,16.47971806,86.7
113.914,-1.164961862,-3.91450544,16.45591748,86.7
113.927,-1.165820345,-3.91450544,16.36210599,86.7
113.939,-1.164961862,-3.91450544,16.36210599,86.7
113.952,-1.165820345,-3.91450544,16.26829449,86.7
113.965,-1.164961862,-3.88032828,16.26210599,86.8
113.977,-1.165820345,-3.847371732,16.26829449,86.7
113.99,-1.165820345,-3.847371732,16.26210599,86.8
114.003,-1.165820345,-3.814415185,16.26829449,86.7
114.015,-1.165820345,-3.814415185,16.26210599,86.8
114.028,-1.165820345,-3.781458638,16.29209508,86.7
114.041,-1.165820345,-3.748502091,16.27971806,86.9
114.054,-1.165820345,-3.715545544,16.38590657,86.7
114.066,-1.165820345,-3.681368384,16.38590657,86.7
114.079,-1.165820345,-3.648411836,16.38590657,86.7
114.092,-1.165820345,-3.615455289,16.38590657,86.7
114.104,-1.164961862,-3.582498742,16.29209508,86.7
114.117,-1.165820345,-3.549542195,16.29209508,86.7
114.13,-1.164961862,-3.515365035,16.22779595,86.8
114.143,-1.164961862,-3.44945194,16.22779595,86.8
114.155,-1.164961862,-3.416495393,16.32160744,86.8
114.168,-1.165820345,-3.383538846,16.32779595,86.7
114.181,-1.164961862,-3.350582299,16.32160744,86.8
114.193,-1.165820345,-3.283448591,16.32779595,86.7
114.206,-1.165820345,-3.250492044,16.45111981,86.8
114.219,-1.166249587,-3.18457895,16.45730832,86.7
114.231,-1.166249587,-3.151622403,16.45111981,86.8
114.244,-1.166249587,-3.084488695,16.45730832,86.7
114.257,-1.166249587,-3.051532148,16.45111981,86.8
114.27,-1.166249587,-3.018575601,16.49300919,86.7
114.282,-1.166249587,-2.985619054,16.48682068,86.8
114.295,-1.166249587,-2.918485347,16.48682068,86.8
114.308,-1.166249587,-2.885528799,16.49300919,86.7
114.32,-1.16710807,-2.852572252,16.51062126,86.8
114.333,-1.16710807,-2.819615705,16.52299828,86.6
114.346,-1.16710807,-2.786659158,16.41680977,86.8
114.358,-1.16710807,-2.752481998,16.42299828,86.7
114.371,-1.16710807,-2.686568903,16.41680977,86.8
114.384,-1.16710807,-2.653612356,16.45869915,86.7
114.397,-1.16710807,-2.653612356,16.45251064,86.8
114.409,-1.167537312,-2.620655809,16.45869915,86.7
114.422,-1.167537312,-2.587699262,16.45251064,86.8
114.435,-1.167537312,-2.553522102,16.36488766,86.7
114.447,-1.16710807,-2.553522102,16.35869915,86.8
114.46,-1.167537312,-2.520565554,16.45869915,86.7
114.473,-1.167537312,-2.520565554,16.45251064,86.8
114.486,-1.168395795,-2.520565554,16.45869915,86.7
114.498,-1.167537312,-2.520565554,16.45251064,86.8
114.511,-1.168395795,-2.520565554,16.55251064,86.7
114.524,-1.168395795,-2.520565554,16.65251064,86.6
114.536,-1.168395795,-2.520565554,16.55251064,86.7
114.549,-1.167537312,-2.553522102,16.45251064,86.8
114.562,-1.168395795,-2.553522102,16.55251064,86.7
114.574,-1.167537312,-2.587699262,16.45869915,86.7
114.587,-1.168395795,-2.587699262,16.45251064,86.8
114.6,-1.168395795,-2.620655809,16.55251064,86.7
114.613,-1.167537312,-2.653612356,16.55251064,86.7
114.625,-1.167537312,-2.686568903,16.45869915,86.7
114.638,-1.168395795,-2.686568903,16.45251064,86.8
114.651,-1.167537312,-2.71952545,16.45869915,86.7
114.663,-1.168395795,-2.752481998,16.42299828,86.7
114.676,-1.167537312,-2.752481998,16.42299828,86.7
114.689,-1.167537312,-2.786659158,16.42299828,86.7
114.701,-1.168395795,-2.819615705,16.42299828,86.7
114.714,-1.168395795,-2.852572252,16.3991977,86.7
114.727,-1.167537312,-2.885528799,16.39300919,86.8
114.74,-1.168395795,-2.918485347,16.3991977,86.7
114.752,-1.168395795,-2.918485347,16.51062126,86.8
114.765,-1.168395795,-2.952662507,16.61680977,86.6
114.778,-1.168395795,-2.985619054,16.58682068,86.7
114.79,-1.167537312,-3.018575601,16.49300919,86.7
114.803,-1.167537312,-3.051532148,16.49300919,86.7
114.816,-1.167537312,-3.084488695,16.49300919,86.7
114.829,-1.167537312,-3.117445243,16.49300919,86.7
114.841,-1.16710807,-3.151622403,16.49300919,86.7
114.854,-1.167537312,-3.151622403,16.45730832,86.7
114.867,-1.16710807,-3.18457895,16.45730832,86.7
114.879,-1.16710807,-3.18457895,16.45730832,86.7
114.892,-1.16710807,-3.18457895,16.45730832,86.7
114.905,-1.167537312,-3.18457895,16.46349682,86.6
114.917,-1.16710807,-3.18457895,16.45730832,86.7
114.93,-1.167537312,-3.18457895,16.46349682,86.6
114.943,-1.167537312,-3.18457895,16.45730832,86.7
114.956,-1.167537312,-3.18457895,16.46349682,86.6
114.968,-1.16710807,-3.151622403,16.45111981,86.8
114.981,-1.167537312,-3.117445243,16.36349682,86.7
114.994,-1.167537312,-3.084488695,16.35730832,86.8
115.006,-1.167537312,-3.051532148,16.49300919,86.7
115.019,-1.167537312,-3.018575601,16.49300919,86.7
115.032,-1.167537312,-2.985619054,16.49300919,86.7
115.044,-1.167537312,-2.952662507,16.3991977,86.7
115.057,-1.167537312,-2.885528799,16.39300919,86.8
115.07,-1.167537312,-2.852572252,16.42299828,86.7
115.083,-1.167537312,-2.819615705,16.51680977,86.7
115.095,-1.167537312,-2.786659158,16.52299828,86.6
115.108,-1.167537312,-2.71952545,16.51680977,86.7
115.121,-1.167537312,-2.686568903,16.52299828,86.6
115.133,-1.167537312,-2.620655809,16.51680977,86.7
115.146,-1.168395795,-2.553522102,16.55251064,86.7
115.159,-1.167537312,-2.520565554,16.64632214,86.7
115.172,-1.168395795,-2.45465246,16.55251064,86.7
115.184,-1.168395795,-2.421695913,16.58821152,86.7
115.197,-1.168395795,-2.354562206,16.58821152,86.7
115.21,-1.168395795,-2.321605658,16.58821152,86.7
115.222,-1.168825037,-2.288649111,16.58821152,86.7
115.235,-1.168395795,-2.255692564,16.59440003,86.6
115.248,-1.168395795,-2.255692564,16.58821152,86.7
115.26,-1.168825037,-2.222736017,16.61820061,86.6
115.273,-1.168825037,-2.18977947,16.5120121,86.8
115.286,-1.168825037,-2.18977947,16.51820061,86.7
115.299,-1.168825037,-2.155602309,16.5120121,86.8
115.311,-1.168825037,-2.155602309,16.61820061,86.6
115.324,-1.168825037,-2.122645762,16.54771297,86.8
115.337,-1.16968352,-2.089689215,16.55390148,86.7
115.349,-1.16968352,-2.089689215,16.64771297,86.7
115.362,-1.16968352,-2.089689215,16.61820061,86.6
115.375,-1.16968352,-2.089689215,16.5120121,86.8
115.387,-1.170112762,-2.089689215,16.51820061,86.7
115.4,-1.16968352,-2.089689215,16.5120121,86.8
115.413,-1.170112762,-2.089689215,16.61820061,86.6
115.426,-1.16968352,-2.122645762,16.6120121,86.7
115.438,-1.170112762,-2.122645762,16.6120121,86.7
115.451,-1.16968352,-2.122645762,16.6120121,86.7
115.464,-1.170112762,-2.155602309,16.60582359,86.8
115.476,-1.16968352,-2.155602309,16.6120121,86.7
115.489,-1.16968352,-2.155602309,16.60582359,86.8
115.502,-1.16968352,-2.18977947,16.6120121,86.7
115.515,-1.16968352,-2.18977947,16.6120121,86.7
115.527,-1.168825037,-2.222736017,16.6120121,86.7
115.54,-1.16968352,-2.255692564,16.5120121,86.8
115.553,-1.168825037,-2.255692564,16.51820061,86.7
115.565,-1.16968352,-2.288649111,16.5120121,86.8
115.578,-1.168825037,-2.288649111,16.59440003,86.6
115.591,-1.16968352,-2.288649111,16.49440003,86.7
115.603,-1.168825037,-2.321605658,16.49440003,86.7
115.616,-1.16968352,-2.321605658,16.51820061,86.7
115.629,-1.168825037,-2.354562206,16.49440003,86.7
115.642,-1.16968352,-2.388739366,16.49440003,86.7
115.654,-1.168825037,-2.388739366,16.48821152,86.8
115.667,-1.16968352,-2.421695913,16.49440003,86.7
115.68,-1.16968352,-2.45465246,16.48821152,86.8
115.692,-1.16968352,-2.487609007,16.45869915,86.7
115.705,-1.16968352,-2.487609007,16.45869915,86.7
115.718,-1.16968352,-2.520565554,16.45869915,86.7
115.73,-1.16968352,-2.553522102,16.45251064,86.8
115.743,-1.168825037,-2.553522102,16.64632214,86.7
115.756,-1.16968352,-2.587699262,16.64632214,86.7
115.769,-1.168825037,-2.587699262,16.64632214,86.7
115.781,-1.168825037,-2.620655809,16.45869915,86.7
115.794,-1.168825037,-2.620655809,16.45251064,86.8
115.807,-1.16968352,-2.620655809,16.52299828,86.6
115.819,-1.168825037,-2.653612356,16.55251064,86.7
115.832,-1.16968352,-2.653612356,16.55869915,86.6
115.845,-1.168825037,-2.653612356,16.55251064,86.7
115.858,-1.16968352,-2.686568903,16.55869915,86.6
115.87,-1.168825037,-2.686568903,16.55251064,86.7
115.883,-1.16968352,-2.686568903,16.55869915,86.6
115.896,-1.168825037,-2.686568903,16.51680977,86.7
115.908,-1.16968352,-2.686568903,16.42299828,86.7
115.921,-1.168825037,-2.686568903,16.41680977,86.8
115.934,-1.16968352,-2.686568903,16.42299828,86.7
115.946,-1.16968352,-2.686568903,16.42299828,86.7
115.959,-1.16968352,-2.686568903,16.55251064,86.7
115.972,-1.168825037,-2.686568903,16.42299828,86.7
115.985,-1.16968352,-2.653612356,16.42299828,86.7
115.997,-1.168825037,-2.653612356,16.51680977,86.7
116.01,-1.168825037,-2.620655809,16.61062126,86.7
116.023,-1.16968352,-2.620655809,16.65251064,86.6
116.035,-1.16968352,-2.620655809,16.54632214,86.8
116.048,-1.16968352,-2.620655809,16.55869915,86.6
116.061,-1.16968352,-2.587699262,16.54632214,86.8
116.073,-1.16968352,-2.587699262,16.55869915,86.6
116.086,-1.16968352,-2.553522102,16.54632214,86.8
116.099,-1.16968352,-2.553522102,16.55869915,86.6
116.112,-1.168825037,-2.520565554,16.55251064,86.7
116.124,-1.16968352,-2.487609007,16.55869915,86.6
116.137,-1.16968352,-2.45465246,16.55251064,86.7
116.15,-1.16968352,-2.45465246,16.58821152,86.7
116.162,-1.16968352,-2.421695913,16.58821152,86.7
116.175,-1.16968352,-2.388739366,16.58821152,86.7
116.188,-1.16968352,-2.354562206,16.59440003,86.6
116.201,-1.16968352,-2.321605658,16.58821152,86.7
116.213,-1.168825037,-2.321605658,16.59440003,86.6
116.226,-1.168825037,-2.321605658,16.58821152,86.7
116.239,-1.16968352,-2.288649111,16.59440003,86.6
116.251,-1.168825037,-2.288649111,16.58821152,86.7
116.264,-1.168825037,-2.255692564,16.61820061,86.6
116.277,-1.16968352,-2.222736017,16.6120121,86.7
116.289,-1.16968352,-2.222736017,16.61820061,86.6
116.302,-1.16968352,-2.18977947,16.70582359,86.7
116.315,-1.16968352,-2.18977947,16.7120121,86.6
116.328,-1.16968352,-2.155602309,16.6120121,86.7
116.34,-1.16968352,-2.155602309,16.61820061,86.6
116.353,-1.16968352,-2.155602309,16.6120121,86.7
116.366,-1.16968352,-2.155602309,16.61820061,86.6
116.378,-1.16968352,-2.155602309,16.6120121,86.7
116.391,-1.16968352,-2.155602309,16.6120121,86.7
116.404,-1.16968352,-2.155602309,16.6120121,86.7
116.416,-1.170112762,-2.155602309,16.6120121,86.7
116.429,-1.16968352,-2.155602309,16.6120121,86.7
116.442,-1.170112762,-2.155602309,16.61820061,86.6
116.455,-1.16968352,-2.155602309,16.51820061,86.7
116.467,-1.170112762,-2.18977947,16.51820061,86.7
116.48,-1.16968352,-2.18977947,16.51820061,86.7
116.493,-1.16968352,-2.222736017,16.61820061,86.6
116.505,-1.168825037,-2.222736017,16.6120121,86.7
116.518,-1.16968352,-2.222736017,16.6120121,86.7
116.531,-1.168825037,-2.255692564,16.49440003,86.7
116.544,-1.16968352,-2.255692564,16.49440003,86.7
116.556,-1.168825037,-2.288649111,16.49440003,86.7
116.569,-1.16968352,-2.321605658,16.59440003,86.6
116.582,-1.168825037,-2.321605658,16.58821152,86.7
116.594,-1.16968352,-2.354562206,16.58821152,86.7
116.607,-1.16968352,-2.354562206,16.68202301,86.7
116.62,-1.16968352,-2.388739366,16.68202301,86.7
116.632,-1.16968352,-2.388739366,16.68202301,86.7
116.645,-1.16968352,-2.421695913,16.68202301,86.7
116.658,-1.16968352,-2.45465246,16.68202301,86.7
116.671,-1.16968352,-2.487609007,16.68821152,86.6
116.683,-1.16968352,-2.487609007,16.58821152,86.7
116.696,-1.16968352,-2.487609007,16.58821152,86.7
116.709,-1.16968352,-2.520565554,16.58821152,86.7
116.721,-1.168825037,-2.520565554,16.58821152,86.7
116.734,-1.16968352,-2.520565554,16.59440003,86.6
116.747,-1.168825037,-2.553522102,16.45251064,86.8
116.759,-1.16968352,-2.587699262,16.45869915,86.7
116.772,-1.168825037,-2.587699262,16.55251064,86.7
116.785,-1.16968352,-2.587699262,16.45869915,86.7
116.798,-1.168825037,-2.620655809,16.45251064,86.8
116.81,-1.16968352,-2.620655809,16.45869915,86.7
116.823,-1.168825037,-2.620655809,16.45251064,86.8
116.836,-1.16968352,-2.620655809,16.55869915,86.6
116.848,-1.168825037,-2.620655809,16.55251064,86.7
116.861,-1.16968352,-2.620655809,16.55869915,86.6
116.874,-1.168825037,-2.587699262,16.55251064,86.7
116.887,-1.16968352,-2.587699262,16.55869915,86.6
116.899,-1.16968352,-2.587699262,16.55251064,86.7
116.912,-1.16968352,-2.587699262,16.65251064,86.6
116.925,-1.168825037,-2.587699262,16.64632214,86.7
116.937,-1.168825037,-2.587699262,16.64632214,86.7
116.95,-1.168825037,-2.553522102,16.55869915,86.6
116.963,-1.168825037,-2.553522102,16.54632214,86.8
116.975,-1.168825037,-2.553522102,16.65869915,86.5
116.988,-1.168825037,-2.520565554,16.64632214,86.7
117.001,-1.16968352,-2.520565554,16.55869915,86.6
117.014,-1.168825037,-2.487609007,16.54632214,86.8
117.026,-1.16968352,-2.487609007,16.55869915,86.6
117.039,-1.16968352,-2.487609007,16.58202301,86.8
117.052,-1.16968352,-2.45465246,16.59440003,86.6
117.064,-1.16968352,-2.45465246,16.58821152,86.7
117.077,-1.170112762,-2.421695913,16.59440003,86.6
117.09,-1.16968352,-2.421695913,16.58821152,86.7
117.102,-1.16968352,-2.388739366,16.59440003,86.6
117.115,-1.16968352,-2.388739366,16.58821152,86.7
117.128,-1.170112762,-2.388739366,16.58821152,86.7
117.141,-1.16968352,-2.354562206,16.59440003,86.6
117.153,-1.16968352,-2.354562206,16.58821152,86.7
117.166,-1.168825037,-2.354562206,16.59440003,86.6
117.179,-1.16968352,-2.388739366,16.58821152,86.7
117.191,-1.168825037,-2.388739366,16.59440003,86.6
117.204,-1.16968352,-2.388739366,16.58821152,86.7
117.217,-1.16968352,-2.388739366,16.59440003,86.6
117.23,-1.16968352,-2.388739366,16.58821152,86.7
117.242,-1.16968352,-2.421695913,16.68821152,86.6
117.255,-1.16968352,-2.421695913,16.68202301,86.7
117.268,-1.16968352,-2.421695913,16.59440003,86.6
117.28,-1.16968352,-2.421695913,16.58821152,86.7
117.293,-1.16968352,-2.45465246,16.68821152,86.6
117.306,-1.16968352,-2.45465246,16.58821152,86.7
117.318,-1.16968352,-2.487609007,16.58821152,86.7
117.331,-1.16968352,-2.487609007,16.55251064,86.7
117.344,-1.16968352,-2.520565554,16.55869915,86.6
117.357,-1.16968352,-2.520565554,16.55251064,86.7
117.369,-1.170112762,-2.520565554,16.55869915,86.6
117.382,-1.16968352,-2.553522102,16.55251064,86.7
117.395,-1.170112762,-2.587699262,16.55251064,86.7
117.407,-1.16968352,-2.587699262,16.55251064,86.7
117.42,-1.16968352,-2.587699262,16.55869915,86.6
117.433,-1.16968352,-2.587699262,16.55251064,86.7
117.445,-1.170112762,-2.620655809,16.45869915,86.7
117.458,-1.16968352,-2.620655809,16.45869915,86.7
117.471,-1.170112762,-2.653612356,16.45869915,86.7
117.484,-1.168825037,-2.653612356,16.55251064,86.7
117.496,-1.16968352,-2.686568903,16.52299828,86.6
117.509,-1.168825037,-2.71952545,16.61062126,86.7
117.522,-1.16968352,-2.71952545,16.61680977,86.6
117.534,-1.168825037,-2.71952545,16.61062126,86.7
117.547,-1.16968352,-2.752481998,16.51680977,86.7
117.56,-1.168825037,-2.752481998,16.61062126,86.7
117.572,-1.16968352,-2.752481998,16.61680977,86.6
117.585,-1.168825037,-2.752481998,16.61062126,86.7
117.598,-1.168825037,-2.752481998,16.51680977,86.7
117.611,-1.168825037,-2.752481998,16.61680977,86.6
117.623,-1.16968352,-2.752481998,16.61680977,86.6
117.636,-1.168825037,-2.752481998,16.51680977,86.7
117.649,-1.16968352,-2.71952545,16.51680977,86.7
117.661,-1.168825037,-2.71952545,16.52299828,86.6
117.674,-1.168825037,-2.686568903,16.51680977,86.7
117.687,-1.168825037,-2.653612356,16.52299828,86.6
117.7,-1.168825037,-2.653612356,16.51680977,86.7
117.712,-1.168825037,-2.620655809,16.55869915,86.6
117.725,-1.168825037,-2.587699262,16.55251064,86.7
117.738,-1.168825037,-2.520565554,16.55869915,86.6
117.75,-1.168825037,-2.487609007,16.54632214,86.8
117.763,-1.16968352,-2.487609007,16.56488766,86.5
117.776,-1.16968352,-2.421695913,16.58821152,86.7
117.788,-1.16968352,-2.388739366,16.59440003,86.6
117.801,-1.16968352,-2.354562206,16.58821152,86.7
117.814,-1.16968352,-2.321605658,16.49440003,86.7
117.827,-1.168825037,-2.288649111,16.48821152,86.8
117.839,-1.16968352,-2.255692564,16.51820061,86.7
117.852,-1.16968352,-2.18977947,16.6120121,86.7
117.865,-1.16968352,-2.155602309,16.6120121,86.7
117.877,-1.16968352,-2.089689215,16.7120121,86.6
117.89,-1.16968352,-2.056732668,16.70582359,86.7
117.903,-1.16968352,-2.023776121,16.74771297,86.6
117.915,-1.16968352,-1.989598961,16.84152447,86.6
117.928,-1.16968352,-1.956642413,16.74771297,86.6
117.941,-1.16968352,-1.923685866,16.74152447,86.7
117.954,-1.170112762,-1.890729319,16.74771297,86.6
117.966,-1.170112762,-1.857772772,16.64152447,86.8
117.979,-1.170971245,-1.824816225,16.56008999,86.6
117.992,-1.170112762,-1.790639065,16.48960235,86.8
118.004,-1.170971245,-1.757682517,16.69579086,86.5
118.017,-1.170971245,-1.757682517,16.68341385,86.7
118.03,-1.171829728,-1.72472597,16.68960235,86.6
118.043,-1.170971245,-1.691769423,16.68341385,86.7
118.055,-1.171829728,-1.691769423,16.72530323,86.6
118.068,-1.171829728,-1.658812876,16.71911472,86.7
118.081,-1.17225897,-1.658812876,16.72530323,86.6
118.093,-1.171829728,-1.625856329,16.72530323,86.6
118.106,-1.17225897,-1.625856329,16.71911472,86.7
118.119,-1.171829728,-1.625856329,16.72530323,86.6
118.131,-1.17225897,-1.625856329,16.71911472,86.7
118.144,-1.171829728,-1.625856329,16.72530323,86.6
118.157,-1.17225897,-1.625856329,16.71911472,86.7
118.17,-1.171829728,-1.625856329,16.72530323,86.6
118.182,-1.171829728,-1.625856329,16.72530323,86.6
118.195,-1.171829728,-1.625856329,16.72530323,86.6
118.208,-1.17225897,-1.658812876,16.72530323,86.6
118.22,-1.171829728,-1.691769423,16.72530323,86.6
118.233,-1.171829728,-1.691769423,16.71911472,86.7
118.246,-1.171829728,-1.72472597,16.81911472,86.6
118.258,-1.171829728,-1.72472597,16.81292621,86.7
118.271,-1.171829728,-1.72472597,16.68341385,86.7
118.284,-1.171829728,-1.757682517,16.68960235,86.6
118.297,-1.171829728,-1.757682517,16.68960235,86.6
118.309,-1.171829728,-1.790639065,16.68960235,86.6
118.322,-1.171829728,-1.824816225,16.68960235,86.6
118.335,-1.171829728,-1.824816225,16.68341385,86.7
118.347,-1.171829728,-1.857772772,16.68341385,86.7
118.36,-1.170971245,-1.890729319,16.68341385,86.7
118.373,-1.171829728,-1.923685866,16.68960235,86.6
118.386,-1.170971245,-1.923685866,16.64771297,86.7
118.398,-1.171829728,-1.956642413,16.65390148,86.6
118.411,-1.170971245,-1.989598961,16.64771297,86.7
118.424,-1.171829728,-2.023776121,16.65390148,86.6
118.436,-1.170971245,-2.023776121,16.64771297,86.7
118.449,-1.171829728,-2.056732668,16.65390148,86.6
118.462,-1.171829728,-2.089689215,16.64771297,86.7
118.474,-1.171829728,-2.122645762,16.61820061,86.6
118.487,-1.170971245,-2.122645762,16.6120121,86.7
118.5,-1.171829728,-2.155602309,16.61820061,86.6
118.513,-1.170971245,-2.18977947,16.6120121,86.7
118.525,-1.171829728,-2.222736017,16.62438911,86.5
118.538,-1.171829728,-2.255692564,16.6120121,86.7
118.551,-1.171829728,-2.288649111,16.61820061,86.6
118.563,-1.170971245,-2.321605658,16.68202301,86.7
118.576,-1.171829728,-2.354562206,16.68821152,86.6
118.589,-1.170971245,-2.388739366,16.58821152,86.7
118.602,-1.171829728,-2.421695913,16.59440003,86.6
118.614,-1.170971245,-2.45465246,16.55869915,86.6
118.627,-1.170971245,-2.487609007,16.55251064,86.7
118.64,-1.170971245,-2.487609007,16.55869915,86.6
118.652,-1.170112762,-2.520565554,16.65251064,86.6
118.665,-1.170971245,-2.520565554,16.55869915,86.6
118.678,-1.170112762,-2.553522102,16.55251064,86.7
118.69,-1.170971245,-2.553522102,16.55869915,86.6
118.703,-1.170112762,-2.587699262,16.55251064,86.7
118.716,-1.170971245,-2.587699262,16.55869915,86.6
118.729,-1.170112762,-2.587699262,16.55251064,86.7
118.741,-1.170971245,-2.587699262,16.55869915,86.6
118.754,-1.170971245,-2.587699262,16.55251064,86.7
118.767,-1.170971245,-2.620655809,16.55869915,86.6
118.779,-1.170112762,-2.587699262,16.55251064,86.7
118.792,-1.170971245,-2.587699262,16.55869915,86.6
118.805,-1.170112762,-2.587699262,16.55869915,86.6
118.817,-1.170112762,-2.587699262,16.55869915,86.6
118.83,-1.170971245,-2.553522102,16.55251064,86.7
118.843,-1.170971245,-2.553522102,16.65251064,86.6
118.856,-1.170971245,-2.520565554,16.65251064,86.6
118.868,-1.170971245,-2.520565554,16.64632214,86.7
118.881,-1.170971245,-2.487609007,16.68821152,86.6
118.894,-1.170971245,-2.45465246,16.68202301,86.7
118.906,-1.170971245,-2.45465246,16.68821152,86.6
118.919,-1.170112762,-2.421695913,16.68202301,86.7
118.932,-1.170971245,-2.388739366,16.68821152,86.6
118.944,-1.170971245,-2.354562206,16.68202301,86.7
118.957,-1.170971245,-2.321605658,16.59440003,86.6
118.97,-1.170971245,-2.288649111,16.58821152,86.7
118.983,-1.170971245,-2.255692564,16.61820061,86.6
118.995,-1.170971245,-2.222736017,16.61820061,86.6
119.008,-1.171829728,-2.18977947,16.61820061,86.6
119.021,-1.170971245,-2.122645762,16.61820061,86.6
119.033,-1.170971245,-2.089689215,16.61820061,86.6
119.046,-1.170971245,-2.023776121,16.61820061,86.6
119.059,-1.170971245,-1.989598961,16.6120121,86.7
119.072,-1.170971245,-1.923685866,16.65390148,86.6
119.084,-1.171829728,-1.890729319,16.65390148,86.6
119.097,-1.170971245,-1.824816225,16.68960235,86.6
119.11,-1.171829728,-1.790639065,16.68341385,86.7
119.122,-1.170971245,-1.72472597,16.68960235,86.6
119.135,-1.171829728,-1.691769423,16.72530323,86.6
119.148,-1.170971245,-1.625856329,16.71911472,86.7
119.16,-1.171829728,-1.591679168,16.81911472,86.6
119.173,-1.171829728,-1.558722621,16.81292621,86.7
119.186,-1.17225897,-1.525766074,16.81911472,86.6
119.199,-1.17225897,-1.492809527,16.71911472,86.7
119.211,-1.17225897,-1.45985298,16.7429153,86.7
119.224,-1.17225897,-1.426896432,16.8429153,86.6
119.237,-1.173117453,-1.426896432,16.8429153,86.6
119.249,-1.173117453,-1.392719272,16.8429153,86.6
119.262,-1.173117453,-1.359762725,16.8429153,86.6
119.275,-1.17225897,-1.359762725,16.8429153,86.6
119.287,-1.17225897,-1.359762725,16.8429153,86.6
119.3,-1.173117453,-1.326806178,16.8429153,86.6
119.313,-1.173117453,-1.326806178,16.87861618,86.6
119.326,-1.173117453,-1.326806178,16.7429153,86.7
119.338,-1.173117453,-1.326806178,16.7429153,86.7
119.351,-1.173117453,-1.326806178,16.7429153,86.7
119.364,-1.17225897,-1.326806178,16.8429153,86.6
119.376,-1.173117453,-1.359762725,16.84910381,86.5
119.389,-1.173117453,-1.359762725,16.7429153,86.7
119.402,-1.173117453,-1.359762725,16.74910381,86.6
119.415,-1.173117453,-1.359762725,16.8429153,86.6
119.427,-1.173117453,-1.392719272,16.84910381,86.5
119.44,-1.173117453,-1.392719272,16.7429153,86.7
119.453,-1.173117453,-1.426896432,16.74910381,86.6
119.465,-1.173117453,-1.426896432,16.7429153,86.7
119.478,-1.173117453,-1.45985298,16.84910381,86.5
119.491,-1.173117453,-1.45985298,16.9367268,86.6
119.503,-1.173546695,-1.492809527,16.91292621,86.6
119.516,-1.173117453,-1.492809527,16.8367268,86.7
119.529,-1.173546695,-1.525766074,16.81911472,86.6
119.542,-1.173546695,-1.525766074,16.8429153,86.6
119.554,-1.173117453,-1.558722621,16.81911472,86.6
119.567,-1.173117453,-1.591679168,16.81911472,86.6
119.58,-1.173117453,-1.625856329,16.81911472,86.6
119.592,-1.173117453,-1.658812876,16.82530323,86.5
119.605,-1.173117453,-1.691769423,16.78341385,86.6
119.618,-1.173117453,-1.691769423,16.82530323,86.5
119.63,-1.173117453,-1.72472597,16.78341385,86.6
119.643,-1.173117453,-1.757682517,16.68960235,86.6
119.656,-1.17225897,-1.757682517,16.78341385,86.6
119.669,-1.173117453,-1.790639065,16.78960235,86.5
119.681,-1.17225897,-1.824816225,16.68341385,86.7
119.694,-1.173117453,-1.857772772,16.68960235,86.6
119.707,-1.173117453,-1.890729319,16.68341385,86.7
119.719,-1.173117453,-1.890729319,16.65390148,86.6
119.732,-1.173117453,-1.923685866,16.65390148,86.6
119.745,-1.173117453,-1.956642413,16.65390148,86.6
119.758,-1.17225897,-1.956642413,16.65390148,86.6
119.77,-1.173117453,-1.989598961,16.65390148,86.6
119.783,-1.173117453,-2.023776121,16.65390148,86.6
119.796,-1.173117453,-2.023776121,16.64771297,86.7
119.808,-1.173117453,-2.023776121,16.75390148,86.5
119.821,-1.173117453,-2.056732668,16.74152447,86.7
119.834,-1.17225897,-2.056732668,16.75390148,86.5
119.846,-1.173117453,-2.056732668,16.74771297,86.6
119.859,-1.173117453,-2.056732668,16.75390148,86.5
119.872,-1.173117453,-2.056732668,16.74152447,86.7
119.885,-1.173117453,-2.056732668,16.74771297,86.6
119.897,-1.173117453,-2.056732668,16.6120121,86.7
119.91,-1.173546695,-2.056732668,16.7120121,86.6
119.923,-1.173117453,-2.056732668,16.7120121,86.6
119.935,-1.173117453,-2.056732668,16.71820061,86.5
119.948,-1.173117453,-2.023776121,16.7120121,86.6
119.961,-1.173117453,-2.023776121,16.61820061,86.6
119.973,-1.17225897,-2.023776121,16.65390148,86.6
119.986,-1.173117453,-1.989598961,16.65390148,86.6
119.999,-1.173117453,-1.989598961,16.65390148,86.6
120.012,-1.173117453,-1.956642413,16.64771297,86.7
120.024,-1.17225897,-1.923685866,16.65390148,86.6
120.037,-1.173117453,-1.923685866,16.65390148,86.6
120.05,-1.17225897,-1.890729319,16.65390148,86.6
120.062,-1.173546695,-1.890729319,16.64771297,86.7
120.075,-1.17225897,-1.857772772,16.65390148,86.6
120.088,-1.173117453,-1.857772772,16.64771297,86.7
120.101,-1.17225897,-1.824816225,16.68960235,86.6
120.113,-1.173117453,-1.824816225,16.78341385,86.6
120.126,-1.17225897,-1.790639065,16.78341385,86.6
120.139,-1.173117453,-1.790639065,16.78341385,86.6
120.151,-1.173117453,-1.790639065,16.78341385,86.6
120.164,-1.173117453,-1.757682517,16.87722534,86.6
120.177,-1.173117453,-1.757682517,16.87722534,86.6
120.189,-1.173117453,-1.757682517,16.87722534,86.6
120.202,-1.173117453,-1.757682517,16.77722534,86.7
120.215,-1.173117453,-1.757682517,16.78341385,86.6
120.228,-1.173117453,-1.757682517,16.68341385,86.7
120.24,-1.173117453,-1.757682517,16.68960235,86.6
120.253,-1.173117453,-1.757682517,16.78341385,86.6
120.266,-1.173117453,-1.757682517,16.78341385,86.6
120.278,-1.173117453,-1.757682517,16.78341385,86.6
120.291,-1.173117453,-1.757682517,16.78341385,86.6
120.304,-1.173117453,-1.790639065,16.78341385,86.6
120.316,-1.17225897,-1.790639065,16.78341385,86.6
120.329,-1.17225897,-1.790639065,16.78960235,86.5
120.342,-1.17225897,-1.824816225,16.68341385,86.7
120.355,-1.173117453,-1.824816225,16.68960235,86.6
120.367,-1.17225897,-1.857772772,16.68341385,86.7
120.38,-1.17225897,-1.857772772,16.68960235,86.6
120.393,-1.17225897,-1.890729319,16.68341385,86.7
120.405,-1.173117453,-1.923685866,16.68960235,86.6
120.418,-1.17225897,-1.956642413,16.64771297,86.7
120.431,-1.173117453,-1.956642413,16.65390148,86.6
120.444,-1.17225897,-1.989598961,16.64771297,86.7
120.456,-1.17225897,-2.023776121,16.64771297,86.7
120.469,-1.17225897,-2.023776121,16.74771297,86.6
120.482,-1.173117453,-2.056732668,16.74771297,86.6
120.494,-1.173117453,-2.089689215,16.8120121,86.5
120.507,-1.173117453,-2.122645762,16.70582359,86.7
120.52,-1.17225897,-2.155602309,16.7120121,86.6
120.532,-1.17225897,-2.18977947,16.80582359,86.6
120.545,-1.17225897,-2.222736017,16.8120121,86.5
120.558,-1.17225897,-2.255692564,16.80582359,86.6
120.571,-1.17225897,-2.288649111,16.78821152,86.5
120.583,-1.17225897,-2.321605658,16.68202301,86.7
120.596,-1.17225897,-2.354562206,16.69440003,86.5
120.609,-1.17225897,-2.388739366,16.68202301,86.7
120.621,-1.17225897,-2.421695913,16.65869915,86.5
120.634,-1.171829728,-2.45465246,16.65251064,86.6
120.647,-1.17225897,-2.487609007,16.65869915,86.5
120.659,-1.171829728,-2.520565554,16.65251064,86.6
120.672,-1.17225897,-2.520565554,16.55869915,86.6
120.685,-1.17225897,-2.553522102,16.55251064,86.7
120.698,-1.17225897,-2.553522102,16.65251064,86.6
120.71,-1.171829728,-2.587699262,16.65869915,86.5
120.723,-1.171829728,-2.587699262,16.61680977,86.6
120.736,-1.170971245,-2.620655809,16.52299828,86.6
120.748,-1.171829728,-2.620655809,16.51680977,86.7
120.761,-1.170971245,-2.653612356,16.62299828,86.5
120.774,-1.170971245,-2.686568903,16.61680977,86.6
120.787,-1.170971245,-2.686568903,16.62299828,86.5
120.799,-1.170971245,-2.71952545,16.61062126,86.7
120.812,-1.170971245,-2.71952545,16.62299828,86.5
120.825,-1.171829728,-2.71952545,16.61680977,86.6
120.837,-1.171829728,-2.752481998,16.62299828,86.5
120.85,-1.170971245,-2.752481998,16.61680977,86.6
120.863,-1.171829728,-2.752481998,16.62299828,86.5
120.875,-1.170971245,-2.752481998,16.51680977,86.7
120.888,-1.171829728,-2.752481998,16.52299828,86.6
120.901,-1.170971245,-2.752481998,16.51680977,86.7
120.914,-1.171829728,-2.752481998,16.62299828,86.5
120.926,-1.170971245,-2.752481998,16.52299828,86.6
120.939,-1.171829728,-2.752481998,16.52299828,86.6
120.952,-1.170971245,-2.752481998,16.52299828,86.6
120.964,-1.170971245,-2.752481998,16.52299828,86.6
120.977,-1.170112762,-2.752481998,16.52299828,86.6
120.99,-1.170971245,-2.752481998,16.52299828,86.6
121.002,-1.170112762,-2.752481998,16.52299828,86.6
121.015,-1.170971245,-2.786659158,16.52299828,86.6
121.028,-1.170112762,-2.752481998,16.4991977,86.6
121.041,-1.170971245,-2.752481998,16.5991977,86.5
121.053,-1.170112762,-2.786659158,16.4991977,86.6
121.066,-1.170971245,-2.786659158,16.51680977,86.7
121.079,-1.170112762,-2.786659158,16.61680977,86.6
121.091,-1.170112762,-2.786659158,16.71680977,86.5
121.104,-1.170112762,-2.786659158,16.61680977,86.6
121.117,-1.170971245,-2.786659158,16.61680977,86.6
121.13,-1.170112762,-2.786659158,16.61680977,86.6
121.142,-1.170971245,-2.786659158,16.61680977,86.6
121.155,-1.170112762,-2.786659158,16.61680977,86.6
121.168,-1.170971245,-2.786659158,16.61680977,86.6
121.18,-1.170971245,-2.786659158,16.61680977,86.6
121.193,-1.170971245,-2.786659158,16.59300919,86.6
121.206,-1.170971245,-2.786659158,16.4991977,86.6
121.218,-1.170971245,-2.786659158,16.4991977,86.6
121.231,-1.170971245,-2.786659158,16.49300919,86.7
121.244,-1.170112762,-2.786659158,16.59300919,86.6
121.257,-1.170112762,-2.786659158,16.59300919,86.6
121.269,-1.170112762,-2.786659158,16.49300919,86.7
121.282,-1.170112762,-2.786659158,16.4991977,86.6
121.295,-1.170112762,-2.786659158,16.61680977,86.6
121.307,-1.170112762,-2.786659158,16.4991977,86.6
121.32,-1.170112762,-2.786659158,16.49300919,86.7
121.333,-1.170971245,-2.786659158,16.4991977,86.6
121.345,-1.170112762,-2.786659158,16.49300919,86.7
121.358,-1.170971245,-2.786659158,16.4991977,86.6
121.371,-1.170112762,-2.786659158,16.49300919,86.7
121.384,-1.170971245,-2.786659158,16.4991977,86.6
121.396,-1.170112762,-2.786659158,16.59300919,86.6
121.409,-1.170971245,-2.786659158,16.59300919,86.6
121.422,-1.170112762,-2.786659158,16.59300919,86.6
121.434,-1.170112762,-2.752481998,16.69300919,86.5
121.447,-1.170112762,-2.752481998,16.59300919,86.6
121.46,-1.170112762,-2.752481998,16.58682068,86.7
121.473,-1.170112762,-2.752481998,16.69300919,86.5
121.485,-1.170112762,-2.752481998,16.68682068,86.6
121.498,-1.170112762,-2.752481998,16.5991977,86.5
121.511,-1.170112762,-2.752481998,16.58682068,86.7
121.523,-1.170112762,-2.752481998,16.5991977,86.5
121.536,-1.170112762,-2.752481998,16.58682068,86.7
121.549,-1.170971245,-2.752481998,16.5991977,86.5
121.561,-1.170112762,-2.752481998,16.39300919,86.8
121.574,-1.170971245,-2.752481998,16.4053862,86.6
121.587,-1.170971245,-2.752481998,16.61680977,86.6
121.6,-1.170971245,-2.752481998,16.4991977,86.6
121.612,-1.170971245,-2.752481998,16.49300919,86.7
121.625,-1.170971245,-2.752481998,16.4991977,86.6
121.638,-1.170112762,-2.752481998,16.49300919,86.7
121.65,-1.170971245,-2.752481998,16.51680977,86.7
121.663,-1.170971245,-2.71952545,16.52299828,86.6
121.676,-1.170971245,-2.71952545,16.59300919,86.6
121.688,-1.170112762,-2.71952545,16.5991977,86.5
121.701,-1.170971245,-2.71952545,16.49300919,86.7
121.714,-1.170112762,-2.71952545,16.4991977,86.6
121.727,-1.170971245,-2.71952545,16.58682068,86.7
121.739,-1.170971245,-2.71952545,16.61680977,86.6
121.752,-1.170971245,-2.71952545,16.58682068,86.7
121.765,-1.170112762,-2.686568903,16.5991977,86.5
121.777,-1.170112762,-2.686568903,16.61680977,86.6
121.79,-1.170971245,-2.686568903,16.62299828,86.5
121.803,-1.170971245,-2.686568903,16.61062126,86.7
121.816,-1.170971245,-2.653612356,16.62299828,86.5
121.828,-1.170971245,-2.653612356,16.61680977,86.6
121.841,-1.170971245,-2.620655809,16.62299828,86.5
121.854,-1.170971245,-2.620655809,16.61680977,86.6
121.866,-1.170971245,-2.587699262,16.62299828,86.5
121.879,-1.170971245,-2.553522102,16.65251064,86.6
121.892,-1.170971245,-2.520565554,16.65869915,86.5
121.904,-1.170971245,-2.520565554,16.65251064,86.6
121.917,-1.170971245,-2.487609007,16.65869915,86.5
121.93,-1.170112762,-2.45465246,16.65251064,86.6
121.943,-1.170971245,-2.421695913,16.65251064,86.6
121.955,-1.170112762,-2.388739366,16.65251064,86.6
121.968,-1.170971245,-2.354562206,16.55869915,86.6
121.981,-1.170112762,-2.321605658,16.59440003,86.6
121.993,-1.170971245,-2.321605658,16.59440003,86.6
122.006,-1.170112762,-2.288649111,16.59440003,86.6
122.019,-1.170971245,-2.255692564,16.59440003,86.6
122.031,-1.170971245,-2.222736017,16.68821152,86.6
122.044,-1.170971245,-2.18977947,16.78821152,86.5
122.057,-1.170971245,-2.122645762,16.7120121,86.6
122.07,-1.171829728,-2.089689215,16.7120121,86.6
122.082,-1.170971245,-2.056732668,16.7120121,86.6
122.095,-1.171829728,-2.023776121,16.7120121,86.6
122.108,-1.170971245,-2.023776121,16.7120121,86.6
122.12,-1.171829728,-1.989598961,16.7120121,86.6
122.133,-1.171829728,-1.956642413,16.7120121,86.6
122.146,-1.171829728,-1.956642413,16.7120121,86.6
122.159,-1.171829728,-1.923685866,16.74771297,86.6
122.171,-1.171829728,-1.923685866,16.7120121,86.6
122.184,-1.170971245,-1.890729319,16.75390148,86.5
122.197,-1.170971245,-1.890729319,16.74771297,86.6
122.209,-1.171829728,-1.890729319,16.75390148,86.5
122.222,-1.170971245,-1.890729319,16.74771297,86.6
122.235,-1.170971245,-1.890729319,16.65390148,86.6
122.247,-1.170971245,-1.890729319,16.64771297,86.7
122.26,-1.170971245,-1.890729319,16.65390148,86.6
122.273,-1.170971245,-1.923685866,16.6120121,86.7
122.286,-1.171829728,-1.923685866,16.62438911,86.5
122.298,-1.170971245,-1.923685866,16.6120121,86.7
122.311,-1.171829728,-1.956642413,16.71820061,86.5
122.324,-1.171829728,-1.956642413,16.7120121,86.6
122.336,-1.171829728,-1.989598961,16.7120121,86.6
122.349,-1.171829728,-1.989598961,16.80582359,86.6
122.362,-1.171829728,-2.023776121,16.7120121,86.6
122.374,-1.171829728,-2.056732668,16.7120121,86.6
122.387,-1.171829728,-2.089689215,16.7120121,86.6
122.4,-1.171829728,-2.122645762,16.7120121,86.6
122.413,-1.171829728,-2.155602309,16.7120121,86.6
122.425,-1.170971245,-2.18977947,16.69440003,86.5
122.438,-1.170971245,-2.222736017,16.68821152,86.6
122.451,-1.170971245,-2.255692564,16.69440003,86.5
122.463,-1.170971245,-2.321605658,16.68821152,86.6
122.476,-1.170971245,-2.354562206,16.69440003,86.5
122.489,-1.170971245,-2.388739366,16.65251064,86.6
122.502,-1.170971245,-2.45465246,16.65869915,86.5
122.514,-1.170971245,-2.520565554,16.64632214,86.7
122.527,-1.170971245,-2.587699262,16.62299828,86.5
122.54,-1.170112762,-2.653612356,16.61680977,86.6
122.552,-1.170971245,-2.71952545,16.62299828,86.5
122.565,-1.170112762,-2.786659158,16.61680977,86.6
122.578,-1.170971245,-2.852572252,16.5991977,86.5
122.59,-1.170971245,-2.918485347,16.5991977,86.5
122.603,-1.170971245,-2.985619054,16.5991977,86.5
122.616,-1.170112762,-3.051532148,16.55730832,86.6
122.629,-1.170112762,-3.117445243,16.55730832,86.6
122.641,-1.170112762,-3.18457895,16.62160744,86.5
122.654,-1.16968352,-3.283448591,16.62160744,86.5
122.667,-1.168825037,-3.316405139,16.62160744,86.5
122.679,-1.168825037,-3.416495393,16.61541894,86.6
122.692,-1.168395795,-3.44945194,16.58590657,86.5
122.705,-1.168395795,-3.549542195,16.57971806,86.6
122.717,-1.167537312,-3.582498742,16.56210599,86.5
122.73,-1.167537312,-3.648411836,16.55591748,86.6
122.743,-1.167537312,-3.715545544,16.56210599,86.5
122.756,-1.167537312,-3.781458638,16.56210599,86.5
122.768,-1.16710807,-3.814415185,16.46829449,86.5
122.781,-1.16710807,-3.88032828,16.46210599,86.6
122.794,-1.16710807,-3.91450544,16.43259362,86.5
122.806,-1.166249587,-3.947461987,16.42640511,86.6
122.819,-1.166249587,-3.980418534,16.43259362,86.5
122.832,-1.166249587,-4.013375081,16.42640511,86.6
122.845,-1.166249587,-4.046331628,16.42640511,86.6
122.857,-1.165820345,-4.046331628,16.42640511,86.6
122.87,-1.166249587,-4.079288176,16.39070424,86.6
122.883,-1.165820345,-4.079288176,16.39070424,86.6
122.895,-1.165820345,-4.079288176,16.42640511,86.6
122.908,-1.164961862,-4.079288176,16.42640511,86.6
122.921,-1.165820345,-4.046331628,16.43259362,86.5
122.933,-1.164961862,-4.046331628,16.33259362,86.6
122.946,-1.165820345,-4.013375081,16.33878213,86.5
122.959,-1.164961862,-4.013375081,16.33259362,86.6
122.972,-1.165820345,-3.980418534,16.33259362,86.6
122.984,-1.164961862,-3.947461987,16.42640511,86.6
122.997,-1.165820345,-3.91450544,16.43259362,86.5
123.01,-1.165820345,-3.88032828,16.46210599,86.6
123.022,-1.165820345,-3.847371732,16.46210599,86.6
123.035,-1.165820345,-3.814415185,16.55591748,86.6
123.048,-1.165820345,-3.781458638,16.56210599,86.5
123.06,-1.165820345,-3.715545544,16.46210599,86.6
123.073,-1.165820345,-3.681368384,16.46210599,86.6
123.086,-1.165820345,-3.648411836,16.55591748,86.6
123.099,-1.165820345,-3.615455289,16.48590657,86.6
123.111,-1.166249587,-3.549542195,16.48590657,86.6
123.124,-1.165820345,-3.515365035,16.48590657,86.6
123.137,-1.165820345,-3.44945194,16.48590657,86.6
123.149,-1.165820345,-3.416495393,16.48590657,86.6
123.162,-1.165820345,-3.383538846,16.49209508,86.5
123.175,-1.165820345,-3.350582299,16.48590657,86.6
123.188,-1.165820345,-3.316405139,16.52779595,86.5
123.2,-1.165820345,-3.283448591,16.52160744,86.6
123.213,-1.165820345,-3.250492044,16.52779595,86.5
123.226,-1.165820345,-3.250492044,16.52160744,86.6
123.238,-1.165820345,-3.217535497,16.52779595,86.5
123.251,-1.165820345,-3.18457895,16.52160744,86.6
123.264,-1.166249587,-3.151622403,16.52779595,86.5
123.276,-1.165820345,-3.151622403,16.52160744,86.6
123.289,-1.166249587,-3.151622403,16.52779595,86.5
123.302,-1.166249587,-3.151622403,16.42160744,86.7
123.315,-1.166249587,-3.151622403,16.62160744,86.5
123.327,-1.166249587,-3.151622403,16.61541894,86.6
123.34,-1.166249587,-3.151622403,16.62160744,86.5
123.353,-1.166249587,-3.151622403,16.52160744,86.6
123.365,-1.166249587,-3.151622403,16.52160744,86.6
123.378,-1.166249587,-3.18457895,16.52779595,86.5
123.391,-1.166249587,-3.18457895,16.52160744,86.6
123.403,-1.166249587,-3.217535497,16.52779595,86.5
123.416,-1.166249587,-3.217535497,16.52160744,86.6
123.429,-1.166249587,-3.250492044,16.52779595,86.5
123.442,-1.166249587,-3.283448591,16.52160744,86.6
123.454,-1.166249587,-3.316405139,16.52779595,86.5
123.467,-1.165820345,-3.350582299,16.48590657,86.6
123.48,-1.166249587,-3.383538846,16.49209508,86.5
123.492,-1.166249587,-3.416495393,16.48590657,86.6
123.505,-1.166249587,-3.44945194,16.49209508,86.5
123.518,-1.166249587,-3.482408487,16.48590657,86.6
123.531,-1.166249587,-3.515365035,16.49209508,86.5
123.543,-1.166249587,-3.549542195,16.46829449,86.5
123.556,-1.166249587,-3.615455289,16.46829449,86.5
123.569,-1.165820345,-3.681368384,16.36829449,86.6
123.581,-1.165820345,-3.715545544,16.46210599,86.6
123.594,-1.165820345,-3.781458638,16.56210599,86.5
123.607,-1.165820345,-3.847371732,16.55591748,86.6
123.619,-1.165820345,-3.88032828,16.56210599,86.5
123.632,-1.165820345,-3.947461987,16.42640511,86.6
123.645,-1.165820345,-4.013375081,16.43259362,86.5
123.658,-1.165820345,-4.079288176,16.49070424,86.5
123.67,-1.164961862,-4.113465336,16.49070424,86.5
123.683,-1.165820345,-4.17937843,16.39070424,86.6
123.696,-1.164961862,-4.212334977,16.39070424,86.6
123.708,-1.164961862,-4.245291525,16.49070424,86.5
123.721,-1.164961862,-4.312425232,16.49070424,86.5
123.734,-1.164961862,-4.345381779,16.39070424,86.6
123.746,-1.16453262,-4.411294873,16.39689275,86.5
123.759,-1.163674137,-4.444251421,16.37309217,86.5
123.772,-1.163674137,-4.444251421,16.37309217,86.5
123.785,-1.163674137,-4.478428581,16.37309217,86.5
123.797,-1.163674137,-4.511385128,16.36690366,86.6
123.81,-1.163674137,-4.511385128,16.39689275,86.5
123.823,-1.163674137,-4.544341675,16.39689275,86.5
123.835,-1.162386412,-4.511385128,16.39689275,86.5
123.848,-1.163244895,-4.511385128,16.39070424,86.6
123.861,-1.161527929,-4.478428581,16.49070424,86.5
123.874,-1.162386412,-4.478428581,16.49070424,86.5
123.886,-1.162386412,-4.444251421,16.49070424,86.5
123.899,-1.162386412,-4.411294873,16.49070424,86.5
123.912,-1.162386412,-4.378338326,16.48451573,86.6
123.924,-1.162386412,-4.312425232,16.59070424,86.4
123.937,-1.162386412,-4.245291525,16.58451573,86.5
123.95,-1.163244895,-4.212334977,16.59070424,86.4
123.962,-1.162386412,-4.146421883,16.52021661,86.6
123.975,-1.162386412,-4.079288176,16.43259362,86.5
123.988,-1.162386412,-3.980418534,16.42640511,86.6
124.001,-1.163244895,-3.91450544,16.46829449,86.5
124.013,-1.162386412,-3.814415185,16.46210599,86.6
124.026,-1.163244895,-3.715545544,16.49209508,86.5
124.039,-1.163244895,-3.648411836,16.48590657,86.6
124.051,-1.163674137,-3.549542195,16.49209508,86.5
124.064,-1.163674137,-3.44945194,16.48590657,86.6
124.077,-1.163674137,-3.383538846,16.52779595,86.5
124.089,-1.163674137,-3.283448591,16.52160744,86.6
124.102,-1.163674137,-3.217535497,16.52779595,86.5
124.115,-1.163674137,-3.117445243,16.56349682,86.5
124.128,-1.16453262,-3.051532148,16.55730832,86.6
124.14,-1.164961862,-2.985619054,16.5991977,86.5
124.153,-1.164961862,-2.918485347,16.59300919,86.6
124.166,-1.164961862,-2.819615705,16.5991977,86.5
124.178,-1.164961862,-2.752481998,16.59300919,86.6
124.191,-1.165820345,-2.686568903,16.52918679,86.5
124.204,-1.164961862,-2.620655809,16.61680977,86.6
124.217,-1.166249587,-2.553522102,16.62299828,86.5
124.229,-1.165820345,-2.487609007,16.74632214,86.6
124.242,-1.16710807,-2.421695913,16.75251064,86.5
124.255,-1.166249587,-2.354562206,16.78202301,86.6
124.267,-1.16710807,-2.321605658,16.78821152,86.5
124.28,-1.16710807,-2.255692564,16.78821152,86.5
124.293,-1.167537312,-2.18977947,16.78821152,86.5
124.305,-1.167537312,-2.155602309,16.78821152,86.5
124.318,-1.167537312,-2.122645762,16.8120121,86.5
124.331,-1.168395795,-2.089689215,16.81820061,86.4
124.344,-1.168395795,-2.056732668,16.8120121,86.5
124.356,-1.168825037,-2.023776121,16.81820061,86.4
124.369,-1.168395795,-1.989598961,16.74771297,86.6
124.382,-1.168395795,-1.956642413,16.75390148,86.5
124.394,-1.168825037,-1.956642413,16.74771297,86.6
124.407,-1.16968352,-1.956642413,16.75390148,86.5
124.42,-1.168825037,-1.956642413,16.74771297,86.6
124.432,-1.16968352,-1.923685866,16.75390148,86.5
124.445,-1.168825037,-1.956642413,16.74771297,86.6
124.458,-1.16968352,-1.923685866,16.75390148,86.5
124.471,-1.16968352,-1.956642413,16.74771297,86.6
124.483,-1.16968352,-1.956642413,16.74771297,86.6
124.496,-1.168825037,-1.956642413,16.74771297,86.6
124.509,-1.16968352,-1.956642413,16.74771297,86.6
124.521,-1.16968352,-1.956642413,16.75390148,86.5
124.534,-1.16968352,-1.989598961,16.74771297,86.6
124.547,-1.168825037,-1.989598961,16.84771297,86.5
124.56,-1.16968352,-2.023776121,16.8120121,86.5
124.572,-1.168825037,-2.023776121,16.81820061,86.4
124.585,-1.168825037,-2.023776121,16.7120121,86.6
124.598,-1.168825037,-2.023776121,16.75390148,86.5
124.61,-1.168825037,-2.056732668,16.74771297,86.6
124.623,-1.168825037,-2.089689215,16.71820061,86.5
124.636,-1.168825037,-2.089689215,16.7120121,86.6
124.648,-1.168825037,-2.122645762,16.71820061,86.5
124.661,-1.16968352,-2.122645762,16.7120121,86.6
124.674,-1.16968352,-2.155602309,16.8120121,86.5
124.687,-1.16968352,-2.155602309,16.90582359,86.5
124.699,-1.168825037,-2.18977947,16.7120121,86.6
124.712,-1.16968352,-2.18977947,16.71820061,86.5
124.725,-1.16968352,-2.222736017,16.8120121,86.5
124.737,-1.168825037,-2.222736017,16.8120121,86.5
124.75,-1.168825037,-2.222736017,16.8120121,86.5
124.763,-1.168825037,-2.222736017,16.7120121,86.6
124.775,-1.168825037,-2.222736017,16.68821152,86.6
124.788,-1.168825037,-2.222736017,16.81820061,86.4
124.801,-1.16968352,-2.222736017,16.7120121,86.6
124.814,-1.168825037,-2.222736017,16.68821152,86.6
124.826,-1.16968352,-2.222736017,16.68821152,86.6
124.839,-1.168825037,-2.222736017,16.7120121,86.6
124.852,-1.16968352,-2.18977947,16.71820061,86.5
124.864,-1.168825037,-2.18977947,16.71820061,86.5
124.877,-1.168825037,-2.155602309,16.71820061,86.5
124.89,-1.168825037,-2.155602309,16.7120121,86.6
124.903,-1.16968352,-2.122645762,16.71820061,86.5
124.915,-1.168395795,-2.122645762,16.71820061,86.5
124.928,-1.168825037,-2.089689215,16.71820061,86.5
124.941,-1.168825037,-2.056732668,16.7120121,86.6
124.953,-1.16968352,-2.023776121,16.71820061,86.5
124.966,-1.168825037,-2.023776121,16.8120121,86.5
124.979,-1.16968352,-1.989598961,16.84771297,86.5
124.991,-1.16968352,-1.956642413,16.8120121,86.5
125.004,-1.16968352,-1.923685866,16.8120121,86.5
125.017,-1.16968352,-1.890729319,16.84771297,86.5
125.03,-1.16968352,-1.857772772,16.84771297,86.5
125.042,-1.16968352,-1.824816225,16.88341385,86.5
125.055,-1.168825037,-1.790639065,16.84771297,86.5
125.068,-1.16968352,-1.757682517,16.84771297,86.5
125.08,-1.16968352,-1.72472597,16.88341385,86.5
125.093,-1.170112762,-1.691769423,16.88960235,86.4
125.106,-1.16968352,-1.691769423,16.78341385,86.6
125.118,-1.170112762,-1.658812876,16.78960235,86.5
125.131,-1.170112762,-1.625856329,16.78341385,86.6
125.144,-1.170971245,-1.625856329,16.78960235,86.5
125.157,-1.170112762,-1.591679168,16.78341385,86.6
125.169,-1.170971245,-1.591679168,16.82530323,86.5
125.182,-1.170971245,-1.558722621,16.81911472,86.6
125.195,-1.170971245,-1.525766074,16.82530323,86.5
125.207,-1.170971245,-1.525766074,16.82530323,86.5
125.22,-1.170971245,-1.492809527,16.72530323,86.6
125.233,-1.170971245,-1.492809527,16.84910381,86.5
125.246,-1.171829728,-1.492809527,16.8429153,86.6
125.258,-1.170971245,-1.492809527,16.84910381,86.5
125.271,-1.171829728,-1.492809527,16.81911472,86.6
125.284,-1.170971245,-1.45985298,16.82530323,86.5
125.296,-1.170971245,-1.45985298,16.81911472,86.6
125.309,-1.171829728,-1.426896432,16.82530323,86.5
125.322,-1.171829728,-1.45985298,16.91292621,86.6
125.334,-1.171829728,-1.426896432,17.01911472,86.4
125.347,-1.171829728,-1.426896432,16.9367268,86.6
125.36,-1.171829728,-1.426896432,16.84910381,86.5
125.373,-1.171829728,-1.426896432,16.91911472,86.5
125.385,-1.17225897,-1.45985298,16.92530323,86.4
125.398,-1.171829728,-1.45985298,16.91911472,86.5
125.411,-1.17225897,-1.45985298,16.92530323,86.4
125.423,-1.171829728,-1.45985298,16.91911472,86.5
125.436,-1.17225897,-1.492809527,16.82530323,86.5
125.449,-1.171829728,-1.492809527,16.81911472,86.6
125.461,-1.17225897,-1.525766074,16.82530323,86.5
125.474,-1.171829728,-1.525766074,16.82530323,86.5
125.487,-1.17225897,-1.558722621,16.81911472,86.6
125.5,-1.171829728,-1.558722621,16.82530323,86.5
125.512,-1.17225897,-1.591679168,16.81911472,86.6
125.525,-1.171829728,-1.591679168,16.82530323,86.5
125.538,-1.171829728,-1.591679168,16.81911472,86.6
125.55,-1.171829728,-1.625856329,16.82530323,86.5
125.563,-1.17225897,-1.658812876,16.81911472,86.6
125.576,-1.171829728,-1.658812876,16.82530323,86.5
125.589,-1.171829728,-1.658812876,16.91911472,86.5
125.601,-1.171829728,-1.691769423,16.91911472,86.5
125.614,-1.171829728,-1.691769423,16.91292621,86.6
125.627,-1.171829728,-1.72472597,16.91911472,86.5
125.639,-1.171829728,-1.757682517,16.97722534,86.5
125.652,-1.171829728,-1.757682517,16.97722534,86.5
125.665,-1.171829728,-1.757682517,16.97103683,86.6
125.677,-1.171829728,-1.790639065,16.97722534,86.5
125.69,-1.171829728,-1.790639065,16.97722534,86.5
125.703,-1.171829728,-1.824816225,16.97722534,86.5
125.716,-1.171829728,-1.824816225,16.84152447,86.6
125.728,-1.171829728,-1.824816225,16.88341385,86.5
125.741,-1.171829728,-1.857772772,16.68960235,86.6
125.754,-1.171829728,-1.857772772,16.66008999,86.5
125.766,-1.171829728,-1.890729319,16.78341385,86.6
125.779,-1.171829728,-1.890729319,16.85390148,86.4
125.792,-1.171829728,-1.923685866,16.74771297,86.6
125.804,-1.17225897,-1.923685866,16.75390148,86.5
125.817,-1.171829728,-1.923685866,16.84771297,86.5
125.83,-1.171829728,-1.956642413,16.85390148,86.4
125.843,-1.170971245,-1.956642413,16.84771297,86.5
125.855,-1.171829728,-1.956642413,16.85390148,86.4
125.868,-1.170971245,-1.989598961,16.84771297,86.5
125.881,-1.171829728,-1.989598961,16.85390148,86.4
125.893,-1.170971245,-1.989598961,16.84771297,86.5
125.906,-1.171829728,-2.023776121,16.85390148,86.4
125.919,-1.171829728,-2.023776121,16.84771297,86.5
125.932,-1.171829728,-2.023776121,16.75390148,86.5
125.944,-1.171829728,-2.023776121,16.74771297,86.6
125.957,-1.171829728,-2.023776121,16.75390148,86.5
125.97,-1.171829728,-2.023776121,16.75390148,86.5
125.982,-1.171829728,-2.023776121,16.75390148,86.5
125.995,-1.171829728,-2.023776121,16.75390148,86.5
126.008,-1.170971245,-2.023776121,16.74771297,86.6
126.02,-1.170971245,-1.989598961,16.75390148,86.5
126.033,-1.171829728,-1.989598961,16.74771297,86.6
126.046,-1.171829728,-1.989598961,16.75390148,86.5
126.059,-1.170971245,-1.989598961,16.84152447,86.6
126.071,-1.171829728,-1.956642413,16.9120121,86.4
126.084,-1.170971245,-1.956642413,16.84152447,86.6
126.097,-1.171829728,-1.956642413,16.75390148,86.5
126.109,-1.171829728,-1.956642413,16.84152447,86.6
126.122,-1.171829728,-1.956642413,16.85390148,86.4
126.135,-1.171829728,-1.923685866,16.84771297,86.5
126.147,-1.17225897,-1.923685866,16.85390148,86.4
126.16,-1.171829728,-1.923685866,16.84771297,86.5
126.173,-1.17225897,-1.923685866,16.85390148,86.4
126.186,-1.171829728,-1.890729319,16.84771297,86.5
126.198,-1.171829728,-1.890729319,16.84771297,86.5
126.211,-1.171829728,-1.890729319,16.85390148,86.4
126.224,-1.171829728,-1.890729319,16.84771297,86.5
126.236,-1.170971245,-1.857772772,16.75390148,86.5
126.249,-1.171829728,-1.890729319,16.74771297,86.6
126.262,-1.171829728,-1.857772772,16.75390148,86.5
126.275,-1.171829728,-1.857772772,16.74771297,86.6
126.287,-1.171829728,-1.857772772,16.75390148,86.5
126.3,-1.170971245,-1.857772772,16.74771297,86.6
126.313,-1.171829728,-1.857772772,16.76008999,86.4
126.325,-1.171829728,-1.857772772,16.74771297,86.6
126.338,-1.17225897,-1.857772772,16.76008999,86.4
126.351,-1.17225897,-1.857772772,16.74771297,86.6
126.363,-1.17225897,-1.857772772,16.76008999,86.4
126.376,-1.171829728,-1.890729319,16.74771297,86.6
126.389,-1.17225897,-1.890729319,16.75390148,86.5
126.402,-1.171829728,-1.890729319,16.74771297,86.6
126.414,-1.171829728,-1.890729319,16.75390148,86.5
126.427,-1.171829728,-1.923685866,16.75390148,86.5
126.44,-1.17225897,-1.923685866,16.75390148,86.5
126.452,-1.171829728,-1.923685866,16.84771297,86.5
126.465,-1.17225897,-1.923685866,16.84771297,86.5
126.478,-1.171829728,-1.923685866,16.84771297,86.5
126.49,-1.171829728,-1.956642413,16.84771297,86.5
126.503,-1.171829728,-1.956642413,16.84771297,86.5
126.516,-1.171829728,-1.989598961,16.84771297,86.5
126.529,-1.171829728,-1.989598961,16.84771297,86.5
126.541,-1.171829728,-1.989598961,16.8120121,86.5
126.554,-1.171829728,-2.023776121,16.8120121,86.5
126.567,-1.171829728,-2.023776121,16.8120121,86.5
126.579,-1.171829728,-2.023776121,16.8120121,86.5
126.592,-1.171829728,-2.056732668,16.8120121,86.5
126.605,-1.171829728,-2.089689215,16.8120121,86.5
126.618,-1.171829728,-2.122645762,16.71820061,86.5
126.63,-1.171829728,-2.122645762,16.71820061,86.5
126.643,-1.171829728,-2.155602309,16.71820061,86.5
126.656,-1.171829728,-2.18977947,16.71820061,86.5
126.668,-1.171829728,-2.18977947,16.71820061,86.5
126.681,-1.171829728,-2.222736017,16.69440003,86.5
126.694,-1.170971245,-2.222736017,16.7120121,86.6
126.706,-1.171829728,-2.222736017,16.69440003,86.5
126.719,-1.171829728,-2.255692564,16.68821152,86.6
126.732,-1.171829728,-2.255692564,16.69440003,86.5
126.745,-1.170971245,-2.255692564,16.68821152,86.6
126.757,-1.170971245,-2.255692564,16.79440003,86.4
126.77,-1.170971245,-2.222736017,16.78821152,86.5
126.783,-1.171829728,-2.222736017,16.78821152,86.5
126.795,-1.170971245,-2.222736017,16.88202301,86.5
126.808,-1.171829728,-2.18977947,16.88821152,86.4
126.821,-1.170971245,-2.18977947,16.80582359,86.6
126.833,-1.171829728,-2.155602309,16.81820061,86.4
126.846,-1.170971245,-2.122645762,16.90582359,86.5
126.859,-1.171829728,-2.089689215,16.9120121,86.4
126.872,-1.171829728,-2.056732668,16.90582359,86.5
126.884,-1.171829728,-2.023776121,16.8120121,86.5
126.897,-1.171829728,-1.989598961,16.80582359,86.6
126.91,-1.171829728,-1.989598961,16.8120121,86.5
126.922,-1.170971245,-1.956642413,16.84771297,86.5
126.935,-1.171829728,-1.890729319,16.85390148,86.4
126.948,-1.171829728,-1.857772772,16.84771297,86.5
126.96,-1.171829728,-1.824816225,16.84771297,86.5
126.973,-1.171829728,-1.790639065,16.85390148,86.4
126.986,-1.170971245,-1.72472597,16.78341385,86.6
126.999,-1.170971245,-1.691769423,16.78960235,86.5
127.011,-1.170971245,-1.658812876,16.88341385,86.5
127.024,-1.170971245,-1.591679168,16.88960235,86.4
127.037,-1.170971245,-1.558722621,16.87722534,86.6
127.049,-1.171829728,-1.492809527,16.82530323,86.5
127.062,-1.170971245,-1.45985298,16.91292621,86.6
127.075,-1.171829728,-1.426896432,16.92530323,86.4
127.088,-1.171829728,-1.392719272,16.9367268,86.6
127.1,-1.17225897,-1.326806178,16.94910381,86.4
127.113,-1.171829728,-1.293849631,16.9429153,86.5
127.126,-1.17225897,-1.293849631,16.94910381,86.4
127.138,-1.17225897,-1.260893084,16.9429153,86.5
127.151,-1.17225897,-1.226715924,16.88480468,86.5
127.164,-1.17225897,-1.226715924,16.88480468,86.5
127.176,-1.173117453,-1.193759376,16.97861618,86.5
127.189,-1.173117453,-1.160802829,17.07861618,86.4
127.202,-1.173117453,-1.160802829,17.07242767,86.5
127.215,-1.173117453,-1.127846282,16.98480468,86.4
127.227,-1.173117453,-1.127846282,16.97861618,86.5
127.24,-1.173546695,-1.127846282,16.98480468,86.4
127.253,-1.173117453,-1.127846282,16.97861618,86.5
127.265,-1.173117453,-1.127846282,17.02050556,86.4
127.278,-1.173117453,-1.127846282,17.01431705,86.5
127.291,-1.173117453,-1.127846282,17.02050556,86.4
127.303,-1.173117453,-1.127846282,16.97861618,86.5
127.316,-1.173546695,-1.127846282,16.98480468,86.4
127.329,-1.173546695,-1.160802829,16.97861618,86.5
127.342,-1.174405178,-1.160802829,16.98480468,86.4
127.354,-1.173546695,-1.160802829,16.97861618,86.5
127.367,-1.173546695,-1.193759376,16.88480468,86.5
127.38,-1.173546695,-1.193759376,16.98480468,86.4
127.392,-1.173546695,-1.193759376,16.88480468,86.5
127.405,-1.173117453,-1.226715924,16.98480468,86.4
127.418,-1.173546695,-1.260893084,16.88480468,86.5
127.431,-1.173117453,-1.260893084,16.88480468,86.5
127.443,-1.173546695,-1.293849631,16.84910381,86.5
127.456,-1.173546695,-1.326806178,16.9429153,86.5
127.469,-1.173546695,-1.359762725,17.0429153,86.4
127.481,-1.173117453,-1.359762725,17.0367268,86.5
127.494,-1.173546695,-1.392719272,16.9429153,86.5
127.507,-1.173117453,-1.426896432,16.9429153,86.5
127.519,-1.173546695,-1.45985298,16.9429153,86.5
127.532,-1.173117453,-1.492809527,16.91911472,86.5
127.545,-1.173546695,-1.525766074,16.91911472,86.5
127.558,-1.173546695,-1.525766074,16.91911472,86.5
127.57,-1.173546695,-1.558722621,16.91911472,86.5
127.583,-1.173546695,-1.591679168,16.91911472,86.5
127.596,-1.173546695,-1.625856329,16.92530323,86.4
127.608,-1.173546695,-1.658812876,16.91911472,86.5
127.621,-1.173546695,-1.691769423,16.88960235,86.4
127.634,-1.173546695,-1.72472597,16.88341385,86.5
127.646,-1.173117453,-1.757682517,16.78960235,86.5
127.659,-1.173117453,-1.790639065,16.78960235,86.5
127.672,-1.173117453,-1.824816225,16.88960235,86.4
127.685,-1.173117453,-1.857772772,16.85390148,86.4
127.697,-1.173117453,-1.890729319,16.75390148,86.5
127.71,-1.173117453,-1.923685866,16.75390148,86.5
127.723,-1.173117453,-1.956642413,16.84771297,86.5
127.735,-1.173117453,-1.956642413,16.81820061,86.4
127.748,-1.173117453,-1.989598961,16.84771297,86.5
127.761,-1.173117453,-1.989598961,16.85390148,86.4
127.774,-1.17225897,-1.989598961,16.90582359,86.5
127.786,-1.173117453,-2.023776121,16.9120121,86.4
127.799,-1.17225897,-2.023776121,16.80582359,86.6
127.812,-1.173117453,-2.023776121,16.94771297,86.4
127.824,-1.17225897,-2.023776121,16.94152447,86.5
127.837,-1.173117453,-2.023776121,16.94771297,86.4
127.85,-1.173117453,-2.023776121,16.84152447,86.6
127.862,-1.173117453,-2.023776121,16.8120121,86.5
127.875,-1.173117453,-2.023776121,16.8120121,86.5
127.888,-1.173117453,-1.989598961,16.81820061,86.4
127.901,-1.173117453,-1.989598961,16.71820061,86.5
127.913,-1.173117453,-1.989598961,16.75390148,86.5
127.926,-1.173117453,-1.956642413,16.75390148,86.5
127.939,-1.17225897,-1.956642413,16.74771297,86.6
127.951,-1.173117453,-1.923685866,16.75390148,86.5
127.964,-1.17225897,-1.890729319,16.74771297,86.6
127.977,-1.173117453,-1.890729319,16.75390148,86.5
127.99,-1.17225897,-1.857772772,16.74771297,86.6
128.002,-1.173117453,-1.824816225,16.85390148,86.4
128.015,-1.17225897,-1.790639065,16.84771297,86.5
128.028,-1.173117453,-1.757682517,16.94771297,86.4
128.04,-1.173117453,-1.757682517,16.94152447,86.5
128.053,-1.173546695,-1.72472597,16.94771297,86.4
128.066,-1.173117453,-1.691769423,16.94771297,86.4
128.078,-1.173546695,-1.691769423,16.98341385,86.4
128.091,-1.173117453,-1.658812876,16.98341385,86.4
128.104,-1.173117453,-1.658812876,16.98341385,86.4
128.117,-1.173117453,-1.625856329,16.98341385,86.4
128.129,-1.173117453,-1.591679168,16.97722534,86.5
128.142,-1.173117453,-1.558722621,16.88341385,86.5
128.155,-1.173117453,-1.558722621,16.88341385,86.5
128.167,-1.173117453,-1.525766074,16.92530323,86.4
128.18,-1.173546695,-1.525766074,16.88341385,86.5
128.193,-1.173117453,-1.525766074,16.92530323,86.4
128.205,-1.173117453,-1.492809527,16.91911472,86.5
128.218,-1.173117453,-1.492809527,16.92530323,86.4
128.231,-1.173117453,-1.492809527,16.91911472,86.5
128.244,-1.173117453,-1.492809527,16.82530323,86.5
128.256,-1.173117453,-1.45985298,16.91911472,86.5
128.269,-1.173546695,-1.45985298,16.92530323,86.4
128.282,-1.173117453,-1.45985298,16.91911472,86.5
128.294,-1.173546695,-1.45985298,16.91911472,86.5
128.307,-1.173117453,-1.45985298,16.91911472,86.5
128.32,-1.173546695,-1.45985298,16.91911472,86.5
128.332,-1.173117453,-1.45985298,16.91911472,86.5
128.345,-1.173546695,-1.492809527,16.91911472,86.5
128.358,-1.173117453,-1.492809527,16.92530323,86.4
128.371,-1.173546695,-1.525766074,16.91911472,86.5
128.383,-1.17225897,-1.525766074,17.01911472,86.4
128.396,-1.173117453,-1.525766074,16.91911472,86.5
128.409,-1.17225897,-1.525766074,16.91911472,86.5
128.421,-1.173117453,-1.558722621,17.01911472,86.4
128.434,-1.173117453,-1.558722621,17.01911472,86.4
128.447,-1.173117453,-1.591679168,16.98341385,86.4
128.46,-1.173117453,-1.625856329,16.88341385,86.5
128.472,-1.173117453,-1.625856329,16.88341385,86.5
128.485,-1.173117453,-1.658812876,16.88341385,86.5
128.498,-1.173117453,-1.691769423,16.88341385,86.5
128.51,-1.173117453,-1.691769423,16.88341385,86.5
128.523,-1.173117453,-1.72472597,16.78960235,86.5
128.536,-1.173117453,-1.757682517,16.78341385,86.6
128.548,-1.173117453,-1.757682517,16.78960235,86.5
128.561,-1.173117453,-1.790639065,16.78960235,86.5
128.574,-1.173117453,-1.824816225,16.88960235,86.4
128.587,-1.173117453,-1.857772772,16.84771297,86.5
128.599,-1.173117453,-1.857772772,16.85390148,86.4
128.612,-1.173546695,-1.923685866,16.84771297,86.5
128.625,-1.173117453,-1.956642413,16.85390148,86.4
128.637,-1.173117453,-1.956642413,16.75390148,86.5
128.65,-1.173117453,-1.989598961,16.75390148,86.5
128.663,-1.173117453,-2.023776121,16.9120121,86.4
128.675,-1.17225897,-2.056732668,16.90582359,86.5
128.688,-1.173117453,-2.056732668,16.9120121,86.4
128.701,-1.17225897,-2.089689215,16.80582359,86.6
128.714,-1.173117453,-2.122645762,16.8120121,86.5
128.726,-1.17225897,-2.155602309,16.90582359,86.5
128.739,-1.17225897,-2.18977947,16.78821152,86.5
128.752,-1.171829728,-2.222736017,16.78821152,86.5
128.764,-1.17225897,-2.222736017,16.79440003,86.4
128.777,-1.17225897,-2.255692564,16.78821152,86.5
128.79,-1.17225897,-2.255692564,16.79440003,86.4
128.803,-1.17225897,-2.288649111,16.78821152,86.5
128.815,-1.17225897,-2.321605658,16.79440003,86.4
128.828,-1.17225897,-2.321605658,16.78821152,86.5
128.841,-1.17225897,-2.354562206,16.78821152,86.5
128.853,-1.17225897,-2.354562206,16.78821152,86.5
128.866,-1.17225897,-2.354562206,16.78821152,86.5
128.879,-1.171829728,-2.388739366,16.79440003,86.4
128.891,-1.171829728,-2.388739366,16.75251064,86.5
128.904,-1.171829728,-2.388739366,16.75251064,86.5
128.917,-1.171829728,-2.388739366,16.75251064,86.5
128.93,-1.17225897,-2.388739366,16.75869915,86.4
128.942,-1.171829728,-2.388739366,16.75251064,86.5
128.955,-1.17225897,-2.421695913,16.75869915,86.4
128.968,-1.171829728,-2.388739366,16.75251064,86.5
128.98,-1.17225897,-2.388739366,16.85251064,86.4
128.993,-1.171829728,-2.388739366,16.84632214,86.5
129.006,-1.17225897,-2.388739366,16.85251064,86.4
129.018,-1.171829728,-2.388739366,16.75251064,86.5
129.031,-1.171829728,-2.388739366,16.85251064,86.4
129.044,-1.171829728,-2.354562206,16.85251064,86.4
129.057,-1.171829728,-2.354562206,16.85251064,86.4
129.069,-1.171829728,-2.354562206,16.75869915,86.4
129.082,-1.171829728,-2.321605658,16.75251064,86.5
129.095,-1.171829728,-2.321605658,16.79440003,86.4
129.107,-1.171829728,-2.288649111,16.78821152,86.5
129.12,-1.171829728,-2.288649111,16.79440003,86.4
129.133,-1.171829728,-2.255692564,16.78821152,86.5
129.146,-1.171829728,-2.255692564,16.79440003,86.4
129.158,-1.171829728,-2.222736017,16.78821152,86.5
129.171,-1.171829728,-2.222736017,16.79440003,86.4
129.184,-1.171829728,-2.18977947,16.78821152,86.5
129.196,-1.17225897,-2.155602309,16.79440003,86.4
129.209,-1.17225897,-2.155602309,16.78821152,86.5
129.222,-1.17225897,-2.122645762,16.79440003,86.4
129.234,-1.17225897,-2.122645762,16.79440003,86.4
129.247,-1.17225897,-2.089689215,16.79440003,86.4
129.26,-1.17225897,-2.089689215,16.81820061,86.4
129.273,-1.17225897,-2.056732668,16.8120121,86.5
129.285,-1.171829728,-2.056732668,16.9120121,86.4
129.298,-1.17225897,-2.056732668,16.88202301,86.5
129.311,-1.171829728,-2.056732668,16.88821152,86.4
129.323,-1.17225897,-2.023776121,16.78821152,86.5
129.336,-1.171829728,-2.023776121,16.91820061,86.3
129.349,-1.17225897,-2.023776121,16.9120121,86.4
129.361,-1.171829728,-2.023776121,16.8120121,86.5
129.374,-1.17225897,-2.056732668,16.8120121,86.5
129.387,-1.171829728,-2.023776121,16.9120121,86.4
129.4,-1.17225897,-2.023776121,16.9120121,86.4
129.412,-1.171829728,-2.023776121,16.8120121,86.5
129.425,-1.17225897,-2.023776121,16.81820061,86.4
129.438,-1.171829728,-2.023776121,16.81820061,86.4
129.45,-1.17225897,-2.056732668,16.81820061,86.4
129.463,-1.171829728,-2.056732668,16.81820061,86.4
129.476,-1.17225897,-2.056732668,16.81820061,86.4
129.489,-1.171829728,-2.056732668,16.81820061,86.4
129.501,-1.17225897,-2.089689215,16.81820061,86.4
129.514,-1.171829728,-2.089689215,16.8120121,86.5
129.527,-1.17225897,-2.089689215,16.81820061,86.4
129.539,-1.17225897,-2.122645762,16.81820061,86.4
129.552,-1.17225897,-2.155602309,16.79440003,86.4
129.565,-1.17225897,-2.155602309,16.78821152,86.5
129.577,-1.171829728,-2.18977947,16.88821152,86.4
129.59,-1.171829728,-2.18977947,16.88202301,86.5
129.603,-1.171829728,-2.222736017,16.88202301,86.5
129.616,-1.171829728,-2.255692564,16.88821152,86.4
129.628,-1.171829728,-2.255692564,16.88202301,86.5
129.641,-1.17225897,-2.288649111,16.88821152,86.4
129.654,-1.171829728,-2.321605658,16.84632214,86.5
129.666,-1.171829728,-2.354562206,16.75251064,86.5
129.679,-1.171829728,-2.354562206,16.78821152,86.5
129.692,-1.171829728,-2.388739366,16.85251064,86.4
129.704,-1.170971245,-2.388739366,16.75251064,86.5
129.717,-1.17225897,-2.421695913,16.75869915,86.4
129.73,-1.171829728,-2.45465246,16.75251064,86.5
129.743,-1.171829728,-2.487609007,16.75869915,86.4
129.755,-1.171829728,-2.487609007,16.75251064,86.5
129.768,-1.171829728,-2.553522102,16.72299828,86.4
129.781,-1.171829728,-2.553522102,16.71680977,86.5
129.793,-1.171829728,-2.587699262,16.62299828,86.5
129.806,-1.170971245,-2.620655809,16.62299828,86.5
129.819,-1.171829728,-2.653612356,16.71680977,86.5
129.832,-1.170971245,-2.686568903,16.6991977,86.4
129.844,-1.170971245,-2.71952545,16.69300919,86.5
129.857,-1.170971245,-2.71952545,16.6991977,86.4
129.87,-1.170112762,-2.752481998,16.78063217,86.6
129.882,-1.170971245,-2.752481998,16.89300919,86.3
129.895,-1.170112762,-2.786659158,16.78682068,86.5
129.908,-1.170971245,-2.786659158,16.7991977,86.3
129.92,-1.170112762,-2.819615705,16.78682068,86.5
129.933,-1.170971245,-2.819615705,16.79300919,86.4
129.946,-1.170112762,-2.819615705,16.75111981,86.5
129.959,-1.170971245,-2.852572252,16.75730832,86.4
129.971,-1.170971245,-2.852572252,16.75730832,86.4
129.984,-1.170971245,-2.852572252,16.75730832,86.4
129.997,-1.170112762,-2.852572252,16.79300919,86.4
130.009,-1.170971245,-2.852572252,16.69300919,86.5
130.022,-1.170112762,-2.852572252,16.6991977,86.4
130.035,-1.170112762,-2.852572252,16.69300919,86.5
130.047,-1.170112762,-2.852572252,16.6991977,86.4
130.06,-1.170112762,-2.819615705,16.69300919,86.5
130.073,-1.170112762,-2.819615705,16.6991977,86.4
130.086,-1.170112762,-2.819615705,16.69300919,86.5
130.098,-1.170112762,-2.786659158,16.6991977,86.4
130.111,-1.170112762,-2.786659158,16.69300919,86.5
130.124,-1.170112762,-2.752481998,16.6991977,86.4
130.136,-1.16968352,-2.752481998,16.69300919,86.5
130.149,-1.170112762,-2.71952545,16.6991977,86.4
130.162,-1.170112762,-2.686568903,16.78682068,86.5
130.175,-1.170971245,-2.653612356,16.79300919,86.4
130.187,-1.170971245,-2.620655809,16.78682068,86.5
130.2,-1.170971245,-2.587699262,16.7991977,86.3
130.213,-1.170112762,-2.587699262,16.79300919,86.4
130.225,-1.170971245,-2.553522102,16.81680977,86.4
130.238,-1.170112762,-2.520565554,16.81680977,86.4
130.251,-1.170971245,-2.487609007,16.81680977,86.4
130.263,-1.170112762,-2.45465246,16.81680977,86.4
130.276,-1.170971245,-2.421695913,16.81680977,86.4
130.289,-1.170112762,-2.354562206,16.81680977,86.4
130.302,-1.170971245,-2.321605658,16.85251064,86.4
130.314,-1.170112762,-2.288649111,16.75869915,86.4
130.327,-1.170971245,-2.288649111,16.75869915,86.4
130.34,-1.170112762,-2.255692564,16.75251064,86.5
130.352,-1.170971245,-2.18977947,16.75251064,86.5
130.365,-1.170971245,-2.155602309,16.75251064,86.5
130.378,-1.170971245,-2.122645762,16.79440003,86.4
130.39,-1.170112762,-2.089689215,16.79440003,86.4
130.403,-1.170971245,-2.056732668,16.79440003,86.4
130.416,-1.170112762,-2.023776121,16.81820061,86.4
130.429,-1.170112762,-2.023776121,16.79440003,86.4
130.441,-1.170112762,-1.989598961,16.79440003,86.4
130.454,-1.170971245,-1.989598961,16.79440003,86.4
130.467,-1.170971245,-1.956642413,16.79440003,86.4
130.479,-1.170971245,-1.956642413,16.79440003,86.4
130.492,-1.170971245,-1.956642413,16.78821152,86.5
130.505,-1.170971245,-1.956642413,16.9120121,86.4
130.518,-1.170971245,-1.956642413,16.9120121,86.4
130.53,-1.170112762,-1.956642413,16.9120121,86.4
130.543,-1.170971245,-1.923685866,16.8120121,86.5
130.556,-1.170971245,-1.956642413,16.9120121,86.4
130.568,-1.170971245,-1.956642413,16.9120121,86.4
130.581,-1.170971245,-1.956642413,16.9120121,86.4
130.594,-1.170971245,-1.989598961,16.91820061,86.3
130.606,-1.170112762,-1.989598961,16.9120121,86.4
130.619,-1.170971245,-2.023776121,16.91820061,86.3
130.632,-1.170971245,-2.023776121,16.8120121,86.5
130.645,-1.170971245,-2.056732668,16.81820061,86.4
130.657,-1.170971245,-2.056732668,16.8120121,86.5
130.67,-1.170971245,-2.089689215,16.79440003,86.4
130.683,-1.170971245,-2.122645762,16.78821152,86.5
130.695,-1.170971245,-2.155602309,16.79440003,86.4
130.708,-1.170971245,-2.18977947,16.78821152,86.5
130.721,-1.171829728,-2.222736017,16.79440003,86.4
130.733,-1.170971245,-2.255692564,16.88821152,86.4
130.746,-1.170971245,-2.288649111,16.78821152,86.5
130.759,-1.170112762,-2.321605658,16.75869915,86.4
130.772,-1.170971245,-2.388739366,16.75251064,86.5
130.784,-1.170971245,-2.45465246,16.75869915,86.4
130.797,-1.170112762,-2.487609007,16.71680977,86.5
130.81,-1.170112762,-2.553522102,16.82299828,86.3
130.822,-1.16968352,-2.620655809,16.78682068,86.5
130.835,-1.170112762,-2.686568903,16.7991977,86.3
130.848,-1.16968352,-2.71952545,16.78063217,86.6
130.861,-1.170112762,-2.786659158,16.89300919,86.3
130.873,-1.170112762,-2.852572252,16.78682068,86.5
130.886,-1.170112762,-2.918485347,16.76349682,86.3
130.899,-1.16968352,-2.985619054,16.75111981,86.5
130.911,-1.170112762,-3.051532148,16.75730832,86.4
130.924,-1.16968352,-3.117445243,16.72160744,86.4
130.937,-1.16968352,-3.18457895,16.62779595,86.4
130.949,-1.168825037,-3.250492044,16.62160744,86.5
130.962,-1.168825037,-3.283448591,16.62779595,86.4
130.975,-1.168395795,-3.350582299,16.62779595,86.4
130.988,-1.168825037,-3.416495393,16.59209508,86.4
131,-1.168395795,-3.482408487,16.59209508,86.4
131.013,-1.167537312,-3.549542195,16.58590657,86.5
131.026,-1.167537312,-3.582498742,16.56829449,86.4
131.038,-1.167537312,-3.648411836,16.56210599,86.5
131.051,-1.16710807,-3.681368384,16.66210599,86.4
131.064,-1.16710807,-3.748502091,16.75591748,86.4
131.076,-1.166249587,-3.814415185,16.72640511,86.3
131.089,-1.166249587,-3.847371732,16.62640511,86.4
131.102,-1.166249587,-3.88032828,16.63259362,86.3
131.115,-1.166249587,-3.91450544,16.62640511,86.4
131.127,-1.166249587,-3.947461987,16.63259362,86.3
131.14,-1.165820345,-3.980418534,16.52640511,86.5
131.153,-1.165820345,-4.013375081,16.53259362,86.4
131.165,-1.165820345,-4.013375081,16.52640511,86.5
131.178,-1.165820345,-4.046331628,16.53259362,86.4
131.191,-1.164961862,-4.046331628,16.49070424,86.5
131.204,-1.165820345,-4.079288176,16.53259362,86.4
131.216,-1.164961862,-4.046331628,16.52640511,86.5
131.229,-1.165820345,-4.046331628,16.53259362,86.4
131.242,-1.164961862,-4.046331628,16.49689275,86.4
131.254,-1.164961862,-4.013375081,16.53259362,86.4
131.267,-1.164961862,-4.013375081,16.53259362,86.4
131.28,-1.165820345,-3.980418534,16.53259362,86.4
131.292,-1.164961862,-3.947461987,16.53259362,86.4
131.305,-1.165820345,-3.91450544,16.53259362,86.4
131.318,-1.164961862,-3.88032828,16.62640511,86.4
131.331,-1.164961862,-3.88032828,16.62640511,86.4
131.343,-1.164961862,-3.847371732,16.65591748,86.5
131.356,-1.164961862,-3.781458638,16.66829449,86.3
131.369,-1.164961862,-3.748502091,16.66210599,86.4
131.381,-1.164961862,-3.715545544,16.66829449,86.3
131.394,-1.164961862,-3.681368384,16.66210599,86.4
131.407,-1.164961862,-3.615455289,16.66210599,86.4
131.419,-1.164961862,-3.582498742,16.66210599,86.4
131.432,-1.164961862,-3.515365035,16.66829449,86.3
131.445,-1.164961862,-3.482408487,16.68590657,86.4
131.458,-1.165820345,-3.416495393,16.68590657,86.4
131.47,-1.165820345,-3.383538846,16.68590657,86.4
131.483,-1.165820345,-3.316405139,16.58590657,86.5
131.496,-1.165820345,-3.250492044,16.58590657,86.5
131.508,-1.164961862,-3.217535497,16.62160744,86.5
131.521,-1.165820345,-3.18457895,16.62779595,86.4
131.534,-1.164961862,-3.151622403,16.62160744,86.5
131.547,-1.165820345,-3.117445243,16.62779595,86.4
131.559,-1.165820345,-3.051532148,16.62160744,86.5
131.572,-1.166249587,-3.018575601,16.66349682,86.4
131.585,-1.165820345,-2.985619054,16.65730832,86.5
131.597,-1.166249587,-2.985619054,16.66349682,86.4
131.61,-1.165820345,-2.918485347,16.65730832,86.5
131.623,-1.166249587,-2.885528799,16.66349682,86.4
131.635,-1.166249587,-2.852572252,16.75111981,86.5
131.648,-1.16710807,-2.819615705,16.75730832,86.4
131.661,-1.166249587,-2.819615705,16.85111981,86.4
131.674,-1.16710807,-2.786659158,16.7991977,86.3
131.686,-1.16710807,-2.752481998,16.79300919,86.4
131.699,-1.16710807,-2.752481998,16.79300919,86.4
131.712,-1.166249587,-2.71952545,16.79300919,86.4
131.724,-1.166249587,-2.71952545,16.79300919,86.4
131.737,-1.166249587,-2.686568903,16.79300919,86.4
131.75,-1.166249587,-2.686568903,16.79300919,86.4
131.762,-1.16710807,-2.686568903,16.7991977,86.3
131.775,-1.16710807,-2.686568903,16.79300919,86.4
131.788,-1.16710807,-2.686568903,16.7991977,86.3
131.801,-1.166249587,-2.686568903,16.69300919,86.5
131.813,-1.16710807,-2.686568903,16.7991977,86.3
131.826,-1.16710807,-2.686568903,16.79300919,86.4
131.839,-1.167537312,-2.686568903,16.6991977,86.4
131.851,-1.16710807,-2.686568903,16.69300919,86.5
131.864,-1.167537312,-2.686568903,16.6991977,86.4
131.877,-1.16710807,-2.686568903,16.69300919,86.5
131.89,-1.16710807,-2.686568903,16.6991977,86.4
131.902,-1.16710807,-2.71952545,16.6991977,86.4
131.915,-1.16710807,-2.71952545,16.6991977,86.4
131.928,-1.16710807,-2.752481998,16.79300919,86.4
131.94,-1.16710807,-2.752481998,16.79300919,86.4
131.953,-1.16710807,-2.752481998,16.79300919,86.4
131.966,-1.16710807,-2.786659158,16.78682068,86.5
131.978,-1.16710807,-2.786659158,16.79300919,86.4
131.991,-1.16710807,-2.786659158,16.88682068,86.4
132.004,-1.16710807,-2.819615705,16.89300919,86.3
132.017,-1.167537312,-2.819615705,16.78682068,86.5
132.029,-1.167537312,-2.819615705,16.79300919,86.4
132.042,-1.167537312,-2.819615705,16.75730832,86.4
132.055,-1.167537312,-2.852572252,16.76349682,86.3
132.067,-1.16710807,-2.852572252,16.65730832,86.5
132.08,-1.167537312,-2.852572252,16.66349682,86.4
132.093,-1.16710807,-2.852572252,16.65730832,86.5
132.105,-1.16710807,-2.852572252,16.66349682,86.4
132.118,-1.16710807,-2.852572252,16.66349682,86.4
132.131,-1.167537312,-2.852572252,16.66349682,86.4
132.144,-1.167537312,-2.852572252,16.66349682,86.4
132.156,-1.167537312,-2.885528799,16.65730832,86.5
132.169,-1.16710807,-2.885528799,16.65730832,86.5
132.182,-1.16710807,-2.885528799,16.65730832,86.5
132.194,-1.16710807,-2.885528799,16.69300919,86.5
132.207,-1.16710807,-2.885528799,16.6991977,86.4
132.22,-1.166249587,-2.885528799,16.66349682,86.4
132.233,-1.16710807,-2.885528799,16.66349682,86.4
132.245,-1.166249587,-2.885528799,16.75730832,86.4
132.258,-1.16710807,-2.885528799,16.85111981,86.4
132.271,-1.166249587,-2.885528799,16.85111981,86.4
132.283,-1.16710807,-2.852572252,16.75730832,86.4
132.296,-1.166249587,-2.852572252,16.79300919,86.4
132.309,-1.16710807,-2.852572252,16.75730832,86.4
132.321,-1.166249587,-2.819615705,16.75730832,86.4
132.334,-1.16710807,-2.819615705,16.79300919,86.4
132.347,-1.166249587,-2.819615705,16.78682068,86.5
132.36,-1.16710807,-2.819615705,16.75730832,86.4
132.372,-1.16710807,-2.786659158,16.78682068,86.5
132.385,-1.16710807,-2.786659158,16.79300919,86.4
132.398,-1.16710807,-2.752481998,16.78682068,86.5
132.41,-1.16710807,-2.71952545,16.7991977,86.3
132.423,-1.16710807,-2.71952545,16.79300919,86.4
132.436,-1.16710807,-2.71952545,16.79300919,86.4
132.448,-1.16710807,-2.686568903,16.79300919,86.4
132.461,-1.16710807,-2.686568903,16.79300919,86.4
132.474,-1.16710807,-2.653612356,16.79300919,86.4
132.487,-1.16710807,-2.653612356,16.79300919,86.4
132.499,-1.16710807,-2.620655809,16.79300919,86.4
132.512,-1.16710807,-2.620655809,16.81680977,86.4
132.525,-1.16710807,-2.587699262,16.82299828,86.3
132.537,-1.16710807,-2.587699262,16.79300919,86.4
132.55,-1.16710807,-2.587699262,16.89300919,86.3
132.563,-1.16710807,-2.553522102,16.88063217,86.5
132.576,-1.167537312,-2.520565554,16.89300919,86.3
132.588,-1.16710807,-2.520565554,16.91062126,86.4
132.601,-1.167537312,-2.487609007,16.81680977,86.4
132.614,-1.16710807,-2.487609007,16.81680977,86.4
132.626,-1.167537312,-2.45465246,16.81680977,86.4
132.639,-1.167537312,-2.45465246,16.81680977,86.4
132.652,-1.167537312,-2.421695913,16.81680977,86.4
132.664,-1.167537312,-2.421695913,16.85251064,86.4
132.677,-1.167537312,-2.388739366,16.85251064,86.4
132.69,-1.167537312,-2.388739366,16.85251064,86.4
132.703,-1.168395795,-2.354562206,16.85251064,86.4
132.715,-1.168395795,-2.354562206,16.85869915,86.3
132.728,-1.167537312,-2.354562206,16.85251064,86.4
132.741,-1.168395795,-2.321605658,16.75869915,86.4
132.753,-1.168395795,-2.321605658,16.85251064,86.4
132.766,-1.168395795,-2.288649111,16.85869915,86.3
132.779,-1.168395795,-2.288649111,16.85251064,86.4
132.791,-1.168825037,-2.288649111,16.75869915,86.4
132.804,-1.168395795,-2.255692564,16.75251064,86.5
132.817,-1.168825037,-2.255692564,16.75869915,86.4
132.83,-1.168395795,-2.255692564,16.78821152,86.5
132.842,-1.168825037,-2.255692564,16.79440003,86.4
132.855,-1.168395795,-2.222736017,16.75869915,86.4
132.868,-1.168395795,-2.222736017,16.85251064,86.4
132.88,-1.168395795,-2.222736017,16.79440003,86.4
132.893,-1.168395795,-2.222736017,16.88821152,86.4
132.906,-1.168395795,-2.222736017,16.89440003,86.3
132.919,-1.168825037,-2.18977947,16.88202301,86.5
132.931,-1.168395795,-2.18977947,16.88821152,86.4
132.944,-1.168395795,-2.18977947,16.88202301,86.5
132.957,-1.168395795,-2.18977947,16.88821152,86.4
132.969,-1.168395795,-2.222736017,16.94632214,86.4
132.982,-1.168395795,-2.222736017,16.88821152,86.4
132.995,-1.168825037,-2.222736017,16.88821152,86.4
133.007,-1.168395795,-2.222736017,16.88821152,86.4
133.02,-1.168825037,-2.222736017,16.88821152,86.4
133.033,-1.168825037,-2.255692564,16.88821152,86.4
133.046,-1.168825037,-2.255692564,16.88821152,86.4
133.058,-1.168825037,-2.255692564,16.85869915,86.3
133.071,-1.168825037,-2.255692564,16.75251064,86.5
133.084,-1.168825037,-2.288649111,16.75869915,86.4
133.096,-1.168825037,-2.288649111,16.75869915,86.4
133.109,-1.16968352,-2.288649111,16.75869915,86.4
133.122,-1.168825037,-2.288649111,16.79440003,86.4
133.134,-1.168825037,-2.288649111,16.79440003,86.4
133.147,-1.168825037,-2.321605658,16.75869915,86.4
133.16,-1.16968352,-2.354562206,16.75869915,86.4
133.173,-1.168825037,-2.354562206,16.75869915,86.4
133.185,-1.168825037,-2.354562206,16.85251064,86.4
133.198,-1.168395795,-2.388739366,16.85869915,86.3
133.211,-1.168825037,-2.421695913,16.75869915,86.4
133.223,-1.168395795,-2.45465246,16.85251064,86.4
133.236,-1.168825037,-2.45465246,16.94632214,86.4
133.249,-1.168395795,-2.487609007,16.91062126,86.4
133.262,-1.168395795,-2.520565554,16.81680977,86.4
133.274,-1.168395795,-2.553522102,16.81680977,86.4
133.287,-1.168395795,-2.587699262,16.81680977,86.4
133.3,-1.168395795,-2.620655809,16.81680977,86.4
133.312,-1.168825037,-2.653612356,16.81680977,86.4
133.325,-1.168395795,-2.686568903,16.79300919,86.4
133.338,-1.168825037,-2.71952545,16.79300919,86.4
133.35,-1.168395795,-2.752481998,16.79300919,86.4
133.363,-1.168825037,-2.786659158,16.79300919,86.4
133.376,-1.168395795,-2.819615705,16.79300919,86.4
133.389,-1.168395795,-2.852572252,16.7991977,86.3
133.401,-1.168395795,-2.885528799,16.76349682,86.3
133.414,-1.168395795,-2.952662507,16.66349682,86.4
133.427,-1.168395795,-2.985619054,16.66349682,86.4
133.439,-1.167537312,-3.018575601,16.75730832,86.4
133.452,-1.167537312,-3.051532148,16.72160744,86.4
133.465,-1.167537312,-3.084488695,16.72160744,86.4
133.477,-1.167537312,-3.117445243,16.72160744,86.4
133.49,-1.167537312,-3.18457895,16.81541894,86.4
133.503,-1.167537312,-3.217535497,16.82160744,86.3
133.516,-1.167537312,-3.250492044,16.81541894,86.4
133.528,-1.168395795,-3.316405139,16.78590657,86.3
133.541,-1.167537312,-3.350582299,16.77971806,86.4
133.554,-1.167537312,-3.350582299,16.78590657,86.3
133.566,-1.167537312,-3.383538846,16.77971806,86.4
133.579,-1.167537312,-3.44945194,16.78590657,86.3
133.592,-1.167537312,-3.482408487,16.78590657,86.3
133.605,-1.16710807,-3.549542195,16.78590657,86.3
133.617,-1.16710807,-3.549542195,16.66210599,86.4
133.63,-1.16710807,-3.582498742,16.66210599,86.4
133.643,-1.16710807,-3.582498742,16.66829449,86.3
133.655,-1.166249587,-3.615455289,16.66210599,86.4
133.668,-1.166249587,-3.648411836,16.66829449,86.3
133.681,-1.166249587,-3.681368384,16.66210599,86.4
133.693,-1.166249587,-3.681368384,16.63259362,86.3
133.706,-1.166249587,-3.715545544,16.62021661,86.5
133.719,-1.16710807,-3.748502091,16.66829449,86.3
133.732,-1.166249587,-3.781458638,16.65591748,86.5
133.744,-1.166249587,-3.781458638,16.66829449,86.3
133.757,-1.165820345,-3.814415185,16.56210599,86.5
133.77,-1.16710807,-3.814415185,16.574483,86.3
133.782,-1.166249587,-3.847371732,16.53259362,86.4
133.795,-1.16710807,-3.847371732,16.53259362,86.4
133.808,-1.166249587,-3.847371732,16.63259362,86.3
133.82,-1.166249587,-3.847371732,16.62640511,86.4
133.833,-1.165820345,-3.847371732,16.53259362,86.4
133.846,-1.166249587,-3.847371732,16.56210599,86.5
133.859,-1.165820345,-3.847371732,16.66210599,86.4
133.871,-1.165820345,-3.847371732,16.72021661,86.4
133.884,-1.165820345,-3.847371732,16.72640511,86.3
133.897,-1.166249587,-3.847371732,16.62640511,86.4
133.909,-1.165820345,-3.847371732,16.63259362,86.3
133.922,-1.165820345,-3.847371732,16.62021661,86.5
133.935,-1.165820345,-3.847371732,16.63259362,86.3
133.948,-1.165820345,-3.847371732,16.62021661,86.5
133.96,-1.165820345,-3.847371732,16.63259362,86.3
133.973,-1.165820345,-3.847371732,16.62640511,86.4
133.986,-1.165820345,-3.847371732,16.63259362,86.3
133.998,-1.165820345,-3.847371732,16.62640511,86.4
134.011,-1.166249587,-3.847371732,16.63259362,86.3
134.024,-1.166249587,-3.88032828,16.62640511,86.4
134.036,-1.166249587,-3.88032828,16.63259362,86.3
134.049,-1.165820345,-3.847371732,16.62640511,86.4
134.062,-1.166249587,-3.847371732,16.63259362,86.3
134.075,-1.166249587,-3.847371732,16.62640511,86.4
134.087,-1.166249587,-3.847371732,16.63259362,86.3
134.1,-1.165820345,-3.847371732,16.63259362,86.3
134.113,-1.166249587,-3.847371732,16.53259362,86.4
134.125,-1.165820345,-3.847371732,16.63259362,86.3
134.138,-1.166249587,-3.847371732,16.63259362,86.3
134.151,-1.165820345,-3.847371732,16.72640511,86.3
134.163,-1.165820345,-3.88032828,16.72640511,86.3
134.176,-1.164961862,-3.88032828,16.72640511,86.3
134.189,-1.165820345,-3.88032828,16.63259362,86.3
134.202,-1.164961862,-3.88032828,16.62640511,86.4
134.214,-1.165820345,-3.88032828,16.62640511,86.4
134.227,-1.165820345,-3.88032828,16.62640511,86.4
134.24,-1.165820345,-3.847371732,16.62640511,86.4
134.252,-1.164961862,-3.847371732,16.62640511,86.4
134.265,-1.165820345,-3.847371732,16.62640511,86.4
134.278,-1.164961862,-3.814415185,16.62640511,86.4
134.291,-1.165820345,-3.814415185,16.62640511,86.4
134.303,-1.165820345,-3.814415185,16.62640511,86.4
134.316,-1.165820345,-3.814415185,16.62640511,86.4
134.329,-1.165820345,-3.781458638,16.62640511,86.4
134.341,-1.165820345,-3.748502091,16.62640511,86.4
134.354,-1.165820345,-3.748502091,16.62640511,86.4
134.367,-1.164961862,-3.715545544,16.66210599,86.4
134.379,-1.164961862,-3.681368384,16.66829449,86.3
134.392,-1.164961862,-3.648411836,16.62640511,86.4
134.405,-1.165820345,-3.615455289,16.66829449,86.3
134.418,-1.164961862,-3.582498742,16.66210599,86.4
134.43,-1.165820345,-3.549542195,16.56829449,86.4
134.443,-1.165820345,-3.482408487,16.75591748,86.4
134.456,-1.165820345,-3.416495393,16.76210599,86.3
134.468,-1.165820345,-3.383538846,16.67971806,86.5
134.481,-1.166249587,-3.316405139,16.79209508,86.2
134.494,-1.165820345,-3.250492044,16.67971806,86.5
134.506,-1.166249587,-3.18457895,16.82160744,86.3
134.519,-1.166249587,-3.117445243,16.81541894,86.4
134.532,-1.166249587,-3.018575601,16.72160744,86.4
134.545,-1.166249587,-2.952662507,16.72160744,86.4
134.557,-1.166249587,-2.885528799,16.72160744,86.4
134.57,-1.166249587,-2.819615705,16.76349682,86.3
134.583,-1.166249587,-2.752481998,16.75730832,86.4
134.595,-1.166249587,-2.653612356,16.7991977,86.3
134.608,-1.166249587,-2.587699262,16.79300919,86.4
134.621,-1.16710807,-2.520565554,16.82299828,86.3
134.634,-1.16710807,-2.421695913,16.81680977,86.4
134.646,-1.16710807,-2.354562206,16.85869915,86.3
134.659,-1.167537312,-2.255692564,16.85251064,86.4
134.672,-1.168395795,-2.18977947,16.76488766,86.3
134.684,-1.168395795,-2.089689215,16.88821152,86.4
134.697,-1.168825037,-2.023776121,16.89440003,86.3
134.71,-1.168825037,-1.956642413,16.90582359,86.5
134.722,-1.16968352,-1.890729319,16.91820061,86.3
134.735,-1.16968352,-1.824816225,17.04152447,86.4
134.748,-1.170112762,-1.757682517,17.04771297,86.3
134.761,-1.170112762,-1.658812876,17.04152447,86.4
134.773,-1.170971245,-1.591679168,17.07722534,86.4
134.786,-1.170971245,-1.525766074,17.07722534,86.4
134.799,-1.171829728,-1.492809527,17.11292621,86.4
134.811,-1.171829728,-1.426896432,17.11911472,86.3
134.824,-1.171829728,-1.359762725,17.01911472,86.4
134.837,-1.171829728,-1.326806178,17.02530323,86.3
134.849,-1.17225897,-1.293849631,17.0429153,86.4
134.862,-1.17225897,-1.226715924,17.04910381,86.3
134.875,-1.173117453,-1.193759376,16.9429153,86.5
134.888,-1.173117453,-1.160802829,16.94910381,86.4
134.9,-1.173117453,-1.160802829,17.0429153,86.4
134.913,-1.173117453,-1.127846282,17.04910381,86.3
134.926,-1.173117453,-1.127846282,17.07861618,86.4
134.938,-1.173117453,-1.094889735,17.08480468,86.3
134.951,-1.173117453,-1.094889735,17.07861618,86.4
134.964,-1.173546695,-1.094889735,17.08480468,86.3
134.977,-1.173546695,-1.094889735,17.07861618,86.4
134.989,-1.173546695,-1.127846282,17.08480468,86.3
135.002,-1.173546695,-1.127846282,17.07861618,86.4
135.015,-1.173546695,-1.127846282,17.08480468,86.3
135.027,-1.173546695,-1.127846282,17.07861618,86.4
135.04,-1.173546695,-1.127846282,17.08480468,86.3
135.053,-1.173546695,-1.160802829,17.07861618,86.4
135.065,-1.173546695,-1.160802829,17.17861618,86.3
135.078,-1.173546695,-1.193759376,17.1367268,86.4
135.091,-1.173546695,-1.226715924,17.1429153,86.3
135.104,-1.173546695,-1.226715924,17.0429153,86.4
135.116,-1.173546695,-1.260893084,17.0429153,86.4
135.129,-1.173117453,-1.293849631,17.1429153,86.3
135.142,-1.173546695,-1.293849631,17.1429153,86.3
135.154,-1.173117453,-1.326806178,17.1429153,86.3
135.167,-1.173546695,-1.326806178,17.1429153,86.3
135.18,-1.173117453,-1.359762725,17.0429153,86.4
135.192,-1.173546695,-1.392719272,17.0429153,86.4
135.205,-1.173117453,-1.426896432,17.0429153,86.4
135.218,-1.173546695,-1.426896432,17.02530323,86.3
135.231,-1.173546695,-1.45985298,17.01911472,86.4
135.243,-1.173546695,-1.45985298,17.02530323,86.3
135.256,-1.173546695,-1.492809527,17.01911472,86.4
135.269,-1.173546695,-1.525766074,17.02530323,86.3
135.281,-1.173546695,-1.525766074,17.01911472,86.4
135.294,-1.173546695,-1.525766074,17.01911472,86.4
135.307,-1.173546695,-1.558722621,17.01911472,86.4
135.32,-1.173546695,-1.558722621,16.98341385,86.4
135.332,-1.173117453,-1.591679168,17.01911472,86.4
135.345,-1.173117453,-1.591679168,16.98341385,86.4
135.358,-1.173117453,-1.591679168,16.98960235,86.3
135.37,-1.173117453,-1.591679168,16.98341385,86.4
135.383,-1.173117453,-1.591679168,16.98960235,86.3
135.396,-1.173117453,-1.591679168,16.97722534,86.5
135.408,-1.173117453,-1.591679168,16.98960235,86.3
135.421,-1.173117453,-1.591679168,17.11292621,86.4
135.434,-1.173546695,-1.591679168,17.08341385,86.3
135.447,-1.173546695,-1.591679168,17.07722534,86.4
135.459,-1.174405178,-1.591679168,16.98960235,86.3
135.472,-1.173546695,-1.558722621,16.97722534,86.5
135.485,-1.173546695,-1.558722621,16.98960235,86.3
135.497,-1.173546695,-1.525766074,17.07722534,86.4
135.51,-1.173546695,-1.525766074,17.11911472,86.3
135.523,-1.173117453,-1.492809527,17.11911472,86.3
135.535,-1.173546695,-1.492809527,17.11911472,86.3
135.548,-1.173546695,-1.45985298,17.01911472,86.4
135.561,-1.173546695,-1.426896432,17.01911472,86.4
135.574,-1.173546695,-1.392719272,17.01911472,86.4
135.586,-1.173546695,-1.392719272,17.01911472,86.4
135.599,-1.173546695,-1.359762725,17.02530323,86.3
135.612,-1.173546695,-1.326806178,17.01911472,86.4
135.624,-1.173546695,-1.293849631,17.04910381,86.3
135.637,-1.173117453,-1.293849631,17.0429153,86.4
135.65,-1.173117453,-1.293849631,17.04910381,86.3
135.663,-1.173117453,-1.260893084,17.0367268,86.5
135.675,-1.173546695,-1.260893084,17.14910381,86.2
135.688,-1.173546695,-1.260893084,17.1367268,86.4
135.701,-1.173546695,-1.226715924,17.1429153,86.3
135.713,-1.173546695,-1.226715924,17.0429153,86.4
135.726,-1.173546695,-1.226715924,17.04910381,86.3
135.739,-1.173117453,-1.226715924,17.0429153,86.4
135.751,-1.173546695,-1.193759376,17.1429153,86.3
135.764,-1.173546695,-1.193759376,17.07861618,86.4
135.777,-1.173546695,-1.193759376,17.17861618,86.3
135.79,-1.173546695,-1.226715924,17.17861618,86.3
135.802,-1.173546695,-1.226715924,17.17861618,86.3
135.815,-1.173546695,-1.226715924,17.17861618,86.3
135.828,-1.173546695,-1.226715924,17.07861618,86.4
135.84,-1.173546695,-1.226715924,17.07861618,86.4
135.853,-1.173546695,-1.260893084,17.0429153,86.4
135.866,-1.173546695,-1.260893084,17.04910381,86.3
135.878,-1.173546695,-1.260893084,17.0429153,86.4
135.891,-1.173546695,-1.260893084,17.04910381,86.3
135.904,-1.173546695,-1.293849631,17.0429153,86.4
135.917,-1.173546695,-1.326806178,17.04910381,86.3
135.929,-1.173546695,-1.326806178,17.0429153,86.4
135.942,-1.173546695,-1.359762725,17.04910381,86.3
135.955,-1.173546695,-1.392719272,17.01911472,86.4
135.967,-1.173546695,-1.392719272,17.01911472,86.4
135.98,-1.173546695,-1.426896432,17.01911472,86.4
135.993,-1.173546695,-1.45985298,17.11911472,86.3
136.005,-1.173546695,-1.492809527,17.11911472,86.3
136.018,-1.173546695,-1.525766074,17.11911472,86.3
136.031,-1.173117453,-1.558722621,17.01911472,86.4
136.044,-1.173546695,-1.591679168,17.02530323,86.3
136.056,-1.173117453,-1.625856329,17.08341385,86.3
136.069,-1.173546695,-1.658812876,16.98341385,86.4
136.082,-1.173117453,-1.691769423,16.98341385,86.4
136.094,-1.173546695,-1.72472597,16.98960235,86.3
136.107,-1.17225897,-1.757682517,16.98341385,86.4
136.12,-1.173117453,-1.824816225,16.95390148,86.3
136.133,-1.173117453,-1.857772772,16.94771297,86.4
136.145,-1.173546695,-1.890729319,16.95390148,86.3
136.158,-1.173117453,-1.956642413,16.94771297,86.4
136.171,-1.173117453,-1.989598961,16.95390148,86.3
136.183,-1.173117453,-2.023776121,16.9120121,86.4
136.196,-1.173117453,-2.056732668,16.91820061,86.3
136.209,-1.173117453,-2.089689215,16.9120121,86.4
136.221,-1.173117453,-2.122645762,16.91820061,86.3
136.234,-1.173117453,-2.18977947,17.00582359,86.4
136.247,-1.173117453,-2.222736017,17.08202301,86.3
136.26,-1.173117453,-2.255692564,17.08202301,86.3
136.272,-1.17225897,-2.288649111,16.88821152,86.4
136.285,-1.17225897,-2.321605658,16.88821152,86.4
136.298,-1.17225897,-2.321605658,16.88821152,86.4
136.31,-1.17225897,-2.354562206,16.85869915,86.3
136.323,-1.17225897,-2.388739366,16.85251064,86.4
136.336,-1.17225897,-2.421695913,16.85869915,86.3
136.349,-1.171829728,-2.45465246,16.85251064,86.4
136.361,-1.171829728,-2.45465246,16.85869915,86.3
136.374,-1.171829728,-2.487609007,16.85251064,86.4
136.387,-1.171829728,-2.487609007,16.85869915,86.3
136.399,-1.171829728,-2.487609007,16.81680977,86.4
136.412,-1.171829728,-2.520565554,16.82299828,86.3
136.425,-1.170971245,-2.520565554,16.81680977,86.4
136.437,-1.171829728,-2.520565554,16.82299828,86.3
136.45,-1.171829728,-2.520565554,16.81680977,86.4
136.463,-1.171829728,-2.520565554,16.82299828,86.3
136.476,-1.171829728,-2.487609007,16.91680977,86.3
136.488,-1.171829728,-2.487609007,17.05251064,86.2
136.501,-1.171829728,-2.45465246,16.95251064,86.3
136.514,-1.171829728,-2.421695913,16.85251064,86.4
136.526,-1.171829728,-2.421695913,16.85869915,86.3
136.539,-1.171829728,-2.388739366,16.95251064,86.3
136.552,-1.171829728,-2.354562206,16.95869915,86.2
136.564,-1.171829728,-2.321605658,16.85251064,86.4
136.577,-1.171829728,-2.288649111,16.85869915,86.3
136.59,-1.171829728,-2.255692564,16.98821152,86.3
136.603,-1.17225897,-2.222736017,16.99440003,86.2
136.615,-1.171829728,-2.18977947,16.88821152,86.4
136.628,-1.171829728,-2.122645762,16.89440003,86.3
136.641,-1.171829728,-2.089689215,16.88821152,86.4
136.653,-1.17225897,-2.089689215,16.89440003,86.3
136.666,-1.171829728,-2.023776121,16.98821152,86.3
136.679,-1.17225897,-1.989598961,16.91820061,86.3
136.691,-1.171829728,-1.923685866,16.91820061,86.3
136.704,-1.171829728,-1.890729319,16.94771297,86.4
136.717,-1.171829728,-1.824816225,17.05390148,86.2
136.73,-1.17225897,-1.790639065,16.94771297,86.4
136.742,-1.171829728,-1.757682517,16.94771297,86.4
136.755,-1.17225897,-1.691769423,17.04152447,86.4
136.768,-1.171829728,-1.658812876,17.08341385,86.3
136.78,-1.17225897,-1.625856329,17.08341385,86.3
136.793,-1.171829728,-1.591679168,17.08960235,86.2
136.806,-1.17225897,-1.558722621,17.08341385,86.3
136.819,-1.17225897,-1.525766074,17.08341385,86.3
136.831,-1.17225897,-1.492809527,17.08341385,86.3
136.844,-1.17225897,-1.492809527,17.08341385,86.3
136.857,-1.173117453,-1.45985298,17.08341385,86.3
136.869,-1.173117453,-1.426896432,17.08341385,86.3
136.882,-1.173117453,-1.426896432,17.01911472,86.4
136.895,-1.173117453,-1.392719272,17.02530323,86.3
136.907,-1.173117453,-1.392719272,17.01911472,86.4
136.92,-1.173117453,-1.392719272,17.01911472,86.4
136.933,-1.173117453,-1.392719272,17.01911472,86.4
136.946,-1.173117453,-1.359762725,17.01911472,86.4
136.958,-1.173117453,-1.392719272,17.02530323,86.3
136.971,-1.173117453,-1.392719272,17.01911472,86.4
136.984,-1.173117453,-1.392719272,17.02530323,86.3
136.996,-1.173117453,-1.392719272,17.02530323,86.3
137.009,-1.17225897,-1.392719272,17.02530323,86.3
137.022,-1.173117453,-1.426896432,17.01911472,86.4
137.034,-1.17225897,-1.426896432,17.11911472,86.3
137.047,-1.173117453,-1.426896432,17.11911472,86.3
137.06,-1.17225897,-1.45985298,17.11292621,86.4
137.073,-1.173117453,-1.45985298,17.21911472,86.2
137.085,-1.17225897,-1.492809527,17.21292621,86.3
137.098,-1.173117453,-1.525766074,17.21911472,86.2
137.111,-1.17225897,-1.558722621,17.17722534,86.3
137.123,-1.173117453,-1.591679168,17.08341385,86.3
137.136,-1.17225897,-1.625856329,17.08341385,86.3
137.149,-1.173117453,-1.658812876,16.98960235,86.3
137.162,-1.173117453,-1.691769423,16.98341385,86.4
137.174,-1.173117453,-1.72472597,16.95390148,86.3
137.187,-1.173117453,-1.757682517,16.84771297,86.5
137.2,-1.173117453,-1.790639065,16.95390148,86.3
137.212,-1.173117453,-1.790639065,16.94771297,86.4
137.225,-1.173117453,-1.824816225,16.94771297,86.4
137.238,-1.173117453,-1.857772772,16.94771297,86.4
137.25,-1.173117453,-1.923685866,16.9120121,86.4
137.263,-1.173117453,-1.956642413,16.91820061,86.3
137.276,-1.17225897,-1.989598961,16.9120121,86.4
137.289,-1.17225897,-2.023776121,16.91820061,86.3
137.301,-1.17225897,-2.056732668,16.9120121,86.4
137.314,-1.17225897,-2.089689215,16.91820061,86.3
137.327,-1.17225897,-2.155602309,16.88821152,86.4
137.339,-1.17225897,-2.18977947,16.89440003,86.3
137.352,-1.171829728,-2.222736017,16.88821152,86.4
137.365,-1.17225897,-2.255692564,16.89440003,86.3
137.378,-1.171829728,-2.288649111,16.88821152,86.4
137.39,-1.17225897,-2.288649111,16.85869915,86.3
137.403,-1.17225897,-2.321605658,16.95251064,86.3
137.416,-1.17225897,-2.354562206,16.95251064,86.3
137.428,-1.17225897,-2.388739366,16.95251064,86.3
137.441,-1.17225897,-2.388739366,16.91062126,86.4
137.454,-1.171829728,-2.421695913,17.04632214,86.3
137.466,-1.171829728,-2.421695913,17.04632214,86.3
137.479,-1.171829728,-2.421695913,17.05251064,86.2
137.492,-1.171829728,-2.421695913,17.04632214,86.3
137.505,-1.171829728,-2.45465246,16.95251064,86.3
137.517,-1.171829728,-2.421695913,16.91062126,86.4
137.53,-1.171829728,-2.421695913,16.95869915,86.2
137.543,-1.171829728,-2.421695913,16.85251064,86.4
137.555,-1.17225897,-2.388739366,16.85869915,86.3
137.568,-1.17225897,-2.388739366,16.85251064,86.4
137.581,-1.173117453,-2.354562206,16.85869915,86.3
137.593,-1.17225897,-2.354562206,16.85869915,86.3
137.606,-1.17225897,-2.321605658,16.85869915,86.3
137.619,-1.17225897,-2.321605658,16.85251064,86.4
137.632,-1.17225897,-2.288649111,16.85869915,86.3
137.644,-1.17225897,-2.255692564,16.85869915,86.3
137.657,-1.17225897,-2.222736017,16.89440003,86.3
137.67,-1.171829728,-2.18977947,16.89440003,86.3
137.682,-1.171829728,-2.155602309,16.88821152,86.4
137.695,-1.171829728,-2.122645762,16.89440003,86.3
137.708,-1.171829728,-2.089689215,16.88821152,86.4
137.72,-1.171829728,-2.023776121,16.89440003,86.3
137.733,-1.171829728,-1.989598961,16.9120121,86.4
137.746,-1.171829728,-1.956642413,16.91820061,86.3
137.759,-1.17225897,-1.923685866,16.9120121,86.4
137.771,-1.171829728,-1.857772772,16.91820061,86.3
137.784,-1.17225897,-1.824816225,16.9120121,86.4
137.797,-1.17225897,-1.790639065,16.91820061,86.3
137.809,-1.17225897,-1.757682517,16.94771297,86.4
137.822,-1.17225897,-1.691769423,16.95390148,86.3
137.835,-1.17225897,-1.658812876,16.94771297,86.4
137.848,-1.17225897,-1.625856329,17.08341385,86.3
137.86,-1.173117453,-1.591679168,17.17722534,86.3
137.873,-1.173117453,-1.558722621,17.08341385,86.3
137.886,-1.17225897,-1.525766074,17.08341385,86.3
137.898,-1.173117453,-1.45985298,17.08341385,86.3
137.911,-1.173117453,-1.426896432,17.11911472,86.3
137.924,-1.173117453,-1.392719272,17.11911472,86.3
137.936,-1.173117453,-1.359762725,17.11911472,86.3
137.949,-1.173117453,-1.326806178,17.11911472,86.3
137.962,-1.173117453,-1.293849631,17.11911472,86.3
137.975,-1.173117453,-1.293849631,17.11911472,86.3
137.987,-1.17225897,-1.260893084,17.1429153,86.3
138,-1.173117453,-1.226715924,17.1429153,86.3
138.013,-1.173117453,-1.226715924,17.1429153,86.3
138.025,-1.173546695,-1.193759376,17.14910381,86.2
138.038,-1.173117453,-1.193759376,17.0429153,86.4
138.051,-1.173546695,-1.193759376,17.14910381,86.2
138.064,-1.173117453,-1.193759376,17.1429153,86.3
138.076,-1.173546695,-1.193759376,17.14910381,86.2
138.089,-1.173546695,-1.193759376,17.1429153,86.3
138.102,-1.173546695,-1.193759376,17.1429153,86.3
138.114,-1.173117453,-1.193759376,17.1429153,86.3
138.127,-1.173546695,-1.226715924,17.1429153,86.3
138.14,-1.173117453,-1.226715924,17.1429153,86.3
138.152,-1.173546695,-1.260893084,17.04910381,86.3
138.165,-1.173117453,-1.260893084,17.04910381,86.3
138.178,-1.173117453,-1.293849631,17.04910381,86.3
138.191,-1.173117453,-1.326806178,17.04910381,86.3
138.203,-1.173117453,-1.359762725,17.11292621,86.4
138.216,-1.173117453,-1.392719272,17.2429153,86.2
138.229,-1.173117453,-1.426896432,17.21292621,86.3
138.241,-1.173546695,-1.45985298,17.11911472,86.3
138.254,-1.173117453,-1.492809527,17.11292621,86.4
138.267,-1.173546695,-1.525766074,17.12530323,86.2
138.279,-1.173117453,-1.558722621,17.07722534,86.4
138.292,-1.173546695,-1.625856329,17.08960235,86.2
138.305,-1.173117453,-1.691769423,17.07722534,86.4
138.318,-1.173117453,-1.72472597,17.05390148,86.2
138.33,-1.173117453,-1.790639065,17.04771297,86.3
138.343,-1.173546695,-1.824816225,17.05390148,86.2
138.356,-1.173117453,-1.890729319,17.04771297,86.3
138.368,-1.173546695,-1.956642413,17.04771297,86.3
138.381,-1.173117453,-2.023776121,16.9120121,86.4
138.394,-1.17225897,-2.089689215,16.9120121,86.4
138.406,-1.17225897,-2.155602309,16.89440003,86.3
138.419,-1.17225897,-2.222736017,16.88821152,86.4
138.432,-1.17225897,-2.321605658,16.85869915,86.3
138.445,-1.17225897,-2.354562206,16.85251064,86.4
138.457,-1.17225897,-2.45465246,16.95869915,86.2
138.47,-1.17225897,-2.520565554,16.91062126,86.4
138.483,-1.171829728,-2.587699262,16.92299828,86.2
138.495,-1.171829728,-2.620655809,16.91062126,86.4
138.508,-1.171829728,-2.686568903,16.8991977,86.2
138.521,-1.171829728,-2.752481998,16.88682068,86.4
138.534,-1.171829728,-2.819615705,16.86349682,86.2
138.546,-1.170971245,-2.852572252,16.95111981,86.3
138.559,-1.171829728,-2.918485347,16.85730832,86.3
138.572,-1.170112762,-2.985619054,16.82160744,86.3
138.584,-1.170112762,-3.018575601,16.82160744,86.3
138.597,-1.170112762,-3.051532148,16.82160744,86.3
138.61,-1.170112762,-3.084488695,16.82779595,86.2
138.622,-1.16968352,-3.117445243,16.72779595,86.3
138.635,-1.170112762,-3.151622403,16.72160744,86.4
138.648,-1.16968352,-3.18457895,16.72779595,86.3
138.661,-1.16968352,-3.18457895,16.68590657,86.4
138.673,-1.168825037,-3.217535497,16.69209508,86.3
138.686,-1.16968352,-3.217535497,16.62779595,86.4
138.699,-1.168825037,-3.217535497,16.63398446,86.3
138.711,-1.16968352,-3.18457895,16.69209508,86.3
138.724,-1.168825037,-3.18457895,16.69209508,86.3
138.737,-1.16968352,-3.151622403,16.68590657,86.4
138.749,-1.168825037,-3.117445243,16.69209508,86.3
138.762,-1.16968352,-3.117445243,16.72160744,86.4
138.775,-1.168825037,-3.084488695,16.69209508,86.3
138.788,-1.168825037,-3.084488695,16.68590657,86.4
138.8,-1.168825037,-3.051532148,16.82779595,86.2
138.813,-1.16968352,-2.985619054,16.91541894,86.3
138.826,-1.16968352,-2.952662507,16.91541894,86.3
138.838,-1.16968352,-2.918485347,16.85111981,86.4
138.851,-1.16968352,-2.885528799,16.85730832,86.3
138.864,-1.168825037,-2.852572252,16.85730832,86.3
138.877,-1.168825037,-2.819615705,16.85730832,86.3
138.889,-1.168825037,-2.819615705,16.85730832,86.3
138.902,-1.16968352,-2.786659158,16.85730832,86.3
138.915,-1.168825037,-2.71952545,16.85730832,86.3
138.927,-1.16968352,-2.686568903,16.85730832,86.3
138.94,-1.168825037,-2.653612356,16.89300919,86.3
138.953,-1.16968352,-2.620655809,16.89300919,86.3
138.965,-1.168825037,-2.587699262,16.89300919,86.3
138.978,-1.16968352,-2.553522102,16.7991977,86.3
138.991,-1.168825037,-2.520565554,16.82299828,86.3
139.004,-1.16968352,-2.487609007,16.82299828,86.3
139.016,-1.168825037,-2.45465246,16.81680977,86.4
139.029,-1.16968352,-2.421695913,16.92299828,86.2
139.042,-1.16968352,-2.388739366,17.01062126,86.3
139.054,-1.170112762,-2.354562206,17.01680977,86.2
139.067,-1.16968352,-2.321605658,16.91062126,86.4
139.08,-1.16968352,-2.321605658,16.92299828,86.2
139.092,-1.16968352,-2.288649111,16.91680977,86.3
139.105,-1.16968352,-2.288649111,16.91680977,86.3
139.118,-1.16968352,-2.255692564,16.91680977,86.3
139.131,-1.170112762,-2.255692564,16.95251064,86.3
139.143,-1.16968352,-2.255692564,16.95251064,86.3
139.156,-1.16968352,-2.255692564,16.95251064,86.3
139.169,-1.16968352,-2.222736017,16.95251064,86.3
139.181,-1.16968352,-2.222736017,16.95251064,86.3
139.194,-1.16968352,-2.18977947,16.95869915,86.2
139.207,-1.168825037,-2.18977947,16.95251064,86.3
139.22,-1.16968352,-2.18977947,16.95869915,86.2
139.232,-1.16968352,-2.18977947,16.94632214,86.4
139.245,-1.170112762,-2.155602309,16.95869915,86.2
139.258,-1.170112762,-2.155602309,16.94632214,86.4
139.27,-1.170112762,-2.155602309,16.95869915,86.2
139.283,-1.170112762,-2.155602309,16.95251064,86.3
139.296,-1.170112762,-2.155602309,16.95869915,86.2
139.308,-1.170112762,-2.122645762,16.98821152,86.3
139.321,-1.170112762,-2.122645762,16.98821152,86.3
139.334,-1.170112762,-2.122645762,17.04632214,86.3
139.347,-1.170112762,-2.122645762,17.04632214,86.3
139.359,-1.170112762,-2.122645762,16.95251064,86.3
139.372,-1.170112762,-2.122645762,16.95251064,86.3
139.385,-1.170112762,-2.122645762,16.99440003,86.2
139.397,-1.170112762,-2.122645762,16.95251064,86.3
139.41,-1.16968352,-2.122645762,16.95869915,86.2
139.423,-1.16968352,-2.122645762,16.98202301,86.4
139.435,-1.170112762,-2.155602309,16.95869915,86.2
139.448,-1.170112762,-2.155602309,16.94632214,86.4
139.461,-1.170112762,-2.155602309,16.95869915,86.2
139.474,-1.170112762,-2.155602309,16.95251064,86.3
139.486,-1.170112762,-2.155602309,16.95869915,86.2
139.499,-1.170112762,-2.18977947,16.95251064,86.3
139.512,-1.170112762,-2.18977947,16.85869915,86.3
139.524,-1.170112762,-2.222736017,16.85251064,86.4
139.537,-1.170112762,-2.222736017,16.95869915,86.2
139.55,-1.170112762,-2.222736017,16.85251064,86.4
139.563,-1.170112762,-2.222736017,16.85869915,86.3
139.575,-1.170112762,-2.255692564,16.85869915,86.3
139.588,-1.170112762,-2.288649111,16.85869915,86.3
139.601,-1.16968352,-2.288649111,16.85869915,86.3
139.613,-1.170112762,-2.288649111,16.95251064,86.3
139.626,-1.170112762,-2.321605658,16.91680977,86.3
139.639,-1.170112762,-2.354562206,16.95251064,86.3
139.651,-1.170112762,-2.354562206,17.05251064,86.2
139.664,-1.170112762,-2.388739366,17.01062126,86.3
139.677,-1.16968352,-2.421695913,17.01062126,86.3
139.69,-1.170112762,-2.421695913,17.01680977,86.2
139.702,-1.170112762,-2.45465246,17.01680977,86.2
139.715,-1.170112762,-2.487609007,17.01680977,86.2
139.728,-1.170112762,-2.520565554,16.89300919,86.3
139.74,-1.170112762,-2.520565554,16.79300919,86.4
139.753,-1.170112762,-2.553522102,16.79300919,86.4
139.766,-1.170112762,-2.553522102,16.7991977,86.3
139.778,-1.16968352,-2.587699262,16.7991977,86.3
139.791,-1.170112762,-2.587699262,16.7991977,86.3
139.804,-1.170112762,-2.620655809,16.7991977,86.3
139.817,-1.170112762,-2.653612356,16.7991977,86.3
139.829,-1.170112762,-2.686568903,16.79300919,86.4
139.842,-1.170112762,-2.71952545,16.79300919,86.4
139.855,-1.170112762,-2.752481998,16.76349682,86.3
139.867,-1.170112762,-2.752481998,16.85730832,86.3
139.88,-1.170112762,-2.786659158,16.76349682,86.3
139.893,-1.16968352,-2.819615705,16.76349682,86.3
139.906,-1.16968352,-2.852572252,16.76349682,86.3
139.918,-1.168825037,-2.852572252,16.76349682,86.3
139.931,-1.16968352,-2.885528799,16.76349682,86.3
139.944,-1.16968352,-2.885528799,16.85730832,86.3
139.956,-1.16968352,-2.918485347,16.86349682,86.2
139.969,-1.16968352,-2.918485347,16.95111981,86.3
139.982,-1.170112762,-2.952662507,16.92160744,86.2
139.994,-1.16968352,-2.952662507,16.81541894,86.4
140.007,-1.16968352,-2.952662507,16.82160744,86.3
140.02,-1.16968352,-2.985619054,16.81541894,86.4
140.033,-1.16968352,-2.985619054,16.92160744,86.2
140.045,-1.16968352,-2.985619054,16.81541894,86.4
140.058,-1.16968352,-2.985619054,16.82779595,86.2
140.071,-1.16968352,-2.985619054,16.82160744,86.3
140.083,-1.170112762,-3.018575601,16.82160744,86.3
140.096,-1.170112762,-3.018575601,16.82160744,86.3
140.109,-1.16968352,-2.985619054,16.82160744,86.3
140.121,-1.16968352,-2.985619054,16.82779595,86.2
140.134,-1.168825037,-2.985619054,16.82160744,86.3
140.147,-1.16968352,-2.985619054,16.82779595,86.2
140.16,-1.16968352,-2.985619054,16.82160744,86.3
140.172,-1.16968352,-2.985619054,16.82779595,86.2
140.185,-1.168825037,-2.952662507,16.82160744,86.3
140.198,-1.16968352,-2.952662507,16.82779595,86.2
140.21,-1.168825037,-2.952662507,16.81541894,86.4
140.223,-1.16968352,-2.952662507,16.82779595,86.2
140.236,-1.168825037,-2.952662507,16.72160744,86.4
140.249,-1.16968352,-2.952662507,16.72779595,86.3
140.261,-1.16968352,-2.952662507,16.91541894,86.3
140.274,-1.16968352,-2.985619054,16.92160744,86.2
140.287,-1.16968352,-2.952662507,16.92160744,86.2
140.299,-1.16968352,-2.985619054,16.82160744,86.3
140.312,-1.16968352,-2.985619054,16.82160744,86.3
140.325,-1.16968352,-2.985619054,16.82160744,86.3
140.337,-1.16968352,-2.985619054,16.82160744,86.3
140.35,-1.16968352,-3.018575601,16.82160744,86.3
140.363,-1.16968352,-3.018575601,16.82779595,86.2
140.376,-1.16968352,-3.018575601,16.82160744,86.3
140.388,-1.16968352,-3.051532148,16.82779595,86.2
140.401,-1.16968352,-3.051532148,16.82160744,86.3
140.414,-1.16968352,-3.084488695,16.82779595,86.2
140.426,-1.16968352,-3.084488695,16.82160744,86.3
140.439,-1.16968352,-3.084488695,16.82779595,86.2
140.452,-1.16968352,-3.117445243,16.82160744,86.3
140.464,-1.16968352,-3.151622403,16.79209508,86.2
140.477,-1.168825037,-3.151622403,16.78590657,86.3
140.49,-1.16968352,-3.18457895,16.79209508,86.2
140.503,-1.168825037,-3.217535497,16.78590657,86.3
140.515,-1.168825037,-3.250492044,16.78590657,86.3
140.528,-1.168825037,-3.283448591,16.79209508,86.2
140.541,-1.168825037,-3.283448591,16.88590657,86.2
140.553,-1.168825037,-3.350582299,16.88590657,86.2
140.566,-1.168825037,-3.383538846,16.86210599,86.2
140.579,-1.168395795,-3.416495393,16.86210599,86.2
140.592,-1.168825037,-3.44945194,16.76210599,86.3
140.604,-1.168395795,-3.482408487,16.76210599,86.3
140.617,-1.168395795,-3.515365035,16.76210599,86.3
140.63,-1.167537312,-3.549542195,16.76210599,86.3
140.642,-1.167537312,-3.582498742,16.76210599,86.3
140.655,-1.16710807,-3.615455289,16.72640511,86.3
140.668,-1.167537312,-3.648411836,16.73259362,86.2
140.68,-1.16710807,-3.681368384,16.72640511,86.3
140.693,-1.167537312,-3.715545544,16.72640511,86.3
140.706,-1.16710807,-3.748502091,16.72640511,86.3
140.719,-1.16710807,-3.781458638,16.73259362,86.2
140.731,-1.16710807,-3.814415185,16.73259362,86.2
140.744,-1.16710807,-3.847371732,16.73259362,86.2
140.757,-1.16710807,-3.847371732,16.72640511,86.3
140.769,-1.166249587,-3.88032828,16.73259362,86.2
140.782,-1.166249587,-3.88032828,16.69070424,86.3
140.795,-1.166249587,-3.88032828,16.69070424,86.3
140.807,-1.166249587,-3.91450544,16.69070424,86.3
140.82,-1.166249587,-3.91450544,16.69070424,86.3
140.833,-1.166249587,-3.91450544,16.69070424,86.3
140.846,-1.165820345,-3.91450544,16.69070424,86.3
140.858,-1.166249587,-3.91450544,16.69070424,86.3
140.871,-1.165820345,-3.91450544,16.78451573,86.3
140.884,-1.165820345,-3.91450544,16.79070424,86.2
140.896,-1.165820345,-3.91450544,16.78451573,86.3
140.909,-1.166249587,-3.91450544,16.79070424,86.2
140.922,-1.165820345,-3.88032828,16.78451573,86.3
140.935,-1.166249587,-3.88032828,16.82640511,86.2
140.947,-1.165820345,-3.847371732,16.72640511,86.3
140.96,-1.166249587,-3.847371732,16.73259362,86.2
140.973,-1.165820345,-3.814415185,16.69070424,86.3
140.985,-1.165820345,-3.781458638,16.73259362,86.2
140.998,-1.165820345,-3.748502091,16.62640511,86.4
141.011,-1.165820345,-3.715545544,16.63259362,86.3
141.023,-1.165820345,-3.681368384,16.72640511,86.3
141.036,-1.166249587,-3.648411836,16.76829449,86.2
141.049,-1.165820345,-3.615455289,16.76210599,86.3
141.062,-1.165820345,-3.582498742,16.76829449,86.2
141.074,-1.165820345,-3.515365035,16.76829449,86.2
141.087,-1.165820345,-3.482408487,16.76210599,86.3
141.1,-1.165820345,-3.416495393,16.76829449,86.2
141.112,-1.165820345,-3.383538846,16.66210599,86.4
141.125,-1.165820345,-3.350582299,16.69209508,86.3
141.138,-1.165820345,-3.316405139,16.68590657,86.4
141.15,-1.166249587,-3.250492044,16.69209508,86.3
141.163,-1.165820345,-3.217535497,16.68590657,86.4
141.176,-1.16710807,-3.151622403,16.79209508,86.2
141.189,-1.166249587,-3.117445243,16.87971806,86.3
141.201,-1.16710807,-3.084488695,16.88590657,86.2
141.214,-1.16710807,-3.051532148,16.91541894,86.3
141.227,-1.16710807,-3.018575601,16.82160744,86.3
141.239,-1.166249587,-2.985619054,16.92160744,86.2
141.252,-1.16710807,-2.952662507,16.92160744,86.2
141.265,-1.166249587,-2.918485347,16.92160744,86.2
141.278,-1.16710807,-2.885528799,16.82160744,86.3
141.29,-1.16710807,-2.852572252,16.85730832,86.3
141.303,-1.16710807,-2.819615705,16.85730832,86.3
141.316,-1.16710807,-2.786659158,16.86349682,86.2
141.328,-1.16710807,-2.752481998,16.85730832,86.3
141.341,-1.16710807,-2.71952545,16.86349682,86.2
141.354,-1.16710807,-2.686568903,16.85730832,86.3
141.366,-1.16710807,-2.686568903,16.86349682,86.2
141.379,-1.16710807,-2.653612356,16.85730832,86.3
141.392,-1.167537312,-2.653612356,16.8991977,86.2
141.405,-1.16710807,-2.620655809,16.89300919,86.3
141.417,-1.167537312,-2.587699262,16.8991977,86.2
141.43,-1.16710807,-2.587699262,16.8991977,86.2
141.443,-1.167537312,-2.587699262,16.8991977,86.2
141.455,-1.167537312,-2.553522102,16.89300919,86.3
141.468,-1.168395795,-2.553522102,16.98682068,86.3
141.481,-1.167537312,-2.553522102,16.99300919,86.2
141.493,-1.167537312,-2.553522102,16.99300919,86.2
141.506,-1.16710807,-2.553522102,16.8991977,86.2
141.519,-1.167537312,-2.520565554,16.89300919,86.3
141.532,-1.167537312,-2.520565554,16.89300919,86.3
141.544,-1.168395795,-2.520565554,16.89300919,86.3
141.557,-1.167537312,-2.520565554,16.92299828,86.2
141.57,-1.167537312,-2.520565554,16.91680977,86.3
141.582,-1.167537312,-2.553522102,16.91680977,86.3
141.595,-1.167537312,-2.553522102,16.89300919,86.3
141.608,-1.167537312,-2.553522102,16.92299828,86.2
141.621,-1.168395795,-2.553522102,16.89300919,86.3
141.633,-1.167537312,-2.553522102,16.89300919,86.3
141.646,-1.167537312,-2.553522102,16.89300919,86.3
141.659,-1.167537312,-2.553522102,16.89300919,86.3
141.671,-1.167537312,-2.553522102,16.7991977,86.3
141.684,-1.167537312,-2.553522102,16.89300919,86.3
141.697,-1.167537312,-2.553522102,16.8991977,86.2
141.709,-1.167537312,-2.587699262,16.89300919,86.3
141.722,-1.168395795,-2.553522102,16.8991977,86.2
141.735,-1.168395795,-2.553522102,16.88682068,86.4
141.748,-1.167537312,-2.587699262,16.99300919,86.2
141.76,-1.168395795,-2.587699262,16.89300919,86.3
141.773,-1.167537312,-2.587699262,16.89300919,86.3
141.786,-1.167537312,-2.553522102,16.89300919,86.3
141.798,-1.167537312,-2.553522102,16.99300919,86.2
141.811,-1.167537312,-2.553522102,16.89300919,86.3
141.824,-1.167537312,-2.553522102,16.89300919,86.3
141.836,-1.167537312,-2.553522102,16.99300919,86.2
141.849,-1.16710807,-2.553522102,16.89300919,86.3
141.862,-1.167537312,-2.553522102,16.8991977,86.2
141.875,-1.167537312,-2.553522102,16.7991977,86.3
141.887,-1.167537312,-2.553522102,16.8991977,86.2
141.9,-1.167537312,-2.520565554,16.89300919,86.3
141.913,-1.168395795,-2.520565554,16.8991977,86.2
141.925,-1.167537312,-2.520565554,16.89300919,86.3
141.938,-1.167537312,-2.487609007,16.92299828,86.2
141.951,-1.167537312,-2.487609007,16.89300919,86.3
141.964,-1.167537312,-2.487609007,16.91680977,86.3
141.976,-1.168395795,-2.45465246,16.91680977,86.3
141.989,-1.168395795,-2.45465246,16.91680977,86.3
142.002,-1.167537312,-2.421695913,16.92299828,86.2
142.014,-1.167537312,-2.388739366,16.91680977,86.3
142.027,-1.167537312,-2.354562206,17.01680977,86.2
142.04,-1.167537312,-2.354562206,17.01062126,86.3
142.052,-1.168395795,-2.321605658,17.01680977,86.2
142.065,-1.168395795,-2.321605658,17.01062126,86.3
142.078,-1.168395795,-2.288649111,17.05251064,86.2
142.091,-1.168395795,-2.255692564,17.04632214,86.3
142.103,-1.168825037,-2.222736017,17.05251064,86.2
142.116,-1.168825037,-2.18977947,17.08202301,86.3
142.129,-1.16968352,-2.155602309,16.99440003,86.2
142.141,-1.168825037,-2.122645762,16.98821152,86.3
142.154,-1.16968352,-2.089689215,16.99440003,86.2
142.167,-1.168825037,-2.056732668,16.98821152,86.3
142.179,-1.16968352,-2.056732668,16.98821152,86.3
142.192,-1.16968352,-2.023776121,16.98821152,86.3
142.205,-1.16968352,-2.023776121,16.98821152,86.3
142.218,-1.16968352,-1.989598961,16.89440003,86.3
142.23,-1.16968352,-1.989598961,16.98821152,86.3
142.243,-1.16968352,-1.956642413,17.01820061,86.2
142.256,-1.16968352,-1.956642413,17.00582359,86.4
142.268,-1.16968352,-1.956642413,16.99440003,86.2
142.281,-1.16968352,-1.923685866,16.98821152,86.3
142.294,-1.16968352,-1.923685866,16.99440003,86.2
142.307,-1.16968352,-1.923685866,17.00582359,86.4
142.319,-1.16968352,-1.923685866,17.11820061,86.1
142.332,-1.16968352,-1.923685866,17.08202301,86.3
142.345,-1.170112762,-1.923685866,17.01820061,86.2
142.357,-1.170112762,-1.923685866,17.0120121,86.3
142.37,-1.170112762,-1.923685866,17.01820061,86.2
142.383,-1.170112762,-1.956642413,17.0120121,86.3
142.395,-1.170112762,-1.956642413,16.99440003,86.2
142.408,-1.170112762,-1.956642413,16.98821152,86.3
142.421,-1.170971245,-1.989598961,16.99440003,86.2
142.434,-1.170112762,-1.989598961,17.08202301,86.3
142.446,-1.170112762,-1.989598961,17.08202301,86.3
142.459,-1.170112762,-2.023776121,17.10582359,86.3
142.472,-1.170971245,-2.023776121,17.08821152,86.2
142.484,-1.170112762,-2.056732668,16.98821152,86.3
142.497,-1.170971245,-2.056732668,17.08821152,86.2
142.51,-1.16968352,-2.089689215,17.08821152,86.2
142.522,-1.170112762,-2.122645762,17.08821152,86.2
142.535,-1.16968352,-2.155602309,17.08821152,86.2
142.548,-1.170112762,-2.18977947,17.08821152,86.2
142.561,-1.16968352,-2.222736017,17.08821152,86.2
142.573,-1.170112762,-2.222736017,16.95251064,86.3
142.586,-1.16968352,-2.255692564,16.95869915,86.2
142.599,-1.170112762,-2.288649111,16.95251064,86.3
142.611,-1.16968352,-2.321605658,16.91680977,86.3
142.624,-1.170112762,-2.354562206,16.91680977,86.3
142.637,-1.16968352,-2.388739366,16.91680977,86.3
142.65,-1.16968352,-2.421695913,16.91680977,86.3
142.662,-1.16968352,-2.421695913,16.91680977,86.3
142.675,-1.16968352,-2.45465246,16.91680977,86.3
142.688,-1.16968352,-2.45465246,16.91680977,86.3
142.7,-1.16968352,-2.487609007,16.92299828,86.2
142.713,-1.16968352,-2.520565554,16.92299828,86.2
142.726,-1.16968352,-2.553522102,16.82299828,86.3
142.738,-1.170112762,-2.553522102,16.7991977,86.3
142.751,-1.16968352,-2.587699262,16.89300919,86.3
142.764,-1.16968352,-2.587699262,16.99300919,86.2
142.777,-1.16968352,-2.620655809,16.98682068,86.3
142.789,-1.170112762,-2.620655809,16.99300919,86.2
142.802,-1.16968352,-2.653612356,16.98682068,86.3
142.815,-1.16968352,-2.653612356,16.99300919,86.2
142.827,-1.16968352,-2.653612356,16.98682068,86.3
142.84,-1.16968352,-2.653612356,16.99300919,86.2
142.853,-1.16968352,-2.653612356,16.98682068,86.3
142.865,-1.16968352,-2.653612356,16.99300919,86.2
142.878,-1.168825037,-2.653612356,16.98682068,86.3
142.891,-1.16968352,-2.653612356,16.99300919,86.2
142.904,-1.16968352,-2.653612356,16.99300919,86.2
142.916,-1.16968352,-2.653612356,16.89300919,86.3
142.929,-1.16968352,-2.620655809,16.89300919,86.3
142.942,-1.16968352,-2.620655809,16.89300919,86.3
142.954,-1.16968352,-2.620655809,16.8991977,86.2
142.967,-1.16968352,-2.620655809,16.89300919,86.3
142.98,-1.16968352,-2.587699262,16.8991977,86.2
142.993,-1.16968352,-2.553522102,16.89300919,86.3
143.005,-1.16968352,-2.553522102,16.8991977,86.2
143.018,-1.16968352,-2.520565554,16.89300919,86.3
143.031,-1.16968352,-2.487609007,16.8991977,86.2
143.043,-1.16968352,-2.45465246,16.88682068,86.4
143.056,-1.170112762,-2.421695913,16.9053862,86.1
143.069,-1.16968352,-2.388739366,16.91680977,86.3
143.081,-1.170112762,-2.388739366,16.92299828,86.2
143.094,-1.16968352,-2.321605658,17.01680977,86.2
143.107,-1.170112762,-2.288649111,16.92299828,86.2
143.12,-1.16968352,-2.255692564,16.95869915,86.2
143.132,-1.170112762,-2.222736017,16.95869915,86.2
143.145,-1.16968352,-2.18977947,16.95869915,86.2
143.158,-1.16968352,-2.122645762,16.95869915,86.2
143.17,-1.16968352,-2.089689215,16.99440003,86.2
143.183,-1.16968352,-2.023776121,16.99440003,86.2
143.196,-1.16968352,-1.989598961,17.01820061,86.2
143.208,-1.16968352,-1.923685866,17.0120121,86.3
143.221,-1.16968352,-1.857772772,17.01820061,86.2
143.234,-1.16968352,-1.824816225,17.10582359,86.3
143.247,-1.170112762,-1.790639065,17.1120121,86.2
143.259,-1.170112762,-1.757682517,17.10582359,86.3
143.272,-1.170112762,-1.691769423,17.05390148,86.2
143.285,-1.170112762,-1.658812876,17.04771297,86.3
143.297,-1.170971245,-1.625856329,17.05390148,86.2
143.31,-1.170971245,-1.591679168,17.14771297,86.2
143.323,-1.170971245,-1.558722621,17.18960235,86.1
143.336,-1.170971245,-1.525766074,17.18341385,86.2
143.348,-1.171829728,-1.492809527,17.18960235,86.1
143.361,-1.171829728,-1.45985298,17.18341385,86.2
143.374,-1.17225897,-1.426896432,17.08960235,86.2
143.386,-1.171829728,-1.392719272,17.08341385,86.3
143.399,-1.17225897,-1.392719272,17.18341385,86.2
143.412,-1.17225897,-1.359762725,17.11911472,86.3
143.424,-1.173117453,-1.359762725,17.21911472,86.2
143.437,-1.17225897,-1.326806178,17.12530323,86.2
143.45,-1.173117453,-1.326806178,17.12530323,86.2
143.463,-1.17225897,-1.293849631,17.12530323,86.2
143.475,-1.173117453,-1.293849631,17.12530323,86.2
143.488,-1.17225897,-1.326806178,17.12530323,86.2
143.501,-1.173117453,-1.326806178,17.02530323,86.3
143.513,-1.17225897,-1.326806178,17.12530323,86.2
143.526,-1.17225897,-1.326806178,17.12530323,86.2
143.539,-1.17225897,-1.326806178,17.21911472,86.2
143.551,-1.173117453,-1.359762725,17.21911472,86.2
143.564,-1.17225897,-1.359762725,17.18341385,86.2
143.577,-1.173117453,-1.392719272,17.18341385,86.2
143.59,-1.17225897,-1.392719272,17.27722534,86.2
143.602,-1.17225897,-1.426896432,17.27722534,86.2
143.615,-1.17225897,-1.45985298,17.17722534,86.3
143.628,-1.173117453,-1.492809527,17.18341385,86.2
143.64,-1.17225897,-1.492809527,17.18341385,86.2
143.653,-1.173117453,-1.525766074,17.08341385,86.3
143.666,-1.17225897,-1.558722621,17.08960235,86.2
143.678,-1.17225897,-1.558722621,17.08341385,86.3
143.691,-1.173117453,-1.591679168,17.08960235,86.2
143.704,-1.17225897,-1.625856329,17.08341385,86.3
143.717,-1.17225897,-1.658812876,17.05390148,86.2
143.729,-1.17225897,-1.691769423,17.04771297,86.3
143.742,-1.17225897,-1.691769423,17.05390148,86.2
143.755,-1.17225897,-1.72472597,17.04771297,86.3
143.767,-1.173117453,-1.757682517,17.06008999,86.1
143.78,-1.171829728,-1.790639065,17.04771297,86.3
143.793,-1.17225897,-1.824816225,17.05390148,86.2
143.806,-1.17225897,-1.824816225,17.04771297,86.3
143.818,-1.173117453,-1.857772772,17.01820061,86.2
143.831,-1.17225897,-1.890729319,17.0120121,86.3
143.844,-1.173117453,-1.923685866,17.01820061,86.2
143.856,-1.17225897,-1.923685866,17.0120121,86.3
143.869,-1.173117453,-1.956642413,17.01820061,86.2
143.882,-1.17225897,-1.956642413,17.1120121,86.2
143.894,-1.17225897,-1.989598961,17.10582359,86.3
143.907,-1.17225897,-1.989598961,17.08821152,86.2
143.92,-1.17225897,-2.023776121,17.08821152,86.2
143.933,-1.17225897,-2.023776121,17.08821152,86.2
143.945,-1.17225897,-2.023776121,17.08202301,86.3
143.958,-1.17225897,-2.056732668,17.08821152,86.2
143.971,-1.17225897,-2.056732668,17.08202301,86.3
143.983,-1.17225897,-2.056732668,17.08821152,86.2
143.996,-1.17225897,-2.056732668,17.08202301,86.3
144.009,-1.17225897,-2.056732668,17.09440003,86.1
144.022,-1.17225897,-2.056732668,17.08202301,86.3
144.034,-1.173117453,-2.089689215,16.99440003,86.2
144.047,-1.17225897,-2.089689215,16.98821152,86.3
144.06,-1.173117453,-2.089689215,16.99440003,86.2
144.072,-1.17225897,-2.089689215,16.98821152,86.3
144.085,-1.173117453,-2.089689215,16.98821152,86.3
144.098,-1.17225897,-2.056732668,16.98821152,86.3
144.11,-1.173117453,-2.056732668,16.98821152,86.3
144.123,-1.17225897,-2.056732668,16.99440003,86.2
144.136,-1.173117453,-2.056732668,17.08821152,86.2
144.149,-1.17225897,-2.056732668,17.08821152,86.2
144.161,-1.17225897,-2.056732668,16.99440003,86.2
144.174,-1.17225897,-2.056732668,16.99440003,86.2
144.187,-1.17225897,-2.023776121,16.98821152,86.3
144.199,-1.17225897,-2.023776121,16.99440003,86.2
144.212,-1.17225897,-2.023776121,16.98821152,86.3
144.225,-1.17225897,-1.989598961,16.99440003,86.2
144.237,-1.17225897,-1.989598961,17.08202301,86.3
144.25,-1.173117453,-1.989598961,17.18821152,86.1
144.263,-1.17225897,-1.989598961,17.08202301,86.3
144.276,-1.17225897,-1.956642413,17.08821152,86.2
144.288,-1.17225897,-1.956642413,17.08202301,86.3
144.301,-1.173117453,-1.956642413,17.08821152,86.2
144.314,-1.17225897,-1.956642413,17.08821152,86.2
144.326,-1.17225897,-1.956642413,17.09440003,86.1
144.339,-1.17225897,-1.956642413,17.08821152,86.2
144.352,-1.173117453,-1.956642413,17.1120121,86.2
144.365,-1.17225897,-1.956642413,17.1120121,86.2
144.377,-1.17225897,-1.956642413,16.98821152,86.3
144.39,-1.17225897,-1.956642413,16.98821152,86.3
144.403,-1.17225897,-1.956642413,16.99440003,86.2
144.415,-1.17225897,-1.956642413,16.98821152,86.3
144.428,-1.17225897,-1.956642413,16.99440003,86.2
144.441,-1.17225897,-1.989598961,16.98821152,86.3
144.453,-1.17225897,-1.989598961,16.99440003,86.2
144.466,-1.17225897,-1.989598961,16.99440003,86.2
144.479,-1.17225897,-1.989598961,17.01820061,86.2
144.492,-1.17225897,-2.023776121,17.0120121,86.3
144.504,-1.173117453,-2.023776121,16.99440003,86.2
144.517,-1.17225897,-2.023776121,16.99440003,86.2
144.53,-1.17225897,-2.056732668,16.99440003,86.2
144.542,-1.171829728,-2.056732668,17.08202301,86.3
144.555,-1.17225897,-2.056732668,17.08821152,86.2
144.568,-1.17225897,-2.089689215,17.08202301,86.3
144.58,-1.17225897,-2.089689215,17.09440003,86.1
144.593,-1.17225897,-2.122645762,16.98821152,86.3
144.606,-1.17225897,-2.155602309,17.09440003,86.1
144.619,-1.17225897,-2.18977947,17.05251064,86.2
144.631,-1.17225897,-2.222736017,17.05251064,86.2
144.644,-1.17225897,-2.255692564,17.05251064,86.2
144.657,-1.171829728,-2.288649111,17.05251064,86.2
144.669,-1.171829728,-2.321605658,17.05869915,86.1
144.682,-1.171829728,-2.321605658,17.05251064,86.2
144.695,-1.170971245,-2.354562206,17.02299828,86.1
144.708,-1.170971245,-2.388739366,16.91680977,86.3
144.72,-1.171829728,-2.421695913,16.92299828,86.2
144.733,-1.170971245,-2.45465246,16.91680977,86.3
144.746,-1.171829728,-2.487609007,16.8991977,86.2
144.758,-1.170971245,-2.520565554,16.89300919,86.3
144.771,-1.171829728,-2.553522102,16.9053862,86.1
144.784,-1.170971245,-2.553522102,16.89300919,86.3
144.796,-1.171829728,-2.587699262,16.9053862,86.1
144.809,-1.170971245,-2.620655809,16.89300919,86.3
144.822,-1.171829728,-2.620655809,16.8991977,86.2
144.835,-1.170971245,-2.653612356,16.99300919,86.2
144.847,-1.170971245,-2.686568903,16.99300919,86.2
144.86,-1.170971245,-2.686568903,17.08682068,86.2
144.873,-1.170971245,-2.71952545,16.99300919,86.2
144.885,-1.170971245,-2.71952545,16.95730832,86.2
144.898,-1.170112762,-2.71952545,16.95111981,86.3
144.911,-1.170112762,-2.71952545,16.95730832,86.2
144.923,-1.170112762,-2.71952545,16.95111981,86.3
144.936,-1.170971245,-2.71952545,16.96349682,86.1
144.949,-1.170112762,-2.71952545,16.95111981,86.3
144.962,-1.170971245,-2.71952545,16.96349682,86.1
144.974,-1.170112762,-2.71952545,16.95730832,86.2
144.987,-1.170971245,-2.71952545,16.96349682,86.1
145,-1.170112762,-2.686568903,16.95730832,86.2
145.012,-1.170971245,-2.653612356,16.96349682,86.1
145.025,-1.170971245,-2.653612356,16.85730832,86.3
145.038,-1.170971245,-2.620655809,16.86349682,86.2
145.051,-1.170112762,-2.587699262,16.85730832,86.3
145.063,-1.170971245,-2.587699262,16.99300919,86.2
145.076,-1.170971245,-2.553522102,16.8991977,86.2
145.089,-1.170971245,-2.520565554,16.99300919,86.2
145.101,-1.170971245,-2.487609007,16.9991977,86.1
145.114,-1.170971245,-2.45465246,16.99300919,86.2
145.127,-1.170971245,-2.421695913,16.92299828,86.2
145.139,-1.170971245,-2.388739366,17.01680977,86.2
145.152,-1.170971245,-2.354562206,16.92299828,86.2
145.165,-1.170971245,-2.321605658,16.91680977,86.3
145.178,-1.170971245,-2.255692564,17.02299828,86.1
145.19,-1.171829728,-2.222736017,17.05251064,86.2
145.203,-1.171829728,-2.18977947,17.05251064,86.2
145.216,-1.170971245,-2.155602309,17.04632214,86.3
145.228,-1.170971245,-2.089689215,17.15251064,86.1
145.241,-1.170971245,-2.056732668,17.14632214,86.2
145.254,-1.171829728,-2.023776121,17.14632214,86.2
145.266,-1.171829728,-1.989598961,17.08821152,86.2
145.279,-1.171829728,-1.956642413,17.08821152,86.2
145.292,-1.170971245,-1.923685866,17.1120121,86.2
145.305,-1.171829728,-1.890729319,17.1120121,86.2
145.317,-1.170971245,-1.857772772,17.01820061,86.2
145.33,-1.171829728,-1.824816225,17.01820061,86.2
145.343,-1.170971245,-1.824816225,16.91820061,86.3
145.355,-1.171829728,-1.790639065,16.91820061,86.3
145.368,-1.170971245,-1.790639065,17.01820061,86.2
145.381,-1.171829728,-1.757682517,17.01820061,86.2
145.393,-1.170971245,-1.757682517,17.01820061,86.2
145.406,-1.171829728,-1.757682517,17.01820061,86.2
145.419,-1.170971245,-1.72472597,17.0120121,86.3
145.432,-1.171829728,-1.72472597,17.01820061,86.2
145.444,-1.171829728,-1.72472597,17.0120121,86.3
145.457,-1.171829728,-1.72472597,17.01820061,86.2
145.47,-1.171829728,-1.72472597,17.01820061,86.2
145.482,-1.17225897,-1.72472597,17.01820061,86.2
145.495,-1.171829728,-1.757682517,17.01820061,86.2
145.508,-1.17225897,-1.757682517,17.01820061,86.2
145.521,-1.171829728,-1.757682517,17.0120121,86.3
145.533,-1.171829728,-1.757682517,17.01820061,86.2
145.546,-1.171829728,-1.757682517,17.0120121,86.3
145.559,-1.171829728,-1.790639065,17.01820061,86.2
145.571,-1.171829728,-1.824816225,17.0120121,86.3
145.584,-1.171829728,-1.824816225,17.1120121,86.2
145.597,-1.171829728,-1.824816225,17.1120121,86.2
145.609,-1.171829728,-1.857772772,17.01820061,86.2
145.622,-1.171829728,-1.890729319,17.01820061,86.2
145.635,-1.171829728,-1.923685866,17.0120121,86.3
145.648,-1.171829728,-1.956642413,17.11820061,86.1
145.66,-1.170971245,-1.989598961,16.98821152,86.3
145.673,-1.171829728,-2.023776121,17.09440003,86.1
145.686,-1.170971245,-2.056732668,17.08821152,86.2
145.698,-1.171829728,-2.089689215,17.09440003,86.1
145.711,-1.170971245,-2.122645762,16.98821152,86.3
145.724,-1.171829728,-2.122645762,16.99440003,86.2
145.737,-1.170971245,-2.155602309,16.98821152,86.3
145.749,-1.171829728,-2.18977947,16.95869915,86.2
145.762,-1.171829728,-2.222736017,16.95251064,86.3
145.775,-1.171829728,-2.255692564,16.95869915,86.2
145.787,-1.170971245,-2.288649111,16.95251064,86.3
145.8,-1.170971245,-2.354562206,16.92299828,86.2
145.813,-1.170971245,-2.388739366,16.91680977,86.3
145.825,-1.170971245,-2.421695913,16.91680977,86.3
145.838,-1.170971245,-2.487609007,16.92299828,86.2
145.851,-1.170971245,-2.520565554,16.8991977,86.2
145.864,-1.170971245,-2.553522102,16.8991977,86.2
145.876,-1.170971245,-2.587699262,16.98682068,86.3
145.889,-1.170971245,-2.620655809,17.09300919,86.1
145.902,-1.170112762,-2.653612356,16.99300919,86.2
145.914,-1.170971245,-2.686568903,16.8991977,86.2
145.927,-1.170971245,-2.752481998,16.85730832,86.3
145.94,-1.170971245,-2.786659158,16.9991977,86.1
145.952,-1.170112762,-2.786659158,16.95730832,86.2
145.965,-1.170971245,-2.819615705,16.96349682,86.1
145.978,-1.170112762,-2.852572252,16.95730832,86.2
145.991,-1.170971245,-2.852572252,16.95730832,86.2
146.003,-1.170112762,-2.885528799,16.95730832,86.2
146.016,-1.170112762,-2.885528799,16.92160744,86.2
146.029,-1.170112762,-2.918485347,16.82779595,86.2
146.041,-1.170112762,-2.918485347,16.92160744,86.2
146.054,-1.170112762,-2.918485347,16.96349682,86.1
146.067,-1.170112762,-2.918485347,16.82160744,86.3
146.079,-1.170112762,-2.918485347,16.86349682,86.2
146.092,-1.170112762,-2.918485347,16.82160744,86.3
146.105,-1.170112762,-2.885528799,16.86349682,86.2
146.118,-1.16968352,-2.885528799,16.85730832,86.3
146.13,-1.170112762,-2.852572252,16.96349682,86.1
146.143,-1.170112762,-2.852572252,16.95111981,86.3
146.156,-1.170112762,-2.852572252,16.96349682,86.1
146.168,-1.170112762,-2.819615705,16.95730832,86.2
146.181,-1.170971245,-2.819615705,16.95730832,86.2
146.194,-1.170971245,-2.786659158,16.95730832,86.2
146.207,-1.170971245,-2.752481998,16.95730832,86.2
146.219,-1.170112762,-2.71952545,16.95730832,86.2
146.232,-1.170971245,-2.686568903,16.95730832,86.2
146.245,-1.170112762,-2.653612356,16.95730832,86.2
146.257,-1.170971245,-2.620655809,16.99300919,86.2
146.27,-1.170112762,-2.587699262,16.99300919,86.2
146.283,-1.170971245,-2.553522102,16.99300919,86.2
146.295,-1.170112762,-2.520565554,16.8991977,86.2
146.308,-1.170112762,-2.487609007,16.89300919,86.3
146.321,-1.170112762,-2.45465246,16.8991977,86.2
146.334,-1.170112762,-2.421695913,16.8991977,86.2
146.346,-1.16968352,-2.388739366,16.8991977,86.2
146.359,-1.170112762,-2.388739366,16.92299828,86.2
146.372,-1.16968352,-2.354562206,16.92299828,86.2
146.384,-1.170112762,-2.321605658,16.92299828,86.2
146.397,-1.170112762,-2.321605658,16.91680977,86.3
146.41,-1.170112762,-2.288649111,17.01680977,86.2
146.422,-1.170112762,-2.288649111,17.01680977,86.2
146.435,-1.170112762,-2.255692564,17.01680977,86.2
146.448,-1.170112762,-2.255692564,17.14632214,86.2
146.461,-1.170971245,-2.222736017,17.05251064,86.2
146.473,-1.170112762,-2.222736017,17.14632214,86.2
146.486,-1.170971245,-2.222736017,17.11062126,86.2
146.499,-1.170971245,-2.18977947,17.14632214,86.2
146.511,-1.170971245,-2.18977947,17.14632214,86.2
146.524,-1.170971245,-2.18977947,17.14632214,86.2
146.537,-1.170971245,-2.18977947,17.15251064,86.1
146.55,-1.170971245,-2.222736017,17.05251064,86.2
146.562,-1.170971245,-2.222736017,17.05251064,86.2
146.575,-1.170971245,-2.222736017,17.05251064,86.2
146.588,-1.170112762,-2.222736017,17.05251064,86.2
146.6,-1.170971245,-2.255692564,17.05251064,86.2
146.613,-1.170112762,-2.288649111,17.01680977,86.2
146.626,-1.170112762,-2.288649111,17.02299828,86.1
146.638,-1.170112762,-2.321605658,17.01680977,86.2
146.651,-1.170971245,-2.321605658,17.02299828,86.1
146.664,-1.170112762,-2.354562206,16.91680977,86.3
146.677,-1.170971245,-2.388739366,17.02299828,86.1
146.689,-1.170112762,-2.421695913,17.01680977,86.2
146.702,-1.170112762,-2.45465246,17.02299828,86.1
146.715,-1.170112762,-2.487609007,17.01680977,86.2
146.727,-1.170971245,-2.520565554,17.01680977,86.2
146.74,-1.170112762,-2.520565554,16.99300919,86.2
146.753,-1.170112762,-2.587699262,16.99300919,86.2
146.766,-1.170112762,-2.620655809,17.01680977,86.2
146.778,-1.170112762,-2.653612356,16.89300919,86.3
146.791,-1.170112762,-2.686568903,16.8991977,86.2
146.804,-1.170112762,-2.71952545,16.85730832,86.3
146.816,-1.170112762,-2.752481998,16.86968533,86.1
146.829,-1.170112762,-2.786659158,16.85730832,86.3
146.842,-1.170112762,-2.852572252,16.86968533,86.1
146.854,-1.16968352,-2.885528799,16.82160744,86.3
146.867,-1.170112762,-2.918485347,16.83398446,86.1
146.88,-1.16968352,-2.985619054,16.82160744,86.3
146.893,-1.170112762,-3.018575601,16.83398446,86.1
146.905,-1.170112762,-3.084488695,16.82160744,86.3
146.918,-1.16968352,-3.117445243,16.83398446,86.1
146.931,-1.168825037,-3.151622403,16.79209508,86.2
146.943,-1.16968352,-3.18457895,16.89209508,86.1
146.956,-1.168825037,-3.250492044,16.88590657,86.2
146.969,-1.168825037,-3.283448591,16.95591748,86.2
146.981,-1.168395795,-3.316405139,16.98590657,86.1
146.994,-1.168395795,-3.350582299,16.87971806,86.3
147.007,-1.168395795,-3.383538846,16.86210599,86.2
147.02,-1.168395795,-3.416495393,16.85591748,86.3
147.032,-1.167537312,-3.44945194,16.86829449,86.1
147.045,-1.168395795,-3.482408487,16.86210599,86.2
147.058,-1.167537312,-3.515365035,16.86829449,86.1
147.07,-1.167537312,-3.549542195,16.86210599,86.2
147.083,-1.167537312,-3.549542195,16.83259362,86.1
147.096,-1.167537312,-3.582498742,16.82640511,86.2
147.108,-1.167537312,-3.582498742,16.86829449,86.1
147.121,-1.167537312,-3.615455289,16.82640511,86.2
147.134,-1.167537312,-3.615455289,16.83259362,86.1
147.147,-1.167537312,-3.615455289,16.82640511,86.2
147.159,-1.167537312,-3.615455289,16.73259362,86.2
147.172,-1.16710807,-3.615455289,16.73259362,86.2
147.185,-1.167537312,-3.615455289,16.73259362,86.2
147.197,-1.167537312,-3.615455289,16.82640511,86.2
147.21,-1.167537312,-3.582498742,16.83259362,86.1
147.223,-1.167537312,-3.582498742,16.73259362,86.2
147.236,-1.167537312,-3.549542195,16.76829449,86.2
147.248,-1.16710807,-3.515365035,16.76829449,86.2
147.261,-1.167537312,-3.482408487,16.86210599,86.2
147.274,-1.16710807,-3.44945194,16.96210599,86.1
147.286,-1.167537312,-3.416495393,16.95591748,86.2
147.299,-1.16710807,-3.383538846,16.86210599,86.2
147.312,-1.167537312,-3.350582299,16.86829449,86.1
147.324,-1.16710807,-3.316405139,16.86210599,86.2
147.337,-1.167537312,-3.316405139,16.86829449,86.1
147.35,-1.16710807,-3.250492044,16.86829449,86.1
147.363,-1.167537312,-3.217535497,16.89209508,86.1
147.375,-1.16710807,-3.18457895,16.88590657,86.2
147.388,-1.167537312,-3.151622403,16.88590657,86.2
147.401,-1.16710807,-3.117445243,16.88590657,86.2
147.413,-1.167537312,-3.051532148,16.89209508,86.1
147.426,-1.167537312,-3.018575601,16.88590657,86.2
147.439,-1.167537312,-2.985619054,16.92160744,86.2
147.452,-1.167537312,-2.918485347,16.92160744,86.2
147.464,-1.167537312,-2.885528799,16.92779595,86.1
147.477,-1.167537312,-2.852572252,16.92779595,86.1
147.49,-1.167537312,-2.819615705,16.96349682,86.1
147.502,-1.167537312,-2.786659158,16.86349682,86.2
147.515,-1.167537312,-2.752481998,16.95730832,86.2
147.528,-1.167537312,-2.71952545,16.86349682,86.2
147.54,-1.167537312,-2.653612356,16.85730832,86.3
147.553,-1.168395795,-2.653612356,16.86349682,86.2
147.566,-1.167537312,-2.620655809,16.99300919,86.2
147.579,-1.168395795,-2.587699262,16.9991977,86.1
147.591,-1.167537312,-2.553522102,17.08682068,86.2
147.604,-1.168395795,-2.520565554,17.0991977,86
147.617,-1.168395795,-2.487609007,16.98682068,86.3
147.629,-1.168825037,-2.45465246,17.01680977,86.2
147.642,-1.168395795,-2.421695913,17.11062126,86.2
147.655,-1.168825037,-2.421695913,17.11680977,86.1
147.667,-1.168395795,-2.388739366,16.98682068,86.3
147.68,-1.168825037,-2.354562206,17.01680977,86.2
147.693,-1.168825037,-2.354562206,17.01680977,86.2
147.706,-1.168825037,-2.321605658,17.01680977,86.2
147.718,-1.168395795,-2.321605658,17.02299828,86.1
147.731,-1.168395795,-2.288649111,17.01680977,86.2
147.744,-1.168395795,-2.288649111,17.02299828,86.1
147.756,-1.168395795,-2.288649111,17.01680977,86.2
147.769,-1.168825037,-2.288649111,16.92299828,86.2
147.782,-1.168825037,-2.288649111,16.91680977,86.3
147.794,-1.168825037,-2.255692564,17.02299828,86.1
147.807,-1.168825037,-2.255692564,16.91680977,86.3
147.82,-1.168825037,-2.255692564,16.92918679,86.1
147.833,-1.168825037,-2.255692564,17.05251064,86.2
147.845,-1.16968352,-2.255692564,16.95869915,86.2
147.858,-1.16968352,-2.255692564,17.05251064,86.2
147.871,-1.16968352,-2.255692564,16.92299828,86.2
147.883,-1.168825037,-2.255692564,17.01680977,86.2
147.896,-1.168825037,-2.255692564,17.02299828,86.1
147.909,-1.168825037,-2.288649111,17.01680977,86.2
147.922,-1.16968352,-2.288649111,17.01680977,86.2
147.934,-1.168825037,-2.288649111,17.01680977,86.2
147.947,-1.168825037,-2.288649111,17.15251064,86.1
147.96,-1.168825037,-2.321605658,17.11680977,86.1
147.972,-1.168825037,-2.321605658,17.11062126,86.2
147.985,-1.168825037,-2.321605658,17.11680977,86.1
147.998,-1.16968352,-2.321605658,17.11062126,86.2
148.01,-1.168825037,-2.354562206,17.11680977,86.1
148.023,-1.168825037,-2.354562206,17.01680977,86.2
148.036,-1.168825037,-2.354562206,17.02299828,86.1
148.049,-1.168825037,-2.388739366,17.01680977,86.2
148.061,-1.168825037,-2.388739366,17.02299828,86.1
148.074,-1.168825037,-2.421695913,17.01680977,86.2
148.087,-1.168825037,-2.421695913,16.9991977,86.1
148.099,-1.16968352,-2.45465246,16.99300919,86.2
148.112,-1.16968352,-2.45465246,16.9991977,86.1
148.125,-1.16968352,-2.487609007,16.99300919,86.2
148.137,-1.16968352,-2.487609007,16.9991977,86.1
148.15,-1.168825037,-2.487609007,16.99300919,86.2
148.163,-1.16968352,-2.487609007,16.9991977,86.1
148.176,-1.168825037,-2.487609007,16.99300919,86.2
148.188,-1.168825037,-2.520565554,16.9991977,86.1
148.201,-1.168825037,-2.520565554,16.99300919,86.2
148.214,-1.16968352,-2.520565554,16.9991977,86.1
148.226,-1.168825037,-2.520565554,16.99300919,86.2
148.239,-1.16968352,-2.520565554,16.9991977,86.1
148.252,-1.168825037,-2.520565554,17.01680977,86.2
148.265,-1.168825037,-2.520565554,17.02299828,86.1
148.277,-1.168825037,-2.520565554,16.9991977,86.1
148.29,-1.168825037,-2.520565554,16.8991977,86.2
148.303,-1.168395795,-2.520565554,16.99300919,86.2
148.315,-1.168825037,-2.520565554,16.9991977,86.1
148.328,-1.168395795,-2.520565554,16.99300919,86.2
148.341,-1.168825037,-2.520565554,16.9991977,86.1
148.353,-1.168395795,-2.487609007,16.99300919,86.2
148.366,-1.168825037,-2.487609007,17.09300919,86.1
148.379,-1.168825037,-2.487609007,17.08682068,86.2
148.392,-1.168825037,-2.487609007,16.9991977,86.1
148.404,-1.168825037,-2.45465246,16.99300919,86.2
148.417,-1.168825037,-2.45465246,16.9991977,86.1
148.43,-1.168825037,-2.45465246,17.01680977,86.2
148.442,-1.168825037,-2.421695913,17.01680977,86.2
148.455,-1.168825037,-2.421695913,17.01680977,86.2
148.468,-1.168825037,-2.421695913,16.99300919,86.2
148.48,-1.168825037,-2.388739366,16.9991977,86.1
148.493,-1.168825037,-2.388739366,17.01680977,86.2
148.506,-1.168825037,-2.354562206,17.02299828,86.1
148.519,-1.168395795,-2.354562206,17.01680977,86.2
148.531,-1.168825037,-2.354562206,17.02299828,86.1
148.544,-1.168395795,-2.321605658,17.01680977,86.2
148.557,-1.168825037,-2.321605658,17.02299828,86.1
148.569,-1.168825037,-2.288649111,17.01680977,86.2
148.582,-1.16968352,-2.288649111,16.92918679,86.1
148.595,-1.168825037,-2.288649111,17.01680977,86.2
148.608,-1.16968352,-2.255692564,17.02299828,86.1
148.62,-1.168825037,-2.255692564,17.01680977,86.2
148.633,-1.16968352,-2.255692564,16.92299828,86.2
148.646,-1.16968352,-2.255692564,17.01680977,86.2
148.658,-1.16968352,-2.222736017,17.15251064,86.1
148.671,-1.168825037,-2.222736017,17.11680977,86.1
148.684,-1.16968352,-2.222736017,17.05869915,86.1
148.696,-1.168825037,-2.18977947,17.05869915,86.1
148.709,-1.168825037,-2.18977947,17.05251064,86.2
148.722,-1.16968352,-2.18977947,17.05869915,86.1
148.735,-1.168825037,-2.18977947,17.05251064,86.2
148.747,-1.168825037,-2.155602309,17.05869915,86.1
148.76,-1.168825037,-2.155602309,17.05251064,86.2
148.773,-1.168825037,-2.155602309,17.05869915,86.1
148.785,-1.168825037,-2.155602309,17.05251064,86.2
148.798,-1.16968352,-2.122645762,17.05869915,86.1
148.811,-1.168825037,-2.122645762,17.05251064,86.2
148.823,-1.16968352,-2.122645762,17.05869915,86.1
148.836,-1.16968352,-2.122645762,17.05251064,86.2
148.849,-1.16968352,-2.089689215,17.05869915,86.1
148.862,-1.16968352,-2.089689215,17.05869915,86.1
148.874,-1.16968352,-2.089689215,16.95869915,86.2
148.887,-1.16968352,-2.089689215,16.95869915,86.2
148.9,-1.16968352,-2.089689215,16.95869915,86.2
148.912,-1.16968352,-2.089689215,17.05869915,86.1
148.925,-1.16968352,-2.056732668,17.05869915,86.1
148.938,-1.16968352,-2.056732668,17.09440003,86.1
148.951,-1.16968352,-2.056732668,17.08821152,86.2
148.963,-1.168825037,-2.056732668,17.15251064,86.1
148.976,-1.16968352,-2.023776121,17.18821152,86.1
148.989,-1.16968352,-2.023776121,17.18821152,86.1
149.001,-1.170112762,-2.023776121,17.18202301,86.2
149.014,-1.16968352,-2.023776121,17.18821152,86.1
149.027,-1.170112762,-2.023776121,17.18821152,86.1
149.039,-1.16968352,-2.023776121,17.18821152,86.1
149.052,-1.170112762,-2.023776121,17.08821152,86.2
149.065,-1.16968352,-2.023776121,17.08821152,86.2
149.078,-1.170112762,-2.023776121,17.05251064,86.2
149.09,-1.170112762,-2.023776121,17.05869915,86.1
149.103,-1.16968352,-2.023776121,16.99440003,86.2
149.116,-1.170112762,-2.023776121,16.99440003,86.2
149.128,-1.170112762,-2.023776121,16.99440003,86.2
149.141,-1.170112762,-2.023776121,17.09440003,86.1
149.154,-1.16968352,-2.023776121,17.09440003,86.1
149.166,-1.170112762,-2.056732668,17.05869915,86.1
149.179,-1.16968352,-2.056732668,17.09440003,86.1
149.192,-1.170112762,-2.056732668,17.09440003,86.1
149.205,-1.16968352,-2.056732668,17.08821152,86.2
149.217,-1.16968352,-2.056732668,17.09440003,86.1
149.23,-1.16968352,-2.089689215,17.18202301,86.2
149.243,-1.16968352,-2.089689215,17.18821152,86.1
149.255,-1.168825037,-2.089689215,17.15251064,86.1
149.268,-1.16968352,-2.089689215,17.05869915,86.1
149.281,-1.16968352,-2.089689215,17.05251064,86.2
149.294,-1.170112762,-2.089689215,17.05869915,86.1
149.306,-1.16968352,-2.122645762,17.04632214,86.3
149.319,-1.170112762,-2.122645762,17.05869915,86.1
149.332,-1.16968352,-2.155602309,17.08202301,86.3
149.344,-1.170112762,-2.155602309,17.05869915,86.1
149.357,-1.16968352,-2.18977947,17.05251064,86.2
149.37,-1.170112762,-2.18977947,17.05869915,86.1
149.382,-1.16968352,-2.18977947,17.05251064,86.2
149.395,-1.170112762,-2.222736017,17.05869915,86.1
149.408,-1.170112762,-2.222736017,17.05251064,86.2
149.421,-1.16968352,-2.222736017,17.05251064,86.2
149.433,-1.16968352,-2.222736017,17.05869915,86.1
149.446,-1.16968352,-2.255692564,17.05869915,86.1
149.459,-1.16968352,-2.255692564,17.05869915,86.1
149.471,-1.168825037,-2.255692564,17.05869915,86.1
149.484,-1.16968352,-2.288649111,17.02299828,86.1
149.497,-1.16968352,-2.288649111,17.01680977,86.2
149.509,-1.16968352,-2.288649111,17.02299828,86.1
149.522,-1.16968352,-2.321605658,17.01062126,86.3
149.535,-1.16968352,-2.321605658,17.11680977,86.1
149.548,-1.16968352,-2.321605658,17.11062126,86.2
149.56,-1.170112762,-2.321605658,17.12299828,86
149.573,-1.16968352,-2.354562206,17.11062126,86.2
149.586,-1.170112762,-2.354562206,17.11680977,86.1
149.598,-1.16968352,-2.388739366,17.11062126,86.2
149.611,-1.170112762,-2.388739366,17.11680977,86.1
149.624,-1.16968352,-2.388739366,17.11680977,86.1
149.637,-1.170112762,-2.421695913,17.01680977,86.2
149.649,-1.16968352,-2.421695913,17.02299828,86.1
149.662,-1.170112762,-2.421695913,17.01680977,86.2
149.675,-1.16968352,-2.45465246,17.02299828,86.1
149.687,-1.16968352,-2.45465246,16.99300919,86.2
149.7,-1.16968352,-2.45465246,17.02299828,86.1
149.713,-1.16968352,-2.45465246,17.01680977,86.2
149.725,-1.16968352,-2.487609007,16.9991977,86.1
149.738,-1.16968352,-2.487609007,16.99300919,86.2
149.751,-1.170112762,-2.487609007,16.9991977,86.1
149.764,-1.16968352,-2.520565554,16.99300919,86.2
149.776,-1.170112762,-2.520565554,16.9991977,86.1
149.789,-1.16968352,-2.520565554,16.99300919,86.2
149.802,-1.170112762,-2.520565554,17.02299828,86.1
149.814,-1.16968352,-2.520565554,16.99300919,86.2
149.827,-1.170112762,-2.553522102,16.99300919,86.2
149.84,-1.16968352,-2.553522102,17.09300919,86.1
149.852,-1.170112762,-2.520565554,17.08682068,86.2
149.865,-1.16968352,-2.520565554,16.99300919,86.2
149.878,-1.16968352,-2.553522102,16.99300919,86.2
149.891,-1.16968352,-2.553522102,16.99300919,86.2
149.903,-1.170112762,-2.553522102,16.99300919,86.2
149.916,-1.16968352,-2.553522102,16.9991977,86.1
149.929,-1.170112762,-2.553522102,16.99300919,86.2
149.941,-1.16968352,-2.553522102,16.99300919,86.2
149.954,-1.16968352,-2.553522102,16.99300919,86.2
149.967,-1.16968352,-2.553522102,16.99300919,86.2
149.98,-1.16968352,-2.553522102,17.09300919,86.1
149.992,-1.16968352,-2.520565554,16.99300919,86.2
150.005,-1.16968352,-2.520565554,16.99300919,86.2
150.018,-1.16968352,-2.520565554,16.99300919,86.2
150.03,-1.170112762,-2.487609007,16.99300919,86.2
150.043,-1.16968352,-2.487609007,16.99300919,86.2
150.056,-1.16968352,-2.487609007,16.9991977,86.1
150.068,-1.16968352,-2.487609007,17.01680977,86.2
150.081,-1.16968352,-2.45465246,16.99300919,86.2
150.094,-1.170112762,-2.45465246,16.99300919,86.2
150.107,-1.170112762,-2.421695913,17.02299828,86.1
150.119,-1.170112762,-2.388739366,17.02299828,86.1
150.132,-1.16968352,-2.354562206,17.11680977,86.1
150.145,-1.16968352,-2.354562206,17.11680977,86.1
150.157,-1.16968352,-2.321605658,17.21062126,86.1
150.17,-1.16968352,-2.321605658,17.11680977,86.1
150.183,-1.168825037,-2.288649111,17.11680977,86.1
150.195,-1.16968352,-2.288649111,17.11680977,86.1
150.208,-1.16968352,-2.288649111,17.11680977,86.1
150.221,-1.16968352,-2.255692564,17.11680977,86.1
150.234,-1.16968352,-2.222736017,17.15251064,86.1
150.246,-1.16968352,-2.222736017,17.05869915,86.1
150.259,-1.168825037,-2.18977947,17.01680977,86.2
150.272,-1.16968352,-2.18977947,17.02299828,86.1
150.284,-1.168825037,-2.155602309,17.05251064,86.2
150.297,-1.16968352,-2.122645762,16.95869915,86.2
150.31,-1.16968352,-2.089689215,16.95251064,86.3
150.323,-1.16968352,-2.056732668,17.09440003,86.1
150.335,-1.16968352,-2.023776121,17.08821152,86.2
150.348,-1.170112762,-2.023776121,17.09440003,86.1
150.361,-1.170112762,-2.023776121,17.08821152,86.2
150.373,-1.170112762,-1.989598961,17.05251064,86.2
150.386,-1.170112762,-1.989598961,17.09440003,86.1
150.399,-1.16968352,-1.956642413,17.18202301,86.2
150.411,-1.16968352,-1.923685866,17.28202301,86.1
150.424,-1.16968352,-1.890729319,17.28202301,86.1
150.437,-1.170112762,-1.890729319,17.18821152,86.1
150.45,-1.16968352,-1.857772772,17.20582359,86.2
150.462,-1.170112762,-1.857772772,17.2120121,86.1
150.475,-1.16968352,-1.824816225,17.20582359,86.2
150.488,-1.170112762,-1.824816225,17.11820061,86.1
150.5,-1.170112762,-1.824816225,17.1120121,86.2
150.513,-1.170112762,-1.824816225,17.11820061,86.1
150.526,-1.170112762,-1.790639065,17.1120121,86.2
150.538,-1.170971245,-1.790639065,17.11820061,86.1
150.551,-1.170971245,-1.790639065,17.1120121,86.2
150.564,-1.170971245,-1.790639065,17.11820061,86.1
150.577,-1.170112762,-1.790639065,17.11820061,86.1
150.589,-1.170112762,-1.790639065,17.1120121,86.2
150.602,-1.170112762,-1.790639065,17.11820061,86.1
150.615,-1.170112762,-1.790639065,17.01820061,86.2
150.627,-1.170112762,-1.790639065,17.11820061,86.1
150.64,-1.170112762,-1.790639065,17.1120121,86.2
150.653,-1.170112762,-1.790639065,17.11820061,86.1
150.666,-1.170112762,-1.790639065,17.20582359,86.2
150.678,-1.170971245,-1.790639065,17.2120121,86.1
150.691,-1.170112762,-1.790639065,17.20582359,86.2
150.704,-1.170971245,-1.790639065,17.21820061,86
150.716,-1.170971245,-1.790639065,17.2120121,86.1
150.729,-1.170971245,-1.790639065,17.21820061,86
150.742,-1.170971245,-1.824816225,17.2120121,86.1
150.754,-1.171829728,-1.824816225,17.2120121,86.1
150.767,-1.170971245,-1.824816225,17.2120121,86.1
150.78,-1.171829728,-1.824816225,17.1120121,86.2
150.793,-1.170971245,-1.857772772,17.11820061,86.1
150.805,-1.170971245,-1.857772772,17.1120121,86.2
150.818,-1.170112762,-1.890729319,17.11820061,86.1
150.831,-1.170112762,-1.890729319,17.1120121,86.2
150.843,-1.170112762,-1.923685866,17.1120121,86.2
150.856,-1.170971245,-1.956642413,17.1120121,86.2
150.869,-1.170112762,-1.956642413,17.09440003,86.1
150.881,-1.170112762,-1.989598961,17.08821152,86.2
150.894,-1.170112762,-2.023776121,17.09440003,86.1
150.907,-1.170971245,-2.023776121,17.08821152,86.2
150.92,-1.170112762,-2.056732668,17.09440003,86.1
150.932,-1.170971245,-2.089689215,17.08821152,86.2
150.945,-1.170971245,-2.089689215,17.08821152,86.2
150.958,-1.170971245,-2.122645762,17.08821152,86.2
150.97,-1.170971245,-2.155602309,17.05869915,86.1
150.983,-1.170971245,-2.18977947,17.05869915,86.1
150.996,-1.170112762,-2.18977947,17.05869915,86.1
151.009,-1.170971245,-2.222736017,17.15251064,86.1
151.021,-1.170971245,-2.255692564,17.14632214,86.2
151.034,-1.170971245,-2.288649111,17.14632214,86.2
151.047,-1.170971245,-2.321605658,17.11062126,86.2
151.059,-1.170971245,-2.354562206,17.15251064,86.1
151.072,-1.170971245,-2.388739366,17.15251064,86.1
151.085,-1.170971245,-2.421695913,17.11680977,86.1
151.097,-1.170971245,-2.45465246,17.11680977,86.1
151.11,-1.170112762,-2.487609007,17.01680977,86.2
151.123,-1.170112762,-2.520565554,16.99300919,86.2
151.136,-1.16968352,-2.553522102,16.99300919,86.2
151.148,-1.170112762,-2.587699262,16.9991977,86.1
151.161,-1.170112762,-2.587699262,16.9991977,86.1
151.174,-1.170112762,-2.620655809,16.9991977,86.1
151.186,-1.16968352,-2.653612356,16.9991977,86.1
151.199,-1.170112762,-2.686568903,16.96349682,86.1
151.212,-1.16968352,-2.71952545,16.95730832,86.2
151.224,-1.170112762,-2.71952545,16.96349682,86.1
151.237,-1.16968352,-2.752481998,16.96349682,86.1
151.25,-1.170112762,-2.786659158,16.86349682,86.2
151.263,-1.16968352,-2.786659158,16.86349682,86.2
151.275,-1.170112762,-2.819615705,16.96349682,86.1
151.288,-1.16968352,-2.819615705,16.92160744,86.2
151.301,-1.170112762,-2.819615705,17.05730832,86.1
151.313,-1.16968352,-2.852572252,17.11541894,86.1
151.326,-1.16968352,-2.852572252,17.15111981,86.1
151.339,-1.16968352,-2.852572252,17.05730832,86.1
151.352,-1.16968352,-2.852572252,17.05730832,86.1
151.364,-1.16968352,-2.852572252,17.02779595,86
151.377,-1.16968352,-2.852572252,17.02160744,86.1
151.39,-1.16968352,-2.852572252,17.02779595,86
151.402,-1.16968352,-2.852572252,17.05730832,86.1
151.415,-1.16968352,-2.852572252,16.92779595,86.1
151.428,-1.16968352,-2.819615705,16.95730832,86.2
151.44,-1.170112762,-2.819615705,16.96349682,86.1
151.453,-1.16968352,-2.819615705,16.92160744,86.2
151.466,-1.170112762,-2.819615705,16.96349682,86.1
151.479,-1.16968352,-2.786659158,16.92160744,86.2
151.491,-1.170112762,-2.786659158,16.96349682,86.1
151.504,-1.16968352,-2.786659158,16.95730832,86.2
151.517,-1.16968352,-2.786659158,16.95730832,86.2
151.529,-1.16968352,-2.752481998,16.96349682,86.1
151.542,-1.16968352,-2.752481998,16.92160744,86.2
151.555,-1.16968352,-2.752481998,16.92779595,86.1
151.567,-1.16968352,-2.752481998,16.95730832,86.2
151.58,-1.16968352,-2.752481998,16.96968533,86
151.593,-1.16968352,-2.71952545,16.95730832,86.2
151.606,-1.16968352,-2.71952545,16.96968533,86
151.618,-1.168825037,-2.686568903,16.95730832,86.2
151.631,-1.16968352,-2.686568903,17.05730832,86.1
151.644,-1.16968352,-2.653612356,17.1449313,86.2
151.656,-1.16968352,-2.653612356,17.06349682,86
151.669,-1.16968352,-2.653612356,16.95730832,86.2
151.682,-1.170112762,-2.653612356,16.96349682,86.1
151.695,-1.16968352,-2.620655809,17.05730832,86.1
151.707,-1.170112762,-2.620655809,17.06349682,86
151.72,-1.16968352,-2.620655809,17.05730832,86.1
151.733,-1.170112762,-2.620655809,16.96349682,86.1
151.745,-1.16968352,-2.587699262,17.05730832,86.1
151.758,-1.170112762,-2.587699262,17.05730832,86.1
151.771,-1.16968352,-2.587699262,17.06349682,86
151.783,-1.170112762,-2.587699262,16.96349682,86.1
151.796,-1.16968352,-2.587699262,16.96349682,86.1
151.809,-1.170112762,-2.587699262,16.99300919,86.2
151.822,-1.16968352,-2.587699262,16.9991977,86.1
151.834,-1.170112762,-2.587699262,17.09300919,86.1
151.847,-1.16968352,-2.620655809,16.9991977,86.1
151.86,-1.16968352,-2.620655809,16.96349682,86.1
151.872,-1.16968352,-2.620655809,16.9991977,86.1
151.885,-1.170112762,-2.620655809,16.9991977,86.1
151.898,-1.16968352,-2.620655809,16.96349682,86.1
151.91,-1.16968352,-2.620655809,17.05730832,86.1
151.923,-1.16968352,-2.620655809,17.05730832,86.1
151.936,-1.170112762,-2.620655809,17.05730832,86.1
151.949,-1.16968352,-2.620655809,17.05730832,86.1
151.961,-1.170112762,-2.620655809,16.95730832,86.2
151.974,-1.16968352,-2.653612356,17.05730832,86.1
151.987,-1.16968352,-2.686568903,17.05730832,86.1
151.999,-1.16968352,-2.686568903,17.05730832,86.1
152.012,-1.16968352,-2.686568903,17.05730832,86.1
152.025,-1.16968352,-2.71952545,16.95730832,86.2
152.038,-1.16968352,-2.71952545,16.96349682,86.1
152.05,-1.170112762,-2.752481998,16.95730832,86.2
152.063,-1.16968352,-2.752481998,16.95730832,86.2
152.076,-1.16968352,-2.752481998,16.96349682,86.1
152.088,-1.16968352,-2.752481998,16.96349682,86.1
152.101,-1.16968352,-2.786659158,16.96349682,86.1
152.114,-1.16968352,-2.752481998,17.05730832,86.1
152.126,-1.16968352,-2.786659158,16.96349682,86.1
152.139,-1.16968352,-2.786659158,16.95730832,86.2
152.152,-1.170112762,-2.786659158,16.96349682,86.1
152.165,-1.16968352,-2.786659158,16.95730832,86.2
152.177,-1.16968352,-2.819615705,16.96349682,86.1
152.19,-1.16968352,-2.786659158,16.95730832,86.2
152.203,-1.16968352,-2.786659158,17.05730832,86.1
152.215,-1.16968352,-2.819615705,17.05111981,86.2
152.228,-1.16968352,-2.819615705,17.02160744,86.1
152.241,-1.168825037,-2.819615705,17.11541894,86.1
152.253,-1.16968352,-2.786659158,17.02160744,86.1
152.266,-1.168825037,-2.786659158,17.05730832,86.1
152.279,-1.16968352,-2.786659158,17.05730832,86.1
152.292,-1.16968352,-2.786659158,17.05730832,86.1
152.304,-1.16968352,-2.786659158,17.11541894,86.1
152.317,-1.16968352,-2.752481998,17.05730832,86.1
152.33,-1.16968352,-2.752481998,17.01541894,86.2
152.342,-1.16968352,-2.752481998,17.02779595,86
152.355,-1.16968352,-2.752481998,17.05111981,86.2
152.368,-1.16968352,-2.752481998,16.96349682,86.1
152.381,-1.16968352,-2.71952545,16.95111981,86.3
152.393,-1.170112762,-2.71952545,16.96349682,86.1
152.406,-1.16968352,-2.71952545,16.95730832,86.2
152.419,-1.16968352,-2.686568903,16.96349682,86.1
152.431,-1.16968352,-2.686568903,16.95730832,86.2
152.444,-1.170112762,-2.686568903,16.96349682,86.1
152.457,-1.16968352,-2.686568903,16.96349682,86.1
152.469,-1.170112762,-2.686568903,16.96349682,86.1
152.482,-1.16968352,-2.653612356,16.95730832,86.2
152.495,-1.16968352,-2.653612356,16.95730832,86.2
152.508,-1.16968352,-2.653612356,17.05730832,86.1
152.52,-1.16968352,-2.653612356,17.05730832,86.1
152.533,-1.16968352,-2.653612356,17.06349682,86
152.546,-1.16968352,-2.620655809,17.05730832,86.1
152.558,-1.16968352,-2.620655809,17.06349682,86
152.571,-1.16968352,-2.620655809,16.95730832,86.2
152.584,-1.16968352,-2.620655809,16.96349682,86.1
152.596,-1.16968352,-2.620655809,16.95730832,86.2
152.609,-1.170112762,-2.620655809,16.96968533,86
152.622,-1.170112762,-2.620655809,16.95730832,86.2
152.635,-1.170112762,-2.620655809,16.96349682,86.1
152.647,-1.16968352,-2.620655809,16.95730832,86.2
152.66,-1.170112762,-2.653612356,16.96968533,86
152.673,-1.16968352,-2.653612356,16.99300919,86.2
152.685,-1.170112762,-2.653612356,17.0991977,86
152.698,-1.16968352,-2.653612356,17.05111981,86.2
152.711,-1.170112762,-2.686568903,17.05730832,86.1
152.724,-1.16968352,-2.686568903,17.05730832,86.1
152.736,-1.170112762,-2.653612356,16.96349682,86.1
152.749,-1.16968352,-2.653612356,17.05730832,86.1
152.762,-1.170112762,-2.686568903,17.05730832,86.1
152.774,-1.16968352,-2.686568903,17.05730832,86.1
152.787,-1.16968352,-2.686568903,17.05730832,86.1
152.8,-1.16968352,-2.686568903,17.05730832,86.1
152.812,-1.16968352,-2.686568903,17.05730832,86.1
152.825,-1.16968352,-2.686568903,17.05730832,86.1
152.838,-1.170112762,-2.686568903,17.05730832,86.1
152.851,-1.16968352,-2.686568903,16.96349682,86.1
152.863,-1.16968352,-2.686568903,16.96349682,86.1
152.876,-1.16968352,-2.686568903,17.05730832,86.1
152.889,-1.16968352,-2.686568903,17.05730832,86.1
152.901,-1.16968352,-2.686568903,17.05730832,86.1
152.914,-1.16968352,-2.71952545,16.96349682,86.1
152.927,-1.168825037,-2.686568903,16.96349682,86.1
152.939,-1.16968352,-2.686568903,16.96349682,86.1
152.952,-1.16968352,-2.686568903,17.05730832,86.1
152.965,-1.16968352,-2.686568903,16.96349682,86.1
152.978,-1.16968352,-2.686568903,16.92779595,86.1
152.99,-1.16968352,-2.686568903,16.92779595,86.1
153.003,-1.16968352,-2.686568903,16.96349682,86.1
153.016,-1.16968352,-2.686568903,16.96349682,86.1
153.028,-1.16968352,-2.686568903,16.96349682,86.1
153.041,-1.16968352,-2.653612356,16.96349682,86.1
153.054,-1.16968352,-2.653612356,16.96349682,86.1
153.066,-1.16968352,-2.653612356,16.95730832,86.2
153.079,-1.16968352,-2.653612356,16.96349682,86.1
153.092,-1.16968352,-2.620655809,17.05111981,86.2
153.105,-1.16968352,-2.620655809,17.06349682,86
153.117,-1.16968352,-2.620655809,17.05730832,86.1
153.13,-1.16968352,-2.587699262,17.06349682,86
153.143,-1.16968352,-2.587699262,17.05730832,86.1
153.155,-1.170112762,-2.553522102,17.06349682,86
153.168,-1.16968352,-2.520565554,17.08682068,86.2
153.181,-1.170112762,-2.520565554,17.0991977,86
153.194,-1.170112762,-2.487609007,17.09300919,86.1
153.206,-1.170112762,-2.487609007,17.0991977,86
153.219,-1.16968352,-2.45465246,17.09300919,86.1
153.232,-1.170112762,-2.421695913,17.0991977,86
153.244,-1.16968352,-2.421695913,17.09300919,86.1
153.257,-1.16968352,-2.388739366,17.09300919,86.1
153.27,-1.16968352,-2.388739366,17.0991977,86
153.282,-1.16968352,-2.354562206,17.09300919,86.1
153.295,-1.16968352,-2.354562206,17.02299828,86.1
153.308,-1.16968352,-2.321605658,17.01680977,86.2
153.321,-1.16968352,-2.321605658,17.02918679,86
153.333,-1.168825037,-2.288649111,17.01680977,86.2
153.346,-1.16968352,-2.288649111,17.02918679,86
153.359,-1.16968352,-2.288649111,17.01680977,86.2
153.371,-1.170112762,-2.255692564,17.02918679,86
153.384,-1.170112762,-2.255692564,17.01680977,86.2
153.397,-1.170112762,-2.255692564,17.12299828,86
153.41,-1.16968352,-2.255692564,17.01680977,86.2
153.422,-1.170112762,-2.222736017,17.02299828,86.1
153.435,-1.170112762,-2.222736017,17.01680977,86.2
153.448,-1.170112762,-2.222736017,17.11680977,86.1
153.46,-1.170112762,-2.222736017,17.11680977,86.1
153.473,-1.170112762,-2.222736017,17.11680977,86.1
153.486,-1.170112762,-2.255692564,17.11680977,86.1
153.498,-1.170112762,-2.255692564,17.21062126,86.1
153.511,-1.16968352,-2.255692564,17.21680977,86
153.524,-1.16968352,-2.255692564,17.21062126,86.1
153.537,-1.16968352,-2.288649111,17.21680977,86
153.549,-1.16968352,-2.288649111,17.11062126,86.2
153.562,-1.170112762,-2.321605658,17.12299828,86
153.575,-1.170112762,-2.321605658,17.11680977,86.1
153.587,-1.170112762,-2.354562206,17.12299828,86
153.6,-1.170112762,-2.354562206,17.01680977,86.2
153.613,-1.170112762,-2.388739366,17.02299828,86.1
153.625,-1.16968352,-2.421695913,17.01680977,86.2
153.638,-1.170112762,-2.45465246,17.0053862,86
153.651,-1.16968352,-2.487609007,16.8991977,86.2
153.664,-1.170112762,-2.520565554,16.9053862,86.1
153.676,-1.170112762,-2.520565554,16.9991977,86.1
153.689,-1.170112762,-2.553522102,16.9991977,86.1
153.702,-1.16968352,-2.587699262,16.9991977,86.1
153.714,-1.170112762,-2.620655809,16.96349682,86.1
153.727,-1.16968352,-2.653612356,16.96349682,86.1
153.74,-1.170112762,-2.686568903,16.96349682,86.1
153.753,-1.16968352,-2.71952545,16.95730832,86.2
153.765,-1.16968352,-2.786659158,16.96349682,86.1
153.778,-1.16968352,-2.819615705,16.96349682,86.1
153.791,-1.16968352,-2.852572252,17.12160744,86
153.803,-1.16968352,-2.885528799,17.11541894,86.1
153.816,-1.16968352,-2.918485347,17.12160744,86
153.829,-1.16968352,-2.952662507,16.92160744,86.2
153.841,-1.16968352,-3.018575601,16.92779595,86.1
153.854,-1.168825037,-3.051532148,16.98590657,86.1
153.867,-1.16968352,-3.084488695,16.99209508,86
153.88,-1.16968352,-3.117445243,16.98590657,86.1
153.892,-1.16968352,-3.117445243,16.99209508,86
153.905,-1.168825037,-3.151622403,16.98590657,86.1
153.918,-1.16968352,-3.18457895,16.89209508,86.1
153.93,-1.16968352,-3.18457895,16.98590657,86.1
153.943,-1.168825037,-3.217535497,16.96210599,86.1
153.956,-1.168825037,-3.250492044,16.96210599,86.1
153.968,-1.168825037,-3.250492044,16.89209508,86.1
153.981,-1.168395795,-3.250492044,16.89209508,86.1
153.994,-1.168395795,-3.250492044,16.89209508,86.1
154.007,-1.168825037,-3.217535497,16.86829449,86.1
154.019,-1.168395795,-3.217535497,16.86829449,86.1
154.032,-1.168825037,-3.217535497,16.96210599,86.1
154.045,-1.168395795,-3.217535497,17.05591748,86.1
154.057,-1.168825037,-3.18457895,16.99209508,86
154.07,-1.168395795,-3.151622403,16.98590657,86.1
154.083,-1.168825037,-3.117445243,16.96829449,86
154.096,-1.168825037,-3.117445243,16.96210599,86.1
154.108,-1.168825037,-3.084488695,16.96829449,86
154.121,-1.168395795,-3.051532148,16.98590657,86.1
154.134,-1.168825037,-3.018575601,16.99209508,86
154.146,-1.168395795,-2.985619054,16.98590657,86.1
154.159,-1.168825037,-2.952662507,16.99209508,86
154.172,-1.168825037,-2.918485347,16.98590657,86.1
154.184,-1.168825037,-2.885528799,16.99209508,86
154.197,-1.168825037,-2.852572252,17.02160744,86.1
154.21,-1.168825037,-2.786659158,17.02160744,86.1
154.223,-1.168825037,-2.752481998,17.02779595,86
154.235,-1.168825037,-2.71952545,17.02160744,86.1
154.248,-1.168825037,-2.686568903,17.06349682,86
154.261,-1.168825037,-2.653612356,17.05730832,86.1
154.273,-1.168825037,-2.587699262,17.06349682,86
154.286,-1.168825037,-2.553522102,17.05730832,86.1
154.299,-1.16968352,-2.520565554,17.15730832,86
154.311,-1.168825037,-2.487609007,17.18682068,86.1
154.324,-1.16968352,-2.45465246,17.0991977,86
154.337,-1.168825037,-2.421695913,17.09300919,86.1
154.35,-1.16968352,-2.388739366,17.0991977,86
154.362,-1.168825037,-2.354562206,17.09300919,86.1
154.375,-1.16968352,-2.321605658,17.0991977,86
154.388,-1.168825037,-2.288649111,17.09300919,86.1
154.4,-1.16968352,-2.288649111,17.09300919,86.1
154.413,-1.16968352,-2.255692564,17.09300919,86.1
154.426,-1.16968352,-2.255692564,17.09300919,86.1
154.439,-1.16968352,-2.222736017,17.12299828,86
154.451,-1.16968352,-2.222736017,17.11680977,86.1
154.464,-1.16968352,-2.222736017,17.12299828,86
154.477,-1.16968352,-2.222736017,17.01680977,86.2
154.489,-1.16968352,-2.222736017,17.12299828,86
154.502,-1.16968352,-2.222736017,17.11680977,86.1
154.515,-1.16968352,-2.222736017,17.12299828,86
154.527,-1.16968352,-2.222736017,17.01680977,86.2
154.54,-1.16968352,-2.222736017,17.12299828,86
154.553,-1.16968352,-2.222736017,17.11680977,86.1
154.566,-1.16968352,-2.255692564,17.11680977,86.1
154.578,-1.16968352,-2.255692564,17.11680977,86.1
154.591,-1.16968352,-2.255692564,17.21680977,86
154.604,-1.16968352,-2.288649111,17.21062126,86.1
154.616,-1.170112762,-2.288649111,17.21062126,86.1
154.629,-1.16968352,-2.288649111,17.21062126,86.1
154.642,-1.170112762,-2.321605658,17.21680977,86
154.654,-1.16968352,-2.321605658,17.11680977,86.1
154.667,-1.170112762,-2.354562206,17.0991977,86
154.68,-1.168825037,-2.354562206,17.12299828,86
154.693,-1.16968352,-2.388739366,16.9991977,86.1
154.705,-1.168825037,-2.421695913,17.02299828,86.1
154.718,-1.16968352,-2.421695913,17.02299828,86.1
154.731,-1.16968352,-2.421695913,16.9991977,86.1
154.743,-1.16968352,-2.421695913,16.9991977,86.1
154.756,-1.16968352,-2.45465246,16.9991977,86.1
154.769,-1.170112762,-2.487609007,16.9991977,86.1
154.781,-1.16968352,-2.487609007,17.0991977,86
154.794,-1.16968352,-2.520565554,16.9991977,86.1
154.807,-1.16968352,-2.520565554,16.99300919,86.2
154.82,-1.16968352,-2.520565554,17.0991977,86
154.832,-1.16968352,-2.553522102,17.09300919,86.1
154.845,-1.170112762,-2.553522102,17.0991977,86
154.858,-1.16968352,-2.553522102,17.09300919,86.1
154.87,-1.170112762,-2.587699262,17.0991977,86
154.883,-1.16968352,-2.587699262,17.08682068,86.2
154.896,-1.16968352,-2.587699262,17.19300919,86
154.909,-1.16968352,-2.587699262,17.08682068,86.2
154.921,-1.16968352,-2.587699262,17.09300919,86.1
154.934,-1.16968352,-2.587699262,17.05730832,86.1
154.947,-1.168825037,-2.587699262,17.19300919,86
154.959,-1.16968352,-2.587699262,17.19300919,86
154.972,-1.16968352,-2.587699262,17.15730832,86
154.985,-1.16968352,-2.553522102,17.05730832,86.1
154.997,-1.168825037,-2.553522102,17.05730832,86.1
155.01,-1.16968352,-2.553522102,17.05730832,86.1
155.023,-1.168825037,-2.553522102,17.05730832,86.1
155.036,-1.16968352,-2.520565554,17.06349682,86
155.048,-1.168825037,-2.487609007,17.05730832,86.1
155.061,-1.16968352,-2.487609007,17.0991977,86
155.074,-1.168825037,-2.487609007,17.09300919,86.1
155.086,-1.16968352,-2.45465246,17.0991977,86
155.099,-1.168825037,-2.45465246,17.09300919,86.1
155.112,-1.16968352,-2.421695913,17.0991977,86
155.125,-1.16968352,-2.388739366,16.99300919,86.2
155.137,-1.16968352,-2.354562206,16.9991977,86.1
155.15,-1.168825037,-2.354562206,16.9991977,86.1
155.163,-1.16968352,-2.321605658,16.9991977,86.1
155.175,-1.16968352,-2.288649111,17.12299828,86
155.188,-1.16968352,-2.288649111,17.11680977,86.1
155.201,-1.16968352,-2.255692564,17.21680977,86
155.213,-1.16968352,-2.222736017,17.21062126,86.1
155.226,-1.16968352,-2.18977947,17.12299828,86
155.239,-1.16968352,-2.155602309,17.11680977,86.1
155.252,-1.16968352,-2.122645762,17.15869915,86
155.264,-1.16968352,-2.089689215,17.15251064,86.1
155.277,-1.170112762,-2.056732668,17.15869915,86
155.29,-1.16968352,-2.023776121,17.15251064,86.1
155.302,-1.170112762,-1.989598961,17.15869915,86
155.315,-1.16968352,-1.956642413,17.15251064,86.1
155.328,-1.170112762,-1.956642413,17.19440003,86
155.34,-1.16968352,-1.923685866,17.19440003,86
155.353,-1.170112762,-1.890729319,17.18821152,86.1
155.366,-1.16968352,-1.857772772,17.19440003,86
155.379,-1.170112762,-1.824816225,17.18821152,86.1
155.391,-1.170112762,-1.790639065,17.21820061,86
155.404,-1.170112762,-1.790639065,17.2120121,86.1
155.417,-1.170112762,-1.757682517,17.11820061,86.1
155.429,-1.170971245,-1.757682517,17.1120121,86.2
155.442,-1.170971245,-1.757682517,17.21820061,86
155.455,-1.170971245,-1.72472597,17.1120121,86.2
155.467,-1.170112762,-1.72472597,17.11820061,86.1
155.48,-1.170971245,-1.691769423,17.1120121,86.2
155.493,-1.170971245,-1.691769423,17.11820061,86.1
155.506,-1.170971245,-1.691769423,17.2120121,86.1
155.518,-1.170971245,-1.691769423,17.2120121,86.1
155.531,-1.170971245,-1.691769423,17.3120121,86
155.544,-1.170971245,-1.691769423,17.34771297,86
155.556,-1.170112762,-1.691769423,17.24771297,86.1
155.569,-1.170971245,-1.72472597,17.24771297,86.1
155.582,-1.170971245,-1.72472597,17.2120121,86.1
155.595,-1.170971245,-1.72472597,17.3120121,86
155.607,-1.170971245,-1.72472597,17.2120121,86.1
155.62,-1.170971245,-1.757682517,17.21820061,86
155.633,-1.170971245,-1.757682517,17.21820061,86
155.645,-1.171829728,-1.790639065,17.11820061,86.1
155.658,-1.170112762,-1.790639065,17.11820061,86.1
155.671,-1.170971245,-1.824816225,17.18821152,86.1
155.683,-1.170112762,-1.857772772,17.19440003,86
155.696,-1.170971245,-1.890729319,17.18821152,86.1
155.709,-1.170112762,-1.923685866,17.18821152,86.1
155.722,-1.170971245,-1.923685866,17.19440003,86
155.734,-1.170112762,-1.956642413,17.19440003,86
155.747,-1.170971245,-1.989598961,17.19440003,86
155.76,-1.170112762,-2.023776121,17.19440003,86
155.772,-1.170971245,-2.023776121,17.15869915,86
155.785,-1.170112762,-2.056732668,17.05251064,86.2
155.798,-1.170971245,-2.122645762,17.05869915,86.1
155.81,-1.170971245,-2.155602309,17.24632214,86.1
155.823,-1.170971245,-2.155602309,17.24632214,86.1
155.836,-1.170971245,-2.18977947,17.25251064,86
155.849,-1.170971245,-2.255692564,17.12299828,86
155.861,-1.170971245,-2.288649111,17.11680977,86.1
155.874,-1.170112762,-2.321605658,17.11680977,86.1
155.887,-1.170971245,-2.354562206,17.11680977,86.1
155.899,-1.170112762,-2.388739366,17.09300919,86.1
155.912,-1.170112762,-2.421695913,17.11680977,86.1
155.925,-1.170112762,-2.45465246,17.11680977,86.1
155.938,-1.170112762,-2.487609007,17.0991977,86
155.95,-1.170112762,-2.520565554,17.09300919,86.1
155.963,-1.170112762,-2.520565554,17.0991977,86
155.976,-1.16968352,-2.553522102,17.05730832,86.1
155.988,-1.170112762,-2.553522102,17.06349682,86
156.001,-1.170112762,-2.553522102,17.05730832,86.1
156.014,-1.170112762,-2.587699262,17.06349682,86
156.026,-1.170112762,-2.587699262,17.05730832,86.1
156.039,-1.170971245,-2.587699262,17.0991977,86
156.052,-1.170112762,-2.587699262,17.05730832,86.1
156.065,-1.170112762,-2.587699262,17.15730832,86
156.077,-1.170112762,-2.587699262,17.15111981,86.1
156.09,-1.170112762,-2.587699262,17.15730832,86
156.103,-1.16968352,-2.553522102,17.06349682,86
156.115,-1.170112762,-2.553522102,17.05730832,86.1
156.128,-1.170112762,-2.520565554,17.06349682,86
156.141,-1.170112762,-2.520565554,17.05730832,86.1
156.154,-1.170112762,-2.520565554,17.0991977,86
156.166,-1.16968352,-2.487609007,17.08682068,86.2
156.179,-1.170112762,-2.45465246,17.0991977,86
156.192,-1.170112762,-2.45465246,17.09300919,86.1
156.204,-1.170112762,-2.421695913,17.0991977,86
156.217,-1.170112762,-2.388739366,17.09300919,86.1
156.23,-1.170971245,-2.354562206,17.0991977,86
156.242,-1.170112762,-2.321605658,17.09300919,86.1
156.255,-1.170971245,-2.321605658,17.0991977,86
156.268,-1.170112762,-2.288649111,17.12299828,86
156.281,-1.170971245,-2.288649111,17.12299828,86
156.293,-1.170112762,-2.255692564,17.12299828,86
156.306,-1.170971245,-2.222736017,17.12299828,86
156.319,-1.170112762,-2.18977947,17.12299828,86
156.331,-1.170971245,-2.155602309,17.21062126,86.1
156.344,-1.170112762,-2.122645762,17.15869915,86
156.357,-1.170112762,-2.122645762,17.15251064,86.1
156.369,-1.170112762,-2.089689215,17.12299828,86
156.382,-1.170112762,-2.056732668,17.24632214,86.1
156.395,-1.170112762,-2.056732668,17.15869915,86
156.408,-1.170112762,-2.023776121,17.15251064,86.1
156.42,-1.170112762,-2.023776121,17.15869915,86
156.433,-1.170112762,-2.023776121,17.15251064,86.1
156.446,-1.170971245,-2.023776121,17.15869915,86
156.458,-1.170112762,-2.023776121,17.15251064,86.1
156.471,-1.170971245,-2.023776121,17.15869915,86
156.484,-1.170971245,-2.023776121,17.15251064,86.1
156.496,-1.170971245,-2.023776121,17.15869915,86
156.509,-1.170971245,-2.023776121,17.15251064,86.1
156.522,-1.170971245,-2.023776121,17.15869915,86
156.535,-1.170971245,-2.023776121,17.15869915,86
156.547,-1.170971245,-2.023776121,17.15869915,86
156.56,-1.170112762,-2.023776121,17.15869915,86
156.573,-1.170971245,-2.056732668,17.15869915,86
156.585,-1.170112762,-2.056732668,17.05869915,86.1
156.598,-1.170971245,-2.089689215,17.15869915,86
156.611,-1.170112762,-2.122645762,17.15869915,86
156.624,-1.170971245,-2.122645762,17.15251064,86.1
156.636,-1.170112762,-2.155602309,17.25251064,86
156.649,-1.170971245,-2.18977947,17.21680977,86
156.662,-1.170112762,-2.18977947,17.21680977,86
156.674,-1.170112762,-2.222736017,17.21680977,86
156.687,-1.16968352,-2.255692564,17.21680977,86
156.7,-1.170112762,-2.255692564,17.21680977,86
156.712,-1.16968352,-2.288649111,17.21680977,86
156.725,-1.170971245,-2.321605658,17.21680977,86
156.738,-1.170112762,-2.354562206,17.11680977,86.1
156.751,-1.170112762,-2.354562206,17.09300919,86.1
156.763,-1.170112762,-2.388739366,16.9991977,86.1
156.776,-1.170971245,-2.421695913,16.9991977,86.1
156.789,-1.170112762,-2.45465246,16.9991977,86.1
156.801,-1.170971245,-2.487609007,16.9991977,86.1
156.814,-1.170112762,-2.487609007,17.09300919,86.1
156.827,-1.170112762,-2.553522102,17.09300919,86.1
156.84,-1.170112762,-2.553522102,17.09300919,86.1
156.852,-1.170112762,-2.587699262,17.09300919,86.1
156.865,-1.170112762,-2.620655809,17.06349682,86
156.878,-1.170112762,-2.620655809,17.05730832,86.1
156.89,-1.170112762,-2.653612356,17.06349682,86
156.903,-1.170112762,-2.686568903,17.05730832,86.1
156.916,-1.170112762,-2.686568903,17.06349682,86
156.928,-1.16968352,-2.686568903,17.02160744,86.1
156.941,-1.170112762,-2.71952545,17.02779595,86
156.954,-1.16968352,-2.71952545,17.15111981,86.1
156.967,-1.170112762,-2.71952545,17.12160744,86
156.979,-1.16968352,-2.71952545,17.01541894,86.2
156.992,-1.170112762,-2.71952545,17.12160744,86
157.005,-1.16968352,-2.71952545,17.15111981,86.1
157.017,-1.170112762,-2.71952545,17.12160744,86
157.03,-1.170112762,-2.686568903,17.11541894,86.1
157.043,-1.170112762,-2.686568903,17.11541894,86.1
157.055,-1.170112762,-2.686568903,17.15730832,86
157.068,-1.170112762,-2.653612356,17.15730832,86
157.081,-1.16968352,-2.620655809,17.06349682,86
157.094,-1.16968352,-2.587699262,17.05730832,86.1
157.106,-1.16968352,-2.587699262,17.06349682,86
157.119,-1.16968352,-2.553522102,17.05730832,86.1
157.132,-1.170112762,-2.520565554,17.06349682,86
157.144,-1.170112762,-2.520565554,17.05111981,86.2
157.157,-1.170112762,-2.487609007,17.06349682,86
157.17,-1.170112762,-2.45465246,17.09300919,86.1
157.182,-1.170112762,-2.421695913,17.0991977,86
157.195,-1.170112762,-2.388739366,17.09300919,86.1
157.208,-1.170971245,-2.354562206,17.0991977,86
157.221,-1.170112762,-2.321605658,17.09300919,86.1
157.233,-1.170971245,-2.288649111,16.9991977,86.1
157.246,-1.170112762,-2.255692564,16.9991977,86.1
157.259,-1.170971245,-2.255692564,17.12299828,86
157.271,-1.170112762,-2.222736017,17.12299828,86
157.284,-1.170971245,-2.18977947,17.12299828,86
157.297,-1.170112762,-2.155602309,17.12299828,86
157.31,-1.170112762,-2.122645762,17.21680977,86
157.322,-1.170112762,-2.122645762,17.25251064,86
157.335,-1.170112762,-2.089689215,17.24632214,86.1
157.348,-1.170112762,-2.056732668,17.15869915,86
157.36,-1.170112762,-2.056732668,17.15251064,86.1
157.373,-1.170112762,-2.023776121,17.12299828,86
157.386,-1.170112762,-2.023776121,17.15251064,86.1
157.398,-1.170112762,-2.023776121,17.25869915,85.9
157.411,-1.170971245,-1.989598961,17.24632214,86.1
157.424,-1.170971245,-1.989598961,17.15869915,86
157.437,-1.170112762,-1.989598961,17.18821152,86.1
157.449,-1.170971245,-1.989598961,17.15869915,86
157.462,-1.170971245,-2.023776121,17.15251064,86.1
157.475,-1.170971245,-2.023776121,17.15869915,86
157.487,-1.170971245,-2.023776121,17.15251064,86.1
157.5,-1.170971245,-2.056732668,17.15869915,86
157.513,-1.170112762,-2.056732668,17.15251064,86.1
157.525,-1.170971245,-2.056732668,17.15869915,86
157.538,-1.170112762,-2.089689215,17.15251064,86.1
157.551,-1.170971245,-2.122645762,17.15869915,86
157.564,-1.170112762,-2.155602309,17.05869915,86.1
157.576,-1.170971245,-2.18977947,17.12299828,86
157.589,-1.170112762,-2.222736017,17.21680977,86
157.602,-1.170971245,-2.255692564,17.21680977,86
157.614,-1.170112762,-2.288649111,17.21062126,86.1
157.627,-1.170112762,-2.321605658,17.12299828,86
157.64,-1.170112762,-2.354562206,17.11680977,86.1
157.653,-1.170112762,-2.388739366,17.0991977,86
157.665,-1.170112762,-2.421695913,17.19300919,86
157.678,-1.170971245,-2.487609007,17.19300919,86
157.691,-1.170112762,-2.520565554,17.09300919,86.1
157.703,-1.170112762,-2.587699262,17.05730832,86.1
157.716,-1.16968352,-2.653612356,17.15730832,86
157.729,-1.16968352,-2.71952545,17.05730832,86.1
157.741,-1.16968352,-2.752481998,17.02160744,86.1
157.754,-1.170112762,-2.819615705,17.02779595,86
157.767,-1.16968352,-2.885528799,17.02779595,86
157.78,-1.16968352,-2.918485347,17.02779595,86
157.792,-1.16968352,-2.985619054,16.92779595,86.1
157.805,-1.168825037,-3.051532148,16.98590657,86.1
157.818,-1.16968352,-3.084488695,16.99209508,86
157.83,-1.168825037,-3.151622403,16.98590657,86.1
157.843,-1.168825037,-3.18457895,16.96829449,86
157.856,-1.168395795,-3.250492044,16.96210599,86.1
157.868,-1.168825037,-3.283448591,16.96829449,86
157.881,-1.168395795,-3.316405139,17.05591748,86.1
157.894,-1.168825037,-3.350582299,17.02640511,86
157.907,-1.168395795,-3.383538846,17.02021661,86.1
157.919,-1.168825037,-3.416495393,16.93259362,86
157.932,-1.168395795,-3.44945194,17.02021661,86.1
157.945,-1.168825037,-3.44945194,17.02640511,86
157.957,-1.168395795,-3.482408487,17.02021661,86.1
157.97,-1.168825037,-3.482408487,17.03259362,85.9
157.983,-1.168395795,-3.482408487,17.02640511,86
157.996,-1.168395795,-3.44945194,16.92640511,86.1
158.008,-1.168395795,-3.416495393,17.02640511,86
158.021,-1.168395795,-3.383538846,16.92640511,86.1
158.034,-1.168395795,-3.383538846,16.93259362,86
158.046,-1.168395795,-3.350582299,16.96210599,86.1
158.059,-1.168395795,-3.316405139,16.96829449,86
158.072,-1.168395795,-3.250492044,16.96210599,86.1
158.084,-1.168395795,-3.18457895,16.96829449,86
158.097,-1.167537312,-3.117445243,16.96210599,86.1
158.11,-1.168395795,-3.084488695,16.96829449,86
158.123,-1.168395795,-3.018575601,16.98590657,86.1
158.135,-1.168395795,-2.952662507,16.99828358,85.9
158.148,-1.168395795,-2.885528799,16.98590657,86.1
158.161,-1.168825037,-2.819615705,17.03398446,85.9
158.173,-1.168395795,-2.71952545,17.02160744,86.1
158.186,-1.168825037,-2.653612356,17.02160744,86.1
158.199,-1.168825037,-2.553522102,17.15111981,86.1
158.211,-1.168825037,-2.487609007,17.15730832,86
158.224,-1.168825037,-2.421695913,17.15111981,86.1
158.237,-1.168825037,-2.321605658,17.28682068,86
158.25,-1.168825037,-2.255692564,17.29300919,85.9
158.262,-1.168825037,-2.18977947,17.21062126,86.1
158.275,-1.168825037,-2.089689215,17.21680977,86
158.288,-1.16968352,-2.023776121,17.24632214,86.1
158.3,-1.16968352,-1.956642413,17.25251064,86
158.313,-1.16968352,-1.923685866,17.19440003,86
158.326,-1.16968352,-1.857772772,17.10058853,86
158.339,-1.170112762,-1.790639065,17.10058853,86
158.351,-1.170112762,-1.72472597,17.09440003,86.1
158.364,-1.170971245,-1.691769423,17.19440003,86
158.377,-1.170971245,-1.625856329,17.21820061,86
158.389,-1.170971245,-1.591679168,17.2120121,86.1
158.402,-1.170971245,-1.558722621,17.21820061,86
158.415,-1.170971245,-1.525766074,17.24771297,86.1
158.427,-1.171829728,-1.525766074,17.25390148,86
158.44,-1.171829728,-1.492809527,17.25390148,86
158.453,-1.171829728,-1.45985298,17.25390148,86
158.466,-1.170971245,-1.45985298,17.25390148,86
158.478,-1.171829728,-1.45985298,17.25390148,86
158.491,-1.171829728,-1.45985298,17.24771297,86.1
158.504,-1.171829728,-1.45985298,17.25390148,86
158.516,-1.171829728,-1.45985298,17.25390148,86
158.529,-1.171829728,-1.492809527,17.25390148,86
158.542,-1.171829728,-1.492809527,17.25390148,86
158.554,-1.17225897,-1.525766074,17.25390148,86
158.567,-1.171829728,-1.525766074,17.25390148,86
158.58,-1.17225897,-1.558722621,17.24771297,86.1
158.593,-1.171829728,-1.591679168,17.30582359,86.1
158.605,-1.171829728,-1.625856329,17.3120121,86
158.618,-1.171829728,-1.658812876,17.2120121,86.1
158.631,-1.17225897,-1.72472597,17.21820061,86
158.643,-1.171829728,-1.757682517,17.3120121,86
158.656,-1.17225897,-1.790639065,17.31820061,85.9
158.669,-1.171829728,-1.857772772,17.28821152,86
158.682,-1.171829728,-1.890729319,17.29440003,85.9
158.694,-1.17225897,-1.956642413,17.28821152,86
158.707,-1.17225897,-1.989598961,17.28821152,86
158.72,-1.171829728,-2.056732668,17.25251064,86
158.732,-1.171829728,-2.089689215,17.15869915,86
158.745,-1.171829728,-2.155602309,17.11680977,86.1
158.758,-1.170971245,-2.255692564,17.11680977,86.1
158.77,-1.170971245,-2.321605658,17.12299828,86
158.783,-1.170112762,-2.354562206,17.09300919,86.1
158.796,-1.170971245,-2.421695913,17.0991977,86
158.809,-1.170971245,-2.487609007,17.09300919,86.1
158.821,-1.170971245,-2.553522102,17.06349682,86
158.834,-1.170112762,-2.620655809,17.05730832,86.1
158.847,-1.170971245,-2.686568903,17.06349682,86
158.859,-1.170112762,-2.71952545,17.02160744,86.1
158.872,-1.170971245,-2.786659158,17.02779595,86
158.885,-1.170112762,-2.852572252,17.01541894,86.2
158.897,-1.170112762,-2.885528799,17.12779595,85.9
158.91,-1.170112762,-2.952662507,17.12160744,86
158.923,-1.170112762,-3.018575601,16.99209508,86
158.936,-1.16968352,-3.051532148,16.98590657,86.1
158.948,-1.16968352,-3.084488695,16.99209508,86
158.961,-1.16968352,-3.117445243,16.96210599,86.1
158.974,-1.16968352,-3.151622403,17.06210599,86
158.986,-1.16968352,-3.151622403,17.06210599,86
158.999,-1.16968352,-3.18457895,16.96210599,86.1
159.012,-1.16968352,-3.217535497,17.06829449,85.9
159.025,-1.168825037,-3.217535497,17.06210599,86
159.037,-1.168825037,-3.217535497,17.06829449,85.9
159.05,-1.168825037,-3.217535497,16.96210599,86.1
159.063,-1.16968352,-3.217535497,16.96829449,86
159.075,-1.168825037,-3.18457895,16.96210599,86.1
159.088,-1.16968352,-3.151622403,16.96829449,86
159.101,-1.168825037,-3.151622403,16.98590657,86.1
159.113,-1.16968352,-3.117445243,17.06829449,85.9
159.126,-1.168825037,-3.084488695,17.08590657,86
159.139,-1.16968352,-3.051532148,16.99209508,86
159.152,-1.168825037,-2.985619054,17.08590657,86
159.164,-1.168825037,-2.952662507,17.08590657,86
159.177,-1.168825037,-2.885528799,17.08590657,86
159.19,-1.168825037,-2.852572252,16.98590657,86.1
159.202,-1.168825037,-2.819615705,17.02779595,86
159.215,-1.168825037,-2.752481998,17.02160744,86.1
159.228,-1.168825037,-2.686568903,17.12779595,85.9
159.24,-1.16968352,-2.620655809,17.12160744,86
159.253,-1.168825037,-2.553522102,17.06349682,86
159.266,-1.16968352,-2.487609007,17.05730832,86.1
159.279,-1.16968352,-2.45465246,17.06349682,86
159.291,-1.16968352,-2.388739366,17.06349682,86
159.304,-1.16968352,-2.321605658,17.0991977,86
159.317,-1.16968352,-2.255692564,17.0991977,86
159.329,-1.16968352,-2.18977947,17.11680977,86.1
159.342,-1.170112762,-2.155602309,17.11680977,86.1
159.355,-1.170112762,-2.089689215,17.21680977,86
159.368,-1.16968352,-2.056732668,17.21680977,86
159.38,-1.170112762,-1.989598961,17.21680977,86
159.393,-1.170112762,-1.956642413,17.25251064,86
159.406,-1.170112762,-1.923685866,17.25251064,86
159.418,-1.170112762,-1.890729319,17.28821152,86
159.431,-1.170971245,-1.857772772,17.28821152,86
159.444,-1.170112762,-1.790639065,17.28821152,86
159.456,-1.170971245,-1.757682517,17.19440003,86
159.469,-1.170112762,-1.72472597,17.19440003,86
159.482,-1.170971245,-1.72472597,17.21820061,86
159.495,-1.170112762,-1.691769423,17.21820061,86
159.507,-1.170971245,-1.658812876,17.21820061,86
159.52,-1.170112762,-1.625856329,17.2120121,86.1
159.533,-1.170971245,-1.625856329,17.21820061,86
159.545,-1.170112762,-1.625856329,17.2120121,86.1
159.558,-1.170971245,-1.591679168,17.21820061,86
159.571,-1.170971245,-1.591679168,17.2120121,86.1
159.583,-1.171829728,-1.591679168,17.21820061,86
159.596,-1.170971245,-1.591679168,17.24771297,86.1
159.609,-1.171829728,-1.591679168,17.21820061,86
159.622,-1.170971245,-1.625856329,17.2120121,86.1
159.634,-1.170971245,-1.625856329,17.21820061,86
159.647,-1.170971245,-1.658812876,17.2120121,86.1
159.66,-1.171829728,-1.658812876,17.21820061,86
159.672,-1.171829728,-1.691769423,17.2120121,86.1
159.685,-1.171829728,-1.691769423,17.21820061,86
159.698,-1.171829728,-1.72472597,17.3120121,86
159.711,-1.171829728,-1.757682517,17.3120121,86
159.723,-1.171829728,-1.790639065,17.3120121,86
159.736,-1.170971245,-1.824816225,17.30582359,86.1
159.749,-1.170971245,-1.857772772,17.38202301,86
159.761,-1.170971245,-1.890729319,17.38202301,86
159.774,-1.170971245,-1.923685866,17.38202301,86
159.787,-1.170971245,-1.956642413,17.38202301,86
159.799,-1.170971245,-1.989598961,17.28821152,86
159.812,-1.170971245,-2.023776121,17.25251064,86
159.825,-1.171829728,-2.056732668,17.25869915,85.9
159.838,-1.170971245,-2.089689215,17.15251064,86.1
159.85,-1.170971245,-2.155602309,17.15869915,86
159.863,-1.170971245,-2.18977947,17.11680977,86.1
159.876,-1.170971245,-2.255692564,17.12299828,86
159.888,-1.170971245,-2.288649111,17.11680977,86.1
159.901,-1.170971245,-2.321605658,17.12299828,86
159.914,-1.170971245,-2.388739366,17.09300919,86.1
159.926,-1.170971245,-2.421695913,17.09300919,86.1
159.939,-1.170971245,-2.45465246,17.09300919,86.1
159.952,-1.170112762,-2.487609007,17.0991977,86
159.965,-1.170112762,-2.520565554,17.1053862,85.9
159.977,-1.170971245,-2.553522102,16.96349682,86.1
159.99,-1.170971245,-2.587699262,17.06968533,85.9
160.003,-1.170971245,-2.620655809,17.05730832,86.1
160.015,-1.170971245,-2.653612356,17.06349682,86
160.028,-1.170971245,-2.686568903,17.02160744,86.1
160.041,-1.170971245,-2.71952545,17.02779595,86
160.054,-1.170112762,-2.752481998,17.02160744,86.1
160.066,-1.170971245,-2.786659158,17.02779595,86
160.079,-1.170112762,-2.786659158,17.11541894,86.1
160.092,-1.170971245,-2.819615705,17.22160744,85.9
160.104,-1.170112762,-2.819615705,17.21541894,86
160.117,-1.170971245,-2.852572252,17.02779595,86
160.13,-1.170112762,-2.852572252,17.12160744,86
160.142,-1.170112762,-2.852572252,17.12160744,86
160.155,-1.16968352,-2.885528799,17.12779595,85.9
160.168,-1.170112762,-2.885528799,16.98590657,86.1
160.181,-1.16968352,-2.885528799,16.99209508,86
160.193,-1.170112762,-2.885528799,17.08590657,86
160.206,-1.170112762,-2.885528799,17.02779595,86
160.219,-1.170112762,-2.885528799,16.98590657,86.1
160.231,-1.170112762,-2.885528799,16.99209508,86
160.244,-1.170112762,-2.885528799,16.98590657,86.1
160.257,-1.16968352,-2.885528799,17.02779595,86
160.269,-1.16968352,-2.885528799,17.02160744,86.1
160.282,-1.16968352,-2.852572252,17.02779595,86
160.295,-1.170112762,-2.852572252,17.02779595,86
160.308,-1.170112762,-2.819615705,17.02779595,86
160.32,-1.170112762,-2.819615705,17.02160744,86.1
160.333,-1.170112762,-2.786659158,17.12160744,86
160.346,-1.170112762,-2.786659158,17.11541894,86.1
160.358,-1.170112762,-2.752481998,17.12160744,86
160.371,-1.170112762,-2.752481998,17.02160744,86.1
160.384,-1.170112762,-2.752481998,17.12160744,86
160.397,-1.16968352,-2.71952545,17.12160744,86
160.409,-1.170112762,-2.686568903,17.12160744,86
160.422,-1.16968352,-2.686568903,17.12160744,86
160.435,-1.170112762,-2.653612356,17.12160744,86
160.447,-1.170112762,-2.620655809,17.12160744,86
160.46,-1.170112762,-2.620655809,17.15730832,86
160.473,-1.16968352,-2.587699262,17.16349682,85.9
160.485,-1.170112762,-2.587699262,17.15730832,86
160.498,-1.16968352,-2.553522102,17.15730832,86
160.511,-1.170112762,-2.553522102,17.12160744,86
160.524,-1.170112762,-2.520565554,17.12160744,86
160.536,-1.170112762,-2.520565554,17.16349682,85.9
160.549,-1.16968352,-2.520565554,17.05730832,86.1
160.562,-1.170112762,-2.487609007,17.06349682,86
160.574,-1.16968352,-2.487609007,17.15730832,86
160.587,-1.170112762,-2.45465246,17.0991977,86
160.6,-1.16968352,-2.45465246,17.05730832,86.1
160.612,-1.170112762,-2.421695913,17.05730832,86.1
160.625,-1.170112762,-2.421695913,17.19300919,86
160.638,-1.170112762,-2.421695913,17.19300919,86
160.651,-1.170112762,-2.421695913,17.19300919,86
160.663,-1.170112762,-2.421695913,17.19300919,86
160.676,-1.170112762,-2.421695913,17.19300919,86
160.689,-1.170112762,-2.388739366,17.19300919,86
160.701,-1.170112762,-2.388739366,17.19300919,86
160.714,-1.16968352,-2.421695913,17.15111981,86.1
160.727,-1.170112762,-2.421695913,17.19300919,86
160.74,-1.170112762,-2.421695913,17.15111981,86.1
160.752,-1.170112762,-2.421695913,17.16349682,85.9
160.765,-1.16968352,-2.421695913,17.15730832,86
160.778,-1.170112762,-2.45465246,17.16349682,85.9
160.79,-1.16968352,-2.45465246,17.05730832,86.1
160.803,-1.170112762,-2.487609007,17.0991977,86
160.816,-1.16968352,-2.487609007,17.05730832,86.1
160.828,-1.170112762,-2.487609007,17.06349682,86
160.841,-1.170112762,-2.520565554,17.06349682,86
160.854,-1.170112762,-2.520565554,17.06349682,86
160.867,-1.16968352,-2.553522102,17.06349682,86
160.879,-1.170112762,-2.553522102,17.06349682,86
160.892,-1.16968352,-2.553522102,17.06349682,86
160.905,-1.16968352,-2.587699262,17.05730832,86.1
160.917,-1.16968352,-2.587699262,17.06349682,86
160.93,-1.170112762,-2.620655809,17.05730832,86.1
160.943,-1.170112762,-2.620655809,17.06349682,86
160.955,-1.170112762,-2.653612356,17.15111981,86.1
160.968,-1.170112762,-2.653612356,17.12779595,85.9
160.981,-1.170112762,-2.686568903,17.11541894,86.1
160.994,-1.170971245,-2.686568903,17.12779595,85.9
161.006,-1.170112762,-2.71952545,17.11541894,86.1
161.019,-1.170112762,-2.71952545,17.12779595,85.9
161.032,-1.170112762,-2.71952545,17.12160744,86
161.044,-1.170112762,-2.752481998,17.12779595,85.9
161.057,-1.170112762,-2.752481998,17.12160744,86
161.07,-1.170112762,-2.786659158,17.12779595,85.9
161.083,-1.170112762,-2.786659158,17.12160744,86
161.095,-1.170112762,-2.786659158,17.12160744,86
161.108,-1.170112762,-2.819615705,17.12160744,86
161.121,-1.170112762,-2.819615705,17.12160744,86
161.133,-1.170112762,-2.819615705,17.02779595,86
161.146,-1.170112762,-2.852572252,17.02160744,86.1
161.159,-1.16968352,-2.852572252,17.02779595,86
161.171,-1.170112762,-2.852572252,17.02160744,86.1
161.184,-1.16968352,-2.852572252,17.02779595,86
161.197,-1.170112762,-2.885528799,17.02160744,86.1
161.21,-1.16968352,-2.885528799,17.02779595,86
161.222,-1.170112762,-2.885528799,16.98590657,86.1
161.235,-1.16968352,-2.885528799,16.99209508,86
161.248,-1.170112762,-2.885528799,16.98590657,86.1
161.26,-1.170112762,-2.885528799,16.99209508,86
161.273,-1.170112762,-2.885528799,16.98590657,86.1
161.286,-1.170112762,-2.885528799,17.12160744,86
161.298,-1.170112762,-2.885528799,17.21541894,86
161.311,-1.170112762,-2.885528799,17.12160744,86
161.324,-1.170112762,-2.885528799,17.12160744,86
161.337,-1.170112762,-2.885528799,17.12779595,85.9
161.349,-1.170112762,-2.852572252,17.12160744,86
161.362,-1.170112762,-2.852572252,17.12160744,86
161.375,-1.16968352,-2.852572252,17.12160744,86
161.387,-1.170112762,-2.819615705,17.12160744,86
161.4,-1.16968352,-2.819615705,17.12160744,86
161.413,-1.170112762,-2.819615705,17.12779595,85.9
161.426,-1.170112762,-2.786659158,17.12160744,86
161.438,-1.170112762,-2.786659158,17.12779595,85.9
161.451,-1.16968352,-2.786659158,17.12779595,85.9
161.464,-1.170112762,-2.752481998,17.02779595,86
161.476,-1.16968352,-2.752481998,17.02779595,86
161.489,-1.170112762,-2.71952545,17.02779595,86
161.502,-1.16968352,-2.686568903,17.02160744,86.1
161.514,-1.170112762,-2.653612356,17.02779595,86
161.527,-1.16968352,-2.653612356,17.02779595,86
161.54,-1.170112762,-2.653612356,17.06349682,86
161.553,-1.16968352,-2.620655809,17.06349682,86
161.565,-1.170112762,-2.620655809,17.06349682,86
161.578,-1.16968352,-2.620655809,17.15730832,86
161.591,-1.16968352,-2.587699262,17.15730832,86
161.603,-1.16968352,-2.587699262,17.15730832,86
161.616,-1.170112762,-2.553522102,17.15730832,86
161.629,-1.170112762,-2.553522102,17.15730832,86
161.641,-1.170112762,-2.520565554,17.15730832,86
161.654,-1.170112762,-2.520565554,17.15730832,86
161.667,-1.16968352,-2.487609007,17.15730832,86
161.68,-1.16968352,-2.487609007,17.16349682,85.9
161.692,-1.16968352,-2.487609007,17.15730832,86
161.705,-1.170112762,-2.487609007,17.16349682,85.9
161.718,-1.16968352,-2.45465246,17.15730832,86
161.73,-1.170112762,-2.45465246,17.16349682,85.9
161.743,-1.16968352,-2.45465246,17.15730832,86
161.756,-1.170971245,-2.421695913,17.16349682,85.9
161.769,-1.170112762,-2.421695913,17.05730832,86.1
161.781,-1.170112762,-2.421695913,17.0991977,86
161.794,-1.170112762,-2.421695913,17.19300919,86
161.807,-1.170112762,-2.421695913,17.1991977,85.9
161.819,-1.170112762,-2.388739366,17.16349682,85.9
161.832,-1.170112762,-2.388739366,17.06349682,86
161.845,-1.16968352,-2.388739366,17.06349682,86
161.857,-1.16968352,-2.388739366,17.06349682,86
161.87,-1.16968352,-2.388739366,17.06349682,86
161.883,-1.16968352,-2.388739366,17.05730832,86.1
161.896,-1.16968352,-2.388739366,17.06349682,86
161.908,-1.170112762,-2.388739366,17.09300919,86.1
161.921,-1.16968352,-2.388739366,17.1991977,85.9
161.934,-1.16968352,-2.388739366,17.28682068,86
161.946,-1.170112762,-2.388739366,17.25730832,85.9
161.959,-1.170112762,-2.388739366,17.18682068,86.1
161.972,-1.170971245,-2.388739366,17.0991977,86
161.984,-1.170112762,-2.388739366,17.19300919,86
161.997,-1.170971245,-2.388739366,17.1991977,85.9
162.01,-1.170971245,-2.388739366,17.19300919,86
162.023,-1.170971245,-2.354562206,17.1991977,85.9
162.035,-1.170112762,-2.354562206,17.19300919,86
162.048,-1.170971245,-2.354562206,17.1991977,85.9
162.061,-1.170112762,-2.321605658,17.19300919,86
162.073,-1.170971245,-2.321605658,17.1991977,85.9
162.086,-1.170112762,-2.321605658,17.0991977,86
162.099,-1.170112762,-2.321605658,17.1991977,85.9
162.112,-1.16968352,-2.288649111,17.1991977,85.9
162.124,-1.170112762,-2.288649111,17.19300919,86
162.137,-1.170112762,-2.288649111,17.0991977,86
162.15,-1.170112762,-2.288649111,17.09300919,86.1
162.162,-1.170112762,-2.255692564,17.12299828,86
162.175,-1.170112762,-2.255692564,17.12299828,86
162.188,-1.170112762,-2.255692564,17.22299828,85.9
162.2,-1.170112762,-2.222736017,17.31680977,85.9
162.213,-1.170112762,-2.222736017,17.21680977,86
162.226,-1.170112762,-2.18977947,17.21680977,86
162.239,-1.170112762,-2.18977947,17.1991977,85.9
162.251,-1.170112762,-2.18977947,17.19300919,86
162.264,-1.170112762,-2.155602309,17.22299828,85.9
162.277,-1.170112762,-2.155602309,17.21680977,86
162.289,-1.170112762,-2.122645762,17.22299828,85.9
162.302,-1.170112762,-2.122645762,17.12299828,86
162.315,-1.170112762,-2.122645762,17.22299828,85.9
162.327,-1.170112762,-2.122645762,17.21680977,86
162.34,-1.170971245,-2.122645762,17.21680977,86
162.353,-1.170112762,-2.122645762,17.12299828,86
162.366,-1.170112762,-2.089689215,17.12299828,86
162.378,-1.170112762,-2.089689215,17.12299828,86
162.391,-1.170112762,-2.089689215,17.12299828,86
162.404,-1.16968352,-2.089689215,17.12299828,86
162.416,-1.170112762,-2.089689215,17.22299828,85.9
162.429,-1.170112762,-2.089689215,17.12299828,86
162.442,-1.170971245,-2.089689215,17.15869915,86
162.454,-1.16968352,-2.089689215,17.11680977,86.1
162.467,-1.170112762,-2.122645762,17.12299828,86
162.48,-1.170112762,-2.122645762,17.31062126,86
162.493,-1.170112762,-2.122645762,17.31680977,85.9
162.505,-1.16968352,-2.122645762,17.21062126,86.1
162.518,-1.170112762,-2.155602309,17.21680977,86
162.531,-1.16968352,-2.18977947,17.31062126,86
162.543,-1.170112762,-2.18977947,17.31680977,85.9
162.556,-1.170112762,-2.18977947,17.31062126,86
162.569,-1.170112762,-2.222736017,17.31680977,85.9
162.582,-1.170112762,-2.222736017,17.21680977,86
162.594,-1.170971245,-2.255692564,17.21680977,86
162.607,-1.170112762,-2.255692564,17.22299828,85.9
162.62,-1.170112762,-2.288649111,17.19300919,86
162.632,-1.170112762,-2.288649111,17.1991977,85.9
162.645,-1.16968352,-2.321605658,17.21680977,86
162.658,-1.16968352,-2.321605658,17.22299828,85.9
162.67,-1.16968352,-2.354562206,17.19300919,86
162.683,-1.170112762,-2.354562206,17.1053862,85.9
162.696,-1.170112762,-2.388739366,17.09300919,86.1
162.709,-1.170971245,-2.388739366,17.1991977,85.9
162.721,-1.170112762,-2.421695913,17.18682068,86.1
162.734,-1.170971245,-2.421695913,17.1991977,85.9
162.747,-1.170112762,-2.45465246,17.18682068,86.1
162.759,-1.170971245,-2.45465246,17.1991977,85.9
162.772,-1.170112762,-2.487609007,17.19300919,86
162.785,-1.170971245,-2.487609007,17.16349682,85.9
162.798,-1.170112762,-2.487609007,17.06349682,86
162.81,-1.170112762,-2.520565554,17.06349682,86
162.823,-1.170112762,-2.520565554,17.06349682,86
162.836,-1.170112762,-2.520565554,17.05730832,86.1
162.848,-1.170112762,-2.520565554,17.06349682,86
162.861,-1.170112762,-2.520565554,17.06349682,86
162.874,-1.170112762,-2.520565554,17.06968533,85.9
162.886,-1.170112762,-2.520565554,17.05730832,86.1
162.899,-1.170112762,-2.520565554,17.16349682,85.9
162.912,-1.170112762,-2.520565554,17.15111981,86.1
162.925,-1.170112762,-2.520565554,17.15730832,86
162.937,-1.170112762,-2.487609007,17.25111981,86
162.95,-1.170971245,-2.487609007,17.25730832,85.9
162.963,-1.170971245,-2.45465246,17.25111981,86
162.975,-1.170971245,-2.45465246,17.06968533,85.9
162.988,-1.170112762,-2.45465246,17.06349682,86
163.001,-1.170971245,-2.421695913,17.1991977,85.9
163.013,-1.170112762,-2.388739366,17.19300919,86
163.026,-1.170971245,-2.388739366,17.19300919,86
163.039,-1.170112762,-2.354562206,17.19300919,86
163.052,-1.170971245,-2.321605658,17.19300919,86
163.064,-1.170112762,-2.321605658,17.19300919,86
163.077,-1.170112762,-2.288649111,17.19300919,86
163.09,-1.16968352,-2.288649111,17.19300919,86
163.102,-1.170112762,-2.255692564,17.19300919,86
163.115,-1.170112762,-2.255692564,17.22299828,85.9
163.128,-1.170112762,-2.222736017,17.22299828,85.9
163.141,-1.170112762,-2.18977947,17.22299828,85.9
163.153,-1.170112762,-2.155602309,17.21680977,86
163.166,-1.170112762,-2.122645762,17.22299828,85.9
163.179,-1.170971245,-2.122645762,17.22299828,85.9
163.191,-1.170971245,-2.089689215,17.22299828,85.9
163.204,-1.170971245,-2.089689215,17.22299828,85.9
163.217,-1.170971245,-2.089689215,17.22299828,85.9
163.229,-1.170971245,-2.056732668,17.12299828,86
163.242,-1.170971245,-2.056732668,17.12299828,86
163.255,-1.170112762,-2.056732668,17.15869915,86
163.268,-1.170112762,-2.023776121,17.15869915,86
163.28,-1.170112762,-2.023776121,17.15869915,86
163.293,-1.170971245,-2.023776121,17.15869915,86
163.306,-1.170112762,-2.056732668,17.15869915,86
163.318,-1.170112762,-2.056732668,17.15869915,86
163.331,-1.170112762,-2.056732668,17.12299828,86
163.344,-1.170112762,-2.056732668,17.25869915,85.9
163.356,-1.170112762,-2.056732668,17.25251064,86
163.369,-1.170971245,-2.056732668,17.25251064,86
163.382,-1.170112762,-2.089689215,17.25251064,86
163.395,-1.170971245,-2.089689215,17.15869915,86
163.407,-1.170112762,-2.089689215,17.21680977,86
163.42,-1.170112762,-2.122645762,17.22299828,85.9
163.433,-1.170112762,-2.155602309,17.21680977,86
163.445,-1.170971245,-2.155602309,17.22299828,85.9
163.458,-1.170112762,-2.18977947,17.21680977,86
163.471,-1.170971245,-2.18977947,17.22299828,85.9
163.484,-1.170112762,-2.222736017,17.21680977,86
163.496,-1.170971245,-2.255692564,17.22299828,85.9
163.509,-1.170112762,-2.255692564,17.21680977,86
163.522,-1.170971245,-2.288649111,17.22299828,85.9
163.534,-1.170112762,-2.321605658,17.19300919,86
163.547,-1.170112762,-2.354562206,17.1991977,85.9
163.56,-1.170112762,-2.354562206,17.1991977,85.9
163.572,-1.170112762,-2.388739366,17.0991977,86
163.585,-1.170112762,-2.421695913,17.0991977,86
163.598,-1.170112762,-2.45465246,17.19300919,86
163.611,-1.170112762,-2.487609007,17.0991977,86
163.623,-1.170112762,-2.520565554,17.19300919,86
163.636,-1.170112762,-2.553522102,17.26349682,85.8
163.649,-1.170112762,-2.587699262,17.15111981,86.1
163.661,-1.170112762,-2.587699262,17.16349682,85.9
163.674,-1.170112762,-2.653612356,17.15730832,86
163.687,-1.170971245,-2.686568903,17.16349682,85.9
163.699,-1.170112762,-2.71952545,17.15111981,86.1
163.712,-1.170112762,-2.71952545,17.16349682,85.9
163.725,-1.170112762,-2.752481998,17.12160744,86
163.738,-1.170112762,-2.786659158,17.12779595,85.9
163.75,-1.16968352,-2.819615705,17.12160744,86
163.763,-1.170112762,-2.852572252,17.12160744,86
163.776,-1.16968352,-2.885528799,17.12779595,85.9
163.788,-1.170112762,-2.918485347,17.09209508,85.9
163.801,-1.16968352,-2.918485347,17.09209508,85.9
163.814,-1.170112762,-2.952662507,16.98590657,86.1
163.827,-1.170112762,-2.952662507,16.99209508,86
163.839,-1.170112762,-2.985619054,16.98590657,86.1
163.852,-1.170112762,-2.985619054,17.09209508,85.9
163.865,-1.16968352,-2.985619054,16.98590657,86.1
163.877,-1.16968352,-2.985619054,17.09209508,85.9
163.89,-1.16968352,-2.985619054,17.07971806,86.1
163.903,-1.170112762,-2.985619054,17.18590657,85.9
163.915,-1.170112762,-2.985619054,17.18590657,85.9
163.928,-1.170112762,-2.985619054,17.18590657,85.9
163.941,-1.16968352,-2.985619054,17.18590657,85.9
163.954,-1.170112762,-2.952662507,17.18590657,85.9
163.966,-1.16968352,-2.952662507,17.08590657,86
163.979,-1.170112762,-2.918485347,17.08590657,86
163.992,-1.16968352,-2.885528799,17.18590657,85.9
164.004,-1.170112762,-2.885528799,17.12160744,86
164.017,-1.170112762,-2.852572252,17.09209508,85.9
164.03,-1.170112762,-2.852572252,17.08590657,86
164.042,-1.16968352,-2.819615705,17.12779595,85.9
164.055,-1.170112762,-2.786659158,17.02779595,86
164.068,-1.170112762,-2.752481998,17.02779595,86
164.081,-1.170112762,-2.71952545,17.02160744,86.1
164.093,-1.170112762,-2.686568903,17.02779595,86
164.106,-1.170112762,-2.653612356,17.12160744,86
164.119,-1.16968352,-2.653612356,17.02779595,86
164.131,-1.170112762,-2.620655809,17.02779595,86
164.144,-1.170112762,-2.587699262,17.16349682,85.9
164.157,-1.170112762,-2.587699262,17.16349682,85.9
164.169,-1.16968352,-2.553522102,17.06349682,86
164.182,-1.170112762,-2.520565554,17.06349682,86
164.195,-1.170112762,-2.487609007,17.06349682,86
164.208,-1.170112762,-2.487609007,17.06349682,86
164.22,-1.170112762,-2.45465246,17.06349682,86
164.233,-1.170112762,-2.421695913,17.06349682,86
164.246,-1.170112762,-2.388739366,17.19300919,86
164.258,-1.170112762,-2.354562206,17.29300919,85.9
164.271,-1.170112762,-2.354562206,17.28682068,86
164.284,-1.16968352,-2.354562206,17.19300919,86
164.297,-1.170112762,-2.321605658,17.19300919,86
164.309,-1.16968352,-2.288649111,17.29300919,85.9
164.322,-1.170112762,-2.288649111,17.19300919,86
164.335,-1.16968352,-2.288649111,17.19300919,86
164.347,-1.170112762,-2.288649111,17.1991977,85.9
164.36,-1.16968352,-2.288649111,17.19300919,86
164.373,-1.170112762,-2.288649111,17.1991977,85.9
164.385,-1.16968352,-2.288649111,17.19300919,86
164.398,-1.170112762,-2.288649111,17.1991977,85.9
164.411,-1.16968352,-2.255692564,17.19300919,86
164.424,-1.170112762,-2.255692564,17.1991977,85.9
164.436,-1.16968352,-2.288649111,17.19300919,86
164.449,-1.170112762,-2.288649111,17.22299828,85.9
164.462,-1.16968352,-2.288649111,17.21680977,86
164.474,-1.170112762,-2.321605658,17.22299828,85.9
164.487,-1.170112762,-2.321605658,17.19300919,86
164.5,-1.170112762,-2.321605658,17.1991977,85.9
164.513,-1.170112762,-2.321605658,17.19300919,86
164.525,-1.170112762,-2.354562206,17.1991977,85.9
164.538,-1.170112762,-2.354562206,17.0991977,86
164.551,-1.16968352,-2.388739366,17.19300919,86
164.563,-1.170112762,-2.421695913,17.29300919,85.9
164.576,-1.16968352,-2.421695913,17.25111981,86
164.589,-1.170112762,-2.45465246,17.16349682,85.9
164.601,-1.16968352,-2.487609007,17.15730832,86
164.614,-1.170112762,-2.487609007,17.16349682,85.9
164.627,-1.170112762,-2.520565554,17.15730832,86
164.64,-1.170112762,-2.553522102,17.16349682,85.9
164.652,-1.16968352,-2.553522102,17.15730832,86
164.665,-1.170112762,-2.587699262,17.16349682,85.9
164.678,-1.16968352,-2.620655809,17.15730832,86
164.69,-1.170112762,-2.653612356,17.15730832,86
164.703,-1.16968352,-2.653612356,17.15730832,86
164.716,-1.170112762,-2.686568903,17.15730832,86
164.728,-1.16968352,-2.686568903,17.12779595,85.9
164.741,-1.16968352,-2.71952545,17.12779595,85.9
164.754,-1.16968352,-2.752481998,17.12779595,85.9
164.767,-1.16968352,-2.752481998,17.12160744,86
164.779,-1.16968352,-2.786659158,17.12779595,85.9
164.792,-1.16968352,-2.819615705,17.02160744,86.1
164.805,-1.170112762,-2.819615705,17.03398446,85.9
164.817,-1.170112762,-2.852572252,17.08590657,86
164.83,-1.170112762,-2.852572252,17.09209508,85.9
164.843,-1.170112762,-2.885528799,17.17971806,86
164.855,-1.170112762,-2.885528799,17.09209508,85.9
164.868,-1.16968352,-2.885528799,17.08590657,86
164.881,-1.170112762,-2.918485347,17.18590657,85.9
164.894,-1.170112762,-2.918485347,17.18590657,85.9
164.906,-1.170112762,-2.952662507,17.18590657,85.9
164.919,-1.16968352,-2.952662507,17.08590657,86
164.932,-1.170112762,-2.952662507,17.08590657,86
164.944,-1.16968352,-2.952662507,17.09209508,85.9
164.957,-1.170112762,-2.952662507,17.08590657,86
164.97,-1.168825037,-2.952662507,16.99209508,86
164.983,-1.16968352,-2.918485347,17.08590657,86
164.995,-1.16968352,-2.918485347,17.09209508,85.9
165.008,-1.170112762,-2.918485347,17.08590657,86
165.021,-1.16968352,-2.885528799,17.09209508,85.9
165.033,-1.16968352,-2.885528799,17.08590657,86
165.046,-1.16968352,-2.885528799,17.09209508,85.9
165.059,-1.16968352,-2.852572252,17.08590657,86
165.071,-1.16968352,-2.852572252,16.99209508,86
165.084,-1.170112762,-2.819615705,16.99209508,86
165.097,-1.16968352,-2.786659158,16.99209508,86
165.11,-1.170112762,-2.786659158,17.02779595,86
165.122,-1.16968352,-2.786659158,17.12779595,85.9
165.135,-1.170112762,-2.752481998,17.12160744,86
165.148,-1.16968352,-2.71952545,17.12160744,86
165.16,-1.16968352,-2.686568903,17.12160744,86
165.173,-1.16968352,-2.686568903,17.22160744,85.9
165.186,-1.16968352,-2.653612356,17.22160744,85.9
165.198,-1.170112762,-2.653612356,17.21541894,86
165.211,-1.170112762,-2.620655809,17.31541894,85.9
165.224,-1.170112762,-2.587699262,17.21541894,86
165.237,-1.16968352,-2.587699262,17.22160744,85.9
165.249,-1.170112762,-2.587699262,17.25111981,86
165.262,-1.16968352,-2.553522102,17.25730832,85.9
165.275,-1.170112762,-2.520565554,17.16349682,85.9
165.287,-1.16968352,-2.520565554,17.06349682,86
165.3,-1.170112762,-2.520565554,17.06968533,85.9
165.313,-1.16968352,-2.487609007,17.16349682,85.9
165.326,-1.170112762,-2.45465246,17.12779595,85.9
165.338,-1.168825037,-2.45465246,17.15730832,86
165.351,-1.16968352,-2.421695913,17.16349682,85.9
165.364,-1.16968352,-2.388739366,17.19300919,86
165.376,-1.170112762,-2.388739366,17.16349682,85.9
165.389,-1.16968352,-2.354562206,17.15730832,86
165.402,-1.170112762,-2.354562206,17.16349682,85.9
165.414,-1.16968352,-2.321605658,17.15730832,86
165.427,-1.170112762,-2.321605658,17.16349682,85.9
165.44,-1.170112762,-2.288649111,17.19300919,86
165.453,-1.170112762,-2.288649111,17.1991977,85.9
165.465,-1.170112762,-2.288649111,17.0991977,86
165.478,-1.170112762,-2.288649111,17.0991977,86
165.491,-1.170112762,-2.255692564,17.0991977,86
165.503,-1.170112762,-2.255692564,17.19300919,86
165.516,-1.170112762,-2.222736017,17.1991977,85.9
165.529,-1.16968352,-2.222736017,17.19300919,86
165.542,-1.170112762,-2.222736017,17.29300919,85.9
165.554,-1.16968352,-2.222736017,17.28682068,86
165.567,-1.170112762,-2.18977947,17.29300919,85.9
165.58,-1.16968352,-2.18977947,17.18682068,86.1
165.592,-1.170112762,-2.155602309,17.1991977,85.9
165.605,-1.170112762,-2.155602309,17.28682068,86
165.618,-1.170971245,-2.155602309,17.22299828,85.9
165.63,-1.170112762,-2.155602309,17.21680977,86
165.643,-1.170112762,-2.122645762,17.22299828,85.9
165.656,-1.170112762,-2.122645762,17.22299828,85.9
165.669,-1.170112762,-2.122645762,17.21680977,86
165.681,-1.170112762,-2.122645762,17.22299828,85.9
165.694,-1.170112762,-2.122645762,17.21680977,86
165.707,-1.16968352,-2.089689215,17.22299828,85.9
165.719,-1.170112762,-2.089689215,17.21680977,86
165.732,-1.170112762,-2.089689215,17.22299828,85.9
165.745,-1.170112762,-2.089689215,17.21680977,86
165.757,-1.170112762,-2.089689215,17.22299828,85.9
165.77,-1.170112762,-2.089689215,17.21680977,86
165.783,-1.170112762,-2.056732668,17.22299828,85.9
165.796,-1.170112762,-2.056732668,17.21680977,86
165.808,-1.170971245,-2.056732668,17.22918679,85.8
165.821,-1.170112762,-2.056732668,17.21680977,86
165.834,-1.170971245,-2.056732668,17.22299828,85.9
165.846,-1.170971245,-2.023776121,17.31062126,86
165.859,-1.170971245,-2.023776121,17.31680977,85.9
165.872,-1.170971245,-2.023776121,17.21680977,86
165.884,-1.170971245,-2.023776121,17.22299828,85.9
165.897,-1.170112762,-1.989598961,17.22299828,85.9
165.91,-1.170971245,-1.989598961,17.21680977,86
165.923,-1.170112762,-1.989598961,17.25869915,85.9
165.935,-1.170971245,-1.956642413,17.25251064,86
165.948,-1.170112762,-1.956642413,17.25869915,85.9
165.961,-1.170971245,-1.956642413,17.25251064,86
165.973,-1.170112762,-1.923685866,17.25869915,85.9
165.986,-1.170971245,-1.956642413,17.25251064,86
165.999,-1.170112762,-1.956642413,17.25869915,85.9
166.012,-1.170112762,-1.923685866,17.25251064,86
166.024,-1.170112762,-1.923685866,17.25869915,85.9
166.037,-1.170971245,-1.923685866,17.25251064,86
166.05,-1.170112762,-1.923685866,17.25869915,85.9
166.062,-1.170971245,-1.890729319,17.25251064,86
166.075,-1.170112762,-1.890729319,17.25869915,85.9
166.088,-1.170971245,-1.857772772,17.25869915,85.9
166.1,-1.170971245,-1.857772772,17.25251064,86
166.113,-1.170971245,-1.857772772,17.35251064,85.9
166.126,-1.170971245,-1.857772772,17.35251064,85.9
166.139,-1.170971245,-1.890729319,17.25251064,86
166.151,-1.170971245,-1.857772772,17.25251064,86
166.164,-1.170971245,-1.890729319,17.25251064,86
166.177,-1.170971245,-1.857772772,17.25251064,86
166.189,-1.170971245,-1.857772772,17.25251064,86
166.202,-1.170971245,-1.857772772,17.25251064,86
166.215,-1.170112762,-1.890729319,17.25251064,86
166.228,-1.170971245,-1.890729319,17.35251064,85.9
166.24,-1.170112762,-1.890729319,17.38821152,85.9
166.253,-1.170112762,-1.890729319,17.29440003,85.9
166.266,-1.170112762,-1.890729319,17.38821152,85.9
166.278,-1.170971245,-1.890729319,17.25869915,85.9
166.291,-1.170112762,-1.890729319,17.25251064,86
166.304,-1.170971245,-1.890729319,17.29440003,85.9
166.316,-1.170112762,-1.890729319,17.28821152,86
166.329,-1.170971245,-1.890729319,17.25869915,85.9
166.342,-1.170971245,-1.890729319,17.25251064,86
166.355,-1.170971245,-1.890729319,17.25869915,85.9
166.367,-1.170971245,-1.923685866,17.25869915,85.9
166.38,-1.170971245,-1.923685866,17.25869915,85.9
166.393,-1.170971245,-1.923685866,17.25251064,86
166.405,-1.170971245,-1.923685866,17.25251064,86
166.418,-1.170971245,-1.923685866,17.25869915,85.9
166.431,-1.170971245,-1.956642413,17.25251064,86
166.443,-1.170112762,-1.956642413,17.35251064,85.9
166.456,-1.170112762,-1.956642413,17.34632214,86
166.469,-1.170112762,-1.989598961,17.35251064,85.9
166.482,-1.170112762,-1.989598961,17.34632214,86
166.494,-1.170112762,-1.989598961,17.45251064,85.8
166.507,-1.170112762,-1.989598961,17.34013363,86.1
166.52,-1.170971245,-2.023776121,17.35869915,85.8
166.532,-1.170112762,-2.023776121,17.31062126,86
166.545,-1.170971245,-2.023776121,17.22299828,85.9
166.558,-1.170112762,-2.023776121,17.21680977,86
166.57,-1.170971245,-2.056732668,17.25869915,85.9
166.583,-1.170112762,-2.056732668,17.25251064,86
166.596,-1.170971245,-2.056732668,17.25869915,85.9
166.609,-1.170112762,-2.089689215,17.21680977,86
166.621,-1.170971245,-2.089689215,17.22299828,85.9
166.634,-1.170112762,-2.089689215,17.22299828,85.9
166.647,-1.170971245,-2.089689215,17.22299828,85.9
166.659,-1.170112762,-2.122645762,17.22299828,85.9
166.672,-1.170112762,-2.122645762,17.21680977,86
166.685,-1.170112762,-2.122645762,17.22299828,85.9
166.698,-1.170112762,-2.155602309,17.21680977,86
166.71,-1.170112762,-2.155602309,17.22918679,85.8
166.723,-1.170112762,-2.155602309,17.21680977,86
166.736,-1.170112762,-2.155602309,17.22299828,85.9
166.748,-1.170112762,-2.155602309,17.34632214,86
166.761,-1.170112762,-2.155602309,17.41680977,85.8
166.774,-1.170112762,-2.155602309,17.31062126,86
166.786,-1.170971245,-2.155602309,17.22299828,85.9
166.799,-1.170971245,-2.18977947,17.21680977,86
166.812,-1.170971245,-2.18977947,17.32299828,85.8
166.825,-1.170971245,-2.18977947,17.21680977,86
166.837,-1.170971245,-2.18977947,17.22299828,85.9
166.85,-1.170971245,-2.222736017,17.21680977,86
166.863,-1.170971245,-2.222736017,17.22299828,85.9
166.875,-1.170112762,-2.222736017,17.21680977,86
166.888,-1.170971245,-2.222736017,17.19300919,86
166.901,-1.170971245,-2.222736017,17.22299828,85.9
166.913,-1.170971245,-2.222736017,17.21680977,86
166.926,-1.170112762,-2.222736017,17.1991977,85.9
166.939,-1.170971245,-2.222736017,17.19300919,86
166.952,-1.170112762,-2.222736017,17.1991977,85.9
166.964,-1.170971245,-2.222736017,17.1991977,85.9
166.977,-1.170971245,-2.222736017,17.19300919,86
166.99,-1.170971245,-2.222736017,17.29300919,85.9
167.002,-1.170971245,-2.222736017,17.31680977,85.9
167.015,-1.170971245,-2.255692564,17.29300919,85.9
167.028,-1.170112762,-2.255692564,17.31680977,85.9
167.041,-1.170971245,-2.255692564,17.29300919,85.9
167.053,-1.170112762,-2.255692564,17.29300919,85.9
167.066,-1.170971245,-2.255692564,17.29300919,85.9
167.079,-1.170971245,-2.255692564,17.31680977,85.9
167.091,-1.170112762,-2.255692564,17.31680977,85.9
167.104,-1.170112762,-2.255692564,17.21680977,86
167.117,-1.170112762,-2.255692564,17.19300919,86
167.129,-1.170971245,-2.288649111,17.1991977,85.9
167.142,-1.170971245,-2.288649111,17.1991977,85.9
167.155,-1.170971245,-2.288649111,17.22299828,85.9
167.168,-1.170112762,-2.288649111,17.19300919,86
167.18,-1.170112762,-2.321605658,17.1991977,85.9
167.193,-1.170112762,-2.321605658,17.19300919,86
167.206,-1.170112762,-2.321605658,17.1991977,85.9
167.218,-1.170112762,-2.354562206,17.19300919,86
167.231,-1.170971245,-2.354562206,17.1053862,85.9
167.244,-1.170112762,-2.354562206,17.0991977,86
167.257,-1.170971245,-2.354562206,17.1053862,85.9
167.269,-1.170112762,-2.388739366,17.09300919,86.1
167.282,-1.170971245,-2.421695913,17.16349682,85.9
167.295,-1.170112762,-2.421695913,17.25111981,86
167.307,-1.170971245,-2.421695913,17.25730832,85.9
167.32,-1.170112762,-2.45465246,17.25111981,86
167.333,-1.170971245,-2.45465246,17.25730832,85.9
167.345,-1.170112762,-2.487609007,17.25730832,85.9
167.358,-1.170971245,-2.487609007,17.25730832,85.9
167.371,-1.170112762,-2.487609007,17.25730832,85.9
167.384,-1.170112762,-2.520565554,17.15730832,86
167.396,-1.170112762,-2.520565554,17.25730832,85.9
167.409,-1.170112762,-2.520565554,17.25730832,85.9
167.422,-1.170112762,-2.520565554,17.16349682,85.9
167.434,-1.170112762,-2.553522102,17.15730832,86
167.447,-1.170112762,-2.553522102,17.16349682,85.9
167.46,-1.170112762,-2.553522102,17.15111981,86.1
167.472,-1.170112762,-2.553522102,17.16349682,85.9
167.485,-1.16968352,-2.553522102,17.15111981,86.1
167.498,-1.170112762,-2.587699262,17.16968533,85.8
167.511,-1.170112762,-2.587699262,17.15730832,86
167.523,-1.170112762,-2.587699262,17.16349682,85.9
167.536,-1.170112762,-2.587699262,17.15730832,86
167.549,-1.170971245,-2.587699262,17.12779595,85.9
167.561,-1.170112762,-2.587699262,17.15730832,86
167.574,-1.170112762,-2.587699262,17.25730832,85.9
167.587,-1.170112762,-2.587699262,17.25111981,86
167.599,-1.170112762,-2.553522102,17.25730832,85.9
167.612,-1.170112762,-2.553522102,17.25730832,85.9
167.625,-1.170112762,-2.553522102,17.15730832,86
167.638,-1.170112762,-2.553522102,17.26349682,85.8
167.65,-1.170112762,-2.553522102,17.25730832,85.9
167.663,-1.170112762,-2.553522102,17.26349682,85.8
167.676,-1.170112762,-2.553522102,17.25730832,85.9
167.688,-1.170112762,-2.520565554,17.12779595,85.9
167.701,-1.170112762,-2.520565554,17.15730832,86
167.714,-1.170112762,-2.520565554,17.16349682,85.9
167.727,-1.170112762,-2.520565554,17.12160744,86
167.739,-1.170112762,-2.520565554,17.16349682,85.9
167.752,-1.170112762,-2.520565554,17.15730832,86
167.765,-1.170112762,-2.487609007,17.16349682,85.9
167.777,-1.170112762,-2.487609007,17.25730832,85.9
167.79,-1.170112762,-2.487609007,17.16349682,85.9
167.803,-1.170112762,-2.487609007,17.15730832,86
167.815,-1.170971245,-2.487609007,17.16349682,85.9
167.828,-1.170112762,-2.487609007,17.16349682,85.9
167.841,-1.170971245,-2.487609007,17.15730832,86
167.854,-1.170112762,-2.45465246,17.15730832,86
167.866,-1.170971245,-2.487609007,17.15730832,86
167.879,-1.170112762,-2.45465246,17.16349682,85.9
167.892,-1.170112762,-2.45465246,17.16349682,85.9
167.904,-1.170112762,-2.421695913,17.25730832,85.9
167.917,-1.170112762,-2.421695913,17.25730832,85.9
167.93,-1.170112762,-2.421695913,17.25730832,85.9
167.942,-1.170971245,-2.421695913,17.15730832,86
167.955,-1.170112762,-2.421695913,17.25730832,85.9
167.968,-1.170112762,-2.421695913,17.25730832,85.9
167.981,-1.170112762,-2.421695913,17.25730832,85.9
167.993,-1.170971245,-2.388739366,17.25730832,85.9
168.006,-1.170112762,-2.421695913,17.25730832,85.9
168.019,-1.170971245,-2.388739366,17.25730832,85.9
168.031,-1.170112762,-2.388739366,17.15730832,86
168.044,-1.170971245,-2.388739366,17.15730832,86
168.057,-1.170971245,-2.388739366,17.15730832,86
168.07,-1.170112762,-2.388739366,17.16349682,85.9
168.082,-1.170971245,-2.354562206,17.1991977,85.9
168.095,-1.170971245,-2.354562206,17.1991977,85.9
168.108,-1.170971245,-2.354562206,17.16349682,85.9
168.12,-1.170971245,-2.354562206,17.16349682,85.9
168.133,-1.170971245,-2.354562206,17.1991977,85.9
168.146,-1.170112762,-2.354562206,17.19300919,86
168.158,-1.170112762,-2.354562206,17.1991977,85.9
168.171,-1.170112762,-2.354562206,17.19300919,86
168.184,-1.170112762,-2.354562206,17.29300919,85.9
168.197,-1.170112762,-2.354562206,17.28682068,86
168.209,-1.170112762,-2.354562206,17.29300919,85.9
168.222,-1.16968352,-2.321605658,17.28682068,86
168.235,-1.170112762,-2.321605658,17.29300919,85.9
168.247,-1.170112762,-2.321605658,17.28682068,86
168.26,-1.170971245,-2.321605658,17.25730832,85.9
168.273,-1.170112762,-2.321605658,17.25111981,86
168.285,-1.170971245,-2.321605658,17.16349682,85.9
168.298,-1.170112762,-2.321605658,17.15730832,86
168.311,-1.170971245,-2.321605658,17.1991977,85.9
168.324,-1.170112762,-2.321605658,17.15730832,86
168.336,-1.170112762,-2.321605658,17.1991977,85.9
168.349,-1.170112762,-2.354562206,17.1991977,85.9
168.362,-1.170112762,-2.354562206,17.15730832,86
168.374,-1.170112762,-2.354562206,17.16349682,85.9
168.387,-1.170112762,-2.354562206,17.15730832,86
168.4,-1.170112762,-2.354562206,17.16349682,85.9
168.413,-1.16968352,-2.354562206,17.15730832,86
168.425,-1.170112762,-2.388739366,17.06968533,85.9
168.438,-1.16968352,-2.388739366,17.05730832,86.1
168.451,-1.170112762,-2.388739366,17.16349682,85.9
168.463,-1.16968352,-2.421695913,17.15730832,86
168.476,-1.170112762,-2.421695913,17.25730832,85.9
168.489,-1.170112762,-2.421695913,17.35111981,85.9
168.501,-1.170971245,-2.45465246,17.25730832,85.9
168.514,-1.170112762,-2.487609007,17.25730832,85.9
168.527,-1.170971245,-2.487609007,17.25730832,85.9
168.54,-1.170112762,-2.520565554,17.25730832,85.9
168.552,-1.170112762,-2.520565554,17.25730832,85.9
168.565,-1.170112762,-2.553522102,17.25730832,85.9
168.578,-1.170971245,-2.553522102,17.25730832,85.9
168.59,-1.170112762,-2.587699262,17.22779595,85.8
168.603,-1.170112762,-2.587699262,17.12160744,86
168.616,-1.170112762,-2.620655809,17.12779595,85.9
168.628,-1.170112762,-2.653612356,17.12160744,86
168.641,-1.170112762,-2.686568903,17.12779595,85.9
168.654,-1.170112762,-2.686568903,17.12160744,86
168.667,-1.170112762,-2.71952545,17.12779595,85.9
168.679,-1.170112762,-2.752481998,17.12160744,86
168.692,-1.170971245,-2.786659158,17.12779595,85.9
168.705,-1.170112762,-2.786659158,17.09209508,85.9
168.717,-1.170971245,-2.819615705,17.09209508,85.9
168.73,-1.16968352,-2.819615705,17.08590657,86
168.743,-1.170112762,-2.852572252,17.08590657,86
168.756,-1.170112762,-2.852572252,17.09209508,85.9
168.768,-1.170112762,-2.885528799,17.09209508,85.9
168.781,-1.170112762,-2.885528799,17.18590657,85.9
168.794,-1.170112762,-2.918485347,17.27971806,85.9
168.806,-1.16968352,-2.918485347,17.18590657,85.9
168.819,-1.170112762,-2.952662507,17.18590657,85.9
168.832,-1.16968352,-2.952662507,17.18590657,85.9
168.844,-1.170112762,-2.952662507,17.18590657,85.9
168.857,-1.16968352,-2.952662507,17.18590657,85.9
168.87,-1.170112762,-2.952662507,17.18590657,85.9
168.883,-1.16968352,-2.952662507,17.18590657,85.9
168.895,-1.170112762,-2.952662507,17.18590657,85.9
168.908,-1.16968352,-2.952662507,17.18590657,85.9
168.921,-1.16968352,-2.918485347,17.18590657,85.9
168.933,-1.16968352,-2.918485347,17.08590657,86
168.946,-1.170112762,-2.918485347,17.06829449,85.9
168.959,-1.16968352,-2.885528799,17.06210599,86
168.971,-1.16968352,-2.852572252,17.18590657,85.9
168.984,-1.16968352,-2.852572252,17.08590657,86
168.997,-1.170112762,-2.819615705,17.09209508,85.9
169.01,-1.170112762,-2.786659158,17.08590657,86
169.022,-1.170112762,-2.786659158,17.09209508,85.9
169.035,-1.170112762,-2.752481998,17.12160744,86
169.048,-1.170112762,-2.71952545,17.12779595,85.9
169.06,-1.170112762,-2.686568903,17.09209508,85.9
169.073,-1.170112762,-2.653612356,17.12779595,85.9
169.086,-1.170112762,-2.620655809,17.12779595,85.9
169.099,-1.16968352,-2.587699262,17.22160744,85.9
169.111,-1.170112762,-2.553522102,17.22160744,85.9
169.124,-1.16968352,-2.520565554,17.22160744,85.9
169.137,-1.170112762,-2.487609007,17.25730832,85.9
169.149,-1.16968352,-2.45465246,17.25730832,85.9
169.162,-1.170112762,-2.421695913,17.26349682,85.8
169.175,-1.16968352,-2.354562206,17.25730832,85.9
169.187,-1.170112762,-2.321605658,17.26349682,85.8
169.2,-1.16968352,-2.288649111,17.25730832,85.9
169.213,-1.170112762,-2.255692564,17.1991977,85.9
169.226,-1.170112762,-2.18977947,17.19300919,86
169.238,-1.170112762,-2.155602309,17.2991977,85.8
169.251,-1.170112762,-2.122645762,17.29300919,85.9
169.264,-1.170971245,-2.089689215,17.2991977,85.8
169.276,-1.170112762,-2.056732668,17.22299828,85.9
169.289,-1.170971245,-2.023776121,17.22299828,85.9
169.302,-1.170112762,-2.023776121,17.22299828,85.9
169.314,-1.170112762,-1.989598961,17.21680977,86
169.327,-1.170112762,-1.989598961,17.22299828,85.9
169.34,-1.170112762,-1.956642413,17.22299828,85.9
169.353,-1.170971245,-1.923685866,17.22299828,85.9
169.365,-1.170971245,-1.923685866,17.25251064,86
169.378,-1.170971245,-1.923685866,17.25869915,85.9
169.391,-1.170112762,-1.923685866,17.35251064,85.9
169.403,-1.170971245,-1.890729319,17.35251064,85.9
169.416,-1.170112762,-1.890729319,17.34632214,86
169.429,-1.170971245,-1.890729319,17.45251064,85.8
169.442,-1.170112762,-1.857772772,17.34632214,86
169.454,-1.170971245,-1.857772772,17.45251064,85.8
169.467,-1.170112762,-1.890729319,17.44632214,85.9
169.48,-1.170971245,-1.890729319,17.35251064,85.9
169.492,-1.170112762,-1.890729319,17.25869915,85.9
169.505,-1.170971245,-1.890729319,17.25251064,86
169.518,-1.170112762,-1.890729319,17.25869915,85.9
169.53,-1.170971245,-1.923685866,17.25251064,86
169.543,-1.170971245,-1.923685866,17.25869915,85.9
169.556,-1.170971245,-1.956642413,17.25251064,86
169.569,-1.170112762,-1.956642413,17.25869915,85.9
169.581,-1.170971245,-1.989598961,17.21680977,86
169.594,-1.170971245,-1.989598961,17.22299828,85.9
169.607,-1.170112762,-2.023776121,17.21680977,86
169.619,-1.170971245,-2.056732668,17.22299828,85.9
169.632,-1.170971245,-2.089689215,17.21680977,86
169.645,-1.170971245,-2.122645762,17.22918679,85.8
169.657,-1.170971245,-2.122645762,17.21680977,86
169.67,-1.170971245,-2.155602309,17.22299828,85.9
169.683,-1.170112762,-2.18977947,17.21680977,86
169.696,-1.170971245,-2.222736017,17.22299828,85.9
169.708,-1.170971245,-2.222736017,17.21680977,86
169.721,-1.170971245,-2.255692564,17.29300919,85.9
169.734,-1.170112762,-2.288649111,17.29300919,85.9
169.746,-1.170971245,-2.288649111,17.29300919,85.9
169.759,-1.170112762,-2.321605658,17.2991977,85.8
169.772,-1.170971245,-2.321605658,17.29300919,85.9
169.785,-1.170112762,-2.354562206,17.29300919,85.9
169.797,-1.170971245,-2.388739366,17.25730832,85.9
169.81,-1.170112762,-2.421695913,17.25730832,85.9
169.823,-1.170971245,-2.45465246,17.25730832,85.9
169.835,-1.170112762,-2.45465246,17.25730832,85.9
169.848,-1.170112762,-2.487609007,17.22160744,85.9
169.861,-1.170112762,-2.520565554,17.22779595,85.8
169.873,-1.170971245,-2.553522102,17.22160744,85.9
169.886,-1.170112762,-2.553522102,17.12160744,86
169.899,-1.170112762,-2.587699262,17.12160744,86
169.912,-1.170112762,-2.587699262,17.12160744,86
169.924,-1.170112762,-2.620655809,17.12160744,86
169.937,-1.170112762,-2.620655809,17.12779595,85.9
169.95,-1.170112762,-2.653612356,17.12779595,85.9
169.962,-1.170112762,-2.653612356,17.12779595,85.9
169.975,-1.170112762,-2.653612356,17.12779595,85.9
169.988,-1.170112762,-2.653612356,17.12160744,86
170,-1.170112762,-2.653612356,17.12160744,86
170.013,-1.170112762,-2.653612356,17.12160744,86
170.026,-1.170112762,-2.653612356,17.12779595,85.9
170.039,-1.170971245,-2.653612356,17.12779595,85.9
170.051,-1.170112762,-2.653612356,17.12779595,85.9
170.064,-1.170112762,-2.653612356,17.12779595,85.9
170.077,-1.170112762,-2.653612356,17.12160744,86
170.089,-1.170112762,-2.653612356,17.12779595,85.9
170.102,-1.170112762,-2.620655809,17.12779595,85.9
170.115,-1.170112762,-2.620655809,17.12779595,85.9
170.128,-1.16968352,-2.587699262,17.12779595,85.9
170.14,-1.170112762,-2.587699262,17.12779595,85.9
170.153,-1.16968352,-2.587699262,17.12160744,86
170.166,-1.170112762,-2.587699262,17.12779595,85.9
170.178,-1.170112762,-2.553522102,17.12160744,86
170.191,-1.170112762,-2.520565554,17.12779595,85.9
170.204,-1.170112762,-2.520565554,17.12779595,85.9
170.216,-1.170112762,-2.487609007,17.16349682,85.9
170.229,-1.16968352,-2.45465246,17.15730832,86
170.242,-1.170112762,-2.421695913,17.25730832,85.9
170.255,-1.170112762,-2.388739366,17.25730832,85.9
170.267,-1.170112762,-2.388739366,17.25730832,85.9
170.28,-1.170112762,-2.354562206,17.25730832,85.9
170.293,-1.16968352,-2.354562206,17.25111981,86
170.305,-1.170112762,-2.321605658,17.26349682,85.8
170.318,-1.170112762,-2.321605658,17.25111981,86
170.331,-1.170112762,-2.288649111,17.26349682,85.8
170.343,-1.170112762,-2.255692564,17.25111981,86
170.356,-1.170971245,-2.255692564,17.26349682,85.8
170.369,-1.170112762,-2.222736017,17.28682068,86
170.382,-1.170971245,-2.222736017,17.2053862,85.8
170.394,-1.170112762,-2.18977947,17.19300919,86
170.407,-1.170971245,-2.155602309,17.1991977,85.9
170.42,-1.170112762,-2.155602309,17.19300919,86
170.432,-1.170971245,-2.122645762,17.2991977,85.8
170.445,-1.170112762,-2.089689215,17.2991977,85.8
170.458,-1.170112762,-2.089689215,17.1991977,85.9
170.471,-1.170112762,-2.056732668,17.22299828,85.9
170.483,-1.170112762,-2.056732668,17.21680977,86
170.496,-1.170112762,-2.023776121,17.22299828,85.9
170.509,-1.170112762,-2.023776121,17.21680977,86
170.521,-1.170112762,-2.023776121,17.22299828,85.9
170.534,-1.170112762,-1.989598961,17.21680977,86
170.547,-1.170112762,-1.989598961,17.22918679,85.8
170.559,-1.170112762,-1.989598961,17.21680977,86
170.572,-1.170971245,-1.989598961,17.22918679,85.8
170.585,-1.170971245,-1.989598961,17.21680977,86
170.598,-1.170971245,-1.989598961,17.22299828,85.9
170.61,-1.170971245,-1.989598961,17.31680977,85.9
170.623,-1.170971245,-2.023776121,17.32299828,85.8
170.636,-1.170971245,-2.023776121,17.31062126,86
170.648,-1.170971245,-2.023776121,17.41680977,85.8
170.661,-1.170971245,-2.023776121,17.41062126,85.9
170.674,-1.170971245,-2.056732668,17.31680977,85.9
170.686,-1.170971245,-2.056732668,17.31680977,85.9
170.699,-1.170971245,-2.056732668,17.31680977,85.9
170.712,-1.170971245,-2.089689215,17.21680977,86
170.725,-1.170971245,-2.089689215,17.22299828,85.9
170.737,-1.170112762,-2.122645762,17.21680977,86
170.75,-1.170971245,-2.155602309,17.19300919,86
170.763,-1.170112762,-2.155602309,17.1991977,85.9
170.775,-1.170112762,-2.18977947,17.19300919,86
170.788,-1.170112762,-2.18977947,17.1991977,85.9
170.801,-1.170971245,-2.222736017,17.1991977,85.9
170.814,-1.170112762,-2.255692564,17.1991977,85.9
170.826,-1.170112762,-2.288649111,17.1991977,85.9
170.839,-1.16968352,-2.288649111,17.1991977,85.9
170.852,-1.170112762,-2.321605658,17.1991977,85.9
170.864,-1.170112762,-2.354562206,17.1991977,85.9
170.877,-1.170112762,-2.354562206,17.1991977,85.9
170.89,-1.170112762,-2.388739366,17.16349682,85.9
170.902,-1.170971245,-2.421695913,17.16349682,85.9
170.915,-1.170112762,-2.45465246,17.15730832,86
170.928,-1.170112762,-2.45465246,17.15730832,86
170.941,-1.170112762,-2.487609007,17.25730832,85.9
170.953,-1.170112762,-2.520565554,17.31541894,85.9
170.966,-1.170112762,-2.553522102,17.35111981,85.9
170.979,-1.170112762,-2.587699262,17.25730832,85.9
170.991,-1.170112762,-2.620655809,17.12779595,85.9
171.004,-1.170112762,-2.653612356,17.22160744,85.9
171.017,-1.170112762,-2.686568903,17.22779595,85.8
171.029,-1.170112762,-2.71952545,17.18590657,85.9
171.042,-1.170112762,-2.752481998,17.09209508,85.9
171.055,-1.170112762,-2.752481998,17.18590657,85.9
171.068,-1.170112762,-2.786659158,17.19209508,85.8
171.08,-1.16968352,-2.819615705,17.18590657,85.9
171.093,-1.170112762,-2.819615705,17.09209508,85.9
171.106,-1.16968352,-2.852572252,17.08590657,86
171.118,-1.170112762,-2.852572252,17.09209508,85.9
171.131,-1.170112762,-2.885528799,17.08590657,86
171.144,-1.170112762,-2.885528799,17.09209508,85.9
171.157,-1.170112762,-2.885528799,17.18590657,85.9
171.169,-1.170112762,-2.885528799,17.28590657,85.8
171.182,-1.170112762,-2.885528799,17.15591748,86
171.195,-1.170112762,-2.885528799,17.16210599,85.9
171.207,-1.16968352,-2.885528799,17.19209508,85.8
171.22,-1.16968352,-2.852572252,17.18590657,85.9
171.233,-1.16968352,-2.852572252,17.19209508,85.8
171.245,-1.16968352,-2.819615705,17.18590657,85.9
171.258,-1.16968352,-2.819615705,17.19209508,85.8
171.271,-1.16968352,-2.819615705,17.18590657,85.9
171.284,-1.16968352,-2.786659158,17.19209508,85.8
171.296,-1.16968352,-2.752481998,17.18590657,85.9
171.309,-1.16968352,-2.71952545,17.09828358,85.8
171.322,-1.16968352,-2.71952545,17.08590657,86
171.334,-1.170112762,-2.686568903,17.19209508,85.8
171.347,-1.170112762,-2.653612356,17.18590657,85.9
171.36,-1.170112762,-2.620655809,17.22779595,85.8
171.372,-1.170112762,-2.587699262,17.22160744,85.9
171.385,-1.170112762,-2.587699262,17.12779595,85.9
171.398,-1.170112762,-2.553522102,17.22160744,85.9
171.411,-1.170112762,-2.520565554,17.22779595,85.8
171.423,-1.170112762,-2.520565554,17.22160744,85.9
171.436,-1.170112762,-2.487609007,17.25730832,85.9
171.449,-1.170112762,-2.45465246,17.25730832,85.9
171.461,-1.170112762,-2.45465246,17.31541894,85.9
171.474,-1.16968352,-2.421695913,17.26349682,85.8
171.487,-1.170112762,-2.388739366,17.25730832,85.9
171.5,-1.16968352,-2.354562206,17.26349682,85.8
171.512,-1.170112762,-2.354562206,17.25730832,85.9
171.525,-1.170112762,-2.321605658,17.26349682,85.8
171.538,-1.170112762,-2.288649111,17.25111981,86
171.55,-1.170112762,-2.288649111,17.26349682,85.8
171.563,-1.170112762,-2.255692564,17.25730832,85.9
171.576,-1.170112762,-2.255692564,17.16349682,85.9
171.588,-1.170112762,-2.222736017,17.15730832,86
171.601,-1.170971245,-2.222736017,17.16349682,85.9
171.614,-1.170112762,-2.18977947,17.15730832,86
171.627,-1.170971245,-2.155602309,17.2991977,85.8
171.639,-1.170112762,-2.155602309,17.29300919,85.9
171.652,-1.170112762,-2.155602309,17.1991977,85.9
171.665,-1.170112762,-2.155602309,17.1991977,85.9
171.677,-1.170971245,-2.155602309,17.1991977,85.9
171.69,-1.170112762,-2.122645762,17.1991977,85.9
171.703,-1.170971245,-2.122645762,17.1991977,85.9
171.715,-1.170112762,-2.122645762,17.1991977,85.9
171.728,-1.170112762,-2.122645762,17.1991977,85.9
171.741,-1.170112762,-2.122645762,17.29300919,85.9
171.754,-1.170112762,-2.155602309,17.29300919,85.9
171.766,-1.170112762,-2.155602309,17.29300919,85.9
171.779,-1.170971245,-2.155602309,17.29300919,85.9
171.792,-1.170112762,-2.155602309,17.29300919,85.9
171.804,-1.170971245,-2.155602309,17.29300919,85.9
171.817,-1.170112762,-2.155602309,17.29300919,85.9
171.83,-1.170112762,-2.155602309,17.1991977,85.9
171.842,-1.170112762,-2.122645762,17.25730832,85.9
171.855,-1.170971245,-2.155602309,17.25730832,85.9
171.868,-1.170112762,-2.155602309,17.29300919,85.9
171.881,-1.170112762,-2.155602309,17.2991977,85.8
171.893,-1.170112762,-2.122645762,17.29300919,85.9
171.906,-1.170112762,-2.122645762,17.29300919,85.9
171.919,-1.170971245,-2.122645762,17.29300919,85.9
171.931,-1.170112762,-2.122645762,17.29300919,85.9
171.944,-1.170112762,-2.122645762,17.1991977,85.9
171.957,-1.170112762,-2.122645762,17.29300919,85.9
171.97,-1.170112762,-2.089689215,17.2991977,85.8
171.982,-1.170112762,-2.122645762,17.29300919,85.9
171.995,-1.170971245,-2.122645762,17.1991977,85.9
172.008,-1.170112762,-2.089689215,17.19300919,86
172.02,-1.170112762,-2.089689215,17.1991977,85.9
172.033,-1.16968352,-2.089689215,17.19300919,86
172.046,-1.170112762,-2.089689215,17.2053862,85.8
172.058,-1.16968352,-2.089689215,17.31680977,85.9
172.071,-1.170112762,-2.089689215,17.2991977,85.8
172.084,-1.170112762,-2.089689215,17.38682068,85.9
172.097,-1.170971245,-2.089689215,17.2991977,85.8
172.109,-1.170971245,-2.089689215,17.19300919,86
172.122,-1.170971245,-2.089689215,17.2991977,85.8
172.135,-1.170971245,-2.089689215,17.29300919,85.9
172.147,-1.170971245,-2.089689215,17.2991977,85.8
172.16,-1.170971245,-2.089689215,17.29300919,85.9
172.173,-1.170971245,-2.089689215,17.29300919,85.9
172.186,-1.170971245,-2.089689215,17.2991977,85.8
172.198,-1.170112762,-2.089689215,17.29300919,85.9
172.211,-1.170112762,-2.089689215,17.2991977,85.8
172.224,-1.170112762,-2.089689215,17.31680977,85.9
172.236,-1.170112762,-2.089689215,17.32299828,85.8
172.249,-1.170112762,-2.089689215,17.31680977,85.9
172.262,-1.170971245,-2.089689215,17.2991977,85.8
172.274,-1.170112762,-2.089689215,17.19300919,86
172.287,-1.170971245,-2.089689215,17.2053862,85.8
172.3,-1.170112762,-2.122645762,17.29300919,85.9
172.313,-1.170971245,-2.122645762,17.2991977,85.8
172.325,-1.170112762,-2.155602309,17.29300919,85.9
172.338,-1.170971245,-2.155602309,17.2053862,85.8
172.351,-1.170112762,-2.155602309,17.1991977,85.9
172.363,-1.170971245,-2.155602309,17.39300919,85.8
172.376,-1.170112762,-2.18977947,17.39300919,85.8
172.389,-1.170112762,-2.18977947,17.29300919,85.9
172.401,-1.170112762,-2.18977947,17.1991977,85.9
172.414,-1.170112762,-2.222736017,17.25730832,85.9
172.427,-1.170112762,-2.222736017,17.2991977,85.8
172.44,-1.170112762,-2.255692564,17.29300919,85.9
172.452,-1.170112762,-2.255692564,17.2991977,85.8
172.465,-1.170112762,-2.288649111,17.29300919,85.9
172.478,-1.170112762,-2.288649111,17.26349682,85.8
172.49,-1.170112762,-2.321605658,17.25730832,85.9
172.503,-1.170112762,-2.321605658,17.26349682,85.8
172.516,-1.170112762,-2.354562206,17.25730832,85.9
172.529,-1.170112762,-2.354562206,17.26349682,85.8
172.541,-1.170112762,-2.354562206,17.16349682,85.9
172.554,-1.170112762,-2.388739366,17.26349682,85.8
172.567,-1.170112762,-2.388739366,17.16349682,85.9
172.579,-1.170971245,-2.421695913,17.16349682,85.9
172.592,-1.170112762,-2.421695913,17.12779595,85.9
172.605,-1.170112762,-2.45465246,17.12779595,85.9
172.617,-1.170112762,-2.487609007,17.25730832,85.9
172.63,-1.170971245,-2.487609007,17.25730832,85.9
172.643,-1.170112762,-2.487609007,17.35730832,85.8
172.656,-1.170112762,-2.520565554,17.22160744,85.9
172.668,-1.170112762,-2.520565554,17.32160744,85.8
172.681,-1.170112762,-2.520565554,17.32160744,85.8
172.694,-1.16968352,-2.553522102,17.32160744,85.8
172.706,-1.170112762,-2.553522102,17.32160744,85.8
172.719,-1.16968352,-2.587699262,17.22160744,85.9
172.732,-1.170112762,-2.587699262,17.22160744,85.9
172.744,-1.16968352,-2.587699262,17.22160744,85.9
172.757,-1.170112762,-2.620655809,17.22779595,85.8
172.77,-1.16968352,-2.620655809,17.22160744,85.9
172.783,-1.170112762,-2.620655809,17.22779595,85.8
172.795,-1.170112762,-2.620655809,17.22160744,85.9
172.808,-1.170112762,-2.620655809,17.12779595,85.9
172.821,-1.170112762,-2.620655809,17.08590657,86
172.833,-1.170112762,-2.620655809,17.09209508,85.9
172.846,-1.170112762,-2.620655809,17.22160744,85.9
172.859,-1.170112762,-2.620655809,17.22779595,85.8
172.872,-1.170971245,-2.620655809,17.22160744,85.9
172.884,-1.170112762,-2.620655809,17.22779595,85.8
172.897,-1.170112762,-2.620655809,17.08590657,86
172.91,-1.170112762,-2.620655809,17.18590657,85.9
172.922,-1.170112762,-2.587699262,17.09209508,85.9
172.935,-1.170112762,-2.587699262,17.12779595,85.9
172.948,-1.170112762,-2.587699262,17.12779595,85.9
172.96,-1.170112762,-2.553522102,17.12779595,85.9
172.973,-1.170112762,-2.553522102,17.12779595,85.9
172.986,-1.16968352,-2.520565554,17.22160744,85.9
172.999,-1.170112762,-2.520565554,17.22779595,85.8
173.011,-1.16968352,-2.520565554,17.21541894,86
173.024,-1.170112762,-2.487609007,17.32779595,85.7
173.037,-1.16968352,-2.45465246,17.31541894,85.9
173.049,-1.170112762,-2.421695913,17.35730832,85.8
173.062,-1.16968352,-2.421695913,17.31541894,85.9
173.075,-1.170112762,-2.388739366,17.32160744,85.8
173.087,-1.170112762,-2.388739366,17.31541894,85.9
173.1,-1.170971245,-2.354562206,17.25730832,85.9
173.113,-1.170112762,-2.354562206,17.25730832,85.9
173.126,-1.170971245,-2.321605658,17.25730832,85.9
173.138,-1.170112762,-2.321605658,17.25730832,85.9
173.151,-1.170112762,-2.288649111,17.25730832,85.9
173.164,-1.170112762,-2.288649111,17.25730832,85.9
173.176,-1.170112762,-2.255692564,17.25730832,85.9
173.189,-1.170112762,-2.222736017,17.26349682,85.8
173.202,-1.16968352,-2.222736017,17.25730832,85.9
173.215,-1.170112762,-2.18977947,17.2053862,85.8
173.227,-1.170112762,-2.18977947,17.19300919,86
173.24,-1.170112762,-2.155602309,17.2991977,85.8
173.253,-1.170112762,-2.155602309,17.29300919,85.9
173.265,-1.170971245,-2.122645762,17.2991977,85.8
173.278,-1.170112762,-2.089689215,17.29300919,85.9
173.291,-1.170112762,-2.089689215,17.2991977,85.8
173.303,-1.170112762,-2.056732668,17.29300919,85.9
173.316,-1.170971245,-2.023776121,17.29300919,85.9
173.329,-1.170112762,-2.023776121,17.31680977,85.9
173.342,-1.170971245,-1.989598961,17.31680977,85.9
173.354,-1.170112762,-1.989598961,17.32299828,85.8
173.367,-1.170971245,-1.956642413,17.21680977,86
173.38,-1.170971245,-1.956642413,17.32299828,85.8
173.392,-1.170971245,-1.923685866,17.21680977,86
173.405,-1.170112762,-1.923685866,17.22299828,85.9
173.418,-1.170971245,-1.890729319,17.22299828,85.9
173.43,-1.170971245,-1.890729319,17.22299828,85.9
173.443,-1.170971245,-1.890729319,17.31680977,85.9
173.456,-1.170971245,-1.890729319,17.25869915,85.9
173.469,-1.170971245,-1.890729319,17.25869915,85.9
173.481,-1.170971245,-1.857772772,17.22299828,85.9
173.494,-1.170971245,-1.857772772,17.22299828,85.9
173.507,-1.170971245,-1.857772772,17.22299828,85.9
173.519,-1.170971245,-1.857772772,17.31680977,85.9
173.532,-1.170971245,-1.890729319,17.45251064,85.8
173.545,-1.170971245,-1.890729319,17.35251064,85.9
173.557,-1.171829728,-1.890729319,17.35251064,85.9
173.57,-1.170971245,-1.890729319,17.35251064,85.9
173.583,-1.170971245,-1.890729319,17.31680977,85.9
173.596,-1.170971245,-1.890729319,17.31680977,85.9
173.608,-1.170971245,-1.890729319,17.31680977,85.9
173.621,-1.170971245,-1.890729319,17.32299828,85.8
173.634,-1.170971245,-1.923685866,17.35251064,85.9
173.646,-1.170112762,-1.923685866,17.35251064,85.9
173.659,-1.170971245,-1.923685866,17.31680977,85.9
173.672,-1.170112762,-1.956642413,17.32299828,85.8
173.685,-1.170971245,-1.956642413,17.32299828,85.8
173.697,-1.170112762,-1.989598961,17.31680977,85.9
173.71,-1.170971245,-1.989598961,17.32299828,85.8
173.723,-1.170112762,-2.023776121,17.32299828,85.8
173.735,-1.170971245,-2.023776121,17.32299828,85.8
173.748,-1.170112762,-2.056732668,17.29300919,85.9
173.761,-1.170971245,-2.089689215,17.2991977,85.8
173.773,-1.170112762,-2.122645762,17.19300919,86
173.786,-1.170971245,-2.155602309,17.2991977,85.8
173.799,-1.170112762,-2.18977947,17.2991977,85.8
173.812,-1.170971245,-2.18977947,17.2991977,85.8
173.824,-1.170971245,-2.222736017,17.29300919,85.9
173.837,-1.170971245,-2.288649111,17.1991977,85.9
173.85,-1.170971245,-2.288649111,17.15730832,86
173.862,-1.170112762,-2.321605658,17.25730832,85.9
173.875,-1.170112762,-2.354562206,17.35730832,85.8
173.888,-1.170112762,-2.388739366,17.35730832,85.8
173.901,-1.170112762,-2.421695913,17.32160744,85.8
173.913,-1.170112762,-2.487609007,17.22160744,85.9
173.926,-1.170112762,-2.520565554,17.22160744,85.9
173.939,-1.16968352,-2.553522102,17.22160744,85.9
173.951,-1.170112762,-2.587699262,17.22779595,85.8
173.964,-1.170112762,-2.653612356,17.22160744,85.9
173.977,-1.170112762,-2.686568903,17.19209508,85.8
173.989,-1.16968352,-2.71952545,17.18590657,85.9
174.002,-1.170112762,-2.752481998,17.19209508,85.8
174.015,-1.16968352,-2.786659158,17.09209508,85.9
174.028,-1.170112762,-2.852572252,17.09209508,85.9
174.04,-1.170112762,-2.852572252,17.09209508,85.9
174.053,-1.170112762,-2.885528799,17.06829449,85.9
174.066,-1.170112762,-2.918485347,17.06829449,85.9
174.078,-1.170112762,-2.952662507,17.16210599,85.9
174.091,-1.170112762,-2.985619054,17.16829449,85.8
174.104,-1.170112762,-3.018575601,17.16829449,85.8
174.116,-1.16968352,-3.018575601,17.16829449,85.8
174.129,-1.16968352,-3.051532148,17.16210599,85.9
174.142,-1.16968352,-3.051532148,17.16829449,85.8
174.155,-1.16968352,-3.084488695,17.22021661,85.9
174.167,-1.16968352,-3.084488695,17.22640511,85.8
174.18,-1.16968352,-3.084488695,17.12640511,85.9
174.193,-1.170112762,-3.084488695,17.16829449,85.8
174.205,-1.16968352,-3.084488695,17.12640511,85.9
174.218,-1.170112762,-3.051532148,17.13259362,85.8
174.231,-1.16968352,-3.051532148,17.16210599,85.9
174.243,-1.170112762,-3.051532148,17.16829449,85.8
174.256,-1.16968352,-3.018575601,17.16210599,85.9
174.269,-1.170112762,-2.985619054,17.16829449,85.8
174.282,-1.16968352,-2.952662507,17.16829449,85.8
174.294,-1.170112762,-2.918485347,17.16829449,85.8
174.307,-1.168825037,-2.885528799,17.16829449,85.8
174.32,-1.16968352,-2.852572252,17.16210599,85.9
174.332,-1.16968352,-2.819615705,17.19209508,85.8
174.345,-1.16968352,-2.752481998,17.18590657,85.9
174.358,-1.16968352,-2.71952545,17.19209508,85.8
174.371,-1.170112762,-2.686568903,17.18590657,85.9
174.383,-1.16968352,-2.653612356,17.19828358,85.7
174.396,-1.16968352,-2.620655809,17.22160744,85.9
174.409,-1.16968352,-2.553522102,17.22779595,85.8
174.421,-1.16968352,-2.520565554,17.22160744,85.9
174.434,-1.170112762,-2.45465246,17.22160744,85.9
174.447,-1.170112762,-2.421695913,17.31541894,85.9
174.459,-1.170112762,-2.354562206,17.35730832,85.8
174.472,-1.170112762,-2.288649111,17.35111981,85.9
174.485,-1.170112762,-2.255692564,17.35730832,85.8
174.498,-1.170112762,-2.18977947,17.35730832,85.8
174.51,-1.170971245,-2.155602309,17.35730832,85.8
174.523,-1.170112762,-2.089689215,17.39300919,85.8
174.536,-1.170971245,-2.056732668,17.29300919,85.9
174.548,-1.170971245,-2.023776121,17.29300919,85.9
174.561,-1.170971245,-1.956642413,17.22299828,85.9
174.574,-1.170112762,-1.923685866,17.22299828,85.9
174.586,-1.170971245,-1.890729319,17.22299828,85.9
174.599,-1.170112762,-1.857772772,17.22299828,85.9
174.612,-1.170971245,-1.790639065,17.25869915,85.9
174.625,-1.170112762,-1.757682517,17.25869915,85.9
174.637,-1.170971245,-1.72472597,17.25869915,85.9
174.65,-1.170112762,-1.72472597,17.25869915,85.9
174.663,-1.170971245,-1.691769423,17.25869915,85.9
174.675,-1.170971245,-1.658812876,17.25869915,85.9
174.688,-1.171829728,-1.658812876,17.25869915,85.9
174.701,-1.170971245,-1.658812876,17.25869915,85.9
174.714,-1.170971245,-1.658812876,17.25869915,85.9
174.726,-1.170971245,-1.625856329,17.29440003,85.9
174.739,-1.170971245,-1.625856329,17.29440003,85.9
174.752,-1.170971245,-1.625856329,17.29440003,85.9
174.764,-1.171829728,-1.625856329,17.25869915,85.9
174.777,-1.170971245,-1.658812876,17.25869915,85.9
174.79,-1.171829728,-1.658812876,17.29440003,85.9
174.802,-1.170971245,-1.658812876,17.38821152,85.9
174.815,-1.170971245,-1.691769423,17.48821152,85.8
174.828,-1.170971245,-1.72472597,17.48202301,85.9
174.841,-1.170971245,-1.72472597,17.39440003,85.8
174.853,-1.170971245,-1.757682517,17.25869915,85.9
174.866,-1.170971245,-1.790639065,17.35869915,85.8
174.879,-1.170971245,-1.824816225,17.35869915,85.8
174.891,-1.170971245,-1.857772772,17.35251064,85.9
174.904,-1.171829728,-1.890729319,17.35869915,85.8
174.917,-1.170971245,-1.923685866,17.31680977,85.9
174.93,-1.170971245,-1.989598961,17.32299828,85.8
174.942,-1.170112762,-2.023776121,17.31680977,85.9
174.955,-1.170971245,-2.056732668,17.32299828,85.8
174.968,-1.170971245,-2.089689215,17.31680977,85.9
174.98,-1.170971245,-2.155602309,17.32299828,85.8
174.993,-1.170971245,-2.18977947,17.29300919,85.9
175.006,-1.170971245,-2.255692564,17.2991977,85.8
175.018,-1.170971245,-2.288649111,17.25730832,85.9
175.031,-1.170971245,-2.354562206,17.25730832,85.9
175.044,-1.170112762,-2.421695913,17.26349682,85.8
175.057,-1.170971245,-2.487609007,17.22160744,85.9
175.069,-1.170112762,-2.553522102,17.22779595,85.8
175.082,-1.170112762,-2.587699262,17.22160744,85.9
175.095,-1.170112762,-2.653612356,17.22779595,85.8
175.107,-1.170112762,-2.686568903,17.27971806,85.9
175.12,-1.170112762,-2.752481998,17.28590657,85.8
175.133,-1.170112762,-2.786659158,17.17971806,86
175.145,-1.170112762,-2.852572252,17.19209508,85.8
175.158,-1.170112762,-2.885528799,17.25591748,85.9
175.171,-1.170112762,-2.952662507,17.16829449,85.8
175.184,-1.16968352,-2.985619054,17.16210599,85.9
175.196,-1.170112762,-3.018575601,17.16829449,85.8
175.209,-1.16968352,-3.084488695,17.16210599,85.9
175.222,-1.170112762,-3.117445243,17.23259362,85.7
175.234,-1.16968352,-3.151622403,17.12640511,85.9
175.247,-1.170112762,-3.151622403,17.13259362,85.8
175.26,-1.16968352,-3.18457895,17.13259362,85.8
175.272,-1.16968352,-3.18457895,17.12640511,85.9
175.285,-1.16968352,-3.217535497,17.13259362,85.8
175.298,-1.16968352,-3.217535497,17.12640511,85.9
175.311,-1.16968352,-3.217535497,17.13259362,85.8
175.323,-1.16968352,-3.217535497,17.12640511,85.9
175.336,-1.16968352,-3.18457895,17.13259362,85.8
175.349,-1.16968352,-3.151622403,17.02640511,86
175.361,-1.16968352,-3.151622403,17.13878213,85.7
175.374,-1.16968352,-3.117445243,17.12640511,85.9
175.387,-1.16968352,-3.084488695,17.13259362,85.8
175.4,-1.16968352,-3.051532148,17.02640511,86
175.412,-1.16968352,-3.018575601,17.16829449,85.8
175.425,-1.16968352,-2.985619054,17.16210599,85.9
175.438,-1.16968352,-2.918485347,17.23259362,85.7
175.45,-1.170112762,-2.852572252,17.26210599,85.8
175.463,-1.170112762,-2.819615705,17.26210599,85.8
175.476,-1.16968352,-2.786659158,17.25591748,85.9
175.488,-1.16968352,-2.71952545,17.28590657,85.8
175.501,-1.170112762,-2.653612356,17.28590657,85.8
175.514,-1.170112762,-2.620655809,17.28590657,85.8
175.527,-1.16968352,-2.587699262,17.18590657,85.9
175.539,-1.170112762,-2.520565554,17.22779595,85.8
175.552,-1.16968352,-2.487609007,17.22779595,85.8
175.565,-1.170112762,-2.421695913,17.22779595,85.8
175.577,-1.16968352,-2.354562206,17.22779595,85.8
175.59,-1.170112762,-2.321605658,17.22779595,85.8
175.603,-1.16968352,-2.288649111,17.16349682,85.9
175.616,-1.170112762,-2.255692564,17.26349682,85.8
175.628,-1.16968352,-2.222736017,17.26349682,85.8
175.641,-1.170112762,-2.18977947,17.26349682,85.8
175.654,-1.16968352,-2.155602309,17.16349682,85.9
175.666,-1.170112762,-2.122645762,17.2991977,85.8
175.679,-1.16968352,-2.089689215,17.2991977,85.8
175.692,-1.170112762,-2.056732668,17.1991977,85.9
175.704,-1.16968352,-2.056732668,17.1991977,85.9
175.717,-1.170112762,-2.056732668,17.2991977,85.8
175.73,-1.170112762,-2.023776121,17.29300919,85.9
175.743,-1.170112762,-2.023776121,17.2991977,85.8
175.755,-1.170112762,-2.023776121,17.29300919,85.9
175.768,-1.170112762,-2.023776121,17.39300919,85.8
175.781,-1.170112762,-2.023776121,17.38682068,85.9
175.793,-1.170112762,-2.023776121,17.38682068,85.9
175.806,-1.170112762,-2.023776121,17.39300919,85.8
175.819,-1.16968352,-2.056732668,17.29300919,85.9
175.831,-1.16968352,-2.056732668,17.2991977,85.8
175.844,-1.16968352,-2.056732668,17.29300919,85.9
175.857,-1.170112762,-2.056732668,17.3991977,85.7
175.87,-1.16968352,-2.089689215,17.39300919,85.8
175.882,-1.170112762,-2.089689215,17.2991977,85.8
175.895,-1.16968352,-2.122645762,17.29300919,85.9
175.908,-1.170112762,-2.155602309,17.2991977,85.8
175.92,-1.16968352,-2.155602309,17.29300919,85.9
175.933,-1.170112762,-2.18977947,17.2991977,85.8
175.946,-1.170112762,-2.222736017,17.29300919,85.9
175.958,-1.170112762,-2.255692564,17.26349682,85.8
175.971,-1.170112762,-2.255692564,17.25730832,85.9
175.984,-1.170112762,-2.288649111,17.26349682,85.8
175.997,-1.170112762,-2.321605658,17.25730832,85.9
176.009,-1.170112762,-2.354562206,17.25730832,85.9
176.022,-1.16968352,-2.354562206,17.35730832,85.8
176.035,-1.16968352,-2.421695913,17.35730832,85.8
176.047,-1.16968352,-2.421695913,17.36349682,85.7
176.06,-1.170112762,-2.45465246,17.32160744,85.8
176.073,-1.170112762,-2.487609007,17.32779595,85.7
176.086,-1.170112762,-2.520565554,17.31541894,85.9
176.098,-1.170112762,-2.553522102,17.32779595,85.7
176.111,-1.170112762,-2.553522102,17.31541894,85.9
176.124,-1.170112762,-2.587699262,17.32779595,85.7
176.136,-1.170112762,-2.620655809,17.22160744,85.9
176.149,-1.170971245,-2.620655809,17.19209508,85.8
176.162,-1.170112762,-2.653612356,17.18590657,85.9
176.174,-1.170112762,-2.686568903,17.19209508,85.8
176.187,-1.170112762,-2.686568903,17.18590657,85.9
176.2,-1.170971245,-2.71952545,17.19209508,85.8
176.213,-1.170112762,-2.71952545,17.19209508,85.8
176.225,-1.170112762,-2.71952545,17.19209508,85.8
176.238,-1.16968352,-2.71952545,17.19209508,85.8
176.251,-1.170112762,-2.71952545,17.18590657,85.9
176.263,-1.16968352,-2.71952545,17.19209508,85.8
176.276,-1.170112762,-2.71952545,17.18590657,85.9
176.289,-1.16968352,-2.71952545,17.19209508,85.8
176.301,-1.170112762,-2.71952545,17.18590657,85.9
176.314,-1.16968352,-2.686568903,17.09828358,85.8
176.327,-1.170112762,-2.686568903,17.09209508,85.9
176.34,-1.170112762,-2.686568903,17.09828358,85.8
176.352,-1.16968352,-2.653612356,17.09209508,85.9
176.365,-1.170112762,-2.620655809,17.22779595,85.8
176.378,-1.16968352,-2.620655809,17.22160744,85.9
176.39,-1.170112762,-2.587699262,17.32779595,85.7
176.403,-1.170112762,-2.553522102,17.31541894,85.9
176.416,-1.170112762,-2.520565554,17.32160744,85.8
176.429,-1.170112762,-2.520565554,17.32160744,85.8
176.441,-1.170112762,-2.487609007,17.32160744,85.8
176.454,-1.170112762,-2.45465246,17.32160744,85.8
176.467,-1.170112762,-2.421695913,17.22779595,85.8
176.479,-1.16968352,-2.388739366,17.22160744,85.9
176.492,-1.170112762,-2.388739366,17.22779595,85.8
176.505,-1.170112762,-2.354562206,17.32160744,85.8
176.517,-1.170112762,-2.321605658,17.26349682,85.8
176.53,-1.170112762,-2.321605658,17.25730832,85.9
176.543,-1.170112762,-2.288649111,17.26349682,85.8
176.556,-1.16968352,-2.255692564,17.25730832,85.9
176.568,-1.170112762,-2.222736017,17.26349682,85.8
176.581,-1.16968352,-2.18977947,17.25730832,85.9
176.594,-1.170112762,-2.18977947,17.2991977,85.8
176.606,-1.16968352,-2.155602309,17.2991977,85.8
176.619,-1.170112762,-2.122645762,17.2991977,85.8
176.632,-1.16968352,-2.089689215,17.2991977,85.8
176.645,-1.170112762,-2.089689215,17.2991977,85.8
176.657,-1.170112762,-2.056732668,17.38682068,85.9
176.67,-1.170112762,-2.023776121,17.39300919,85.8
176.683,-1.170112762,-2.023776121,17.29300919,85.9
176.695,-1.170112762,-1.989598961,17.32299828,85.8
176.708,-1.170112762,-1.989598961,17.31680977,85.9
176.721,-1.170112762,-1.989598961,17.42299828,85.7
176.733,-1.170112762,-1.989598961,17.29300919,85.9
176.746,-1.170112762,-1.956642413,17.29300919,85.9
176.759,-1.170112762,-1.956642413,17.31680977,85.9
176.772,-1.170112762,-1.956642413,17.31680977,85.9
176.784,-1.170112762,-1.956642413,17.32299828,85.8
176.797,-1.170112762,-1.923685866,17.32299828,85.8
176.81,-1.170112762,-1.923685866,17.32299828,85.8
176.822,-1.16968352,-1.923685866,17.31680977,85.9
176.835,-1.170112762,-1.956642413,17.32299828,85.8
176.848,-1.170112762,-1.956642413,17.31680977,85.9
176.86,-1.170112762,-1.956642413,17.32299828,85.8
176.873,-1.170112762,-1.956642413,17.31680977,85.9
176.886,-1.170971245,-1.956642413,17.32299828,85.8
176.899,-1.170112762,-1.956642413,17.31680977,85.9
176.911,-1.170971245,-1.956642413,17.32299828,85.8
176.924,-1.170971245,-1.989598961,17.41062126,85.9
176.937,-1.170971245,-1.989598961,17.41680977,85.8
176.949,-1.170112762,-1.989598961,17.41062126,85.9
176.962,-1.170112762,-1.989598961,17.3991977,85.7
176.975,-1.170112762,-1.989598961,17.29300919,85.9
176.987,-1.170112762,-2.023776121,17.39300919,85.8
177,-1.170112762,-2.023776121,17.3991977,85.7
177.013,-1.170112762,-2.023776121,17.31680977,85.9
177.026,-1.170112762,-2.023776121,17.42299828,85.7
177.038,-1.170112762,-2.056732668,17.31680977,85.9
177.051,-1.170971245,-2.056732668,17.32299828,85.8
177.064,-1.170112762,-2.056732668,17.29300919,85.9
177.076,-1.170112762,-2.089689215,17.3053862,85.7
177.089,-1.170112762,-2.089689215,17.29300919,85.9
177.102,-1.170112762,-2.089689215,17.3053862,85.7
177.115,-1.170112762,-2.089689215,17.29300919,85.9
177.127,-1.170971245,-2.122645762,17.2991977,85.8
177.14,-1.170112762,-2.122645762,17.29300919,85.9
177.153,-1.170971245,-2.155602309,17.2991977,85.8
177.165,-1.170112762,-2.155602309,17.2991977,85.8
177.178,-1.170112762,-2.155602309,17.2991977,85.8
177.191,-1.170112762,-2.18977947,17.2991977,85.8
177.203,-1.170971245,-2.18977947,17.2991977,85.8
177.216,-1.170112762,-2.18977947,17.39300919,85.8
177.229,-1.170112762,-2.18977947,17.38682068,85.9
177.242,-1.170112762,-2.222736017,17.39300919,85.8
177.254,-1.170112762,-2.222736017,17.48682068,85.8
177.267,-1.170112762,-2.255692564,17.45730832,85.7
177.28,-1.170112762,-2.255692564,17.38682068,85.9
177.292,-1.170112762,-2.255692564,17.3991977,85.7
177.305,-1.170971245,-2.255692564,17.35730832,85.8
177.318,-1.170112762,-2.255692564,17.26349682,85.8
177.33,-1.170112762,-2.255692564,17.25730832,85.9
177.343,-1.170112762,-2.255692564,17.26349682,85.8
177.356,-1.170112762,-2.255692564,17.26349682,85.8
177.369,-1.170112762,-2.288649111,17.2991977,85.8
177.381,-1.170112762,-2.255692564,17.26349682,85.8
177.394,-1.170971245,-2.255692564,17.26349682,85.8
177.407,-1.170112762,-2.288649111,17.26349682,85.8
177.419,-1.170971245,-2.288649111,17.26349682,85.8
177.432,-1.170112762,-2.288649111,17.26349682,85.8
177.445,-1.170971245,-2.288649111,17.26349682,85.8
177.458,-1.170112762,-2.288649111,17.26349682,85.8
177.47,-1.170112762,-2.288649111,17.26349682,85.8
177.483,-1.170112762,-2.288649111,17.26349682,85.8
177.496,-1.170971245,-2.288649111,17.26349682,85.8
177.508,-1.16968352,-2.288649111,17.2991977,85.8
177.521,-1.170112762,-2.288649111,17.26349682,85.8
177.534,-1.16968352,-2.288649111,17.25730832,85.9
177.546,-1.170112762,-2.288649111,17.35730832,85.8
177.559,-1.16968352,-2.288649111,17.35730832,85.8
177.572,-1.170112762,-2.288649111,17.36349682,85.7
177.585,-1.170112762,-2.288649111,17.25730832,85.9
177.597,-1.170971245,-2.321605658,17.26349682,85.8
177.61,-1.170112762,-2.321605658,17.35730832,85.8
177.623,-1.170112762,-2.321605658,17.35730832,85.8
177.635,-1.170112762,-2.321605658,17.35111981,85.9
177.648,-1.170971245,-2.321605658,17.36349682,85.7
177.661,-1.170112762,-2.354562206,17.35730832,85.8
177.673,-1.170112762,-2.354562206,17.35730832,85.8
177.686,-1.170112762,-2.354562206,17.35730832,85.8
177.699,-1.170112762,-2.354562206,17.35730832,85.8
177.712,-1.170971245,-2.388739366,17.35730832,85.8
177.724,-1.170112762,-2.388739366,17.35730832,85.8
177.737,-1.170112762,-2.388739366,17.26349682,85.8
177.75,-1.170112762,-2.421695913,17.26349682,85.8
177.762,-1.170112762,-2.421695913,17.26349682,85.8
177.775,-1.16968352,-2.45465246,17.32160744,85.8
177.788,-1.170112762,-2.45465246,17.22779595,85.8
177.801,-1.16968352,-2.487609007,17.22160744,85.9
177.813,-1.170112762,-2.520565554,17.22779595,85.8
177.826,-1.16968352,-2.520565554,17.22160744,85.9
177.839,-1.16968352,-2.553522102,17.22779595,85.8
177.851,-1.16968352,-2.587699262,17.22160744,85.9
177.864,-1.170112762,-2.587699262,17.22779595,85.8
177.877,-1.170112762,-2.620655809,17.18590657,85.9
177.889,-1.170112762,-2.653612356,17.29209508,85.7
177.902,-1.170112762,-2.686568903,17.27971806,85.9
177.915,-1.170112762,-2.71952545,17.38590657,85.7
177.928,-1.170112762,-2.71952545,17.28590657,85.8
177.94,-1.170112762,-2.752481998,17.18590657,85.9
177.953,-1.16968352,-2.786659158,17.28590657,85.8
177.966,-1.16968352,-2.786659158,17.28590657,85.8
177.978,-1.16968352,-2.819615705,17.29209508,85.7
177.991,-1.16968352,-2.852572252,17.26210599,85.8
178.004,-1.16968352,-2.852572252,17.26829449,85.7
178.016,-1.170112762,-2.885528799,17.26210599,85.8
178.029,-1.170112762,-2.918485347,17.16829449,85.8
178.042,-1.170112762,-2.952662507,17.16210599,85.9
178.055,-1.170112762,-2.985619054,17.16829449,85.8
178.067,-1.16968352,-2.985619054,17.16210599,85.9
178.08,-1.170112762,-3.018575601,17.16829449,85.8
178.093,-1.16968352,-3.051532148,17.16210599,85.9
178.105,-1.16968352,-3.051532148,17.13259362,85.8
178.118,-1.16968352,-3.084488695,17.13259362,85.8
178.131,-1.16968352,-3.084488695,17.13259362,85.8
178.144,-1.16968352,-3.084488695,17.13259362,85.8
178.156,-1.170112762,-3.117445243,17.13259362,85.8
178.169,-1.16968352,-3.117445243,17.13878213,85.7
178.182,-1.16968352,-3.117445243,17.13259362,85.8
178.194,-1.16968352,-3.117445243,17.13259362,85.8
178.207,-1.16968352,-3.117445243,17.12640511,85.9
178.22,-1.16968352,-3.117445243,17.13259362,85.8
178.232,-1.16968352,-3.151622403,17.22640511,85.8
178.245,-1.16968352,-3.151622403,17.23259362,85.7
178.258,-1.16968352,-3.151622403,17.22640511,85.8
178.271,-1.16968352,-3.117445243,17.23259362,85.7
178.283,-1.16968352,-3.117445243,17.22640511,85.8
178.296,-1.16968352,-3.117445243,17.22640511,85.8
178.309,-1.16968352,-3.084488695,17.22640511,85.8
178.321,-1.170112762,-3.084488695,17.22640511,85.8
178.334,-1.16968352,-3.051532148,17.22640511,85.8
178.347,-1.170112762,-3.051532148,17.23259362,85.7
178.359,-1.16968352,-3.018575601,17.13259362,85.8
178.372,-1.170112762,-3.018575601,17.13259362,85.8
178.385,-1.16968352,-3.018575601,17.13259362,85.8
178.398,-1.16968352,-2.985619054,17.12640511,85.9
178.41,-1.16968352,-2.952662507,17.13259362,85.8
178.423,-1.170112762,-2.952662507,17.16829449,85.8
178.436,-1.16968352,-2.918485347,17.16829449,85.8
178.448,-1.16968352,-2.885528799,17.16829449,85.8
178.461,-1.16968352,-2.852572252,17.16829449,85.8
178.474,-1.16968352,-2.819615705,17.16829449,85.8
178.487,-1.168825037,-2.786659158,17.16829449,85.8
178.499,-1.16968352,-2.786659158,17.06829449,85.9
178.512,-1.16968352,-2.752481998,17.16829449,85.8
178.525,-1.16968352,-2.71952545,17.18590657,85.9
178.537,-1.168825037,-2.686568903,17.28590657,85.8
178.55,-1.16968352,-2.653612356,17.28590657,85.8
178.563,-1.168825037,-2.620655809,17.28590657,85.8
178.575,-1.16968352,-2.587699262,17.28590657,85.8
178.588,-1.16968352,-2.553522102,17.28590657,85.8
178.601,-1.170112762,-2.553522102,17.32160744,85.8
178.614,-1.16968352,-2.520565554,17.31541894,85.9
178.626,-1.170112762,-2.487609007,17.32160744,85.8
178.639,-1.170112762,-2.421695913,17.32160744,85.8
178.652,-1.170112762,-2.421695913,17.32160744,85.8
178.664,-1.170112762,-2.388739366,17.32160744,85.8
178.677,-1.16968352,-2.354562206,17.32160744,85.8
178.69,-1.170112762,-2.321605658,17.22160744,85.9
178.702,-1.16968352,-2.288649111,17.35730832,85.8
178.715,-1.16968352,-2.255692564,17.26349682,85.8
178.728,-1.16968352,-2.255692564,17.26349682,85.8
178.741,-1.170112762,-2.222736017,17.26349682,85.8
178.753,-1.16968352,-2.18977947,17.26349682,85.8
178.766,-1.170112762,-2.18977947,17.26349682,85.8
178.779,-1.16968352,-2.155602309,17.25730832,85.9
178.791,-1.170112762,-2.122645762,17.26349682,85.8
178.804,-1.170112762,-2.122645762,17.25730832,85.9
178.817,-1.170112762,-2.122645762,17.2991977,85.8
178.83,-1.170112762,-2.089689215,17.29300919,85.9
178.842,-1.170112762,-2.089689215,17.3991977,85.7
178.855,-1.170112762,-2.056732668,17.35730832,85.8
178.868,-1.170112762,-2.056732668,17.39300919,85.8
178.88,-1.170112762,-2.056732668,17.29300919,85.9
178.893,-1.170112762,-2.023776121,17.29300919,85.9
178.906,-1.170112762,-2.023776121,17.2991977,85.8
178.918,-1.170112762,-2.023776121,17.2991977,85.8
178.931,-1.170112762,-2.023776121,17.2991977,85.8
178.944,-1.170112762,-2.023776121,17.2991977,85.8
178.957,-1.170112762,-2.023776121,17.2991977,85.8
178.969,-1.170112762,-2.023776121,17.29300919,85.9
178.982,-1.170112762,-2.023776121,17.39300919,85.8
178.995,-1.170112762,-2.023776121,17.38682068,85.9
179.007,-1.170971245,-2.023776121,17.3991977,85.7
179.02,-1.170971245,-2.023776121,17.29300919,85.9
179.033,-1.170971245,-2.023776121,17.2991977,85.8
179.045,-1.170112762,-2.056732668,17.39300919,85.8
179.058,-1.170971245,-2.056732668,17.3991977,85.7
179.071,-1.170112762,-2.056732668,17.39300919,85.8
179.084,-1.170112762,-2.056732668,17.39300919,85.8
179.096,-1.16968352,-2.056732668,17.3991977,85.7
179.109,-1.16968352,-2.056732668,17.41680977,85.8
179.122,-1.16968352,-2.056732668,17.32299828,85.8
179.134,-1.170112762,-2.056732668,17.31680977,85.9
179.147,-1.170112762,-2.089689215,17.2991977,85.8
179.16,-1.170112762,-2.089689215,17.29300919,85.9
179.173,-1.170112762,-2.089689215,17.2991977,85.8
179.185,-1.170112762,-2.089689215,17.29300919,85.9
179.198,-1.170112762,-2.122645762,17.3053862,85.7
179.211,-1.170112762,-2.122645762,17.2991977,85.8
179.223,-1.170112762,-2.122645762,17.3053862,85.7
179.236,-1.170112762,-2.155602309,17.29300919,85.9
179.249,-1.170112762,-2.155602309,17.3053862,85.7
179.261,-1.170112762,-2.155602309,17.29300919,85.9
179.274,-1.170971245,-2.155602309,17.3991977,85.7
179.287,-1.170112762,-2.155602309,17.48682068,85.8
179.3,-1.170971245,-2.18977947,17.49300919,85.7
179.312,-1.170971245,-2.18977947,17.35730832,85.8
179.325,-1.170971245,-2.18977947,17.39300919,85.8
179.338,-1.170112762,-2.18977947,17.35730832,85.8
179.35,-1.170971245,-2.18977947,17.3991977,85.7
179.363,-1.170112762,-2.222736017,17.39300919,85.8
179.376,-1.170971245,-2.222736017,17.35730832,85.8
179.388,-1.170112762,-2.222736017,17.3991977,85.7
179.401,-1.170971245,-2.222736017,17.26349682,85.8
179.414,-1.170112762,-2.222736017,17.26349682,85.8
179.427,-1.170112762,-2.222736017,17.25730832,85.9
179.439,-1.170112762,-2.222736017,17.26349682,85.8
179.452,-1.170112762,-2.222736017,17.26349682,85.8
179.465,-1.170112762,-2.222736017,17.2991977,85.8
179.477,-1.170112762,-2.222736017,17.2991977,85.8
179.49,-1.16968352,-2.222736017,17.26349682,85.8
179.503,-1.170112762,-2.222736017,17.26349682,85.8
179.516,-1.16968352,-2.222736017,17.26349682,85.8
179.528,-1.170112762,-2.222736017,17.26349682,85.8
179.541,-1.170112762,-2.222736017,17.26349682,85.8
179.554,-1.170112762,-2.222736017,17.26349682,85.8
179.566,-1.170112762,-2.222736017,17.29300919,85.9
179.579,-1.170112762,-2.222736017,17.39300919,85.8
179.592,-1.170112762,-2.222736017,17.35730832,85.8
179.604,-1.170112762,-2.222736017,17.39300919,85.8
179.617,-1.170112762,-2.222736017,17.39300919,85.8
179.63,-1.170112762,-2.222736017,17.39300919,85.8
179.643,-1.170112762,-2.222736017,17.35730832,85.8
179.655,-1.170112762,-2.222736017,17.35111981,85.9
179.668,-1.170112762,-2.222736017,17.39300919,85.8
179.681,-1.16968352,-2.222736017,17.35730832,85.8
179.693,-1.170112762,-2.222736017,17.36349682,85.7
179.706,-1.16968352,-2.222736017,17.25730832,85.9
179.719,-1.170112762,-2.222736017,17.26349682,85.8
179.731,-1.16968352,-2.222736017,17.16349682,85.9
179.744,-1.170112762,-2.222736017,17.16968533,85.8
179.757,-1.16968352,-2.255692564,17.25730832,85.9
179.77,-1.170112762,-2.255692564,17.26349682,85.8
179.782,-1.170112762,-2.255692564,17.26349682,85.8
179.795,-1.170112762,-2.255692564,17.26349682,85.8
179.808,-1.170112762,-2.255692564,17.26349682,85.8
179.82,-1.170112762,-2.255692564,17.26349682,85.8
179.833,-1.16968352,-2.255692564,17.26349682,85.8
179.846,-1.16968352,-2.288649111,17.26349682,85.8
179.859,-1.16968352,-2.288649111,17.26349682,85.8
179.871,-1.16968352,-2.288649111,17.26349682,85.8
179.884,-1.16968352,-2.288649111,17.45730832,85.7
179.897,-1.16968352,-2.321605658,17.45111981,85.8
179.909,-1.170112762,-2.321605658,17.36349682,85.7
179.922,-1.170112762,-2.354562206,17.25730832,85.9
179.935,-1.170112762,-2.388739366,17.26349682,85.8
179.947,-1.170112762,-2.388739366,17.25730832,85.9
179.96,-1.170112762,-2.388739366,17.26968533,85.7
179.973,-1.16968352,-2.388739366,17.25730832,85.9
179.986,-1.170971245,-2.388739366,17.23398446,85.7
179.998,-1.170112762,-2.388739366,17.22160744,85.9
180.011,-1.170971245,-2.421695913,17.22779595,85.8
180.024,-1.170971245,-2.45465246,17.22160744,85.9
180.036,-1.170971245,-2.45465246,17.26349682,85.8
180.049,-1.170971245,-2.45465246,17.22779595,85.8
180.062,-1.170971245,-2.45465246,17.22779595,85.8
180.074,-1.170112762,-2.45465246,17.22779595,85.8
180.087,-1.170112762,-2.487609007,17.22779595,85.8
180.1,-1.170112762,-2.487609007,17.23398446,85.7
180.113,-1.170112762,-2.487609007,17.22779595,85.8
180.125,-1.170112762,-2.487609007,17.32779595,85.7
180.138,-1.170112762,-2.487609007,17.41541894,85.8
180.151,-1.170112762,-2.487609007,17.32779595,85.7
180.163,-1.170112762,-2.45465246,17.22160744,85.9
180.176,-1.170112762,-2.45465246,17.23398446,85.7
180.189,-1.170112762,-2.487609007,17.22160744,85.9
180.202,-1.170971245,-2.45465246,17.23398446,85.7
180.214,-1.170112762,-2.45465246,17.22160744,85.9
180.227,-1.170112762,-2.45465246,17.32779595,85.7
180.24,-1.170112762,-2.45465246,17.22160744,85.9
180.252,-1.170112762,-2.45465246,17.22779595,85.8
180.265,-1.170112762,-2.45465246,17.22160744,85.9
180.278,-1.170971245,-2.45465246,17.22779595,85.8
180.29,-1.170112762,-2.421695913,17.22779595,85.8
180.303,-1.170971245,-2.421695913,17.22779595,85.8
180.316,-1.170112762,-2.421695913,17.22779595,85.8
180.329,-1.170112762,-2.421695913,17.22779595,85.8
180.341,-1.170112762,-2.388739366,17.22779595,85.8
180.354,-1.170112762,-2.388739366,17.22779595,85.8
180.367,-1.170112762,-2.388739366,17.22779595,85.8
180.379,-1.170112762,-2.388739366,17.26349682,85.8
180.392,-1.16968352,-2.354562206,17.35730832,85.8
180.405,-1.170112762,-2.354562206,17.42160744,85.7
180.417,-1.170112762,-2.321605658,17.35730832,85.8
180.43,-1.170971245,-2.321605658,17.26349682,85.8
180.443,-1.170112762,-2.288649111,17.35730832,85.8
180.456,-1.170112762,-2.288649111,17.36349682,85.7
180.468,-1.170112762,-2.288649111,17.36349682,85.7
180.481,-1.170112762,-2.255692564,17.36349682,85.7
180.494,-1.16968352,-2.255692564,17.35730832,85.8
180.506,-1.170112762,-2.222736017,17.35730832,85.8
180.519,-1.170112762,-2.222736017,17.35730832,85.8
180.532,-1.170112762,-2.222736017,17.35730832,85.8
180.545,-1.170112762,-2.18977947,17.36349682,85.7
180.557,-1.170112762,-2.18977947,17.36349682,85.7
180.57,-1.170112762,-2.18977947,17.2991977,85.8
180.583,-1.170112762,-2.18977947,17.2991977,85.8
180.595,-1.170112762,-2.18977947,17.26349682,85.8
180.608,-1.170112762,-2.155602309,17.25730832,85.9
180.621,-1.170112762,-2.155602309,17.2991977,85.8
180.633,-1.16968352,-2.155602309,17.29300919,85.9
180.646,-1.170112762,-2.155602309,17.3991977,85.7
180.659,-1.16968352,-2.155602309,17.39300919,85.8
180.672,-1.170112762,-2.155602309,17.36349682,85.7
180.684,-1.16968352,-2.155602309,17.35730832,85.8
180.697,-1.170112762,-2.155602309,17.45730832,85.7
180.71,-1.16968352,-2.155602309,17.35111981,85.9
180.722,-1.170112762,-2.155602309,17.35730832,85.8
180.735,-1.170112762,-2.155602309,17.38682068,85.9
180.748,-1.170971245,-2.155602309,17.3991977,85.7
180.76,-1.170112762,-2.155602309,17.35730832,85.8
180.773,-1.170112762,-2.18977947,17.36349682,85.7
180.786,-1.170112762,-2.18977947,17.25730832,85.9
180.799,-1.170112762,-2.18977947,17.26349682,85.8
180.811,-1.170112762,-2.222736017,17.26349682,85.8
180.824,-1.170112762,-2.222736017,17.2991977,85.8
180.837,-1.170112762,-2.222736017,17.2991977,85.8
180.849,-1.170112762,-2.255692564,17.25730832,85.9
180.862,-1.16968352,-2.255692564,17.26349682,85.8
180.875,-1.16968352,-2.255692564,17.25730832,85.9
180.888,-1.170112762,-2.288649111,17.26968533,85.7
180.9,-1.16968352,-2.288649111,17.25730832,85.9
180.913,-1.170112762,-2.321605658,17.26968533,85.7
180.926,-1.170112762,-2.354562206,17.25730832,85.9
180.938,-1.170112762,-2.354562206,17.26968533,85.7
180.951,-1.170112762,-2.388739366,17.25730832,85.9
180.964,-1.170971245,-2.388739366,17.36349682,85.7
180.976,-1.170112762,-2.421695913,17.45111981,85.8
180.989,-1.170112762,-2.421695913,17.42160744,85.7
181.002,-1.170112762,-2.45465246,17.41541894,85.8
181.015,-1.170112762,-2.487609007,17.42160744,85.7
181.027,-1.170112762,-2.487609007,17.42160744,85.7
181.04,-1.170112762,-2.520565554,17.42160744,85.7
181.053,-1.16968352,-2.553522102,17.38590657,85.7
181.065,-1.170112762,-2.587699262,17.38590657,85.7
181.078,-1.170112762,-2.587699262,17.28590657,85.8
181.091,-1.170112762,-2.620655809,17.27971806,85.9
181.103,-1.16968352,-2.620655809,17.29209508,85.7
181.116,-1.16968352,-2.653612356,17.28590657,85.8
181.129,-1.170112762,-2.686568903,17.29209508,85.7
181.142,-1.170112762,-2.686568903,17.18590657,85.9
181.154,-1.170112762,-2.71952545,17.19828358,85.7
181.167,-1.170112762,-2.752481998,17.18590657,85.9
181.18,-1.170971245,-2.752481998,17.19209508,85.8
181.192,-1.170112762,-2.752481998,17.18590657,85.9
181.205,-1.170112762,-2.786659158,17.29209508,85.7
181.218,-1.170112762,-2.786659158,17.26210599,85.8
181.23,-1.170112762,-2.786659158,17.28590657,85.8
181.243,-1.170112762,-2.786659158,17.26210599,85.8
181.256,-1.170112762,-2.819615705,17.26829449,85.7
181.269,-1.16968352,-2.819615705,17.26210599,85.8
181.281,-1.170112762,-2.819615705,17.26829449,85.7
181.294,-1.16968352,-2.819615705,17.16829449,85.8
181.307,-1.170112762,-2.819615705,17.16829449,85.8
181.319,-1.170112762,-2.819615705,17.16829449,85.8
181.332,-1.170112762,-2.786659158,17.16829449,85.8
181.345,-1.16968352,-2.786659158,17.19209508,85.8
181.358,-1.170112762,-2.752481998,17.19209508,85.8
181.37,-1.16968352,-2.752481998,17.19209508,85.8
181.383,-1.170112762,-2.752481998,17.26210599,85.8
181.396,-1.170112762,-2.752481998,17.26210599,85.8
181.408,-1.170112762,-2.71952545,17.29209508,85.7
181.421,-1.170112762,-2.71952545,17.28590657,85.8
181.434,-1.170112762,-2.71952545,17.28590657,85.8
181.446,-1.16968352,-2.686568903,17.28590657,85.8
181.459,-1.170112762,-2.686568903,17.28590657,85.8
181.472,-1.170112762,-2.653612356,17.27971806,85.9
181.485,-1.170112762,-2.653612356,17.28590657,85.8
181.497,-1.170112762,-2.620655809,17.28590657,85.8
181.51,-1.170112762,-2.620655809,17.28590657,85.8
181.523,-1.16968352,-2.620655809,17.28590657,85.8
181.535,-1.170112762,-2.587699262,17.28590657,85.8
181.548,-1.170112762,-2.587699262,17.28590657,85.8
181.561,-1.16968352,-2.553522102,17.28590657,85.8
181.574,-1.170112762,-2.553522102,17.28590657,85.8
181.586,-1.16968352,-2.520565554,17.28590657,85.8
181.599,-1.170112762,-2.520565554,17.22779595,85.8
181.612,-1.16968352,-2.520565554,17.22160744,85.9
181.624,-1.170112762,-2.487609007,17.22779595,85.8
181.637,-1.16968352,-2.487609007,17.32160744,85.8
181.65,-1.170112762,-2.487609007,17.32779595,85.7
181.662,-1.16968352,-2.45465246,17.22160744,85.9
181.675,-1.170112762,-2.45465246,17.22779595,85.8
181.688,-1.16968352,-2.421695913,17.22160744,85.9
181.701,-1.170112762,-2.421695913,17.22779595,85.8
181.713,-1.170112762,-2.421695913,17.32160744,85.8
181.726,-1.170112762,-2.421695913,17.32779595,85.7
181.739,-1.170112762,-2.388739366,17.22779595,85.8
181.751,-1.170112762,-2.388739366,17.23398446,85.7
181.764,-1.170112762,-2.388739366,17.22160744,85.9
181.777,-1.170112762,-2.388739366,17.32779595,85.7
181.789,-1.16968352,-2.388739366,17.22779595,85.8
181.802,-1.16968352,-2.354562206,17.22779595,85.8
181.815,-1.16968352,-2.388739366,17.22779595,85.8
181.828,-1.16968352,-2.388739366,17.22779595,85.8
181.84,-1.170112762,-2.354562206,17.23398446,85.7
181.853,-1.16968352,-2.354562206,17.22160744,85.9
181.866,-1.170112762,-2.354562206,17.23398446,85.7
181.878,-1.16968352,-2.354562206,17.22160744,85.9
181.891,-1.170112762,-2.354562206,17.32779595,85.7
181.904,-1.170112762,-2.354562206,17.41541894,85.8
181.917,-1.170112762,-2.354562206,17.32779595,85.7
181.929,-1.170112762,-2.388739366,17.32160744,85.8
181.942,-1.170112762,-2.388739366,17.32779595,85.7
181.955,-1.16968352,-2.388739366,17.32160744,85.8
181.967,-1.170112762,-2.388739366,17.32160744,85.8
181.98,-1.170112762,-2.421695913,17.32160744,85.8
181.993,-1.170112762,-2.421695913,17.32779595,85.7
182.005,-1.170112762,-2.421695913,17.32779595,85.7
182.018,-1.170112762,-2.421695913,17.32160744,85.8
182.031,-1.170112762,-2.45465246,17.32779595,85.7
182.044,-1.170112762,-2.45465246,17.32160744,85.8
182.056,-1.170112762,-2.487609007,17.32779595,85.7
182.069,-1.170112762,-2.487609007,17.22160744,85.9
182.082,-1.170112762,-2.487609007,17.32779595,85.7
182.094,-1.170112762,-2.520565554,17.32160744,85.8
182.107,-1.170112762,-2.520565554,17.23398446,85.7
182.12,-1.170112762,-2.520565554,17.22779595,85.8
182.132,-1.170112762,-2.553522102,17.22779595,85.8
182.145,-1.170112762,-2.553522102,17.19209508,85.8
182.158,-1.170971245,-2.587699262,17.19209508,85.8
182.171,-1.170112762,-2.587699262,17.19209508,85.8
182.183,-1.170112762,-2.587699262,17.19209508,85.8
182.196,-1.170112762,-2.620655809,17.28590657,85.8
182.209,-1.170112762,-2.620655809,17.38590657,85.7
182.221,-1.170112762,-2.620655809,17.28590657,85.8
182.234,-1.170971245,-2.653612356,17.28590657,85.8
182.247,-1.16968352,-2.653612356,17.28590657,85.8
182.26,-1.170112762,-2.653612356,17.28590657,85.8
182.272,-1.16968352,-2.686568903,17.28590657,85.8
182.285,-1.170112762,-2.686568903,17.28590657,85.8
182.298,-1.16968352,-2.686568903,17.28590657,85.8
182.31,-1.170112762,-2.686568903,17.28590657,85.8
182.323,-1.16968352,-2.71952545,17.28590657,85.8
182.336,-1.170112762,-2.71952545,17.28590657,85.8
182.348,-1.16968352,-2.71952545,17.28590657,85.8
182.361,-1.170112762,-2.752481998,17.28590657,85.8
182.374,-1.16968352,-2.752481998,17.26210599,85.8
182.387,-1.170112762,-2.752481998,17.16829449,85.8
182.399,-1.16968352,-2.752481998,17.16829449,85.8
182.412,-1.170112762,-2.752481998,17.29209508,85.7
182.425,-1.170112762,-2.752481998,17.19209508,85.8
182.437,-1.170112762,-2.752481998,17.19209508,85.8
182.45,-1.170112762,-2.752481998,17.28590657,85.8
182.463,-1.170112762,-2.752481998,17.29209508,85.7
182.475,-1.170112762,-2.71952545,17.28590657,85.8
182.488,-1.170112762,-2.71952545,17.28590657,85.8
182.501,-1.170112762,-2.71952545,17.26210599,85.8
182.514,-1.170112762,-2.686568903,17.38590657,85.7
182.526,-1.170112762,-2.686568903,17.38590657,85.7
182.539,-1.16968352,-2.686568903,17.38590657,85.7
182.552,-1.170112762,-2.686568903,17.38590657,85.7
182.564,-1.16968352,-2.653612356,17.37971806,85.8
182.577,-1.170112762,-2.653612356,17.38590657,85.7
182.59,-1.16968352,-2.653612356,17.38590657,85.7
182.603,-1.170112762,-2.653612356,17.28590657,85.8
182.615,-1.16968352,-2.653612356,17.28590657,85.8
182.628,-1.170112762,-2.620655809,17.29209508,85.7
182.641,-1.16968352,-2.587699262,17.28590657,85.8
182.653,-1.16968352,-2.587699262,17.29209508,85.7
182.666,-1.16968352,-2.553522102,17.18590657,85.9
182.679,-1.170112762,-2.553522102,17.19209508,85.8
182.691,-1.170112762,-2.553522102,17.19209508,85.8
182.704,-1.170112762,-2.553522102,17.23398446,85.7
182.717,-1.170112762,-2.553522102,17.22779595,85.8
182.73,-1.170112762,-2.520565554,17.22779595,85.8
182.742,-1.170112762,-2.520565554,17.19209508,85.8
182.755,-1.16968352,-2.487609007,17.19209508,85.8
182.768,-1.170112762,-2.487609007,17.19209508,85.8
182.78,-1.16968352,-2.487609007,17.22779595,85.8
182.793,-1.170112762,-2.45465246,17.22779595,85.8
182.806,-1.16968352,-2.45465246,17.22779595,85.8
182.818,-1.170112762,-2.45465246,17.23398446,85.7
182.831,-1.16968352,-2.45465246,17.22160744,85.9
182.844,-1.170112762,-2.45465246,17.19828358,85.7
182.857,-1.16968352,-2.45465246,17.22160744,85.9
182.869,-1.170112762,-2.421695913,17.23398446,85.7
182.882,-1.16968352,-2.421695913,17.41541894,85.8
182.895,-1.170112762,-2.421695913,17.42160744,85.7
182.907,-1.170112762,-2.421695913,17.42160744,85.7
182.92,-1.170112762,-2.421695913,17.22779595,85.8
182.933,-1.16968352,-2.421695913,17.22779595,85.8
182.945,-1.170112762,-2.421695913,17.32160744,85.8
182.958,-1.170112762,-2.421695913,17.32779595,85.7
182.971,-1.170112762,-2.388739366,17.32160744,85.8
182.984,-1.16968352,-2.388739366,17.32779595,85.7
182.996,-1.170112762,-2.421695913,17.32160744,85.8
183.009,-1.170112762,-2.421695913,17.32779595,85.7
183.022,-1.16968352,-2.421695913,17.32160744,85.8
183.034,-1.170112762,-2.421695913,17.32779595,85.7
183.047,-1.170112762,-2.421695913,17.32160744,85.8
183.06,-1.170112762,-2.421695913,17.32779595,85.7
183.073,-1.170112762,-2.421695913,17.32160744,85.8
183.085,-1.170112762,-2.45465246,17.32779595,85.7
183.098,-1.170112762,-2.45465246,17.22779595,85.8
183.111,-1.170112762,-2.45465246,17.23398446,85.7
183.123,-1.170112762,-2.487609007,17.19209508,85.8
183.136,-1.170112762,-2.487609007,17.32160744,85.8
183.149,-1.170112762,-2.487609007,17.42160744,85.7
183.161,-1.170112762,-2.487609007,17.42160744,85.7
183.174,-1.170112762,-2.520565554,17.32779595,85.7
183.187,-1.170971245,-2.520565554,17.19209508,85.8
183.2,-1.16968352,-2.520565554,17.29209508,85.7
183.212,-1.170112762,-2.553522102,17.28590657,85.8
183.225,-1.16968352,-2.553522102,17.29209508,85.7
183.238,-1.170112762,-2.553522102,17.28590657,85.8
183.25,-1.16968352,-2.587699262,17.29209508,85.7
183.263,-1.170112762,-2.587699262,17.29209508,85.7
183.276,-1.16968352,-2.620655809,17.29209508,85.7
183.289,-1.170112762,-2.620655809,17.29209508,85.7
183.301,-1.16968352,-2.653612356,17.29209508,85.7
183.314,-1.16968352,-2.653612356,17.28590657,85.8
183.327,-1.16968352,-2.686568903,17.29209508,85.7
183.339,-1.170112762,-2.686568903,17.19209508,85.8
183.352,-1.16968352,-2.71952545,17.19209508,85.8
183.365,-1.170112762,-2.71952545,17.29209508,85.7
183.377,-1.170112762,-2.71952545,17.28590657,85.8
183.39,-1.170112762,-2.752481998,17.36210599,85.7
183.403,-1.170112762,-2.752481998,17.35591748,85.8
183.416,-1.170112762,-2.786659158,17.28590657,85.8
183.428,-1.170112762,-2.786659158,17.26210599,85.8
183.441,-1.170112762,-2.786659158,17.26210599,85.8
183.454,-1.170112762,-2.786659158,17.26210599,85.8
183.466,-1.170112762,-2.786659158,17.26210599,85.8
183.479,-1.16968352,-2.819615705,17.26210599,85.8
183.492,-1.16968352,-2.819615705,17.26210599,85.8
183.504,-1.170112762,-2.819615705,17.26210599,85.8
183.517,-1.16968352,-2.819615705,17.26210599,85.8
183.53,-1.170112762,-2.819615705,17.26829449,85.7
183.543,-1.16968352,-2.852572252,17.26210599,85.8
183.555,-1.16968352,-2.852572252,17.26829449,85.7
183.568,-1.16968352,-2.819615705,17.26210599,85.8
183.581,-1.170112762,-2.819615705,17.26829449,85.7
183.593,-1.16968352,-2.819615705,17.26210599,85.8
183.606,-1.16968352,-2.819615705,17.26829449,85.7
183.619,-1.16968352,-2.819615705,17.26210599,85.8
183.632,-1.170112762,-2.819615705,17.26210599,85.8
183.644,-1.16968352,-2.819615705,17.35591748,85.8
183.657,-1.170112762,-2.819615705,17.36210599,85.7
183.67,-1.16968352,-2.819615705,17.36210599,85.7
183.682,-1.170112762,-2.786659158,17.35591748,85.8
183.695,-1.16968352,-2.786659158,17.35591748,85.8
183.708,-1.16968352,-2.786659158,17.35591748,85.8
183.72,-1.16968352,-2.752481998,17.36210599,85.7
183.733,-1.16968352,-2.752481998,17.36210599,85.7
183.746,-1.16968352,-2.752481998,17.26829449,85.7
183.759,-1.16968352,-2.752481998,17.26210599,85.8
183.771,-1.16968352,-2.71952545,17.26829449,85.7
183.784,-1.16968352,-2.71952545,17.26210599,85.8
183.797,-1.16968352,-2.71952545,17.174483,85.7
183.809,-1.168825037,-2.71952545,17.16210599,85.9
183.822,-1.16968352,-2.71952545,17.19828358,85.7
183.835,-1.16968352,-2.71952545,17.28590657,85.8
183.847,-1.170112762,-2.71952545,17.29209508,85.7
183.86,-1.16968352,-2.71952545,17.26210599,85.8
183.873,-1.170112762,-2.686568903,17.26829449,85.7
183.886,-1.16968352,-2.686568903,17.26829449,85.7
183.898,-1.170112762,-2.686568903,17.29209508,85.7
183.911,-1.170112762,-2.686568903,17.26829449,85.7
183.924,-1.16968352,-2.686568903,17.26210599,85.8
183.936,-1.16968352,-2.686568903,17.26829449,85.7
183.949,-1.16968352,-2.686568903,17.18590657,85.9
183.962,-1.16968352,-2.686568903,17.19828358,85.7
183.974,-1.16968352,-2.686568903,17.28590657,85.8
183.987,-1.170112762,-2.686568903,17.29209508,85.7
184,-1.170112762,-2.686568903,17.25591748,85.9
184.013,-1.170112762,-2.71952545,17.36829449,85.6
184.025,-1.16968352,-2.71952545,17.37971806,85.8
184.038,-1.170112762,-2.71952545,17.38590657,85.7
184.051,-1.170112762,-2.71952545,17.47971806,85.7
184.063,-1.170971245,-2.686568903,17.38590657,85.7
184.076,-1.170112762,-2.686568903,17.37971806,85.8
184.089,-1.170971245,-2.686568903,17.36210599,85.7
184.102,-1.170112762,-2.71952545,17.26210599,85.8
184.114,-1.170971245,-2.71952545,17.19209508,85.8
184.127,-1.170112762,-2.71952545,17.19209508,85.8
184.14,-1.170112762,-2.686568903,17.19828358,85.7
184.152,-1.170112762,-2.686568903,17.19209508,85.8
184.165,-1.170971245,-2.71952545,17.19209508,85.8
184.178,-1.170112762,-2.71952545,17.29209508,85.7
184.19,-1.170971245,-2.686568903,17.26210599,85.8
184.203,-1.170112762,-2.686568903,17.28590657,85.8
184.216,-1.170112762,-2.686568903,17.28590657,85.8
184.229,-1.16968352,-2.686568903,17.29209508,85.7
184.241,-1.16968352,-2.686568903,17.26829449,85.7
184.254,-1.16968352,-2.71952545,17.29209508,85.7
184.267,-1.16968352,-2.71952545,17.28590657,85.8
184.279,-1.16968352,-2.71952545,17.29209508,85.7
184.292,-1.170112762,-2.71952545,17.19209508,85.8
184.305,-1.16968352,-2.686568903,17.19209508,85.8
184.318,-1.170112762,-2.686568903,17.19209508,85.8
184.33,-1.16968352,-2.686568903,17.16829449,85.8
184.343,-1.170112762,-2.71952545,17.19209508,85.8
184.356,-1.16968352,-2.71952545,17.19209508,85.8
184.368,-1.170112762,-2.71952545,17.19209508,85.8
184.381,-1.170112762,-2.686568903,17.19209508,85.8
184.394,-1.16968352,-2.686568903,17.28590657,85.8
184.406,-1.170112762,-2.653612356,17.38590657,85.7
184.419,-1.170112762,-2.653612356,17.38590657,85.7
184.432,-1.170112762,-2.653612356,17.28590657,85.8
184.445,-1.16968352,-2.653612356,17.28590657,85.8
184.457,-1.170112762,-2.653612356,17.38590657,85.7
184.47,-1.16968352,-2.653612356,17.38590657,85.7
184.483,-1.170112762,-2.620655809,17.38590657,85.7
184.495,-1.16968352,-2.587699262,17.38590657,85.7
184.508,-1.170112762,-2.587699262,17.39209508,85.6
184.521,-1.16968352,-2.587699262,17.28590657,85.8
184.533,-1.170112762,-2.587699262,17.29209508,85.7
184.546,-1.16968352,-2.587699262,17.28590657,85.8
184.559,-1.16968352,-2.553522102,17.29209508,85.7
184.572,-1.16968352,-2.553522102,17.28590657,85.8
184.584,-1.170112762,-2.520565554,17.29209508,85.7
184.597,-1.170112762,-2.487609007,17.28590657,85.8
184.61,-1.170112762,-2.487609007,17.29209508,85.7
184.622,-1.170112762,-2.45465246,17.28590657,85.8
184.635,-1.170112762,-2.45465246,17.29209508,85.7
184.648,-1.170112762,-2.421695913,17.29209508,85.7
184.66,-1.170112762,-2.421695913,17.32160744,85.8
184.673,-1.170112762,-2.388739366,17.32779595,85.7
184.686,-1.16968352,-2.354562206,17.32160744,85.8
184.699,-1.16968352,-2.354562206,17.32779595,85.7
184.711,-1.16968352,-2.321605658,17.32160744,85.8
184.724,-1.16968352,-2.288649111,17.33398446,85.6
184.737,-1.16968352,-2.288649111,17.32160744,85.8
184.749,-1.170112762,-2.255692564,17.33398446,85.6
184.762,-1.16968352,-2.222736017,17.35730832,85.8
184.775,-1.170112762,-2.222736017,17.46349682,85.6
184.788,-1.170112762,-2.18977947,17.41541894,85.8
184.8,-1.170971245,-2.155602309,17.36349682,85.7
184.813,-1.170112762,-2.155602309,17.35730832,85.8
184.826,-1.170971245,-2.122645762,17.36349682,85.7
184.838,-1.170112762,-2.089689215,17.35730832,85.8
184.851,-1.170112762,-2.089689215,17.36349682,85.7
184.864,-1.170112762,-2.056732668,17.35730832,85.8
184.876,-1.170112762,-2.056732668,17.39300919,85.8
184.889,-1.170112762,-2.023776121,17.3991977,85.7
184.902,-1.170112762,-2.023776121,17.39300919,85.8
184.915,-1.170112762,-2.023776121,17.3991977,85.7
184.927,-1.170112762,-1.989598961,17.39300919,85.8
184.94,-1.170112762,-1.989598961,17.3991977,85.7
184.953,-1.170112762,-1.989598961,17.39300919,85.8
184.965,-1.170112762,-1.989598961,17.3991977,85.7
184.978,-1.170112762,-1.989598961,17.39300919,85.8
184.991,-1.170112762,-1.989598961,17.4053862,85.6
185.004,-1.16968352,-1.989598961,17.39300919,85.8
185.016,-1.170112762,-1.989598961,17.4053862,85.6
185.029,-1.170112762,-2.023776121,17.39300919,85.8
185.042,-1.170971245,-2.023776121,17.3991977,85.7
185.054,-1.170112762,-2.023776121,17.49300919,85.7
185.067,-1.170971245,-2.056732668,17.4991977,85.6
185.08,-1.170112762,-2.056732668,17.49300919,85.7
185.092,-1.170971245,-2.056732668,17.49300919,85.7
185.105,-1.170112762,-2.056732668,17.49300919,85.7
185.118,-1.170971245,-2.056732668,17.49300919,85.7
185.131,-1.170112762,-2.089689215,17.49300919,85.7
185.143,-1.170971245,-2.089689215,17.35730832,85.8
185.156,-1.170112762,-2.089689215,17.26349682,85.8
185.169,-1.170112762,-2.122645762,17.2991977,85.8
185.181,-1.170112762,-2.155602309,17.2991977,85.8
185.194,-1.170112762,-2.155602309,17.3991977,85.7
185.207,-1.16968352,-2.18977947,17.36349682,85.7
185.219,-1.170112762,-2.18977947,17.36349682,85.7
185.232,-1.170112762,-2.222736017,17.36349682,85.7
185.245,-1.170112762,-2.222736017,17.36349682,85.7
185.258,-1.170112762,-2.255692564,17.36349682,85.7
185.27,-1.170112762,-2.255692564,17.36349682,85.7
185.283,-1.170112762,-2.288649111,17.36349682,85.7
185.296,-1.170971245,-2.288649111,17.36349682,85.7
185.308,-1.170112762,-2.321605658,17.26349682,85.8
185.321,-1.170112762,-2.354562206,17.26349682,85.8
185.334,-1.170112762,-2.354562206,17.26349682,85.8
185.346,-1.170112762,-2.354562206,17.26349682,85.8
185.359,-1.170971245,-2.388739366,17.26349682,85.8
185.372,-1.170112762,-2.388739366,17.32160744,85.8
185.385,-1.170112762,-2.421695913,17.42160744,85.7
185.397,-1.170112762,-2.421695913,17.42160744,85.7
185.41,-1.170112762,-2.45465246,17.42160744,85.7
185.423,-1.170112762,-2.45465246,17.41541894,85.8
185.435,-1.170112762,-2.487609007,17.51541894,85.7
185.448,-1.16968352,-2.487609007,17.50923043,85.8
185.461,-1.170112762,-2.487609007,17.42160744,85.7
185.474,-1.16968352,-2.487609007,17.41541894,85.8
185.486,-1.170112762,-2.520565554,17.32779595,85.7
185.499,-1.16968352,-2.520565554,17.32160744,85.8
185.512,-1.170112762,-2.520565554,17.32779595,85.7
185.524,-1.16968352,-2.520565554,17.18590657,85.9
185.537,-1.170112762,-2.553522102,17.19828358,85.7
185.55,-1.170112762,-2.520565554,17.18590657,85.9
185.562,-1.170112762,-2.520565554,17.29209508,85.7
185.575,-1.170112762,-2.520565554,17.18590657,85.9
185.588,-1.170112762,-2.520565554,17.29209508,85.7
185.601,-1.170112762,-2.520565554,17.28590657,85.8
185.613,-1.170112762,-2.520565554,17.29209508,85.7
185.626,-1.170112762,-2.487609007,17.28590657,85.8
185.639,-1.16968352,-2.487609007,17.19209508,85.8
185.651,-1.170112762,-2.487609007,17.19209508,85.8
185.664,-1.170112762,-2.487609007,17.19209508,85.8
185.677,-1.170112762,-2.45465246,17.23398446,85.7
185.689,-1.16968352,-2.45465246,17.22779595,85.8
185.702,-1.170112762,-2.45465246,17.23398446,85.7
185.715,-1.16968352,-2.421695913,17.32160744,85.8
185.728,-1.170112762,-2.421695913,17.33398446,85.6
185.74,-1.16968352,-2.388739366,17.22160744,85.9
185.753,-1.170112762,-2.388739366,17.23398446,85.7
185.766,-1.170112762,-2.388739366,17.22160744,85.9
185.778,-1.170971245,-2.354562206,17.23398446,85.7
185.791,-1.170112762,-2.354562206,17.22160744,85.9
185.804,-1.170971245,-2.321605658,17.32779595,85.7
185.817,-1.170112762,-2.321605658,17.32779595,85.7
185.829,-1.170971245,-2.288649111,17.42160744,85.7
185.842,-1.170112762,-2.288649111,17.42160744,85.7
185.855,-1.170112762,-2.255692564,17.45730832,85.7
185.867,-1.170112762,-2.255692564,17.36349682,85.7
185.88,-1.170112762,-2.255692564,17.35730832,85.8
185.893,-1.170112762,-2.222736017,17.36349682,85.7
185.905,-1.170112762,-2.222736017,17.35730832,85.8
185.918,-1.170112762,-2.18977947,17.46349682,85.6
185.931,-1.170112762,-2.18977947,17.45111981,85.8
185.944,-1.170112762,-2.18977947,17.36349682,85.7
185.956,-1.16968352,-2.155602309,17.35730832,85.8
185.969,-1.170112762,-2.155602309,17.46349682,85.6
185.982,-1.170112762,-2.155602309,17.35730832,85.8
185.994,-1.170112762,-2.155602309,17.36349682,85.7
186.007,-1.16968352,-2.155602309,17.35730832,85.8
186.02,-1.170112762,-2.155602309,17.36349682,85.7
186.033,-1.170112762,-2.155602309,17.35730832,85.8
186.045,-1.170971245,-2.122645762,17.36349682,85.7
186.058,-1.170112762,-2.122645762,17.35730832,85.8
186.071,-1.170971245,-2.122645762,17.36349682,85.7
186.083,-1.170112762,-2.122645762,17.36349682,85.7
186.096,-1.170971245,-2.155602309,17.36349682,85.7
186.109,-1.170112762,-2.155602309,17.35730832,85.8
186.121,-1.170112762,-2.155602309,17.35730832,85.8
186.134,-1.170112762,-2.18977947,17.36349682,85.7
186.147,-1.170112762,-2.18977947,17.36349682,85.7
186.16,-1.170112762,-2.18977947,17.36349682,85.7
186.172,-1.170112762,-2.222736017,17.36349682,85.7
186.185,-1.170112762,-2.222736017,17.36349682,85.7
186.198,-1.170971245,-2.222736017,17.35730832,85.8
186.21,-1.170112762,-2.255692564,17.45111981,85.8
186.223,-1.170971245,-2.255692564,17.45111981,85.8
186.236,-1.170112762,-2.288649111,17.35730832,85.8
186.248,-1.170112762,-2.288649111,17.32779595,85.7
186.261,-1.170112762,-2.288649111,17.32160744,85.8
186.274,-1.170112762,-2.321605658,17.32779595,85.7
186.287,-1.170112762,-2.321605658,17.32160744,85.8
186.299,-1.170112762,-2.354562206,17.32779595,85.7
186.312,-1.170112762,-2.354562206,17.32160744,85.8
186.325,-1.170112762,-2.388739366,17.32779595,85.7
186.337,-1.170971245,-2.388739366,17.32160744,85.8
186.35,-1.170112762,-2.421695913,17.32779595,85.7
186.363,-1.170112762,-2.421695913,17.32779595,85.7
186.375,-1.16968352,-2.45465246,17.32779595,85.7
186.388,-1.170112762,-2.45465246,17.32779595,85.7
186.401,-1.16968352,-2.487609007,17.32779595,85.7
186.414,-1.170112762,-2.520565554,17.32779595,85.7
186.426,-1.16968352,-2.520565554,17.32160744,85.8
186.439,-1.170112762,-2.520565554,17.22779595,85.8
186.452,-1.16968352,-2.520565554,17.28590657,85.8
186.464,-1.170112762,-2.553522102,17.29209508,85.7
186.477,-1.16968352,-2.553522102,17.28590657,85.8
186.49,-1.170112762,-2.553522102,17.29209508,85.7
186.503,-1.170112762,-2.587699262,17.37971806,85.8
186.515,-1.170112762,-2.587699262,17.38590657,85.7
186.528,-1.170112762,-2.587699262,17.37971806,85.8
186.541,-1.170112762,-2.587699262,17.38590657,85.7
186.553,-1.170112762,-2.620655809,17.37971806,85.8
186.566,-1.170112762,-2.620655809,17.28590657,85.8
186.579,-1.16968352,-2.620655809,17.28590657,85.8
186.591,-1.16968352,-2.620655809,17.28590657,85.8
186.604,-1.170112762,-2.587699262,17.29209508,85.7
186.617,-1.170112762,-2.587699262,17.28590657,85.8
186.63,-1.170112762,-2.587699262,17.29209508,85.7
186.642,-1.16968352,-2.587699262,17.28590657,85.8
186.655,-1.170112762,-2.587699262,17.29209508,85.7
186.668,-1.16968352,-2.553522102,17.28590657,85.8
186.68,-1.170112762,-2.553522102,17.29209508,85.7
186.693,-1.16968352,-2.520565554,17.28590657,85.8
186.706,-1.170112762,-2.520565554,17.19828358,85.7
186.718,-1.170112762,-2.487609007,17.19209508,85.8
186.731,-1.170112762,-2.487609007,17.29209508,85.7
186.744,-1.170112762,-2.45465246,17.29209508,85.7
186.757,-1.170112762,-2.45465246,17.32779595,85.7
186.769,-1.16968352,-2.421695913,17.32779595,85.7
186.782,-1.170112762,-2.421695913,17.32779595,85.7
186.795,-1.16968352,-2.388739366,17.32779595,85.7
186.807,-1.170112762,-2.354562206,17.42160744,85.7
186.82,-1.170112762,-2.354562206,17.52160744,85.6
186.833,-1.170112762,-2.321605658,17.41541894,85.8
186.846,-1.170112762,-2.321605658,17.32779595,85.7
186.858,-1.170112762,-2.321605658,17.32160744,85.8
186.871,-1.170112762,-2.288649111,17.36349682,85.7
186.884,-1.170112762,-2.255692564,17.35730832,85.8
186.896,-1.170971245,-2.255692564,17.36349682,85.7
186.909,-1.170112762,-2.222736017,17.35730832,85.8
186.922,-1.170971245,-2.222736017,17.36349682,85.7
186.934,-1.170112762,-2.222736017,17.35730832,85.8
186.947,-1.170112762,-2.18977947,17.36349682,85.7
186.96,-1.170112762,-2.18977947,17.36349682,85.7
186.973,-1.170971245,-2.155602309,17.36349682,85.7
186.985,-1.170112762,-2.122645762,17.36349682,85.7
186.998,-1.170971245,-2.122645762,17.36349682,85.7
187.011,-1.170112762,-2.122645762,17.36349682,85.7
187.023,-1.170971245,-2.089689215,17.36349682,85.7
187.036,-1.170112762,-2.089689215,17.36349682,85.7
187.049,-1.170112762,-2.089689215,17.45730832,85.7
187.061,-1.16968352,-2.089689215,17.45730832,85.7
187.074,-1.170112762,-2.089689215,17.35730832,85.8
187.087,-1.170112762,-2.089689215,17.36349682,85.7
187.1,-1.170112762,-2.089689215,17.35730832,85.8
187.112,-1.170112762,-2.089689215,17.36349682,85.7
187.125,-1.170112762,-2.089689215,17.36349682,85.7
187.138,-1.170112762,-2.089689215,17.4991977,85.6
187.15,-1.170112762,-2.089689215,17.45730832,85.7
187.163,-1.170112762,-2.089689215,17.35730832,85.8
187.176,-1.170112762,-2.122645762,17.39300919,85.8
187.189,-1.170112762,-2.122645762,17.35730832,85.8
187.201,-1.170112762,-2.155602309,17.36349682,85.7
187.214,-1.170112762,-2.155602309,17.36349682,85.7
187.227,-1.170971245,-2.18977947,17.36349682,85.7
187.239,-1.170971245,-2.18977947,17.36349682,85.7
187.252,-1.170971245,-2.18977947,17.36349682,85.7
187.265,-1.170971245,-2.222736017,17.35730832,85.8
187.277,-1.170112762,-2.222736017,17.35730832,85.8
187.29,-1.170971245,-2.255692564,17.45730832,85.7
187.303,-1.170112762,-2.255692564,17.45730832,85.7
187.316,-1.170112762,-2.288649111,17.42160744,85.7
187.328,-1.170112762,-2.288649111,17.36349682,85.7
187.341,-1.170112762,-2.321605658,17.45730832,85.7
187.354,-1.16968352,-2.321605658,17.42160744,85.7
187.366,-1.170112762,-2.354562206,17.42160744,85.7
187.379,-1.16968352,-2.388739366,17.42160744,85.7
187.392,-1.170112762,-2.388739366,17.32779595,85.7
187.404,-1.16968352,-2.421695913,17.42160744,85.7
187.417,-1.170112762,-2.421695913,17.32779595,85.7
187.43,-1.16968352,-2.45465246,17.32160744,85.8
187.443,-1.170112762,-2.45465246,17.32779595,85.7
187.455,-1.170112762,-2.487609007,17.32160744,85.8
187.468,-1.170112762,-2.520565554,17.32779595,85.7
187.481,-1.170112762,-2.520565554,17.32160744,85.8
187.493,-1.170112762,-2.553522102,17.29209508,85.7
187.506,-1.170112762,-2.587699262,17.28590657,85.8
187.519,-1.170112762,-2.587699262,17.29209508,85.7
187.532,-1.16968352,-2.587699262,17.29209508,85.7
187.544,-1.170112762,-2.620655809,17.29209508,85.7
187.557,-1.170112762,-2.620655809,17.29209508,85.7
187.57,-1.170112762,-2.620655809,17.38590657,85.7
187.582,-1.170112762,-2.653612356,17.38590657,85.7
187.595,-1.170112762,-2.653612356,17.37971806,85.8
187.608,-1.170112762,-2.653612356,17.38590657,85.7
187.62,-1.170112762,-2.653612356,17.47971806,85.7
187.633,-1.170112762,-2.653612356,17.38590657,85.7
187.646,-1.16968352,-2.686568903,17.38590657,85.7
187.659,-1.170112762,-2.686568903,17.39209508,85.6
187.671,-1.170112762,-2.686568903,17.26210599,85.8
187.684,-1.170112762,-2.653612356,17.29209508,85.7
187.697,-1.170112762,-2.653612356,17.29209508,85.7
187.709,-1.170112762,-2.653612356,17.19209508,85.8
187.722,-1.170112762,-2.620655809,17.29209508,85.7
187.735,-1.170112762,-2.620655809,17.29209508,85.7
187.747,-1.16968352,-2.620655809,17.29209508,85.7
187.76,-1.170112762,-2.587699262,17.28590657,85.8
187.773,-1.170112762,-2.587699262,17.29209508,85.7
187.786,-1.170112762,-2.587699262,17.28590657,85.8
187.798,-1.16968352,-2.553522102,17.29209508,85.7
187.811,-1.16968352,-2.553522102,17.28590657,85.8
187.824,-1.16968352,-2.520565554,17.29828358,85.6
187.836,-1.16968352,-2.520565554,17.28590657,85.8
187.849,-1.170112762,-2.520565554,17.29828358,85.6
187.862,-1.170112762,-2.487609007,17.28590657,85.8
187.875,-1.170112762,-2.487609007,17.32779595,85.7
187.887,-1.170112762,-2.487609007,17.32779595,85.7
187.9,-1.170971245,-2.487609007,17.32779595,85.7
187.913,-1.170112762,-2.45465246,17.32160744,85.8
187.925,-1.170112762,-2.45465246,17.42160744,85.7
187.938,-1.170112762,-2.421695913,17.42160744,85.7
187.951,-1.170971245,-2.421695913,17.42160744,85.7
187.963,-1.170112762,-2.421695913,17.51541894,85.7
187.976,-1.170112762,-2.421695913,17.51541894,85.7
187.989,-1.170112762,-2.388739366,17.51541894,85.7
188.002,-1.170112762,-2.388739366,17.51541894,85.7
188.014,-1.170112762,-2.388739366,17.42160744,85.7
188.027,-1.170112762,-2.354562206,17.41541894,85.8
188.04,-1.16968352,-2.354562206,17.32779595,85.7
188.052,-1.170112762,-2.354562206,17.22779595,85.8
188.065,-1.16968352,-2.354562206,17.32779595,85.7
188.078,-1.170112762,-2.354562206,17.32779595,85.7
188.09,-1.16968352,-2.354562206,17.32779595,85.7
188.103,-1.170112762,-2.354562206,17.32160744,85.8
188.116,-1.170112762,-2.354562206,17.32779595,85.7
188.129,-1.170971245,-2.354562206,17.32160744,85.8
188.141,-1.170971245,-2.388739366,17.32779595,85.7
188.154,-1.170112762,-2.388739366,17.32160744,85.8
188.167,-1.170112762,-2.388739366,17.32160744,85.8
188.179,-1.170112762,-2.388739366,17.32160744,85.8
188.192,-1.170112762,-2.388739366,17.32779595,85.7
188.205,-1.170112762,-2.388739366,17.32160744,85.8
188.218,-1.170112762,-2.388739366,17.32160744,85.8
188.23,-1.170112762,-2.388739366,17.32160744,85.8
188.243,-1.170112762,-2.421695913,17.32779595,85.7
188.256,-1.16968352,-2.421695913,17.29209508,85.7
188.268,-1.170112762,-2.421695913,17.32779595,85.7
188.281,-1.16968352,-2.45465246,17.32779595,85.7
188.294,-1.170112762,-2.45465246,17.32779595,85.7
188.306,-1.16968352,-2.45465246,17.32779595,85.7
188.319,-1.170112762,-2.45465246,17.32779595,85.7
188.332,-1.16968352,-2.45465246,17.32160744,85.8
188.345,-1.170112762,-2.45465246,17.38590657,85.7
188.357,-1.16968352,-2.487609007,17.47971806,85.7
188.37,-1.16968352,-2.487609007,17.42160744,85.7
188.383,-1.16968352,-2.487609007,17.32160744,85.8
188.395,-1.170112762,-2.487609007,17.32779595,85.7
188.408,-1.16968352,-2.487609007,17.38590657,85.7
188.421,-1.170112762,-2.520565554,17.42779595,85.6
188.433,-1.170112762,-2.520565554,17.32160744,85.8
188.446,-1.170112762,-2.520565554,17.42160744,85.7
188.459,-1.170112762,-2.520565554,17.38590657,85.7
188.472,-1.170112762,-2.520565554,17.42160744,85.7
188.484,-1.170112762,-2.520565554,17.32779595,85.7
188.497,-1.170112762,-2.520565554,17.29209508,85.7
188.51,-1.170112762,-2.487609007,17.29209508,85.7
188.522,-1.16968352,-2.487609007,17.32160744,85.8
188.535,-1.16968352,-2.487609007,17.32779595,85.7
188.548,-1.16968352,-2.487609007,17.32160744,85.8
188.561,-1.16968352,-2.487609007,17.32779595,85.7
188.573,-1.16968352,-2.45465246,17.32160744,85.8
188.586,-1.170112762,-2.45465246,17.33398446,85.6
188.599,-1.16968352,-2.45465246,17.32160744,85.8
188.611,-1.170112762,-2.45465246,17.33398446,85.6
188.624,-1.16968352,-2.45465246,17.32160744,85.8
188.637,-1.170112762,-2.421695913,17.32779595,85.7
188.649,-1.170112762,-2.421695913,17.32160744,85.8
188.662,-1.170112762,-2.388739366,17.32779595,85.7
188.675,-1.170112762,-2.388739366,17.42160744,85.7
188.688,-1.170112762,-2.354562206,17.42160744,85.7
188.7,-1.16968352,-2.354562206,17.42160744,85.7
188.713,-1.170112762,-2.354562206,17.42160744,85.7
188.726,-1.170112762,-2.321605658,17.32779595,85.7
188.738,-1.170112762,-2.321605658,17.42160744,85.7
188.751,-1.170112762,-2.321605658,17.32779595,85.7
188.764,-1.170112762,-2.288649111,17.32160744,85.8
188.776,-1.16968352,-2.288649111,17.46349682,85.6
188.789,-1.170112762,-2.255692564,17.45730832,85.7
188.802,-1.170112762,-2.255692564,17.36349682,85.7
188.815,-1.170112762,-2.222736017,17.35111981,85.9
188.827,-1.170112762,-2.222736017,17.36349682,85.7
188.84,-1.170112762,-2.18977947,17.35730832,85.8
188.853,-1.170971245,-2.18977947,17.36968533,85.6
188.865,-1.170112762,-2.155602309,17.36349682,85.7
188.878,-1.170971245,-2.155602309,17.36968533,85.6
188.891,-1.170112762,-2.155602309,17.36349682,85.7
188.904,-1.170971245,-2.122645762,17.36349682,85.7
188.916,-1.170112762,-2.122645762,17.36349682,85.7
188.929,-1.170971245,-2.122645762,17.36349682,85.7
188.942,-1.170112762,-2.122645762,17.36349682,85.7
188.954,-1.170971245,-2.089689215,17.36349682,85.7
188.967,-1.170112762,-2.089689215,17.36349682,85.7
188.98,-1.170112762,-2.089689215,17.35730832,85.8
188.992,-1.16968352,-2.089689215,17.45730832,85.7
189.005,-1.170112762,-2.056732668,17.45730832,85.7
189.018,-1.170112762,-2.056732668,17.45730832,85.7
189.031,-1.170112762,-2.056732668,17.55111981,85.7
189.043,-1.170112762,-2.056732668,17.45730832,85.7
189.056,-1.170112762,-2.056732668,17.45730832,85.7
189.069,-1.170112762,-2.056732668,17.45730832,85.7
189.081,-1.170112762,-2.089689215,17.45730832,85.7
189.094,-1.170112762,-2.089689215,17.36349682,85.7
189.107,-1.170112762,-2.089689215,17.35730832,85.8
189.119,-1.170112762,-2.089689215,17.36349682,85.7
189.132,-1.170112762,-2.089689215,17.35730832,85.8
189.145,-1.170112762,-2.089689215,17.26349682,85.8
189.158,-1.170112762,-2.122645762,17.26349682,85.8
189.17,-1.170112762,-2.122645762,17.26349682,85.8
189.183,-1.170112762,-2.122645762,17.26349682,85.8
189.196,-1.170112762,-2.155602309,17.36349682,85.7
189.208,-1.170112762,-2.155602309,17.36349682,85.7
189.221,-1.170112762,-2.155602309,17.36349682,85.7
189.234,-1.170112762,-2.18977947,17.35730832,85.8
189.247,-1.170112762,-2.18977947,17.36349682,85.7
189.259,-1.16968352,-2.222736017,17.45111981,85.8
189.272,-1.170112762,-2.222736017,17.55730832,85.6
189.285,-1.16968352,-2.222736017,17.55111981,85.7
189.297,-1.170112762,-2.255692564,17.36349682,85.7
189.31,-1.170112762,-2.255692564,17.35730832,85.8
189.323,-1.170112762,-2.255692564,17.32779595,85.7
189.335,-1.170112762,-2.288649111,17.32160744,85.8
189.348,-1.170112762,-2.288649111,17.32779595,85.7
189.361,-1.170112762,-2.321605658,17.35730832,85.8
189.374,-1.170971245,-2.321605658,17.36349682,85.7
189.386,-1.170112762,-2.321605658,17.35730832,85.8
189.399,-1.170112762,-2.321605658,17.32779595,85.7
189.412,-1.170112762,-2.354562206,17.32160744,85.8
189.424,-1.170112762,-2.354562206,17.32779595,85.7
189.437,-1.170112762,-2.354562206,17.32779595,85.7
189.45,-1.170112762,-2.354562206,17.32779595,85.7
189.462,-1.170112762,-2.354562206,17.33398446,85.6
189.475,-1.16968352,-2.354562206,17.32779595,85.7
189.488,-1.170112762,-2.388739366,17.32779595,85.7
189.501,-1.170112762,-2.388739366,17.32160744,85.8
189.513,-1.170112762,-2.354562206,17.32779595,85.7
189.526,-1.16968352,-2.354562206,17.41541894,85.8
189.539,-1.170112762,-2.354562206,17.52779595,85.5
189.551,-1.16968352,-2.354562206,17.41541894,85.8
189.564,-1.170971245,-2.354562206,17.33398446,85.6
189.577,-1.170112762,-2.354562206,17.32160744,85.8
189.59,-1.170112762,-2.321605658,17.42779595,85.6
189.602,-1.170112762,-2.321605658,17.32160744,85.8
189.615,-1.170112762,-2.321605658,17.36349682,85.7
189.628,-1.170112762,-2.288649111,17.32160744,85.8
189.64,-1.170971245,-2.288649111,17.36349682,85.7
189.653,-1.170112762,-2.288649111,17.36349682,85.7
189.666,-1.170112762,-2.255692564,17.32779595,85.7
189.678,-1.170112762,-2.222736017,17.36349682,85.7
189.691,-1.170112762,-2.222736017,17.36349682,85.7
189.704,-1.170112762,-2.18977947,17.36349682,85.7
189.717,-1.170112762,-2.155602309,17.35730832,85.8
189.729,-1.170112762,-2.155602309,17.36968533,85.6
189.742,-1.170112762,-2.122645762,17.35730832,85.8
189.755,-1.170112762,-2.122645762,17.36968533,85.6
189.767,-1.170112762,-2.122645762,17.35730832,85.8
189.78,-1.170112762,-2.089689215,17.3991977,85.7
189.793,-1.170112762,-2.056732668,17.39300919,85.8
189.805,-1.170112762,-2.056732668,17.3991977,85.7
189.818,-1.170112762,-2.023776121,17.39300919,85.8
189.831,-1.170971245,-1.989598961,17.4053862,85.6
189.844,-1.170112762,-1.956642413,17.49300919,85.7
189.856,-1.170971245,-1.956642413,17.49300919,85.7
189.869,-1.170112762,-1.923685866,17.49300919,85.7
189.882,-1.170971245,-1.923685866,17.49300919,85.7
189.894,-1.170112762,-1.890729319,17.51680977,85.7
189.907,-1.170971245,-1.857772772,17.51680977,85.7
189.92,-1.170112762,-1.857772772,17.51680977,85.7
189.933,-1.170971245,-1.857772772,17.51680977,85.7
189.945,-1.170112762,-1.824816225,17.52299828,85.6
189.958,-1.170971245,-1.790639065,17.51680977,85.7
189.971,-1.170112762,-1.790639065,17.42299828,85.7
189.983,-1.170971245,-1.790639065,17.41680977,85.8
189.996,-1.170112762,-1.790639065,17.42299828,85.7
190.009,-1.170971245,-1.790639065,17.42299828,85.7
190.021,-1.170971245,-1.790639065,17.42299828,85.7
190.034,-1.170971245,-1.790639065,17.45869915,85.7
190.047,-1.170971245,-1.790639065,17.45869915,85.7
190.06,-1.170971245,-1.824816225,17.42299828,85.7
190.072,-1.170971245,-1.824816225,17.41680977,85.8
190.085,-1.170971245,-1.824816225,17.41680977,85.8
190.098,-1.170971245,-1.824816225,17.42299828,85.7
190.11,-1.170971245,-1.824816225,17.42299828,85.7
190.123,-1.170971245,-1.857772772,17.51680977,85.7
190.136,-1.170971245,-1.857772772,17.51680977,85.7
190.148,-1.170971245,-1.890729319,17.51680977,85.7
190.161,-1.170971245,-1.923685866,17.51680977,85.7
190.174,-1.170971245,-1.923685866,17.51680977,85.7
190.187,-1.170112762,-1.956642413,17.51062126,85.8
190.199,-1.170971245,-1.956642413,17.51680977,85.7
190.212,-1.170112762,-1.989598961,17.49300919,85.7
190.225,-1.170971245,-2.023776121,17.4991977,85.6
190.237,-1.170112762,-2.056732668,17.49300919,85.7
190.25,-1.170971245,-2.056732668,17.3991977,85.7
190.263,-1.170112762,-2.089689215,17.39300919,85.8
190.276,-1.170971245,-2.122645762,17.36349682,85.7
190.288,-1.170112762,-2.155602309,17.35730832,85.8
190.301,-1.170971245,-2.18977947,17.36349682,85.7
190.314,-1.170112762,-2.222736017,17.35730832,85.8
190.326,-1.170971245,-2.255692564,17.36968533,85.6
190.339,-1.170112762,-2.288649111,17.35730832,85.8
190.352,-1.170971245,-2.321605658,17.36349682,85.7
190.364,-1.170112762,-2.354562206,17.35730832,85.8
190.377,-1.170112762,-2.388739366,17.32779595,85.7
190.39,-1.170112762,-2.421695913,17.32779595,85.7
190.403,-1.170112762,-2.45465246,17.32779595,85.7
190.415,-1.170112762,-2.520565554,17.29209508,85.7
190.428,-1.170112762,-2.553522102,17.38590657,85.7
190.441,-1.170112762,-2.587699262,17.48590657,85.6
190.453,-1.16968352,-2.620655809,17.47971806,85.7
190.466,-1.170112762,-2.653612356,17.38590657,85.7
190.479,-1.170112762,-2.686568903,17.38590657,85.7
190.491,-1.170112762,-2.752481998,17.39209508,85.6
190.504,-1.16968352,-2.752481998,17.36210599,85.7
190.517,-1.170112762,-2.786659158,17.36829449,85.6
190.53,-1.16968352,-2.819615705,17.36210599,85.7
190.542,-1.170112762,-2.852572252,17.36829449,85.6
190.555,-1.16968352,-2.885528799,17.36210599,85.7
190.568,-1.170112762,-2.885528799,17.36829449,85.6
190.58,-1.16968352,-2.918485347,17.26210599,85.8
190.593,-1.170112762,-2.918485347,17.23259362,85.7
190.606,-1.170112762,-2.918485347,17.23259362,85.7
190.618,-1.170112762,-2.952662507,17.23259362,85.7
190.631,-1.170112762,-2.952662507,17.23259362,85.7
190.644,-1.170112762,-2.952662507,17.23259362,85.7
190.657,-1.170112762,-2.952662507,17.23259362,85.7
190.669,-1.16968352,-2.952662507,17.26210599,85.8
190.682,-1.16968352,-2.952662507,17.32640511,85.7
190.695,-1.170112762,-2.952662507,17.42021661,85.7
190.707,-1.170112762,-2.918485347,17.33259362,85.6
190.72,-1.170112762,-2.918485347,17.32640511,85.7
190.733,-1.170112762,-2.918485347,17.33259362,85.6
190.746,-1.16968352,-2.918485347,17.36210599,85.7
190.758,-1.170112762,-2.885528799,17.36829449,85.6
190.771,-1.170112762,-2.885528799,17.36210599,85.7
190.784,-1.170112762,-2.852572252,17.36829449,85.6
190.796,-1.170112762,-2.819615705,17.36210599,85.7
190.809,-1.170112762,-2.819615705,17.36829449,85.6
190.822,-1.16968352,-2.786659158,17.26829449,85.7
190.834,-1.170112762,-2.786659158,17.26829449,85.7
190.847,-1.16968352,-2.752481998,17.26829449,85.7
190.86,-1.170112762,-2.71952545,17.26829449,85.7
190.873,-1.170112762,-2.686568903,17.26829449,85.7
190.885,-1.170112762,-2.653612356,17.26829449,85.7
190.898,-1.16968352,-2.653612356,17.29209508,85.7
190.911,-1.170112762,-2.620655809,17.29209508,85.7
190.923,-1.16968352,-2.587699262,17.29209508,85.7
190.936,-1.170112762,-2.587699262,17.28590657,85.8
190.949,-1.170112762,-2.553522102,17.38590657,85.7
190.962,-1.170112762,-2.520565554,17.38590657,85.7
190.974,-1.16968352,-2.520565554,17.48590657,85.6
190.987,-1.170112762,-2.487609007,17.38590657,85.7
191,-1.170112762,-2.487609007,17.38590657,85.7
191.012,-1.170112762,-2.45465246,17.38590657,85.7
191.025,-1.170112762,-2.421695913,17.38590657,85.7
191.038,-1.170112762,-2.421695913,17.38590657,85.7
191.05,-1.170112762,-2.388739366,17.38590657,85.7
191.063,-1.170112762,-2.354562206,17.42779595,85.6
191.076,-1.170112762,-2.354562206,17.42779595,85.6
191.089,-1.170112762,-2.321605658,17.42779595,85.6
191.101,-1.170112762,-2.321605658,17.42160744,85.7
191.114,-1.170112762,-2.321605658,17.42779595,85.6
191.127,-1.170112762,-2.321605658,17.32779595,85.7
191.139,-1.170112762,-2.321605658,17.32779595,85.7
191.152,-1.170112762,-2.288649111,17.32779595,85.7
191.165,-1.16968352,-2.288649111,17.42160744,85.7
191.177,-1.170112762,-2.288649111,17.42779595,85.6
191.19,-1.16968352,-2.288649111,17.32779595,85.7
191.203,-1.170112762,-2.288649111,17.32779595,85.7
191.216,-1.16968352,-2.288649111,17.32779595,85.7
191.228,-1.170112762,-2.288649111,17.32779595,85.7
191.241,-1.16968352,-2.288649111,17.32160744,85.8
191.254,-1.170112762,-2.288649111,17.32779595,85.7
191.266,-1.16968352,-2.288649111,17.42160744,85.7
191.279,-1.170112762,-2.288649111,17.52160744,85.6
191.292,-1.170112762,-2.321605658,17.51541894,85.7
191.305,-1.170971245,-2.321605658,17.42779595,85.6
191.317,-1.170112762,-2.321605658,17.42160744,85.7
191.33,-1.170112762,-2.354562206,17.42779595,85.6
191.343,-1.170112762,-2.354562206,17.42160744,85.7
191.355,-1.170112762,-2.354562206,17.42779595,85.6
191.368,-1.170112762,-2.354562206,17.42160744,85.7
191.381,-1.170112762,-2.388739366,17.39209508,85.6
191.393,-1.170112762,-2.388739366,17.39209508,85.6
191.406,-1.170112762,-2.421695913,17.39209508,85.6
191.419,-1.170112762,-2.421695913,17.42779595,85.6
191.432,-1.16968352,-2.45465246,17.38590657,85.7
191.444,-1.170112762,-2.45465246,17.29209508,85.7
191.457,-1.16968352,-2.45465246,17.38590657,85.7
191.47,-1.170112762,-2.487609007,17.39209508,85.6
191.482,-1.16968352,-2.487609007,17.38590657,85.7
191.495,-1.170112762,-2.520565554,17.39209508,85.6
191.508,-1.16968352,-2.520565554,17.38590657,85.7
191.52,-1.170112762,-2.520565554,17.29209508,85.7
191.533,-1.170112762,-2.553522102,17.37971806,85.8
191.546,-1.170112762,-2.553522102,17.48590657,85.6
191.559,-1.170112762,-2.587699262,17.38590657,85.7
191.571,-1.170112762,-2.587699262,17.39209508,85.6
191.584,-1.170112762,-2.587699262,17.39209508,85.6
191.597,-1.170112762,-2.587699262,17.38590657,85.7
191.609,-1.16968352,-2.587699262,17.38590657,85.7
191.622,-1.16968352,-2.620655809,17.36210599,85.7
191.635,-1.170112762,-2.620655809,17.36829449,85.6
191.647,-1.170112762,-2.620655809,17.38590657,85.7
191.66,-1.170112762,-2.620655809,17.39828358,85.5
191.673,-1.170112762,-2.620655809,17.38590657,85.7
191.686,-1.170112762,-2.620655809,17.39828358,85.5
191.698,-1.170112762,-2.653612356,17.38590657,85.7
191.711,-1.170112762,-2.620655809,17.29209508,85.7
191.724,-1.16968352,-2.653612356,17.28590657,85.8
191.736,-1.170112762,-2.653612356,17.39209508,85.6
191.749,-1.170112762,-2.653612356,17.39209508,85.6
191.762,-1.170112762,-2.620655809,17.29209508,85.7
191.775,-1.16968352,-2.620655809,17.29209508,85.7
191.787,-1.170112762,-2.620655809,17.29209508,85.7
191.8,-1.170112762,-2.620655809,17.39209508,85.6
191.813,-1.170112762,-2.620655809,17.38590657,85.7
191.825,-1.170112762,-2.620655809,17.36210599,85.7
191.838,-1.170112762,-2.587699262,17.37971806,85.8
191.851,-1.170112762,-2.587699262,17.38590657,85.7
191.863,-1.170112762,-2.587699262,17.37971806,85.8
191.876,-1.170112762,-2.587699262,17.38590657,85.7
191.889,-1.170112762,-2.587699262,17.47971806,85.7
191.902,-1.170112762,-2.587699262,17.48590657,85.6
191.914,-1.170112762,-2.587699262,17.38590657,85.7
191.927,-1.170112762,-2.553522102,17.38590657,85.7
191.94,-1.170112762,-2.553522102,17.38590657,85.7
191.952,-1.16968352,-2.520565554,17.39209508,85.6
191.965,-1.170112762,-2.520565554,17.38590657,85.7
191.978,-1.170112762,-2.520565554,17.39209508,85.6
191.991,-1.170112762,-2.520565554,17.38590657,85.7
192.003,-1.170971245,-2.487609007,17.29209508,85.7
192.016,-1.170112762,-2.487609007,17.29209508,85.7
192.029,-1.170971245,-2.487609007,17.29209508,85.7
192.041,-1.170971245,-2.487609007,17.29209508,85.7
192.054,-1.170971245,-2.45465246,17.38590657,85.7
192.067,-1.170112762,-2.45465246,17.42779595,85.6
192.079,-1.170971245,-2.45465246,17.38590657,85.7
192.092,-1.170112762,-2.421695913,17.38590657,85.7
192.105,-1.170971245,-2.421695913,17.38590657,85.7
192.118,-1.170112762,-2.421695913,17.32779595,85.7
192.13,-1.170112762,-2.388739366,17.32779595,85.7
192.143,-1.170112762,-2.388739366,17.23398446,85.7
192.156,-1.170112762,-2.388739366,17.23398446,85.7
192.168,-1.170112762,-2.388739366,17.32779595,85.7
192.181,-1.170112762,-2.388739366,17.32779595,85.7
192.194,-1.16968352,-2.388739366,17.42160744,85.7
192.206,-1.170112762,-2.388739366,17.52160744,85.6
192.219,-1.16968352,-2.388739366,17.51541894,85.7
192.232,-1.170112762,-2.388739366,17.52160744,85.6
192.245,-1.16968352,-2.388739366,17.42160744,85.7
192.257,-1.170112762,-2.388739366,17.42160744,85.7
192.27,-1.16968352,-2.388739366,17.42160744,85.7
192.283,-1.170112762,-2.388739366,17.42160744,85.7
192.295,-1.170112762,-2.388739366,17.42160744,85.7
192.308,-1.170112762,-2.388739366,17.42160744,85.7
192.321,-1.170112762,-2.388739366,17.42160744,85.7
192.333,-1.170112762,-2.388739366,17.42160744,85.7
192.346,-1.170112762,-2.388739366,17.42779595,85.6
192.359,-1.170112762,-2.388739366,17.32779595,85.7
192.372,-1.170112762,-2.388739366,17.32779595,85.7
192.384,-1.16968352,-2.388739366,17.42160744,85.7
192.397,-1.170112762,-2.388739366,17.42779595,85.6
192.41,-1.16968352,-2.421695913,17.42160744,85.7
192.422,-1.170112762,-2.421695913,17.42779595,85.6
192.435,-1.16968352,-2.421695913,17.42160744,85.7
192.448,-1.170112762,-2.421695913,17.42779595,85.6
192.461,-1.16968352,-2.421695913,17.32160744,85.8
192.473,-1.170112762,-2.421695913,17.42779595,85.6
192.486,-1.170112762,-2.421695913,17.38590657,85.7
192.499,-1.170112762,-2.421695913,17.39209508,85.6
192.511,-1.170112762,-2.45465246,17.38590657,85.7
192.524,-1.170112762,-2.45465246,17.38590657,85.7
192.537,-1.170112762,-2.45465246,17.38590657,85.7
192.549,-1.170112762,-2.45465246,17.38590657,85.7
192.562,-1.170112762,-2.45465246,17.29209508,85.7
192.575,-1.170112762,-2.45465246,17.28590657,85.8
192.588,-1.170112762,-2.487609007,17.39209508,85.6
192.6,-1.16968352,-2.487609007,17.38590657,85.7
192.613,-1.16968352,-2.487609007,17.39209508,85.6
192.626,-1.16968352,-2.487609007,17.38590657,85.7
192.638,-1.170112762,-2.487609007,17.39828358,85.5
192.651,-1.170112762,-2.520565554,17.38590657,85.7
192.664,-1.170112762,-2.520565554,17.39209508,85.6
192.677,-1.170112762,-2.520565554,17.38590657,85.7
192.689,-1.170112762,-2.487609007,17.39209508,85.6
192.702,-1.170112762,-2.520565554,17.38590657,85.7
192.715,-1.170971245,-2.520565554,17.39209508,85.6
192.727,-1.170112762,-2.520565554,17.47971806,85.7
192.74,-1.170971245,-2.520565554,17.48590657,85.6
192.753,-1.170112762,-2.520565554,17.48590657,85.6
192.765,-1.170112762,-2.520565554,17.39209508,85.6
192.778,-1.170112762,-2.520565554,17.39209508,85.6
192.791,-1.170112762,-2.520565554,17.38590657,85.7
192.804,-1.170112762,-2.520565554,17.39209508,85.6
192.816,-1.170971245,-2.520565554,17.38590657,85.7
192.829,-1.170112762,-2.520565554,17.39209508,85.6
192.842,-1.170112762,-2.520565554,17.38590657,85.7
192.854,-1.16968352,-2.487609007,17.39209508,85.6
192.867,-1.16968352,-2.487609007,17.38590657,85.7
192.88,-1.16968352,-2.487609007,17.29209508,85.7
192.892,-1.16968352,-2.520565554,17.28590657,85.8
192.905,-1.16968352,-2.520565554,17.29209508,85.7
192.918,-1.170112762,-2.520565554,17.38590657,85.7
192.931,-1.170112762,-2.520565554,17.29209508,85.7
192.943,-1.170112762,-2.520565554,17.29209508,85.7
192.956,-1.170112762,-2.520565554,17.29209508,85.7
192.969,-1.170112762,-2.520565554,17.29209508,85.7
192.981,-1.170112762,-2.520565554,17.29209508,85.7
192.994,-1.170112762,-2.520565554,17.29209508,85.7
193.007,-1.170112762,-2.520565554,17.38590657,85.7
193.02,-1.170112762,-2.520565554,17.48590657,85.6
193.032,-1.170971245,-2.520565554,17.48590657,85.6
193.045,-1.170112762,-2.520565554,17.39209508,85.6
193.058,-1.170971245,-2.520565554,17.39209508,85.6
193.07,-1.170112762,-2.520565554,17.38590657,85.7
193.083,-1.170112762,-2.520565554,17.38590657,85.7
193.096,-1.170112762,-2.487609007,17.38590657,85.7
193.108,-1.170112762,-2.487609007,17.39209508,85.6
193.121,-1.170112762,-2.487609007,17.39209508,85.6
193.134,-1.170112762,-2.487609007,17.39209508,85.6
193.147,-1.16968352,-2.487609007,17.39209508,85.6
193.159,-1.170112762,-2.520565554,17.39209508,85.6
193.172,-1.16968352,-2.487609007,17.38590657,85.7
193.185,-1.170112762,-2.487609007,17.39209508,85.6
193.197,-1.16968352,-2.487609007,17.38590657,85.7
193.21,-1.170112762,-2.487609007,17.39209508,85.6
193.223,-1.16968352,-2.487609007,17.29209508,85.7
193.235,-1.170112762,-2.487609007,17.48590657,85.6
193.248,-1.170112762,-2.487609007,17.47971806,85.7
193.261,-1.170112762,-2.487609007,17.47971806,85.7
193.274,-1.170112762,-2.487609007,17.38590657,85.7
193.286,-1.170112762,-2.487609007,17.38590657,85.7
193.299,-1.170112762,-2.487609007,17.39209508,85.6
193.312,-1.170112762,-2.487609007,17.38590657,85.7
193.324,-1.170112762,-2.487609007,17.39209508,85.6
193.337,-1.16968352,-2.487609007,17.38590657,85.7
193.35,-1.170112762,-2.487609007,17.39209508,85.6
193.362,-1.170112762,-2.487609007,17.38590657,85.7
193.375,-1.170112762,-2.45465246,17.39209508,85.6
193.388,-1.16968352,-2.45465246,17.38590657,85.7
193.401,-1.170112762,-2.45465246,17.29828358,85.6
193.413,-1.16968352,-2.45465246,17.28590657,85.8
193.426,-1.170112762,-2.45465246,17.39209508,85.6
193.439,-1.170112762,-2.45465246,17.38590657,85.7
193.451,-1.170971245,-2.45465246,17.29209508,85.7
193.464,-1.170112762,-2.45465246,17.28590657,85.8
193.477,-1.170112762,-2.45465246,17.38590657,85.7
193.49,-1.170112762,-2.45465246,17.48590657,85.6
193.502,-1.170112762,-2.45465246,17.52160744,85.6
193.515,-1.170112762,-2.45465246,17.38590657,85.7
193.528,-1.170112762,-2.45465246,17.48590657,85.6
193.54,-1.170112762,-2.45465246,17.49209508,85.5
193.553,-1.16968352,-2.45465246,17.38590657,85.7
193.566,-1.170112762,-2.45465246,17.39209508,85.6
193.578,-1.170112762,-2.45465246,17.38590657,85.7
193.591,-1.170112762,-2.45465246,17.39828358,85.5
193.604,-1.170112762,-2.45465246,17.28590657,85.8
193.617,-1.170112762,-2.45465246,17.39828358,85.5
193.629,-1.170112762,-2.45465246,17.28590657,85.8
193.642,-1.170971245,-2.45465246,17.29828358,85.6
193.655,-1.170112762,-2.45465246,17.28590657,85.8
193.667,-1.170112762,-2.45465246,17.29209508,85.7
193.68,-1.170112762,-2.45465246,17.38590657,85.7
193.693,-1.170971245,-2.45465246,17.29209508,85.7
193.706,-1.170112762,-2.45465246,17.29209508,85.7
193.718,-1.170971245,-2.45465246,17.29209508,85.7
193.731,-1.170112762,-2.45465246,17.29209508,85.7
193.744,-1.170971245,-2.45465246,17.29209508,85.7
193.756,-1.170112762,-2.45465246,17.39209508,85.6
193.769,-1.170112762,-2.45465246,17.38590657,85.7
193.782,-1.170112762,-2.45465246,17.48590657,85.6
193.794,-1.170112762,-2.45465246,17.48590657,85.6
193.807,-1.16968352,-2.45465246,17.39209508,85.6
193.82,-1.170112762,-2.45465246,17.48590657,85.6
193.833,-1.16968352,-2.45465246,17.48590657,85.6
193.845,-1.170112762,-2.45465246,17.47971806,85.7
193.858,-1.170112762,-2.45465246,17.48590657,85.6
193.871,-1.170112762,-2.45465246,17.38590657,85.7
193.883,-1.170112762,-2.45465246,17.39209508,85.6
193.896,-1.170112762,-2.45465246,17.38590657,85.7
193.909,-1.170112762,-2.45465246,17.39209508,85.6
193.921,-1.16968352,-2.487609007,17.38590657,85.7
193.934,-1.170112762,-2.487609007,17.39209508,85.6
193.947,-1.170112762,-2.45465246,17.38590657,85.7
193.96,-1.170112762,-2.487609007,17.39209508,85.6
193.972,-1.170112762,-2.487609007,17.39209508,85.6
193.985,-1.170112762,-2.487609007,17.39209508,85.6
193.998,-1.170112762,-2.487609007,17.39209508,85.6
194.01,-1.170971245,-2.487609007,17.39209508,85.6
194.023,-1.170112762,-2.487609007,17.38590657,85.7
194.036,-1.170112762,-2.487609007,17.38590657,85.7
194.048,-1.170112762,-2.487609007,17.38590657,85.7
194.061,-1.170112762,-2.487609007,17.39209508,85.6
194.074,-1.170112762,-2.487609007,17.38590657,85.7
194.087,-1.170971245,-2.487609007,17.29209508,85.7
194.099,-1.170112762,-2.487609007,17.29209508,85.7
194.112,-1.170971245,-2.487609007,17.39209508,85.6
194.125,-1.16968352,-2.487609007,17.38590657,85.7
194.137,-1.170112762,-2.487609007,17.39209508,85.6
194.15,-1.16968352,-2.487609007,17.38590657,85.7
194.163,-1.170112762,-2.487609007,17.38590657,85.7
194.176,-1.170112762,-2.487609007,17.38590657,85.7
194.188,-1.170971245,-2.487609007,17.48590657,85.6
194.201,-1.170112762,-2.487609007,17.48590657,85.6
194.214,-1.170971245,-2.487609007,17.38590657,85.7
194.226,-1.170112762,-2.520565554,17.38590657,85.7
194.239,-1.170112762,-2.487609007,17.29209508,85.7
194.252,-1.170112762,-2.487609007,17.19828358,85.7
194.264,-1.16968352,-2.487609007,17.19209508,85.8
194.277,-1.16968352,-2.487609007,17.29828358,85.6
194.29,-1.170112762,-2.487609007,17.29209508,85.7
194.303,-1.170112762,-2.487609007,17.39209508,85.6
194.315,-1.16968352,-2.487609007,17.38590657,85.7
194.328,-1.170112762,-2.487609007,17.39209508,85.6
194.341,-1.16968352,-2.487609007,17.38590657,85.7
194.353,-1.170112762,-2.487609007,17.39209508,85.6
194.366,-1.16968352,-2.487609007,17.38590657,85.7
194.379,-1.170112762,-2.487609007,17.39828358,85.5
194.392,-1.16968352,-2.487609007,17.38590657,85.7
194.404,-1.170112762,-2.487609007,17.29828358,85.6
194.417,-1.170112762,-2.487609007,17.28590657,85.8
194.43,-1.170112762,-2.487609007,17.48590657,85.6
194.442,-1.170112762,-2.487609007,17.47971806,85.7
194.455,-1.170971245,-2.487609007,17.48590657,85.6
194.468,-1.170112762,-2.487609007,17.39209508,85.6
194.48,-1.170112762,-2.487609007,17.39209508,85.6
194.493,-1.170112762,-2.487609007,17.39209508,85.6
194.506,-1.170112762,-2.487609007,17.39209508,85.6
194.519,-1.170112762,-2.487609007,17.39209508,85.6
194.531,-1.16968352,-2.487609007,17.38590657,85.7
194.544,-1.170112762,-2.487609007,17.39209508,85.6
194.557,-1.170112762,-2.487609007,17.38590657,85.7
194.569,-1.170112762,-2.487609007,17.39828358,85.5
194.582,-1.16968352,-2.487609007,17.38590657,85.7
194.595,-1.170112762,-2.487609007,17.39209508,85.6
194.607,-1.170112762,-2.487609007,17.38590657,85.7
194.62,-1.170971245,-2.487609007,17.29828358,85.6
194.633,-1.170112762,-2.45465246,17.28590657,85.8
194.646,-1.170112762,-2.45465246,17.39209508,85.6
194.658,-1.170112762,-2.45465246,17.39209508,85.6
194.671,-1.170112762,-2.45465246,17.39209508,85.6
194.684,-1.170112762,-2.487609007,17.48590657,85.6
194.696,-1.170112762,-2.45465246,17.48590657,85.6
194.709,-1.170112762,-2.45465246,17.39209508,85.6
194.722,-1.170971245,-2.45465246,17.38590657,85.7
194.734,-1.170112762,-2.45465246,17.39209508,85.6
194.747,-1.170112762,-2.45465246,17.38590657,85.7
194.76,-1.16968352,-2.45465246,17.39209508,85.6
194.773,-1.170112762,-2.45465246,17.38590657,85.7
194.785,-1.170112762,-2.45465246,17.39209508,85.6
194.798,-1.170112762,-2.45465246,17.38590657,85.7
194.811,-1.170112762,-2.45465246,17.39209508,85.6
194.823,-1.170112762,-2.45465246,17.38590657,85.7
194.836,-1.170112762,-2.45465246,17.39209508,85.6
194.849,-1.170971245,-2.45465246,17.39209508,85.6
194.862,-1.170112762,-2.45465246,17.39209508,85.6
194.874,-1.170112762,-2.45465246,17.39209508,85.6
194.887,-1.170112762,-2.45465246,17.39209508,85.6
194.9,-1.170112762,-2.45465246,17.39209508,85.6
194.912,-1.170112762,-2.45465246,17.29209508,85.7
194.925,-1.170112762,-2.421695913,17.38590657,85.7
194.938,-1.170112762,-2.421695913,17.48590657,85.6
194.95,-1.16968352,-2.421695913,17.48590657,85.6
194.963,-1.170112762,-2.421695913,17.48590657,85.6
194.976,-1.170112762,-2.421695913,17.48590657,85.6
194.989,-1.170112762,-2.388739366,17.48590657,85.6
195.001,-1.16968352,-2.388739366,17.48590657,85.6
195.014,-1.170112762,-2.388739366,17.48590657,85.6
195.027,-1.170112762,-2.388739366,17.48590657,85.6
195.039,-1.170112762,-2.388739366,17.49209508,85.5
195.052,-1.170112762,-2.388739366,17.38590657,85.7
195.065,-1.170112762,-2.388739366,17.42779595,85.6
195.077,-1.170112762,-2.388739366,17.38590657,85.7
195.09,-1.170971245,-2.388739366,17.39209508,85.6
195.103,-1.170112762,-2.354562206,17.38590657,85.7
195.116,-1.170112762,-2.388739366,17.42779595,85.6
195.128,-1.170112762,-2.354562206,17.38590657,85.7
195.141,-1.170971245,-2.354562206,17.39209508,85.6
195.154,-1.170112762,-2.354562206,17.42160744,85.7
195.166,-1.170971245,-2.354562206,17.39209508,85.6
195.179,-1.170112762,-2.354562206,17.38590657,85.7
195.192,-1.170112762,-2.354562206,17.39209508,85.6
195.205,-1.170112762,-2.354562206,17.38590657,85.7
195.217,-1.170112762,-2.354562206,17.29209508,85.7
195.23,-1.170112762,-2.354562206,17.42779595,85.6
195.243,-1.170112762,-2.354562206,17.42160744,85.7
195.255,-1.16968352,-2.354562206,17.49209508,85.5
195.268,-1.16968352,-2.354562206,17.48590657,85.6
195.281,-1.16968352,-2.354562206,17.39209508,85.6
195.293,-1.16968352,-2.354562206,17.38590657,85.7
195.306,-1.170112762,-2.354562206,17.52779595,85.5
195.319,-1.16968352,-2.354562206,17.47971806,85.7
195.332,-1.170112762,-2.354562206,17.39209508,85.6
195.344,-1.16968352,-2.354562206,17.38590657,85.7
195.357,-1.170971245,-2.354562206,17.39209508,85.6
195.37,-1.170112762,-2.354562206,17.38590657,85.7
195.382,-1.170112762,-2.354562206,17.39209508,85.6
195.395,-1.170112762,-2.354562206,17.38590657,85.7
195.408,-1.170971245,-2.354562206,17.42779595,85.6
195.421,-1.170112762,-2.354562206,17.42779595,85.6
195.433,-1.170971245,-2.354562206,17.39209508,85.6
195.446,-1.170112762,-2.354562206,17.42779595,85.6
195.459,-1.170112762,-2.354562206,17.42160744,85.7
195.471,-1.170112762,-2.354562206,17.42779595,85.6
195.484,-1.170112762,-2.354562206,17.32160744,85.8
195.497,-1.170112762,-2.354562206,17.42779595,85.6
195.509,-1.16968352,-2.388739366,17.38590657,85.7
195.522,-1.16968352,-2.388739366,17.39828358,85.5
195.535,-1.16968352,-2.421695913,17.42160744,85.7
195.548,-1.170112762,-2.421695913,17.43398446,85.5
195.56,-1.170112762,-2.421695913,17.38590657,85.7
195.573,-1.170971245,-2.421695913,17.49209508,85.5
195.586,-1.170112762,-2.421695913,17.47971806,85.7
195.598,-1.170112762,-2.421695913,17.48590657,85.6
195.611,-1.170112762,-2.421695913,17.38590657,85.7
195.624,-1.170112762,-2.421695913,17.38590657,85.7
195.636,-1.170112762,-2.421695913,17.48590657,85.6
195.649,-1.170112762,-2.421695913,17.38590657,85.7
195.662,-1.170112762,-2.421695913,17.39209508,85.6
195.675,-1.170112762,-2.421695913,17.38590657,85.7
195.687,-1.170112762,-2.421695913,17.39209508,85.6
195.7,-1.170112762,-2.45465246,17.38590657,85.7
195.713,-1.16968352,-2.45465246,17.39209508,85.6
195.725,-1.170112762,-2.45465246,17.38590657,85.7
195.738,-1.170112762,-2.45465246,17.39209508,85.6
195.751,-1.170112762,-2.45465246,17.39209508,85.6
195.763,-1.170112762,-2.45465246,17.29209508,85.7
195.776,-1.170112762,-2.45465246,17.39209508,85.6
195.789,-1.170112762,-2.45465246,17.39209508,85.6
195.802,-1.170112762,-2.45465246,17.39209508,85.6
195.814,-1.170112762,-2.45465246,17.39209508,85.6
195.827,-1.170112762,-2.45465246,17.29209508,85.7
195.84,-1.170971245,-2.45465246,17.29209508,85.7
195.852,-1.170112762,-2.45465246,17.29209508,85.7
195.865,-1.170112762,-2.421695913,17.39209508,85.6
195.878,-1.170112762,-2.421695913,17.48590657,85.6
195.891,-1.170112762,-2.421695913,17.48590657,85.6
195.903,-1.170112762,-2.421695913,17.48590657,85.6
195.916,-1.170971245,-2.45465246,17.48590657,85.6
195.929,-1.170112762,-2.45465246,17.48590657,85.6
195.941,-1.170112762,-2.45465246,17.48590657,85.6
195.954,-1.16968352,-2.45465246,17.48590657,85.6
195.967,-1.170112762,-2.45465246,17.48590657,85.6
195.979,-1.16968352,-2.421695913,17.38590657,85.7
195.992,-1.170112762,-2.421695913,17.39209508,85.6
196.005,-1.16968352,-2.421695913,17.39209508,85.6
196.018,-1.170112762,-2.421695913,17.39209508,85.6
196.03,-1.170112762,-2.421695913,17.38590657,85.7
196.043,-1.170971245,-2.421695913,17.39209508,85.6
196.056,-1.170112762,-2.421695913,17.38590657,85.7
196.068,-1.170971245,-2.388739366,17.39209508,85.6
196.081,-1.170112762,-2.388739366,17.38590657,85.7
196.094,-1.170112762,-2.388739366,17.39209508,85.6
196.106,-1.170112762,-2.388739366,17.38590657,85.7
196.119,-1.170112762,-2.388739366,17.39209508,85.6
196.132,-1.170112762,-2.388739366,17.38590657,85.7
196.145,-1.170971245,-2.388739366,17.39209508,85.6
196.157,-1.170971245,-2.388739366,17.38590657,85.7
196.17,-1.170971245,-2.354562206,17.38590657,85.7
196.183,-1.170971245,-2.354562206,17.38590657,85.7
196.195,-1.170971245,-2.354562206,17.39209508,85.6
196.208,-1.170112762,-2.388739366,17.42779595,85.6
196.221,-1.16968352,-2.388739366,17.39209508,85.6
196.234,-1.170112762,-2.388739366,17.39209508,85.6
196.246,-1.16968352,-2.354562206,17.39209508,85.6
196.259,-1.170112762,-2.354562206,17.29209508,85.7
196.272,-1.170112762,-2.354562206,17.39209508,85.6
196.284,-1.170112762,-2.354562206,17.39209508,85.6
196.297,-1.170112762,-2.354562206,17.38590657,85.7
196.31,-1.170112762,-2.354562206,17.39828358,85.5
196.322,-1.170112762,-2.354562206,17.38590657,85.7
196.335,-1.170971245,-2.354562206,17.52160744,85.6
196.348,-1.170112762,-2.354562206,17.47971806,85.7
196.361,-1.170112762,-2.354562206,17.39209508,85.6
196.373,-1.170112762,-2.354562206,17.39209508,85.6
196.386,-1.170112762,-2.354562206,17.38590657,85.7
196.399,-1.170112762,-2.354562206,17.39209508,85.6
196.411,-1.170112762,-2.354562206,17.38590657,85.7
196.424,-1.170112762,-2.354562206,17.42779595,85.6
196.437,-1.16968352,-2.354562206,17.42160744,85.7
196.449,-1.170112762,-2.354562206,17.39209508,85.6
196.462,-1.170112762,-2.354562206,17.38590657,85.7
196.475,-1.170112762,-2.354562206,17.39209508,85.6
196.488,-1.170112762,-2.354562206,17.38590657,85.7
196.5,-1.170112762,-2.354562206,17.39209508,85.6
196.513,-1.170112762,-2.388739366,17.38590657,85.7
196.526,-1.170971245,-2.388739366,17.39209508,85.6
196.538,-1.170112762,-2.388739366,17.39209508,85.6
196.551,-1.170112762,-2.388739366,17.39209508,85.6
196.564,-1.170112762,-2.388739366,17.39209508,85.6
196.577,-1.170112762,-2.388739366,17.39209508,85.6
196.589,-1.170112762,-2.388739366,17.39209508,85.6
196.602,-1.170112762,-2.388739366,17.48590657,85.6
196.615,-1.170112762,-2.388739366,17.49209508,85.5
196.627,-1.170112762,-2.421695913,17.38590657,85.7
196.64,-1.16968352,-2.421695913,17.49209508,85.5
196.653,-1.170112762,-2.421695913,17.38590657,85.7
196.665,-1.170112762,-2.421695913,17.39209508,85.6
196.678,-1.170112762,-2.421695913,17.38590657,85.7
196.691,-1.16968352,-2.421695913,17.39209508,85.6
196.704,-1.170112762,-2.45465246,17.38590657,85.7
196.716,-1.170112762,-2.421695913,17.39209508,85.6
196.729,-1.170112762,-2.45465246,17.38590657,85.7
196.742,-1.170971245,-2.45465246,17.39209508,85.6
196.754,-1.170112762,-2.45465246,17.38590657,85.7
196.767,-1.170112762,-2.45465246,17.39209508,85.6
196.78,-1.170112762,-2.45465246,17.39209508,85.6
196.792,-1.170112762,-2.45465246,17.39209508,85.6
196.805,-1.170112762,-2.45465246,17.39209508,85.6
196.818,-1.170971245,-2.45465246,17.39209508,85.6
196.831,-1.170112762,-2.45465246,17.29209508,85.7
196.843,-1.170112762,-2.45465246,17.29209508,85.7
196.856,-1.170112762,-2.45465246,17.29209508,85.7
196.869,-1.170112762,-2.45465246,17.39209508,85.6
196.881,-1.170112762,-2.45465246,17.39209508,85.6
196.894,-1.170112762,-2.487609007,17.39209508,85.6
196.907,-1.170112762,-2.45465246,17.49209508,85.5
196.92,-1.170112762,-2.45465246,17.48590657,85.6
196.932,-1.170112762,-2.487609007,17.48590657,85.6
196.945,-1.170112762,-2.487609007,17.48590657,85.6
196.958,-1.170112762,-2.487609007,17.48590657,85.6
196.97,-1.170112762,-2.487609007,17.48590657,85.6
196.983,-1.16968352,-2.487609007,17.48590657,85.6
196.996,-1.170112762,-2.45465246,17.48590657,85.6
197.008,-1.16968352,-2.45465246,17.48590657,85.6
197.021,-1.170112762,-2.45465246,17.38590657,85.7
197.034,-1.16968352,-2.45465246,17.39209508,85.6
197.047,-1.170112762,-2.45465246,17.29209508,85.7
197.059,-1.170112762,-2.45465246,17.29209508,85.7
197.072,-1.170112762,-2.45465246,17.29209508,85.7
197.085,-1.170112762,-2.45465246,17.29209508,85.7
197.097,-1.170112762,-2.45465246,17.39209508,85.6
197.11,-1.170112762,-2.45465246,17.39209508,85.6
197.123,-1.170112762,-2.421695913,17.39209508,85.6
197.135,-1.170112762,-2.421695913,17.39209508,85.6
197.148,-1.170112762,-2.421695913,17.39209508,85.6
197.161,-1.170112762,-2.421695913,17.39209508,85.6
197.174,-1.170112762,-2.421695913,17.39209508,85.6
197.186,-1.170112762,-2.421695913,17.39209508,85.6
197.199,-1.16968352,-2.421695913,17.38590657,85.7
197.212,-1.170112762,-2.421695913,17.48590657,85.6
197.224,-1.170112762,-2.421695913,17.47971806,85.7
197.237,-1.170112762,-2.421695913,17.39209508,85.6
197.25,-1.170112762,-2.421695913,17.38590657,85.7
197.263,-1.170112762,-2.421695913,17.49209508,85.5
197.275,-1.16968352,-2.421695913,17.48590657,85.6
197.288,-1.170112762,-2.421695913,17.49209508,85.5
197.301,-1.16968352,-2.421695913,17.38590657,85.7
197.313,-1.170112762,-2.421695913,17.39209508,85.6
197.326,-1.170112762,-2.421695913,17.38590657,85.7
197.339,-1.170112762,-2.388739366,17.38590657,85.7
197.351,-1.170112762,-2.388739366,17.39209508,85.6
197.364,-1.170112762,-2.388739366,17.38590657,85.7
197.377,-1.16968352,-2.388739366,17.39209508,85.6
197.39,-1.170112762,-2.388739366,17.38590657,85.7
197.402,-1.170112762,-2.388739366,17.39828358,85.5
197.415,-1.16968352,-2.388739366,17.38590657,85.7
197.428,-1.170112762,-2.388739366,17.29828358,85.6
197.44,-1.170112762,-2.388739366,17.28590657,85.8
197.453,-1.170112762,-2.388739366,17.30447209,85.5
197.466,-1.170112762,-2.388739366,17.28590657,85.8
197.478,-1.170971245,-2.388739366,17.39828358,85.5
197.491,-1.170112762,-2.388739366,17.38590657,85.7
197.504,-1.170971245,-2.388739366,17.48590657,85.6
197.517,-1.170112762,-2.388739366,17.47971806,85.7
197.529,-1.170112762,-2.388739366,17.48590657,85.6
197.542,-1.170112762,-2.388739366,17.48590657,85.6
197.555,-1.170971245,-2.388739366,17.48590657,85.6
197.567,-1.170112762,-2.388739366,17.48590657,85.6
197.58,-1.170112762,-2.388739366,17.52160744,85.6
197.593,-1.16968352,-2.388739366,17.52160744,85.6
197.606,-1.170112762,-2.421695913,17.38590657,85.7
197.618,-1.170112762,-2.421695913,17.39209508,85.6
197.631,-1.170112762,-2.421695913,17.38590657,85.7
197.644,-1.170112762,-2.388739366,17.39828358,85.5
197.656,-1.170112762,-2.388739366,17.39209508,85.6
197.669,-1.170112762,-2.388739366,17.39828358,85.5
197.682,-1.170112762,-2.388739366,17.42160744,85.7
197.694,-1.170112762,-2.421695913,17.39828358,85.5
197.707,-1.170112762,-2.421695913,17.38590657,85.7
197.72,-1.170112762,-2.421695913,17.39209508,85.6
197.733,-1.170112762,-2.388739366,17.38590657,85.7
197.745,-1.170112762,-2.388739366,17.39828358,85.5
197.758,-1.170112762,-2.421695913,17.39209508,85.6
197.771,-1.170971245,-2.421695913,17.39209508,85.6
197.783,-1.170112762,-2.421695913,17.48590657,85.6
197.796,-1.170971245,-2.421695913,17.52160744,85.6
197.809,-1.170112762,-2.421695913,17.48590657,85.6
197.821,-1.170112762,-2.421695913,17.48590657,85.6
197.834,-1.170112762,-2.421695913,17.38590657,85.7
197.847,-1.170971245,-2.421695913,17.39209508,85.6
197.86,-1.170112762,-2.421695913,17.49209508,85.5
197.872,-1.170112762,-2.45465246,17.48590657,85.6
197.885,-1.16968352,-2.45465246,17.48590657,85.6
197.898,-1.170112762,-2.45465246,17.48590657,85.6
197.91,-1.16968352,-2.45465246,17.48590657,85.6
197.923,-1.170112762,-2.421695913,17.48590657,85.6
197.936,-1.170112762,-2.421695913,17.39209508,85.6
197.949,-1.170112762,-2.421695913,17.38590657,85.7
197.961,-1.16968352,-2.45465246,17.49209508,85.5
197.974,-1.170112762,-2.45465246,17.48590657,85.6
197.987,-1.16968352,-2.45465246,17.39209508,85.6
197.999,-1.170112762,-2.421695913,17.38590657,85.7
198.012,-1.170112762,-2.45465246,17.38590657,85.7
198.025,-1.170112762,-2.45465246,17.48590657,85.6
198.037,-1.170112762,-2.45465246,17.48590657,85.6
198.05,-1.170112762,-2.421695913,17.38590657,85.7
198.063,-1.170971245,-2.421695913,17.39209508,85.6
198.076,-1.170112762,-2.421695913,17.39209508,85.6
198.088,-1.170112762,-2.421695913,17.38590657,85.7
198.101,-1.170112762,-2.421695913,17.38590657,85.7
198.114,-1.170112762,-2.45465246,17.39209508,85.6
198.126,-1.170112762,-2.45465246,17.38590657,85.7
198.139,-1.170112762,-2.421695913,17.39209508,85.6
198.152,-1.170112762,-2.421695913,17.38590657,85.7
198.164,-1.170112762,-2.421695913,17.39209508,85.6
198.177,-1.16968352,-2.421695913,17.38590657,85.7
198.19,-1.170112762,-2.421695913,17.39209508,85.6
198.203,-1.170112762,-2.421695913,17.38590657,85.7
198.215,-1.170112762,-2.421695913,17.39828358,85.5
198.228,-1.170112762,-2.421695913,17.38590657,85.7
198.241,-1.170112762,-2.421695913,17.39828358,85.5
198.253,-1.170112762,-2.421695913,17.39209508,85.6
198.266,-1.170112762,-2.421695913,17.39209508,85.6
198.279,-1.170112762,-2.421695913,17.47971806,85.7
198.292,-1.170112762,-2.388739366,17.58590657,85.5
198.304,-1.170112762,-2.388739366,17.48590657,85.6
198.317,-1.170112762,-2.388739366,17.39209508,85.6
198.33,-1.170112762,-2.388739366,17.39209508,85.6
198.342,-1.170112762,-2.421695913,17.38590657,85.7
198.355,-1.16968352,-2.388739366,17.39209508,85.6
198.368,-1.16968352,-2.388739366,17.38590657,85.7
198.38,-1.170112762,-2.388739366,17.39209508,85.6
198.393,-1.16968352,-2.388739366,17.38590657,85.7
198.406,-1.16968352,-2.388739366,17.39828358,85.5
198.419,-1.16968352,-2.388739366,17.48590657,85.6
198.431,-1.170112762,-2.388739366,17.39828358,85.5
198.444,-1.170112762,-2.388739366,17.38590657,85.7
198.457,-1.170971245,-2.388739366,17.39828358,85.5
198.469,-1.170112762,-2.421695913,17.38590657,85.7
198.482,-1.170112762,-2.388739366,17.39209508,85.6
198.495,-1.170112762,-2.388739366,17.39209508,85.6
198.507,-1.170112762,-2.388739366,17.39828358,85.5
198.52,-1.170112762,-2.388739366,17.39209508,85.6
198.533,-1.170112762,-2.388739366,17.39209508,85.6
198.546,-1.170112762,-2.388739366,17.39209508,85.6
198.558,-1.170112762,-2.388739366,17.39209508,85.6
198.571,-1.170112762,-2.388739366,17.39209508,85.6
198.584,-1.170112762,-2.388739366,17.48590657,85.6
198.596,-1.170112762,-2.388739366,17.49209508,85.5
198.609,-1.170112762,-2.388739366,17.48590657,85.6
198.622,-1.170112762,-2.388739366,17.49209508,85.5
198.635,-1.170112762,-2.388739366,17.48590657,85.6
198.647,-1.170112762,-2.388739366,17.49209508,85.5
198.66,-1.170112762,-2.388739366,17.48590657,85.6
198.673,-1.170112762,-2.388739366,17.49209508,85.5
198.685,-1.170112762,-2.388739366,17.38590657,85.7
198.698,-1.170971245,-2.388739366,17.39209508,85.6
198.711,-1.170112762,-2.388739366,17.38590657,85.7
198.723,-1.170112762,-2.388739366,17.39209508,85.6
198.736,-1.170112762,-2.388739366,17.39209508,85.6
198.749,-1.170971245,-2.388739366,17.39209508,85.6
198.762,-1.170112762,-2.388739366,17.39209508,85.6
198.774,-1.170112762,-2.388739366,17.29209508,85.7
198.787,-1.170112762,-2.388739366,17.39209508,85.6
198.8,-1.170112762,-2.421695913,17.39209508,85.6
198.812,-1.170112762,-2.421695913,17.39209508,85.6
198.825,-1.170971245,-2.421695913,17.39209508,85.6
198.838,-1.16968352,-2.388739366,17.39209508,85.6
198.85,-1.170112762,-2.421695913,17.39209508,85.6
198.863,-1.16968352,-2.421695913,17.39209508,85.6
198.876,-1.170112762,-2.421695913,17.39209508,85.6
198.889,-1.170112762,-2.421695913,17.39209508,85.6
198.901,-1.170112762,-2.421695913,17.42779595,85.6
198.914,-1.170112762,-2.421695913,17.48590657,85.6
198.927,-1.170112762,-2.421695913,17.48590657,85.6
198.939,-1.170112762,-2.421695913,17.48590657,85.6
198.952,-1.170112762,-2.421695913,17.39209508,85.6
198.965,-1.170112762,-2.421695913,17.38590657,85.7
198.978,-1.170971245,-2.421695913,17.42160744,85.7
198.99,-1.170112762,-2.421695913,17.38590657,85.7
199.003,-1.170112762,-2.421695913,17.49209508,85.5
199.016,-1.16968352,-2.421695913,17.39209508,85.6
199.028,-1.16968352,-2.421695913,17.39209508,85.6
199.041,-1.170112762,-2.421695913,17.39209508,85.6
199.054,-1.170112762,-2.421695913,17.38590657,85.7
199.066,-1.170112762,-2.421695913,17.39209508,85.6
199.079,-1.16968352,-2.421695913,17.38590657,85.7
199.092,-1.16968352,-2.421695913,17.39209508,85.6
199.105,-1.16968352,-2.421695913,17.39209508,85.6
199.117,-1.170112762,-2.421695913,17.39828358,85.5
199.13,-1.16968352,-2.421695913,17.38590657,85.7
199.143,-1.170112762,-2.421695913,17.39209508,85.6
199.155,-1.16968352,-2.421695913,17.38590657,85.7
199.168,-1.170112762,-2.421695913,17.39209508,85.6
199.181,-1.170112762,-2.421695913,17.48590657,85.6
199.193,-1.170112762,-2.421695913,17.49209508,85.5
199.206,-1.170112762,-2.421695913,17.47971806,85.7
199.219,-1.170112762,-2.421695913,17.48590657,85.6
199.232,-1.170112762,-2.421695913,17.47971806,85.7
199.244,-1.170112762,-2.421695913,17.48590657,85.6
199.257,-1.170112762,-2.421695913,17.47971806,85.7
199.27,-1.170112762,-2.421695913,17.39209508,85.6
199.282,-1.170112762,-2.421695913,17.29209508,85.7
199.295,-1.170112762,-2.421695913,17.29828358,85.6
199.308,-1.170112762,-2.421695913,17.39209508,85.6
199.321,-1.170112762,-2.421695913,17.39209508,85.6
199.333,-1.170112762,-2.421695913,17.39209508,85.6
199.346,-1.16968352,-2.421695913,17.38590657,85.7
199.359,-1.170112762,-2.421695913,17.39209508,85.6
199.371,-1.170112762,-2.421695913,17.38590657,85.7
199.384,-1.170112762,-2.421695913,17.39209508,85.6
199.397,-1.170112762,-2.388739366,17.38590657,85.7
199.409,-1.170971245,-2.388739366,17.39828358,85.5
199.422,-1.170112762,-2.388739366,17.38590657,85.7
199.435,-1.170971245,-2.388739366,17.39828358,85.5
199.448,-1.170112762,-2.388739366,17.38590657,85.7
199.46,-1.170112762,-2.421695913,17.39209508,85.6
199.473,-1.170112762,-2.388739366,17.39209508,85.6
199.486,-1.170112762,-2.388739366,17.39209508,85.6
199.498,-1.170112762,-2.388739366,17.39209508,85.6
199.511,-1.170112762,-2.388739366,17.48590657,85.6
199.524,-1.170112762,-2.388739366,17.48590657,85.6
199.536,-1.170112762,-2.421695913,17.48590657,85.6
199.549,-1.170112762,-2.421695913,17.39209508,85.6
199.562,-1.170112762,-2.421695913,17.38590657,85.7
199.575,-1.170112762,-2.388739366,17.49209508,85.5
199.587,-1.170112762,-2.388739366,17.48590657,85.6
199.6,-1.170112762,-2.388739366,17.49209508,85.5
199.613,-1.170112762,-2.388739366,17.48590657,85.6
199.625,-1.170971245,-2.388739366,17.49209508,85.5
199.638,-1.170112762,-2.388739366,17.38590657,85.7
199.651,-1.170971245,-2.388739366,17.39209508,85.6
199.664,-1.170112762,-2.388739366,17.38590657,85.7
199.676,-1.170112762,-2.388739366,17.39209508,85.6
199.689,-1.170112762,-2.388739366,17.39209508,85.6
199.702,-1.170971245,-2.388739366,17.39209508,85.6
199.714,-1.16968352,-2.388739366,17.39209508,85.6
199.727,-1.170112762,-2.388739366,17.39209508,85.6
199.74,-1.16968352,-2.388739366,17.39209508,85.6
199.752,-1.170112762,-2.388739366,17.39209508,85.6
199.765,-1.170112762,-2.421695913,17.39209508,85.6
199.778,-1.170112762,-2.421695913,17.39209508,85.6
199.791,-1.170112762,-2.421695913,17.39209508,85.6
199.803,-1.170112762,-2.421695913,17.38590657,85.7
199.816,-1.170112762,-2.421695913,17.48590657,85.6
199.829,-1.170112762,-2.421695913,17.38590657,85.7
199.841,-1.170112762,-2.421695913,17.39209508,85.6
199.854,-1.170112762,-2.421695913,17.39209508,85.6
199.867,-1.170112762,-2.421695913,17.48590657,85.6
199.879,-1.170971245,-2.421695913,17.58590657,85.5
199.892,-1.170112762,-2.421695913,17.48590657,85.6
199.905,-1.170112762,-2.421695913,17.39209508,85.6
199.918,-1.170112762,-2.421695913,17.48590657,85.6
199.93,-1.170112762,-2.421695913,17.48590657,85.6
199.943,-1.170112762,-2.421695913,17.48590657,85.6
199.956,-1.170112762,-2.388739366,17.39209508,85.6
199.968,-1.170112762,-2.421695913,17.38590657,85.7
199.981,-1.170112762,-2.421695913,17.39209508,85.6
199.994,-1.170971245,-2.421695913,17.38590657,85.7
200.007,-1.170112762,-2.421695913,17.39209508,85.6
200.019,-1.170971245,-2.421695913,17.48590657,85.6
200.032,-1.170112762,-2.421695913,17.39209508,85.6
200.045,-1.170112762,-2.421695913,17.39209508,85.6
200.057,-1.16968352,-2.421695913,17.39209508,85.6
200.07,-1.170112762,-2.421695913,17.39209508,85.6
200.083,-1.16968352,-2.421695913,17.39209508,85.6
200.095,-1.170112762,-2.421695913,17.39209508,85.6
200.108,-1.16968352,-2.421695913,17.39209508,85.6
200.121,-1.170112762,-2.421695913,17.39209508,85.6
200.134,-1.170112762,-2.421695913,17.38590657,85.7
200.146,-1.170112762,-2.421695913,17.48590657,85.6
200.159,-1.170112762,-2.421695913,17.47971806,85.7
200.172,-1.170112762,-2.421695913,17.48590657,85.6
200.184,-1.170112762,-2.421695913,17.57971806,85.6
200.197,-1.170112762,-2.388739366,17.58590657,85.5
200.21,-1.170112762,-2.388739366,17.57971806,85.6
200.222,-1.170112762,-2.421695913,17.46210599,85.6
200.235,-1.170112762,-2.421695913,17.46210599,85.6
200.248,-1.170112762,-2.421695913,17.48590657,85.6
200.261,-1.170112762,-2.421695913,17.48590657,85.6
200.273,-1.170112762,-2.421695913,17.38590657,85.7
200.286,-1.170112762,-2.421695913,17.39209508,85.6
200.299,-1.16968352,-2.421695913,17.29209508,85.7
200.311,-1.170112762,-2.421695913,17.29828358,85.6
200.324,-1.170112762,-2.421695913,17.29209508,85.7
200.337,-1.170112762,-2.421695913,17.39828358,85.5
200.35,-1.170112762,-2.421695913,17.38590657,85.7
200.362,-1.170112762,-2.421695913,17.39828358,85.5
200.375,-1.170112762,-2.421695913,17.38590657,85.7
200.388,-1.170971245,-2.388739366,17.39209508,85.6
200.4,-1.170112762,-2.388739366,17.38590657,85.7
200.413,-1.170112762,-2.388739366,17.39209508,85.6
200.426,-1.170112762,-2.421695913,17.39209508,85.6
200.438,-1.170112762,-2.421695913,17.39209508,85.6
200.451,-1.170112762,-2.421695913,17.39209508,85.6
200.464,-1.170112762,-2.421695913,17.39209508,85.6
200.477,-1.170112762,-2.421695913,17.39209508,85.6
200.489,-1.170112762,-2.421695913,17.38590657,85.7
200.502,-1.170112762,-2.388739366,17.39209508,85.6
200.515,-1.170112762,-2.388739366,17.38590657,85.7
200.527,-1.170112762,-2.388739366,17.39828358,85.5
200.54,-1.170112762,-2.388739366,17.38590657,85.7
200.553,-1.170112762,-2.388739366,17.39209508,85.6
200.565,-1.170112762,-2.421695913,17.47971806,85.7
200.578,-1.170971245,-2.421695913,17.48590657,85.6
200.591,-1.170112762,-2.421695913,17.48590657,85.6
200.604,-1.170971245,-2.388739366,17.39209508,85.6
200.616,-1.170112762,-2.388739366,17.48590657,85.6
200.629,-1.170112762,-2.388739366,17.48590657,85.6
200.642,-1.170112762,-2.388739366,17.48590657,85.6
200.654,-1.170971245,-2.388739366,17.48590657,85.6
200.667,-1.170112762,-2.388739366,17.49209508,85.5
200.68,-1.170971245,-2.388739366,17.48590657,85.6
200.693,-1.170112762,-2.388739366,17.49209508,85.5
200.705,-1.170112762,-2.388739366,17.48590657,85.6
200.718,-1.170112762,-2.388739366,17.39209508,85.6
200.731,-1.170112762,-2.388739366,17.38590657,85.7
200.743,-1.170112762,-2.388739366,17.39209508,85.6
200.756,-1.170112762,-2.388739366,17.38590657,85.7
200.769,-1.170112762,-2.421695913,17.49209508,85.5
200.781,-1.170112762,-2.421695913,17.38590657,85.7
200.794,-1.170112762,-2.421695913,17.39209508,85.6
200.807,-1.170971245,-2.421695913,17.38590657,85.7
200.82,-1.170112762,-2.421695913,17.39209508,85.6
200.832,-1.170971245,-2.421695913,17.38590657,85.7
200.845,-1.170112762,-2.421695913,17.39209508,85.6
200.858,-1.170971245,-2.388739366,17.39209508,85.6
200.87,-1.170112762,-2.388739366,17.39209508,85.6
200.883,-1.170112762,-2.388739366,17.48590657,85.6
200.896,-1.170112762,-2.388739366,17.48590657,85.6
200.908,-1.170112762,-2.421695913,17.46210599,85.6
200.921,-1.170112762,-2.421695913,17.39209508,85.6
200.934,-1.170112762,-2.421695913,17.39209508,85.6
200.947,-1.170112762,-2.421695913,17.48590657,85.6
200.959,-1.170112762,-2.421695913,17.49209508,85.5
200.972,-1.170112762,-2.388739366,17.39209508,85.6
200.985,-1.16968352,-2.388739366,17.48590657,85.6
200.997,-1.170112762,-2.421695913,17.48590657,85.6
201.01,-1.16968352,-2.388739366,17.49209508,85.5
201.023,-1.170112762,-2.421695913,17.39209508,85.6
201.035,-1.170112762,-2.421695913,17.39209508,85.6
201.048,-1.170112762,-2.421695913,17.39209508,85.6
201.061,-1.16968352,-2.421695913,17.38590657,85.7
201.074,-1.170112762,-2.421695913,17.39209508,85.6
201.086,-1.16968352,-2.421695913,17.38590657,85.7
201.099,-1.170112762,-2.421695913,17.39209508,85.6
201.112,-1.170112762,-2.421695913,17.39209508,85.6
201.124,-1.170112762,-2.421695913,17.39209508,85.6
201.137,-1.170112762,-2.421695913,17.39209508,85.6
201.15,-1.170112762,-2.421695913,17.39209508,85.6
201.163,-1.170112762,-2.388739366,17.38590657,85.7
201.175,-1.170112762,-2.388739366,17.48590657,85.6
201.188,-1.170112762,-2.421695913,17.48590657,85.6
201.201,-1.170112762,-2.421695913,17.48590657,85.6
201.213,-1.170112762,-2.421695913,17.48590657,85.6
201.226,-1.170112762,-2.421695913,17.48590657,85.6
201.239,-1.170112762,-2.421695913,17.48590657,85.6
201.251,-1.16968352,-2.421695913,17.48590657,85.6
201.264,-1.170112762,-2.421695913,17.49209508,85.5
201.277,-1.170112762,-2.421695913,17.48590657,85.6
201.29,-1.170112762,-2.421695913,17.39209508,85.6
201.302,-1.170112762,-2.421695913,17.38590657,85.7
201.315,-1.170112762,-2.421695913,17.39828358,85.5
201.328,-1.170112762,-2.421695913,17.39209508,85.6
201.34,-1.170971245,-2.388739366,17.39828358,85.5
201.353,-1.170112762,-2.388739366,17.39209508,85.6
201.366,-1.170112762,-2.388739366,17.39209508,85.6
201.379,-1.170112762,-2.388739366,17.39209508,85.6
201.391,-1.170112762,-2.388739366,17.39209508,85.6
201.404,-1.170112762,-2.421695913,17.39209508,85.6
201.417,-1.170112762,-2.421695913,17.39209508,85.6
201.429,-1.16968352,-2.421695913,17.374483,85.5
201.442,-1.170112762,-2.421695913,17.39209508,85.6
201.455,-1.170112762,-2.421695913,17.39828358,85.5
201.467,-1.170112762,-2.421695913,17.38590657,85.7
201.48,-1.170112762,-2.421695913,17.39828358,85.5
201.493,-1.170112762,-2.421695913,17.38590657,85.7
201.506,-1.170112762,-2.421695913,17.39209508,85.6
201.518,-1.170112762,-2.421695913,17.47971806,85.7
201.531,-1.170971245,-2.421695913,17.58590657,85.5
201.544,-1.170112762,-2.388739366,17.47971806,85.7
201.556,-1.170971245,-2.388739366,17.49209508,85.5
201.569,-1.170112762,-2.421695913,17.47971806,85.7
201.582,-1.170971245,-2.421695913,17.48590657,85.6
201.594,-1.170112762,-2.388739366,17.48590657,85.6
201.607,-1.170112762,-2.388739366,17.48590657,85.6
201.62,-1.170112762,-2.388739366,17.48590657,85.6
201.633,-1.170112762,-2.421695913,17.48590657,85.6
201.645,-1.170112762,-2.421695913,17.49209508,85.5
201.658,-1.170112762,-2.421695913,17.38590657,85.7
201.671,-1.170112762,-2.388739366,17.36829449,85.6
201.683,-1.170112762,-2.421695913,17.38590657,85.7
201.696,-1.16968352,-2.421695913,17.46829449,85.5
201.709,-1.170112762,-2.421695913,17.48590657,85.6
201.721,-1.16968352,-2.388739366,17.39209508,85.6
201.734,-1.170112762,-2.421695913,17.38590657,85.7
201.747,-1.170112762,-2.421695913,17.39209508,85.6
201.76,-1.170112762,-2.421695913,17.38590657,85.7
201.772,-1.170112762,-2.388739366,17.39209508,85.6
201.785,-1.170112762,-2.421695913,17.48590657,85.6
201.798,-1.170112762,-2.388739366,17.39209508,85.6
201.81,-1.170112762,-2.421695913,17.48590657,85.6
201.823,-1.170112762,-2.421695913,17.48590657,85.6
201.836,-1.170112762,-2.421695913,17.57971806,85.6
201.849,-1.170112762,-2.421695913,17.48590657,85.6
201.861,-1.170112762,-2.421695913,17.48590657,85.6
201.874,-1.170112762,-2.421695913,17.48590657,85.6
201.887,-1.170112762,-2.421695913,17.48590657,85.6
201.899,-1.170112762,-2.421695913,17.48590657,85.6
201.912,-1.170112762,-2.421695913,17.48590657,85.6
201.925,-1.170971245,-2.388739366,17.49209508,85.5
201.937,-1.170112762,-2.421695913,17.46210599,85.6
201.95,-1.170112762,-2.421695913,17.46829449,85.5
201.963,-1.170112762,-2.421695913,17.48590657,85.6
201.976,-1.170971245,-2.388739366,17.39209508,85.6
201.988,-1.170112762,-2.421695913,17.39209508,85.6
202.001,-1.170112762,-2.421695913,17.39209508,85.6
202.014,-1.16968352,-2.421695913,17.39209508,85.6
202.026,-1.170112762,-2.421695913,17.39209508,85.6
202.039,-1.16968352,-2.421695913,17.39209508,85.6
202.052,-1.170112762,-2.421695913,17.39209508,85.6
202.065,-1.170112762,-2.421695913,17.39209508,85.6
202.077,-1.170112762,-2.421695913,17.39209508,85.6
202.09,-1.170112762,-2.421695913,17.39209508,85.6
202.103,-1.170971245,-2.421695913,17.39209508,85.6
202.115,-1.170112762,-2.388739366,17.39209508,85.6
202.128,-1.170112762,-2.388739366,17.39209508,85.6
202.141,-1.170112762,-2.388739366,17.48590657,85.6
202.153,-1.170112762,-2.388739366,17.57971806,85.6
202.166,-1.170112762,-2.388739366,17.58590657,85.5
202.179,-1.170112762,-2.388739366,17.48590657,85.6
202.192,-1.170112762,-2.388739366,17.49209508,85.5
202.204,-1.170112762,-2.421695913,17.48590657,85.6
202.217,-1.170112762,-2.421695913,17.49209508,85.5
202.23,-1.16968352,-2.421695913,17.48590657,85.6
202.242,-1.170112762,-2.421695913,17.49209508,85.5
202.255,-1.16968352,-2.421695913,17.48590657,85.6
202.268,-1.170112762,-2.421695913,17.39209508,85.6
202.28,-1.170112762,-2.421695913,17.38590657,85.7
202.293,-1.170971245,-2.421695913,17.39828358,85.5
202.306,-1.170112762,-2.421695913,17.38590657,85.7
202.319,-1.170971245,-2.421695913,17.49209508,85.5
202.331,-1.170112762,-2.388739366,17.38590657,85.7
202.344,-1.170112762,-2.388739366,17.39209508,85.6
202.357,-1.170112762,-2.388739366,17.39209508,85.6
202.369,-1.170112762,-2.388739366,17.39209508,85.6
202.382,-1.170112762,-2.421695913,17.39209508,85.6
202.395,-1.170112762,-2.421695913,17.38590657,85.7
202.408,-1.170112762,-2.421695913,17.49209508,85.5
202.42,-1.170112762,-2.388739366,17.47971806,85.7
202.433,-1.170112762,-2.421695913,17.49209508,85.5
202.446,-1.16968352,-2.421695913,17.47971806,85.7
202.458,-1.170112762,-2.421695913,17.49209508,85.5
202.471,-1.170112762,-2.421695913,17.57971806,85.6
202.484,-1.170112762,-2.421695913,17.49209508,85.5
202.496,-1.170112762,-2.421695913,17.48590657,85.6
202.509,-1.170971245,-2.388739366,17.49209508,85.5
202.522,-1.170112762,-2.388739366,17.48590657,85.6
202.535,-1.170971245,-2.388739366,17.39209508,85.6
202.547,-1.170112762,-2.388739366,17.38590657,85.7
202.56,-1.170971245,-2.388739366,17.39209508,85.6
202.573,-1.170112762,-2.388739366,17.39209508,85.6
202.585,-1.170971245,-2.388739366,17.39209508,85.6
202.598,-1.170112762,-2.421695913,17.39209508,85.6
202.611,-1.170112762,-2.388739366,17.39209508,85.6
202.623,-1.170112762,-2.421695913,17.39209508,85.6
202.636,-1.170112762,-2.388739366,17.39209508,85.6
202.649,-1.170112762,-2.421695913,17.29828358,85.6
202.662,-1.170112762,-2.421695913,17.29209508,85.7
202.674,-1.170112762,-2.421695913,17.39209508,85.6
202.687,-1.170112762,-2.421695913,17.48590657,85.6
202.7,-1.170112762,-2.421695913,17.58590657,85.5
202.712,-1.170112762,-2.421695913,17.57971806,85.6
202.725,-1.170112762,-2.421695913,17.58590657,85.5
202.738,-1.170112762,-2.421695913,17.47971806,85.7
202.75,-1.170112762,-2.388739366,17.46210599,85.6
202.763,-1.170112762,-2.421695913,17.48590657,85.6
202.776,-1.170112762,-2.421695913,17.48590657,85.6
202.789,-1.170112762,-2.421695913,17.48590657,85.6
202.801,-1.170112762,-2.421695913,17.49209508,85.5
202.814,-1.170112762,-2.421695913,17.48590657,85.6
202.827,-1.170112762,-2.421695913,17.48590657,85.6
202.839,-1.170112762,-2.421695913,17.48590657,85.6
202.852,-1.170112762,-2.421695913,17.39209508,85.6
202.865,-1.170112762,-2.388739366,17.39209508,85.6
202.878,-1.170112762,-2.421695913,17.39209508,85.6
202.89,-1.170112762,-2.421695913,17.39209508,85.6
202.903,-1.170971245,-2.421695913,17.39209508,85.6
202.916,-1.16968352,-2.421695913,17.39209508,85.6
202.928,-1.170112762,-2.388739366,17.39209508,85.6
202.941,-1.16968352,-2.421695913,17.39209508,85.6
202.954,-1.170112762,-2.421695913,17.39209508,85.6
202.966,-1.16968352,-2.421695913,17.39209508,85.6
202.979,-1.170112762,-2.421695913,17.39209508,85.6
202.992,-1.170112762,-2.421695913,17.39209508,85.6
203.005,-1.170112762,-2.421695913,17.39209508,85.6
203.017,-1.170112762,-2.388739366,17.38590657,85.7
203.03,-1.170112762,-2.388739366,17.39209508,85.6
203.043,-1.170112762,-2.388739366,17.38590657,85.7
203.055,-1.170112762,-2.388739366,17.39209508,85.6
203.068,-1.16968352,-2.388739366,17.39209508,85.6
203.081,-1.170112762,-2.421695913,17.39209508,85.6
203.094,-1.170112762,-2.421695913,17.39209508,85.6
203.106,-1.170112762,-2.421695913,17.39209508,85.6
203.119,-1.170112762,-2.421695913,17.39209508,85.6
203.132,-1.170112762,-2.421695913,17.39209508,85.6
203.144,-1.16968352,-2.421695913,17.39209508,85.6
203.157,-1.16968352,-2.421695913,17.39209508,85.6
203.17,-1.170112762,-2.421695913,17.49209508,85.5
203.182,-1.16968352,-2.421695913,17.47971806,85.7
203.195,-1.170112762,-2.421695913,17.49209508,85.5
203.208,-1.16968352,-2.421695913,17.38590657,85.7
203.221,-1.170112762,-2.421695913,17.39828358,85.5
203.233,-1.16968352,-2.388739366,17.38590657,85.7
203.246,-1.170112762,-2.421695913,17.49209508,85.5
203.259,-1.16968352,-2.421695913,17.38590657,85.7
203.271,-1.170112762,-2.421695913,17.49209508,85.5
203.284,-1.170112762,-2.388739366,17.48590657,85.6
203.297,-1.170112762,-2.388739366,17.49209508,85.5
203.309,-1.170112762,-2.388739366,17.46210599,85.6
203.322,-1.170112762,-2.388739366,17.39209508,85.6
203.335,-1.170112762,-2.388739366,17.46210599,85.6
203.348,-1.170112762,-2.388739366,17.49209508,85.5
203.36,-1.16968352,-2.421695913,17.39209508,85.6
203.373,-1.170112762,-2.421695913,17.39209508,85.6
203.386,-1.170112762,-2.421695913,17.39209508,85.6
203.398,-1.16968352,-2.421695913,17.39209508,85.6
203.411,-1.170112762,-2.421695913,17.39209508,85.6
203.424,-1.16968352,-2.421695913,17.38590657,85.7
203.436,-1.170112762,-2.421695913,17.39828358,85.5
203.449,-1.170112762,-2.388739366,17.48590657,85.6
203.462,-1.170112762,-2.388739366,17.49209508,85.5
203.475,-1.170112762,-2.421695913,17.47971806,85.7
203.487,-1.170971245,-2.388739366,17.58590657,85.5
203.5,-1.170112762,-2.388739366,17.47971806,85.7
203.513,-1.170971245,-2.388739366,17.58590657,85.5
203.525,-1.170112762,-2.388739366,17.48590657,85.6
203.538,-1.170971245,-2.388739366,17.49209508,85.5
203.551,-1.170112762,-2.388739366,17.49209508,85.5
203.564,-1.170112762,-2.421695913,17.49209508,85.5
203.576,-1.170112762,-2.421695913,17.39209508,85.6
203.589,-1.170112762,-2.388739366,17.38590657,85.7
203.602,-1.170112762,-2.388739366,17.39209508,85.6
203.614,-1.16968352,-2.388739366,17.38590657,85.7
203.627,-1.16968352,-2.388739366,17.39209508,85.6
203.64,-1.170112762,-2.388739366,17.48590657,85.6
203.652,-1.170112762,-2.421695913,17.39209508,85.6
203.665,-1.170112762,-2.421695913,17.39209508,85.6
203.678,-1.170112762,-2.421695913,17.39209508,85.6
203.691,-1.170112762,-2.421695913,17.38590657,85.7
203.703,-1.170112762,-2.421695913,17.39209508,85.6
203.716,-1.170112762,-2.388739366,17.39209508,85.6
203.729,-1.170112762,-2.388739366,17.39209508,85.6
203.741,-1.170112762,-2.388739366,17.39209508,85.6
203.754,-1.170112762,-2.421695913,17.39209508,85.6
203.767,-1.170112762,-2.421695913,17.39209508,85.6
203.78,-1.170971245,-2.421695913,17.39209508,85.6
203.792,-1.170112762,-2.421695913,17.48590657,85.6
203.805,-1.170112762,-2.421695913,17.48590657,85.6
203.818,-1.170112762,-2.388739366,17.58590657,85.5
203.83,-1.170112762,-2.421695913,17.56210599,85.5
203.843,-1.170112762,-2.388739366,17.58590657,85.5
203.856,-1.170112762,-2.388739366,17.58590657,85.5
203.868,-1.170112762,-2.388739366,17.58590657,85.5
203.881,-1.170112762,-2.421695913,17.48590657,85.6
203.894,-1.16968352,-2.421695913,17.48590657,85.6
203.907,-1.170112762,-2.421695913,17.49209508,85.5
203.919,-1.16968352,-2.421695913,17.48590657,85.6
203.932,-1.170112762,-2.421695913,17.49209508,85.5
203.945,-1.16968352,-2.388739366,17.48590657,85.6
203.957,-1.170112762,-2.388739366,17.36829449,85.6
203.97,-1.170112762,-2.388739366,17.38590657,85.7
203.983,-1.170971245,-2.421695913,17.39209508,85.6
203.995,-1.170112762,-2.421695913,17.48590657,85.6
204.008,-1.170112762,-2.421695913,17.49209508,85.5
204.021,-1.170112762,-2.421695913,17.38590657,85.7
204.034,-1.170971245,-2.421695913,17.39209508,85.6
204.046,-1.170971245,-2.421695913,17.38590657,85.7
204.059,-1.170971245,-2.421695913,17.49209508,85.5
204.072,-1.170971245,-2.421695913,17.48590657,85.6
204.084,-1.170112762,-2.388739366,17.49209508,85.5
204.097,-1.170112762,-2.388739366,17.48590657,85.6
204.11,-1.170112762,-2.388739366,17.48590657,85.6
204.122,-1.170112762,-2.388739366,17.48590657,85.6
204.135,-1.170112762,-2.421695913,17.48590657,85.6
204.148,-1.170112762,-2.421695913,17.39209508,85.6
204.161,-1.16968352,-2.421695913,17.39209508,85.6
204.173,-1.170112762,-2.388739366,17.39209508,85.6
204.186,-1.16968352,-2.388739366,17.48590657,85.6
204.199,-1.170112762,-2.388739366,17.48590657,85.6
204.211,-1.170112762,-2.388739366,17.57971806,85.6
204.224,-1.170112762,-2.388739366,17.58590657,85.5
204.237,-1.16968352,-2.421695913,17.48590657,85.6
204.25,-1.170112762,-2.421695913,17.49209508,85.5
204.262,-1.16968352,-2.421695913,17.48590657,85.6
204.275,-1.170112762,-2.421695913,17.48590657,85.6
204.288,-1.170112762,-2.421695913,17.38590657,85.7
204.3,-1.170112762,-2.388739366,17.49209508,85.5
204.313,-1.170112762,-2.388739366,17.49209508,85.5
204.326,-1.170112762,-2.388739366,17.49209508,85.5
204.338,-1.170112762,-2.421695913,17.49209508,85.5
204.351,-1.170112762,-2.388739366,17.48590657,85.6
204.364,-1.170112762,-2.421695913,17.39209508,85.6
204.377,-1.16968352,-2.421695913,17.48590657,85.6
204.389,-1.170112762,-2.421695913,17.49209508,85.5
204.402,-1.170112762,-2.388739366,17.48590657,85.6
204.415,-1.170112762,-2.388739366,17.39828358,85.5
204.427,-1.170112762,-2.388739366,17.38590657,85.7
204.44,-1.170112762,-2.388739366,17.39209508,85.6
204.453,-1.16968352,-2.421695913,17.39209508,85.6
204.465,-1.170112762,-2.421695913,17.39209508,85.6
204.478,-1.170112762,-2.421695913,17.48590657,85.6
204.491,-1.170112762,-2.421695913,17.48590657,85.6
204.504,-1.170112762,-2.421695913,17.48590657,85.6
204.516,-1.170112762,-2.388739366,17.48590657,85.6
204.529,-1.16968352,-2.388739366,17.49209508,85.5
204.542,-1.170112762,-2.388739366,17.48590657,85.6
204.554,-1.170112762,-2.388739366,17.49209508,85.5
204.567,-1.170112762,-2.388739366,17.48590657,85.6
204.58,-1.170112762,-2.388739366,17.46829449,85.5
204.593,-1.16968352,-2.388739366,17.48590657,85.6
204.605,-1.16968352,-2.388739366,17.49209508,85.5
204.618,-1.170112762,-2.388739366,17.48590657,85.6
204.631,-1.170112762,-2.421695913,17.49209508,85.5
204.643,-1.170112762,-2.421695913,17.48590657,85.6
204.656,-1.170112762,-2.421695913,17.49209508,85.5
204.669,-1.170112762,-2.421695913,17.39209508,85.6
204.681,-1.170971245,-2.421695913,17.36829449,85.6
204.694,-1.170112762,-2.421695913,17.36829449,85.6
204.707,-1.170112762,-2.421695913,17.36829449,85.6
204.72,-1.170112762,-2.421695913,17.39209508,85.6
204.732,-1.170971245,-2.421695913,17.39209508,85.6
204.745,-1.170112762,-2.421695913,17.39209508,85.6
204.758,-1.170971245,-2.421695913,17.39209508,85.6
204.77,-1.170112762,-2.388739366,17.39209508,85.6
204.783,-1.170112762,-2.388739366,17.48590657,85.6
204.796,-1.16968352,-2.388739366,17.49209508,85.5
204.801,-1.170112762,-2.388739366,17.58590657,85.5
204.813,-1.170112762,-2.388739366,17.48590657,85.6
204.826,-1.170112762,-2.421695913,17.48590657,85.6
204.838,-1.170112762,-2.421695913,17.48590657,85.6
204.851,-1.170112762,-2.421695913,17.48590657,85.6
204.864,-1.170112762,-2.388739366,17.48590657,85.6
204.876,-1.16968352,-2.388739366,17.48590657,85.6
204.889,-1.170112762,-2.388739366,17.48590657,85.6
204.902,-1.16968352,-2.388739366,17.49209508,85.5
204.915,-1.170112762,-2.388739366,17.49209508,85.5
204.927,-1.16968352,-2.388739366,17.39209508,85.6
204.94,-1.170112762,-2.388739366,17.36829449,85.6
204.953,-1.16968352,-2.421695913,17.39209508,85.6
204.965,-1.170112762,-2.421695913,17.49209508,85.5
204.978,-1.170112762,-2.421695913,17.48590657,85.6
204.991,-1.170112762,-2.388739366,17.39209508,85.6
205.003,-1.170112762,-2.388739366,17.39209508,85.6
205.016,-1.170112762,-2.421695913,17.39209508,85.6
205.029,-1.170112762,-2.388739366,17.38590657,85.7
205.042,-1.170112762,-2.388739366,17.48590657,85.6
205.054,-1.170112762,-2.388739366,17.47971806,85.7
205.067,-1.170112762,-2.388739366,17.48590657,85.6
205.08,-1.170112762,-2.388739366,17.58590657,85.5
205.092,-1.170112762,-2.388739366,17.57971806,85.6
205.105,-1.170112762,-2.421695913,17.58590657,85.5
205.118,-1.170112762,-2.421695913,17.57971806,85.6
205.13,-1.170112762,-2.421695913,17.49209508,85.5
205.143,-1.170112762,-2.421695913,17.39209508,85.6
205.156,-1.170971245,-2.421695913,17.39209508,85.6
205.169,-1.170112762,-2.421695913,17.48590657,85.6
205.181,-1.170112762,-2.421695913,17.49209508,85.5
205.194,-1.16968352,-2.421695913,17.48590657,85.6
205.207,-1.170112762,-2.421695913,17.49209508,85.5
205.219,-1.170112762,-2.421695913,17.48590657,85.6
205.232,-1.170112762,-2.388739366,17.49209508,85.5
205.245,-1.170112762,-2.421695913,17.48590657,85.6
205.258,-1.170112762,-2.421695913,17.49209508,85.5
205.27,-1.170112762,-2.388739366,17.48590657,85.6
205.283,-1.170112762,-2.388739366,17.48590657,85.6
205.296,-1.170112762,-2.388739366,17.49209508,85.5
205.308,-1.170112762,-2.421695913,17.39209508,85.6
205.321,-1.170112762,-2.421695913,17.49209508,85.5
205.334,-1.170112762,-2.421695913,17.48590657,85.6
205.346,-1.170112762,-2.388739366,17.49209508,85.5
205.359,-1.170112762,-2.421695913,17.48590657,85.6
205.372,-1.170112762,-2.388739366,17.49209508,85.5
205.385,-1.170112762,-2.388739366,17.48590657,85.6
205.397,-1.170112762,-2.388739366,17.39828358,85.5
205.41,-1.170112762,-2.388739366,17.38590657,85.7
205.423,-1.170112762,-2.388739366,17.39828358,85.5
205.435,-1.16968352,-2.388739366,17.38590657,85.7
205.448,-1.170112762,-2.388739366,17.49209508,85.5
205.461,-1.170112762,-2.388739366,17.57971806,85.6
205.473,-1.170112762,-2.421695913,17.49209508,85.5
205.486,-1.170112762,-2.421695913,17.39209508,85.6
205.499,-1.170971245,-2.421695913,17.39209508,85.6
205.512,-1.170112762,-2.421695913,17.49209508,85.5
205.524,-1.170971245,-2.421695913,17.49209508,85.5
205.537,-1.170112762,-2.421695913,17.49209508,85.5
205.55,-1.170112762,-2.421695913,17.48590657,85.6
205.562,-1.170112762,-2.421695913,17.49209508,85.5
205.575,-1.170112762,-2.421695913,17.48590657,85.6
205.588,-1.16968352,-2.388739366,17.49209508,85.5
205.601,-1.170112762,-2.421695913,17.48590657,85.6
205.613,-1.16968352,-2.388739366,17.39828358,85.5
205.626,-1.16968352,-2.388739366,17.38590657,85.7
205.639,-1.16968352,-2.388739366,17.39209508,85.6
205.651,-1.170112762,-2.388739366,17.38590657,85.7
205.664,-1.170112762,-2.421695913,17.39828358,85.5
205.677,-1.170112762,-2.421695913,17.39209508,85.6
205.689,-1.170112762,-2.388739366,17.39828358,85.5
205.702,-1.170112762,-2.388739366,17.39209508,85.6
205.715,-1.170112762,-2.388739366,17.39828358,85.5
205.728,-1.170112762,-2.388739366,17.39209508,85.6
205.74,-1.170971245,-2.388739366,17.36829449,85.6
205.753,-1.170971245,-2.421695913,17.36829449,85.6
205.766,-1.170971245,-2.421695913,17.46829449,85.5
205.778,-1.170112762,-2.388739366,17.46210599,85.6
205.791,-1.170971245,-2.388739366,17.48590657,85.6
205.804,-1.170112762,-2.388739366,17.48590657,85.6
205.816,-1.170971245,-2.421695913,17.48590657,85.6
205.829,-1.170112762,-2.421695913,17.48590657,85.6
205.842,-1.170112762,-2.421695913,17.48590657,85.6
205.855,-1.170112762,-2.388739366,17.48590657,85.6
205.867,-1.170971245,-2.388739366,17.49209508,85.5
205.88,-1.170112762,-2.388739366,17.48590657,85.6
205.893,-1.170112762,-2.421695913,17.48590657,85.6
205.905,-1.16968352,-2.388739366,17.48590657,85.6
205.918,-1.170112762,-2.388739366,17.49209508,85.5
205.931,-1.170112762,-2.388739366,17.48590657,85.6
205.944,-1.170112762,-2.421695913,17.49209508,85.5
205.956,-1.170112762,-2.421695913,17.39209508,85.6
205.969,-1.170112762,-2.421695913,17.39209508,85.6
205.982,-1.170112762,-2.421695913,17.39209508,85.6
205.994,-1.170112762,-2.388739366,17.39209508,85.6
206.007,-1.170112762,-2.421695913,17.39209508,85.6
206.02,-1.170112762,-2.388739366,17.39209508,85.6
206.032,-1.170112762,-2.388739366,17.49209508,85.5
206.045,-1.170112762,-2.421695913,17.48590657,85.6
206.058,-1.170112762,-2.421695913,17.48590657,85.6
206.071,-1.170112762,-2.421695913,17.48590657,85.6
206.083,-1.170112762,-2.388739366,17.48590657,85.6
206.096,-1.170112762,-2.388739366,17.48590657,85.6
206.109,-1.170112762,-2.388739366,17.48590657,85.6
206.121,-1.16968352,-2.388739366,17.57971806,85.6
206.134,-1.170112762,-2.388739366,17.48590657,85.6
206.147,-1.170112762,-2.388739366,17.47971806,85.7
206.159,-1.170971245,-2.388739366,17.49209508,85.5
206.172,-1.170112762,-2.388739366,17.48590657,85.6
206.185,-1.170971245,-2.388739366,17.49209508,85.5
206.198,-1.170112762,-2.388739366,17.48590657,85.6
206.21,-1.170112762,-2.388739366,17.39209508,85.6
206.223,-1.170112762,-2.421695913,17.38590657,85.7
206.236,-1.170112762,-2.388739366,17.39209508,85.6
206.248,-1.170112762,-2.421695913,17.39209508,85.6
206.261,-1.170112762,-2.388739366,17.39209508,85.6
206.274,-1.16968352,-2.421695913,17.39828358,85.5
206.286,-1.170112762,-2.388739366,17.39209508,85.6
206.299,-1.170112762,-2.388739366,17.39828358,85.5
206.312,-1.170112762,-2.388739366,17.48590657,85.6
206.325,-1.170112762,-2.421695913,17.46829449,85.5
206.337,-1.16968352,-2.421695913,17.48590657,85.6
206.35,-1.170112762,-2.421695913,17.59209508,85.4
206.363,-1.170112762,-2.421695913,17.57352955,85.7
206.375,-1.170112762,-2.388739366,17.58590657,85.5
206.388,-1.170112762,-2.388739366,17.45591748,85.7
206.401,-1.170112762,-2.421695913,17.46829449,85.5
206.414,-1.170112762,-2.421695913,17.48590657,85.6
206.426,-1.170971245,-2.421695913,17.49209508,85.5
206.439,-1.170112762,-2.421695913,17.48590657,85.6
206.452,-1.170971245,-2.388739366,17.49209508,85.5
206.464,-1.170112762,-2.388739366,17.49209508,85.5
206.477,-1.170112762,-2.388739366,17.48590657,85.6
206.49,-1.170112762,-2.421695913,17.48590657,85.6
206.502,-1.170112762,-2.388739366,17.48590657,85.6
206.515,-1.170112762,-2.421695913,17.49209508,85.5
206.528,-1.170112762,-2.388739366,17.48590657,85.6
206.541,-1.170112762,-2.388739366,17.49209508,85.5
206.553,-1.170112762,-2.421695913,17.48590657,85.6
206.566,-1.16968352,-2.388739366,17.39209508,85.6
206.579,-1.170112762,-2.388739366,17.38590657,85.7
206.591,-1.170112762,-2.388739366,17.39209508,85.6
206.604,-1.16968352,-2.388739366,17.36210599,85.7
206.617,-1.170112762,-2.388739366,17.46829449,85.5
206.63,-1.170112762,-2.388739366,17.55591748,85.6
206.642,-1.170112762,-2.388739366,17.49209508,85.5
206.655,-1.170112762,-2.388739366,17.48590657,85.6
206.668,-1.170112762,-2.421695913,17.49209508,85.5
206.68,-1.170112762,-2.421695913,17.46210599,85.6
206.693,-1.170971245,-2.388739366,17.46210599,85.6
206.706,-1.170112762,-2.388739366,17.48590657,85.6
206.718,-1.170971245,-2.388739366,17.49209508,85.5
206.731,-1.170112762,-2.388739366,17.48590657,85.6
206.744,-1.170112762,-2.388739366,17.49209508,85.5
206.757,-1.170112762,-2.388739366,17.48590657,85.6
206.769,-1.170971245,-2.388739366,17.49209508,85.5
206.782,-1.170112762,-2.388739366,17.49209508,85.5
206.795,-1.170112762,-2.388739366,17.49209508,85.5
206.807,-1.16968352,-2.388739366,17.48590657,85.6
206.82,-1.170112762,-2.421695913,17.49209508,85.5
206.833,-1.16968352,-2.421695913,17.48590657,85.6
206.845,-1.170112762,-2.388739366,17.49209508,85.5
206.858,-1.16968352,-2.388739366,17.49209508,85.5
206.871,-1.170112762,-2.421695913,17.49209508,85.5
206.884,-1.170112762,-2.421695913,17.48590657,85.6
206.896,-1.170112762,-2.421695913,17.49209508,85.5
206.909,-1.170112762,-2.421695913,17.48590657,85.6
206.922,-1.170112762,-2.388739366,17.49209508,85.5
206.934,-1.170112762,-2.388739366,17.48590657,85.6
206.947,-1.170971245,-2.388739366,17.49209508,85.5
206.96,-1.170112762,-2.388739366,17.49209508,85.5
206.973,-1.170971245,-2.388739366,17.49209508,85.5
206.985,-1.170112762,-2.388739366,17.58590657,85.5
206.998,-1.170112762,-2.388739366,17.58590657,85.5
207.011,-1.170112762,-2.388739366,17.48590657,85.6
207.023,-1.170112762,-2.388739366,17.46210599,85.6
207.036,-1.170112762,-2.388739366,17.49209508,85.5
207.049,-1.16968352,-2.388739366,17.48590657,85.6
207.061,-1.170112762,-2.388739366,17.49209508,85.5
207.074,-1.16968352,-2.388739366,17.48590657,85.6
207.087,-1.170112762,-2.388739366,17.49209508,85.5
207.1,-1.16968352,-2.388739366,17.48590657,85.6
207.112,-1.170112762,-2.388739366,17.49209508,85.5
207.125,-1.170112762,-2.388739366,17.48590657,85.6
207.138,-1.170112762,-2.421695913,17.49828358,85.4
207.15,-1.170112762,-2.388739366,17.48590657,85.6
207.163,-1.170971245,-2.388739366,17.49828358,85.4
207.176,-1.170112762,-2.421695913,17.46210599,85.6
207.188,-1.170112762,-2.388739366,17.46829449,85.5
207.201,-1.170112762,-2.388739366,17.48590657,85.6
207.214,-1.170112762,-2.388739366,17.49209508,85.5
207.227,-1.170112762,-2.421695913,17.49209508,85.5
207.239,-1.170112762,-2.421695913,17.48590657,85.6
207.252,-1.170112762,-2.421695913,17.58590657,85.5
207.265,-1.16968352,-2.421695913,17.48590657,85.6
207.277,-1.170112762,-2.421695913,17.48590657,85.6
207.29,-1.170112762,-2.421695913,17.57971806,85.6
207.303,-1.170112762,-2.421695913,17.59209508,85.4
207.316,-1.16968352,-2.388739366,17.57971806,85.6
207.328,-1.170112762,-2.388739366,17.49209508,85.5
207.341,-1.170112762,-2.421695913,17.48590657,85.6
207.354,-1.170971245,-2.421695913,17.49209508,85.5
207.366,-1.170112762,-2.388739366,17.48590657,85.6
207.379,-1.170112762,-2.388739366,17.49209508,85.5
207.392,-1.170112762,-2.388739366,17.48590657,85.6
207.404,-1.170112762,-2.388739366,17.49209508,85.5
207.417,-1.170112762,-2.388739366,17.49209508,85.5
207.43,-1.170971245,-2.388739366,17.49209508,85.5
207.443,-1.170112762,-2.388739366,17.36829449,85.6
207.455,-1.170112762,-2.388739366,17.36829449,85.6
207.468,-1.170112762,-2.388739366,17.39209508,85.6
207.481,-1.170112762,-2.388739366,17.49209508,85.5
207.493,-1.170112762,-2.388739366,17.39209508,85.6
207.506,-1.170112762,-2.388739366,17.48590657,85.6
207.519,-1.170112762,-2.388739366,17.39209508,85.6
207.531,-1.170112762,-2.388739366,17.39209508,85.6
207.544,-1.170112762,-2.388739366,17.39828358,85.5
207.557,-1.170112762,-2.421695913,17.49209508,85.5
207.57,-1.170971245,-2.388739366,17.58590657,85.5
207.582,-1.170112762,-2.421695913,17.57971806,85.6
207.595,-1.170112762,-2.388739366,17.58590657,85.5
207.608,-1.170112762,-2.388739366,17.46210599,85.6
207.62,-1.170112762,-2.388739366,17.46829449,85.5
207.633,-1.170112762,-2.388739366,17.48590657,85.6
207.646,-1.170112762,-2.388739366,17.48590657,85.6
207.659,-1.170112762,-2.388739366,17.48590657,85.6
207.671,-1.170112762,-2.388739366,17.48590657,85.6
207.684,-1.170112762,-2.388739366,17.46210599,85.6
207.697,-1.170112762,-2.388739366,17.48590657,85.6
207.709,-1.170112762,-2.388739366,17.49209508,85.5
207.722,-1.170112762,-2.388739366,17.49209508,85.5
207.735,-1.170112762,-2.388739366,17.49209508,85.5
207.747,-1.170112762,-2.388739366,17.49209508,85.5
207.76,-1.16968352,-2.388739366,17.49209508,85.5
207.773,-1.170112762,-2.388739366,17.49209508,85.5
207.786,-1.16968352,-2.388739366,17.49209508,85.5
207.798,-1.170112762,-2.388739366,17.39209508,85.6
207.811,-1.16968352,-2.388739366,17.39209508,85.6
207.824,-1.170971245,-2.388739366,17.49209508,85.5
207.836,-1.16968352,-2.388739366,17.58590657,85.5
207.849,-1.170112762,-2.421695913,17.58590657,85.5
207.862,-1.170112762,-2.388739366,17.48590657,85.6
207.874,-1.170112762,-2.388739366,17.49209508,85.5
207.887,-1.170112762,-2.388739366,17.48590657,85.6
207.9,-1.170112762,-2.388739366,17.49209508,85.5
207.913,-1.170112762,-2.388739366,17.48590657,85.6
207.925,-1.170112762,-2.388739366,17.49209508,85.5
207.938,-1.170112762,-2.388739366,17.48590657,85.6
207.951,-1.170112762,-2.388739366,17.49209508,85.5
207.963,-1.170112762,-2.388739366,17.48590657,85.6
207.976,-1.170112762,-2.388739366,17.48590657,85.6
207.989,-1.170112762,-2.388739366,17.49209508,85.5
208.001,-1.170112762,-2.388739366,17.46829449,85.5
208.014,-1.170112762,-2.421695913,17.46829449,85.5
208.027,-1.16968352,-2.421695913,17.48590657,85.6
208.04,-1.170112762,-2.388739366,17.46829449,85.5
208.052,-1.16968352,-2.388739366,17.46210599,85.6
208.065,-1.170112762,-2.388739366,17.46829449,85.5
208.078,-1.16968352,-2.388739366,17.46210599,85.6
208.09,-1.170112762,-2.388739366,17.56829449,85.4
208.103,-1.170112762,-2.388739366,17.57971806,85.6
208.116,-1.170971245,-2.421695913,17.49209508,85.5
208.129,-1.170112762,-2.421695913,17.48590657,85.6
208.141,-1.170971245,-2.388739366,17.46829449,85.5
208.154,-1.170112762,-2.388739366,17.46210599,85.6
208.167,-1.170112762,-2.388739366,17.49209508,85.5
208.179,-1.170112762,-2.388739366,17.48590657,85.6
208.192,-1.170112762,-2.388739366,17.48590657,85.6
208.205,-1.170112762,-2.388739366,17.49209508,85.5
208.217,-1.170112762,-2.388739366,17.48590657,85.6
208.23,-1.170112762,-2.388739366,17.46829449,85.5
208.243,-1.170112762,-2.388739366,17.46210599,85.6
208.256,-1.170112762,-2.388739366,17.49209508,85.5
208.268,-1.170112762,-2.388739366,17.48590657,85.6
208.281,-1.170112762,-2.388739366,17.49828358,85.4
208.294,-1.170112762,-2.388739366,17.48590657,85.6
208.306,-1.170112762,-2.388739366,17.49209508,85.5
208.319,-1.16968352,-2.388739366,17.46210599,85.6
208.332,-1.170112762,-2.388739366,17.46829449,85.5
208.345,-1.16968352,-2.388739366,17.56210599,85.5
208.357,-1.170112762,-2.388739366,17.56210599,85.5
208.37,-1.170112762,-2.388739366,17.58590657,85.5
208.383,-1.170112762,-2.421695913,17.57971806,85.6
208.395,-1.170112762,-2.421695913,17.58590657,85.5
208.408,-1.170112762,-2.421695913,17.58590657,85.5
208.421,-1.16968352,-2.388739366,17.58590657,85.5
208.433,-1.170112762,-2.388739366,17.48590657,85.6
208.446,-1.170112762,-2.388739366,17.49209508,85.5
208.459,-1.170112762,-2.421695913,17.48590657,85.6
208.472,-1.170112762,-2.421695913,17.39209508,85.6
208.484,-1.170112762,-2.421695913,17.38590657,85.7
208.497,-1.170112762,-2.421695913,17.39828358,85.5
208.51,-1.170112762,-2.388739366,17.39209508,85.6
208.522,-1.170971245,-2.388739366,17.39828358,85.5
208.535,-1.170112762,-2.388739366,17.39209508,85.6
208.548,-1.170112762,-2.388739366,17.39209508,85.6
208.56,-1.170112762,-2.388739366,17.48590657,85.6
208.573,-1.170112762,-2.388739366,17.49209508,85.5
208.586,-1.170112762,-2.421695913,17.49209508,85.5
208.599,-1.170112762,-2.388739366,17.36829449,85.6
208.611,-1.170112762,-2.388739366,17.39209508,85.6
208.624,-1.170112762,-2.388739366,17.49209508,85.5
208.637,-1.16968352,-2.388739366,17.49209508,85.5
208.649,-1.170112762,-2.388739366,17.48590657,85.6
208.662,-1.16968352,-2.421695913,17.49209508,85.5
208.675,-1.170112762,-2.421695913,17.58590657,85.5
208.688,-1.16968352,-2.388739366,17.56210599,85.5
208.7,-1.170112762,-2.388739366,17.56210599,85.5
208.713,-1.16968352,-2.388739366,17.48590657,85.6
208.726,-1.170112762,-2.421695913,17.48590657,85.6
208.738,-1.16968352,-2.388739366,17.58590657,85.5
208.751,-1.170112762,-2.388739366,17.58590657,85.5
208.764,-1.16968352,-2.388739366,17.58590657,85.5
208.776,-1.170112762,-2.388739366,17.58590657,85.5
208.789,-1.16968352,-2.388739366,17.48590657,85.6
208.802,-1.170112762,-2.388739366,17.48590657,85.6
208.815,-1.16968352,-2.388739366,17.48590657,85.6
208.827,-1.170112762,-2.388739366,17.48590657,85.6
208.84,-1.170112762,-2.388739366,17.48590657,85.6
208.853,-1.170112762,-2.388739366,17.49209508,85.5
208.865,-1.170112762,-2.388739366,17.48590657,85.6
208.878,-1.170112762,-2.388739366,17.49209508,85.5
208.891,-1.170112762,-2.388739366,17.46210599,85.6
208.903,-1.170112762,-2.388739366,17.49209508,85.5
208.916,-1.170112762,-2.388739366,17.46210599,85.6
208.929,-1.16968352,-2.388739366,17.46829449,85.5
208.942,-1.170112762,-2.388739366,17.39209508,85.6
208.954,-1.170112762,-2.421695913,17.48590657,85.6
208.967,-1.170112762,-2.388739366,17.58590657,85.5
208.98,-1.16968352,-2.388739366,17.58590657,85.5
208.992,-1.170112762,-2.388739366,17.58590657,85.5
209.005,-1.16968352,-2.388739366,17.57971806,85.6
209.018,-1.170112762,-2.388739366,17.58590657,85.5
209.031,-1.170112762,-2.388739366,17.48590657,85.6
209.043,-1.170112762,-2.388739366,17.49209508,85.5
209.056,-1.16968352,-2.388739366,17.36829449,85.6
209.069,-1.170112762,-2.388739366,17.46829449,85.5
209.081,-1.16968352,-2.388739366,17.48590657,85.6
209.094,-1.170112762,-2.388739366,17.49209508,85.5
209.107,-1.16968352,-2.388739366,17.48590657,85.6
209.119,-1.170112762,-2.388739366,17.48590657,85.6
209.132,-1.170112762,-2.388739366,17.48590657,85.6
209.145,-1.170112762,-2.388739366,17.48590657,85.6
209.158,-1.170112762,-2.388739366,17.49209508,85.5
209.17,-1.170112762,-2.421695913,17.48590657,85.6
209.183,-1.170112762,-2.421695913,17.49209508,85.5
209.196,-1.170112762,-2.421695913,17.48590657,85.6
209.208,-1.170112762,-2.421695913,17.49209508,85.5
209.221,-1.170112762,-2.388739366,17.48590657,85.6
209.234,-1.170971245,-2.388739366,17.49209508,85.5
209.246,-1.170112762,-2.388739366,17.48590657,85.6
209.259,-1.170112762,-2.388739366,17.49828358,85.4
209.272,-1.170112762,-2.421695913,17.48590657,85.6
209.285,-1.170112762,-2.388739366,17.58590657,85.5
209.297,-1.16968352,-2.388739366,17.55591748,85.6
209.31,-1.170112762,-2.388739366,17.49209508,85.5
209.323,-1.170112762,-2.388739366,17.48590657,85.6
209.335,-1.170112762,-2.388739366,17.46210599,85.6
209.348,-1.170112762,-2.388739366,17.46829449,85.5
209.361,-1.170112762,-2.388739366,17.46210599,85.6
209.374,-1.16968352,-2.388739366,17.46829449,85.5
209.386,-1.16968352,-2.388739366,17.48590657,85.6
209.399,-1.16968352,-2.388739366,17.49209508,85.5
209.412,-1.16968352,-2.421695913,17.47971806,85.7
209.424,-1.170112762,-2.421695913,17.49209508,85.5
209.437,-1.170112762,-2.421695913,17.46210599,85.6
209.45,-1.170112762,-2.421695913,17.474483,85.4
209.462,-1.170112762,-2.421695913,17.46210599,85.6
209.475,-1.170112762,-2.421695913,17.46829449,85.5
209.488,-1.170112762,-2.388739366,17.46210599,85.6
209.501,-1.170971245,-2.388739366,17.49209508,85.5
209.513,-1.170112762,-2.388739366,17.48590657,85.6
209.526,-1.170112762,-2.388739366,17.49209508,85.5
209.539,-1.170112762,-2.388739366,17.58590657,85.5
209.551,-1.170971245,-2.388739366,17.58590657,85.5
209.564,-1.170112762,-2.388739366,17.58590657,85.5
209.577,-1.170971245,-2.421695913,17.46829449,85.5
209.589,-1.170112762,-2.388739366,17.46210599,85.6
209.602,-1.170112762,-2.388739366,17.46210599,85.6
209.615,-1.170112762,-2.388739366,17.46210599,85.6
209.628,-1.170112762,-2.388739366,17.46210599,85.6
209.64,-1.170112762,-2.388739366,17.56210599,85.5
209.653,-1.170112762,-2.388739366,17.46210599,85.6
209.666,-1.16968352,-2.421695913,17.46829449,85.5
209.678,-1.170112762,-2.388739366,17.46210599,85.6
209.691,-1.16968352,-2.388739366,17.49209508,85.5
209.704,-1.170112762,-2.388739366,17.36829449,85.6
209.716,-1.170112762,-2.388739366,17.39828358,85.5
209.729,-1.170112762,-2.388739366,17.36829449,85.6
209.742,-1.16968352,-2.388739366,17.36829449,85.6
209.755,-1.170112762,-2.388739366,17.46829449,85.5
209.767,-1.170112762,-2.421695913,17.46829449,85.5
209.78,-1.170112762,-2.388739366,17.49209508,85.5
209.793,-1.170112762,-2.388739366,17.49209508,85.5
209.805,-1.170112762,-2.388739366,17.48590657,85.6
209.818,-1.170112762,-2.388739366,17.56210599,85.5
209.831,-1.170112762,-2.421695913,17.56210599,85.5
209.844,-1.170112762,-2.421695913,17.56210599,85.5
209.856,-1.170112762,-2.388739366,17.58590657,85.5
209.869,-1.170112762,-2.388739366,17.58590657,85.5
209.882,-1.170112762,-2.388739366,17.58590657,85.5
209.894,-1.170112762,-2.388739366,17.58590657,85.5
209.907,-1.170112762,-2.388739366,17.58590657,85.5
209.92,-1.170112762,-2.388739366,17.59209508,85.4
209.932,-1.16968352,-2.388739366,17.49209508,85.5
209.945,-1.170112762,-2.388739366,17.49209508,85.5
209.958,-1.16968352,-2.388739366,17.58590657,85.5
209.971,-1.170112762,-2.388739366,17.49209508,85.5
209.983,-1.170112762,-2.388739366,17.48590657,85.6
209.996,-1.170112762,-2.388739366,17.49209508,85.5
210.009,-1.170112762,-2.388739366,17.48590657,85.6
210.021,-1.170971245,-2.388739366,17.49209508,85.5
210.034,-1.170112762,-2.388739366,17.46210599,85.6
210.047,-1.170971245,-2.388739366,17.46829449,85.5
210.06,-1.170112762,-2.388739366,17.46829449,85.5
210.072,-1.170112762,-2.388739366,17.46829449,85.5
210.085,-1.170112762,-2.421695913,17.46829449,85.5
210.098,-1.170112762,-2.421695913,17.46210599,85.6
210.11,-1.170112762,-2.388739366,17.56210599,85.5
210.123,-1.170112762,-2.388739366,17.55591748,85.6
210.136,-1.16968352,-2.388739366,17.56210599,85.5
210.148,-1.16968352,-2.388739366,17.56210599,85.5
210.161,-1.170112762,-2.388739366,17.56829449,85.4
210.174,-1.16968352,-2.388739366,17.57971806,85.6
210.187,-1.170112762,-2.388739366,17.56829449,85.4
210.199,-1.16968352,-2.388739366,17.45591748,85.7
210.212,-1.170112762,-2.421695913,17.46829449,85.5
210.225,-1.170112762,-2.388739366,17.46210599,85.6
210.237,-1.170112762,-2.388739366,17.474483,85.4
210.25,-1.16968352,-2.388739366,17.48590657,85.6
210.263,-1.170112762,-2.388739366,17.46829449,85.5
210.275,-1.170112762,-2.388739366,17.46829449,85.5
210.288,-1.170971245,-2.388739366,17.46829449,85.5
210.301,-1.170112762,-2.388739366,17.49209508,85.5
210.314,-1.170112762,-2.421695913,17.46829449,85.5
210.326,-1.170112762,-2.388739366,17.36829449,85.6
210.339,-1.170112762,-2.388739366,17.36829449,85.6
210.352,-1.170112762,-2.388739366,17.46829449,85.5
210.364,-1.170112762,-2.388739366,17.46210599,85.6
210.377,-1.170112762,-2.388739366,17.49209508,85.5
210.39,-1.170112762,-2.388739366,17.57971806,85.6
210.402,-1.170112762,-2.388739366,17.59209508,85.4
210.415,-1.170112762,-2.388739366,17.55591748,85.6
210.428,-1.170112762,-2.421695913,17.46829449,85.5
210.441,-1.170112762,-2.421695913,17.56210599,85.5
210.453,-1.170971245,-2.421695913,17.56829449,85.4
210.466,-1.170112762,-2.421695913,17.46210599,85.6
210.479,-1.170112762,-2.388739366,17.46829449,85.5
210.491,-1.170112762,-2.388739366,17.46210599,85.6
210.504,-1.170971245,-2.388739366,17.46829449,85.5
210.517,-1.170112762,-2.388739366,17.46210599,85.6
210.53,-1.170971245,-2.388739366,17.49209508,85.5
210.542,-1.170112762,-2.388739366,17.49209508,85.5
210.555,-1.170112762,-2.388739366,17.49209508,85.5
210.568,-1.170112762,-2.388739366,17.46829449,85.5
210.58,-1.170112762,-2.421695913,17.46210599,85.6
210.593,-1.170112762,-2.388739366,17.46829449,85.5
210.606,-1.170112762,-2.388739366,17.46829449,85.5
210.618,-1.16968352,-2.388739366,17.49209508,85.5
210.631,-1.170112762,-2.388739366,17.48590657,85.6
210.644,-1.170112762,-2.388739366,17.49209508,85.5
210.657,-1.170112762,-2.388739366,17.46829449,85.5
210.669,-1.170112762,-2.388739366,17.46829449,85.5
210.682,-1.170112762,-2.388739366,17.46210599,85.6
210.695,-1.170112762,-2.388739366,17.56210599,85.5
210.707,-1.170971245,-2.388739366,17.65591748,85.5
210.72,-1.170112762,-2.388739366,17.56829449,85.4
210.733,-1.170112762,-2.388739366,17.46829449,85.5
210.745,-1.170112762,-2.388739366,17.46829449,85.5
210.758,-1.170112762,-2.388739366,17.58590657,85.5
210.771,-1.170112762,-2.388739366,17.48590657,85.6
210.784,-1.170112762,-2.388739366,17.48590657,85.6
210.796,-1.170112762,-2.388739366,17.46829449,85.5
210.809,-1.170112762,-2.388739366,17.49209508,85.5
210.822,-1.170112762,-2.388739366,17.46829449,85.5
210.834,-1.170112762,-2.388739366,17.46829449,85.5
210.847,-1.170112762,-2.388739366,17.46829449,85.5
210.86,-1.170112762,-2.388739366,17.46210599,85.6
210.873,-1.170112762,-2.388739366,17.46829449,85.5
210.885,-1.16968352,-2.388739366,17.48590657,85.6
210.898,-1.170112762,-2.388739366,17.46829449,85.5
210.911,-1.16968352,-2.388739366,17.46829449,85.5
210.923,-1.170112762,-2.388739366,17.46829449,85.5
210.936,-1.16968352,-2.388739366,17.46210599,85.6
210.949,-1.170112762,-2.421695913,17.56210599,85.5
210.961,-1.16968352,-2.388739366,17.55591748,85.6
210.974,-1.170112762,-2.388739366,17.56829449,85.4
210.987,-1.170112762,-2.388739366,17.48590657,85.6
211,-1.170112762,-2.388739366,17.49209508,85.5
211.012,-1.170112762,-2.388739366,17.56210599,85.5
211.025,-1.170112762,-2.388739366,17.46829449,85.5
211.038,-1.170112762,-2.388739366,17.46210599,85.6
211.05,-1.170112762,-2.388739366,17.46210599,85.6
211.063,-1.170112762,-2.421695913,17.56210599,85.5
211.076,-1.170112762,-2.388739366,17.46210599,85.6
211.089,-1.170112762,-2.421695913,17.46829449,85.5
211.101,-1.170112762,-2.388739366,17.48590657,85.6
211.114,-1.170112762,-2.388739366,17.46829449,85.5
211.127,-1.16968352,-2.388739366,17.46210599,85.6
211.139,-1.170112762,-2.421695913,17.46829449,85.5
211.152,-1.16968352,-2.421695913,17.46210599,85.6
211.165,-1.170112762,-2.421695913,17.474483,85.4
211.177,-1.170112762,-2.388739366,17.46210599,85.6
211.19,-1.170112762,-2.388739366,17.474483,85.4
211.203,-1.170112762,-2.388739366,17.46210599,85.6
211.216,-1.170112762,-2.388739366,17.46829449,85.5
211.228,-1.170112762,-2.388739366,17.58590657,85.5
211.241,-1.170112762,-2.388739366,17.56210599,85.5
211.254,-1.170112762,-2.388739366,17.55591748,85.6
211.266,-1.170112762,-2.388739366,17.56210599,85.5
211.279,-1.170112762,-2.421695913,17.56210599,85.5
211.292,-1.170112762,-2.388739366,17.56210599,85.5
211.304,-1.16968352,-2.388739366,17.56210599,85.5
211.317,-1.16968352,-2.388739366,17.56210599,85.5
211.33,-1.16968352,-2.388739366,17.46829449,85.5
211.343,-1.16968352,-2.388739366,17.46210599,85.6
211.355,-1.170112762,-2.388739366,17.49209508,85.5
211.368,-1.170112762,-2.421695913,17.46210599,85.6
211.381,-1.170112762,-2.388739366,17.474483,85.4
211.393,-1.170112762,-2.388739366,17.46210599,85.6
211.406,-1.170112762,-2.388739366,17.49828358,85.4
211.419,-1.170112762,-2.388739366,17.49209508,85.5
211.431,-1.170971245,-2.388739366,17.46829449,85.5
211.444,-1.170112762,-2.388739366,17.46210599,85.6
211.457,-1.170971245,-2.388739366,17.46829449,85.5
211.47,-1.170112762,-2.388739366,17.46829449,85.5
211.482,-1.170112762,-2.388739366,17.46829449,85.5
211.495,-1.170112762,-2.421695913,17.46829449,85.5
211.508,-1.170112762,-2.421695913,17.49209508,85.5
211.52,-1.170112762,-2.421695913,17.36829449,85.6
211.533,-1.170112762,-2.421695913,17.36829449,85.6
211.546,-1.170112762,-2.388739366,17.46829449,85.5
211.559,-1.170112762,-2.421695913,17.46829449,85.5
211.571,-1.170112762,-2.421695913,17.56210599,85.5
211.584,-1.170112762,-2.388739366,17.55591748,85.6
211.597,-1.170112762,-2.388739366,17.56210599,85.5
211.609,-1.170112762,-2.388739366,17.56210599,85.5
211.622,-1.170112762,-2.388739366,17.56210599,85.5
211.635,-1.170112762,-2.388739366,17.55591748,85.6
211.647,-1.170112762,-2.388739366,17.56210599,85.5
211.66,-1.170971245,-2.388739366,17.58590657,85.5
211.673,-1.170112762,-2.388739366,17.56829449,85.4
211.686,-1.170112762,-2.388739366,17.49209508,85.5
211.698,-1.170971245,-2.388739366,17.46829449,85.5
211.711,-1.170971245,-2.388739366,17.46829449,85.5
211.724,-1.170112762,-2.388739366,17.46210599,85.6
211.736,-1.170112762,-2.388739366,17.46210599,85.6
211.749,-1.170112762,-2.388739366,17.46829449,85.5
211.762,-1.170112762,-2.388739366,17.49209508,85.5
211.775,-1.170112762,-2.421695913,17.49209508,85.5
211.787,-1.16968352,-2.421695913,17.49209508,85.5
211.8,-1.170112762,-2.388739366,17.49209508,85.5
211.813,-1.16968352,-2.388739366,17.48590657,85.6
211.825,-1.170112762,-2.388739366,17.46829449,85.5
211.838,-1.16968352,-2.388739366,17.48590657,85.6
211.851,-1.170112762,-2.388739366,17.46829449,85.5
211.863,-1.170112762,-2.388739366,17.46210599,85.6
211.876,-1.170112762,-2.388739366,17.46829449,85.5
211.889,-1.16968352,-2.388739366,17.46829449,85.5
211.902,-1.170112762,-2.388739366,17.59209508,85.4
211.914,-1.16968352,-2.388739366,17.57971806,85.6
211.927,-1.170112762,-2.388739366,17.56210599,85.5
211.94,-1.170112762,-2.388739366,17.46210599,85.6
211.952,-1.170112762,-2.388739366,17.46829449,85.5
211.965,-1.170112762,-2.388739366,17.48590657,85.6
211.978,-1.170971245,-2.388739366,17.46829449,85.5
211.99,-1.170112762,-2.388739366,17.48590657,85.6
212.003,-1.170112762,-2.388739366,17.49209508,85.5
212.016,-1.170971245,-2.388739366,17.46210599,85.6
212.029,-1.170112762,-2.388739366,17.46829449,85.5
212.041,-1.170112762,-2.388739366,17.46829449,85.5
212.054,-1.16968352,-2.388739366,17.56210599,85.5
212.067,-1.170112762,-2.388739366,17.49209508,85.5
212.079,-1.170112762,-2.388739366,17.46210599,85.6
212.092,-1.170112762,-2.388739366,17.46829449,85.5
212.105,-1.16968352,-2.421695913,17.46210599,85.6
212.117,-1.170112762,-2.421695913,17.46829449,85.5
212.13,-1.16968352,-2.388739366,17.46210599,85.6
212.143,-1.170112762,-2.388739366,17.474483,85.4
212.156,-1.16968352,-2.388739366,17.56210599,85.5
212.168,-1.170112762,-2.388739366,17.56829449,85.4
212.181,-1.170112762,-2.388739366,17.55591748,85.6
212.194,-1.170112762,-2.388739366,17.46829449,85.5
212.206,-1.170112762,-2.388739366,17.46210599,85.6
212.219,-1.170112762,-2.388739366,17.56210599,85.5
212.232,-1.170112762,-2.388739366,17.46210599,85.6
212.245,-1.170112762,-2.388739366,17.56210599,85.5
212.257,-1.170112762,-2.388739366,17.49209508,85.5
212.27,-1.170112762,-2.388739366,17.46829449,85.5
212.283,-1.16968352,-2.421695913,17.56829449,85.4
212.295,-1.16968352,-2.421695913,17.46210599,85.6
212.308,-1.170112762,-2.388739366,17.46829449,85.5
212.321,-1.170112762,-2.388739366,17.46210599,85.6
212.333,-1.170971245,-2.388739366,17.474483,85.4
212.346,-1.170971245,-2.388739366,17.46829449,85.5
212.359,-1.170971245,-2.388739366,17.474483,85.4
212.372,-1.170112762,-2.388739366,17.46829449,85.5
212.384,-1.170971245,-2.388739366,17.474483,85.4
212.397,-1.170112762,-2.388739366,17.46829449,85.5
212.41,-1.170971245,-2.388739366,17.46829449,85.5
212.422,-1.170112762,-2.388739366,17.46829449,85.5
212.435,-1.170112762,-2.388739366,17.48590657,85.6
212.448,-1.170112762,-2.388739366,17.56210599,85.5
212.46,-1.170112762,-2.388739366,17.56210599,85.5
212.473,-1.16968352,-2.388739366,17.56210599,85.5
212.486,-1.170112762,-2.388739366,17.65591748,85.5
212.499,-1.170112762,-2.388739366,17.66210599,85.4
212.511,-1.170112762,-2.388739366,17.55591748,85.6
212.524,-1.170112762,-2.388739366,17.56829449,85.4
212.537,-1.170112762,-2.388739366,17.56210599,85.5
212.549,-1.16968352,-2.388739366,17.56829449,85.4
212.562,-1.170112762,-2.388739366,17.46210599,85.6
212.575,-1.170112762,-2.388739366,17.46829449,85.5
212.588,-1.170112762,-2.388739366,17.46210599,85.6
212.6,-1.170112762,-2.388739366,17.46829449,85.5
212.613,-1.170112762,-2.388739366,17.46829449,85.5
212.626,-1.170971245,-2.388739366,17.46829449,85.5
212.638,-1.170971245,-2.388739366,17.46829449,85.5
212.651,-1.170971245,-2.388739366,17.46829449,85.5
212.664,-1.170112762,-2.388739366,17.46829449,85.5
212.676,-1.170971245,-2.388739366,17.46829449,85.5
212.689,-1.170971245,-2.388739366,17.46829449,85.5
212.702,-1.170971245,-2.388739366,17.36829449,85.6
212.715,-1.170112762,-2.388739366,17.374483,85.5
212.727,-1.170971245,-2.388739366,17.46829449,85.5
212.74,-1.170112762,-2.421695913,17.46829449,85.5
212.753,-1.170112762,-2.421695913,17.56210599,85.5
212.765,-1.16968352,-2.388739366,17.66210599,85.4
212.778,-1.170112762,-2.388739366,17.56210599,85.5
212.791,-1.170112762,-2.388739366,17.56210599,85.5
212.803,-1.170112762,-2.388739366,17.56210599,85.5
212.816,-1.16968352,-2.388739366,17.56210599,85.5
212.829,-1.170112762,-2.388739366,17.56210599,85.5
212.842,-1.16968352,-2.388739366,17.56210599,85.5
212.854,-1.170112762,-2.388739366,17.56829449,85.4
212.867,-1.16968352,-2.388739366,17.56210599,85.5
212.88,-1.170112762,-2.388739366,17.46829449,85.5
212.892,-1.170112762,-2.421695913,17.46210599,85.6
212.905,-1.170112762,-2.388739366,17.46829449,85.5
212.918,-1.170112762,-2.388739366,17.46210599,85.6
212.931,-1.170971245,-2.388739366,17.46829449,85.5
212.943,-1.170112762,-2.388739366,17.46829449,85.5
212.956,-1.170112762,-2.388739366,17.46829449,85.5
212.969,-1.170112762,-2.388739366,17.46829449,85.5
212.981,-1.170112762,-2.388739366,17.46829449,85.5
212.994,-1.170112762,-2.388739366,17.49209508,85.5
213.007,-1.170112762,-2.388739366,17.46210599,85.6
213.019,-1.170112762,-2.388739366,17.46829449,85.5
213.032,-1.170112762,-2.388739366,17.46829449,85.5
213.045,-1.170112762,-2.388739366,17.46829449,85.5
213.058,-1.16968352,-2.388739366,17.46210599,85.6
213.07,-1.170112762,-2.388739366,17.46829449,85.5
213.083,-1.170112762,-2.388739366,17.48590657,85.6
213.096,-1.170971245,-2.388739366,17.474483,85.4
213.108,-1.170112762,-2.388739366,17.46829449,85.5
213.121,-1.170971245,-2.388739366,17.56829449,85.4
213.134,-1.170112762,-2.388739366,17.56210599,85.5
213.146,-1.170112762,-2.388739366,17.56210599,85.5
213.159,-1.170112762,-2.421695913,17.46829449,85.5
213.172,-1.170112762,-2.388739366,17.46210599,85.6
213.185,-1.170112762,-2.388739366,17.46829449,85.5
213.197,-1.170112762,-2.388739366,17.46210599,85.6
213.21,-1.170112762,-2.388739366,17.46829449,85.5
213.223,-1.170112762,-2.388739366,17.46829449,85.5
213.235,-1.170112762,-2.388739366,17.474483,85.4
213.248,-1.170112762,-2.388739366,17.48590657,85.6
213.261,-1.170112762,-2.388739366,17.49209508,85.5
213.274,-1.170112762,-2.388739366,17.46210599,85.6
213.286,-1.170112762,-2.421695913,17.474483,85.4
213.299,-1.170112762,-2.421695913,17.46210599,85.6
213.312,-1.170971245,-2.421695913,17.474483,85.4
213.324,-1.170112762,-2.421695913,17.49209508,85.5
213.337,-1.170971245,-2.388739366,17.474483,85.4
213.35,-1.170112762,-2.388739366,17.46829449,85.5
213.362,-1.170971245,-2.388739366,17.46829449,85.5
213.375,-1.170112762,-2.388739366,17.46210599,85.6
213.388,-1.170112762,-2.388739366,17.58590657,85.5
213.401,-1.170112762,-2.388739366,17.56829449,85.4
213.413,-1.170112762,-2.388739366,17.58590657,85.5
213.426,-1.16968352,-2.388739366,17.56829449,85.4
213.439,-1.170112762,-2.421695913,17.56210599,85.5
213.451,-1.170112762,-2.421695913,17.56829449,85.4
213.464,-1.170112762,-2.421695913,17.56210599,85.5
213.477,-1.170112762,-2.388739366,17.46829449,85.5
213.489,-1.170112762,-2.388739366,17.46210599,85.6
213.502,-1.170112762,-2.388739366,17.46829449,85.5
213.515,-1.170112762,-2.388739366,17.48590657,85.6
213.528,-1.170112762,-2.388739366,17.474483,85.4
213.54,-1.170112762,-2.388739366,17.46210599,85.6
213.553,-1.170112762,-2.388739366,17.46829449,85.5
213.566,-1.170112762,-2.388739366,17.46210599,85.6
213.578,-1.170112762,-2.388739366,17.46829449,85.5
213.591,-1.170112762,-2.388739366,17.46210599,85.6
213.604,-1.170112762,-2.388739366,17.46829449,85.5
213.617,-1.170971245,-2.388739366,17.46829449,85.5
213.629,-1.170971245,-2.388739366,17.46829449,85.5
213.642,-1.170971245,-2.388739366,17.46829449,85.5
213.655,-1.170971245,-2.388739366,17.46829449,85.5
213.667,-1.170112762,-2.388739366,17.46829449,85.5
213.68,-1.170971245,-2.388739366,17.46829449,85.5
213.693,-1.170112762,-2.388739366,17.46210599,85.6
213.705,-1.170971245,-2.388739366,17.56210599,85.5
213.718,-1.170112762,-2.388739366,17.56210599,85.5
213.731,-1.170112762,-2.388739366,17.56210599,85.5
213.744,-1.170112762,-2.388739366,17.56210599,85.5
213.756,-1.170112762,-2.421695913,17.56210599,85.5
213.769,-1.170112762,-2.388739366,17.56210599,85.5
213.782,-1.170112762,-2.421695913,17.56210599,85.5
213.794,-1.170112762,-2.421695913,17.56210599,85.5
213.807,-1.170112762,-2.421695913,17.56210599,85.5
213.82,-1.16968352,-2.421695913,17.56210599,85.5
213.832,-1.170112762,-2.421695913,17.56210599,85.5
213.845,-1.170112762,-2.421695913,17.46210599,85.6
213.858,-1.170112762,-2.421695913,17.46210599,85.6
213.871,-1.170112762,-2.421695913,17.46210599,85.6
213.883,-1.170112762,-2.388739366,17.46829449,85.5
213.896,-1.170112762,-2.388739366,17.46829449,85.5
213.909,-1.170112762,-2.388739366,17.49209508,85.5
213.921,-1.170112762,-2.388739366,17.46829449,85.5
213.934,-1.16968352,-2.421695913,17.48590657,85.6
213.947,-1.170112762,-2.388739366,17.49209508,85.5
213.96,-1.16968352,-2.388739366,17.46210599,85.6
213.972,-1.170112762,-2.388739366,17.46829449,85.5
213.985,-1.170112762,-2.388739366,17.46210599,85.6
213.998,-1.170112762,-2.388739366,17.46829449,85.5
214.01,-1.170112762,-2.388739366,17.46210599,85.6
214.023,-1.170971245,-2.388739366,17.56829449,85.4
214.036,-1.170112762,-2.388739366,17.67352955,85.6
214.048,-1.170971245,-2.388739366,17.58590657,85.5
214.061,-1.170112762,-2.388739366,17.55591748,85.6
214.074,-1.170971245,-2.388739366,17.56829449,85.4
214.087,-1.170112762,-2.388739366,17.56210599,85.5
214.099,-1.170971245,-2.388739366,17.56829449,85.4
214.112,-1.170112762,-2.388739366,17.56210599,85.5
214.125,-1.170112762,-2.421695913,17.56210599,85.5
214.137,-1.170112762,-2.388739366,17.56210599,85.5
